subject,condition,trial,meanAmplitude,Alpha_bandPower,Beta_bandPower,Delta_bandPower,Theta_bandPower,Alpha_bandITPC,Beta_bandITPC,Delta_bandITPC,Theta_bandITPC
2,a50_an,1,0.03742707234443087,16.90830230738003,2.513286440325682,7.032496951689649,31.27647888091719,0.19622474059576975,0.17652701836235501,0.23703928907337446,0.24203014855155233
2,a50_an,2,0.13752102541166863,0.4394279255349093,0.7641147248593473,0.14500795902491692,0.5080785232122959,0.19622474059576975,0.17652701836235501,0.23703928907337446,0.24203014855155233
2,a50_an,3,-0.03196819578743568,0.6073898741336782,0.7182408345844048,0.4628601258678602,0.6862023559681828,0.19622474059576975,0.17652701836235501,0.23703928907337446,0.24203014855155233
2,a50_an,4,0.017588343882323488,0.4203142843999663,0.4127731348536115,2.346884512909444,0.4090452097732954,0.19622474059576975,0.17652701836235501,0.23703928907337446,0.24203014855155233
2,a50_an,5,0.1459754732940413,0.7949411227421909,1.1522948273585294,0.22287943440314414,0.9562643544426064,0.19622474059576975,0.17652701836235501,0.23703928907337446,0.24203014855155233
2,a50_an,6,0.22732456988164385,1.7747365178896872,0.45931336491681074,3.007323645939225,2.257237935200421,0.19622474059576975,0.17652701836235501,0.23703928907337446,0.24203014855155233
2,a50_an,7,-0.13945324515432472,0.8290366173605684,1.3841037342448954,0.51108379757071,1.4194333221173734,0.19622474059576975,0.17652701836235501,0.23703928907337446,0.24203014855155233
2,a50_an,8,-0.1357101524287346,0.6721907079981658,0.2644917526937583,0.6424100330032243,1.1292655163720184,0.19622474059576975,0.17652701836235501,0.23703928907337446,0.24203014855155233
2,a50_an,9,0.006900902512276336,0.12021778884993074,0.14373482661224896,0.4624319761815623,0.39986657165649925,0.19622474059576975,0.17652701836235501,0.23703928907337446,0.24203014855155233
2,a50_an,10,0.19326210420231726,1.5394310280601151,0.8406074099923357,7.2491572700810245,1.5677788062673765,0.19622474059576975,0.17652701836235501,0.23703928907337446,0.24203014855155233
2,a50_an,11,0.1392566844162585,2.502663163951384,0.7056598681505094,1.435951494605952,1.760978712266511,0.19622474059576975,0.17652701836235501,0.23703928907337446,0.24203014855155233
2,a50_an,12,0.24739162864439893,0.8375160078380769,0.254748474292208,1.173446364729773,2.2240554220208146,0.19622474059576975,0.17652701836235501,0.23703928907337446,0.24203014855155233
2,a50_an,13,0.14506448669654143,0.384231599834082,0.48631987153744966,0.4611645151605967,0.2003787461603098,0.19622474059576975,0.17652701836235501,0.23703928907337446,0.24203014855155233
2,a50_an,14,0.24010937150985281,0.17633784706524316,0.12681581117770468,0.5951375409016882,0.4636401862400647,0.19622474059576975,0.17652701836235501,0.23703928907337446,0.24203014855155233
2,a50_an,15,0.02343986260257632,0.15929990351021833,0.569670276170963,0.48203659686464073,0.3985250540386726,0.19622474059576975,0.17652701836235501,0.23703928907337446,0.24203014855155233
2,a50_an,16,0.059508483970398235,0.9060185667111487,0.47035759506894803,1.0248501855572698,1.1653839634602976,0.19622474059576975,0.17652701836235501,0.23703928907337446,0.24203014855155233
2,a50_an,17,0.14174787239741238,0.5778534584327538,0.4378015575707486,1.9496629266914047,0.1465909545555459,0.19622474059576975,0.17652701836235501,0.23703928907337446,0.24203014855155233
2,a50_an,18,-0.009865442880594513,0.3257467926499454,0.4029120375529964,4.849673411092748,1.0739621338148224,0.19622474059576975,0.17652701836235501,0.23703928907337446,0.24203014855155233
2,a50_an,19,0.14230034706897368,1.002975807238255,1.7775193245138847,2.198938173158212,0.643299424938772,0.19622474059576975,0.17652701836235501,0.23703928907337446,0.24203014855155233
2,a50_an,20,-0.18780239109026803,0.35933917252134595,0.1662719140694294,0.6053778824709733,0.2562026177478787,0.19622474059576975,0.17652701836235501,0.23703928907337446,0.24203014855155233
2,a50_an,21,0.086662259959563,0.5259207241157423,0.5693978589228256,0.17811732718478654,0.6373012654129817,0.19622474059576975,0.17652701836235501,0.23703928907337446,0.24203014855155233
2,a50_an,22,-0.09755482523046292,0.46934146598679954,0.213390023960747,0.5682922139482806,0.2983101809285437,0.19622474059576975,0.17652701836235501,0.23703928907337446,0.24203014855155233
2,a50_an,23,-0.34949819477211086,0.46992737555092573,0.8908149386398554,3.1392161139278607,2.5016125733953927,0.19622474059576975,0.17652701836235501,0.23703928907337446,0.24203014855155233
2,a50_an,24,0.0379726551340565,0.9236342195508368,2.6076050742969494,21.253192878631143,4.218218544958241,0.19622474059576975,0.17652701836235501,0.23703928907337446,0.24203014855155233
2,a50_an,25,-0.11213307780159437,0.798350177085223,1.0757627384991675,1.1755769593580905,1.4856051606183907,0.19622474059576975,0.17652701836235501,0.23703928907337446,0.24203014855155233
2,a50_an,26,0.18312028151778603,2.0559155945187206,1.0189484419235404,3.203343764738841,0.49102461854760915,0.19622474059576975,0.17652701836235501,0.23703928907337446,0.24203014855155233
2,a50_an,27,-0.02668071363783271,0.7180990489949636,0.36984853899218534,0.4600451295795971,0.5745084279443307,0.19622474059576975,0.17652701836235501,0.23703928907337446,0.24203014855155233
2,a50_an,28,-0.039999008314205164,0.6346562135149838,0.4851072595283834,1.3186341445710572,1.045363810951489,0.19622474059576975,0.17652701836235501,0.23703928907337446,0.24203014855155233
2,a50_an,29,0.2978222604122627,0.8189005096824689,1.336047784066615,0.28071338862763795,0.1624844360563847,0.19622474059576975,0.17652701836235501,0.23703928907337446,0.24203014855155233
2,a50_an,30,0.046721024187560876,2.634347739184056,1.0213594949898894,12.119483977060089,3.540917432777903,0.19622474059576975,0.17652701836235501,0.23703928907337446,0.24203014855155233
2,a75_an,1,0.17532820491710824,0.5003202831603264,0.1326269947229949,1.752372872024808,0.6229416701506265,0.3265293900654912,0.3221161273493394,0.22819439665152494,0.3195096712240729
2,a75_an,2,0.11405625144765207,0.48884764684494236,0.5053526904471243,0.2578890468559795,0.7273936313357575,0.3265293900654912,0.3221161273493394,0.22819439665152494,0.3195096712240729
2,a75_an,3,-0.13824970192902797,0.7503074395532363,0.9375206544430628,2.9373804877306173,1.1460574677298725,0.3265293900654912,0.3221161273493394,0.22819439665152494,0.3195096712240729
2,a75_an,4,-0.07552096210499445,0.2864200373794315,1.393583785864595,0.3830655946588222,0.2677433138103,0.3265293900654912,0.3221161273493394,0.22819439665152494,0.3195096712240729
2,a75_an,5,0.10415560414328329,0.29277164690381907,0.4582954718135649,0.8323574120997679,0.25639080119381497,0.3265293900654912,0.3221161273493394,0.22819439665152494,0.3195096712240729
2,a75_an,6,0.011206488671401293,1.7035830964231538,1.0813402097619962,1.0105212997394943,0.7844628040546731,0.3265293900654912,0.3221161273493394,0.22819439665152494,0.3195096712240729
2,a75_an,7,-0.01986557888396182,1.9957135060584295,0.9441607242392157,4.1129229040489586,1.6172699821062748,0.3265293900654912,0.3221161273493394,0.22819439665152494,0.3195096712240729
2,a75_an,8,-0.05068296215484529,0.23427398062303045,0.6174321810275154,1.5514061013797518,1.5328672330232251,0.3265293900654912,0.3221161273493394,0.22819439665152494,0.3195096712240729
2,a75_an,9,-0.10355844727077852,0.6412497512269443,0.6809965035094296,1.2008086075062399,0.7609343188037901,0.3265293900654912,0.3221161273493394,0.22819439665152494,0.3195096712240729
2,a75_an,10,-0.029170489276655585,2.3560292989830485,1.6235105565990282,8.423715800820272,2.377799168376204,0.3265293900654912,0.3221161273493394,0.22819439665152494,0.3195096712240729
2,a75_an,11,0.1589583983560489,0.23355889652391462,0.5172180639808694,0.744510631594784,0.7426910200776453,0.3265293900654912,0.3221161273493394,0.22819439665152494,0.3195096712240729
2,a75_an,12,0.33232969490375674,1.6820574773164154,1.2909966909698218,1.8233413885165186,1.5144981129558914,0.3265293900654912,0.3221161273493394,0.22819439665152494,0.3195096712240729
2,a75_an,13,-0.04390407604186815,0.9486074484167559,0.30754182169523814,0.4945514294075599,0.6158994826019538,0.3265293900654912,0.3221161273493394,0.22819439665152494,0.3195096712240729
2,a75_an,14,-0.017494353621891775,0.28350667843221455,0.6542083749099947,0.3493283635780836,0.2813419094401258,0.3265293900654912,0.3221161273493394,0.22819439665152494,0.3195096712240729
2,a75_an,15,-0.047112193297793245,1.677101838582734,0.5048257342989476,9.61596051701959,3.537485177152656,0.3265293900654912,0.3221161273493394,0.22819439665152494,0.3195096712240729
3,a50_an,1,-0.03758549321475161,5.201444737458334,6.777751539427461,6.184907806805067,2.028745024488755,0.21087368651223837,0.19872141684127506,0.3360285139421175,0.18194098578353296
3,a50_an,2,0.16808373959078615,2.1332962897046377,1.237441423686009,6.167126352385176,2.8369019525635593,0.21087368651223837,0.19872141684127506,0.3360285139421175,0.18194098578353296
3,a50_an,3,0.11292109889291851,13.132715534625781,3.66307074085361,9.24883805119658,8.030829590198199,0.21087368651223837,0.19872141684127506,0.3360285139421175,0.18194098578353296
3,a50_an,4,-0.0576672910307025,11.432758123366016,3.900786344363936,8.734010166444168,12.09390910118602,0.21087368651223837,0.19872141684127506,0.3360285139421175,0.18194098578353296
3,a50_an,5,-0.1365782107788117,2.2683363791741336,3.745636259990946,1.9714945670042008,1.4085206679303663,0.21087368651223837,0.19872141684127506,0.3360285139421175,0.18194098578353296
3,a50_an,6,0.30600232977471015,3.480198962355309,0.8883227835295694,10.827369985036798,3.3181224630422617,0.21087368651223837,0.19872141684127506,0.3360285139421175,0.18194098578353296
3,a50_an,7,0.40771559155823517,0.2183626796883337,0.3839619585871944,0.8133160289681137,1.1436550822529024,0.21087368651223837,0.19872141684127506,0.3360285139421175,0.18194098578353296
3,a50_an,8,0.5581485693255888,5.444685099493344,2.3045851332124,1.6696656778637327,1.9187953094666244,0.21087368651223837,0.19872141684127506,0.3360285139421175,0.18194098578353296
3,a50_an,9,0.12287322699677626,0.6148355702879016,1.0775453575960714,7.00138197586828,1.9237202138024476,0.21087368651223837,0.19872141684127506,0.3360285139421175,0.18194098578353296
3,a50_an,10,0.6141746939323361,0.7698722782117757,2.19931135168158,2.6213591304314847,2.671721249840661,0.21087368651223837,0.19872141684127506,0.3360285139421175,0.18194098578353296
3,a50_an,11,0.39523191192471757,4.2721302412798146,1.244942136966056,1.6223628822242584,2.5243128964972033,0.21087368651223837,0.19872141684127506,0.3360285139421175,0.18194098578353296
3,a50_an,12,0.7345058337563928,2.393812100512481,1.6084933085544035,15.965470697813874,8.272151583816802,0.21087368651223837,0.19872141684127506,0.3360285139421175,0.18194098578353296
3,a50_an,13,0.5609802605282233,0.48345524751122826,0.3931357601291331,10.075664883683652,1.5516163365607358,0.21087368651223837,0.19872141684127506,0.3360285139421175,0.18194098578353296
3,a50_an,14,0.42110613750398235,8.379337581661158,5.041722735860826,60.509151831519496,24.070755810388224,0.21087368651223837,0.19872141684127506,0.3360285139421175,0.18194098578353296
3,a50_an,15,0.20064120914317154,5.091771490440527,3.3004762525342084,35.867007023627224,5.267575758657868,0.21087368651223837,0.19872141684127506,0.3360285139421175,0.18194098578353296
3,a50_an,16,0.49139208369797355,1.9913108410843032,1.8742607608705673,7.70550010500941,3.277952677499232,0.21087368651223837,0.19872141684127506,0.3360285139421175,0.18194098578353296
3,a50_an,17,0.14243821924881697,1.8333435880517714,0.7516077558683224,5.779647025657642,1.5956900366499638,0.21087368651223837,0.19872141684127506,0.3360285139421175,0.18194098578353296
3,a50_an,18,0.1641427968374963,5.792253270851632,2.1995401660889033,7.779506961373984,6.549204942526791,0.21087368651223837,0.19872141684127506,0.3360285139421175,0.18194098578353296
3,a50_an,19,0.21101683929015966,4.527670075501817,2.2657795157921203,1.6294591897555495,6.4341297302452976,0.21087368651223837,0.19872141684127506,0.3360285139421175,0.18194098578353296
3,a50_an,20,0.21873891852018537,0.6546131373836074,1.5597205003206323,14.61832855867072,4.934205895222197,0.21087368651223837,0.19872141684127506,0.3360285139421175,0.18194098578353296
3,a50_an,21,0.39085994602278523,4.320898068150157,2.746857494722238,1.2293547647862888,0.7597346931693086,0.21087368651223837,0.19872141684127506,0.3360285139421175,0.18194098578353296
3,a50_an,22,0.8049581203436152,5.574617437617202,2.9152004829043414,4.020567403947194,6.603084992263037,0.21087368651223837,0.19872141684127506,0.3360285139421175,0.18194098578353296
3,a50_an,23,0.09499061209575091,11.506761320014588,9.348393874338658,7.059088917058185,6.313398357025115,0.21087368651223837,0.19872141684127506,0.3360285139421175,0.18194098578353296
3,a50_an,24,0.145798070261145,2.569527348994684,0.5099148023452121,28.101062192395595,8.30113887420052,0.21087368651223837,0.19872141684127506,0.3360285139421175,0.18194098578353296
3,a50_an,25,0.6365345206295219,6.0038268900600995,2.510775835116168,17.986198794243016,15.220702978428998,0.21087368651223837,0.19872141684127506,0.3360285139421175,0.18194098578353296
3,a50_an,26,0.5136364995492093,5.16551223225151,5.099943369672878,5.638771948472264,5.976626057880308,0.21087368651223837,0.19872141684127506,0.3360285139421175,0.18194098578353296
3,a50_an,27,0.7805988782083372,0.8617919305988444,1.1194382286239497,0.6481905998705692,0.9778010976037242,0.21087368651223837,0.19872141684127506,0.3360285139421175,0.18194098578353296
3,a50_an,28,0.07522269351655754,3.4146298656337453,2.2078458195941226,1.1697967920498722,3.357389732394226,0.21087368651223837,0.19872141684127506,0.3360285139421175,0.18194098578353296
3,a50_an,29,0.12887768283525936,2.128849054183327,2.418741740152501,7.535148958729334,2.457307704001564,0.21087368651223837,0.19872141684127506,0.3360285139421175,0.18194098578353296
3,a50_an,30,0.011278432108681066,2.23079807066229,1.3877029447398765,0.5043508733302805,1.76655225444783,0.21087368651223837,0.19872141684127506,0.3360285139421175,0.18194098578353296
3,a75_an,1,-0.01339691239580279,2.454768776969616,2.1314738930322195,2.6422349879923237,4.840876834567503,0.1435348105619634,0.290869835024896,0.20281161952691062,0.156863907769125
3,a75_an,2,0.3088905762596132,2.613880229998882,1.3436589117274782,6.105163136158983,2.23244547156361,0.1435348105619634,0.290869835024896,0.20281161952691062,0.156863907769125
3,a75_an,3,-0.47794556416605677,10.962062348557415,4.374716056899967,36.54961899808796,44.77113772443761,0.1435348105619634,0.290869835024896,0.20281161952691062,0.156863907769125
3,a75_an,4,0.41157808151585146,2.001912834029027,0.850704805446866,4.61033068684188,1.636577892729206,0.1435348105619634,0.290869835024896,0.20281161952691062,0.156863907769125
3,a75_an,5,-0.6116929320634048,2.588113573686312,0.964772619143344,19.079886723125423,4.749503753471657,0.1435348105619634,0.290869835024896,0.20281161952691062,0.156863907769125
3,a75_an,6,-0.5457095254031912,1.6671933029545591,3.0901367964268003,27.22456580920563,12.869464460164792,0.1435348105619634,0.290869835024896,0.20281161952691062,0.156863907769125
3,a75_an,7,-0.43208348325407964,1.9477222846558822,1.820134007582645,15.74602125461538,9.984086153961782,0.1435348105619634,0.290869835024896,0.20281161952691062,0.156863907769125
3,a75_an,8,-0.3510445932521154,3.3280468574708237,2.024945482137706,2.068335338527039,4.2942466764651375,0.1435348105619634,0.290869835024896,0.20281161952691062,0.156863907769125
3,a75_an,9,-0.1515933124995076,1.5507738209759683,0.7446619752614615,4.026196791922333,2.7205651204336996,0.1435348105619634,0.290869835024896,0.20281161952691062,0.156863907769125
3,a75_an,11,0.06316419178331266,37.34876263566796,6.75534470991667,24.974185409274398,13.844526421262968,0.1435348105619634,0.290869835024896,0.20281161952691062,0.156863907769125
3,a75_an,12,0.12772465110084677,6.683229335252033,0.7153459070813502,2.2103380081760484,3.470142502465478,0.1435348105619634,0.290869835024896,0.20281161952691062,0.156863907769125
3,a75_an,13,0.08537359688924251,1.99817275291651,1.3199771913363616,3.336844308399929,2.780553321536486,0.1435348105619634,0.290869835024896,0.20281161952691062,0.156863907769125
3,a75_an,14,-0.03581583106482961,3.0020306923676836,1.6216167530104857,2.5246653020263956,2.0129882307762608,0.1435348105619634,0.290869835024896,0.20281161952691062,0.156863907769125
3,a75_an,15,0.034852335980982384,5.528388848821224,2.1454726114085423,20.784015521146856,13.681606811459618,0.1435348105619634,0.290869835024896,0.20281161952691062,0.156863907769125
4,a50_an,1,-0.6010857698459513,3.9962238197413913,3.2196349522283065,6.879120653498626,5.927014246032771,0.14048023623115685,0.2278648113226943,0.23789962072553583,0.09507681153772585
4,a50_an,2,-0.12557717461823162,1.8992632951490611,11.420818762632528,3.0260511677142365,2.218454995389225,0.14048023623115685,0.2278648113226943,0.23789962072553583,0.09507681153772585
4,a50_an,3,0.11960284400617233,1.3966176102402335,2.862113303335829,10.727001696335801,1.928180260831631,0.14048023623115685,0.2278648113226943,0.23789962072553583,0.09507681153772585
4,a50_an,4,0.15582057043440128,22.178236840049415,12.474242224968279,15.408726184717334,10.795670164198084,0.14048023623115685,0.2278648113226943,0.23789962072553583,0.09507681153772585
4,a50_an,5,-0.5854414834014785,4.32847395235727,1.927940670349765,25.29736310448562,13.720295932050606,0.14048023623115685,0.2278648113226943,0.23789962072553583,0.09507681153772585
4,a50_an,6,-0.17552174213567948,4.528062033000026,2.994321575943553,118.62104290577187,14.70602586990662,0.14048023623115685,0.2278648113226943,0.23789962072553583,0.09507681153772585
4,a50_an,7,-0.20556066914347554,0.5926905282463241,6.810749346753781,19.597190534270236,7.62195327506776,0.14048023623115685,0.2278648113226943,0.23789962072553583,0.09507681153772585
4,a50_an,8,-0.44047797757899565,13.239149430565506,4.911202062968352,133.68394017968004,38.59811429890208,0.14048023623115685,0.2278648113226943,0.23789962072553583,0.09507681153772585
4,a50_an,9,0.11040967161014936,11.698072276492397,3.233287345024261,15.909413631588754,20.07523786109049,0.14048023623115685,0.2278648113226943,0.23789962072553583,0.09507681153772585
4,a50_an,10,0.12313348150350886,4.482670593806295,2.806097700863881,7.385916596565179,8.779978132304809,0.14048023623115685,0.2278648113226943,0.23789962072553583,0.09507681153772585
4,a50_an,11,-0.21778958182569877,8.299011559095977,2.0957075098414006,4.04599662232813,8.731998861928975,0.14048023623115685,0.2278648113226943,0.23789962072553583,0.09507681153772585
4,a50_an,13,0.455646063641088,9.938319665034284,5.242858128071571,5.863034620970111,3.147133243425805,0.14048023623115685,0.2278648113226943,0.23789962072553583,0.09507681153772585
4,a50_an,14,0.3681589163810285,1.8855056940388155,4.166711230643968,4.8092463363493865,2.8207248465893335,0.14048023623115685,0.2278648113226943,0.23789962072553583,0.09507681153772585
4,a50_an,15,-0.052475591471127014,3.51048694060094,14.712638849667382,17.719307220336013,9.600334954725339,0.14048023623115685,0.2278648113226943,0.23789962072553583,0.09507681153772585
4,a50_an,16,1.3361567383980266,7.600399632515726,12.657889299049065,126.62114411461243,40.53045025322154,0.14048023623115685,0.2278648113226943,0.23789962072553583,0.09507681153772585
4,a50_an,17,0.7274828166862504,11.53378510331403,2.8518293153237333,13.158020527856893,15.499589507153079,0.14048023623115685,0.2278648113226943,0.23789962072553583,0.09507681153772585
4,a50_an,18,0.3689622598932382,5.944286057876682,4.525951865931638,20.951012465993127,7.496275547535749,0.14048023623115685,0.2278648113226943,0.23789962072553583,0.09507681153772585
4,a50_an,19,0.04998544889380827,1.9261828426096015,3.530203583439777,3.48926371081166,1.7709229154896722,0.14048023623115685,0.2278648113226943,0.23789962072553583,0.09507681153772585
4,a50_an,20,-0.13674491205311107,0.7880695046030854,2.6728074079531106,2.9573385504585303,2.709462299663254,0.14048023623115685,0.2278648113226943,0.23789962072553583,0.09507681153772585
4,a50_an,21,0.663805791146093,1.4003916388042246,4.082420988112204,41.082210289216086,6.079368173634564,0.14048023623115685,0.2278648113226943,0.23789962072553583,0.09507681153772585
4,a50_an,22,0.310548265003024,9.354013268170148,6.651527363856434,24.01309076780513,13.104029058499616,0.14048023623115685,0.2278648113226943,0.23789962072553583,0.09507681153772585
4,a50_an,23,1.2081839992295893,6.294500821092697,33.33054886903067,17.168464436541058,3.224330649870184,0.14048023623115685,0.2278648113226943,0.23789962072553583,0.09507681153772585
4,a50_an,24,0.6063116028310891,5.3939434301841205,5.376666482483141,20.39454681406542,11.143541059447484,0.14048023623115685,0.2278648113226943,0.23789962072553583,0.09507681153772585
4,a50_an,25,0.010592763419005728,2.28635458913357,2.7824431382426793,4.911448786526675,2.9553853887417416,0.14048023623115685,0.2278648113226943,0.23789962072553583,0.09507681153772585
4,a50_an,26,0.1162843869016363,2.4591208994386675,2.6642058994923477,3.270475307501548,4.555783509449686,0.14048023623115685,0.2278648113226943,0.23789962072553583,0.09507681153772585
4,a50_an,27,0.18995933915539376,9.375745954967444,3.948979735502258,37.31038184302251,8.56494925962231,0.14048023623115685,0.2278648113226943,0.23789962072553583,0.09507681153772585
4,a50_an,28,-0.6042808079425287,20.531959599208502,21.496564360142134,30.81757919175846,12.496714952528526,0.14048023623115685,0.2278648113226943,0.23789962072553583,0.09507681153772585
4,a50_an,29,0.1361953756374029,4.0034963524280585,4.147841095061318,12.900045883204804,4.8515365324659605,0.14048023623115685,0.2278648113226943,0.23789962072553583,0.09507681153772585
4,a50_an,30,-0.46365229635519356,3.2538996475836925,2.1881646469692244,7.4187062315590175,1.8656597991128574,0.14048023623115685,0.2278648113226943,0.23789962072553583,0.09507681153772585
4,a75_an,2,-0.2644350566589214,4.3875805769849485,2.8568571744006936,4.988669687086179,9.292482492233244,0.34683649849691656,0.3576934800253798,0.1364255727528819,0.19536389442362057
4,a75_an,3,-0.1009312883900558,14.006877692621492,6.32948006832961,6.245156051316954,13.785828588918953,0.34683649849691656,0.3576934800253798,0.1364255727528819,0.19536389442362057
4,a75_an,4,-0.6380913697661076,1.122754706016871,0.6492236192602495,10.270611127270929,4.714025757738657,0.34683649849691656,0.3576934800253798,0.1364255727528819,0.19536389442362057
4,a75_an,5,0.48011476008948384,1.10973003124609,1.9528738594155064,18.756381273139542,8.955395888744631,0.34683649849691656,0.3576934800253798,0.1364255727528819,0.19536389442362057
4,a75_an,6,0.26790233559321325,3.695102012020083,3.122209795864533,3.9457683756442172,4.013754039198887,0.34683649849691656,0.3576934800253798,0.1364255727528819,0.19536389442362057
4,a75_an,7,0.21725446924892133,2.817270500767239,6.279669806850323,14.475381852013564,3.543107174311487,0.34683649849691656,0.3576934800253798,0.1364255727528819,0.19536389442362057
4,a75_an,8,0.5200321564120327,3.8942692779610977,2.047282120576237,13.505458705476233,5.603510115071182,0.34683649849691656,0.3576934800253798,0.1364255727528819,0.19536389442362057
4,a75_an,9,0.39973047913878856,10.223014407015974,4.704258468819278,32.385866117774164,9.357145875902345,0.34683649849691656,0.3576934800253798,0.1364255727528819,0.19536389442362057
4,a75_an,10,-0.05209317804431077,8.575637830551564,3.9986206422318626,38.80935293451634,13.17097996205974,0.34683649849691656,0.3576934800253798,0.1364255727528819,0.19536389442362057
4,a75_an,11,0.3212906609675709,24.21864729016447,9.08616380062339,5.929283383747483,27.583011294351067,0.34683649849691656,0.3576934800253798,0.1364255727528819,0.19536389442362057
4,a75_an,12,-0.38929192433496074,3.5612564167667387,2.0073182398206657,18.084197966670015,3.357141825498986,0.34683649849691656,0.3576934800253798,0.1364255727528819,0.19536389442362057
4,a75_an,13,-0.04624859814092235,9.298801840416152,6.545467972832769,15.36892672029949,3.06688699768357,0.34683649849691656,0.3576934800253798,0.1364255727528819,0.19536389442362057
4,a75_an,14,0.15014033019115683,2.6352205807082223,2.529142826316652,14.588917903708392,1.2947237848203985,0.34683649849691656,0.3576934800253798,0.1364255727528819,0.19536389442362057
4,a75_an,15,0.11926540899954324,8.9677139701987,4.316953346699524,3.5484099825369646,7.130241952397491,0.34683649849691656,0.3576934800253798,0.1364255727528819,0.19536389442362057
5,a50_an,1,0.21631090131155528,0.286856057259969,0.26097329129670266,1.2949578668473334,0.786421880088049,0.305991658991883,0.25303951444743655,0.37749108014854843,0.18527310379106512
5,a50_an,2,0.1208987551734212,0.6377237240327692,0.4576839546088355,1.8359470402253115,0.4924497929486208,0.305991658991883,0.25303951444743655,0.37749108014854843,0.18527310379106512
5,a50_an,3,-0.10185959807035626,0.22775196669211584,0.10575971391738007,0.5980574102771875,0.4802060596322403,0.305991658991883,0.25303951444743655,0.37749108014854843,0.18527310379106512
5,a50_an,4,-0.09287417190707119,0.7430106567674984,0.1920811037507733,0.8664465007927271,1.4406568963671735,0.305991658991883,0.25303951444743655,0.37749108014854843,0.18527310379106512
5,a50_an,5,0.010193947487140208,1.8452737142427365,0.20526776955210446,0.05113992083620803,0.6298413036790289,0.305991658991883,0.25303951444743655,0.37749108014854843,0.18527310379106512
5,a50_an,6,-0.0930719169097502,0.40364298732615994,0.10447852841625338,1.43838162042868,1.524867803909304,0.305991658991883,0.25303951444743655,0.37749108014854843,0.18527310379106512
5,a50_an,7,-0.02062508342960357,0.14470292501302381,0.1299945350491615,0.07823919057248009,0.05378575226372737,0.305991658991883,0.25303951444743655,0.37749108014854843,0.18527310379106512
5,a50_an,8,-0.04749937800884906,0.08436255197081201,0.07172640324253303,1.1551063402779247,0.2322036853843953,0.305991658991883,0.25303951444743655,0.37749108014854843,0.18527310379106512
5,a50_an,9,0.05539418205599778,0.8710928406923591,0.5401457666354339,1.0236789798914783,0.3740307425216702,0.305991658991883,0.25303951444743655,0.37749108014854843,0.18527310379106512
5,a50_an,10,0.15693763911635394,0.07964879619157737,0.3462196284837799,0.19694365747501158,0.4175359742879112,0.305991658991883,0.25303951444743655,0.37749108014854843,0.18527310379106512
5,a50_an,11,0.05179637035506657,0.47568677366724893,0.43672255054631137,5.065368068852276,3.150839701931453,0.305991658991883,0.25303951444743655,0.37749108014854843,0.18527310379106512
5,a50_an,12,0.05789147255932375,0.24076666494568896,0.39608723226697634,0.857135877568988,1.1633170369808188,0.305991658991883,0.25303951444743655,0.37749108014854843,0.18527310379106512
5,a50_an,13,-0.1719296592127853,1.158188632972884,0.39181810794272787,0.230001497466518,0.11017681871952612,0.305991658991883,0.25303951444743655,0.37749108014854843,0.18527310379106512
5,a50_an,14,-0.06030473793374363,0.19138841724830918,0.06394493793685006,2.846947431941469,0.5362588204998129,0.305991658991883,0.25303951444743655,0.37749108014854843,0.18527310379106512
5,a50_an,15,-0.02423595670085281,1.9775833852002618,0.21701458491770026,0.5193612215178975,0.4183689743093151,0.305991658991883,0.25303951444743655,0.37749108014854843,0.18527310379106512
5,a50_an,17,0.21350708026622958,0.3881246622354277,0.36067281169060333,0.046406980626609265,0.3359592335205084,0.305991658991883,0.25303951444743655,0.37749108014854843,0.18527310379106512
5,a50_an,18,-0.0039856720522866455,0.07091931181814588,0.05850591638774503,0.14642870264427427,0.10625995824048655,0.305991658991883,0.25303951444743655,0.37749108014854843,0.18527310379106512
5,a50_an,19,0.03136999446529595,0.05488441211410034,0.12829625787218712,0.9840177069824114,0.29749067820029385,0.305991658991883,0.25303951444743655,0.37749108014854843,0.18527310379106512
5,a50_an,20,0.003698914702476173,0.7288231025414562,0.7601275787998861,0.6937623753075697,1.4442594658130814,0.305991658991883,0.25303951444743655,0.37749108014854843,0.18527310379106512
5,a50_an,21,-0.17531496368544205,0.32059445088005567,0.3782461543806263,0.13980099362742873,0.3562239660219206,0.305991658991883,0.25303951444743655,0.37749108014854843,0.18527310379106512
5,a50_an,22,-0.12681625608621894,0.7742751113723327,0.386962450450933,0.7006456277036396,0.7193751692554142,0.305991658991883,0.25303951444743655,0.37749108014854843,0.18527310379106512
5,a50_an,23,0.0373714313099291,0.6420018090671898,0.1659759156741142,0.6082587597794381,1.1170894134730662,0.305991658991883,0.25303951444743655,0.37749108014854843,0.18527310379106512
5,a50_an,24,0.0385752082413802,0.20202956874107783,0.5319832969884866,0.587190268115167,0.3118038233651654,0.305991658991883,0.25303951444743655,0.37749108014854843,0.18527310379106512
5,a50_an,25,-0.14524621760151474,0.5376294500933292,0.2975763403729129,0.4990635597702408,0.45011600994964523,0.305991658991883,0.25303951444743655,0.37749108014854843,0.18527310379106512
5,a50_an,26,-0.10336696144225865,0.17208363124684775,0.346982194478131,2.5192262700373114,0.2632945934010392,0.305991658991883,0.25303951444743655,0.37749108014854843,0.18527310379106512
5,a50_an,27,0.07791961829539464,0.12401593554921576,0.13665086446294092,1.1574576979622104,0.2994704198329351,0.305991658991883,0.25303951444743655,0.37749108014854843,0.18527310379106512
5,a50_an,28,-0.014764463270595728,0.0975726216135337,0.11566902526561013,0.48357720985280694,0.46546898979191853,0.305991658991883,0.25303951444743655,0.37749108014854843,0.18527310379106512
5,a50_an,29,0.042921364359102016,0.31004758508363867,0.2016115698131069,0.11958336894261096,0.22336620242925656,0.305991658991883,0.25303951444743655,0.37749108014854843,0.18527310379106512
5,a50_an,30,0.17086292326912822,3.794199890643094,0.3905975373255457,9.00691585904519,5.8882008670193,0.305991658991883,0.25303951444743655,0.37749108014854843,0.18527310379106512
5,a75_an,1,-0.019265652610672486,0.31340771515615035,0.29628434349356836,1.1498025912099834,0.48704133090845325,0.29599606350293295,0.26455217530090525,0.39719312257168915,0.2736260115585737
5,a75_an,2,-0.08171123454694211,0.9846854526740149,0.3965846365560278,1.811338393279818,1.605550999228748,0.29599606350293295,0.26455217530090525,0.39719312257168915,0.2736260115585737
5,a75_an,3,-0.07732335550893343,0.17152819874074782,0.12945534033566666,0.5891964999519389,0.4937836763252719,0.29599606350293295,0.26455217530090525,0.39719312257168915,0.2736260115585737
5,a75_an,4,0.1490955577211226,0.18394788146629987,0.27769688494051126,0.12741465014937936,0.09091620577766858,0.29599606350293295,0.26455217530090525,0.39719312257168915,0.2736260115585737
5,a75_an,5,0.002214619293431619,0.9946751370455581,0.48354293523335795,0.16849761611244626,0.2013936937604135,0.29599606350293295,0.26455217530090525,0.39719312257168915,0.2736260115585737
5,a75_an,6,0.027186431489949935,0.06498795945112983,0.23519262189620704,0.1659617668408915,0.08644836477669812,0.29599606350293295,0.26455217530090525,0.39719312257168915,0.2736260115585737
5,a75_an,7,-0.002771302051657914,0.7194801927702046,0.9345222899270252,1.8794488697693237,0.8139065731683409,0.29599606350293295,0.26455217530090525,0.39719312257168915,0.2736260115585737
5,a75_an,8,0.1064899449834927,0.9939963354320953,1.0166179772744077,0.6225272536174218,0.8879492402881184,0.29599606350293295,0.26455217530090525,0.39719312257168915,0.2736260115585737
5,a75_an,9,0.2606052130862017,4.085138642147067,0.775408939260697,0.8458060911890882,2.2084309761037644,0.29599606350293295,0.26455217530090525,0.39719312257168915,0.2736260115585737
5,a75_an,10,-0.08970467200297208,0.8445094007268885,0.4567079746696107,0.8574950689164388,0.5098254323347579,0.29599606350293295,0.26455217530090525,0.39719312257168915,0.2736260115585737
5,a75_an,11,-0.08133227800057469,0.7639690659829383,0.37896835241876414,2.3351586303922542,2.252026639867116,0.29599606350293295,0.26455217530090525,0.39719312257168915,0.2736260115585737
5,a75_an,12,-0.17920471713597733,0.8475887797512581,0.41945106357378475,1.9281265425840055,1.0006713490058319,0.29599606350293295,0.26455217530090525,0.39719312257168915,0.2736260115585737
5,a75_an,13,0.032401236563925594,0.5058522523726662,0.1585469204112249,0.42921114214126366,1.099156725099184,0.29599606350293295,0.26455217530090525,0.39719312257168915,0.2736260115585737
5,a75_an,14,-0.0032064955848474077,0.788732238769989,0.42625911604881633,0.37463061901403333,0.20922723542596341,0.29599606350293295,0.26455217530090525,0.39719312257168915,0.2736260115585737
5,a75_an,15,0.19311866849395956,0.6702827336124504,0.18314634555723952,0.0923331992178748,0.11763165042678228,0.29599606350293295,0.26455217530090525,0.39719312257168915,0.2736260115585737
6,a50_an,1,-0.31713017649402037,5.769810793881522,3.3756226363603266,3.2903883451528193,5.0172064348029135,0.22255804662553172,0.22250506088688826,0.23382003845860352,0.2501385952390329
6,a50_an,2,0.06234257967451787,0.15880644887994477,0.5446484381886947,0.36986682409403504,0.5573826625487435,0.22255804662553172,0.22250506088688826,0.23382003845860352,0.2501385952390329
6,a50_an,3,-0.05069515614410922,1.7107372703463148,2.8542042082108448,2.1221031949940596,1.4809082285509485,0.22255804662553172,0.22250506088688826,0.23382003845860352,0.2501385952390329
6,a50_an,4,-0.02906442231544945,1.1449957825027133,1.6498951755119522,3.084106215765151,1.4996645384349618,0.22255804662553172,0.22250506088688826,0.23382003845860352,0.2501385952390329
6,a50_an,5,-0.15711739504710748,0.5756339386603156,1.9881545277082977,2.235744380214256,3.479262792277482,0.22255804662553172,0.22250506088688826,0.23382003845860352,0.2501385952390329
6,a50_an,6,-0.5350790446283741,0.7265871420838661,0.8200406770565285,1.6852752473704369,0.9176240698360879,0.22255804662553172,0.22250506088688826,0.23382003845860352,0.2501385952390329
6,a50_an,7,-0.2706851453697256,0.1673891180393898,1.2284922785926011,0.2829513580548495,0.2669825292681442,0.22255804662553172,0.22250506088688826,0.23382003845860352,0.2501385952390329
6,a50_an,8,0.4228565241722297,1.5098975238974608,0.9518193681718462,1.9614226435873765,0.9618535491045913,0.22255804662553172,0.22250506088688826,0.23382003845860352,0.2501385952390329
6,a50_an,9,-0.7186749338201881,1.5079079415139813,1.284619480075183,15.305756104888241,9.687622380110485,0.22255804662553172,0.22250506088688826,0.23382003845860352,0.2501385952390329
6,a50_an,10,0.3602221865579306,0.31794484563890696,1.054028370166916,2.4470497246957685,0.7161609247667937,0.22255804662553172,0.22250506088688826,0.23382003845860352,0.2501385952390329
6,a50_an,11,0.5178316751044566,1.324177267230613,0.7599106959501178,10.485673034741366,2.4971459506772073,0.22255804662553172,0.22250506088688826,0.23382003845860352,0.2501385952390329
6,a50_an,12,-0.1538871739361886,1.6726236069452276,0.6490599601383507,3.308813220863594,1.0596505216329903,0.22255804662553172,0.22250506088688826,0.23382003845860352,0.2501385952390329
6,a50_an,13,0.3009549141056517,0.28909392476319257,0.40437349448119725,4.707525804169804,1.4842375899090203,0.22255804662553172,0.22250506088688826,0.23382003845860352,0.2501385952390329
6,a50_an,14,-0.41004501514835373,0.2837320218967973,0.4057467248127785,0.8094712190592487,1.0746036213516845,0.22255804662553172,0.22250506088688826,0.23382003845860352,0.2501385952390329
6,a50_an,15,-0.32761760744521007,1.4954738907808545,2.1308989189097516,9.436055574919013,1.816492497881871,0.22255804662553172,0.22250506088688826,0.23382003845860352,0.2501385952390329
6,a50_an,16,0.11069540945129488,0.9064087193383146,0.23274836897317774,0.07598290809491788,0.27122862122893915,0.22255804662553172,0.22250506088688826,0.23382003845860352,0.2501385952390329
6,a50_an,17,0.3338465378905098,1.6714234807969117,2.663491829845049,4.825845982735661,5.1807182035823525,0.22255804662553172,0.22250506088688826,0.23382003845860352,0.2501385952390329
6,a50_an,18,0.12110354690244936,2.436397396233201,1.719122315891245,6.227940688378701,3.6475264391908184,0.22255804662553172,0.22250506088688826,0.23382003845860352,0.2501385952390329
6,a50_an,19,-0.15804144550140584,0.8198011228029836,0.603021790061448,0.9814792192725923,1.7100041201413547,0.22255804662553172,0.22250506088688826,0.23382003845860352,0.2501385952390329
6,a50_an,20,0.15870290547281113,0.7812538486523041,0.575043373915006,1.6454051720931435,0.4705212691831116,0.22255804662553172,0.22250506088688826,0.23382003845860352,0.2501385952390329
6,a50_an,21,0.1559592575486688,1.1476559567356208,0.7874845690046722,1.0001255577525754,1.6796415103729863,0.22255804662553172,0.22250506088688826,0.23382003845860352,0.2501385952390329
6,a50_an,22,-0.18245053237357203,0.38939458102125313,0.3073864261246997,0.6078670128190136,1.1104220731926182,0.22255804662553172,0.22250506088688826,0.23382003845860352,0.2501385952390329
6,a50_an,23,-0.13281154209493584,1.541547211061281,0.9530910081795995,5.09275875861342,1.5495937577830203,0.22255804662553172,0.22250506088688826,0.23382003845860352,0.2501385952390329
6,a50_an,24,0.11414367419863643,0.4839500080510718,0.7976760906089135,1.5792295872014106,0.48699279015876495,0.22255804662553172,0.22250506088688826,0.23382003845860352,0.2501385952390329
6,a50_an,25,-0.1546107548903398,2.225508881157648,1.983651055238646,2.080174664840089,5.2807209511092,0.22255804662553172,0.22250506088688826,0.23382003845860352,0.2501385952390329
6,a50_an,26,0.09653879283438295,3.0470222188681384,1.2107892091892714,1.3688233530612564,2.9538043494009805,0.22255804662553172,0.22250506088688826,0.23382003845860352,0.2501385952390329
6,a50_an,27,0.09865211805547586,2.2338169462169613,0.885135093532402,5.673371320123336,1.7567185632906892,0.22255804662553172,0.22250506088688826,0.23382003845860352,0.2501385952390329
6,a50_an,28,0.35682013766285026,1.6677021170694506,2.213171919229806,5.090303076854293,4.679647338906215,0.22255804662553172,0.22250506088688826,0.23382003845860352,0.2501385952390329
6,a50_an,29,0.020901930293103627,1.2420398910256918,1.1530897262017978,0.5965508058330101,0.8472185239346681,0.22255804662553172,0.22250506088688826,0.23382003845860352,0.2501385952390329
6,a50_an,30,0.25144939764040913,7.651136528784085,3.33084058282984,9.70443387667751,3.4264025756303127,0.22255804662553172,0.22250506088688826,0.23382003845860352,0.2501385952390329
6,a75_an,1,0.16824933410744808,1.2078124303964222,1.3316978656432972,3.434889983692438,2.0839320822142717,0.18730018218294697,0.3403323111954924,0.20824722232435278,0.12349805234120502
6,a75_an,2,0.5237840694449941,1.6960834184428912,1.905558773909704,15.348582428433932,5.277330110331157,0.18730018218294697,0.3403323111954924,0.20824722232435278,0.12349805234120502
6,a75_an,3,-0.3904353089417783,0.6869572610938197,2.4569117155322737,4.820350270029415,2.4785507567746046,0.18730018218294697,0.3403323111954924,0.20824722232435278,0.12349805234120502
6,a75_an,4,-0.23063535511255626,3.2103748874632116,1.3625043514000899,0.935359328751285,2.842876948295539,0.18730018218294697,0.3403323111954924,0.20824722232435278,0.12349805234120502
6,a75_an,5,0.028794272310784567,3.3495375852013196,2.558762597308531,17.937830575892594,3.373396436787491,0.18730018218294697,0.3403323111954924,0.20824722232435278,0.12349805234120502
6,a75_an,6,0.06736335041837757,1.5440472833244647,1.8630966636394957,0.6722254160515969,4.410362852136516,0.18730018218294697,0.3403323111954924,0.20824722232435278,0.12349805234120502
6,a75_an,7,0.09305632751960603,2.1045442654219837,0.7143992847460418,1.5294056061285397,0.9776028300170124,0.18730018218294697,0.3403323111954924,0.20824722232435278,0.12349805234120502
6,a75_an,8,0.08869200135811377,3.5391613929846253,0.8864685946654812,3.0323624344256372,2.0343131189381225,0.18730018218294697,0.3403323111954924,0.20824722232435278,0.12349805234120502
6,a75_an,9,0.31512446851559706,7.674968409640858,3.7980740295385766,3.9304779462399746,1.1837194584758919,0.18730018218294697,0.3403323111954924,0.20824722232435278,0.12349805234120502
6,a75_an,10,0.41960737522553165,0.20429879042669263,0.36799813589145225,7.60594630364104,1.940643224304905,0.18730018218294697,0.3403323111954924,0.20824722232435278,0.12349805234120502
6,a75_an,11,0.28387402351864205,3.9042459836989836,2.6414717889817867,5.075051833023021,3.999162543962552,0.18730018218294697,0.3403323111954924,0.20824722232435278,0.12349805234120502
6,a75_an,12,-0.09606100427916225,1.046080086472563,1.4921070585270697,0.22272490134593484,0.27798077184251135,0.18730018218294697,0.3403323111954924,0.20824722232435278,0.12349805234120502
6,a75_an,13,-0.04516429329254031,1.4314645393647456,1.6471742276833126,1.4755780772851228,2.9620324087469396,0.18730018218294697,0.3403323111954924,0.20824722232435278,0.12349805234120502
6,a75_an,14,-0.12941309221665745,3.645411297877209,1.5052696006883053,3.0089331150769842,6.531095980667157,0.18730018218294697,0.3403323111954924,0.20824722232435278,0.12349805234120502
6,a75_an,15,0.5087775508090103,4.128927234887468,3.226780225666509,7.545149608269802,6.370676158216872,0.18730018218294697,0.3403323111954924,0.20824722232435278,0.12349805234120502
7,a50_an,1,-0.051367938865579395,0.49960255759663713,0.5065614347540892,4.107742246468921,2.5458155710133137,0.3019685804563577,0.14975780566663668,0.14893829200291275,0.12588397961603834
7,a50_an,2,-0.19080668804457987,2.258829033993126,3.1115767531819265,13.835441265337627,4.66044789623077,0.3019685804563577,0.14975780566663668,0.14893829200291275,0.12588397961603834
7,a50_an,3,0.19075857581611783,4.126009702202657,2.744875754344913,3.2734864942691906,3.653106368042332,0.3019685804563577,0.14975780566663668,0.14893829200291275,0.12588397961603834
7,a50_an,4,-0.1495299548195166,0.32525728894872846,1.1637612894994804,7.622982205625699,1.797805244469321,0.3019685804563577,0.14975780566663668,0.14893829200291275,0.12588397961603834
7,a50_an,5,0.29695613019045675,0.625424060887791,0.173570739415876,0.5771339031210111,1.1901930195760206,0.3019685804563577,0.14975780566663668,0.14893829200291275,0.12588397961603834
7,a50_an,6,-0.0997756132575236,9.42991602788379,1.1664816459000573,1.6833128246120386,2.6552180863716233,0.3019685804563577,0.14975780566663668,0.14893829200291275,0.12588397961603834
7,a50_an,7,0.15001728628893723,2.2618886011521466,1.1988560753946726,20.113861236552328,7.37529007917935,0.3019685804563577,0.14975780566663668,0.14893829200291275,0.12588397961603834
7,a50_an,8,-0.25226505356714946,1.0821989080697516,2.0483238876514185,5.042453618494715,2.3305812752814687,0.3019685804563577,0.14975780566663668,0.14893829200291275,0.12588397961603834
7,a50_an,9,0.16801477960028255,0.991000599263221,0.850759263117394,5.742150731601957,2.639054222423619,0.3019685804563577,0.14975780566663668,0.14893829200291275,0.12588397961603834
7,a50_an,10,0.2757210796865482,1.578392351739877,1.245409232981226,2.148141174725299,1.1971657611657995,0.3019685804563577,0.14975780566663668,0.14893829200291275,0.12588397961603834
7,a50_an,11,0.3396713573001979,1.6702013901866106,1.089121923469004,0.7289900059029518,1.3703191556479999,0.3019685804563577,0.14975780566663668,0.14893829200291275,0.12588397961603834
7,a50_an,13,0.30853043402348834,2.8881456899414366,0.9260369706369075,2.9464522471822625,5.541243694780565,0.3019685804563577,0.14975780566663668,0.14893829200291275,0.12588397961603834
7,a50_an,14,0.4330909185914758,4.810801572812902,2.5033053898737245,0.45659072487815144,1.6528891596960351,0.3019685804563577,0.14975780566663668,0.14893829200291275,0.12588397961603834
7,a50_an,15,0.04605016178861683,1.248578068190692,0.8712207621985278,0.5494266365314139,1.2304167900545218,0.3019685804563577,0.14975780566663668,0.14893829200291275,0.12588397961603834
7,a50_an,16,0.3615889235419704,8.244870009171821,2.350644448829236,4.000828586449914,4.012417386090917,0.3019685804563577,0.14975780566663668,0.14893829200291275,0.12588397961603834
7,a50_an,17,0.050459929202421705,2.0688266185948074,0.8339029458515262,0.7501189257579255,1.4829374142258167,0.3019685804563577,0.14975780566663668,0.14893829200291275,0.12588397961603834
7,a50_an,18,0.3064617227689014,1.0363482237233625,1.2572252626537068,2.799039452833782,1.4454058476290312,0.3019685804563577,0.14975780566663668,0.14893829200291275,0.12588397961603834
7,a50_an,19,0.26860252628285525,2.971670801194515,0.9682397169014959,0.9908266943831145,0.7001122856287298,0.3019685804563577,0.14975780566663668,0.14893829200291275,0.12588397961603834
7,a50_an,20,0.13161359788916596,0.45259522385194617,0.48412289014297605,1.4868671554241375,1.3711162338494565,0.3019685804563577,0.14975780566663668,0.14893829200291275,0.12588397961603834
7,a50_an,21,-0.16553887317596178,2.3175503491616527,1.0491533090814855,2.8482674657951654,2.588359834852998,0.3019685804563577,0.14975780566663668,0.14893829200291275,0.12588397961603834
7,a50_an,22,0.1532692172106893,1.1270623589112363,0.32575247624880693,1.262493962154475,0.7072543306404943,0.3019685804563577,0.14975780566663668,0.14893829200291275,0.12588397961603834
7,a50_an,23,-0.3121917144262333,0.4904801195932416,0.6500199383668004,4.238284182344206,1.1351419314371511,0.3019685804563577,0.14975780566663668,0.14893829200291275,0.12588397961603834
7,a50_an,24,0.4722863083344439,1.321451620572042,0.9576439017744849,3.2004515697708062,1.2812441148576688,0.3019685804563577,0.14975780566663668,0.14893829200291275,0.12588397961603834
7,a50_an,25,-0.20996855708621348,2.0343590063786796,1.9868609298734685,0.7518454861174615,0.8383829416755942,0.3019685804563577,0.14975780566663668,0.14893829200291275,0.12588397961603834
7,a50_an,26,0.02796748831219931,2.8976805179097647,1.3890523379877362,2.400478554767549,1.1133371202353477,0.3019685804563577,0.14975780566663668,0.14893829200291275,0.12588397961603834
7,a50_an,27,-0.07501565571141296,0.8524914934483669,0.8094823979404955,6.135525203456776,1.6913584951195122,0.3019685804563577,0.14975780566663668,0.14893829200291275,0.12588397961603834
7,a50_an,28,0.1068244749028193,2.676730502892473,2.4135730169848326,2.2430287974375496,2.5028510707639002,0.3019685804563577,0.14975780566663668,0.14893829200291275,0.12588397961603834
7,a50_an,29,0.21678197960803142,1.4047564737450353,1.8467921785350416,2.0990839096893747,0.5420319530483017,0.3019685804563577,0.14975780566663668,0.14893829200291275,0.12588397961603834
7,a50_an,30,0.38207231924136037,2.4875740460469,1.6189957095397796,0.3642245925598227,1.2299165537530465,0.3019685804563577,0.14975780566663668,0.14893829200291275,0.12588397961603834
7,a75_an,1,-0.04417341471603906,2.0449064515265363,1.398309226000787,0.21050212747541255,0.6609385478617817,0.24432922487442907,0.2658988914341264,0.28500674020401123,0.23204795279332202
7,a75_an,2,-0.02839080419101798,0.1935787081014398,0.8686160579864168,0.798016586247377,0.5689094365236543,0.24432922487442907,0.2658988914341264,0.28500674020401123,0.23204795279332202
7,a75_an,3,-0.28531066373010894,4.08287001124879,2.168597369169393,115.95389880260902,9.334615079735917,0.24432922487442907,0.2658988914341264,0.28500674020401123,0.23204795279332202
7,a75_an,4,0.3476955876708267,0.1701267646561027,0.7144307682878354,4.205748848489402,1.8024507162098458,0.24432922487442907,0.2658988914341264,0.28500674020401123,0.23204795279332202
7,a75_an,5,0.4271272347194618,3.7188036500960537,1.4708768330368447,2.440274070943966,2.161046591582567,0.24432922487442907,0.2658988914341264,0.28500674020401123,0.23204795279332202
7,a75_an,6,0.1628211897499395,1.5376666336590143,1.6208210215919865,5.495589029382984,3.3527199819719473,0.24432922487442907,0.2658988914341264,0.28500674020401123,0.23204795279332202
7,a75_an,7,-0.04308142450830959,10.00327136598355,1.588550525487054,0.5702295333742141,9.108133590193457,0.24432922487442907,0.2658988914341264,0.28500674020401123,0.23204795279332202
7,a75_an,9,-0.03516389502589134,2.2729733529435814,0.3893002515399166,2.40855174514057,1.0597260261786388,0.24432922487442907,0.2658988914341264,0.28500674020401123,0.23204795279332202
7,a75_an,10,0.3551866915919822,8.947383375971782,5.807568627261639,1.7374668180829584,5.253929526998657,0.24432922487442907,0.2658988914341264,0.28500674020401123,0.23204795279332202
7,a75_an,11,0.40985913897011955,13.163266230746451,1.4706199039551264,11.040248306904672,15.232852047766062,0.24432922487442907,0.2658988914341264,0.28500674020401123,0.23204795279332202
7,a75_an,12,-0.0566740677206239,1.5188257248762564,0.4267528009275638,7.345039829379081,5.812866641208918,0.24432922487442907,0.2658988914341264,0.28500674020401123,0.23204795279332202
7,a75_an,13,0.09029219569197464,1.583147921512668,1.4109417337243428,1.5434347200467873,1.3325330104302027,0.24432922487442907,0.2658988914341264,0.28500674020401123,0.23204795279332202
7,a75_an,15,-0.1523298915169013,1.217557597233808,0.7610418994426115,0.7224707769286453,1.6617230460187138,0.24432922487442907,0.2658988914341264,0.28500674020401123,0.23204795279332202
8,a50_an,1,0.029948851297501595,3.3167708218092824,0.384446416266744,0.10904265912876213,0.26404212481050887,0.10266767343770161,0.1438479032980718,0.189423574725219,0.11351305142507287
8,a50_an,2,0.04537463062394176,1.2151431578233178,0.5885710002023004,0.35615243453384754,0.7460285634087955,0.10266767343770161,0.1438479032980718,0.189423574725219,0.11351305142507287
8,a50_an,3,0.0860925108647994,1.3907892305998772,0.23547507125981565,4.5893288458928705,1.2635643525873497,0.10266767343770161,0.1438479032980718,0.189423574725219,0.11351305142507287
8,a50_an,4,0.11395345665326992,0.5461778934408638,0.40425022124844634,1.1531850034683844,0.26043681012282316,0.10266767343770161,0.1438479032980718,0.189423574725219,0.11351305142507287
8,a50_an,5,-0.05099249784997331,0.5596508889013952,0.2686112897111657,0.37342914274917954,0.5280519423692974,0.10266767343770161,0.1438479032980718,0.189423574725219,0.11351305142507287
8,a50_an,6,-0.06442655291008277,3.6526900191620024,0.841192859724031,3.293720605982813,5.963284307025041,0.10266767343770161,0.1438479032980718,0.189423574725219,0.11351305142507287
8,a50_an,7,0.16917920746444237,1.47540638444453,1.1554770184546228,1.7787363719986777,2.0146880092495287,0.10266767343770161,0.1438479032980718,0.189423574725219,0.11351305142507287
8,a50_an,8,0.008699448359525023,0.8907981625769066,0.44431066756739596,1.2906448927533163,1.7926726299342868,0.10266767343770161,0.1438479032980718,0.189423574725219,0.11351305142507287
8,a50_an,9,0.02927213687176629,1.965139432639068,0.38252852030844053,0.290653277381342,0.5665899594099253,0.10266767343770161,0.1438479032980718,0.189423574725219,0.11351305142507287
8,a50_an,10,0.11174836197020514,5.0043844574119865,1.0640663022833665,2.182708363967728,2.727253171697022,0.10266767343770161,0.1438479032980718,0.189423574725219,0.11351305142507287
8,a50_an,11,0.8536605992731352,1.4360506854824566,1.4361725308512714,7.670992273832989,1.0709330213140333,0.10266767343770161,0.1438479032980718,0.189423574725219,0.11351305142507287
8,a50_an,12,-0.2873103243373719,1.6669203709697962,0.5433897947725014,1.629224329194795,2.7126936598998186,0.10266767343770161,0.1438479032980718,0.189423574725219,0.11351305142507287
8,a50_an,13,0.1582783519000086,1.0905131999018336,0.5657324122273056,1.772722681710128,1.0395096411115496,0.10266767343770161,0.1438479032980718,0.189423574725219,0.11351305142507287
8,a50_an,14,0.3138962652955828,1.6817454726303043,5.046348886819571,12.039566881691254,9.92415044877025,0.10266767343770161,0.1438479032980718,0.189423574725219,0.11351305142507287
8,a50_an,15,0.048038464095666845,0.7570514834127817,0.22913462829745407,1.5731530688627962,1.9470784258693874,0.10266767343770161,0.1438479032980718,0.189423574725219,0.11351305142507287
8,a50_an,16,-0.03465044965918131,1.223182902330343,0.27949943656298987,1.9467061759125954,0.769535595781201,0.10266767343770161,0.1438479032980718,0.189423574725219,0.11351305142507287
8,a50_an,17,-0.026391091088922073,0.483898471301741,0.241890447345504,1.2490676205600437,0.6193783682420405,0.10266767343770161,0.1438479032980718,0.189423574725219,0.11351305142507287
8,a50_an,18,0.14768068310359528,10.630584057802086,0.7870673164077335,0.1523132534117726,1.1264095562752714,0.10266767343770161,0.1438479032980718,0.189423574725219,0.11351305142507287
8,a50_an,19,0.2914268005902689,1.58474219502183,0.9791430765374055,2.448783463323911,0.5047315375002618,0.10266767343770161,0.1438479032980718,0.189423574725219,0.11351305142507287
8,a50_an,20,-0.10758850660337828,0.554754390768313,0.7928909022617827,1.2932059217151244,1.06181950499335,0.10266767343770161,0.1438479032980718,0.189423574725219,0.11351305142507287
8,a50_an,21,0.06802215513096992,0.5422519641593192,0.25619455060534146,1.2230301835168138,1.2083033150061535,0.10266767343770161,0.1438479032980718,0.189423574725219,0.11351305142507287
8,a50_an,22,-0.09703374844940256,0.6024002306090377,0.42446088713440583,3.7429704058385003,1.1681659292474258,0.10266767343770161,0.1438479032980718,0.189423574725219,0.11351305142507287
8,a50_an,23,0.3025089913961416,0.1765861358153562,0.5123483574721421,1.1221640061975622,0.2975048416169034,0.10266767343770161,0.1438479032980718,0.189423574725219,0.11351305142507287
8,a50_an,24,-0.008942269257663926,1.1760487028007638,0.23759067243221355,0.9208672229753296,1.074816415852163,0.10266767343770161,0.1438479032980718,0.189423574725219,0.11351305142507287
8,a50_an,25,-0.11735065254364908,0.3807892547598061,0.3272838528470897,0.9004136787249789,1.2226201215300918,0.10266767343770161,0.1438479032980718,0.189423574725219,0.11351305142507287
8,a50_an,26,0.20259512116590872,2.8465075528734403,2.70808703134066,6.6547960757813955,0.8460854988699201,0.10266767343770161,0.1438479032980718,0.189423574725219,0.11351305142507287
8,a50_an,27,0.08213971072292647,4.730643364525585,2.6080749964625145,1.5284114505243738,1.208934091992072,0.10266767343770161,0.1438479032980718,0.189423574725219,0.11351305142507287
8,a50_an,28,-0.2155651116117611,0.5503302753290246,0.18063236704789323,1.2389204801434406,0.1728097348665338,0.10266767343770161,0.1438479032980718,0.189423574725219,0.11351305142507287
8,a50_an,29,-0.4462171386432471,3.55848049896136,2.0411127096375106,1.0579918231904835,1.031004521303142,0.10266767343770161,0.1438479032980718,0.189423574725219,0.11351305142507287
8,a50_an,30,-0.14368154714988268,0.29241440640137795,0.4662688351945096,0.817818800288479,0.44167405356144274,0.10266767343770161,0.1438479032980718,0.189423574725219,0.11351305142507287
8,a75_an,1,0.26050266125823307,1.8039301766689082,0.8549984708307735,2.568492985845857,2.0443842821174893,0.23169972737370195,0.20512539054934398,0.2170176026035119,0.17329191418934609
8,a75_an,2,0.18625611862565025,1.3904704633992147,1.443880055489537,0.7403762399942957,0.2951691655162009,0.23169972737370195,0.20512539054934398,0.2170176026035119,0.17329191418934609
8,a75_an,3,0.3443062509056083,2.3658328212475683,1.1909218901758971,29.237247078460985,13.531600287925412,0.23169972737370195,0.20512539054934398,0.2170176026035119,0.17329191418934609
8,a75_an,4,0.27858687928647713,4.999472586382515,1.8626300122201458,4.389273259371885,0.9632097459122015,0.23169972737370195,0.20512539054934398,0.2170176026035119,0.17329191418934609
8,a75_an,5,0.004211077741856539,1.8111767040142146,1.030491377236824,0.6555820041127164,1.3172868944915719,0.23169972737370195,0.20512539054934398,0.2170176026035119,0.17329191418934609
8,a75_an,6,-0.008417513364253717,1.893523852415806,1.3950364763234713,1.157523521718037,2.150319056030311,0.23169972737370195,0.20512539054934398,0.2170176026035119,0.17329191418934609
8,a75_an,7,0.1020842376783306,1.060266494713881,1.3195027963832562,12.920075934437373,3.513321507978437,0.23169972737370195,0.20512539054934398,0.2170176026035119,0.17329191418934609
8,a75_an,8,-0.056375126430208845,0.773968416845054,0.8105649968407861,1.0199199370088936,0.22281923498338313,0.23169972737370195,0.20512539054934398,0.2170176026035119,0.17329191418934609
8,a75_an,9,0.03965858219510324,1.644569923612629,0.8185311008765862,0.13698257661835483,1.8182917420951323,0.23169972737370195,0.20512539054934398,0.2170176026035119,0.17329191418934609
8,a75_an,10,0.1655334202338184,4.777659439533642,0.595032492060371,0.777480720938334,0.3142134521706978,0.23169972737370195,0.20512539054934398,0.2170176026035119,0.17329191418934609
8,a75_an,11,0.06665973399199324,1.8422532488131775,1.0232699004515773,1.9249478736222287,0.3812589390276836,0.23169972737370195,0.20512539054934398,0.2170176026035119,0.17329191418934609
8,a75_an,12,-0.09642304691313616,0.855859578431533,0.5718851480629759,0.6587428321827786,0.49703883448976993,0.23169972737370195,0.20512539054934398,0.2170176026035119,0.17329191418934609
8,a75_an,13,-0.05172559536422546,0.8684546363632984,0.6172315297803279,0.6012681721036632,1.6549117874385297,0.23169972737370195,0.20512539054934398,0.2170176026035119,0.17329191418934609
8,a75_an,14,-0.08879074125470295,4.893265013458716,0.5448761720284404,2.559027441166902,0.9811143087994446,0.23169972737370195,0.20512539054934398,0.2170176026035119,0.17329191418934609
8,a75_an,15,-0.4147345110639,2.1761932442771763,1.1484838987682144,3.751328600008259,1.2192218251118412,0.23169972737370195,0.20512539054934398,0.2170176026035119,0.17329191418934609
9,a50_an,1,0.18152560522265898,1.1939105955400677,1.121446021850529,2.216111763810831,1.3481735256692886,0.2625530010205344,0.19893236848409154,0.3671562913807665,0.39611327237609845
9,a50_an,2,-0.0327636878854962,3.557287276632229,1.3671629586191754,3.241622826520156,2.040691507327322,0.2625530010205344,0.19893236848409154,0.3671562913807665,0.39611327237609845
9,a50_an,3,0.49877343877239294,0.7171682699118198,0.6691711026616253,0.74600052427756,1.040604369386203,0.2625530010205344,0.19893236848409154,0.3671562913807665,0.39611327237609845
9,a50_an,4,-0.2180488470740406,1.3489324802474665,2.515288553883829,1.0123948729399812,0.8595627772088187,0.2625530010205344,0.19893236848409154,0.3671562913807665,0.39611327237609845
9,a50_an,5,0.22692867970831435,0.6289788046013699,0.7795118008928238,0.04550820803252815,0.05224136845699142,0.2625530010205344,0.19893236848409154,0.3671562913807665,0.39611327237609845
9,a50_an,6,-0.21443915854964918,2.6716152468030097,2.943917083692465,6.221208801900032,1.517123143662997,0.2625530010205344,0.19893236848409154,0.3671562913807665,0.39611327237609845
9,a50_an,7,0.01557344088525142,2.9923830786888774,1.1119147829440712,7.0696221827765005,5.0070525233582694,0.2625530010205344,0.19893236848409154,0.3671562913807665,0.39611327237609845
9,a50_an,8,-0.07160017408071552,2.3504302511487105,2.5267258018333734,1.6540146106350189,0.8463507625239945,0.2625530010205344,0.19893236848409154,0.3671562913807665,0.39611327237609845
9,a50_an,9,-0.20958131652448372,1.0973223570614414,0.8513959469544479,1.0555052195471275,1.5759018156354714,0.2625530010205344,0.19893236848409154,0.3671562913807665,0.39611327237609845
9,a50_an,10,-0.4574832994771427,5.3817291044733775,3.4915542486553206,8.285459027984189,3.9565232029089645,0.2625530010205344,0.19893236848409154,0.3671562913807665,0.39611327237609845
9,a50_an,11,-0.20614820289259753,1.6237501236684404,1.4710928445329512,0.5111078211391807,0.47033445981598143,0.2625530010205344,0.19893236848409154,0.3671562913807665,0.39611327237609845
9,a50_an,12,0.18628683075969837,1.0479933694586157,0.514684834157989,2.107881205453326,0.6950049315494541,0.2625530010205344,0.19893236848409154,0.3671562913807665,0.39611327237609845
9,a50_an,13,-0.17906910679702404,2.8430833617252733,1.1391166677490467,0.9451882340677725,0.9005431299174886,0.2625530010205344,0.19893236848409154,0.3671562913807665,0.39611327237609845
9,a50_an,14,0.3370919766082701,2.5671548013937495,1.3632668253738298,4.255660353994695,5.114382618123308,0.2625530010205344,0.19893236848409154,0.3671562913807665,0.39611327237609845
9,a50_an,15,-0.10486327658920565,3.083738353493728,1.4825685828902413,3.368953085913069,1.450448705341549,0.2625530010205344,0.19893236848409154,0.3671562913807665,0.39611327237609845
9,a50_an,16,0.08939961838252446,3.6444563591624575,1.013210450256219,8.500273105702476,11.751055749887843,0.2625530010205344,0.19893236848409154,0.3671562913807665,0.39611327237609845
9,a50_an,17,0.16223503003385664,0.5884408887642776,0.30536837088291025,2.316860665999124,1.7294223311319559,0.2625530010205344,0.19893236848409154,0.3671562913807665,0.39611327237609845
9,a50_an,18,-0.45583156105367795,1.9682175626572038,5.893725605666505,13.663522499426023,2.3190677156520874,0.2625530010205344,0.19893236848409154,0.3671562913807665,0.39611327237609845
9,a50_an,19,0.4067168552914806,1.0637712012270926,2.7008900899242434,2.8903424885742255,2.0138270924221713,0.2625530010205344,0.19893236848409154,0.3671562913807665,0.39611327237609845
9,a50_an,20,-0.0887297864483041,0.9222427521460697,0.518861211611419,3.667517121080736,3.719088333936297,0.2625530010205344,0.19893236848409154,0.3671562913807665,0.39611327237609845
9,a50_an,21,0.03923662956263631,2.1227949562276933,0.9414792497177731,2.206104617653314,1.1754614204172422,0.2625530010205344,0.19893236848409154,0.3671562913807665,0.39611327237609845
9,a50_an,22,0.33041361444138584,0.6125648917123637,0.5851761863922035,1.0136811478034173,0.7470159780175041,0.2625530010205344,0.19893236848409154,0.3671562913807665,0.39611327237609845
9,a50_an,23,-0.2061352865786906,2.219666890592674,1.3768797481390618,14.534506842658065,3.0813983751087766,0.2625530010205344,0.19893236848409154,0.3671562913807665,0.39611327237609845
9,a50_an,24,0.09430361444630667,1.053092933179493,0.88882055410814,1.1356084596296323,0.5863985928657535,0.2625530010205344,0.19893236848409154,0.3671562913807665,0.39611327237609845
9,a50_an,25,0.3842517894495556,1.0389844175372938,1.818378781039093,8.139840479462995,1.28014263387304,0.2625530010205344,0.19893236848409154,0.3671562913807665,0.39611327237609845
9,a50_an,26,0.28422492750242495,1.635085344242051,0.4049677607249407,1.2504600245552022,2.278610543989128,0.2625530010205344,0.19893236848409154,0.3671562913807665,0.39611327237609845
9,a50_an,27,0.16971729505693672,0.33104039159705434,0.20861186585085117,0.2995084307039735,0.3667230802044776,0.2625530010205344,0.19893236848409154,0.3671562913807665,0.39611327237609845
9,a50_an,28,-0.1882044597898504,3.1688145167194826,1.3595348964725325,0.882382549392332,0.35578928327150466,0.2625530010205344,0.19893236848409154,0.3671562913807665,0.39611327237609845
9,a50_an,29,0.23201819375249313,2.7161372334540728,1.544406521735623,0.3409145744098176,0.3201969499351177,0.2625530010205344,0.19893236848409154,0.3671562913807665,0.39611327237609845
9,a50_an,30,0.18441731458857857,0.7129212401622365,1.3714701602621704,0.9368362315984213,0.3588255727777862,0.2625530010205344,0.19893236848409154,0.3671562913807665,0.39611327237609845
9,a75_an,1,-0.29564038351907024,0.5746140450445046,0.9175500958396009,0.7640415081342242,0.3452123393282695,0.38931563974486455,0.2642925150368897,0.13001055289298838,0.13411353138577023
9,a75_an,2,0.1753472174424251,11.70050307551653,3.421464735875987,2.6947036556637607,6.446145122803704,0.38931563974486455,0.2642925150368897,0.13001055289298838,0.13411353138577023
9,a75_an,3,0.07964172044353218,0.7850813094805384,1.0595388554705507,1.923782563590493,0.41010038095075385,0.38931563974486455,0.2642925150368897,0.13001055289298838,0.13411353138577023
9,a75_an,4,-0.17767077876074588,1.002775729821906,1.7246595617016434,10.681476561258709,1.7418064027983802,0.38931563974486455,0.2642925150368897,0.13001055289298838,0.13411353138577023
9,a75_an,5,0.1549240104427866,6.085402339985988,2.8652986358175396,1.8956796579715496,3.844787843590153,0.38931563974486455,0.2642925150368897,0.13001055289298838,0.13411353138577023
9,a75_an,6,0.17550664466157329,0.2671606236242003,0.16700442531793336,0.31661079775342627,0.10833659131623195,0.38931563974486455,0.2642925150368897,0.13001055289298838,0.13411353138577023
9,a75_an,7,-0.10784489440943539,2.5856560361564713,1.3533971998932113,18.032211304234927,6.7376734396614495,0.38931563974486455,0.2642925150368897,0.13001055289298838,0.13411353138577023
9,a75_an,8,0.14883306516940284,2.3334580451096767,1.26778359500006,1.9724305355199059,1.8708080413765837,0.38931563974486455,0.2642925150368897,0.13001055289298838,0.13411353138577023
9,a75_an,10,0.13850115985927397,0.9564095671279869,0.597185013068334,1.253606177126151,0.7363652238966201,0.38931563974486455,0.2642925150368897,0.13001055289298838,0.13411353138577023
9,a75_an,11,-0.031464576268988756,1.1217327605622773,3.2492877741848005,1.2755555031530292,1.065143242646415,0.38931563974486455,0.2642925150368897,0.13001055289298838,0.13411353138577023
9,a75_an,12,0.4487520627792299,1.5287569427127279,1.2505983330918258,2.7985713716776504,1.1665182883065623,0.38931563974486455,0.2642925150368897,0.13001055289298838,0.13411353138577023
9,a75_an,13,0.3117812452877781,6.210173230981541,2.4403821693117145,0.2662049381119814,2.2078042058896474,0.38931563974486455,0.2642925150368897,0.13001055289298838,0.13411353138577023
9,a75_an,14,0.03927580587875962,15.817718252896173,5.511024933699119,2.0122681157105613,4.036600993939484,0.38931563974486455,0.2642925150368897,0.13001055289298838,0.13411353138577023
9,a75_an,15,0.11194343925022901,2.273185112049893,1.1211844877682071,2.9961053046136747,3.3954996577467402,0.38931563974486455,0.2642925150368897,0.13001055289298838,0.13411353138577023
10,a50_an,1,-0.32123595992376924,0.26982927293702225,0.3612369154422899,0.32780595667774765,0.35720261515369633,0.19140078966724916,0.19837149170323365,0.21638554806090793,0.18016256633724662
10,a50_an,2,-0.3214343198338116,7.626547580635121,2.871431386481355,0.9017858840386844,1.451787384755882,0.19140078966724916,0.19837149170323365,0.21638554806090793,0.18016256633724662
10,a50_an,3,-0.09999081274967311,3.221031008402117,10.008288182673665,17.37457645259339,6.4599010757448845,0.19140078966724916,0.19837149170323365,0.21638554806090793,0.18016256633724662
10,a50_an,4,-0.6175411268734933,14.314243237423842,5.440631508838406,4.675881657869028,3.810413282001211,0.19140078966724916,0.19837149170323365,0.21638554806090793,0.18016256633724662
10,a50_an,5,-0.4279711559574004,0.34406528926869157,0.6818309905376159,1.3515918091695067,0.5518671345147312,0.19140078966724916,0.19837149170323365,0.21638554806090793,0.18016256633724662
10,a50_an,6,-0.3031616833586442,1.367327867722297,0.4263981342755838,1.2953379183823535,0.43186643279783216,0.19140078966724916,0.19837149170323365,0.21638554806090793,0.18016256633724662
10,a50_an,7,-0.14706595110084747,17.915214816621038,8.72734803678184,2.7107135756966763,3.561058402232905,0.19140078966724916,0.19837149170323365,0.21638554806090793,0.18016256633724662
10,a50_an,8,0.33558721490804166,9.103666613679849,2.8810603026214983,13.112985423393356,13.026113798575501,0.19140078966724916,0.19837149170323365,0.21638554806090793,0.18016256633724662
10,a50_an,9,-0.06542340778462127,3.6224708928149805,1.046516180693164,0.5500545513717737,0.6616257524892775,0.19140078966724916,0.19837149170323365,0.21638554806090793,0.18016256633724662
10,a50_an,10,-0.13895296418835193,1.310511932729392,0.5524099240422429,1.923412540809102,0.6039175864300521,0.19140078966724916,0.19837149170323365,0.21638554806090793,0.18016256633724662
10,a50_an,11,-0.19183139407315075,5.255485264883788,0.9560136773229942,6.74185519884774,1.9242686545348993,0.19140078966724916,0.19837149170323365,0.21638554806090793,0.18016256633724662
10,a50_an,12,0.3902516880090032,26.01680200245525,5.5413388246460595,40.9743355814372,16.82918665930352,0.19140078966724916,0.19837149170323365,0.21638554806090793,0.18016256633724662
10,a50_an,13,-0.024326671718932356,0.8492129710702808,0.535588379928505,4.5391865222237495,0.7677639505284032,0.19140078966724916,0.19837149170323365,0.21638554806090793,0.18016256633724662
10,a50_an,14,-0.08499245016049266,7.359782320566834,2.855086898707667,0.3926927618720377,0.13021939089598492,0.19140078966724916,0.19837149170323365,0.21638554806090793,0.18016256633724662
10,a50_an,15,-0.5092351258710446,1.208491302844458,7.235877125553819,7.628222107789635,2.1172512153928382,0.19140078966724916,0.19837149170323365,0.21638554806090793,0.18016256633724662
10,a50_an,16,-0.13054208419164492,1.01425907635692,0.8752961219670979,1.787433715130743,2.2379198149625825,0.19140078966724916,0.19837149170323365,0.21638554806090793,0.18016256633724662
10,a50_an,17,-0.030717931069792363,2.193076707098315,3.5504701050501155,1.9330687020545114,4.499254384067479,0.19140078966724916,0.19837149170323365,0.21638554806090793,0.18016256633724662
10,a50_an,18,0.9562032369680237,102.72441984320162,4.726242995276232,54.57566858643279,37.65420903675498,0.19140078966724916,0.19837149170323365,0.21638554806090793,0.18016256633724662
10,a50_an,19,0.008042087097228475,9.585561778167534,1.3399936127671317,4.9752430157584016,6.208504054949705,0.19140078966724916,0.19837149170323365,0.21638554806090793,0.18016256633724662
10,a50_an,20,-0.18577228636014428,7.961319310996713,3.741937923375448,2.9175138243600376,2.0047070724284874,0.19140078966724916,0.19837149170323365,0.21638554806090793,0.18016256633724662
10,a50_an,21,0.1599875212397006,4.657350476181366,3.7524765682948877,27.293183058601848,13.48535450518057,0.19140078966724916,0.19837149170323365,0.21638554806090793,0.18016256633724662
10,a50_an,22,-0.07686165754987019,0.45362516793668767,0.3854849317666413,0.7522939736625275,1.7452179147360793,0.19140078966724916,0.19837149170323365,0.21638554806090793,0.18016256633724662
10,a50_an,23,-0.12391318893925901,1.237775740255416,0.8772760245433759,2.604966135451389,1.408702939143309,0.19140078966724916,0.19837149170323365,0.21638554806090793,0.18016256633724662
10,a50_an,24,-0.3532639029059769,2.0485100883618075,1.087222815060968,6.07176751232772,2.4801282209908546,0.19140078966724916,0.19837149170323365,0.21638554806090793,0.18016256633724662
10,a50_an,25,-0.2839032025644062,1.9313278905165976,1.9324672278100035,3.538057247885593,4.2381873759813224,0.19140078966724916,0.19837149170323365,0.21638554806090793,0.18016256633724662
10,a50_an,26,-0.022521433383138695,5.571771506352756,5.561699266174856,3.159785182439592,0.9971553355841739,0.19140078966724916,0.19837149170323365,0.21638554806090793,0.18016256633724662
10,a50_an,27,0.3166636294818454,0.5989013818363663,2.096467774919707,5.748447629248077,3.132784678818877,0.19140078966724916,0.19837149170323365,0.21638554806090793,0.18016256633724662
10,a50_an,28,-0.22815809601930984,1.689095853341537,0.8197381815162222,2.250289221952932,1.18286969463492,0.19140078966724916,0.19837149170323365,0.21638554806090793,0.18016256633724662
10,a50_an,29,0.04810112458123173,1.8178723248344462,4.647328463583793,3.3667342456898726,2.9382994119328103,0.19140078966724916,0.19837149170323365,0.21638554806090793,0.18016256633724662
10,a50_an,30,-0.30291675753158487,2.5518620978937308,2.7250480348984127,4.213667483069369,1.5427828313254026,0.19140078966724916,0.19837149170323365,0.21638554806090793,0.18016256633724662
10,a75_an,1,-0.06193688920189734,1.6760360379092532,2.0585435176040785,5.955581311040673,1.9647654818368359,0.19705489878038254,0.27470243402369593,0.2809700033643042,0.4046456396626818
10,a75_an,2,-0.20916754085937012,1.1243913995690946,1.0358486599774206,3.2864024612350615,2.1278088985023347,0.19705489878038254,0.27470243402369593,0.2809700033643042,0.4046456396626818
10,a75_an,3,-0.203929359097758,0.7267155214929322,1.2653039844391027,1.827880338442558,1.413258919184712,0.19705489878038254,0.27470243402369593,0.2809700033643042,0.4046456396626818
10,a75_an,4,-0.19772684076238722,0.2900559064279049,1.0615166980560138,0.9037389303996971,1.0283552585642448,0.19705489878038254,0.27470243402369593,0.2809700033643042,0.4046456396626818
10,a75_an,5,-0.2680762548819189,4.827036221510753,1.634817272463693,6.697341571957429,5.845926224096039,0.19705489878038254,0.27470243402369593,0.2809700033643042,0.4046456396626818
10,a75_an,6,0.13723679441509662,4.255054254632756,1.3117087030813803,1.9389643417992783,7.1228879814382156,0.19705489878038254,0.27470243402369593,0.2809700033643042,0.4046456396626818
10,a75_an,7,-0.03916000416953465,1.1913145046358218,4.099502874935465,6.505836192137779,2.23168127080016,0.19705489878038254,0.27470243402369593,0.2809700033643042,0.4046456396626818
10,a75_an,8,-0.14410037780905366,2.791752392842104,1.538920941505681,8.711163062589884,1.8426935934901276,0.19705489878038254,0.27470243402369593,0.2809700033643042,0.4046456396626818
10,a75_an,9,0.40850673816272925,1.9371576810951734,2.596159479236078,1.2652032117094005,1.8360532281452495,0.19705489878038254,0.27470243402369593,0.2809700033643042,0.4046456396626818
10,a75_an,10,-0.22124642553663754,1.5366272779112562,0.8386996007174515,0.4580180935282323,0.7918836962820596,0.19705489878038254,0.27470243402369593,0.2809700033643042,0.4046456396626818
10,a75_an,11,-0.1535161076401287,4.623364199968644,1.147373200564097,1.6514330487421254,1.5079267272045598,0.19705489878038254,0.27470243402369593,0.2809700033643042,0.4046456396626818
10,a75_an,12,-0.08763632186304914,0.46544948748029724,0.38015488443690804,1.6502017530298398,1.685121576855187,0.19705489878038254,0.27470243402369593,0.2809700033643042,0.4046456396626818
10,a75_an,13,0.1390811308108258,11.318028090415025,4.818498835571122,8.423517737159251,8.798171021751111,0.19705489878038254,0.27470243402369593,0.2809700033643042,0.4046456396626818
10,a75_an,15,0.25781689227147353,4.753922100289702,3.2304620730322022,8.149239300315347,6.441768897895161,0.19705489878038254,0.27470243402369593,0.2809700033643042,0.4046456396626818
11,a50_an,1,0.5992758246434606,0.39191754980812965,0.5408095067630918,2.230199485223181,0.5305775456628147,0.1981447324358676,0.26389315293560206,0.2804749821463364,0.19464853408434143
11,a50_an,2,-0.8017982895061753,13.335381078204987,4.44344710308972,5.25628630523124,10.844391514291761,0.1981447324358676,0.26389315293560206,0.2804749821463364,0.19464853408434143
11,a50_an,3,0.17691749991611158,5.575817877671431,1.8485456280176003,1.2098620295146842,0.5112409545334222,0.1981447324358676,0.26389315293560206,0.2804749821463364,0.19464853408434143
11,a50_an,4,0.008484738371266913,0.9971417165999509,0.4353631290647579,0.3084771254001437,1.2580580856310857,0.1981447324358676,0.26389315293560206,0.2804749821463364,0.19464853408434143
11,a50_an,5,-0.07378394197030994,2.283450141389369,0.4909071128859903,1.3032208487912027,4.108450639820041,0.1981447324358676,0.26389315293560206,0.2804749821463364,0.19464853408434143
11,a50_an,6,0.31194323552203296,17.93652141289667,3.330776069198526,5.2210569940634874,3.4210918473800955,0.1981447324358676,0.26389315293560206,0.2804749821463364,0.19464853408434143
11,a50_an,7,-0.011759920536269078,2.6319226906460407,3.5693819500411057,5.971324875310416,1.386246585519051,0.1981447324358676,0.26389315293560206,0.2804749821463364,0.19464853408434143
11,a50_an,8,0.13398289363102872,0.3612661757914649,1.2553345186484979,0.4760071171305934,0.5405967615387357,0.1981447324358676,0.26389315293560206,0.2804749821463364,0.19464853408434143
11,a50_an,9,0.40845399756075124,6.346114852767749,4.277942131143759,3.979006162947789,5.048081980813784,0.1981447324358676,0.26389315293560206,0.2804749821463364,0.19464853408434143
11,a50_an,10,-0.0366567586744647,1.1245939447238418,1.0081842380473194,1.5983530775292871,0.921770451316594,0.1981447324358676,0.26389315293560206,0.2804749821463364,0.19464853408434143
11,a50_an,11,-0.11783593263605485,9.321840339781687,1.4284957997988703,1.1041646406566594,3.595145903444657,0.1981447324358676,0.26389315293560206,0.2804749821463364,0.19464853408434143
11,a50_an,12,-0.0411217154526375,1.165360408434784,2.573397464204796,1.6390996098166046,3.6716787118481897,0.1981447324358676,0.26389315293560206,0.2804749821463364,0.19464853408434143
11,a50_an,13,-0.14515799470618235,4.24531916787391,0.8509592323190586,12.34007255951857,6.889098275258183,0.1981447324358676,0.26389315293560206,0.2804749821463364,0.19464853408434143
11,a50_an,14,0.3896457534157748,8.167258299196634,1.0303992654825207,15.396642479876444,13.963713630512093,0.1981447324358676,0.26389315293560206,0.2804749821463364,0.19464853408434143
11,a50_an,15,-1.0000163925693901,10.152086715605,4.973604678594343,26.66255407882649,9.104142743717711,0.1981447324358676,0.26389315293560206,0.2804749821463364,0.19464853408434143
11,a50_an,16,0.09598597418520287,3.513139308480437,1.6243833057292862,1.3564908745445874,1.4947854727802161,0.1981447324358676,0.26389315293560206,0.2804749821463364,0.19464853408434143
11,a50_an,17,-0.14887790779414145,16.700921331405567,4.158584282494257,21.12288013115138,17.919677479477723,0.1981447324358676,0.26389315293560206,0.2804749821463364,0.19464853408434143
11,a50_an,18,0.1616109621922774,4.19190375057736,1.986163653913493,4.2200232675868685,2.9752082536062394,0.1981447324358676,0.26389315293560206,0.2804749821463364,0.19464853408434143
11,a50_an,19,-0.01973151099527424,3.950929655180823,0.9989262257852929,3.9251272656558007,9.103485148142619,0.1981447324358676,0.26389315293560206,0.2804749821463364,0.19464853408434143
11,a50_an,20,-0.16101518597676054,4.497512574235191,2.870508659677778,2.0010967916785454,1.690815504702547,0.1981447324358676,0.26389315293560206,0.2804749821463364,0.19464853408434143
11,a50_an,21,0.17250638063982832,6.077573970687964,1.6334866348875474,0.6063911688765227,1.55759331648585,0.1981447324358676,0.26389315293560206,0.2804749821463364,0.19464853408434143
11,a50_an,22,0.09659438035030977,1.4349419369836152,1.1446946811640282,1.6408042743249904,0.974809749686843,0.1981447324358676,0.26389315293560206,0.2804749821463364,0.19464853408434143
11,a50_an,23,-0.31994675690244506,18.84121151600395,1.3515047508301072,3.3619063709268904,13.36662582314354,0.1981447324358676,0.26389315293560206,0.2804749821463364,0.19464853408434143
11,a50_an,24,0.3879020775252189,2.6276507521757195,4.236653391511523,10.695439067745724,7.869598356151053,0.1981447324358676,0.26389315293560206,0.2804749821463364,0.19464853408434143
11,a50_an,25,-0.17741701913362753,3.5538558858258997,0.296634214144339,2.6489967617486068,6.283688765097859,0.1981447324358676,0.26389315293560206,0.2804749821463364,0.19464853408434143
11,a50_an,26,0.30856354940542063,4.138404432545956,1.5822998064135025,2.5571612595677484,2.83732389588707,0.1981447324358676,0.26389315293560206,0.2804749821463364,0.19464853408434143
11,a50_an,27,0.11479070926587141,2.984205169447733,1.5740771304221723,6.671043130970143,1.7406306940020637,0.1981447324358676,0.26389315293560206,0.2804749821463364,0.19464853408434143
11,a50_an,28,-0.20310311122055663,1.2813077175264183,0.3931634151501062,3.927593456988809,1.2795110101011975,0.1981447324358676,0.26389315293560206,0.2804749821463364,0.19464853408434143
11,a50_an,29,-0.045424504782050436,10.682946739399066,2.4632235793045876,0.5109270508546939,1.5817217425898547,0.1981447324358676,0.26389315293560206,0.2804749821463364,0.19464853408434143
11,a50_an,30,0.13818125808176618,16.024092315498084,4.129076658887425,4.129818498195811,4.550540124243534,0.1981447324358676,0.26389315293560206,0.2804749821463364,0.19464853408434143
11,a75_an,1,-0.08670856145297244,10.469646730166234,3.799993032266731,36.6793636128279,15.530906528861198,0.15729104729493304,0.1819005127201746,0.11769270159974032,0.25685306559573096
11,a75_an,2,0.10932041699718018,2.0605090008304177,1.0186610925280852,7.282168977368768,1.79573322308723,0.15729104729493304,0.1819005127201746,0.11769270159974032,0.25685306559573096
11,a75_an,3,-0.22912152451955126,2.905523580297863,1.012463782848249,0.8691380408297313,1.4276583873331672,0.15729104729493304,0.1819005127201746,0.11769270159974032,0.25685306559573096
11,a75_an,4,0.13172459611538773,1.2626583934093019,2.3417616948813245,2.6411704805698366,0.9511960423774891,0.15729104729493304,0.1819005127201746,0.11769270159974032,0.25685306559573096
11,a75_an,5,0.15806615336641314,2.1344759712359775,0.578247585407215,0.9124485709549477,1.3179528101364264,0.15729104729493304,0.1819005127201746,0.11769270159974032,0.25685306559573096
11,a75_an,6,0.8102600874140854,10.07365360196002,2.977613682351939,1.5525139841810918,11.957147788024944,0.15729104729493304,0.1819005127201746,0.11769270159974032,0.25685306559573096
11,a75_an,7,-0.7348282893762654,8.147764475618253,3.2761354504766116,10.472239613486716,6.439866022876415,0.15729104729493304,0.1819005127201746,0.11769270159974032,0.25685306559573096
11,a75_an,8,-0.027500875410952086,3.987224984433101,4.057804496711703,1.5683692434920293,2.586583967452143,0.15729104729493304,0.1819005127201746,0.11769270159974032,0.25685306559573096
11,a75_an,9,-0.1719211229700767,2.0379329452072903,1.8026361605669117,7.092014533301407,3.708657910342463,0.15729104729493304,0.1819005127201746,0.11769270159974032,0.25685306559573096
11,a75_an,10,0.9381716347117811,8.25585230921026,4.764213492092211,23.661689081784946,10.331199287538444,0.15729104729493304,0.1819005127201746,0.11769270159974032,0.25685306559573096
11,a75_an,11,0.6923476372305095,9.38951235969528,1.0120502927487056,3.5388770317031115,9.30484326473648,0.15729104729493304,0.1819005127201746,0.11769270159974032,0.25685306559573096
11,a75_an,12,0.393899092697822,1.5741716121711185,1.0531787041867604,5.187392658506975,6.607574238415614,0.15729104729493304,0.1819005127201746,0.11769270159974032,0.25685306559573096
11,a75_an,13,0.41541361924201553,1.1483827663857094,2.086692941171932,4.736991684098363,1.5597822896045552,0.15729104729493304,0.1819005127201746,0.11769270159974032,0.25685306559573096
11,a75_an,14,0.7612406887900018,22.275773020531613,10.405711559014472,1.1047768336183754,4.2431500014524115,0.15729104729493304,0.1819005127201746,0.11769270159974032,0.25685306559573096
11,a75_an,15,0.10135366182460559,1.823476079861524,2.32066564122914,1.0523561531423442,0.9016080141521186,0.15729104729493304,0.1819005127201746,0.11769270159974032,0.25685306559573096
12,a50_an,1,0.2522518305052307,0.5437281754204486,1.0874759751818652,10.744824797451889,2.2605516572346307,0.3639281908461201,0.2760138891739144,0.17148518922491615,0.22365609590030824
12,a50_an,2,0.28144012608548347,4.630284811310331,0.993496740915665,2.422811779898845,1.923302956572397,0.3639281908461201,0.2760138891739144,0.17148518922491615,0.22365609590030824
12,a50_an,3,0.0731012176636103,2.880427181493138,1.570606219199242,8.878108585990573,4.231008396602219,0.3639281908461201,0.2760138891739144,0.17148518922491615,0.22365609590030824
12,a50_an,4,-0.26191114544022553,0.8587215249857564,1.3004966004089094,8.986118446446552,2.1692234169305826,0.3639281908461201,0.2760138891739144,0.17148518922491615,0.22365609590030824
12,a50_an,5,-0.14667931853514202,3.077025440931508,3.091412544702771,1.9087371716480184,1.4598707546430911,0.3639281908461201,0.2760138891739144,0.17148518922491615,0.22365609590030824
12,a50_an,6,-0.5828420078121621,0.6623846210529659,2.681309306807013,23.37436626995703,4.557740980181784,0.3639281908461201,0.2760138891739144,0.17148518922491615,0.22365609590030824
12,a50_an,7,-0.6819345652685755,66.53106653477545,16.34753965416348,19.66682598734892,22.762553201365485,0.3639281908461201,0.2760138891739144,0.17148518922491615,0.22365609590030824
12,a50_an,8,0.04497763374588488,0.9064307439317782,0.9706013050053709,2.1739091273153313,0.9539026750636621,0.3639281908461201,0.2760138891739144,0.17148518922491615,0.22365609590030824
12,a50_an,9,-0.34920508439942427,2.7908850674696497,4.774587855102978,13.701787274230263,3.5162033649672684,0.3639281908461201,0.2760138891739144,0.17148518922491615,0.22365609590030824
12,a50_an,10,-0.27513325323335464,4.729441006588613,5.972517814457006,10.754247621471084,8.662392500377646,0.3639281908461201,0.2760138891739144,0.17148518922491615,0.22365609590030824
12,a50_an,12,-0.1375126198894031,3.232054560784325,1.8111355744672901,0.9596225685964811,1.1270940352857937,0.3639281908461201,0.2760138891739144,0.17148518922491615,0.22365609590030824
12,a50_an,13,-0.03530324805973889,0.9246965182689983,3.47333765536389,6.850493216521722,1.6994305181423972,0.3639281908461201,0.2760138891739144,0.17148518922491615,0.22365609590030824
12,a50_an,14,0.04690620241193441,5.032659505322555,4.788220693684163,6.603439805479687,4.020860425132543,0.3639281908461201,0.2760138891739144,0.17148518922491615,0.22365609590030824
12,a50_an,15,0.4432077626337565,1.752876348488036,0.7036053519263092,9.48985986637205,3.5113142350327036,0.3639281908461201,0.2760138891739144,0.17148518922491615,0.22365609590030824
12,a50_an,16,0.1912381421657564,0.8191047790757838,1.3190162640808172,1.8447032927423812,0.7916405245248576,0.3639281908461201,0.2760138891739144,0.17148518922491615,0.22365609590030824
12,a50_an,17,0.054423840449557497,0.3812716697999484,0.14738382936884437,0.33218161247541567,0.303218540330649,0.3639281908461201,0.2760138891739144,0.17148518922491615,0.22365609590030824
12,a50_an,18,-0.2795319506274096,0.6336826342536913,0.7541016760104097,5.294825216063566,1.866471761151409,0.3639281908461201,0.2760138891739144,0.17148518922491615,0.22365609590030824
12,a50_an,19,-0.10439923221722336,0.7206458294223892,2.415256768597559,1.3342565253714433,1.1673227809846838,0.3639281908461201,0.2760138891739144,0.17148518922491615,0.22365609590030824
12,a50_an,20,-0.3855632911306531,1.1295030296673185,2.4489542392009827,5.760917174822691,0.7543834857481412,0.3639281908461201,0.2760138891739144,0.17148518922491615,0.22365609590030824
12,a50_an,21,0.24841491517778388,3.3590877757371898,6.23207161345441,9.470178115170821,5.8725388724940615,0.3639281908461201,0.2760138891739144,0.17148518922491615,0.22365609590030824
12,a50_an,22,0.12418268577870328,1.3189932857748443,1.4002983276614462,6.7195564544322615,2.8137690362228684,0.3639281908461201,0.2760138891739144,0.17148518922491615,0.22365609590030824
12,a50_an,23,0.133437919582008,2.525609596708586,0.7813522624136563,1.4316425081572577,3.037583855722103,0.3639281908461201,0.2760138891739144,0.17148518922491615,0.22365609590030824
12,a50_an,24,0.6529988687589519,5.620173487074398,4.370806004643562,5.648885658473043,1.3406157324875763,0.3639281908461201,0.2760138891739144,0.17148518922491615,0.22365609590030824
12,a50_an,25,-0.47716375655617693,4.767124152891054,2.65266230648384,2.2675144571693067,1.6044577277027525,0.3639281908461201,0.2760138891739144,0.17148518922491615,0.22365609590030824
12,a50_an,26,-0.19674152443197435,4.666053436266352,0.8673729437924129,1.5400744635097967,1.9315589894508183,0.3639281908461201,0.2760138891739144,0.17148518922491615,0.22365609590030824
12,a50_an,27,-0.08906048463282584,2.782375493135467,2.101027712136923,12.779308398412907,6.0558294295016974,0.3639281908461201,0.2760138891739144,0.17148518922491615,0.22365609590030824
12,a50_an,28,-0.19338904018224154,3.2357404909089627,3.282590042023852,1.063573770726173,2.233699260572226,0.3639281908461201,0.2760138891739144,0.17148518922491615,0.22365609590030824
12,a50_an,29,-0.4662324290915935,1.4083578663755054,0.32409915861100463,0.22456182806258934,0.4597995975120572,0.3639281908461201,0.2760138891739144,0.17148518922491615,0.22365609590030824
12,a50_an,30,0.08612723791793259,1.0576097292145776,1.4389046953675442,6.840939408792933,2.5769664944760087,0.3639281908461201,0.2760138891739144,0.17148518922491615,0.22365609590030824
12,a75_an,1,-0.049300123010755335,2.164367954725262,2.1753247529765574,1.4607677007022875,0.6846639672845549,0.24575150327269893,0.2888705165545033,0.2379911941955724,0.2103908650171074
12,a75_an,2,0.1490840274674069,0.5371841003877907,1.3364498328178556,3.2925307486487942,2.8258650715789226,0.24575150327269893,0.2888705165545033,0.2379911941955724,0.2103908650171074
12,a75_an,3,-0.7204083567261281,2.633758655655502,2.7132399233053257,3.6622426531892116,1.7731196689431818,0.24575150327269893,0.2888705165545033,0.2379911941955724,0.2103908650171074
12,a75_an,4,0.11472365399610777,2.266998465204761,0.5594259481218773,1.8405497257114767,2.4444995654228148,0.24575150327269893,0.2888705165545033,0.2379911941955724,0.2103908650171074
12,a75_an,5,-0.021381180772154517,1.7181235429306025,1.1961361328092612,7.583853014901915,3.131623536260453,0.24575150327269893,0.2888705165545033,0.2379911941955724,0.2103908650171074
12,a75_an,6,-0.2530653016308022,6.337918320397083,4.7524555856210045,17.246408510089864,9.00319038367859,0.24575150327269893,0.2888705165545033,0.2379911941955724,0.2103908650171074
12,a75_an,7,0.03805838746376086,1.3222227240179971,0.561460718349416,1.3325041477544113,1.7716535955104933,0.24575150327269893,0.2888705165545033,0.2379911941955724,0.2103908650171074
12,a75_an,8,0.00369353410597402,2.8242112821667225,0.6857726519641156,1.5967553725828514,0.9790765850821234,0.24575150327269893,0.2888705165545033,0.2379911941955724,0.2103908650171074
12,a75_an,9,0.14581481960192355,3.571854389307969,1.0155038275881592,1.5221889378910853,2.550134844692304,0.24575150327269893,0.2888705165545033,0.2379911941955724,0.2103908650171074
12,a75_an,10,-0.011044813691068033,2.654231092946071,0.49010959065993526,13.660415257489593,3.4893773244955986,0.24575150327269893,0.2888705165545033,0.2379911941955724,0.2103908650171074
12,a75_an,11,-0.07761365542542206,1.6683556154111585,2.4670357069498685,2.4973125435627646,7.5250163267183785,0.24575150327269893,0.2888705165545033,0.2379911941955724,0.2103908650171074
12,a75_an,12,0.6011370235303067,2.2425496853784477,0.5775869146945423,12.610445516578425,5.141759970133839,0.24575150327269893,0.2888705165545033,0.2379911941955724,0.2103908650171074
12,a75_an,13,0.05934794284476315,0.499859126291658,0.4516308200760755,0.9520362196022648,0.585466066047625,0.24575150327269893,0.2888705165545033,0.2379911941955724,0.2103908650171074
12,a75_an,14,-0.9027629296042194,1.2742063236258427,0.9535237526490591,15.841109271205271,9.032240958899205,0.24575150327269893,0.2888705165545033,0.2379911941955724,0.2103908650171074
12,a75_an,15,0.14492585354620732,4.482911097684213,3.059744065930645,2.1694038305849332,2.9224396294398174,0.24575150327269893,0.2888705165545033,0.2379911941955724,0.2103908650171074
13,a50_an,1,-0.8406186767045843,1.7621784370832982,0.9721632779962658,3.1444267643782653,1.316776999266107,0.14235970541331486,0.18084706512501622,0.12185614441457875,0.19070065899043506
13,a50_an,2,-0.955868772151135,3.0235225332680797,1.2107052136851453,1.0139304846259185,0.48473582467743637,0.14235970541331486,0.18084706512501622,0.12185614441457875,0.19070065899043506
13,a50_an,3,-0.14614878979066928,1.678212439739724,1.4651341153198867,4.481850113879378,1.702748301336537,0.14235970541331486,0.18084706512501622,0.12185614441457875,0.19070065899043506
13,a50_an,4,0.1500649165204347,2.899728452759502,1.1278029698403118,3.7799443749702473,3.3689583671287093,0.14235970541331486,0.18084706512501622,0.12185614441457875,0.19070065899043506
13,a50_an,5,-0.7293427824493255,11.568680726179592,2.2667623973375273,10.119136617579926,13.13025773143439,0.14235970541331486,0.18084706512501622,0.12185614441457875,0.19070065899043506
13,a50_an,6,-0.13690815545223106,1.2448918630371828,1.5048163677512691,5.227084705825117,3.7957236023104755,0.14235970541331486,0.18084706512501622,0.12185614441457875,0.19070065899043506
13,a50_an,7,-0.46684743995264766,5.893097922052573,1.2870595857253386,2.7226497339082014,8.415111463096208,0.14235970541331486,0.18084706512501622,0.12185614441457875,0.19070065899043506
13,a50_an,8,-0.7123572144596086,0.6520872376161221,0.9589093254471154,2.6124603137351916,1.8117164167836246,0.14235970541331486,0.18084706512501622,0.12185614441457875,0.19070065899043506
13,a50_an,9,0.039784232213474796,18.074189378361375,2.9281302958665743,10.561678878890742,7.168233406254632,0.14235970541331486,0.18084706512501622,0.12185614441457875,0.19070065899043506
13,a50_an,10,-0.22582699514076485,5.029136691719251,0.6587461645489415,4.176954009310071,3.1944131375977713,0.14235970541331486,0.18084706512501622,0.12185614441457875,0.19070065899043506
13,a50_an,11,-0.46429458668716816,0.4025057318834859,0.29933478754218557,0.9493820663505537,0.9055679844073792,0.14235970541331486,0.18084706512501622,0.12185614441457875,0.19070065899043506
13,a50_an,12,-0.4123673013822127,4.044769495738204,1.7746054701399916,2.5504351763139326,2.0871344673939034,0.14235970541331486,0.18084706512501622,0.12185614441457875,0.19070065899043506
13,a50_an,13,-0.3697087171798727,1.1203575230415297,0.20825924581758404,0.9389288878867698,2.2835188392510832,0.14235970541331486,0.18084706512501622,0.12185614441457875,0.19070065899043506
13,a50_an,14,-0.23730564740652976,0.944565431798651,0.8517292020808673,8.356750610742308,3.2319859509128936,0.14235970541331486,0.18084706512501622,0.12185614441457875,0.19070065899043506
13,a50_an,15,-0.16068275275327987,0.6775278158385967,0.8152813681170639,18.417374635381353,2.7863953488789863,0.14235970541331486,0.18084706512501622,0.12185614441457875,0.19070065899043506
13,a50_an,16,0.18798283466330537,5.005395290548095,1.0830196859688133,3.929530206831969,5.4416591586957965,0.14235970541331486,0.18084706512501622,0.12185614441457875,0.19070065899043506
13,a50_an,17,0.18151429057960583,0.630698593221077,0.5217582818737124,2.5659418031221635,1.3557971101087685,0.14235970541331486,0.18084706512501622,0.12185614441457875,0.19070065899043506
13,a50_an,18,0.02256146026172673,22.855986854373352,3.8969588184741357,53.28905970711013,10.219492632260417,0.14235970541331486,0.18084706512501622,0.12185614441457875,0.19070065899043506
13,a50_an,19,-0.31138693174454213,7.151426910979569,1.640693897960416,7.533912214644056,4.041674140124587,0.14235970541331486,0.18084706512501622,0.12185614441457875,0.19070065899043506
13,a50_an,20,-0.19854794533719353,1.8990762623138528,1.5171125925836506,11.927403570977395,4.340674435656644,0.14235970541331486,0.18084706512501622,0.12185614441457875,0.19070065899043506
13,a50_an,21,0.5042706751859763,2.48356415559439,2.3382948354934006,3.5213740408914687,1.0891966104687474,0.14235970541331486,0.18084706512501622,0.12185614441457875,0.19070065899043506
13,a50_an,22,-0.2970942828559491,0.5731566459044974,0.9864427239119538,10.108220219441835,1.627489455590008,0.14235970541331486,0.18084706512501622,0.12185614441457875,0.19070065899043506
13,a50_an,23,-0.08222827512927179,1.1731840643511775,0.5320551759978877,3.637073188268072,1.742592135337264,0.14235970541331486,0.18084706512501622,0.12185614441457875,0.19070065899043506
13,a50_an,24,-0.41049595268593697,0.5995143188225901,0.07502955982508763,0.8446878093873414,1.5259070338457872,0.14235970541331486,0.18084706512501622,0.12185614441457875,0.19070065899043506
13,a50_an,25,-0.40693796589200715,2.4243827149276123,1.4984194835793438,3.6224752096296973,5.640430333893712,0.14235970541331486,0.18084706512501622,0.12185614441457875,0.19070065899043506
13,a50_an,26,-0.18138473546816788,5.295801756971807,0.8954054254084143,3.1621645684234463,5.7449361941414105,0.14235970541331486,0.18084706512501622,0.12185614441457875,0.19070065899043506
13,a50_an,27,0.17941297646536475,1.9298795789405598,1.7952164388896223,2.166439120313464,3.0115430160943686,0.14235970541331486,0.18084706512501622,0.12185614441457875,0.19070065899043506
13,a50_an,28,-0.2623350894119457,1.5628799014471448,1.0993860718471917,0.9392042354930779,0.8410929355629011,0.14235970541331486,0.18084706512501622,0.12185614441457875,0.19070065899043506
13,a50_an,29,0.0012322310083459566,1.5392235496478233,0.47549525874830517,6.930222589794795,2.251472954172438,0.14235970541331486,0.18084706512501622,0.12185614441457875,0.19070065899043506
13,a50_an,30,0.06341630567829823,0.8359220683352954,0.5617176964376507,4.132410090800794,1.921216036699809,0.14235970541331486,0.18084706512501622,0.12185614441457875,0.19070065899043506
13,a75_an,1,0.32894415966157603,4.280880145574644,1.5855180641007711,7.538991134581719,3.693633033980463,0.23002311768724779,0.27466693661916797,0.26662834016603154,0.30916875043293435
13,a75_an,2,0.0887891209551879,1.3564955936446952,0.9806054805841217,5.373038003080192,2.554176077692809,0.23002311768724779,0.27466693661916797,0.26662834016603154,0.30916875043293435
13,a75_an,3,-0.24029676626319632,2.0539563803434686,1.8477359583779815,3.046871416682101,1.345144520198814,0.23002311768724779,0.27466693661916797,0.26662834016603154,0.30916875043293435
13,a75_an,4,0.060954080080312376,10.159435530719394,2.3782213529038976,10.691670847911288,12.423807558370374,0.23002311768724779,0.27466693661916797,0.26662834016603154,0.30916875043293435
13,a75_an,5,-0.32395642207551745,2.8895891053701317,1.3425436481254944,3.453996915755571,3.5218441062496635,0.23002311768724779,0.27466693661916797,0.26662834016603154,0.30916875043293435
13,a75_an,6,-0.5433023723172339,1.2232578097302031,0.21808527291038926,1.940279763255562,1.837757689588261,0.23002311768724779,0.27466693661916797,0.26662834016603154,0.30916875043293435
13,a75_an,7,-0.056306551475237165,2.4703645998617016,1.039528468739764,8.867421358102229,9.742755532075131,0.23002311768724779,0.27466693661916797,0.26662834016603154,0.30916875043293435
13,a75_an,8,-0.03766463742095768,16.51843624086583,1.0918865014617802,24.662768373464015,9.16846625462992,0.23002311768724779,0.27466693661916797,0.26662834016603154,0.30916875043293435
13,a75_an,9,-0.13163167638116893,0.4841953157706195,1.064992092795866,3.238025893854096,0.8534574030161118,0.23002311768724779,0.27466693661916797,0.26662834016603154,0.30916875043293435
13,a75_an,10,0.2561957090473627,1.7795657451117248,1.2349094555960136,0.6757553147105603,1.7547980790263398,0.23002311768724779,0.27466693661916797,0.26662834016603154,0.30916875043293435
13,a75_an,11,-0.28078282090941475,1.5506021334798308,1.2150962418939462,2.343301242082966,3.081718219124107,0.23002311768724779,0.27466693661916797,0.26662834016603154,0.30916875043293435
13,a75_an,12,-0.5636740369661811,3.7889559595891824,2.487257667651661,11.457463656190523,2.9747723208474923,0.23002311768724779,0.27466693661916797,0.26662834016603154,0.30916875043293435
13,a75_an,13,-0.6990728805164432,7.64620346311052,2.301809282320842,5.709610324520912,5.149098454328781,0.23002311768724779,0.27466693661916797,0.26662834016603154,0.30916875043293435
13,a75_an,14,0.18974709213347152,2.401359794632465,0.37996287558790937,1.848617386521504,1.2125418646409445,0.23002311768724779,0.27466693661916797,0.26662834016603154,0.30916875043293435
13,a75_an,15,-0.627493197462097,2.6852642433323606,0.8506390707158483,3.069864859818775,5.340457286279155,0.23002311768724779,0.27466693661916797,0.26662834016603154,0.30916875043293435
14,a50_an,1,-0.2794212930879481,0.7899896138011289,1.617306061310099,1.769697332031875,2.2350392856991506,0.18375211263590746,0.23149864462682962,0.2724501220883544,0.1522957217570111
14,a50_an,2,-0.3126354356957755,2.3845559336265145,2.4068263380239685,4.617800979159878,2.3655277318190464,0.18375211263590746,0.23149864462682962,0.2724501220883544,0.1522957217570111
14,a50_an,3,0.11870344468706333,5.007320158031012,2.1789819167129534,1.652496834695676,1.3273965651517299,0.18375211263590746,0.23149864462682962,0.2724501220883544,0.1522957217570111
14,a50_an,4,0.19067283112549777,0.7310175488396857,0.7751403312141856,0.7507014991237314,1.474946597613629,0.18375211263590746,0.23149864462682962,0.2724501220883544,0.1522957217570111
14,a50_an,5,-0.2929093471161699,1.613358840367623,1.19634196799101,5.043832119856795,3.685612400553908,0.18375211263590746,0.23149864462682962,0.2724501220883544,0.1522957217570111
14,a50_an,6,0.413894263884245,4.946313674328978,3.0086508169342268,3.053035619026821,1.6808357340947013,0.18375211263590746,0.23149864462682962,0.2724501220883544,0.1522957217570111
14,a50_an,7,-0.1852212561340978,4.440393940866384,0.7734930930269953,3.9437070626990733,4.855659082781298,0.18375211263590746,0.23149864462682962,0.2724501220883544,0.1522957217570111
14,a50_an,8,-0.16600797454564023,1.6427151735824772,0.4899559129141748,0.8933719596802472,4.391442999410226,0.18375211263590746,0.23149864462682962,0.2724501220883544,0.1522957217570111
14,a50_an,9,-0.32533868896472884,0.3035934060682337,0.8131119373314826,2.506431016549567,1.7698989991608285,0.18375211263590746,0.23149864462682962,0.2724501220883544,0.1522957217570111
14,a50_an,10,0.14436692587120648,2.276706695046463,1.2626317757903367,1.4268949027314881,1.7617415790830646,0.18375211263590746,0.23149864462682962,0.2724501220883544,0.1522957217570111
14,a50_an,11,-0.08043049470801485,2.0912504551152393,1.5766056063961102,1.560634274953164,1.712610104237533,0.18375211263590746,0.23149864462682962,0.2724501220883544,0.1522957217570111
14,a50_an,12,-0.3696654673260464,1.9144246513681153,1.2766561536913772,1.0603568155813774,4.665239217318947,0.18375211263590746,0.23149864462682962,0.2724501220883544,0.1522957217570111
14,a50_an,13,-0.04260569880305836,1.5645385540170544,3.3243715832972334,8.420145702744286,2.1654512727446456,0.18375211263590746,0.23149864462682962,0.2724501220883544,0.1522957217570111
14,a50_an,14,-0.24692727502673414,1.1941523283369533,1.0300744518157854,2.9859971824498865,0.9504979907678678,0.18375211263590746,0.23149864462682962,0.2724501220883544,0.1522957217570111
14,a50_an,15,-0.26764333082080377,1.8337277664723284,2.369752900677997,0.88695863657533,1.6803536912017791,0.18375211263590746,0.23149864462682962,0.2724501220883544,0.1522957217570111
14,a50_an,16,0.09635038169510639,4.160258287523741,0.7973470934266497,0.21687531792118048,2.62316136870382,0.18375211263590746,0.23149864462682962,0.2724501220883544,0.1522957217570111
14,a50_an,17,0.1407765826372671,10.883518786588946,1.494494396337156,1.6624418493095603,5.244573118850372,0.18375211263590746,0.23149864462682962,0.2724501220883544,0.1522957217570111
14,a50_an,18,-0.2836663439755124,0.45761565718784386,2.621756075768691,6.659363923683606,1.5932868809880212,0.18375211263590746,0.23149864462682962,0.2724501220883544,0.1522957217570111
14,a50_an,19,0.10703030624707945,1.4362615954584197,1.6247512046387151,0.29065010868274016,1.854348706811149,0.18375211263590746,0.23149864462682962,0.2724501220883544,0.1522957217570111
14,a50_an,20,-0.5660964348181953,1.0075394621668645,0.8808666601464835,1.8965365532952076,1.6463992832530712,0.18375211263590746,0.23149864462682962,0.2724501220883544,0.1522957217570111
14,a50_an,21,-0.25003736321140135,1.6011381663704838,0.3432886578447382,1.236071084899447,0.45352444551751986,0.18375211263590746,0.23149864462682962,0.2724501220883544,0.1522957217570111
14,a50_an,22,-0.19952793263262342,0.3844898520934907,0.27725841477460217,1.173914716986464,0.4655575811792201,0.18375211263590746,0.23149864462682962,0.2724501220883544,0.1522957217570111
14,a50_an,23,-0.18007598130899413,1.1671010327095994,1.1284611947097254,0.8079518962408747,0.28661770492770894,0.18375211263590746,0.23149864462682962,0.2724501220883544,0.1522957217570111
14,a50_an,24,-0.11890322873900738,0.639655637698207,0.430394406767827,1.3559075061737549,0.8426796851828937,0.18375211263590746,0.23149864462682962,0.2724501220883544,0.1522957217570111
14,a50_an,25,-0.15553849615801182,0.9811793006008334,0.4586401155806697,0.9380291794198832,0.2110424798023844,0.18375211263590746,0.23149864462682962,0.2724501220883544,0.1522957217570111
14,a50_an,26,0.00874189008262732,5.983320954482184,1.1356958870464218,1.836074154849486,0.9157202066484501,0.18375211263590746,0.23149864462682962,0.2724501220883544,0.1522957217570111
14,a50_an,27,-0.0859236062972528,1.0188920932251264,0.9248800266639305,0.22493389197834202,0.900828970105214,0.18375211263590746,0.23149864462682962,0.2724501220883544,0.1522957217570111
14,a50_an,28,-0.023731049092814052,1.912085114703497,1.3029414809983297,2.8207029954515965,1.8721801663290567,0.18375211263590746,0.23149864462682962,0.2724501220883544,0.1522957217570111
14,a50_an,29,-0.01222412592114965,0.7694319396906529,0.6537734314268762,3.547903066594848,1.94339974504376,0.18375211263590746,0.23149864462682962,0.2724501220883544,0.1522957217570111
14,a50_an,30,-0.08801654852110824,0.3927235065423837,0.48293490443490716,0.44352028456638753,0.19936472220386825,0.18375211263590746,0.23149864462682962,0.2724501220883544,0.1522957217570111
14,a75_an,1,0.08975300045961235,1.282853062612229,1.6278808823373836,1.8078823962890713,1.8297981831600556,0.28572239393233145,0.18502938427741086,0.183721182311394,0.38888744948876997
14,a75_an,2,-0.10792655302220248,6.257927081799657,1.3607344044874534,2.8123444573719287,6.127205418427126,0.28572239393233145,0.18502938427741086,0.183721182311394,0.38888744948876997
14,a75_an,3,-0.04945579796128044,0.3685300520677826,1.051413645384143,0.891583050515441,1.1332271325956167,0.28572239393233145,0.18502938427741086,0.183721182311394,0.38888744948876997
14,a75_an,4,0.3611020848545791,1.3648735221550083,3.615144561465696,1.0679586862326118,1.3008309035539602,0.28572239393233145,0.18502938427741086,0.183721182311394,0.38888744948876997
14,a75_an,5,-0.3768911578859594,5.94883500408282,0.9279376576682864,10.476716062415196,8.009183989482487,0.28572239393233145,0.18502938427741086,0.183721182311394,0.38888744948876997
14,a75_an,6,0.272074803793092,3.651628159533582,0.9719621036067388,0.41378088476352365,1.0365774295271377,0.28572239393233145,0.18502938427741086,0.183721182311394,0.38888744948876997
14,a75_an,7,-0.056094714215179906,3.153342057960519,0.637225085976573,1.9846425933969247,1.083607287604741,0.28572239393233145,0.18502938427741086,0.183721182311394,0.38888744948876997
14,a75_an,8,0.05943129675649558,4.507174828965593,3.974635196836481,5.44131054490301,9.01204750440695,0.28572239393233145,0.18502938427741086,0.183721182311394,0.38888744948876997
14,a75_an,9,-0.0792464621990059,2.1268596698871995,1.5574760640524314,3.6303646923613395,8.34527120037039,0.28572239393233145,0.18502938427741086,0.183721182311394,0.38888744948876997
14,a75_an,10,0.3668413432524662,4.484927631160468,1.6146770725953008,1.787545183896062,1.7953535815655517,0.28572239393233145,0.18502938427741086,0.183721182311394,0.38888744948876997
14,a75_an,11,-0.1675768124872222,1.0440099169537282,1.1259327830391828,2.3231927531683727,2.6422111968344133,0.28572239393233145,0.18502938427741086,0.183721182311394,0.38888744948876997
14,a75_an,12,-0.09933229555528543,1.3348418849312402,0.5086560075176311,1.6878677994560296,0.9031380733966414,0.28572239393233145,0.18502938427741086,0.183721182311394,0.38888744948876997
14,a75_an,13,-0.12681207802368558,1.8960352803212546,0.5748928478123332,0.8655593416420698,0.2625859553623226,0.28572239393233145,0.18502938427741086,0.183721182311394,0.38888744948876997
14,a75_an,14,-0.058794064293838585,1.3738429460101433,0.23117061741335757,3.386442360385588,1.720002460829444,0.28572239393233145,0.18502938427741086,0.183721182311394,0.38888744948876997
14,a75_an,15,0.011440577969159624,2.0476603490682916,1.1875043910902998,4.935279670951571,5.763847958663514,0.28572239393233145,0.18502938427741086,0.183721182311394,0.38888744948876997
15,a50_an,1,0.10651266600477703,1.351587791562217,2.5473381425553683,2.9207336795827263,3.1103594495739486,0.20195128923457348,0.24314746589767247,0.25173774565314405,0.2724389686987877
15,a50_an,2,-0.3803679400868093,3.722640201015775,2.165280910398192,30.13768041064561,17.888237139998576,0.20195128923457348,0.24314746589767247,0.25173774565314405,0.2724389686987877
15,a50_an,3,-0.14818888271680547,2.3564399477824134,2.1920041033938915,0.390585183146272,0.8057791063517808,0.20195128923457348,0.24314746589767247,0.25173774565314405,0.2724389686987877
15,a50_an,4,0.15162660687669569,2.7453696428517875,1.1761176416071097,1.272423538971321,1.044496434965865,0.20195128923457348,0.24314746589767247,0.25173774565314405,0.2724389686987877
15,a50_an,5,-0.07547273371197698,3.1237512044705564,2.432594833793164,3.7868362713845,2.472529919433467,0.20195128923457348,0.24314746589767247,0.25173774565314405,0.2724389686987877
15,a50_an,6,-0.2080877475322372,0.4507878580062474,1.7125599235581956,8.069998113395831,5.5830288098474385,0.20195128923457348,0.24314746589767247,0.25173774565314405,0.2724389686987877
15,a50_an,7,-0.26549170790996085,3.713818385622997,14.527322611683994,32.61849709094978,11.078682497238018,0.20195128923457348,0.24314746589767247,0.25173774565314405,0.2724389686987877
15,a50_an,8,-0.2809876926246296,0.7219336744261856,0.8248270999202006,2.7535121007819483,1.0546459944387483,0.20195128923457348,0.24314746589767247,0.25173774565314405,0.2724389686987877
15,a50_an,9,0.24467197796646878,3.370139795536236,2.0424765004018535,5.285611634330325,4.163659447108659,0.20195128923457348,0.24314746589767247,0.25173774565314405,0.2724389686987877
15,a50_an,10,-0.22652155267608728,11.318466513055093,1.7026779239512642,6.9116660093797435,6.934589679040534,0.20195128923457348,0.24314746589767247,0.25173774565314405,0.2724389686987877
15,a50_an,11,-0.4958431494978962,3.0370397446467883,0.9998669321043192,9.832426210601469,1.0892201816729585,0.20195128923457348,0.24314746589767247,0.25173774565314405,0.2724389686987877
15,a50_an,12,0.7335189999721123,1.928920386928895,1.4631425700243825,14.145745291915704,5.257846241859361,0.20195128923457348,0.24314746589767247,0.25173774565314405,0.2724389686987877
15,a50_an,13,0.02295469002894595,2.0720967300199495,1.2621315278341612,2.4622053321330717,1.2606272616896854,0.20195128923457348,0.24314746589767247,0.25173774565314405,0.2724389686987877
15,a50_an,14,0.5077243985634269,1.1622802488454211,3.2664682445959574,4.011257960270044,1.7484356018060174,0.20195128923457348,0.24314746589767247,0.25173774565314405,0.2724389686987877
15,a50_an,15,0.03896097615401959,2.9972723571217434,5.023547776051348,3.715621492776267,3.0509384870301184,0.20195128923457348,0.24314746589767247,0.25173774565314405,0.2724389686987877
15,a50_an,16,0.3844517974507797,1.5088231970115547,1.894982059030048,1.7401657993729065,0.9840267887961365,0.20195128923457348,0.24314746589767247,0.25173774565314405,0.2724389686987877
15,a50_an,17,-0.2816781022302536,4.338274728316628,2.829587416557701,10.23408403644796,5.530625836506281,0.20195128923457348,0.24314746589767247,0.25173774565314405,0.2724389686987877
15,a50_an,18,0.08469758068337231,0.5061636223664283,1.2782138171847033,1.270130172236561,1.4692966197219446,0.20195128923457348,0.24314746589767247,0.25173774565314405,0.2724389686987877
15,a50_an,19,-0.006537713338914459,3.5291198840992495,1.1524720273527156,5.076879845451858,3.2636876568726705,0.20195128923457348,0.24314746589767247,0.25173774565314405,0.2724389686987877
15,a50_an,20,0.08550159818552429,1.9599457048453877,3.638745337116569,6.96848891808528,1.9519579584675728,0.20195128923457348,0.24314746589767247,0.25173774565314405,0.2724389686987877
15,a50_an,21,0.3371556654085518,6.290584645052135,3.5544184356980595,20.644727357180216,6.6768689976586275,0.20195128923457348,0.24314746589767247,0.25173774565314405,0.2724389686987877
15,a50_an,22,-0.20023941401653972,0.880535741611475,1.5093827481736644,4.191772374259548,0.646290478931202,0.20195128923457348,0.24314746589767247,0.25173774565314405,0.2724389686987877
15,a50_an,23,-0.1782565953560399,9.327819740488314,3.021833450140978,1.1730129240923537,4.2577599162594115,0.20195128923457348,0.24314746589767247,0.25173774565314405,0.2724389686987877
15,a50_an,24,-0.05643625453355058,1.8240826786413724,5.318974615571261,5.2165174177555915,3.538121846751222,0.20195128923457348,0.24314746589767247,0.25173774565314405,0.2724389686987877
15,a50_an,25,0.33694571945266477,0.26808548873246113,1.104273002550232,2.998047529212367,0.8033786627467941,0.20195128923457348,0.24314746589767247,0.25173774565314405,0.2724389686987877
15,a50_an,26,-0.024367925884775786,1.9122672300714307,1.9350219463766754,3.5667711246969014,0.9974682932212843,0.20195128923457348,0.24314746589767247,0.25173774565314405,0.2724389686987877
15,a50_an,27,0.4551030742211494,5.174163430475252,1.200526909705538,0.939012909642821,3.157832637024284,0.20195128923457348,0.24314746589767247,0.25173774565314405,0.2724389686987877
15,a50_an,28,-0.10104203633895012,3.6550985786180714,2.7710909955262584,0.9352275267180279,2.346977662012345,0.20195128923457348,0.24314746589767247,0.25173774565314405,0.2724389686987877
15,a50_an,29,-0.36986493732333775,0.6585497138599508,1.2191601833032757,3.279823974467148,4.218404399223664,0.20195128923457348,0.24314746589767247,0.25173774565314405,0.2724389686987877
15,a50_an,30,0.02315035383681935,1.3332478042129632,0.5681790997894766,6.218832825648746,2.6309413656638507,0.20195128923457348,0.24314746589767247,0.25173774565314405,0.2724389686987877
15,a75_an,1,0.05536586528132904,6.916828475920943,4.7692364194569725,5.769513146526527,6.753409217307323,0.33615029517981515,0.2215246380642778,0.21821499906754566,0.2928425556428323
15,a75_an,2,0.06553184860379359,2.1865103968391018,2.6703534597164014,2.863613472931867,1.3414422121755212,0.33615029517981515,0.2215246380642778,0.21821499906754566,0.2928425556428323
15,a75_an,3,-0.06431621475676937,4.521534325209911,1.600855469258483,44.13673869387461,12.140378462897486,0.33615029517981515,0.2215246380642778,0.21821499906754566,0.2928425556428323
15,a75_an,4,-0.38415588143062607,0.9209869840644583,0.4992565109159581,1.5556340682122511,2.3691277382927547,0.33615029517981515,0.2215246380642778,0.21821499906754566,0.2928425556428323
15,a75_an,5,-0.317179405144387,1.0190202697867243,0.5981581528948813,1.3403236757233203,0.704233916236507,0.33615029517981515,0.2215246380642778,0.21821499906754566,0.2928425556428323
15,a75_an,6,0.04344649784568165,1.6388114869668384,1.9375544402809715,8.717327653230399,1.0981416587161659,0.33615029517981515,0.2215246380642778,0.21821499906754566,0.2928425556428323
15,a75_an,7,-0.07454483655240342,1.8669886962610678,0.8800717999543832,2.530283633997978,0.3855982148181296,0.33615029517981515,0.2215246380642778,0.21821499906754566,0.2928425556428323
15,a75_an,8,-0.6844580144898631,6.88980425964635,3.8535936650803313,2.6070068581816823,10.609745593032178,0.33615029517981515,0.2215246380642778,0.21821499906754566,0.2928425556428323
15,a75_an,9,0.19279807601727356,0.9313383785851328,1.2426141871299543,0.5843621285347562,1.363696954394166,0.33615029517981515,0.2215246380642778,0.21821499906754566,0.2928425556428323
15,a75_an,10,0.4081872942031445,3.6517776323279953,2.1317306696215956,13.293769056268992,8.079806086237724,0.33615029517981515,0.2215246380642778,0.21821499906754566,0.2928425556428323
15,a75_an,11,-0.18555844985444878,10.918708077756328,2.3856982770519415,6.705889157013879,1.7574568991179917,0.33615029517981515,0.2215246380642778,0.21821499906754566,0.2928425556428323
15,a75_an,12,-0.22950946455718885,0.8109473795286742,1.1715166534706334,30.023299360501063,4.885793346415191,0.33615029517981515,0.2215246380642778,0.21821499906754566,0.2928425556428323
15,a75_an,13,-0.569735127313319,28.969087982128794,6.589573131422094,27.530479983680607,14.370064391132548,0.33615029517981515,0.2215246380642778,0.21821499906754566,0.2928425556428323
15,a75_an,14,0.13778806194506987,2.1185614131671735,1.6387866270227545,4.948120600947863,4.349832973373432,0.33615029517981515,0.2215246380642778,0.21821499906754566,0.2928425556428323
15,a75_an,15,0.22600140340165198,1.9862061390186942,1.4975697274718405,8.974938894903891,2.9966879475443737,0.33615029517981515,0.2215246380642778,0.21821499906754566,0.2928425556428323
16,a50_an,1,0.05780787885183228,0.42823428536675917,0.34859775076175126,1.8216762674867806,0.7382050534765456,0.19153175186229504,0.1853115531112087,0.2615908741941897,0.273013144388497
16,a50_an,2,-0.28592619283788545,0.7833321025809421,1.0829499020020146,2.9867706254126145,1.8035028936671595,0.19153175186229504,0.1853115531112087,0.2615908741941897,0.273013144388497
16,a50_an,3,-0.07052978069623524,6.888321902368326,2.6222428930666535,0.9792667446100634,1.323184499217073,0.19153175186229504,0.1853115531112087,0.2615908741941897,0.273013144388497
16,a50_an,4,0.17912675162540165,5.895389480115002,3.126019932214349,11.911855381991318,10.780663477258782,0.19153175186229504,0.1853115531112087,0.2615908741941897,0.273013144388497
16,a50_an,5,-0.02874415566632073,0.6403730108647333,1.3588005002403254,0.32895379604039593,0.37487161147831044,0.19153175186229504,0.1853115531112087,0.2615908741941897,0.273013144388497
16,a50_an,6,-0.294041433082221,1.1745328684981695,1.0860302786263727,2.050221992673802,0.8433833627660098,0.19153175186229504,0.1853115531112087,0.2615908741941897,0.273013144388497
16,a50_an,7,0.3815025202251799,4.102283641775084,4.032158921142509,14.590601389755887,6.878634209467494,0.19153175186229504,0.1853115531112087,0.2615908741941897,0.273013144388497
16,a50_an,8,0.4461210866290522,5.771416680687688,7.020287187588124,53.98818112956276,14.243915270481025,0.19153175186229504,0.1853115531112087,0.2615908741941897,0.273013144388497
16,a50_an,10,-0.03766367130269714,2.741790962636784,1.4202782596305765,4.061110775039237,4.186970100902217,0.19153175186229504,0.1853115531112087,0.2615908741941897,0.273013144388497
16,a50_an,11,-0.09117822689388648,1.2018015704541085,0.5550147467451702,0.40877122572626523,0.6186544472240416,0.19153175186229504,0.1853115531112087,0.2615908741941897,0.273013144388497
16,a50_an,12,0.0007332011630490469,8.940185002567121,2.827501865825934,2.2279190691539186,1.0106558172727151,0.19153175186229504,0.1853115531112087,0.2615908741941897,0.273013144388497
16,a50_an,13,0.09558203888976007,2.1655576765953666,0.6028633188174056,1.4931457196664955,4.067840507974963,0.19153175186229504,0.1853115531112087,0.2615908741941897,0.273013144388497
16,a50_an,14,0.21613372041982576,3.5179625697353543,1.6033740842066089,5.571022082217381,6.305073690907203,0.19153175186229504,0.1853115531112087,0.2615908741941897,0.273013144388497
16,a50_an,15,0.043013476427416396,1.1828061039615687,1.0161446445121438,2.0888683094712,1.6208734377136993,0.19153175186229504,0.1853115531112087,0.2615908741941897,0.273013144388497
16,a50_an,16,-0.24028503034346624,1.9028880583018415,2.875304756256707,0.42601338250943654,0.46885788288856556,0.19153175186229504,0.1853115531112087,0.2615908741941897,0.273013144388497
16,a50_an,17,0.060164423918769354,0.2987472009685667,0.28512017552555535,7.168460669214598,4.928938912116168,0.19153175186229504,0.1853115531112087,0.2615908741941897,0.273013144388497
16,a50_an,18,0.13243170100992233,2.6412670233903164,0.8990377231655419,6.879763522864161,1.987552700093217,0.19153175186229504,0.1853115531112087,0.2615908741941897,0.273013144388497
16,a50_an,19,-0.07802200426542293,1.913188564491688,1.076401587966571,4.353203356236157,2.212895571446546,0.19153175186229504,0.1853115531112087,0.2615908741941897,0.273013144388497
16,a50_an,20,0.007213162976598144,0.9172069332090911,4.602871658353831,6.184374550401115,2.943959278377024,0.19153175186229504,0.1853115531112087,0.2615908741941897,0.273013144388497
16,a50_an,21,0.3196915812188672,2.3584881703664675,2.4038686325416903,16.60167392049631,11.469705937651957,0.19153175186229504,0.1853115531112087,0.2615908741941897,0.273013144388497
16,a50_an,22,-0.03944665351635432,2.131785613941971,1.579116566318797,0.9324548364550286,2.4964848552922825,0.19153175186229504,0.1853115531112087,0.2615908741941897,0.273013144388497
16,a50_an,23,0.19668971703416646,2.992836576071805,2.049757738526698,3.1239492998698766,1.4407121960749523,0.19153175186229504,0.1853115531112087,0.2615908741941897,0.273013144388497
16,a50_an,24,0.21962460988647428,11.169514871751069,7.69081571247776,1.3697682412258905,2.9358764303305356,0.19153175186229504,0.1853115531112087,0.2615908741941897,0.273013144388497
16,a50_an,25,-0.11634074467014213,4.954465593551084,4.170294845051406,2.5942404958355714,3.972817726568978,0.19153175186229504,0.1853115531112087,0.2615908741941897,0.273013144388497
16,a50_an,26,0.20355487992390017,1.0771502124819523,1.2670604104413545,1.9550155015266892,1.8820920052331653,0.19153175186229504,0.1853115531112087,0.2615908741941897,0.273013144388497
16,a50_an,27,-0.3550802779988373,1.2386406478749339,1.1510416436391568,10.797996077115048,5.327179631070753,0.19153175186229504,0.1853115531112087,0.2615908741941897,0.273013144388497
16,a50_an,28,-0.24110088379437694,2.0010788559782986,1.912624738678331,5.148069621124074,1.0201842565146824,0.19153175186229504,0.1853115531112087,0.2615908741941897,0.273013144388497
16,a50_an,29,-0.20413481585411758,5.531348842401137,2.680804963086888,5.31835864471942,3.2681404973496786,0.19153175186229504,0.1853115531112087,0.2615908741941897,0.273013144388497
16,a50_an,30,-0.3593951310040123,7.729777920632679,7.23347455564563,13.059651954919126,9.845392684072527,0.19153175186229504,0.1853115531112087,0.2615908741941897,0.273013144388497
16,a75_an,1,0.025334297743155904,2.7360487222327152,2.6759692179878076,3.633813334241296,2.3595698906737406,0.36562029486483505,0.24071617811666396,0.4451420635937515,0.4226196246767991
16,a75_an,2,0.21338339670229897,5.753538741830363,3.0584016121656763,0.5869351314742894,0.6145399706667283,0.36562029486483505,0.24071617811666396,0.4451420635937515,0.4226196246767991
16,a75_an,3,-0.5110481268111334,0.44195049626646066,0.6593532010701283,1.32465256540735,0.42563698487631973,0.36562029486483505,0.24071617811666396,0.4451420635937515,0.4226196246767991
16,a75_an,4,-0.31092552345920543,3.6849728045119297,1.66565668289649,2.8247857226136004,2.586108310851096,0.36562029486483505,0.24071617811666396,0.4451420635937515,0.4226196246767991
16,a75_an,5,-0.2011321844761609,1.9777026357724135,1.377671499571826,0.898248891693301,0.8004315791881931,0.36562029486483505,0.24071617811666396,0.4451420635937515,0.4226196246767991
16,a75_an,6,-0.23893814709920613,1.2692261871629373,0.7118581422724444,3.047564947725553,0.8093822755877788,0.36562029486483505,0.24071617811666396,0.4451420635937515,0.4226196246767991
16,a75_an,8,-0.26446255983432276,0.34849826284101687,0.6952281110235489,6.101339537107781,1.3482290494808928,0.36562029486483505,0.24071617811666396,0.4451420635937515,0.4226196246767991
16,a75_an,9,-0.07730732614201322,2.05852529416418,1.4342335129818167,1.1651262068170627,2.857822142918836,0.36562029486483505,0.24071617811666396,0.4451420635937515,0.4226196246767991
16,a75_an,10,0.28346511727941504,2.236338229429579,1.331762828048125,2.7697554254047905,1.6432026878320691,0.36562029486483505,0.24071617811666396,0.4451420635937515,0.4226196246767991
16,a75_an,11,0.17592410214847284,5.924303986891557,1.3754263431072897,6.561086496134526,3.7154323047016233,0.36562029486483505,0.24071617811666396,0.4451420635937515,0.4226196246767991
16,a75_an,12,-0.010857550364753029,2.2182143446209395,1.8860982713061973,6.268791984816098,1.9594267071194995,0.36562029486483505,0.24071617811666396,0.4451420635937515,0.4226196246767991
16,a75_an,13,-0.15820520169620708,0.9305177273315427,0.6318758828299978,0.07757126725359932,0.18657003294353314,0.36562029486483505,0.24071617811666396,0.4451420635937515,0.4226196246767991
16,a75_an,14,0.30772749314745385,11.366083214907139,6.09555899102479,14.338871997524443,11.973065279330466,0.36562029486483505,0.24071617811666396,0.4451420635937515,0.4226196246767991
16,a75_an,15,0.08790815428454264,1.656362331963518,2.2524336057228176,46.89243123752078,5.453208930555201,0.36562029486483505,0.24071617811666396,0.4451420635937515,0.4226196246767991
17,a50_an,1,0.009444466861470687,0.7182310538898511,0.19790349650537226,0.42628290894852305,0.32722143121289154,0.08672205995581869,0.2894576942844995,0.17860950982699492,0.1524659374115638
17,a50_an,2,-0.07255903154396608,1.01264765300011,0.34148375798605995,0.9661625265652548,0.7627935635024407,0.08672205995581869,0.2894576942844995,0.17860950982699492,0.1524659374115638
17,a50_an,3,0.011948350970385546,0.8143859491161346,0.2820348517528988,1.0652612986403254,0.5374066232922328,0.08672205995581869,0.2894576942844995,0.17860950982699492,0.1524659374115638
17,a50_an,4,-0.3592105331752396,1.6337241901014234,0.3730557385386474,1.6434195647099263,2.8520156083683363,0.08672205995581869,0.2894576942844995,0.17860950982699492,0.1524659374115638
17,a50_an,5,0.05876913150984311,0.1581156562423448,0.09975574251173819,0.7617319788339795,0.12126363422549015,0.08672205995581869,0.2894576942844995,0.17860950982699492,0.1524659374115638
17,a50_an,6,0.050223938082047864,12.638672840454486,3.0479252851338954,6.654889795494584,7.397523306066214,0.08672205995581869,0.2894576942844995,0.17860950982699492,0.1524659374115638
17,a50_an,7,0.03338078325420279,2.1812339252552,0.30817071334651486,1.465649404691744,1.150966994353381,0.08672205995581869,0.2894576942844995,0.17860950982699492,0.1524659374115638
17,a50_an,8,0.02217578827211623,2.6369400422859632,0.2148716269725943,1.2463330075595098,1.0950101582369727,0.08672205995581869,0.2894576942844995,0.17860950982699492,0.1524659374115638
17,a50_an,9,-0.08895615448612564,0.5831205128636245,0.5326218262387149,0.3830978567924961,0.5473103866859338,0.08672205995581869,0.2894576942844995,0.17860950982699492,0.1524659374115638
17,a50_an,10,0.1733445559431743,1.795966043219518,0.20575009487608423,1.0171356424245468,1.7101557431447547,0.08672205995581869,0.2894576942844995,0.17860950982699492,0.1524659374115638
17,a50_an,11,0.033488654102077166,0.5928241300977475,0.28482543089757834,2.453817543346305,0.5285670694324719,0.08672205995581869,0.2894576942844995,0.17860950982699492,0.1524659374115638
17,a50_an,12,0.04713073354567998,0.409379142139998,0.16677510682173358,0.2127289718339517,0.5042555659157691,0.08672205995581869,0.2894576942844995,0.17860950982699492,0.1524659374115638
17,a50_an,13,-0.05915100796797729,1.1233118349648024,0.9097425039940933,0.8852869479895977,0.8045804516464704,0.08672205995581869,0.2894576942844995,0.17860950982699492,0.1524659374115638
17,a50_an,14,-0.0022650994189871254,0.7770445206083358,0.44338094322028504,0.17828130510413123,0.4377892058324721,0.08672205995581869,0.2894576942844995,0.17860950982699492,0.1524659374115638
17,a50_an,16,-0.1067689973418197,1.7663123479696243,0.6101812610376883,1.5962234335584997,1.081737237575766,0.08672205995581869,0.2894576942844995,0.17860950982699492,0.1524659374115638
17,a50_an,17,0.01624533366828264,0.172945216885693,0.29573056050834046,0.45799008462297847,0.4610528954103372,0.08672205995581869,0.2894576942844995,0.17860950982699492,0.1524659374115638
17,a50_an,18,-0.0362886606644435,2.3883840487822425,1.2733713415353292,0.6122408114979954,2.4926370360183894,0.08672205995581869,0.2894576942844995,0.17860950982699492,0.1524659374115638
17,a50_an,19,-0.04527104045808886,0.6624749423190694,0.14981358722340388,1.26307287461728,1.5244912936736854,0.08672205995581869,0.2894576942844995,0.17860950982699492,0.1524659374115638
17,a50_an,20,0.0336750494536343,0.9778642113188702,0.44140997015422584,1.6917276062047366,0.7628963902402441,0.08672205995581869,0.2894576942844995,0.17860950982699492,0.1524659374115638
17,a50_an,21,0.06820877609750182,0.49643885268287197,0.17717139201085733,1.3343655158705165,0.5594553591350216,0.08672205995581869,0.2894576942844995,0.17860950982699492,0.1524659374115638
17,a50_an,22,0.2863275237846516,4.830722399990258,1.8567430624974701,3.449508269657755,2.2363852780081714,0.08672205995581869,0.2894576942844995,0.17860950982699492,0.1524659374115638
17,a50_an,23,0.10781076092403409,0.39421951526053955,0.6350647461807163,0.795510723882075,0.24356119443827257,0.08672205995581869,0.2894576942844995,0.17860950982699492,0.1524659374115638
17,a50_an,24,0.3377450224681287,0.35318336054665345,0.45688271177126044,1.4946857540739067,1.198591865639829,0.08672205995581869,0.2894576942844995,0.17860950982699492,0.1524659374115638
17,a50_an,25,0.06384768061170105,0.28417921670106017,0.31618991884822023,0.3065096821018578,0.1373378013457451,0.08672205995581869,0.2894576942844995,0.17860950982699492,0.1524659374115638
17,a50_an,26,0.1568585235563088,4.984514873765329,1.016848095845533,7.772479237929082,4.884241051234219,0.08672205995581869,0.2894576942844995,0.17860950982699492,0.1524659374115638
17,a50_an,27,-0.2457237050389026,0.37117151560829337,0.2870104382586417,1.725800015164692,0.4539357476544451,0.08672205995581869,0.2894576942844995,0.17860950982699492,0.1524659374115638
17,a50_an,28,-0.271443325791577,0.36484819015171954,0.3797182070332218,1.2998454168110318,0.7666889677444392,0.08672205995581869,0.2894576942844995,0.17860950982699492,0.1524659374115638
17,a50_an,29,0.027729078373382537,0.15351927885927832,0.16663782228414273,0.2233441842297435,0.26608623115564234,0.08672205995581869,0.2894576942844995,0.17860950982699492,0.1524659374115638
17,a50_an,30,0.0007270828426575011,0.2790095693138483,0.15031649854591062,1.6018321435855245,0.5421564387667733,0.08672205995581869,0.2894576942844995,0.17860950982699492,0.1524659374115638
17,a75_an,1,-0.023847653387219843,0.2084101103520638,0.6145615705332287,0.28286818176206036,0.36250307724935266,0.24122749616877726,0.2750488238182339,0.44481066299792493,0.3101775447485065
17,a75_an,2,0.09202839136222747,0.3231254617010091,0.17313708328830124,6.240232847542905,1.4338117854484735,0.24122749616877726,0.2750488238182339,0.44481066299792493,0.3101775447485065
17,a75_an,3,-0.05735202236534567,1.1922837871723515,0.7285251532688304,4.790784814383976,1.6881513080546877,0.24122749616877726,0.2750488238182339,0.44481066299792493,0.3101775447485065
17,a75_an,4,0.17665776398518038,0.45517709216253216,0.28114615724628794,0.8499644828807034,0.9402932366202944,0.24122749616877726,0.2750488238182339,0.44481066299792493,0.3101775447485065
17,a75_an,5,-0.269481486706866,0.8797230219321582,2.28119747043364,12.88855217799322,2.6234474382024744,0.24122749616877726,0.2750488238182339,0.44481066299792493,0.3101775447485065
17,a75_an,6,0.08420291915640588,0.11727614707238392,0.07596138909892555,0.5299269662778594,0.09246573198541513,0.24122749616877726,0.2750488238182339,0.44481066299792493,0.3101775447485065
17,a75_an,7,0.054014115796371026,0.44782101618944464,0.1242426767229558,0.8165050189676365,0.2778943537602929,0.24122749616877726,0.2750488238182339,0.44481066299792493,0.3101775447485065
17,a75_an,8,0.03699789399407466,0.11765626625910391,0.38209393597079416,2.0080730601490666,0.8860357663992553,0.24122749616877726,0.2750488238182339,0.44481066299792493,0.3101775447485065
17,a75_an,9,0.1310601772876703,1.5428507542389451,0.20547455079787158,1.2431188460939886,1.1780971113421432,0.24122749616877726,0.2750488238182339,0.44481066299792493,0.3101775447485065
17,a75_an,10,0.15001846902508129,1.1842251591823643,0.4119797143808639,1.5248629967340677,1.0209928759101896,0.24122749616877726,0.2750488238182339,0.44481066299792493,0.3101775447485065
17,a75_an,11,0.02508571020387881,0.7301391092044417,0.9015890825455783,1.3469294697241496,1.326162050111357,0.24122749616877726,0.2750488238182339,0.44481066299792493,0.3101775447485065
17,a75_an,12,0.006567717807021584,1.54482034980163,0.3039715748833262,0.12545434041109027,1.0291759945547572,0.24122749616877726,0.2750488238182339,0.44481066299792493,0.3101775447485065
17,a75_an,13,-0.12941385483618348,0.5134743839363609,0.44549151142926835,1.1192671000008245,1.256850951771158,0.24122749616877726,0.2750488238182339,0.44481066299792493,0.3101775447485065
17,a75_an,14,0.1772938207763706,0.052702587088703526,0.4573362123361582,1.2635184589088033,0.5706992733402806,0.24122749616877726,0.2750488238182339,0.44481066299792493,0.3101775447485065
17,a75_an,15,-0.08854480829734848,0.09406369585490651,0.3750686779592804,0.5278002968110351,0.28521264556951237,0.24122749616877726,0.2750488238182339,0.44481066299792493,0.3101775447485065
18,a50_an,1,0.38631536912344505,1.3515919330928086,2.3516598618608002,1.0148186178199818,1.9411782586573556,0.15953155696308635,0.14858311735396454,0.23341981179907975,0.1827549575626892
18,a50_an,2,-0.04917718363803331,1.061498728053849,0.9782656890175332,5.150876383327302,1.3303229153362917,0.15953155696308635,0.14858311735396454,0.23341981179907975,0.1827549575626892
18,a50_an,3,0.446922132074199,0.5573772341633797,0.894150928179599,0.7909402230724855,0.2571720429134742,0.15953155696308635,0.14858311735396454,0.23341981179907975,0.1827549575626892
18,a50_an,4,0.03434275339989626,1.1595004863915714,0.5845554115140367,2.9536122866256163,1.2867527963792547,0.15953155696308635,0.14858311735396454,0.23341981179907975,0.1827549575626892
18,a50_an,5,0.36806480866431884,0.5506143616019417,0.3120672772445369,1.9688734507837806,1.6544056012277215,0.15953155696308635,0.14858311735396454,0.23341981179907975,0.1827549575626892
18,a50_an,6,0.014234718579716178,1.7237583857461363,0.37720718436547024,8.849851415172155,4.687706397847869,0.15953155696308635,0.14858311735396454,0.23341981179907975,0.1827549575626892
18,a50_an,7,0.08594066899668326,1.0341407159677671,0.41487809670561254,0.48223190167549634,1.2738831283736736,0.15953155696308635,0.14858311735396454,0.23341981179907975,0.1827549575626892
18,a50_an,8,0.2546684718353807,0.7350951902077215,0.3760469861733508,1.851862916910407,1.854204521754758,0.15953155696308635,0.14858311735396454,0.23341981179907975,0.1827549575626892
18,a50_an,9,0.32930100648661675,0.5124764299395635,0.539309962565619,3.4511137414152544,2.0449166372341954,0.15953155696308635,0.14858311735396454,0.23341981179907975,0.1827549575626892
18,a50_an,10,-0.07140643381372949,0.6045762877573411,0.17107870873561154,1.179064187682768,1.8858784506558133,0.15953155696308635,0.14858311735396454,0.23341981179907975,0.1827549575626892
18,a50_an,11,0.021114630694557258,2.0359659879650565,1.149453634649823,1.5639142740682,1.8198396915746131,0.15953155696308635,0.14858311735396454,0.23341981179907975,0.1827549575626892
18,a50_an,12,-0.1399225479968983,1.2658368075419055,0.2910565315712743,0.3171139100217599,0.9279704406135943,0.15953155696308635,0.14858311735396454,0.23341981179907975,0.1827549575626892
18,a50_an,13,-0.005428030408511625,1.8671080582086341,0.7549136336098072,7.761808853547096,2.1044094910279414,0.15953155696308635,0.14858311735396454,0.23341981179907975,0.1827549575626892
18,a50_an,14,0.31711525908301536,1.4484668507099159,0.5391993301568493,11.32996494546484,5.966938265915955,0.15953155696308635,0.14858311735396454,0.23341981179907975,0.1827549575626892
18,a50_an,15,0.11163138420188615,1.1457885584089185,1.0036948219018316,13.558960804885416,3.1264945305620837,0.15953155696308635,0.14858311735396454,0.23341981179907975,0.1827549575626892
18,a50_an,16,0.2704277328852137,0.8896115444370944,0.686092999787348,4.855852502522698,4.310739764481567,0.15953155696308635,0.14858311735396454,0.23341981179907975,0.1827549575626892
18,a50_an,17,0.23489424429713132,1.66368664879257,0.918144743894641,5.475126763906461,5.735298279622869,0.15953155696308635,0.14858311735396454,0.23341981179907975,0.1827549575626892
18,a50_an,18,-0.20724955721541116,2.7882183083442436,1.1103863853647198,2.4988171186966683,6.296805194447547,0.15953155696308635,0.14858311735396454,0.23341981179907975,0.1827549575626892
18,a50_an,19,-0.3062560318485463,1.1313042064011103,0.7539932255652231,2.0921764481255187,3.7411109660966617,0.15953155696308635,0.14858311735396454,0.23341981179907975,0.1827549575626892
18,a50_an,20,-0.25060044654195335,1.876360465937417,0.3777352664632719,0.1859171547806608,0.8415969198093424,0.15953155696308635,0.14858311735396454,0.23341981179907975,0.1827549575626892
18,a50_an,21,0.2063313596687913,1.257863294212125,0.9328595926520007,2.7756800998895796,4.502198540288086,0.15953155696308635,0.14858311735396454,0.23341981179907975,0.1827549575626892
18,a50_an,22,0.5957393175169668,1.9974376307786788,0.7251774869794919,2.1207284237282207,2.278166885385941,0.15953155696308635,0.14858311735396454,0.23341981179907975,0.1827549575626892
18,a50_an,23,0.3129577142439158,2.1069319881447415,0.35913137633220477,0.8982931771189684,2.368898136501857,0.15953155696308635,0.14858311735396454,0.23341981179907975,0.1827549575626892
18,a50_an,24,-0.09483964714449285,1.4327027268517023,0.511704963981448,4.099077024882876,4.330912281119125,0.15953155696308635,0.14858311735396454,0.23341981179907975,0.1827549575626892
18,a50_an,25,-0.061555338496302854,0.7220748752269549,0.5740314423640742,4.650580661806904,3.0787614177631415,0.15953155696308635,0.14858311735396454,0.23341981179907975,0.1827549575626892
18,a50_an,26,0.16220251507194428,0.722605483259737,0.79640019508188,5.317920019642644,1.0337866907822095,0.15953155696308635,0.14858311735396454,0.23341981179907975,0.1827549575626892
18,a50_an,27,-0.012984525273641924,0.16826538222074836,0.39782783800772126,3.091188332536554,1.61755341363209,0.15953155696308635,0.14858311735396454,0.23341981179907975,0.1827549575626892
18,a50_an,28,0.13457965140117198,1.399365483224564,0.6576909191637277,3.100220901429971,0.904900796386981,0.15953155696308635,0.14858311735396454,0.23341981179907975,0.1827549575626892
18,a50_an,29,0.32270134303955983,0.8006905750219727,0.1895294819050271,0.6006530128078,1.5545456623622829,0.15953155696308635,0.14858311735396454,0.23341981179907975,0.1827549575626892
18,a50_an,30,0.2427293993370836,3.529487396988083,1.31848753363042,8.162001598249478,5.886476181573452,0.15953155696308635,0.14858311735396454,0.23341981179907975,0.1827549575626892
18,a75_an,1,0.27982725667603403,1.5227021584252827,0.49363634055039307,10.969457724361016,5.191947355785528,0.25213157402212116,0.29370199680731973,0.5684291191611011,0.3694566519636778
18,a75_an,2,0.17553788115095004,1.5879664345137507,0.6420283564216598,4.0857830916580875,2.574132898518476,0.25213157402212116,0.29370199680731973,0.5684291191611011,0.3694566519636778
18,a75_an,3,0.08920783855805854,0.5895503401615585,0.43179064524142036,38.88378832363798,6.167608793022477,0.25213157402212116,0.29370199680731973,0.5684291191611011,0.3694566519636778
18,a75_an,4,0.17167477022121277,4.617409539730811,1.0831933366221123,1.4618571239875018,9.349453534010589,0.25213157402212116,0.29370199680731973,0.5684291191611011,0.3694566519636778
18,a75_an,5,0.27448960432690894,5.958207373132846,1.3441970872298623,13.929891496150834,5.9736626636888985,0.25213157402212116,0.29370199680731973,0.5684291191611011,0.3694566519636778
18,a75_an,6,0.2114882756821101,1.8406879969187957,0.9099514983613212,2.0322639046632442,2.154859934861187,0.25213157402212116,0.29370199680731973,0.5684291191611011,0.3694566519636778
18,a75_an,7,0.4482515937431994,0.41816357671353976,0.38140310194745125,6.144587645302142,2.35995371816675,0.25213157402212116,0.29370199680731973,0.5684291191611011,0.3694566519636778
18,a75_an,8,0.11573307330288696,1.3188444715821135,0.9422141117608048,2.490905597713435,2.4966303863370114,0.25213157402212116,0.29370199680731973,0.5684291191611011,0.3694566519636778
18,a75_an,9,0.7043091866844218,0.46529307846652856,0.41371067828998626,9.919427196175173,1.5278689499724214,0.25213157402212116,0.29370199680731973,0.5684291191611011,0.3694566519636778
18,a75_an,10,0.15701494648593908,0.3457290056235574,0.20623635876679874,1.269818593041248,0.9886103859533414,0.25213157402212116,0.29370199680731973,0.5684291191611011,0.3694566519636778
18,a75_an,11,0.25750537807680385,0.6221122639091027,0.49035530378241715,1.9846488708392804,1.8187005020190006,0.25213157402212116,0.29370199680731973,0.5684291191611011,0.3694566519636778
18,a75_an,12,0.38475774112198224,0.803740035793733,0.6924321028542176,3.304306581709268,1.1625855003823744,0.25213157402212116,0.29370199680731973,0.5684291191611011,0.3694566519636778
18,a75_an,13,0.0602973888288596,4.5561167587137135,1.848624435373158,7.053407032381605,3.6793054451343448,0.25213157402212116,0.29370199680731973,0.5684291191611011,0.3694566519636778
18,a75_an,14,0.2847067761546059,2.662244907925961,0.48942170454126227,1.2892118915326676,1.2325885152006308,0.25213157402212116,0.29370199680731973,0.5684291191611011,0.3694566519636778
18,a75_an,15,-0.0729618144849945,1.2459322983381362,1.1011701937738263,11.13847676114303,2.4908255593190893,0.25213157402212116,0.29370199680731973,0.5684291191611011,0.3694566519636778
19,a50_an,1,0.4759250633250552,8.93440171846501,2.1597245208752707,7.527451651983642,13.034486231998512,0.3083235920802413,0.21160082066198815,0.19039239684366385,0.25402257778578846
19,a50_an,3,-0.19014777680165507,11.204572055355042,4.364605612593855,5.231614060582264,2.9082630960493874,0.3083235920802413,0.21160082066198815,0.19039239684366385,0.25402257778578846
19,a50_an,4,0.49074235998145327,6.890006897974882,6.53921398034926,7.345259444817372,12.96492174357067,0.3083235920802413,0.21160082066198815,0.19039239684366385,0.25402257778578846
19,a50_an,5,0.2858052746540855,4.676583940672371,2.10534488506893,3.7275856471480693,2.8726989286479547,0.3083235920802413,0.21160082066198815,0.19039239684366385,0.25402257778578846
19,a50_an,6,-0.3266444914600771,20.648761459294874,2.398793963025876,29.607250304739487,12.316297969235665,0.3083235920802413,0.21160082066198815,0.19039239684366385,0.25402257778578846
19,a50_an,7,-0.16395308891944807,1.0794704157763197,0.3434110075441561,3.6356040218943733,0.46525551818594063,0.3083235920802413,0.21160082066198815,0.19039239684366385,0.25402257778578846
19,a50_an,8,-0.8056219430900778,12.124770858951011,3.837922748339497,24.895280027627944,13.161663757394294,0.3083235920802413,0.21160082066198815,0.19039239684366385,0.25402257778578846
19,a50_an,9,0.11272833840684292,7.58983793953111,1.4181456310560412,9.936620589933218,9.437225298753843,0.3083235920802413,0.21160082066198815,0.19039239684366385,0.25402257778578846
19,a50_an,10,0.09618480203533479,5.322137041305484,0.5546215765047152,3.273895609670917,3.1299269505226373,0.3083235920802413,0.21160082066198815,0.19039239684366385,0.25402257778578846
19,a50_an,11,-0.09897859287798051,2.738488737442191,1.4963712691443787,3.09420422213718,2.8408235085561353,0.3083235920802413,0.21160082066198815,0.19039239684366385,0.25402257778578846
19,a50_an,12,-1.1425223245911507,3.901654609573955,4.07498456776198,48.79776583853854,11.218064506259756,0.3083235920802413,0.21160082066198815,0.19039239684366385,0.25402257778578846
19,a50_an,13,0.17972951302285248,1.7324561068001332,0.3934184525497772,0.9655404568119154,1.509191839350068,0.3083235920802413,0.21160082066198815,0.19039239684366385,0.25402257778578846
19,a50_an,14,-0.25642745403728173,5.9610329052580004,3.454750710123451,2.0881576266520714,5.252408564483093,0.3083235920802413,0.21160082066198815,0.19039239684366385,0.25402257778578846
19,a50_an,15,-0.23151247141997272,1.8336440415680468,1.1856494711131549,5.9757034836166785,1.0652746433242481,0.3083235920802413,0.21160082066198815,0.19039239684366385,0.25402257778578846
19,a50_an,16,0.9098087397424162,6.396066855569639,1.2331099463264354,8.184298682807785,4.238953767215508,0.3083235920802413,0.21160082066198815,0.19039239684366385,0.25402257778578846
19,a50_an,17,0.527473897660835,4.005495917394557,2.180738515963214,5.324531678648545,7.583357645525512,0.3083235920802413,0.21160082066198815,0.19039239684366385,0.25402257778578846
19,a50_an,18,0.4241701246746795,16.548166898230647,2.8549974204524737,12.888533406641159,11.004471830339115,0.3083235920802413,0.21160082066198815,0.19039239684366385,0.25402257778578846
19,a50_an,19,-0.15307252666885646,9.361878403312042,1.656834895816696,4.794069612684577,5.517483577659967,0.3083235920802413,0.21160082066198815,0.19039239684366385,0.25402257778578846
19,a50_an,20,-0.2461808010330381,6.080462836288714,1.1450669912818436,1.7345152220096751,0.6938663483516454,0.3083235920802413,0.21160082066198815,0.19039239684366385,0.25402257778578846
19,a50_an,21,0.2345162624131777,19.838542981586066,4.248565037901637,7.716025006440668,11.7166669262004,0.3083235920802413,0.21160082066198815,0.19039239684366385,0.25402257778578846
19,a50_an,22,-1.6508300976503527,6.4832119572441895,9.25704203637061,39.582885119847575,9.073291183947322,0.3083235920802413,0.21160082066198815,0.19039239684366385,0.25402257778578846
19,a50_an,23,-0.6036276333192113,10.836375830698215,1.135229596177521,6.059610167271652,9.618091911557011,0.3083235920802413,0.21160082066198815,0.19039239684366385,0.25402257778578846
19,a50_an,24,0.21677312127431736,9.534928772661829,4.4092517759590155,2.984173125601723,6.146936400873874,0.3083235920802413,0.21160082066198815,0.19039239684366385,0.25402257778578846
19,a50_an,25,0.002286602593017912,14.901512734447222,2.2912950664544036,7.9374595127167344,11.02199397118355,0.3083235920802413,0.21160082066198815,0.19039239684366385,0.25402257778578846
19,a50_an,26,0.08047678540918232,1.1940148888433209,1.0603291225720017,1.1717944218896845,1.169325504246026,0.3083235920802413,0.21160082066198815,0.19039239684366385,0.25402257778578846
19,a50_an,27,0.4326623353367053,1.389828552625069,0.7916263729590131,8.490169343940217,4.913421345218428,0.3083235920802413,0.21160082066198815,0.19039239684366385,0.25402257778578846
19,a50_an,28,0.18814234989664175,7.4383791702627455,1.2526005701137004,14.534049968820982,9.15050036909639,0.3083235920802413,0.21160082066198815,0.19039239684366385,0.25402257778578846
19,a50_an,29,-0.11496322604352574,6.4399648829237846,2.1790432449005963,6.786631726191086,5.388037548176778,0.3083235920802413,0.21160082066198815,0.19039239684366385,0.25402257778578846
19,a50_an,30,0.2106823600345466,4.460300595269272,1.8697789170314765,0.4842188304202739,0.8684904454810938,0.3083235920802413,0.21160082066198815,0.19039239684366385,0.25402257778578846
19,a75_an,1,0.4576209233584068,8.905665091126298,4.332024792305987,5.47672431449374,9.179983178284017,0.2545353725550093,0.23815209994122585,0.25236169744261244,0.2614041346332723
19,a75_an,3,0.053060739358171016,2.1224026764308075,0.8556468027997869,12.142997086260786,6.840421478902713,0.2545353725550093,0.23815209994122585,0.25236169744261244,0.2614041346332723
19,a75_an,4,-0.11890562980354348,19.512904027156804,3.6428516489704155,16.243223824215153,27.146485882053327,0.2545353725550093,0.23815209994122585,0.25236169744261244,0.2614041346332723
19,a75_an,5,0.18642807786221868,1.1240638977170228,0.4456746883777301,8.836235472741018,2.492591718500399,0.2545353725550093,0.23815209994122585,0.25236169744261244,0.2614041346332723
19,a75_an,6,-0.03722072103054013,16.110439017234654,1.6656807608667012,29.931557984804783,19.00675026804094,0.2545353725550093,0.23815209994122585,0.25236169744261244,0.2614041346332723
19,a75_an,7,0.3535326137387696,5.567000610570848,5.873850364034836,5.979262638484273,4.89079511725761,0.2545353725550093,0.23815209994122585,0.25236169744261244,0.2614041346332723
19,a75_an,8,0.3657594311290886,6.318763091353605,1.3162475103984232,4.353824472106859,5.017875315189848,0.2545353725550093,0.23815209994122585,0.25236169744261244,0.2614041346332723
19,a75_an,9,0.5107962583678992,2.357591933230677,0.6167164476033039,6.993894465282032,6.130442170048856,0.2545353725550093,0.23815209994122585,0.25236169744261244,0.2614041346332723
19,a75_an,10,-0.2482372862937594,3.2988637709976127,1.2180905072182457,7.330480843551742,4.361381902097505,0.2545353725550093,0.23815209994122585,0.25236169744261244,0.2614041346332723
19,a75_an,11,-0.4456450158905638,77.28688743498797,7.321175069373932,11.181033538167872,28.109258083465427,0.2545353725550093,0.23815209994122585,0.25236169744261244,0.2614041346332723
19,a75_an,12,0.3052469624676706,3.2845917368735935,1.5366574237176638,16.033148356242563,12.916499410510509,0.2545353725550093,0.23815209994122585,0.25236169744261244,0.2614041346332723
19,a75_an,13,-0.9263413826988973,3.5410268142598107,6.648027021141654,26.69042068244428,3.0578046548713402,0.2545353725550093,0.23815209994122585,0.25236169744261244,0.2614041346332723
19,a75_an,14,0.05460344667974739,13.291828914086063,1.6783282857479078,19.857789220251437,5.1364731686029605,0.2545353725550093,0.23815209994122585,0.25236169744261244,0.2614041346332723
19,a75_an,15,-0.29016106134886427,6.929899111672101,3.1354748514106103,49.53068100969002,26.477808134997943,0.2545353725550093,0.23815209994122585,0.25236169744261244,0.2614041346332723
20,a50_an,1,-0.3942584410833407,6.048770353010758,0.30601781659365385,2.410894146570142,2.1575613803887346,0.15869733954065157,0.17745566801593227,0.22205541261950293,0.19449134944406993
20,a50_an,2,-0.017231492797896847,0.5537769238012221,0.3990831113929251,0.15150213328926496,0.5546952512379405,0.15869733954065157,0.17745566801593227,0.22205541261950293,0.19449134944406993
20,a50_an,3,-0.30065772592412926,2.1458268533394285,1.918997356566306,1.6910258445350845,1.145059153003962,0.15869733954065157,0.17745566801593227,0.22205541261950293,0.19449134944406993
20,a50_an,4,-0.017617171669774567,0.17647202166551051,0.26819368465540694,0.36641533864118553,0.1084638484275923,0.15869733954065157,0.17745566801593227,0.22205541261950293,0.19449134944406993
20,a50_an,5,-0.002238236110352624,1.636231894807648,0.5798278911433067,3.1062944358851228,2.168942478413872,0.15869733954065157,0.17745566801593227,0.22205541261950293,0.19449134944406993
20,a50_an,6,0.1864847710544717,0.9341321265397056,0.37259072493800915,0.48737926440257906,0.3494404017990316,0.15869733954065157,0.17745566801593227,0.22205541261950293,0.19449134944406993
20,a50_an,7,-0.13133592308112477,4.74439587022816,0.3488315667914439,1.0074264039258456,0.9841111615525183,0.15869733954065157,0.17745566801593227,0.22205541261950293,0.19449134944406993
20,a50_an,8,-0.05268747758647187,0.7175797006070161,1.4991437373267376,5.0997492261827,1.1908607160018354,0.15869733954065157,0.17745566801593227,0.22205541261950293,0.19449134944406993
20,a50_an,9,-0.07479763951105052,2.2568462779885574,1.7590463511629761,3.836629333380212,3.781351204965278,0.15869733954065157,0.17745566801593227,0.22205541261950293,0.19449134944406993
20,a50_an,10,-0.0313175325076873,0.5946779280387865,0.607709854783777,1.1107841019958962,0.4766004374289884,0.15869733954065157,0.17745566801593227,0.22205541261950293,0.19449134944406993
20,a50_an,12,-0.030026079418346417,0.684136270481329,0.5136926494271893,0.8416144878484243,1.0032931243427738,0.15869733954065157,0.17745566801593227,0.22205541261950293,0.19449134944406993
20,a50_an,13,-0.1619860437716995,0.2649820970566698,0.3107929881799792,2.1145137103355167,1.066523688026972,0.15869733954065157,0.17745566801593227,0.22205541261950293,0.19449134944406993
20,a50_an,14,-0.03686962062310953,3.9410528675325476,1.2651099589578494,0.6686072253240948,1.2737779435200822,0.15869733954065157,0.17745566801593227,0.22205541261950293,0.19449134944406993
20,a50_an,15,0.044463324099170407,0.09672220392367388,0.2045460284082561,1.2298715269390559,0.5393915473483585,0.15869733954065157,0.17745566801593227,0.22205541261950293,0.19449134944406993
20,a50_an,16,0.02611756618717485,2.4796403453505658,0.4150914790646568,1.2941462381726052,1.7372648515069276,0.15869733954065157,0.17745566801593227,0.22205541261950293,0.19449134944406993
20,a50_an,17,-0.09664831044303537,2.821909206841302,1.149120169018769,1.2354470738841468,1.5266097699945946,0.15869733954065157,0.17745566801593227,0.22205541261950293,0.19449134944406993
20,a50_an,18,-0.09480989833638477,0.24174589997681065,0.18466305050802956,0.4162075553906752,0.14329763699676892,0.15869733954065157,0.17745566801593227,0.22205541261950293,0.19449134944406993
20,a50_an,19,-0.21939658515817237,0.3216470055597136,0.6641036034267727,3.6853948857533276,0.6324635541162357,0.15869733954065157,0.17745566801593227,0.22205541261950293,0.19449134944406993
20,a50_an,20,-0.011026956979248853,1.699163344001967,0.7451727533004758,0.9668368012669551,0.44533614330628946,0.15869733954065157,0.17745566801593227,0.22205541261950293,0.19449134944406993
20,a50_an,21,0.15210589633078386,0.980037471565457,0.6092418201940465,3.316493311145974,2.5475371287544903,0.15869733954065157,0.17745566801593227,0.22205541261950293,0.19449134944406993
20,a50_an,22,0.05224974273624441,4.055924306882811,1.0837943770377076,2.642764924559633,1.8580101889610776,0.15869733954065157,0.17745566801593227,0.22205541261950293,0.19449134944406993
20,a50_an,23,-0.16711863493518705,0.9234708239180485,0.13135720044141624,1.8427668033297462,0.19180504963672962,0.15869733954065157,0.17745566801593227,0.22205541261950293,0.19449134944406993
20,a50_an,24,0.06889227194788902,0.3388072709852085,0.3373355558949825,0.7350848196315932,0.41182384084149454,0.15869733954065157,0.17745566801593227,0.22205541261950293,0.19449134944406993
20,a50_an,25,-0.0626955275520078,1.9240925542921725,0.38802226291992326,2.661427148396996,0.9363675092923991,0.15869733954065157,0.17745566801593227,0.22205541261950293,0.19449134944406993
20,a50_an,26,0.10312237572316503,0.973394727961064,0.6089962276089222,4.46597963571393,2.054469251280881,0.15869733954065157,0.17745566801593227,0.22205541261950293,0.19449134944406993
20,a50_an,27,0.04652423742933007,0.8974437523401365,0.18380689624588195,0.3289126083836892,0.3737413728297819,0.15869733954065157,0.17745566801593227,0.22205541261950293,0.19449134944406993
20,a50_an,28,0.08510790800556994,1.5026026047776841,0.5984922771383668,1.8707619681667371,3.6232862480352486,0.15869733954065157,0.17745566801593227,0.22205541261950293,0.19449134944406993
20,a50_an,29,-0.044998904122618276,1.0037464842916894,0.24963469688619025,0.17070072082585044,0.21293890078404137,0.15869733954065157,0.17745566801593227,0.22205541261950293,0.19449134944406993
20,a50_an,30,0.018587644415375432,0.5375369934805134,0.1784366752233867,0.35512872928571,0.2314667702770164,0.15869733954065157,0.17745566801593227,0.22205541261950293,0.19449134944406993
20,a75_an,1,0.01777203648021263,0.3843805962255937,0.39415974176863827,1.6290987842842903,1.1576963372985805,0.360409237697138,0.2781182313521699,0.40943436894448276,0.35879950473098526
20,a75_an,2,-0.15460456990782417,3.7268413085082446,0.5077788997713952,3.0925705375524855,1.6531430332056825,0.360409237697138,0.2781182313521699,0.40943436894448276,0.35879950473098526
20,a75_an,3,-0.15799781625545595,0.11509575213989022,0.2200389112513002,1.8163261931824686,0.4178982394814014,0.360409237697138,0.2781182313521699,0.40943436894448276,0.35879950473098526
20,a75_an,4,-0.14410684886790848,0.4195116608080661,0.28669958428226083,0.5243701600057625,0.556485934311408,0.360409237697138,0.2781182313521699,0.40943436894448276,0.35879950473098526
20,a75_an,5,0.242137523812772,3.235880941449215,1.01929722959087,25.059445655545353,3.3110720324797196,0.360409237697138,0.2781182313521699,0.40943436894448276,0.35879950473098526
20,a75_an,6,-0.37640473781932143,2.2171946585119837,0.6439746349771224,0.3092960049113926,0.8066698253216498,0.360409237697138,0.2781182313521699,0.40943436894448276,0.35879950473098526
20,a75_an,7,-0.01565885511080515,0.5355697411784918,0.49685194482995904,1.097419615684,0.35203958035154054,0.360409237697138,0.2781182313521699,0.40943436894448276,0.35879950473098526
20,a75_an,8,-0.11711279558794169,0.706883159404293,0.20042090740354251,1.1682412508335456,0.673115638681739,0.360409237697138,0.2781182313521699,0.40943436894448276,0.35879950473098526
20,a75_an,9,-0.1469258154773444,0.7264866521282805,0.5064920727732258,0.47333052826639965,0.365937110327613,0.360409237697138,0.2781182313521699,0.40943436894448276,0.35879950473098526
20,a75_an,10,-0.42738348022297734,2.0159954383007075,0.6193201235586648,10.265318483068251,3.8305851051537707,0.360409237697138,0.2781182313521699,0.40943436894448276,0.35879950473098526
20,a75_an,12,-0.15844567538476648,2.1513497221657443,0.25583422348355883,1.0702471768691575,1.137525138895649,0.360409237697138,0.2781182313521699,0.40943436894448276,0.35879950473098526
20,a75_an,13,-0.0765089566684553,1.0265138905244402,0.4388468392157116,3.1564807349675332,0.7374981413176857,0.360409237697138,0.2781182313521699,0.40943436894448276,0.35879950473098526
20,a75_an,14,-0.2934758411288296,1.1527791689059985,0.40814412222798024,1.0508709328578545,0.9449110439358499,0.360409237697138,0.2781182313521699,0.40943436894448276,0.35879950473098526
20,a75_an,15,-0.42452186198853487,3.4599703533546,0.8999328881806133,4.397534150221663,1.2869676809098487,0.360409237697138,0.2781182313521699,0.40943436894448276,0.35879950473098526
