subject,condition,trial,meanAmplitude,Alpha_bandPower,Beta_bandPower,Delta_bandPower,Theta_bandPower,Alpha_bandITPC,Beta_bandITPC,Delta_bandITPC,Theta_bandITPC
2,is_s,1,0.517123828852103,54.73345069343501,27.588350513493907,13.751509545850686,42.186183499204375,0.20808554113379213,0.1193600940252069,0.178493382165164,0.2360083520748111
2,is_s,2,0.7863560994020047,18.694094869316704,8.70771527711702,48.493001497711916,38.000824058432485,0.20808554113379213,0.1193600940252069,0.178493382165164,0.2360083520748111
2,is_s,3,0.49111510641969525,27.79421958864292,35.09569563979499,26.236307302595314,11.779448911656475,0.20808554113379213,0.1193600940252069,0.178493382165164,0.2360083520748111
2,is_s,4,0.027832064580870154,3.941391722294767,10.51938445520996,6.153488300557672,8.580957073673133,0.20808554113379213,0.1193600940252069,0.178493382165164,0.2360083520748111
2,is_s,5,0.38537088281040366,24.805606327193377,28.20539181545991,6.047346126074024,8.667531368059596,0.20808554113379213,0.1193600940252069,0.178493382165164,0.2360083520748111
2,is_s,6,0.01813610785823988,4.355851826763597,4.642527309663333,12.777678503731615,11.592303520490834,0.20808554113379213,0.1193600940252069,0.178493382165164,0.2360083520748111
2,is_s,7,0.24740585864798237,26.050414914323277,6.666202436347798,9.275765608393192,14.991161308316023,0.20808554113379213,0.1193600940252069,0.178493382165164,0.2360083520748111
2,is_s,8,-0.10574203970893645,6.690173276635341,5.749375057365307,40.66805706953646,12.872140541409907,0.20808554113379213,0.1193600940252069,0.178493382165164,0.2360083520748111
2,is_s,9,0.08586169323869491,1.0439009571070907,4.021988736336972,8.557321371489374,3.8601101348875986,0.20808554113379213,0.1193600940252069,0.178493382165164,0.2360083520748111
2,is_s,10,0.6636180989852902,5.104609441768385,9.113308119054436,17.56700539950377,11.261475681555883,0.20808554113379213,0.1193600940252069,0.178493382165164,0.2360083520748111
2,is_s,11,-0.4111711397721059,3.1464601674488892,4.02312410706223,6.855931780204903,7.94385334490063,0.20808554113379213,0.1193600940252069,0.178493382165164,0.2360083520748111
2,is_s,12,-0.06908876998937745,7.328260201215508,4.605521692104394,12.751843214996448,7.847363745152982,0.20808554113379213,0.1193600940252069,0.178493382165164,0.2360083520748111
2,is_s,13,0.2307886026765581,9.901374718126192,7.170846869505157,19.1975934760621,10.757896354369725,0.20808554113379213,0.1193600940252069,0.178493382165164,0.2360083520748111
2,is_s,14,0.259177199586893,3.2208362499499272,8.355763051233767,22.239000972318234,29.10392599729836,0.20808554113379213,0.1193600940252069,0.178493382165164,0.2360083520748111
2,is_s,15,-0.11117256172706436,5.822314868730606,17.689950765992158,7.541388417113247,2.6301135473806077,0.20808554113379213,0.1193600940252069,0.178493382165164,0.2360083520748111
2,is_s,16,1.9196826940144094,13.542917739316291,3.5382414882163538,38.1390017750845,8.395734984521408,0.20808554113379213,0.1193600940252069,0.178493382165164,0.2360083520748111
2,is_s,17,-0.3820677314499464,7.735751935143236,14.347596624981854,17.736356052779307,19.518418792386246,0.20808554113379213,0.1193600940252069,0.178493382165164,0.2360083520748111
2,is_s,18,0.5445208038774789,20.47554688576175,12.435261372256903,105.84802788504705,75.66000871936414,0.20808554113379213,0.1193600940252069,0.178493382165164,0.2360083520748111
2,is_s,19,-0.6520154685299069,22.952731555664528,20.117083560355848,60.185454082558756,11.343821828468053,0.20808554113379213,0.1193600940252069,0.178493382165164,0.2360083520748111
2,is_s,20,0.5695852371665919,5.400820339991656,11.730061082661875,17.572626707315873,31.843138711618476,0.20808554113379213,0.1193600940252069,0.178493382165164,0.2360083520748111
2,is_s,21,-0.2323250991312077,13.725116116002358,6.094425808593094,11.285249909559044,9.608344575823995,0.20808554113379213,0.1193600940252069,0.178493382165164,0.2360083520748111
2,is_s,22,-0.035584268162672746,4.921066627450218,3.9695104378989425,1.5503002157175438,5.365933080285936,0.20808554113379213,0.1193600940252069,0.178493382165164,0.2360083520748111
2,is_s,23,-0.5122054131429131,30.32397093318722,4.317092803888325,24.49569111576454,47.8025888517026,0.20808554113379213,0.1193600940252069,0.178493382165164,0.2360083520748111
2,is_s,24,0.23220014126307253,8.388506769604513,3.3687596670617537,11.177900977787584,6.2442333085262565,0.20808554113379213,0.1193600940252069,0.178493382165164,0.2360083520748111
2,is_s,25,0.9043219691936075,14.883879835753124,8.540385497322797,62.892140386278754,28.76777102226946,0.20808554113379213,0.1193600940252069,0.178493382165164,0.2360083520748111
2,is_s,26,-0.34537622845974697,9.984697081294659,9.547359214866827,20.741949450936232,9.797165700248321,0.20808554113379213,0.1193600940252069,0.178493382165164,0.2360083520748111
2,is_s,27,0.701094990227872,11.561342569663854,4.21111028331603,11.628273255377177,4.52012425016339,0.20808554113379213,0.1193600940252069,0.178493382165164,0.2360083520748111
2,is_s,28,0.4496188540139324,48.71307601603207,10.090506964487732,41.16181678590945,31.972209168857592,0.20808554113379213,0.1193600940252069,0.178493382165164,0.2360083520748111
2,is_s,29,-0.5516733019179102,3.952015526983884,3.904743884804435,9.577841442414938,8.544090244204824,0.20808554113379213,0.1193600940252069,0.178493382165164,0.2360083520748111
2,is_s,30,0.115396101647109,11.883808272398973,10.633590449622087,22.830965114771367,4.45863850492066,0.20808554113379213,0.1193600940252069,0.178493382165164,0.2360083520748111
2,is_s,31,-0.616074715885887,3.3226000297843328,1.9906569634946465,25.663881728540343,5.452020826481256,0.20808554113379213,0.1193600940252069,0.178493382165164,0.2360083520748111
2,is_s,32,0.09062247585475935,6.198360364816384,3.1878491354761853,1.898252107544823,5.46322787059512,0.20808554113379213,0.1193600940252069,0.178493382165164,0.2360083520748111
2,is_s,33,0.5738824625559942,3.058815986900763,6.1232919474130405,22.136986507511025,7.282027508820343,0.20808554113379213,0.1193600940252069,0.178493382165164,0.2360083520748111
2,is_s,34,0.808928064441913,1.0089152907317598,21.1820303853632,28.344998449337055,3.255742940213476,0.20808554113379213,0.1193600940252069,0.178493382165164,0.2360083520748111
2,is_s,35,1.069141722991603,11.542705095858574,36.766445531726,13.931506780151457,7.528706271929518,0.20808554113379213,0.1193600940252069,0.178493382165164,0.2360083520748111
2,is_s,36,-0.4409449933712931,27.397306199511792,16.931060539133497,38.75794050738089,82.24429836873854,0.20808554113379213,0.1193600940252069,0.178493382165164,0.2360083520748111
2,is_s,37,-0.28870863017941706,18.263415953942584,11.613771619275797,1.615924272443876,24.76377366337665,0.20808554113379213,0.1193600940252069,0.178493382165164,0.2360083520748111
2,is_s,38,0.7301751249391593,8.604416025376263,14.214804517120278,20.340195853457946,33.261798883817264,0.20808554113379213,0.1193600940252069,0.178493382165164,0.2360083520748111
2,is_s,39,0.4372468536522584,33.0085340444538,13.65844250098386,22.066576982214603,54.720142222180094,0.20808554113379213,0.1193600940252069,0.178493382165164,0.2360083520748111
2,is_s,40,0.9223621571447983,16.742356391173146,7.17009703272831,127.32291290649562,33.24085611148242,0.20808554113379213,0.1193600940252069,0.178493382165164,0.2360083520748111
2,is_s,41,0.06658006492831464,4.1299384704150475,13.57179945952021,38.03357798552599,13.544388818780087,0.20808554113379213,0.1193600940252069,0.178493382165164,0.2360083520748111
2,is_s,42,1.396261750746342,27.115973657134948,7.8290857724191065,115.85993906967893,45.58075931181491,0.20808554113379213,0.1193600940252069,0.178493382165164,0.2360083520748111
2,is_s,43,0.0989450056075783,2.8669577523516088,9.334709693171757,17.20447997555265,16.419983578214953,0.20808554113379213,0.1193600940252069,0.178493382165164,0.2360083520748111
2,is_s,44,0.6126755733739064,3.0944454422054415,6.750178515516506,15.005606625048294,12.677406172803204,0.20808554113379213,0.1193600940252069,0.178493382165164,0.2360083520748111
2,is_s,45,0.6374902883267298,11.848884662360481,15.937931436775497,1.1593891109017471,4.025684411559697,0.20808554113379213,0.1193600940252069,0.178493382165164,0.2360083520748111
2,is_s,46,0.7463658979624244,2.528513042327897,4.4107384900479865,7.072373492646979,10.06241510729,0.20808554113379213,0.1193600940252069,0.178493382165164,0.2360083520748111
2,is_s,47,0.8489022254039498,17.9163713342472,18.263948278390668,45.9487992512676,44.16812789260356,0.20808554113379213,0.1193600940252069,0.178493382165164,0.2360083520748111
2,is_s,48,0.3409526189234377,16.063132452226746,11.849533714949855,8.069882457931998,6.792701511153006,0.20808554113379213,0.1193600940252069,0.178493382165164,0.2360083520748111
2,is_s,49,-0.05766406979946765,4.504714634488598,5.813437226812564,0.29943245177260186,1.9301098456179788,0.20808554113379213,0.1193600940252069,0.178493382165164,0.2360083520748111
2,is_s,50,0.2004130346344338,3.218397564330282,2.4670231358189403,13.052406654164875,5.90141199221703,0.20808554113379213,0.1193600940252069,0.178493382165164,0.2360083520748111
2,is_s,51,0.39567727118856927,3.1531126617523473,4.075354642217137,1.5740342344539524,3.645610468305381,0.20808554113379213,0.1193600940252069,0.178493382165164,0.2360083520748111
2,is_s,52,1.7050579207552239,9.524737415523445,54.45822648943266,48.74863176274538,22.211397711979362,0.20808554113379213,0.1193600940252069,0.178493382165164,0.2360083520748111
2,is_s,53,-0.5496844418228036,4.3181232449254034,3.2591469622943876,15.606836006670354,3.8625761309043267,0.20808554113379213,0.1193600940252069,0.178493382165164,0.2360083520748111
2,is_s,54,0.2164998210547898,4.640286109909508,7.441811193786256,29.083505078784178,9.304847511432367,0.20808554113379213,0.1193600940252069,0.178493382165164,0.2360083520748111
2,is_s,55,-0.37838067565271793,9.409800049505572,6.98100729761256,53.32953714579934,23.281583944955962,0.20808554113379213,0.1193600940252069,0.178493382165164,0.2360083520748111
2,is_s,56,0.6430822983234752,3.110349782612131,7.230852910855866,4.748852615287655,3.8228095978844188,0.20808554113379213,0.1193600940252069,0.178493382165164,0.2360083520748111
2,is_s,57,-0.11679188777074877,7.123342973846219,3.6581366126428385,35.65090190859156,7.450482770952222,0.20808554113379213,0.1193600940252069,0.178493382165164,0.2360083520748111
2,is_s,59,0.06556656659765926,16.210738333336096,7.598596482180632,108.995090533237,127.6286799428685,0.20808554113379213,0.1193600940252069,0.178493382165164,0.2360083520748111
2,is_s,60,0.8413241562265046,29.359974431773917,31.126915997578248,10.326117876069729,14.064702711681262,0.20808554113379213,0.1193600940252069,0.178493382165164,0.2360083520748111
2,vs_s,1,0.744285039840027,11.185400342212061,8.262976217710897,20.952564209935915,16.19560388244015,0.3669626173239049,0.18743507607034982,0.3686156334204415,0.3475420752769176
2,vs_s,2,0.5114851794361439,3.0394080100258525,5.887821522019891,11.012723883361076,7.305035950860748,0.3669626173239049,0.18743507607034982,0.3686156334204415,0.3475420752769176
2,vs_s,3,0.09140953905566467,4.9752679601287735,4.09701322551469,3.8486614509282338,7.570868065758471,0.3669626173239049,0.18743507607034982,0.3686156334204415,0.3475420752769176
2,vs_s,4,-0.37528298877664756,15.340870814397498,12.614439716025037,63.48988816299454,47.65324309915966,0.3669626173239049,0.18743507607034982,0.3686156334204415,0.3475420752769176
2,vs_s,5,0.3961875937244504,9.656889344260088,18.40757696956361,5.953032071862974,13.925334788422282,0.3669626173239049,0.18743507607034982,0.3686156334204415,0.3475420752769176
2,vs_s,6,1.4921353826368235,15.20989169157393,9.222700035191574,29.99578355115171,25.00327096805408,0.3669626173239049,0.18743507607034982,0.3686156334204415,0.3475420752769176
2,vs_s,7,0.8160723474493164,4.339776812447907,9.268105736774695,9.712918420605188,4.080311024762197,0.3669626173239049,0.18743507607034982,0.3686156334204415,0.3475420752769176
2,vs_s,8,0.35402752755314004,10.10723468499065,8.246038024087087,19.19176389494784,19.962934062018757,0.3669626173239049,0.18743507607034982,0.3686156334204415,0.3475420752769176
2,vs_s,9,0.37069590485707316,23.688030677676068,12.349591058198508,25.124567573303203,11.087203418472729,0.3669626173239049,0.18743507607034982,0.3686156334204415,0.3475420752769176
2,vs_s,10,1.8792047297259706,10.734998402446136,15.619255433084279,63.23230947003392,57.326375958886544,0.3669626173239049,0.18743507607034982,0.3686156334204415,0.3475420752769176
2,vs_s,11,0.4748070103265823,11.442991067681923,7.474636117569337,9.25951136437055,14.404352790114453,0.3669626173239049,0.18743507607034982,0.3686156334204415,0.3475420752769176
2,vs_s,12,0.05954440493089853,9.658700844058663,4.196231875825072,11.275795943317707,7.777098859805022,0.3669626173239049,0.18743507607034982,0.3686156334204415,0.3475420752769176
2,vs_s,13,0.38500146022495285,15.605470625036222,8.441790936341215,4.779635418211358,4.88848574571194,0.3669626173239049,0.18743507607034982,0.3686156334204415,0.3475420752769176
2,vs_s,14,0.8171528991165745,8.408329358428965,31.444606933194784,140.3524413445209,55.457812391264966,0.3669626173239049,0.18743507607034982,0.3686156334204415,0.3475420752769176
2,vs_s,15,0.3121650231715863,2.9962254855097914,4.487793169424373,33.51655026964283,5.698686394583104,0.3669626173239049,0.18743507607034982,0.3686156334204415,0.3475420752769176
2,vs_s,17,0.4653310858164247,0.9308015878306628,3.258548198688891,18.960054501655687,3.047876054499828,0.3669626173239049,0.18743507607034982,0.3686156334204415,0.3475420752769176
2,vs_s,18,0.14258340687455345,6.554549466306746,6.146206161941247,14.546985062292343,11.115843571589187,0.3669626173239049,0.18743507607034982,0.3686156334204415,0.3475420752769176
2,vs_s,19,0.32709298571200324,5.047377749309162,3.219309561113976,3.509376188632085,11.255802825478288,0.3669626173239049,0.18743507607034982,0.3686156334204415,0.3475420752769176
2,vs_s,20,0.06802276017232112,5.814169068149943,9.977500108186137,3.547647755268543,6.108359250620625,0.3669626173239049,0.18743507607034982,0.3686156334204415,0.3475420752769176
2,vs_s,21,0.6107015385218565,8.971561485264559,7.797030048478272,6.903855335236921,3.442238115258991,0.3669626173239049,0.18743507607034982,0.3686156334204415,0.3475420752769176
2,vs_s,22,-0.08695056579883673,8.860704892495148,17.10734433000659,8.98621113260662,24.40324120834868,0.3669626173239049,0.18743507607034982,0.3686156334204415,0.3475420752769176
2,vs_s,23,1.3295161918474487,26.951094757063363,12.701184425489163,26.82202624449921,21.274767512579583,0.3669626173239049,0.18743507607034982,0.3686156334204415,0.3475420752769176
2,vs_s,24,0.7809363056965366,1.4571722272214769,9.277108408115447,122.49919489429591,10.183332315580543,0.3669626173239049,0.18743507607034982,0.3686156334204415,0.3475420752769176
2,vs_s,25,0.8274084371358192,8.168349508149308,6.71056157071424,4.3123437512230405,6.6596790896916715,0.3669626173239049,0.18743507607034982,0.3686156334204415,0.3475420752769176
2,vs_s,26,1.2021535796594285,19.735465768002886,30.656441650772475,43.24116836978547,27.11433164148592,0.3669626173239049,0.18743507607034982,0.3686156334204415,0.3475420752769176
2,vs_s,27,0.8034305707264399,7.992658695221575,4.758743907676439,4.730051801598864,4.540318002152512,0.3669626173239049,0.18743507607034982,0.3686156334204415,0.3475420752769176
2,vs_s,28,0.674155170058346,6.2001126544668255,3.0985115764334066,27.224514561545355,8.269499202275371,0.3669626173239049,0.18743507607034982,0.3686156334204415,0.3475420752769176
2,vs_s,29,1.215585769119636,6.318651603388136,7.914853421541224,47.67447840539117,11.53894552333102,0.3669626173239049,0.18743507607034982,0.3686156334204415,0.3475420752769176
2,vs_s,30,0.037279973523335286,13.244221321303291,8.420130739082328,12.048471875918336,9.9769365872961,0.3669626173239049,0.18743507607034982,0.3686156334204415,0.3475420752769176
2,vs_s,31,0.19203830332138627,2.3544436611133,6.758270207007397,32.459154386359444,5.056669351899436,0.3669626173239049,0.18743507607034982,0.3686156334204415,0.3475420752769176
2,vs_s,32,0.621302593922932,3.216515836938992,9.331260992278906,43.62351916689169,10.70066950361374,0.3669626173239049,0.18743507607034982,0.3686156334204415,0.3475420752769176
2,vs_s,33,0.23472175901176412,5.286069705047664,15.262344801939706,12.018684133581266,8.895294093353803,0.3669626173239049,0.18743507607034982,0.3686156334204415,0.3475420752769176
2,vs_s,34,1.0891398688372096,3.3188906240576097,5.253454769882847,29.442015293966126,4.873187033679927,0.3669626173239049,0.18743507607034982,0.3686156334204415,0.3475420752769176
2,vs_s,35,0.456955153831803,5.062130261518576,6.427965455543278,1.4578607407078328,4.075306599900083,0.3669626173239049,0.18743507607034982,0.3686156334204415,0.3475420752769176
2,vs_s,36,0.6487101786415258,9.398973092355535,10.550983205577966,14.780159064577568,8.091232067337387,0.3669626173239049,0.18743507607034982,0.3686156334204415,0.3475420752769176
2,vs_s,37,-0.15697696941279363,8.295789535511204,9.394001797576228,28.250154368644523,11.05950934285163,0.3669626173239049,0.18743507607034982,0.3686156334204415,0.3475420752769176
2,vs_s,38,0.23516252243828095,7.1506829217860215,16.725052321701085,8.698570679755406,6.85519137505496,0.3669626173239049,0.18743507607034982,0.3686156334204415,0.3475420752769176
2,vs_s,39,-0.002315164053620778,77.6444319192422,18.64359074050878,61.26883302477587,73.01770600149177,0.3669626173239049,0.18743507607034982,0.3686156334204415,0.3475420752769176
2,vs_s,40,0.5787561230840049,5.1460264493504795,3.747599798314393,21.823567724148205,15.953815746339295,0.3669626173239049,0.18743507607034982,0.3686156334204415,0.3475420752769176
2,vs_s,41,0.31191122225288026,6.145248082338362,3.0494182820531477,2.3321299469200496,5.1145266443351085,0.3669626173239049,0.18743507607034982,0.3686156334204415,0.3475420752769176
2,vs_s,42,0.5123392536735982,5.796357995939725,36.63857132132518,8.027789095727199,4.570607719300451,0.3669626173239049,0.18743507607034982,0.3686156334204415,0.3475420752769176
2,vs_s,43,1.140338764629057,7.373681788914564,5.378207614728826,85.40847338838489,18.933671196601846,0.3669626173239049,0.18743507607034982,0.3686156334204415,0.3475420752769176
2,vs_s,44,0.3422917987923354,14.764435233563422,9.390120384628185,5.011638201798384,12.663090345661262,0.3669626173239049,0.18743507607034982,0.3686156334204415,0.3475420752769176
2,vs_s,45,0.45430300257616935,1.9506843380421546,3.8917745323678035,19.494723599868255,7.176474820977195,0.3669626173239049,0.18743507607034982,0.3686156334204415,0.3475420752769176
2,vs_s,46,0.7607327547718594,3.383142919424911,10.966738448261305,95.74110136239192,46.752589204795626,0.3669626173239049,0.18743507607034982,0.3686156334204415,0.3475420752769176
2,vs_s,47,0.3949147720168564,25.66988581244755,10.013288278299244,45.904784293272336,18.355776312039602,0.3669626173239049,0.18743507607034982,0.3686156334204415,0.3475420752769176
2,vs_s,48,0.3283833432212127,50.39005937354698,16.429009008026853,19.143452382343956,45.700405100194956,0.3669626173239049,0.18743507607034982,0.3686156334204415,0.3475420752769176
2,vs_s,49,0.05242774887621372,21.713004010410213,3.6908619305036297,5.435637629924362,11.004549241007275,0.3669626173239049,0.18743507607034982,0.3686156334204415,0.3475420752769176
2,vs_s,50,0.6248312688426321,1.2343846327690593,6.93421647790655,8.24634711639106,3.3569087328467604,0.3669626173239049,0.18743507607034982,0.3686156334204415,0.3475420752769176
2,vs_s,51,0.13822712007196997,5.8736017786748524,5.058430730266106,8.764645482178777,8.008320874382152,0.3669626173239049,0.18743507607034982,0.3686156334204415,0.3475420752769176
2,vs_s,52,0.8162866521482312,7.333886028359808,14.093973929364514,1.4434070800673837,2.638443701471843,0.3669626173239049,0.18743507607034982,0.3686156334204415,0.3475420752769176
2,vs_s,53,0.5507816715929708,6.320823587657668,6.2695390179639485,4.341928304180647,4.596253016347138,0.3669626173239049,0.18743507607034982,0.3686156334204415,0.3475420752769176
2,vs_s,54,0.7783096672248097,17.347961281809596,15.872864960806497,27.942481433099083,18.479291201972668,0.3669626173239049,0.18743507607034982,0.3686156334204415,0.3475420752769176
2,vs_s,55,0.48852672923605367,32.7995477872676,12.293363463556044,8.208813130912818,16.233448581462326,0.3669626173239049,0.18743507607034982,0.3686156334204415,0.3475420752769176
2,vs_s,56,0.39214942861888785,7.762797178929938,9.956094357311807,10.43134452717556,7.424130946332011,0.3669626173239049,0.18743507607034982,0.3686156334204415,0.3475420752769176
2,vs_s,57,0.6537243489247092,31.985049868465495,14.512301353175086,37.47590269824101,20.425584368388137,0.3669626173239049,0.18743507607034982,0.3686156334204415,0.3475420752769176
2,vs_s,58,0.4612893510819181,5.403265123863645,6.499697311519506,6.336168104157566,5.533054568038197,0.3669626173239049,0.18743507607034982,0.3686156334204415,0.3475420752769176
2,vs_s,59,0.5645866075258319,7.371243510218504,11.129217572510193,1.8020641314635377,5.3432627521608795,0.3669626173239049,0.18743507607034982,0.3686156334204415,0.3475420752769176
2,vs_s,60,-0.14930058284699524,10.279903861241156,11.66835058315929,6.21783893607986,8.515834030173568,0.3669626173239049,0.18743507607034982,0.3686156334204415,0.3475420752769176
3,is_s,1,-0.463184844160697,4.395906399329096,5.824606474681489,26.563525590940955,13.571577899354768,0.12784143531297257,0.08975400968255776,0.24349833847225508,0.2399459229434528
3,is_s,2,0.1219172018243306,11.890775463037526,2.2607957869165323,3.560226781794424,6.021091568063407,0.12784143531297257,0.08975400968255776,0.24349833847225508,0.2399459229434528
3,is_s,3,-0.09213881810618998,4.356707282967474,4.17427345602003,39.119007928611175,6.977258417021334,0.12784143531297257,0.08975400968255776,0.24349833847225508,0.2399459229434528
3,is_s,4,-0.0026373652259009573,12.20149241342517,0.6616010780863282,5.15496857969798,14.972705024049581,0.12784143531297257,0.08975400968255776,0.24349833847225508,0.2399459229434528
3,is_s,5,-0.015034132750226678,9.26994687247375,10.52974798555975,58.36072711079309,35.68979441060429,0.12784143531297257,0.08975400968255776,0.24349833847225508,0.2399459229434528
3,is_s,6,-0.4800141308765361,2.516749896265511,1.3755760420068295,22.15966474704142,14.639893266394553,0.12784143531297257,0.08975400968255776,0.24349833847225508,0.2399459229434528
3,is_s,7,-0.8761920727912019,4.618775425998713,2.601109755937079,40.59727601320329,26.079601191295797,0.12784143531297257,0.08975400968255776,0.24349833847225508,0.2399459229434528
3,is_s,8,-0.942575249745209,22.697867398999083,3.9755640152340774,81.46973811247757,25.333466508963998,0.12784143531297257,0.08975400968255776,0.24349833847225508,0.2399459229434528
3,is_s,9,-0.13257844129064705,7.432079939121629,9.258501571808534,23.115250830062806,3.3741909441381557,0.12784143531297257,0.08975400968255776,0.24349833847225508,0.2399459229434528
3,is_s,10,0.03290110337719703,2.359474923135131,1.630083737931098,1.188503429940992,1.4983858498102773,0.12784143531297257,0.08975400968255776,0.24349833847225508,0.2399459229434528
3,is_s,11,-0.12537174704305262,17.017195496425913,5.809439654641047,20.82087118106969,10.658189838360917,0.12784143531297257,0.08975400968255776,0.24349833847225508,0.2399459229434528
3,is_s,12,0.4239180534732616,3.2530283178985084,2.3325216473806676,2.4350741587675726,1.0238131289244508,0.12784143531297257,0.08975400968255776,0.24349833847225508,0.2399459229434528
3,is_s,13,-0.20538361356254478,1.361732498202017,0.7321276408714664,1.9328131191010687,0.6413966572484595,0.12784143531297257,0.08975400968255776,0.24349833847225508,0.2399459229434528
3,is_s,14,0.019664440662266996,1.9841556242028449,10.47450273821886,15.46734530328494,3.656731929908228,0.12784143531297257,0.08975400968255776,0.24349833847225508,0.2399459229434528
3,is_s,15,-0.5126377709006329,1.766762332976333,4.998208744684919,9.67433656039255,9.307677321477067,0.12784143531297257,0.08975400968255776,0.24349833847225508,0.2399459229434528
3,is_s,16,-0.3376966168234978,41.24881524635678,5.008684167167644,3.9943653905782477,14.92147329883399,0.12784143531297257,0.08975400968255776,0.24349833847225508,0.2399459229434528
3,is_s,17,0.5329073999950884,6.713745408933316,2.083013307740969,10.006248214847252,14.310489371205046,0.12784143531297257,0.08975400968255776,0.24349833847225508,0.2399459229434528
3,is_s,18,0.5712258778080764,11.69062111888241,2.836215968517567,4.755094659704751,3.835992596381325,0.12784143531297257,0.08975400968255776,0.24349833847225508,0.2399459229434528
3,is_s,19,-0.18404489522671713,1.419770223251732,3.059423008014504,3.4672050491763553,2.382251941316807,0.12784143531297257,0.08975400968255776,0.24349833847225508,0.2399459229434528
3,is_s,20,0.21140655651450968,1.9528298187222233,4.768548566360084,6.365188860438607,0.5650749668850755,0.12784143531297257,0.08975400968255776,0.24349833847225508,0.2399459229434528
3,is_s,21,-1.3335273457400634,4.672702621721185,3.8403605138670582,42.914136976699844,17.336754380225138,0.12784143531297257,0.08975400968255776,0.24349833847225508,0.2399459229434528
3,is_s,22,-0.1944000096341823,11.550307537643796,1.6930174177401898,31.78488018230437,10.769545571913635,0.12784143531297257,0.08975400968255776,0.24349833847225508,0.2399459229434528
3,is_s,23,-0.0062597777896955,4.857580302031112,2.067089879057631,3.272412340503723,3.5995821573157003,0.12784143531297257,0.08975400968255776,0.24349833847225508,0.2399459229434528
3,is_s,24,-0.11962301950936664,15.6801431830273,7.960045112059352,12.267725237553604,20.779921731459694,0.12784143531297257,0.08975400968255776,0.24349833847225508,0.2399459229434528
3,is_s,25,-0.3052718301815186,4.936977362927904,3.0734167982202325,14.942409447811814,5.555238629540266,0.12784143531297257,0.08975400968255776,0.24349833847225508,0.2399459229434528
3,is_s,26,0.14910087173368636,14.11974068693543,4.803081022187797,33.62480274801558,41.04792263369369,0.12784143531297257,0.08975400968255776,0.24349833847225508,0.2399459229434528
3,is_s,27,-0.049111001429665235,10.305915644010058,2.554483281272376,4.285127444995605,5.7717301628401545,0.12784143531297257,0.08975400968255776,0.24349833847225508,0.2399459229434528
3,is_s,28,0.3617617446805153,6.319346455746649,2.412824280859018,0.298001278494126,7.991068993605153,0.12784143531297257,0.08975400968255776,0.24349833847225508,0.2399459229434528
3,is_s,29,0.09901384156416172,0.7875580170189168,1.7541914189890289,4.567790083429992,0.7136689530498039,0.12784143531297257,0.08975400968255776,0.24349833847225508,0.2399459229434528
3,is_s,30,-0.24304496173398818,9.835081417061954,5.324207770476182,7.140243097874917,6.115802855785477,0.12784143531297257,0.08975400968255776,0.24349833847225508,0.2399459229434528
3,is_s,31,0.3926707252054123,4.935581549229413,2.47323577311763,4.958120084368208,5.2731956120911265,0.12784143531297257,0.08975400968255776,0.24349833847225508,0.2399459229434528
3,is_s,32,0.32294338831174313,19.439572221015432,15.24396943906003,3.4540663624193253,7.872403323085273,0.12784143531297257,0.08975400968255776,0.24349833847225508,0.2399459229434528
3,is_s,33,-0.2557907805509057,6.71434742110503,2.9911433898570037,3.403713707119568,8.290373332014768,0.12784143531297257,0.08975400968255776,0.24349833847225508,0.2399459229434528
3,is_s,34,0.6951087203386478,21.364940657481363,12.30051077961276,91.48449942801682,13.828043658014288,0.12784143531297257,0.08975400968255776,0.24349833847225508,0.2399459229434528
3,is_s,35,-0.599016045912182,34.598740314547214,10.62109496199353,11.000349684496378,15.949595516284457,0.12784143531297257,0.08975400968255776,0.24349833847225508,0.2399459229434528
3,is_s,36,0.05929959741657208,1.6314975691300082,5.9108228870131025,4.643386835779146,1.8425951032898265,0.12784143531297257,0.08975400968255776,0.24349833847225508,0.2399459229434528
3,is_s,37,0.4632440398968713,2.2127838264785606,2.523469849819809,5.9824791777872885,15.323848811238932,0.12784143531297257,0.08975400968255776,0.24349833847225508,0.2399459229434528
3,is_s,38,0.2576022867399168,7.6640080492457825,1.1534032028657033,11.090924185040526,5.9571082203434,0.12784143531297257,0.08975400968255776,0.24349833847225508,0.2399459229434528
3,is_s,39,0.033179780608567674,5.477857134631376,6.63539980871617,3.002670849009798,4.220804766108054,0.12784143531297257,0.08975400968255776,0.24349833847225508,0.2399459229434528
3,is_s,40,0.3782827331246422,4.590827111893526,0.7980525181455337,16.806938618025143,15.00908411219708,0.12784143531297257,0.08975400968255776,0.24349833847225508,0.2399459229434528
3,is_s,41,0.3898535204976,2.0850129931846118,2.3966100939149984,19.704742098543033,4.897026030279877,0.12784143531297257,0.08975400968255776,0.24349833847225508,0.2399459229434528
3,is_s,42,0.12468128078786332,1.7128445035367292,2.516128149758262,5.62249891522241,9.065023747449994,0.12784143531297257,0.08975400968255776,0.24349833847225508,0.2399459229434528
3,is_s,43,0.06295507860183412,8.610866379060695,1.4558078428818773,1.838668437187249,2.661800835532069,0.12784143531297257,0.08975400968255776,0.24349833847225508,0.2399459229434528
3,is_s,44,0.5016438479151906,9.104264322099672,3.8689603441616445,9.248951568463267,8.082123656199814,0.12784143531297257,0.08975400968255776,0.24349833847225508,0.2399459229434528
3,is_s,45,-0.08486701487460555,6.557900834780468,7.38842994129468,6.1700400151061805,12.90971981272133,0.12784143531297257,0.08975400968255776,0.24349833847225508,0.2399459229434528
3,is_s,46,0.2829642366094333,5.070621404338054,3.0069323667552617,26.503552884793706,11.485189585958766,0.12784143531297257,0.08975400968255776,0.24349833847225508,0.2399459229434528
3,is_s,47,0.08841833587578526,7.709995557036862,4.919585028101183,14.626210466148665,23.23077739836717,0.12784143531297257,0.08975400968255776,0.24349833847225508,0.2399459229434528
3,is_s,48,0.37547650287232787,27.82535699841076,5.568228419552268,14.268607822060085,14.010666588204977,0.12784143531297257,0.08975400968255776,0.24349833847225508,0.2399459229434528
3,is_s,49,-0.26121219305128396,3.0797590829716768,1.5307283207486064,10.44241734305385,6.532620813499757,0.12784143531297257,0.08975400968255776,0.24349833847225508,0.2399459229434528
3,is_s,50,0.7823393239204912,5.869017079140226,4.336442167489446,15.12313931609637,4.448120416742105,0.12784143531297257,0.08975400968255776,0.24349833847225508,0.2399459229434528
3,is_s,51,-0.17145226064188196,6.045359121207358,3.906144147920914,17.763173570789682,10.632280763229192,0.12784143531297257,0.08975400968255776,0.24349833847225508,0.2399459229434528
3,is_s,52,-0.44100351793501746,8.879217441749368,3.929384492134603,3.1580819727579605,7.661158419473248,0.12784143531297257,0.08975400968255776,0.24349833847225508,0.2399459229434528
3,is_s,53,0.1439859733003796,2.089513341237465,4.06669576777398,12.582400124938665,1.3687979710171814,0.12784143531297257,0.08975400968255776,0.24349833847225508,0.2399459229434528
3,is_s,54,-0.2540247307030285,2.266884665602693,0.8901148698750343,4.4781331613562045,4.199989294198746,0.12784143531297257,0.08975400968255776,0.24349833847225508,0.2399459229434528
3,is_s,55,0.21119618119016637,15.896999233807087,7.969519559825631,38.64459501291532,21.37986094144473,0.12784143531297257,0.08975400968255776,0.24349833847225508,0.2399459229434528
3,is_s,56,-0.5395828985192187,9.948600441142306,2.706169123918097,10.235952309187654,11.689049742555017,0.12784143531297257,0.08975400968255776,0.24349833847225508,0.2399459229434528
3,is_s,57,-0.03413765890900929,2.013889638562714,1.1066619377655829,33.77402356742575,10.766474734059125,0.12784143531297257,0.08975400968255776,0.24349833847225508,0.2399459229434528
3,is_s,58,0.18383195991620108,4.51877535289647,1.681977231239889,4.641294818127643,3.1796058518003614,0.12784143531297257,0.08975400968255776,0.24349833847225508,0.2399459229434528
3,is_s,59,-0.1198357295542103,5.139598910237014,1.8035706128044249,29.850740177366102,18.465740514105846,0.12784143531297257,0.08975400968255776,0.24349833847225508,0.2399459229434528
3,is_s,60,0.2679891145930342,9.734278062786329,1.9811347454069024,35.871941662426856,27.8568316042004,0.12784143531297257,0.08975400968255776,0.24349833847225508,0.2399459229434528
3,vs_s,1,0.7356241921096739,2.8133580133300424,1.858248276148525,1.6047082790575775,0.8939894784049756,0.13394197033069982,0.17783640215365348,0.07728132058485258,0.18842881017649293
3,vs_s,2,-0.3053959864205536,1.7067007854890668,3.8113958132981844,2.6036796852904134,3.8570013591576324,0.13394197033069982,0.17783640215365348,0.07728132058485258,0.18842881017649293
3,vs_s,3,-0.08689691138592046,8.693791765005331,6.148717198096428,2.1692367172861298,11.84921779208405,0.13394197033069982,0.17783640215365348,0.07728132058485258,0.18842881017649293
3,vs_s,5,-0.01788933824601235,5.791047157252459,2.7223098854133814,3.0250435273850633,5.065147872791986,0.13394197033069982,0.17783640215365348,0.07728132058485258,0.18842881017649293
3,vs_s,6,0.049006174056562046,1.5528432336026774,1.4028232124541191,6.980194155227798,9.31269447727195,0.13394197033069982,0.17783640215365348,0.07728132058485258,0.18842881017649293
3,vs_s,7,0.5087349754064265,15.24532395184686,13.179103444051911,30.680549811958784,35.74443384630548,0.13394197033069982,0.17783640215365348,0.07728132058485258,0.18842881017649293
3,vs_s,8,0.5140565558104496,13.920412437744377,7.350300896003639,14.532877454481067,7.5192821306885005,0.13394197033069982,0.17783640215365348,0.07728132058485258,0.18842881017649293
3,vs_s,9,-0.06505055415694583,8.572215836417964,3.6067509639274657,34.57911683756351,22.866687868354113,0.13394197033069982,0.17783640215365348,0.07728132058485258,0.18842881017649293
3,vs_s,10,0.17565390091249444,1.3769185008742584,7.139882071524695,3.773743312987256,1.0416630379503673,0.13394197033069982,0.17783640215365348,0.07728132058485258,0.18842881017649293
3,vs_s,11,-0.41435418130317947,2.855083769950628,3.0700588450430737,8.195711192061431,5.210117133884093,0.13394197033069982,0.17783640215365348,0.07728132058485258,0.18842881017649293
3,vs_s,12,0.4407570868129331,10.336719550156234,2.752697041505865,15.632317540070382,5.462954736075529,0.13394197033069982,0.17783640215365348,0.07728132058485258,0.18842881017649293
3,vs_s,13,0.07577600907638611,2.6353219537325745,1.6135295478017964,7.510936620985431,15.254720157312091,0.13394197033069982,0.17783640215365348,0.07728132058485258,0.18842881017649293
3,vs_s,14,-0.6606012720568746,6.6670144041354735,25.56339584278663,88.97244885208922,46.949277738506666,0.13394197033069982,0.17783640215365348,0.07728132058485258,0.18842881017649293
3,vs_s,15,0.5596585238915776,10.55445757015791,4.934766732444478,5.469610759976837,3.430146473755804,0.13394197033069982,0.17783640215365348,0.07728132058485258,0.18842881017649293
3,vs_s,16,0.1653311879559932,2.1771089679849243,1.425833331112646,12.095829637421561,3.9697862501602135,0.13394197033069982,0.17783640215365348,0.07728132058485258,0.18842881017649293
3,vs_s,17,0.04939768270555423,4.729970548922639,4.498818864093179,5.9779919367764265,4.5187404001853615,0.13394197033069982,0.17783640215365348,0.07728132058485258,0.18842881017649293
3,vs_s,18,-2.4911035743984957e-05,6.83856171961124,13.994428236313624,22.759265638981308,3.483205246538559,0.13394197033069982,0.17783640215365348,0.07728132058485258,0.18842881017649293
3,vs_s,19,0.18071333552224025,5.148940022613767,3.258587780720619,22.574659394379292,17.04707494742164,0.13394197033069982,0.17783640215365348,0.07728132058485258,0.18842881017649293
3,vs_s,20,0.7342838976110028,3.533671827588198,1.683188856819457,31.959796314871635,17.15674107860343,0.13394197033069982,0.17783640215365348,0.07728132058485258,0.18842881017649293
3,vs_s,21,0.3149230838211992,14.128738798283004,4.592472509636793,7.10336237378308,3.1698362993516898,0.13394197033069982,0.17783640215365348,0.07728132058485258,0.18842881017649293
3,vs_s,22,-0.11922165997072111,20.708033656804368,4.12162482023888,9.597142706842963,31.7377024898489,0.13394197033069982,0.17783640215365348,0.07728132058485258,0.18842881017649293
3,vs_s,23,0.5023563231415844,6.969614751750194,2.9620803964630764,25.730984613874867,32.06447054385189,0.13394197033069982,0.17783640215365348,0.07728132058485258,0.18842881017649293
3,vs_s,24,0.3515061014200038,5.140258765560855,3.0326816303286477,11.616575839957028,16.172146966920103,0.13394197033069982,0.17783640215365348,0.07728132058485258,0.18842881017649293
3,vs_s,25,0.15714008708648666,5.362896183961493,2.882036752912219,7.812222575796659,10.764938534354778,0.13394197033069982,0.17783640215365348,0.07728132058485258,0.18842881017649293
3,vs_s,26,0.4888837041458459,6.955591555928137,3.25846075218741,3.3455505060781787,18.32533692592633,0.13394197033069982,0.17783640215365348,0.07728132058485258,0.18842881017649293
3,vs_s,27,0.002676878013559493,0.49547636295241626,0.7831460151353083,1.272018602061783,0.5409715832982256,0.13394197033069982,0.17783640215365348,0.07728132058485258,0.18842881017649293
3,vs_s,28,0.364598102132284,4.07018472162487,2.928917735316801,6.6337576679758055,6.952769111534515,0.13394197033069982,0.17783640215365348,0.07728132058485258,0.18842881017649293
3,vs_s,29,0.14695385140951958,6.399261219157645,2.676503074684214,2.7890960539787906,12.730951602315791,0.13394197033069982,0.17783640215365348,0.07728132058485258,0.18842881017649293
3,vs_s,30,0.08504502433842111,5.83914552562751,1.1932978328145913,4.906534304550866,8.826639229159214,0.13394197033069982,0.17783640215365348,0.07728132058485258,0.18842881017649293
3,vs_s,31,-0.2223888167258047,4.449049425960805,1.1929953139046494,33.06019699141237,9.51010706232095,0.13394197033069982,0.17783640215365348,0.07728132058485258,0.18842881017649293
3,vs_s,32,0.8950685550211186,10.571606654348635,5.856420099027403,8.311527768861247,10.46821931857633,0.13394197033069982,0.17783640215365348,0.07728132058485258,0.18842881017649293
3,vs_s,33,0.004362727317596233,4.782605221306473,4.209905477790038,2.0206019433207043,5.036262394993258,0.13394197033069982,0.17783640215365348,0.07728132058485258,0.18842881017649293
3,vs_s,34,-0.05648920160248037,4.838423988696843,2.812864898057612,2.067904204196598,5.221149383671944,0.13394197033069982,0.17783640215365348,0.07728132058485258,0.18842881017649293
3,vs_s,35,-0.5347638237709699,2.6335183244339895,2.319367451339809,30.86379382533119,10.573668742866253,0.13394197033069982,0.17783640215365348,0.07728132058485258,0.18842881017649293
3,vs_s,36,0.39119771064855174,7.29694670886999,4.650437858882017,5.337683056018425,8.250737055212733,0.13394197033069982,0.17783640215365348,0.07728132058485258,0.18842881017649293
3,vs_s,37,-0.06231541681263813,1.718365338522299,0.9969188511282572,4.478531284860004,2.173920744753788,0.13394197033069982,0.17783640215365348,0.07728132058485258,0.18842881017649293
3,vs_s,38,0.5280694161930155,31.39064011309398,16.37384381531178,11.274881328965996,18.417745496929406,0.13394197033069982,0.17783640215365348,0.07728132058485258,0.18842881017649293
3,vs_s,39,0.14815473950939656,8.278488341016432,3.8593542229489572,7.688971568289274,21.730743973870126,0.13394197033069982,0.17783640215365348,0.07728132058485258,0.18842881017649293
3,vs_s,40,0.4180529640786657,10.25128208020445,1.7977695713301587,26.7346386580238,11.215747983992685,0.13394197033069982,0.17783640215365348,0.07728132058485258,0.18842881017649293
3,vs_s,41,-0.2810516296902735,5.461475787867301,2.4779444211756316,48.6295852495776,6.800560018702867,0.13394197033069982,0.17783640215365348,0.07728132058485258,0.18842881017649293
3,vs_s,42,0.09406576348264338,8.324864302975135,5.2931397538750895,0.7273294252268947,11.971623065341529,0.13394197033069982,0.17783640215365348,0.07728132058485258,0.18842881017649293
3,vs_s,43,-0.027162586456912288,2.289549590155636,2.4223165331018097,8.268060063254762,2.905933012556846,0.13394197033069982,0.17783640215365348,0.07728132058485258,0.18842881017649293
3,vs_s,44,0.46208976411972946,8.767789495252844,1.0135258638744649,4.440359694007473,13.806183375374244,0.13394197033069982,0.17783640215365348,0.07728132058485258,0.18842881017649293
3,vs_s,45,0.4515078991515623,3.008153736247008,2.927249279614762,7.696474979355052,4.81446643919847,0.13394197033069982,0.17783640215365348,0.07728132058485258,0.18842881017649293
3,vs_s,46,0.19977624678137942,2.6079169739026407,1.1186740732578666,11.76838334010811,4.637878684514278,0.13394197033069982,0.17783640215365348,0.07728132058485258,0.18842881017649293
3,vs_s,47,-0.18139182138634458,6.970966429855066,2.1111466730298667,2.629016900589794,12.123519524192577,0.13394197033069982,0.17783640215365348,0.07728132058485258,0.18842881017649293
3,vs_s,48,-0.03841741993165061,2.419546848575114,4.688410659589986,1.669043434478387,2.213929658205116,0.13394197033069982,0.17783640215365348,0.07728132058485258,0.18842881017649293
3,vs_s,49,0.5851932148884186,2.6637158736072273,0.9354790353535617,3.8084983040516183,9.572563711971794,0.13394197033069982,0.17783640215365348,0.07728132058485258,0.18842881017649293
3,vs_s,50,-0.28502211929500315,4.115825783892562,1.3906810940422203,18.951758886319684,13.516620269991092,0.13394197033069982,0.17783640215365348,0.07728132058485258,0.18842881017649293
3,vs_s,51,0.09731980374726712,1.875416317900118,6.109452856631108,0.48866187701760694,0.6653653546965616,0.13394197033069982,0.17783640215365348,0.07728132058485258,0.18842881017649293
3,vs_s,52,0.6094646314273295,2.768355670276932,2.5333357096491897,5.20775328906241,5.403114604210792,0.13394197033069982,0.17783640215365348,0.07728132058485258,0.18842881017649293
3,vs_s,54,0.3710445904157603,2.632847727765163,1.5532079135884866,13.66336087365037,1.6056874700447676,0.13394197033069982,0.17783640215365348,0.07728132058485258,0.18842881017649293
3,vs_s,55,-0.23046547528021258,8.580296523848393,9.794475540878375,12.636267041155225,4.868606677516673,0.13394197033069982,0.17783640215365348,0.07728132058485258,0.18842881017649293
3,vs_s,56,-0.19533165712307335,7.042765219269841,1.9705470382377446,2.011161482467886,10.487646571958486,0.13394197033069982,0.17783640215365348,0.07728132058485258,0.18842881017649293
3,vs_s,57,0.4493125858649794,8.803189563829081,16.745564344050557,13.286524378391556,16.5769944860532,0.13394197033069982,0.17783640215365348,0.07728132058485258,0.18842881017649293
3,vs_s,58,1.2838949543366998,3.122959574509044,3.309333311488994,12.719631996343523,4.032752426119624,0.13394197033069982,0.17783640215365348,0.07728132058485258,0.18842881017649293
3,vs_s,59,0.052070859384926706,1.4214724287812888,1.3794624765809798,28.51117495739699,4.415786427123871,0.13394197033069982,0.17783640215365348,0.07728132058485258,0.18842881017649293
3,vs_s,60,0.3470486921125017,4.726940556482483,1.3270977308787695,4.0301546783543385,16.003430324376595,0.13394197033069982,0.17783640215365348,0.07728132058485258,0.18842881017649293
4,is_s,1,0.43347471774363844,3.095120838896781,4.026928055698218,39.797682041837035,12.56293744303415,0.24671283207603587,0.18327682959210637,0.6242718099420529,0.4897638509703641
4,is_s,2,-0.5660143160223161,9.595245246102458,3.6468950649065985,9.144698546496176,6.060682639131749,0.24671283207603587,0.18327682959210637,0.6242718099420529,0.4897638509703641
4,is_s,3,-0.5883210987645744,6.237451809222766,4.038334202875913,126.79292099996854,36.86314611609859,0.24671283207603587,0.18327682959210637,0.6242718099420529,0.4897638509703641
4,is_s,4,-0.2911933427651869,7.649983953007706,3.753622530948325,24.541612365770014,17.09127587464236,0.24671283207603587,0.18327682959210637,0.6242718099420529,0.4897638509703641
4,is_s,5,-0.7792622942819138,2.1152337862849087,1.400681363535497,4.282406717467935,6.85670940918818,0.24671283207603587,0.18327682959210637,0.6242718099420529,0.4897638509703641
4,is_s,6,-0.9647363339077704,15.545601597049831,7.137220919785824,11.5203084781642,3.8471378937023295,0.24671283207603587,0.18327682959210637,0.6242718099420529,0.4897638509703641
4,is_s,7,0.12694169317370374,8.759539882421189,3.4967077631452406,4.36771155881037,8.567288088136122,0.24671283207603587,0.18327682959210637,0.6242718099420529,0.4897638509703641
4,is_s,8,0.2705666486195262,6.88575473688243,11.076693319076176,35.7380329530906,15.6558002214089,0.24671283207603587,0.18327682959210637,0.6242718099420529,0.4897638509703641
4,is_s,9,0.10168738120807845,8.230747119383768,5.0051302385808745,30.07604754192846,26.71802090140075,0.24671283207603587,0.18327682959210637,0.6242718099420529,0.4897638509703641
4,is_s,10,0.37930563376845106,3.6741069624967806,6.362992445547554,8.24210601921904,6.225580139848436,0.24671283207603587,0.18327682959210637,0.6242718099420529,0.4897638509703641
4,is_s,11,-0.06399949854198764,7.423474382956457,3.7602425012242113,9.391575081833167,11.247623934411935,0.24671283207603587,0.18327682959210637,0.6242718099420529,0.4897638509703641
4,is_s,12,0.5995630884690099,3.399513488669206,6.494400294858367,13.308262540647958,8.81146310511533,0.24671283207603587,0.18327682959210637,0.6242718099420529,0.4897638509703641
4,is_s,13,-0.09003011239662644,3.1301072233900205,3.8850086783667988,12.352008978729797,3.917525159033312,0.24671283207603587,0.18327682959210637,0.6242718099420529,0.4897638509703641
4,is_s,14,0.1189344083634301,2.1418819024325106,2.3753424647802674,6.882403796872304,1.5743922089316589,0.24671283207603587,0.18327682959210637,0.6242718099420529,0.4897638509703641
4,is_s,15,-0.07496720700162986,0.8375038143721157,2.229705597616854,27.388309597185955,25.428934620620478,0.24671283207603587,0.18327682959210637,0.6242718099420529,0.4897638509703641
4,is_s,16,-0.2843351801807841,1.0869444107640491,1.744117594549084,8.81842121393031,2.8791802670179023,0.24671283207603587,0.18327682959210637,0.6242718099420529,0.4897638509703641
4,is_s,17,-0.29675486117025607,13.183593226241893,1.8166726713699592,44.3697401385034,12.200890374245606,0.24671283207603587,0.18327682959210637,0.6242718099420529,0.4897638509703641
4,is_s,18,-0.13812679790462304,0.9986766904320625,3.625004037284543,3.3569636156153804,0.9674899761441209,0.24671283207603587,0.18327682959210637,0.6242718099420529,0.4897638509703641
4,is_s,19,0.06585083446786145,4.764054999865835,5.385610544513934,4.043651507136177,9.115830765647598,0.24671283207603587,0.18327682959210637,0.6242718099420529,0.4897638509703641
4,is_s,20,0.37810584036953154,4.584636894050225,2.633465006537862,12.163249298118798,2.908988070864703,0.24671283207603587,0.18327682959210637,0.6242718099420529,0.4897638509703641
4,is_s,21,-0.05007464822653433,1.3535657460722852,0.5732821774480639,4.096725894173852,3.8671402162587847,0.24671283207603587,0.18327682959210637,0.6242718099420529,0.4897638509703641
4,is_s,22,-0.12723482279321766,11.673767032256414,1.4627391601847297,7.41221332683265,19.334296807897445,0.24671283207603587,0.18327682959210637,0.6242718099420529,0.4897638509703641
4,is_s,23,0.009617607340444112,1.4291810079444047,3.7003991427010168,6.992103135553458,9.489879566717175,0.24671283207603587,0.18327682959210637,0.6242718099420529,0.4897638509703641
4,is_s,24,0.4385916532750687,2.1149013240386956,6.682730057465985,8.86603585971718,4.426115598388662,0.24671283207603587,0.18327682959210637,0.6242718099420529,0.4897638509703641
4,is_s,25,0.3410697358624912,2.641313154925312,1.1884117946904025,29.777114802216296,9.635483651710468,0.24671283207603587,0.18327682959210637,0.6242718099420529,0.4897638509703641
4,is_s,26,0.08418243362199793,6.610090380917595,2.502529913094203,7.4231792313755305,19.198177214383936,0.24671283207603587,0.18327682959210637,0.6242718099420529,0.4897638509703641
4,is_s,27,0.3862669179645859,0.9523619874429381,0.9706743291678099,3.295791749442985,1.0521708882339325,0.24671283207603587,0.18327682959210637,0.6242718099420529,0.4897638509703641
4,is_s,28,-0.30897134597456705,1.64707686693171,1.749374635982001,19.968583568774907,13.12228464252349,0.24671283207603587,0.18327682959210637,0.6242718099420529,0.4897638509703641
4,is_s,29,0.15020148803923314,3.097620247682769,0.9928273270293737,20.505977573702758,19.563329411812358,0.24671283207603587,0.18327682959210637,0.6242718099420529,0.4897638509703641
4,is_s,30,0.409922699506309,7.066996852502128,1.4134854531438967,24.757867374441393,11.929783203126576,0.24671283207603587,0.18327682959210637,0.6242718099420529,0.4897638509703641
4,is_s,31,-0.3021083087361684,13.9595095774215,2.412816972704103,41.10492910790228,48.31566248700993,0.24671283207603587,0.18327682959210637,0.6242718099420529,0.4897638509703641
4,is_s,32,-0.24770130670746496,0.6671539990066447,4.207019526329625,9.281581361183266,6.303501220050379,0.24671283207603587,0.18327682959210637,0.6242718099420529,0.4897638509703641
4,is_s,33,1.05970716000548,4.836071050670263,1.8536665187905526,57.287130964254445,32.38880169401203,0.24671283207603587,0.18327682959210637,0.6242718099420529,0.4897638509703641
4,is_s,34,0.15448938847047577,3.4745432866601544,1.137962480330158,21.145453911163553,8.012547822658027,0.24671283207603587,0.18327682959210637,0.6242718099420529,0.4897638509703641
4,is_s,35,0.39970861919058,17.12969003745197,3.9451248028644397,13.72532198892264,28.160692023458655,0.24671283207603587,0.18327682959210637,0.6242718099420529,0.4897638509703641
4,is_s,36,0.16361969643705693,1.2858554572424923,1.3127751951083346,3.22528869151118,2.260578409305582,0.24671283207603587,0.18327682959210637,0.6242718099420529,0.4897638509703641
4,is_s,37,-0.60616781955521,1.7439347063868818,0.8103435063251746,0.6070584644929552,2.0238596839299348,0.24671283207603587,0.18327682959210637,0.6242718099420529,0.4897638509703641
4,is_s,38,0.48262360611539695,7.738823746859461,2.841054726966517,9.581473352409214,10.646412147285323,0.24671283207603587,0.18327682959210637,0.6242718099420529,0.4897638509703641
4,is_s,39,0.1966757715002846,16.792943992358143,11.681482935406288,24.267349337281576,15.900901005183842,0.24671283207603587,0.18327682959210637,0.6242718099420529,0.4897638509703641
4,is_s,40,-0.11684571753709336,29.689158909034855,11.380261028545165,67.42591918701918,15.999179496889878,0.24671283207603587,0.18327682959210637,0.6242718099420529,0.4897638509703641
4,is_s,41,0.29397919773364795,4.808924452288,5.119900934063835,57.41579179650766,15.367100946898772,0.24671283207603587,0.18327682959210637,0.6242718099420529,0.4897638509703641
4,is_s,42,0.83560305061479,15.968766227264348,3.713552722140236,57.993153585168955,10.142715759302517,0.24671283207603587,0.18327682959210637,0.6242718099420529,0.4897638509703641
4,is_s,43,0.08725820867653006,8.8054526765386,4.155570820896673,28.863510855718893,14.321762743269787,0.24671283207603587,0.18327682959210637,0.6242718099420529,0.4897638509703641
4,is_s,44,-0.12886566332573093,1.1590802482618447,2.8026745167053586,16.42770053000268,3.903509961992019,0.24671283207603587,0.18327682959210637,0.6242718099420529,0.4897638509703641
4,is_s,45,0.3781146326496566,1.0768093736932638,3.8348786063559612,24.16667974869781,11.87902597814061,0.24671283207603587,0.18327682959210637,0.6242718099420529,0.4897638509703641
4,is_s,46,0.4634701222766812,1.2967306064155757,1.0748781040856719,19.60022608730721,5.413232942194565,0.24671283207603587,0.18327682959210637,0.6242718099420529,0.4897638509703641
4,is_s,47,0.39740304964950574,0.833645329315909,1.7857891892375084,8.357008316634861,3.7826093857573126,0.24671283207603587,0.18327682959210637,0.6242718099420529,0.4897638509703641
4,is_s,48,0.01767994159939752,2.013790119695834,2.0957954701996155,33.451486811628904,12.184558188556254,0.24671283207603587,0.18327682959210637,0.6242718099420529,0.4897638509703641
4,is_s,49,0.0916552192874748,13.122264631409596,3.6534661165048576,12.52801821768433,12.314989322672005,0.24671283207603587,0.18327682959210637,0.6242718099420529,0.4897638509703641
4,is_s,50,0.32763064175341244,1.4934540012983384,0.8619474350140037,9.633859230511112,1.916718951477224,0.24671283207603587,0.18327682959210637,0.6242718099420529,0.4897638509703641
4,is_s,51,0.3645514687276389,1.1649649789642507,4.880548989074073,8.53493509198601,3.1874309911379726,0.24671283207603587,0.18327682959210637,0.6242718099420529,0.4897638509703641
4,is_s,52,0.2890013103248607,7.321411017866782,3.8005559105018483,4.265319253329424,7.987975699439205,0.24671283207603587,0.18327682959210637,0.6242718099420529,0.4897638509703641
4,is_s,53,-0.23663296726428615,2.9941485284101286,1.7712670742599401,1.9012114572335004,2.088326331432989,0.24671283207603587,0.18327682959210637,0.6242718099420529,0.4897638509703641
4,is_s,54,0.05967889752336406,2.0012281809603207,3.62926187427328,33.40055345443049,12.996286152676763,0.24671283207603587,0.18327682959210637,0.6242718099420529,0.4897638509703641
4,is_s,55,0.21525640826395104,4.369988786471492,1.7681480020680962,9.64317402185826,9.910576172913416,0.24671283207603587,0.18327682959210637,0.6242718099420529,0.4897638509703641
4,is_s,56,0.1894432705028729,23.138836581934235,7.5157612996447645,26.507901572296355,22.888398051180957,0.24671283207603587,0.18327682959210637,0.6242718099420529,0.4897638509703641
4,is_s,57,-0.3105239762802727,3.6574443982388756,2.7601044680693323,13.024417429983249,7.643189801770403,0.24671283207603587,0.18327682959210637,0.6242718099420529,0.4897638509703641
4,is_s,58,0.28976701118377446,6.858467719972475,4.0774306863937175,8.274522541265995,10.066109642174485,0.24671283207603587,0.18327682959210637,0.6242718099420529,0.4897638509703641
4,is_s,59,0.22587600819798057,4.602002771924807,1.2840129136775553,2.0196533337374403,1.4810089822168224,0.24671283207603587,0.18327682959210637,0.6242718099420529,0.4897638509703641
4,is_s,60,0.6004228037211653,3.845796127628978,2.440782442018127,16.14809019442457,7.606739690650327,0.24671283207603587,0.18327682959210637,0.6242718099420529,0.4897638509703641
4,vs_s,1,0.17094533523251793,1.961370143747409,5.025706475736811,5.5573281530033345,4.589098916779311,0.2517615256248743,0.16914228045769958,0.5556074259457794,0.6025538181363728
4,vs_s,2,0.031399755127889235,6.191522208875592,3.0634436966273575,18.567704563909466,8.857223341533878,0.2517615256248743,0.16914228045769958,0.5556074259457794,0.6025538181363728
4,vs_s,3,0.35699816087301983,3.2804331324740095,0.8143648990826698,3.822533136092532,7.539905813496606,0.2517615256248743,0.16914228045769958,0.5556074259457794,0.6025538181363728
4,vs_s,4,0.6343381351677855,7.176970847492305,8.407995864071095,10.85077085536724,5.543602201059235,0.2517615256248743,0.16914228045769958,0.5556074259457794,0.6025538181363728
4,vs_s,5,0.250877717571175,2.1747292457557283,3.2772179301422417,23.831842619243677,21.716995613601775,0.2517615256248743,0.16914228045769958,0.5556074259457794,0.6025538181363728
4,vs_s,6,-0.059128361413706775,19.631015678872817,11.555901295066192,6.326134722802123,16.267712491829194,0.2517615256248743,0.16914228045769958,0.5556074259457794,0.6025538181363728
4,vs_s,7,0.6555393620405582,0.5451092396321207,1.1695598005976955,16.348192877229085,2.416225826216927,0.2517615256248743,0.16914228045769958,0.5556074259457794,0.6025538181363728
4,vs_s,8,0.38226624891796923,4.1102163976810795,7.414719434190299,3.001799915286372,8.09450944816827,0.2517615256248743,0.16914228045769958,0.5556074259457794,0.6025538181363728
4,vs_s,9,0.24515933570459236,0.7602783760095236,1.0904740430981203,6.089036420855029,3.7442303020407186,0.2517615256248743,0.16914228045769958,0.5556074259457794,0.6025538181363728
4,vs_s,10,0.04515063227779186,1.9910851091058044,3.4303118243124944,1.895180792660885,5.724510197054375,0.2517615256248743,0.16914228045769958,0.5556074259457794,0.6025538181363728
4,vs_s,13,0.4051157715371833,1.574801146877829,4.740820212951598,4.429888471616086,3.7100792998628926,0.2517615256248743,0.16914228045769958,0.5556074259457794,0.6025538181363728
4,vs_s,14,0.14935563587885994,6.939996890830259,18.877608271894832,8.044456997155716,8.111168814094412,0.2517615256248743,0.16914228045769958,0.5556074259457794,0.6025538181363728
4,vs_s,15,0.4865500235789561,3.3450948114805836,3.1775720350754226,11.232705925388823,7.27943226892122,0.2517615256248743,0.16914228045769958,0.5556074259457794,0.6025538181363728
4,vs_s,16,0.555914131277879,3.0358585436085637,3.299129065163668,5.522800511641718,1.5899197883566476,0.2517615256248743,0.16914228045769958,0.5556074259457794,0.6025538181363728
4,vs_s,17,0.10766005572561228,6.643643799011376,6.8321222018648875,11.360421111503427,17.796699529401458,0.2517615256248743,0.16914228045769958,0.5556074259457794,0.6025538181363728
4,vs_s,18,0.5859109782242551,5.32222231541371,2.2639622323907047,42.77521890315736,26.993423906414364,0.2517615256248743,0.16914228045769958,0.5556074259457794,0.6025538181363728
4,vs_s,19,0.20710006225183838,8.768632060212374,3.0304876279371724,20.376815072537543,11.304884484585909,0.2517615256248743,0.16914228045769958,0.5556074259457794,0.6025538181363728
4,vs_s,20,0.3660688309676327,1.0653469926832162,0.896700135994543,17.93883067761412,1.665268212392587,0.2517615256248743,0.16914228045769958,0.5556074259457794,0.6025538181363728
4,vs_s,21,0.1555087130419758,11.186994311014326,2.2177514355325374,11.0922777096442,17.01527063392511,0.2517615256248743,0.16914228045769958,0.5556074259457794,0.6025538181363728
4,vs_s,22,-0.6187234314117409,6.248035469947845,12.0975539985832,12.24723063029332,17.14621521479372,0.2517615256248743,0.16914228045769958,0.5556074259457794,0.6025538181363728
4,vs_s,23,0.34163964655502804,4.035292344495605,1.495448114685797,15.659218767651637,13.021858783322077,0.2517615256248743,0.16914228045769958,0.5556074259457794,0.6025538181363728
4,vs_s,24,0.2790057480634512,4.336661523278603,1.9551646845556134,50.42235346800844,25.247917053783038,0.2517615256248743,0.16914228045769958,0.5556074259457794,0.6025538181363728
4,vs_s,25,0.5231556925725597,2.0160268590046937,0.8699757108457973,5.880052437849139,5.0378114917345425,0.2517615256248743,0.16914228045769958,0.5556074259457794,0.6025538181363728
4,vs_s,26,0.06663154534310924,11.193075617229244,5.4940493494543325,5.09674926242145,17.618958584568652,0.2517615256248743,0.16914228045769958,0.5556074259457794,0.6025538181363728
4,vs_s,27,0.06361546368408708,13.628550310891695,4.104000282354894,11.007660948135815,7.514760435298349,0.2517615256248743,0.16914228045769958,0.5556074259457794,0.6025538181363728
4,vs_s,28,0.5456698019979007,10.095433429114552,4.28631829978525,5.814216643737268,2.2115536351083165,0.2517615256248743,0.16914228045769958,0.5556074259457794,0.6025538181363728
4,vs_s,29,0.5468448479929677,9.766317745051733,4.348340711821201,30.52880028987923,4.8222953431926125,0.2517615256248743,0.16914228045769958,0.5556074259457794,0.6025538181363728
4,vs_s,30,0.09336427372141036,4.630462211343641,3.152599853766539,3.43817313531875,9.116579938053063,0.2517615256248743,0.16914228045769958,0.5556074259457794,0.6025538181363728
4,vs_s,31,0.47452715483898467,2.0586278707487513,3.095427362505437,12.826132525035252,9.021836652223389,0.2517615256248743,0.16914228045769958,0.5556074259457794,0.6025538181363728
4,vs_s,32,1.183016034367053,3.536880018357031,4.746612984931982,13.54568679306385,4.573359871459725,0.2517615256248743,0.16914228045769958,0.5556074259457794,0.6025538181363728
4,vs_s,33,0.46466486117842903,12.490079862895707,5.25734964991493,10.07648071894393,10.895322607808225,0.2517615256248743,0.16914228045769958,0.5556074259457794,0.6025538181363728
4,vs_s,34,0.5715007640576276,1.8841699292115657,2.643571450057031,31.804885661564356,9.345421797122034,0.2517615256248743,0.16914228045769958,0.5556074259457794,0.6025538181363728
4,vs_s,35,0.544298766362754,8.316141150701107,3.66942762123891,43.043589855695245,37.13901130052476,0.2517615256248743,0.16914228045769958,0.5556074259457794,0.6025538181363728
4,vs_s,36,0.3447745697046038,1.3853565888931627,2.605364865706304,37.786966220272774,17.686714634015853,0.2517615256248743,0.16914228045769958,0.5556074259457794,0.6025538181363728
4,vs_s,37,-0.6065621726757556,9.26708123561993,2.8934169945227945,78.46617112985018,34.861662056599556,0.2517615256248743,0.16914228045769958,0.5556074259457794,0.6025538181363728
4,vs_s,38,-0.07078266768239747,5.265417581220389,4.42430088120616,32.6072465863578,21.26271061644846,0.2517615256248743,0.16914228045769958,0.5556074259457794,0.6025538181363728
4,vs_s,39,0.5573588065333872,15.025321196358146,4.34794550313319,56.185789503251684,55.360685674387845,0.2517615256248743,0.16914228045769958,0.5556074259457794,0.6025538181363728
4,vs_s,40,0.1082205877323348,3.5558370226424514,5.649386084507612,62.89321001684895,20.557729040742135,0.2517615256248743,0.16914228045769958,0.5556074259457794,0.6025538181363728
4,vs_s,41,0.7027522217188222,0.6306076008055824,1.4671288914867202,14.983872680275116,6.227725703834118,0.2517615256248743,0.16914228045769958,0.5556074259457794,0.6025538181363728
4,vs_s,42,-0.13524831246979654,4.357548047270262,1.3357455332614159,5.827549143513545,13.642795829040226,0.2517615256248743,0.16914228045769958,0.5556074259457794,0.6025538181363728
4,vs_s,43,-0.2403488118743196,12.216972842875244,3.625533134011614,7.725906777852327,19.071456208967728,0.2517615256248743,0.16914228045769958,0.5556074259457794,0.6025538181363728
4,vs_s,44,0.3531029824418547,10.985556647905298,3.4384454515239686,7.225000829563853,14.088681889019673,0.2517615256248743,0.16914228045769958,0.5556074259457794,0.6025538181363728
4,vs_s,45,0.18576339719029863,1.2315360969753664,1.915404669306774,13.502730293155478,6.8954929490293715,0.2517615256248743,0.16914228045769958,0.5556074259457794,0.6025538181363728
4,vs_s,46,0.45467772015196223,1.5509371875966158,1.1578423339678774,12.10311713063091,9.998790320881538,0.2517615256248743,0.16914228045769958,0.5556074259457794,0.6025538181363728
4,vs_s,47,1.2038312915299705,3.056340180416572,2.8163426460467846,39.376261224373515,12.652784754165339,0.2517615256248743,0.16914228045769958,0.5556074259457794,0.6025538181363728
4,vs_s,48,0.2552163570754816,1.279363803789381,2.4996698644501483,14.66906650461444,7.236470918314845,0.2517615256248743,0.16914228045769958,0.5556074259457794,0.6025538181363728
4,vs_s,49,0.5801561200608961,2.3657323703178745,2.510620183509199,11.215017872955505,4.9309404708014375,0.2517615256248743,0.16914228045769958,0.5556074259457794,0.6025538181363728
4,vs_s,50,0.33297398736697065,4.358624522992906,4.369551719195593,12.738282639661373,8.646941613437056,0.2517615256248743,0.16914228045769958,0.5556074259457794,0.6025538181363728
4,vs_s,51,0.45930326672225696,7.9240362445455155,4.3481486312879865,14.921315199948161,9.353201802917434,0.2517615256248743,0.16914228045769958,0.5556074259457794,0.6025538181363728
4,vs_s,52,0.007230017016340387,1.6432324059606678,1.7432879043712908,4.680270958133372,3.702971437144048,0.2517615256248743,0.16914228045769958,0.5556074259457794,0.6025538181363728
4,vs_s,53,0.34797526710505283,2.772700499801832,2.6181014047167537,15.308780686630852,18.690209155288347,0.2517615256248743,0.16914228045769958,0.5556074259457794,0.6025538181363728
4,vs_s,54,0.514289509119792,0.6519816728753264,2.731132592667524,17.686624828024495,9.619017701394979,0.2517615256248743,0.16914228045769958,0.5556074259457794,0.6025538181363728
4,vs_s,55,0.7760481060991108,1.8101836601765129,2.2836160220090505,25.59813214088122,15.528776080378352,0.2517615256248743,0.16914228045769958,0.5556074259457794,0.6025538181363728
4,vs_s,56,0.46286832012106593,2.937848580357379,0.7522744353707079,30.425031901181004,21.685479030972598,0.2517615256248743,0.16914228045769958,0.5556074259457794,0.6025538181363728
4,vs_s,57,0.3100212172980888,3.653161992105585,5.851807649437091,34.07927694198483,4.323560125194297,0.2517615256248743,0.16914228045769958,0.5556074259457794,0.6025538181363728
4,vs_s,58,-0.043325050637950585,3.60326868384613,2.183684135749066,11.183478564750297,6.464526950067424,0.2517615256248743,0.16914228045769958,0.5556074259457794,0.6025538181363728
4,vs_s,59,0.024002939477238024,3.886939386414294,1.595898860060218,40.08324064270518,14.16840457321218,0.2517615256248743,0.16914228045769958,0.5556074259457794,0.6025538181363728
5,is_s,1,0.3068572451078472,4.738456459417422,3.903777967265944,35.23103875034625,5.21549313473154,0.1629699418034469,0.17786969279174758,0.5709384748999726,0.3536854973106503
5,is_s,2,0.5388725619125949,7.8229462296847965,7.235325496912524,62.62120878807509,19.505078045757156,0.1629699418034469,0.17786969279174758,0.5709384748999726,0.3536854973106503
5,is_s,3,1.0673950162175931,13.585627960141087,11.572455267039668,3.9186694770219237,20.256503692604642,0.1629699418034469,0.17786969279174758,0.5709384748999726,0.3536854973106503
5,is_s,4,0.8199569566786529,2.2981006427396173,10.870977259570822,70.08539482705538,11.258704351456455,0.1629699418034469,0.17786969279174758,0.5709384748999726,0.3536854973106503
5,is_s,5,0.010743127946821451,5.836221134626044,1.883526849413907,18.925423588049398,6.43218653703872,0.1629699418034469,0.17786969279174758,0.5709384748999726,0.3536854973106503
5,is_s,6,-0.07032354651528593,3.536186140595373,5.45051773805826,14.372434886169675,4.654229285827979,0.1629699418034469,0.17786969279174758,0.5709384748999726,0.3536854973106503
5,is_s,7,-0.03143991061606951,3.7540593172006,4.945029553322176,3.1907719880711194,5.870629938548702,0.1629699418034469,0.17786969279174758,0.5709384748999726,0.3536854973106503
5,is_s,8,0.09234504570179962,4.599204116372203,2.97500016587634,61.641223259479304,14.795967441130312,0.1629699418034469,0.17786969279174758,0.5709384748999726,0.3536854973106503
5,is_s,9,0.09044130381108946,9.062786886582055,9.04528581339603,60.57784081019776,6.806094182710604,0.1629699418034469,0.17786969279174758,0.5709384748999726,0.3536854973106503
5,is_s,10,0.04730043834570571,8.675018270490309,1.1524372424825686,24.623664968256612,5.130455421421597,0.1629699418034469,0.17786969279174758,0.5709384748999726,0.3536854973106503
5,is_s,11,-0.5832289941024936,4.16373848683242,3.2274565014233922,23.65591715864908,4.565032120433413,0.1629699418034469,0.17786969279174758,0.5709384748999726,0.3536854973106503
5,is_s,12,-0.7093332354747529,13.35260209927807,6.3188406127475,11.401846856384147,14.658081729489746,0.1629699418034469,0.17786969279174758,0.5709384748999726,0.3536854973106503
5,is_s,13,0.23477320584276548,2.7162783821125003,4.467515015485706,34.21677535296911,16.193506795369927,0.1629699418034469,0.17786969279174758,0.5709384748999726,0.3536854973106503
5,is_s,14,-0.7992834432592926,4.145024167375182,2.9853218546314015,3.82692904350499,6.384995714497634,0.1629699418034469,0.17786969279174758,0.5709384748999726,0.3536854973106503
5,is_s,15,0.26476422585268305,29.194775297633534,10.189714106504963,13.119074971366189,17.325282164499455,0.1629699418034469,0.17786969279174758,0.5709384748999726,0.3536854973106503
5,is_s,16,0.6746106277413051,15.612077601854345,5.41418879388836,22.012880108103623,12.434206038502916,0.1629699418034469,0.17786969279174758,0.5709384748999726,0.3536854973106503
5,is_s,17,-0.0030358513151412594,14.28485498540952,8.953709645326459,40.88552943289562,6.321730907688618,0.1629699418034469,0.17786969279174758,0.5709384748999726,0.3536854973106503
5,is_s,18,0.06443028318618599,6.083137377167178,3.29459042654971,6.042087014286597,3.1138716640567288,0.1629699418034469,0.17786969279174758,0.5709384748999726,0.3536854973106503
5,is_s,19,0.7227035549926039,7.872024863945346,5.7142006851005975,35.95719392767693,14.824750821444356,0.1629699418034469,0.17786969279174758,0.5709384748999726,0.3536854973106503
5,is_s,20,-0.16322466854093218,1.7622300737040633,0.9257514705941479,3.352246469994865,1.2395680942943208,0.1629699418034469,0.17786969279174758,0.5709384748999726,0.3536854973106503
5,is_s,21,0.20701032439566314,3.430040737474825,1.258877942099352,59.270860965036775,6.883066733932055,0.1629699418034469,0.17786969279174758,0.5709384748999726,0.3536854973106503
5,is_s,22,0.6897279247468764,13.114134577139497,0.8887959603172131,37.194001846213844,48.530563108254434,0.1629699418034469,0.17786969279174758,0.5709384748999726,0.3536854973106503
5,is_s,23,1.7782304286798338,2.97229058780581,3.7906182176743775,101.15614560948273,6.964164428631946,0.1629699418034469,0.17786969279174758,0.5709384748999726,0.3536854973106503
5,is_s,24,-0.054002122890069386,3.6263309105908053,3.305364413089611,58.07446905507129,21.579616526750726,0.1629699418034469,0.17786969279174758,0.5709384748999726,0.3536854973106503
5,is_s,25,0.331885176078092,6.244746997758229,13.440507275719366,12.67327048490948,6.93756598229726,0.1629699418034469,0.17786969279174758,0.5709384748999726,0.3536854973106503
5,is_s,26,0.30140229539864866,12.799744165480368,10.12111852524398,47.84567631808768,13.6039952650716,0.1629699418034469,0.17786969279174758,0.5709384748999726,0.3536854973106503
5,is_s,27,-0.23541755929831948,3.002958642789208,11.087441052362415,4.178228302314146,4.879539484314246,0.1629699418034469,0.17786969279174758,0.5709384748999726,0.3536854973106503
5,is_s,28,-0.046900585474977684,0.9738022509569876,2.5342704216609975,15.884073238652647,3.1446628312963623,0.1629699418034469,0.17786969279174758,0.5709384748999726,0.3536854973106503
5,is_s,29,0.5224343685828267,1.2179875564873868,1.7544640463856642,38.360223199268574,8.340505492523997,0.1629699418034469,0.17786969279174758,0.5709384748999726,0.3536854973106503
5,is_s,30,0.40155576475282956,6.583245167101186,8.420279134181559,75.44018559472097,8.066280636763262,0.1629699418034469,0.17786969279174758,0.5709384748999726,0.3536854973106503
5,is_s,31,0.48230575339214155,16.065216121144122,7.716639255584004,7.928725268070485,11.589073095713056,0.1629699418034469,0.17786969279174758,0.5709384748999726,0.3536854973106503
5,is_s,32,0.1930090566654018,13.263070212258963,3.9476194568741887,32.232344837295486,4.924819262523284,0.1629699418034469,0.17786969279174758,0.5709384748999726,0.3536854973106503
5,is_s,33,0.9998120835294376,7.87035592136886,5.367017003306584,48.78480300211522,47.282607243157734,0.1629699418034469,0.17786969279174758,0.5709384748999726,0.3536854973106503
5,is_s,34,0.6192881257127784,7.106877477560619,2.654062777196741,10.892743731872985,15.69274524477697,0.1629699418034469,0.17786969279174758,0.5709384748999726,0.3536854973106503
5,is_s,35,0.4429103818592342,3.04473393247834,2.56270840568068,4.158868802478915,9.071591211895303,0.1629699418034469,0.17786969279174758,0.5709384748999726,0.3536854973106503
5,is_s,36,0.5921598904173946,7.749428414313577,6.161220249901243,14.608126300025328,18.571357215053034,0.1629699418034469,0.17786969279174758,0.5709384748999726,0.3536854973106503
5,is_s,37,0.6203538940145698,4.995030784173576,21.57495853642997,6.685057273547891,6.128951999462436,0.1629699418034469,0.17786969279174758,0.5709384748999726,0.3536854973106503
5,is_s,38,0.7812278750887577,10.425710309914392,9.73483116555996,30.94999871430773,14.835920374553284,0.1629699418034469,0.17786969279174758,0.5709384748999726,0.3536854973106503
5,is_s,39,-0.16956799001543138,4.291935884757716,6.144565102503379,14.161202019682474,6.98395316481051,0.1629699418034469,0.17786969279174758,0.5709384748999726,0.3536854973106503
5,is_s,40,0.2950127277505142,1.6177530381902145,3.491582946726942,17.575337100170312,4.261649429890878,0.1629699418034469,0.17786969279174758,0.5709384748999726,0.3536854973106503
5,is_s,41,0.4484360927691885,2.6806231516543946,4.09650573364454,39.94573199231821,7.295450147305277,0.1629699418034469,0.17786969279174758,0.5709384748999726,0.3536854973106503
5,is_s,42,0.3040181185951021,4.463297816168126,6.029708444223617,16.232729724611197,6.781114813248359,0.1629699418034469,0.17786969279174758,0.5709384748999726,0.3536854973106503
5,is_s,43,0.6132622651147875,2.498396449971247,5.936681638419653,10.722439765711044,5.476966455958996,0.1629699418034469,0.17786969279174758,0.5709384748999726,0.3536854973106503
5,is_s,44,-0.7619049058326426,9.6941346436335,1.4300389755287093,1.8238642939760932,2.6542768274485105,0.1629699418034469,0.17786969279174758,0.5709384748999726,0.3536854973106503
5,is_s,45,0.7842925888453239,6.95678646074413,3.0348312199451417,104.09186345965081,37.362305758821044,0.1629699418034469,0.17786969279174758,0.5709384748999726,0.3536854973106503
5,is_s,46,0.1185647072368727,5.949158986814281,11.690220277106489,7.614964553670387,5.596856418596827,0.1629699418034469,0.17786969279174758,0.5709384748999726,0.3536854973106503
5,is_s,47,-0.30992275930387164,18.635311742694526,8.331313713054975,14.210597773378703,13.358803137332837,0.1629699418034469,0.17786969279174758,0.5709384748999726,0.3536854973106503
5,is_s,48,0.29000033312540396,1.8252942117595885,2.7133456184585696,11.743326597716868,10.78038227279591,0.1629699418034469,0.17786969279174758,0.5709384748999726,0.3536854973106503
5,is_s,49,0.25857255504172766,11.982803362449594,6.712104313868705,63.5373682040415,16.11550348197093,0.1629699418034469,0.17786969279174758,0.5709384748999726,0.3536854973106503
5,is_s,50,0.18283998037224297,8.537357603783757,1.8116876102832753,16.20808920664415,5.436731447994516,0.1629699418034469,0.17786969279174758,0.5709384748999726,0.3536854973106503
5,is_s,51,-0.022340324912359474,3.6254868675903236,5.126211902079563,17.469622250006992,2.4209232945641124,0.1629699418034469,0.17786969279174758,0.5709384748999726,0.3536854973106503
5,is_s,52,1.0280704025750265,29.393575168803203,16.579709778545663,62.077868594141414,64.1550396106346,0.1629699418034469,0.17786969279174758,0.5709384748999726,0.3536854973106503
5,is_s,53,0.26905795458612786,4.535909416414383,6.732215780099273,7.823087853406065,11.08219868235621,0.1629699418034469,0.17786969279174758,0.5709384748999726,0.3536854973106503
5,is_s,54,0.38634250548116306,35.60700850931496,5.184778256853704,66.37811803445771,21.65795840464736,0.1629699418034469,0.17786969279174758,0.5709384748999726,0.3536854973106503
5,is_s,55,-0.2784828614344259,2.45354527130897,1.832021149939412,7.278617740325917,4.775492280177836,0.1629699418034469,0.17786969279174758,0.5709384748999726,0.3536854973106503
5,is_s,56,-0.6483428283400224,7.771194054307275,10.71441148246472,41.3255768644687,26.674470333264594,0.1629699418034469,0.17786969279174758,0.5709384748999726,0.3536854973106503
5,is_s,57,0.0988126271193594,2.7960175768771425,2.7875872794497862,20.688960424470558,11.714089450888096,0.1629699418034469,0.17786969279174758,0.5709384748999726,0.3536854973106503
5,is_s,58,0.49580974204183575,1.4205680980743052,2.6432270350992315,11.31954245387479,14.258008537876153,0.1629699418034469,0.17786969279174758,0.5709384748999726,0.3536854973106503
5,is_s,59,-0.17894579907556535,8.622486115175063,5.899795161848587,26.6712691991846,3.802371455576419,0.1629699418034469,0.17786969279174758,0.5709384748999726,0.3536854973106503
5,is_s,60,0.36095033400147164,7.104527711617012,3.2160707987763852,28.701457755364594,20.92152467445047,0.1629699418034469,0.17786969279174758,0.5709384748999726,0.3536854973106503
5,vs_s,1,0.18870269732823697,4.397319347025515,3.5521580724115562,47.224766586509034,7.281067582105629,0.275880692774622,0.24930466503884885,0.7358695735830536,0.4820964831782577
5,vs_s,2,0.9811297475898332,5.489413415121285,6.247231497487112,3.1940534464497325,5.453341588795438,0.275880692774622,0.24930466503884885,0.7358695735830536,0.4820964831782577
5,vs_s,3,0.46266505503867933,1.3091463826742418,1.8417645526625122,17.871874878039545,6.317167410669683,0.275880692774622,0.24930466503884885,0.7358695735830536,0.4820964831782577
5,vs_s,4,0.7097782838767994,3.547364079621776,2.262033873991017,21.24607798048683,7.16234424215193,0.275880692774622,0.24930466503884885,0.7358695735830536,0.4820964831782577
5,vs_s,5,0.8626684482365422,17.80768288502214,2.488710838633403,3.717499142216781,19.880988053599662,0.275880692774622,0.24930466503884885,0.7358695735830536,0.4820964831782577
5,vs_s,6,0.18303215635872,1.7557754144659823,1.3430352792738698,4.368146921466541,6.171758090799713,0.275880692774622,0.24930466503884885,0.7358695735830536,0.4820964831782577
5,vs_s,7,0.4700244481767108,2.443143342240218,1.2495976367904023,20.63201137004745,1.940596310396028,0.275880692774622,0.24930466503884885,0.7358695735830536,0.4820964831782577
5,vs_s,8,-0.1539742363909,4.314247758125806,3.812888026655648,11.987827006187452,10.245923494366231,0.275880692774622,0.24930466503884885,0.7358695735830536,0.4820964831782577
5,vs_s,9,0.12351777752536905,3.297602025612975,2.4244103208163885,23.03609414323213,7.06322448826812,0.275880692774622,0.24930466503884885,0.7358695735830536,0.4820964831782577
5,vs_s,10,0.11551684474027246,4.010012154436466,3.488323211508072,7.922478349014021,3.262171652769357,0.275880692774622,0.24930466503884885,0.7358695735830536,0.4820964831782577
5,vs_s,11,-0.0020911573695359727,13.149285762176994,8.884106347361515,63.7024949984333,12.889778818704375,0.275880692774622,0.24930466503884885,0.7358695735830536,0.4820964831782577
5,vs_s,12,0.6365029337533497,1.8548848717482178,0.9697535425623874,19.85866389395134,3.294355082403376,0.275880692774622,0.24930466503884885,0.7358695735830536,0.4820964831782577
5,vs_s,13,0.600532533693992,0.5917732232418802,1.463036338979867,6.379308719516047,3.348355538754835,0.275880692774622,0.24930466503884885,0.7358695735830536,0.4820964831782577
5,vs_s,14,0.5497712528568138,1.9922683716078737,1.0389876711227548,4.825579791961376,1.9077715743892196,0.275880692774622,0.24930466503884885,0.7358695735830536,0.4820964831782577
5,vs_s,15,0.4538324808951098,1.5311861001551612,0.7138313142869891,1.4263605524702534,2.0518970650996766,0.275880692774622,0.24930466503884885,0.7358695735830536,0.4820964831782577
5,vs_s,16,0.31222217717257733,10.31892572160494,3.660955454394246,74.96941302942069,8.212125389266236,0.275880692774622,0.24930466503884885,0.7358695735830536,0.4820964831782577
5,vs_s,17,0.26392032230336093,1.070854342674961,3.534261943728782,33.54260990730665,3.544174622617112,0.275880692774622,0.24930466503884885,0.7358695735830536,0.4820964831782577
5,vs_s,18,0.08262706978567824,2.273601126293929,1.908638554100759,18.470630817619092,4.120234069926085,0.275880692774622,0.24930466503884885,0.7358695735830536,0.4820964831782577
5,vs_s,19,0.3330529906358566,4.098261776755191,3.8456208760421755,16.56213600127847,14.963458356653458,0.275880692774622,0.24930466503884885,0.7358695735830536,0.4820964831782577
5,vs_s,20,0.7802361424996431,2.54808686230006,2.3180290401659973,20.84670904339262,4.253158434493996,0.275880692774622,0.24930466503884885,0.7358695735830536,0.4820964831782577
5,vs_s,21,-1.1313659471976822,16.492016239462277,8.626273144588374,7.9979542345995185,22.71764497065132,0.275880692774622,0.24930466503884885,0.7358695735830536,0.4820964831782577
5,vs_s,22,0.3680698127683268,6.409942363511014,3.8983721620952485,1.4727709839015182,2.805779301791957,0.275880692774622,0.24930466503884885,0.7358695735830536,0.4820964831782577
5,vs_s,23,0.43641243464347895,2.0888220617420323,3.750232550901984,12.81637590432245,3.1046972526318624,0.275880692774622,0.24930466503884885,0.7358695735830536,0.4820964831782577
5,vs_s,24,0.7045922857780589,1.5060458569999844,2.264457216512376,38.132910010230574,5.921588682869175,0.275880692774622,0.24930466503884885,0.7358695735830536,0.4820964831782577
5,vs_s,25,0.47760834004335373,1.6741385282546621,3.0130265003429426,40.567057940220415,5.661679308745298,0.275880692774622,0.24930466503884885,0.7358695735830536,0.4820964831782577
5,vs_s,26,0.6630839680826779,9.923436366413718,9.988713374934997,50.90978466755426,18.659008168330438,0.275880692774622,0.24930466503884885,0.7358695735830536,0.4820964831782577
5,vs_s,27,0.7205525394841014,4.323123149388401,6.462675774811071,22.067777125374295,4.1568165656374,0.275880692774622,0.24930466503884885,0.7358695735830536,0.4820964831782577
5,vs_s,28,0.4952779445434175,10.996638968946964,7.520977401453853,52.37456446195512,49.33105229746747,0.275880692774622,0.24930466503884885,0.7358695735830536,0.4820964831782577
5,vs_s,29,0.05750406840168744,10.676433306954445,3.049383517325581,4.315233500944952,2.387144224482341,0.275880692774622,0.24930466503884885,0.7358695735830536,0.4820964831782577
5,vs_s,30,0.5359749404469292,3.7952167570930055,2.4130984521592906,23.908704171251863,9.182897684932325,0.275880692774622,0.24930466503884885,0.7358695735830536,0.4820964831782577
5,vs_s,31,0.7147385376244859,1.1997771122165812,0.9886337509833166,11.894670263467637,3.375356414764035,0.275880692774622,0.24930466503884885,0.7358695735830536,0.4820964831782577
5,vs_s,32,0.10829322892571203,19.760814559942883,4.709263782190204,18.05702065498874,44.3445073325984,0.275880692774622,0.24930466503884885,0.7358695735830536,0.4820964831782577
5,vs_s,33,-0.2424336025637358,11.935882059301091,30.270775600845333,11.659343729510518,18.592172671612502,0.275880692774622,0.24930466503884885,0.7358695735830536,0.4820964831782577
5,vs_s,34,0.5017761182731725,0.736997417906868,2.3066981109281706,28.685226169666045,1.9161340885403522,0.275880692774622,0.24930466503884885,0.7358695735830536,0.4820964831782577
5,vs_s,35,0.7826108686224205,11.137768065244012,3.4809975146977576,59.13184332426466,37.17542904579866,0.275880692774622,0.24930466503884885,0.7358695735830536,0.4820964831782577
5,vs_s,36,0.8290777274512803,21.975914445562754,7.870416325111744,35.935090356973355,34.288471715518526,0.275880692774622,0.24930466503884885,0.7358695735830536,0.4820964831782577
5,vs_s,37,0.3184443521263311,1.2102028083925676,1.642407880554968,18.304804930885453,3.742193900854766,0.275880692774622,0.24930466503884885,0.7358695735830536,0.4820964831782577
5,vs_s,38,-0.21094687627590328,18.593603799811945,6.106252397059829,4.4800571253936265,5.9867008510514905,0.275880692774622,0.24930466503884885,0.7358695735830536,0.4820964831782577
5,vs_s,40,0.48225854504593785,1.3441470908068063,0.8253514679429357,11.776937470423626,4.6888257199207795,0.275880692774622,0.24930466503884885,0.7358695735830536,0.4820964831782577
5,vs_s,41,0.5068438047477704,6.8687347585771,6.059496426162293,10.982221939830122,16.564333384411015,0.275880692774622,0.24930466503884885,0.7358695735830536,0.4820964831782577
5,vs_s,42,0.19271356574821158,8.390559550153078,5.40147216429031,16.23833665742442,8.131426436624803,0.275880692774622,0.24930466503884885,0.7358695735830536,0.4820964831782577
5,vs_s,43,0.23129971811556455,2.33339518144059,3.5490984289540775,16.327094114292493,14.513337377828314,0.275880692774622,0.24930466503884885,0.7358695735830536,0.4820964831782577
5,vs_s,44,0.3819358429928692,0.7601941669662998,1.2647553066130925,15.34377946725734,3.2574574355703336,0.275880692774622,0.24930466503884885,0.7358695735830536,0.4820964831782577
5,vs_s,45,0.5082105576139397,0.8877881639887322,1.6705373975705813,24.717068447668535,3.6747549373677835,0.275880692774622,0.24930466503884885,0.7358695735830536,0.4820964831782577
5,vs_s,46,0.9735076116533726,2.5730518858735385,0.9399522422294307,41.00090587711562,6.050369875218451,0.275880692774622,0.24930466503884885,0.7358695735830536,0.4820964831782577
5,vs_s,47,1.0049401065529204,2.143536184424948,2.076389346615338,27.287698178154344,3.2178436311960446,0.275880692774622,0.24930466503884885,0.7358695735830536,0.4820964831782577
5,vs_s,48,0.4842071010392791,5.686515417079356,9.580795648107,32.95106205664356,22.702798260838357,0.275880692774622,0.24930466503884885,0.7358695735830536,0.4820964831782577
5,vs_s,49,1.1337097128402025,1.451065586685455,2.5512579634280286,37.456336452040425,15.948515570738302,0.275880692774622,0.24930466503884885,0.7358695735830536,0.4820964831782577
5,vs_s,50,0.5187869924769479,4.662917549260155,4.388213598365389,17.997009267382264,16.247435245600467,0.275880692774622,0.24930466503884885,0.7358695735830536,0.4820964831782577
5,vs_s,51,0.008334787977664104,13.058555647007518,2.011356695232013,12.474743073908762,20.016184133957573,0.275880692774622,0.24930466503884885,0.7358695735830536,0.4820964831782577
5,vs_s,53,0.2147238275155798,5.472242797196259,1.6466196178883146,12.253499134431117,7.201487842588785,0.275880692774622,0.24930466503884885,0.7358695735830536,0.4820964831782577
5,vs_s,54,0.388229710999051,1.5134144020463702,6.819534452748634,22.402615801218676,7.991454464865188,0.275880692774622,0.24930466503884885,0.7358695735830536,0.4820964831782577
5,vs_s,55,0.9468036347934429,7.7675768713892275,2.990220260350336,42.4802391819205,12.880653520080143,0.275880692774622,0.24930466503884885,0.7358695735830536,0.4820964831782577
5,vs_s,56,0.81251371750376,10.325969557483997,1.4335954395181254,3.8432403467167386,4.69104932787732,0.275880692774622,0.24930466503884885,0.7358695735830536,0.4820964831782577
5,vs_s,57,0.5119689312589041,7.841390869033118,1.886478318940303,12.229053035444695,6.965057007455923,0.275880692774622,0.24930466503884885,0.7358695735830536,0.4820964831782577
5,vs_s,58,0.6533567681593219,1.17738379221495,1.8308695243492705,11.521862321444358,8.551794849018817,0.275880692774622,0.24930466503884885,0.7358695735830536,0.4820964831782577
5,vs_s,59,0.7705624785010392,1.2147520466780426,2.3200445697221377,23.202628518656958,3.186911228822096,0.275880692774622,0.24930466503884885,0.7358695735830536,0.4820964831782577
5,vs_s,60,0.48874624101081754,18.060465680922825,3.872290983814417,105.38622802302064,30.397707112926895,0.275880692774622,0.24930466503884885,0.7358695735830536,0.4820964831782577
6,is_s,1,-0.1450569261478353,7.437049157956015,4.8649816171400015,4.846375745974463,3.454207808789535,0.1320417478606875,0.1762930564666847,0.5238507666111145,0.27092415773237294
6,is_s,2,-0.21630733712447733,7.639607153274302,4.662765741469671,20.115765948504162,35.517921317829106,0.1320417478606875,0.1762930564666847,0.5238507666111145,0.27092415773237294
6,is_s,3,-0.8859673111737085,19.678600882026814,5.306050938514346,25.74716655856812,14.97061910626077,0.1320417478606875,0.1762930564666847,0.5238507666111145,0.27092415773237294
6,is_s,5,-0.35184799712321846,1.0500536426860156,2.987562913404461,1.399887259016454,0.698329300719856,0.1320417478606875,0.1762930564666847,0.5238507666111145,0.27092415773237294
6,is_s,6,-0.2387260171006962,1.5852457651089416,2.0985002045608385,0.13770408683972596,1.1939989098369443,0.1320417478606875,0.1762930564666847,0.5238507666111145,0.27092415773237294
6,is_s,7,-0.943608345643289,13.270348470949786,5.650252677130274,125.65932026191189,78.9228993709048,0.1320417478606875,0.1762930564666847,0.5238507666111145,0.27092415773237294
6,is_s,8,-0.06311136666063082,10.819331928098185,10.22132206747679,11.78223087768756,11.302389555449365,0.1320417478606875,0.1762930564666847,0.5238507666111145,0.27092415773237294
6,is_s,9,0.15436064022239038,2.5959680541435435,3.5295948233923244,20.340511967308434,6.318788676370889,0.1320417478606875,0.1762930564666847,0.5238507666111145,0.27092415773237294
6,is_s,10,-0.17465870212454881,4.43813866821598,12.4129454491063,27.927335169650245,2.5845132665869546,0.1320417478606875,0.1762930564666847,0.5238507666111145,0.27092415773237294
6,is_s,11,0.5961907303002072,19.989864273063585,11.683831252145852,275.79892816652284,82.95871181576068,0.1320417478606875,0.1762930564666847,0.5238507666111145,0.27092415773237294
6,is_s,12,-0.48085223098276314,3.8369683695660464,8.694335199673654,85.42214406901432,23.570163758831352,0.1320417478606875,0.1762930564666847,0.5238507666111145,0.27092415773237294
6,is_s,13,-1.0239331276526702,2.1734217008204118,7.44971991288207,2.497152015782794,5.808447018451914,0.1320417478606875,0.1762930564666847,0.5238507666111145,0.27092415773237294
6,is_s,14,0.4251650512773697,6.148636987349012,1.7303219671159398,12.379959757268047,3.4808667585585606,0.1320417478606875,0.1762930564666847,0.5238507666111145,0.27092415773237294
6,is_s,15,-0.16283812274028728,1.417583806069049,3.048304430867326,1.256585833982679,5.969905356608787,0.1320417478606875,0.1762930564666847,0.5238507666111145,0.27092415773237294
6,is_s,16,0.07084847006577377,7.167592941644036,1.5343876142816337,24.733760839052575,14.276603960913137,0.1320417478606875,0.1762930564666847,0.5238507666111145,0.27092415773237294
6,is_s,17,-0.27071787185000307,7.811644834768448,4.710060089984062,3.0118096098387603,5.330474588266916,0.1320417478606875,0.1762930564666847,0.5238507666111145,0.27092415773237294
6,is_s,18,-0.1404840416043822,32.35270926546233,9.643907993926724,19.647826987626207,16.815410761581074,0.1320417478606875,0.1762930564666847,0.5238507666111145,0.27092415773237294
6,is_s,19,-0.44529371081560704,40.460653995230835,25.70657978205542,27.57060220631587,15.631940447436827,0.1320417478606875,0.1762930564666847,0.5238507666111145,0.27092415773237294
6,is_s,20,0.020888053671995133,2.885700690965334,7.3740493675822005,11.157331904678434,1.154439043969248,0.1320417478606875,0.1762930564666847,0.5238507666111145,0.27092415773237294
6,is_s,21,-0.7522373784231897,10.532711929187084,8.39439166880263,9.94569103456585,15.136259959086605,0.1320417478606875,0.1762930564666847,0.5238507666111145,0.27092415773237294
6,is_s,22,-0.2009347590968482,14.017603593527479,7.739632235469167,23.101341029629303,21.596638575509736,0.1320417478606875,0.1762930564666847,0.5238507666111145,0.27092415773237294
6,is_s,24,0.0607594501251793,12.715079081861605,75.18282672667587,119.27326008621539,55.02062796074575,0.1320417478606875,0.1762930564666847,0.5238507666111145,0.27092415773237294
6,is_s,25,-0.0936576732062921,35.921514069526395,20.481752315526748,47.26133800892592,54.03699553749339,0.1320417478606875,0.1762930564666847,0.5238507666111145,0.27092415773237294
6,is_s,26,-0.11504844812413147,1.1071104892103771,3.2265718320801624,10.516311744257756,2.286383579885799,0.1320417478606875,0.1762930564666847,0.5238507666111145,0.27092415773237294
6,is_s,27,-0.3955880985216272,1.773861242452926,12.02768548130535,28.263089607495075,12.826800030954843,0.1320417478606875,0.1762930564666847,0.5238507666111145,0.27092415773237294
6,is_s,28,-0.3843538549224262,10.604369849744097,16.30748304928003,111.57149041045469,44.23195924759872,0.1320417478606875,0.1762930564666847,0.5238507666111145,0.27092415773237294
6,is_s,29,-0.5216732309622296,2.9735716151693006,4.859253246359761,66.01942085580706,17.73559103268992,0.1320417478606875,0.1762930564666847,0.5238507666111145,0.27092415773237294
6,is_s,30,-0.5670959399640605,16.986985963859397,13.55723729141405,49.71683579518363,19.801334462801425,0.1320417478606875,0.1762930564666847,0.5238507666111145,0.27092415773237294
6,is_s,31,-0.1296292593523479,2.8370030811116296,2.4891441879635487,6.777142491235153,4.447644544385773,0.1320417478606875,0.1762930564666847,0.5238507666111145,0.27092415773237294
6,is_s,32,0.08655867740073453,7.681146981945283,8.46842067204464,24.045020315196027,17.594015525564814,0.1320417478606875,0.1762930564666847,0.5238507666111145,0.27092415773237294
6,is_s,33,-0.9326121270293518,7.188844485925949,14.566145976214914,8.387741708575794,2.563928952712917,0.1320417478606875,0.1762930564666847,0.5238507666111145,0.27092415773237294
6,is_s,34,0.020029186579649697,5.471517763853867,8.680404918394107,3.6618928428518434,11.386028704229268,0.1320417478606875,0.1762930564666847,0.5238507666111145,0.27092415773237294
6,is_s,35,-0.9483212426870938,24.970368185495047,7.554914897658365,110.27892276056565,50.46959089233101,0.1320417478606875,0.1762930564666847,0.5238507666111145,0.27092415773237294
6,is_s,36,-1.0151236056838455,17.32587767780926,18.283236045240123,142.26325125978218,46.43962276903143,0.1320417478606875,0.1762930564666847,0.5238507666111145,0.27092415773237294
6,is_s,37,0.6684662369382687,27.42837541042739,10.610694752206955,29.331583008671664,47.87480106191237,0.1320417478606875,0.1762930564666847,0.5238507666111145,0.27092415773237294
6,is_s,38,-0.5014989606714597,11.500083424139286,12.17627854770556,4.874517651683544,17.723668134467896,0.1320417478606875,0.1762930564666847,0.5238507666111145,0.27092415773237294
6,is_s,39,0.03278408678075687,7.635437154233011,5.280492753952559,12.006778009642352,16.32104700995097,0.1320417478606875,0.1762930564666847,0.5238507666111145,0.27092415773237294
6,is_s,41,0.4726170013812803,9.359801431926504,11.379018648596478,20.509722217902976,9.100932249590775,0.1320417478606875,0.1762930564666847,0.5238507666111145,0.27092415773237294
6,is_s,42,-0.10244311383035241,10.589696072591915,10.707238727163771,2.2344352615988363,4.382810859117704,0.1320417478606875,0.1762930564666847,0.5238507666111145,0.27092415773237294
6,is_s,43,-0.375769076084536,5.529546545468136,2.990674891174775,16.29164978019199,2.7170540389473556,0.1320417478606875,0.1762930564666847,0.5238507666111145,0.27092415773237294
6,is_s,44,-0.5948837096048167,14.141843129439193,5.4324519307365655,3.3825203920950426,6.947661013766543,0.1320417478606875,0.1762930564666847,0.5238507666111145,0.27092415773237294
6,is_s,45,-0.321827295158566,3.1584341040261372,7.409648210143403,4.212353645828727,4.766249100592212,0.1320417478606875,0.1762930564666847,0.5238507666111145,0.27092415773237294
6,is_s,46,-0.3666718989830461,2.7936995403295724,15.06446221907792,14.6955395140392,21.717099476861016,0.1320417478606875,0.1762930564666847,0.5238507666111145,0.27092415773237294
6,is_s,47,0.5798455896269232,38.7265730638674,12.064771764176493,41.770110950223,41.757383969652615,0.1320417478606875,0.1762930564666847,0.5238507666111145,0.27092415773237294
6,is_s,48,-0.3027227804035998,6.635992740357652,19.326566688905967,4.598825623008332,9.28957887339636,0.1320417478606875,0.1762930564666847,0.5238507666111145,0.27092415773237294
6,is_s,49,-0.1986348063177524,8.556103892739513,11.036070999127945,9.7275863683961,7.507724490727118,0.1320417478606875,0.1762930564666847,0.5238507666111145,0.27092415773237294
6,is_s,50,-1.0297984018299404,5.30879609607305,5.576693623072544,148.94663444788327,13.339497760091982,0.1320417478606875,0.1762930564666847,0.5238507666111145,0.27092415773237294
6,is_s,52,-0.5070985810530444,14.82700395523842,25.19004777742605,20.75390902494456,9.369060365116644,0.1320417478606875,0.1762930564666847,0.5238507666111145,0.27092415773237294
6,is_s,53,-0.9687753088042887,5.304927696345833,8.327635520930631,53.337771734320484,29.10998488445949,0.1320417478606875,0.1762930564666847,0.5238507666111145,0.27092415773237294
6,is_s,54,-0.013236225308836945,3.6680017658774995,3.140668530829008,11.323040805972827,5.440457417753037,0.1320417478606875,0.1762930564666847,0.5238507666111145,0.27092415773237294
6,is_s,55,-0.0529377427222115,9.336536300984626,5.068775011805357,21.460401912412884,5.5563748791955785,0.1320417478606875,0.1762930564666847,0.5238507666111145,0.27092415773237294
6,is_s,56,-0.34432585771294666,5.564758210782828,4.380524430708256,15.69679777392366,17.966777810532243,0.1320417478606875,0.1762930564666847,0.5238507666111145,0.27092415773237294
6,is_s,57,-0.5330388057059161,17.386140207226283,3.3561863674953996,16.627248968989775,44.62658511250947,0.1320417478606875,0.1762930564666847,0.5238507666111145,0.27092415773237294
6,is_s,58,-0.2293208678677,5.788336745096065,5.137119058077904,59.10088973304783,21.861061043107583,0.1320417478606875,0.1762930564666847,0.5238507666111145,0.27092415773237294
6,is_s,59,-0.5248951095969274,5.763420184594825,1.1701297687864787,2.509398860932876,9.247488858861573,0.1320417478606875,0.1762930564666847,0.5238507666111145,0.27092415773237294
6,is_s,60,-0.21100414393410372,23.61000948278247,12.280757416699148,8.754510696429964,5.705307556081515,0.1320417478606875,0.1762930564666847,0.5238507666111145,0.27092415773237294
6,vs_s,1,-0.1512131937831874,22.01392778343138,10.556496012657563,37.33429905947678,37.010647340820036,0.2257190993643366,0.21162789389082995,0.4612378765489507,0.31313952352345253
6,vs_s,2,0.9154183295999192,5.0891161346036276,8.326018217366165,63.10862349041172,45.84443405234282,0.2257190993643366,0.21162789389082995,0.4612378765489507,0.31313952352345253
6,vs_s,3,-0.3384218777164123,3.094072996798792,3.672038096199578,13.839651412837371,10.35889044680684,0.2257190993643366,0.21162789389082995,0.4612378765489507,0.31313952352345253
6,vs_s,4,0.13257272166523515,3.3437556795382526,8.399955127126695,4.778912630483256,5.195041877280936,0.2257190993643366,0.21162789389082995,0.4612378765489507,0.31313952352345253
6,vs_s,5,-0.1647959425630761,2.265595158013241,2.6098312455413892,0.8248258415307255,0.8187961754778874,0.2257190993643366,0.21162789389082995,0.4612378765489507,0.31313952352345253
6,vs_s,6,0.21083473520574547,2.371778922021669,16.68777281401837,2.765775212154658,3.0895394954626454,0.2257190993643366,0.21162789389082995,0.4612378765489507,0.31313952352345253
6,vs_s,7,-0.7116728349490481,4.236950835678517,4.833155935866728,5.995999436712114,5.49781485412141,0.2257190993643366,0.21162789389082995,0.4612378765489507,0.31313952352345253
6,vs_s,8,-0.39089117264813655,26.03137721969666,3.804804645665709,0.40097599946759227,4.2639630219122875,0.2257190993643366,0.21162789389082995,0.4612378765489507,0.31313952352345253
6,vs_s,9,-0.2361532191295398,12.242949849107799,2.249556926818859,2.716010962281899,3.363308343134308,0.2257190993643366,0.21162789389082995,0.4612378765489507,0.31313952352345253
6,vs_s,10,-0.3540264981699769,4.4709224489597545,2.6655631139732,12.521150036656074,4.067291516482773,0.2257190993643366,0.21162789389082995,0.4612378765489507,0.31313952352345253
6,vs_s,11,0.5386791553708179,10.390247196660884,8.418817537762077,12.710605337675807,27.885432574823533,0.2257190993643366,0.21162789389082995,0.4612378765489507,0.31313952352345253
6,vs_s,12,0.28182828647168173,7.329110594706759,5.913499761092957,17.466752000541696,17.81476200494804,0.2257190993643366,0.21162789389082995,0.4612378765489507,0.31313952352345253
6,vs_s,13,-0.11931980339338275,8.435779004587552,4.666537458655418,4.280632461585224,3.710603033603682,0.2257190993643366,0.21162789389082995,0.4612378765489507,0.31313952352345253
6,vs_s,14,-0.12905264276953843,5.19108369551611,1.9980215964224253,21.713943353917628,11.821961018410631,0.2257190993643366,0.21162789389082995,0.4612378765489507,0.31313952352345253
6,vs_s,15,-0.01930380914663429,4.09774872427272,0.9989748633029183,34.34764249277325,26.92681977291732,0.2257190993643366,0.21162789389082995,0.4612378765489507,0.31313952352345253
6,vs_s,16,0.18248482198904573,5.369253602452534,14.30362092252482,10.094476552615326,12.590401823855268,0.2257190993643366,0.21162789389082995,0.4612378765489507,0.31313952352345253
6,vs_s,17,-0.4054867832141519,10.01827056083416,1.6489641690630978,11.363007753214196,4.819613428819658,0.2257190993643366,0.21162789389082995,0.4612378765489507,0.31313952352345253
6,vs_s,18,0.12345457229773371,8.989199197957287,11.052182716561134,6.315731904285967,5.208111918426664,0.2257190993643366,0.21162789389082995,0.4612378765489507,0.31313952352345253
6,vs_s,19,0.3184041969392837,3.0716533204417904,1.8949029481929534,9.154752220872137,9.107748356539679,0.2257190993643366,0.21162789389082995,0.4612378765489507,0.31313952352345253
6,vs_s,20,0.00308338143638146,8.294423306946996,5.401071880665847,24.971875763221185,9.887284315550422,0.2257190993643366,0.21162789389082995,0.4612378765489507,0.31313952352345253
6,vs_s,21,0.07167962739399417,4.745964628388835,12.823637209367892,6.354781914309661,1.5950129208895618,0.2257190993643366,0.21162789389082995,0.4612378765489507,0.31313952352345253
6,vs_s,22,-0.22423234601668962,6.419813791666447,5.814532333212834,16.209474378412633,13.458531599818231,0.2257190993643366,0.21162789389082995,0.4612378765489507,0.31313952352345253
6,vs_s,23,-0.2914308518897597,1.7965671502671494,1.9114848836356992,18.27891105884121,4.206251613505316,0.2257190993643366,0.21162789389082995,0.4612378765489507,0.31313952352345253
6,vs_s,24,0.018951356494975462,18.584818374363124,4.08195955328153,15.322172590171418,9.577481961710026,0.2257190993643366,0.21162789389082995,0.4612378765489507,0.31313952352345253
6,vs_s,25,-0.5315620950491777,51.32422558612615,3.82929943666493,7.8491165464534705,16.81869573119773,0.2257190993643366,0.21162789389082995,0.4612378765489507,0.31313952352345253
6,vs_s,26,-0.2970111309314641,11.863758518756539,1.3746325793416843,2.4526514329227145,7.087072804555386,0.2257190993643366,0.21162789389082995,0.4612378765489507,0.31313952352345253
6,vs_s,27,-0.11185392141626777,3.219969702230905,6.365103373650338,47.27696300156759,32.38379452408006,0.2257190993643366,0.21162789389082995,0.4612378765489507,0.31313952352345253
6,vs_s,28,-0.2158714524755616,5.322440734011824,1.6545707660592976,2.0198106480897096,6.0727066992291165,0.2257190993643366,0.21162789389082995,0.4612378765489507,0.31313952352345253
6,vs_s,29,0.07236422061650039,26.09350573337169,5.747718852881233,9.515257272691622,16.9712840626526,0.2257190993643366,0.21162789389082995,0.4612378765489507,0.31313952352345253
6,vs_s,30,0.3060586858959109,18.53754810662326,1.8050808636999658,10.615979830553261,26.29753991557944,0.2257190993643366,0.21162789389082995,0.4612378765489507,0.31313952352345253
6,vs_s,31,-0.12586092267678392,8.068044411010531,2.1606439270361295,5.280106813390246,4.285849621388945,0.2257190993643366,0.21162789389082995,0.4612378765489507,0.31313952352345253
6,vs_s,32,-0.22992012671750403,3.3955924013784715,2.346431088140561,2.504903053506027,6.47665707986733,0.2257190993643366,0.21162789389082995,0.4612378765489507,0.31313952352345253
6,vs_s,33,0.28988794638150284,27.091445971904893,3.214205672235731,22.852065361881994,18.577416202317504,0.2257190993643366,0.21162789389082995,0.4612378765489507,0.31313952352345253
6,vs_s,34,-0.28231857874246113,11.60403847442484,2.3125479913021265,5.903671400971315,3.945382506101713,0.2257190993643366,0.21162789389082995,0.4612378765489507,0.31313952352345253
6,vs_s,35,0.07557573117544462,22.043507024621576,4.685241822332404,6.780741341743383,14.429260285366947,0.2257190993643366,0.21162789389082995,0.4612378765489507,0.31313952352345253
6,vs_s,36,0.2798878342257299,11.036963578880238,1.4374642388939964,13.529265255500123,24.560959503435953,0.2257190993643366,0.21162789389082995,0.4612378765489507,0.31313952352345253
6,vs_s,37,-0.4611040789716371,16.1614096453438,3.2210506693156473,2.5968045110780977,21.122164988092706,0.2257190993643366,0.21162789389082995,0.4612378765489507,0.31313952352345253
6,vs_s,38,-0.14917917651662818,5.954222299940648,1.014276775741815,4.6015174164397505,2.6291006206644867,0.2257190993643366,0.21162789389082995,0.4612378765489507,0.31313952352345253
6,vs_s,39,0.1881946728246966,4.420297105180909,2.378889833542037,8.47075949002592,4.966963070427397,0.2257190993643366,0.21162789389082995,0.4612378765489507,0.31313952352345253
6,vs_s,40,-0.5475587377221577,20.797018386801444,5.3383595001051365,10.710823357385074,10.89758547280153,0.2257190993643366,0.21162789389082995,0.4612378765489507,0.31313952352345253
6,vs_s,41,-0.36679466666395333,2.091029148633557,2.447259760764681,5.4164269935013545,6.995828044473057,0.2257190993643366,0.21162789389082995,0.4612378765489507,0.31313952352345253
6,vs_s,42,-0.3991606641030193,16.81864887111897,7.119566128889389,5.73165711069376,25.17316680136016,0.2257190993643366,0.21162789389082995,0.4612378765489507,0.31313952352345253
6,vs_s,43,-0.01690199988199886,8.537276404778043,5.686811849363555,9.778608358765355,7.162154957196142,0.2257190993643366,0.21162789389082995,0.4612378765489507,0.31313952352345253
6,vs_s,44,-0.3986827389607182,21.177415277739463,7.664696588100691,16.381518181392064,10.684654748899685,0.2257190993643366,0.21162789389082995,0.4612378765489507,0.31313952352345253
6,vs_s,45,-0.036144521013344394,2.4196890421342445,2.1795500067512275,26.576072910606484,18.10367986329301,0.2257190993643366,0.21162789389082995,0.4612378765489507,0.31313952352345253
6,vs_s,46,0.862721121253385,15.550024664176956,8.5617026707527,19.268184132958346,9.6401246761663,0.2257190993643366,0.21162789389082995,0.4612378765489507,0.31313952352345253
6,vs_s,47,0.05540698036316161,11.499012720130848,1.165690098562825,9.377408759346343,12.274464776396604,0.2257190993643366,0.21162789389082995,0.4612378765489507,0.31313952352345253
6,vs_s,48,-0.04517538322005577,8.556917648028879,4.817110801128009,99.28537396154587,31.15943512303877,0.2257190993643366,0.21162789389082995,0.4612378765489507,0.31313952352345253
6,vs_s,49,-1.0777473947346963,7.666343624410513,2.738332148955738,58.87370225871613,13.909683599190005,0.2257190993643366,0.21162789389082995,0.4612378765489507,0.31313952352345253
6,vs_s,50,-0.0009464508236804351,13.706315088480318,9.09823321382321,1.0709464884670858,5.2254769989833045,0.2257190993643366,0.21162789389082995,0.4612378765489507,0.31313952352345253
6,vs_s,51,-0.18741140106135729,5.428035061731968,11.570497022715658,29.71045095702401,21.02759635923825,0.2257190993643366,0.21162789389082995,0.4612378765489507,0.31313952352345253
6,vs_s,52,-0.05292020102375397,2.652797743542732,0.8377391855007598,7.940791959524564,2.790593736455263,0.2257190993643366,0.21162789389082995,0.4612378765489507,0.31313952352345253
6,vs_s,53,-0.7367569485459267,8.957566667041062,24.36519812154787,39.467549906094284,24.2914155665632,0.2257190993643366,0.21162789389082995,0.4612378765489507,0.31313952352345253
6,vs_s,54,0.09875134536135906,9.45060708542573,5.327666031399791,7.113200021363661,17.13269995604145,0.2257190993643366,0.21162789389082995,0.4612378765489507,0.31313952352345253
6,vs_s,55,0.019515655208803762,3.8492805464899873,0.7572457317083705,7.741359755797366,3.9411056814361856,0.2257190993643366,0.21162789389082995,0.4612378765489507,0.31313952352345253
6,vs_s,56,0.16366666865900506,12.067907388308498,10.64149290696479,18.195037690086654,10.970995304015469,0.2257190993643366,0.21162789389082995,0.4612378765489507,0.31313952352345253
6,vs_s,57,1.3161702823490125,38.77085406412966,11.621921416297484,56.882559064700416,74.14992525618786,0.2257190993643366,0.21162789389082995,0.4612378765489507,0.31313952352345253
6,vs_s,58,-0.14177702609914347,13.302314829807496,2.0444072372203625,0.2826129980108719,3.3191657751975825,0.2257190993643366,0.21162789389082995,0.4612378765489507,0.31313952352345253
6,vs_s,59,0.10457383063281647,19.966810308197537,3.433829468901123,9.678671966516545,10.576695523530748,0.2257190993643366,0.21162789389082995,0.4612378765489507,0.31313952352345253
6,vs_s,60,-0.23951336490438158,26.047962585587772,3.527345497338432,16.879842060512203,13.812285296087142,0.2257190993643366,0.21162789389082995,0.4612378765489507,0.31313952352345253
7,is_s,1,0.16830642833410225,37.87556463912698,31.28465613013786,21.883221003374157,23.319609567215817,0.06538737947739488,0.16384268378904582,0.4954944397453682,0.20806332685321477
7,is_s,2,0.2147075216912105,4.0037618820860175,8.493966997148732,13.046041443140627,14.340025584793423,0.06538737947739488,0.16384268378904582,0.4954944397453682,0.20806332685321477
7,is_s,3,0.31603932365975584,13.371157418367423,9.295166548276836,90.65457412017561,26.21649073002907,0.06538737947739488,0.16384268378904582,0.4954944397453682,0.20806332685321477
7,is_s,4,-0.037353552030014954,17.655702367522387,12.771497607218993,12.357177690629769,33.06246970559369,0.06538737947739488,0.16384268378904582,0.4954944397453682,0.20806332685321477
7,is_s,5,0.888219596850278,4.5448543114039115,9.331741277006069,13.662835808971591,6.208195905051114,0.06538737947739488,0.16384268378904582,0.4954944397453682,0.20806332685321477
7,is_s,6,0.2402247018644723,22.86258675276434,26.54557942841874,81.69695594869334,13.585314363236888,0.06538737947739488,0.16384268378904582,0.4954944397453682,0.20806332685321477
7,is_s,7,-0.9993692084149814,4.25083057749443,11.464983078236406,61.542373731941936,19.084744161106446,0.06538737947739488,0.16384268378904582,0.4954944397453682,0.20806332685321477
7,is_s,8,-1.0301104978219275,18.14201443687092,25.26857485311583,25.7936880955043,14.406023816044087,0.06538737947739488,0.16384268378904582,0.4954944397453682,0.20806332685321477
7,is_s,9,-0.037003409844690825,5.028935953334105,2.0980210866302618,0.5075107502949535,6.228547372640029,0.06538737947739488,0.16384268378904582,0.4954944397453682,0.20806332685321477
7,is_s,10,0.1981163747340447,6.816438731832652,6.862474838487886,62.48197993797293,11.008753186853923,0.06538737947739488,0.16384268378904582,0.4954944397453682,0.20806332685321477
7,is_s,11,-0.17966690198564633,18.516910394637023,25.516503668894092,18.021139397229888,20.973961435601463,0.06538737947739488,0.16384268378904582,0.4954944397453682,0.20806332685321477
7,is_s,12,0.8522262360483313,13.243933810515276,5.443268697997623,24.143263528807815,13.816792652516796,0.06538737947739488,0.16384268378904582,0.4954944397453682,0.20806332685321477
7,is_s,13,-0.4419085519927985,13.016508261702477,9.044355273879226,20.544296633864267,4.607957245102172,0.06538737947739488,0.16384268378904582,0.4954944397453682,0.20806332685321477
7,is_s,14,-0.4791698773710834,21.10526745601586,10.808899911754445,307.339783402826,24.55592523828957,0.06538737947739488,0.16384268378904582,0.4954944397453682,0.20806332685321477
7,is_s,15,1.224568178839882,8.705711916244303,13.378559586699753,93.39609525027441,38.35357374728926,0.06538737947739488,0.16384268378904582,0.4954944397453682,0.20806332685321477
7,is_s,17,0.6352966536404616,9.483574788691918,20.288577399620745,22.593046212870984,13.24286139116512,0.06538737947739488,0.16384268378904582,0.4954944397453682,0.20806332685321477
7,is_s,18,-0.006118172224583822,5.923050349759361,9.885678231798247,18.555427027395137,7.730074607401389,0.06538737947739488,0.16384268378904582,0.4954944397453682,0.20806332685321477
7,is_s,19,-0.05246459958437858,11.484922422252554,39.68510289135434,12.08502179633667,4.102031082846798,0.06538737947739488,0.16384268378904582,0.4954944397453682,0.20806332685321477
7,is_s,20,0.5433984859874503,9.095973916587837,12.96202444345761,46.37752119380871,8.003126941422655,0.06538737947739488,0.16384268378904582,0.4954944397453682,0.20806332685321477
7,is_s,21,-0.09480376763398267,59.584133542856364,6.828406526726272,25.883294319632654,57.4870513361117,0.06538737947739488,0.16384268378904582,0.4954944397453682,0.20806332685321477
7,is_s,22,-0.3172777055227641,7.736665671017454,5.340335298408946,4.2334982151428315,5.777706409859284,0.06538737947739488,0.16384268378904582,0.4954944397453682,0.20806332685321477
7,is_s,23,0.3784842298371333,12.231378832283992,25.919200728823544,20.867359501819834,12.427091788162514,0.06538737947739488,0.16384268378904582,0.4954944397453682,0.20806332685321477
7,is_s,24,0.1719092341982614,1.6952874927174362,4.538336643969098,14.671673924364939,5.931374642583747,0.06538737947739488,0.16384268378904582,0.4954944397453682,0.20806332685321477
7,is_s,25,0.45641311131900864,2.4804560519330527,3.512230385953347,2.3628300795566126,7.415746808275393,0.06538737947739488,0.16384268378904582,0.4954944397453682,0.20806332685321477
7,is_s,26,0.21949362735900121,14.597948491364425,11.339117990669338,28.796865954092734,21.152225161609966,0.06538737947739488,0.16384268378904582,0.4954944397453682,0.20806332685321477
7,is_s,27,0.36127340246170664,4.8460516044230815,2.6681186352417035,2.879437571397502,0.8900124807651549,0.06538737947739488,0.16384268378904582,0.4954944397453682,0.20806332685321477
7,is_s,28,0.7954557591032031,6.693523020323625,5.556500223754522,44.53564847691317,3.045257945748218,0.06538737947739488,0.16384268378904582,0.4954944397453682,0.20806332685321477
7,is_s,29,0.11658942381410498,15.169317624667636,5.817647843146132,9.921253536935703,4.678567800316746,0.06538737947739488,0.16384268378904582,0.4954944397453682,0.20806332685321477
7,is_s,30,0.7113022032713332,10.055208844627883,8.783937395223514,175.05334662910133,65.57941251387753,0.06538737947739488,0.16384268378904582,0.4954944397453682,0.20806332685321477
7,is_s,31,-0.3523276006408124,9.152945716916216,12.524975936377261,8.38992646976326,4.966048095742166,0.06538737947739488,0.16384268378904582,0.4954944397453682,0.20806332685321477
7,is_s,32,0.346969719105777,7.884668304267752,5.689483063107984,2.459448683295856,4.961548821260947,0.06538737947739488,0.16384268378904582,0.4954944397453682,0.20806332685321477
7,is_s,33,0.3452452810052179,7.8740853317438,7.07873055983665,15.073477736880836,3.7509395716489498,0.06538737947739488,0.16384268378904582,0.4954944397453682,0.20806332685321477
7,is_s,34,0.5841190693163307,3.1606093096445096,2.582785413354574,12.544584120004478,6.751080219542104,0.06538737947739488,0.16384268378904582,0.4954944397453682,0.20806332685321477
7,is_s,35,0.4719518928569189,7.77085427474081,12.888464923217995,8.083463749132553,5.263317690467646,0.06538737947739488,0.16384268378904582,0.4954944397453682,0.20806332685321477
7,is_s,36,0.6723227256350157,3.3422455798682535,13.809211145383529,57.49912460797404,10.475310091320988,0.06538737947739488,0.16384268378904582,0.4954944397453682,0.20806332685321477
7,is_s,37,0.8267022528376133,30.33931317628461,7.013023848855538,3.221800460916672,7.1671752897390455,0.06538737947739488,0.16384268378904582,0.4954944397453682,0.20806332685321477
7,is_s,38,0.42476717219174254,9.91708565186626,3.159915808234008,5.64745400154319,7.023536873853691,0.06538737947739488,0.16384268378904582,0.4954944397453682,0.20806332685321477
7,is_s,39,1.1209236678857535,16.884037522622567,30.066446098249127,5.475226065930831,5.4715123244511155,0.06538737947739488,0.16384268378904582,0.4954944397453682,0.20806332685321477
7,is_s,40,0.6718958638128851,7.580875667879198,3.971392733966667,22.690021070077297,7.341891108867173,0.06538737947739488,0.16384268378904582,0.4954944397453682,0.20806332685321477
7,is_s,41,-0.08909115471595062,6.5056807038232485,4.4266270139773765,6.917394414176391,5.843556371801358,0.06538737947739488,0.16384268378904582,0.4954944397453682,0.20806332685321477
7,is_s,42,-0.11233194836479156,1.2624169513819317,4.6988727128411565,24.52147647710438,11.379461678575886,0.06538737947739488,0.16384268378904582,0.4954944397453682,0.20806332685321477
7,is_s,43,0.20436958012829093,11.000612543893803,2.5291589764768094,12.836702902517528,4.568414081993624,0.06538737947739488,0.16384268378904582,0.4954944397453682,0.20806332685321477
7,is_s,44,0.2920532966209998,6.716986598078922,5.391477972785918,74.74093768994398,12.201567549623839,0.06538737947739488,0.16384268378904582,0.4954944397453682,0.20806332685321477
7,is_s,45,0.5134167965037735,2.1628186921994987,5.522023516890838,27.70852576140867,4.652029518450353,0.06538737947739488,0.16384268378904582,0.4954944397453682,0.20806332685321477
7,is_s,46,0.758071167257394,26.707074670268742,33.57178302431843,22.666934615888763,21.74549035048744,0.06538737947739488,0.16384268378904582,0.4954944397453682,0.20806332685321477
7,is_s,47,1.0597537221934477,14.903626158853008,14.14654726534873,36.329233551881764,11.326466751055595,0.06538737947739488,0.16384268378904582,0.4954944397453682,0.20806332685321477
7,is_s,48,0.7647893714724001,7.381090237768942,8.063388484847666,10.95705961007761,19.131887436569556,0.06538737947739488,0.16384268378904582,0.4954944397453682,0.20806332685321477
7,is_s,49,0.572779035687224,11.476702008631475,3.266875056407556,9.31202457361102,26.977688171610122,0.06538737947739488,0.16384268378904582,0.4954944397453682,0.20806332685321477
7,is_s,50,0.40391107188100667,10.998489552793531,36.871414199938975,25.22284494059036,19.169960652425093,0.06538737947739488,0.16384268378904582,0.4954944397453682,0.20806332685321477
7,is_s,51,1.8871181103698105,24.198080513606367,13.067230117246798,40.83872619400519,28.678556437074537,0.06538737947739488,0.16384268378904582,0.4954944397453682,0.20806332685321477
7,is_s,52,-0.2674038076047803,64.36824687609953,13.820190646089154,50.064280723672915,54.97216869527777,0.06538737947739488,0.16384268378904582,0.4954944397453682,0.20806332685321477
7,is_s,53,0.7844558960702211,4.779843172812028,20.070872739666406,54.100201025405234,9.10540200696184,0.06538737947739488,0.16384268378904582,0.4954944397453682,0.20806332685321477
7,is_s,54,1.323731051238239,20.39929362504218,5.599820897641065,12.985477366034267,39.370727693866975,0.06538737947739488,0.16384268378904582,0.4954944397453682,0.20806332685321477
7,is_s,55,0.36462791728116917,17.157902517349267,3.8884884473189305,26.86404116186865,35.30496298351811,0.06538737947739488,0.16384268378904582,0.4954944397453682,0.20806332685321477
7,is_s,56,0.9565168304299904,15.869879692217784,16.211593258913545,4.913214414471289,7.827030310625772,0.06538737947739488,0.16384268378904582,0.4954944397453682,0.20806332685321477
7,is_s,57,0.6693111868460783,2.539507705042555,4.4759231958822765,44.718800860844595,3.7776534085475775,0.06538737947739488,0.16384268378904582,0.4954944397453682,0.20806332685321477
7,is_s,58,0.5410352549003415,8.160166046833856,6.101739297119993,14.914419358977213,10.09519247644255,0.06538737947739488,0.16384268378904582,0.4954944397453682,0.20806332685321477
7,is_s,59,0.4298722265498609,10.665131184466142,4.63232990685377,24.171183283802318,15.882918970375638,0.06538737947739488,0.16384268378904582,0.4954944397453682,0.20806332685321477
7,is_s,60,0.3257429643356985,14.16019082598565,17.99175422903215,34.299621428378124,8.188460870522436,0.06538737947739488,0.16384268378904582,0.4954944397453682,0.20806332685321477
7,vs_s,1,-0.062460431653498495,23.750851917676187,11.365996471764209,3.812600703999703,27.247000192631184,0.10177567181963124,0.1489184087265419,0.5975634267080758,0.3039529943884957
7,vs_s,2,0.13748301846123026,2.0515352488269394,2.995326542568584,22.88285799477597,15.138851209504127,0.10177567181963124,0.1489184087265419,0.5975634267080758,0.3039529943884957
7,vs_s,3,0.21724747039971953,4.264272753037707,4.2558416067206055,1.9857689403387553,6.727626573425833,0.10177567181963124,0.1489184087265419,0.5975634267080758,0.3039529943884957
7,vs_s,4,0.25267027383950247,4.064222478892457,13.21534394571067,19.290703669859546,10.739442580302311,0.10177567181963124,0.1489184087265419,0.5975634267080758,0.3039529943884957
7,vs_s,5,0.16201000038832988,4.454650140716092,3.9333696322066927,2.1106738919694763,6.965329830108759,0.10177567181963124,0.1489184087265419,0.5975634267080758,0.3039529943884957
7,vs_s,6,0.09848154850842612,4.0611306809343715,0.6584262825389069,34.424963535624684,3.7347563065564797,0.10177567181963124,0.1489184087265419,0.5975634267080758,0.3039529943884957
7,vs_s,7,0.4436440277047834,2.9753665847670283,2.0338358135900383,15.076300507859251,8.353719545541786,0.10177567181963124,0.1489184087265419,0.5975634267080758,0.3039529943884957
7,vs_s,8,-0.3225886110826658,12.074931717515112,7.161735994350821,34.58181427232151,13.174103573694335,0.10177567181963124,0.1489184087265419,0.5975634267080758,0.3039529943884957
7,vs_s,9,0.07830119554466483,3.7017431610879936,8.39776939542428,14.674975785164193,5.988322141772748,0.10177567181963124,0.1489184087265419,0.5975634267080758,0.3039529943884957
7,vs_s,10,0.4313243188122339,11.694228054122302,3.356353652875545,9.072644672699111,19.676294126094174,0.10177567181963124,0.1489184087265419,0.5975634267080758,0.3039529943884957
7,vs_s,11,0.012044882830159472,3.149906204402899,2.1010286498898543,14.124754331182437,3.5263411788516636,0.10177567181963124,0.1489184087265419,0.5975634267080758,0.3039529943884957
7,vs_s,12,0.3171663369071478,4.014285527055549,6.867037419887667,4.5104161680839026,4.058231475533822,0.10177567181963124,0.1489184087265419,0.5975634267080758,0.3039529943884957
7,vs_s,13,0.19432144285377054,7.507835235534464,6.418421011992685,8.16382832358219,7.697363235221518,0.10177567181963124,0.1489184087265419,0.5975634267080758,0.3039529943884957
7,vs_s,14,0.334261099533378,8.94981069321427,6.891073188620846,47.88849766174653,4.837598884544597,0.10177567181963124,0.1489184087265419,0.5975634267080758,0.3039529943884957
7,vs_s,15,0.8496827614120073,2.328195536522338,2.1071979127340548,79.97061591773677,12.837771552670093,0.10177567181963124,0.1489184087265419,0.5975634267080758,0.3039529943884957
7,vs_s,16,-0.7853264138758174,6.630202908789773,2.2364143542607144,67.8152877269939,11.579600031881444,0.10177567181963124,0.1489184087265419,0.5975634267080758,0.3039529943884957
7,vs_s,17,-0.4118183864637027,2.272019645486514,27.242920571491567,23.93747162276415,9.25974953106884,0.10177567181963124,0.1489184087265419,0.5975634267080758,0.3039529943884957
7,vs_s,18,0.5580561501715546,8.224325696499653,4.267616991609624,28.908576157642997,9.241796799140037,0.10177567181963124,0.1489184087265419,0.5975634267080758,0.3039529943884957
7,vs_s,19,0.8748183887662087,11.272855259447494,26.816110425053818,102.63664749238264,64.97137366550884,0.10177567181963124,0.1489184087265419,0.5975634267080758,0.3039529943884957
7,vs_s,20,0.9080102477557946,6.757691280602094,5.560102117248804,29.0059609438654,11.748046498610277,0.10177567181963124,0.1489184087265419,0.5975634267080758,0.3039529943884957
7,vs_s,21,-0.002172336452769794,6.942166035292229,2.0862246627915817,94.87447128597616,13.58124869195649,0.10177567181963124,0.1489184087265419,0.5975634267080758,0.3039529943884957
7,vs_s,22,-0.24870964354946917,11.859808390182435,11.699443789091792,6.588072825653088,13.991589048430964,0.10177567181963124,0.1489184087265419,0.5975634267080758,0.3039529943884957
7,vs_s,23,0.8531873644602944,14.122961200198873,12.512666606281593,8.769523370907104,14.261881943541823,0.10177567181963124,0.1489184087265419,0.5975634267080758,0.3039529943884957
7,vs_s,24,0.6299321722981882,2.5175944948590017,2.397241649128922,11.387558581400073,5.4284673890791,0.10177567181963124,0.1489184087265419,0.5975634267080758,0.3039529943884957
7,vs_s,25,0.7084471622435143,0.9843739764937676,3.5857920465056425,24.709369722277597,5.079081351209494,0.10177567181963124,0.1489184087265419,0.5975634267080758,0.3039529943884957
7,vs_s,26,0.5334980274661865,9.170071348343173,4.097670526323179,0.9413930807947205,4.645161306879211,0.10177567181963124,0.1489184087265419,0.5975634267080758,0.3039529943884957
7,vs_s,27,0.20185874028645032,2.5590685200632337,2.8116000814563873,1.908336089947733,3.5604308297111764,0.10177567181963124,0.1489184087265419,0.5975634267080758,0.3039529943884957
7,vs_s,28,-0.1522671062969365,4.673665342288636,10.419572647790204,13.454613388589628,16.451494813876092,0.10177567181963124,0.1489184087265419,0.5975634267080758,0.3039529943884957
7,vs_s,29,0.3788140024923766,4.455692067214341,13.953154264190104,8.125523932045143,5.955930543005578,0.10177567181963124,0.1489184087265419,0.5975634267080758,0.3039529943884957
7,vs_s,30,0.2672220540789834,6.113438217657562,6.362391738555419,5.720195891873113,2.0823066316419587,0.10177567181963124,0.1489184087265419,0.5975634267080758,0.3039529943884957
7,vs_s,31,-1.4951217678694269,18.064410217044717,20.50740028315159,24.14254889205815,26.228051674147217,0.10177567181963124,0.1489184087265419,0.5975634267080758,0.3039529943884957
7,vs_s,32,1.053169740784709,5.0893076700681865,12.078189407322343,58.099568577029125,36.49418035867392,0.10177567181963124,0.1489184087265419,0.5975634267080758,0.3039529943884957
7,vs_s,33,0.3017150141416595,5.971406180443584,10.904499615755533,4.926368054530904,2.136860234327433,0.10177567181963124,0.1489184087265419,0.5975634267080758,0.3039529943884957
7,vs_s,34,0.4630012652654191,12.970145356690939,7.975682024109392,14.49651535091964,18.58723281770538,0.10177567181963124,0.1489184087265419,0.5975634267080758,0.3039529943884957
7,vs_s,35,0.30440875780396387,1.73325797878763,2.4504248423344266,37.92469020893897,14.56223168693367,0.10177567181963124,0.1489184087265419,0.5975634267080758,0.3039529943884957
7,vs_s,36,0.23329928451377271,0.8245839783605358,0.7047098103198299,4.440600067093156,1.1855850146164235,0.10177567181963124,0.1489184087265419,0.5975634267080758,0.3039529943884957
7,vs_s,37,0.7053686018246333,0.6069673803469348,0.8364163287187536,7.143775967299353,1.6814542297586164,0.10177567181963124,0.1489184087265419,0.5975634267080758,0.3039529943884957
7,vs_s,38,0.4321042942642421,5.667965644771352,3.085484378289092,18.886002910760954,6.6940649032858675,0.10177567181963124,0.1489184087265419,0.5975634267080758,0.3039529943884957
7,vs_s,39,0.3200795825891672,5.609812250467641,2.5886631780741873,18.50147708638997,5.835522086543951,0.10177567181963124,0.1489184087265419,0.5975634267080758,0.3039529943884957
7,vs_s,40,0.08565564199631644,6.631230308187473,5.201665577698046,44.09693743251755,5.494706609144059,0.10177567181963124,0.1489184087265419,0.5975634267080758,0.3039529943884957
7,vs_s,41,-0.06516325141629567,5.7187463665978395,5.925237722926295,17.850237934720074,5.664689953518353,0.10177567181963124,0.1489184087265419,0.5975634267080758,0.3039529943884957
7,vs_s,42,0.6278494297019585,9.329009703356895,6.598258059185252,11.76641243190834,10.70876922652117,0.10177567181963124,0.1489184087265419,0.5975634267080758,0.3039529943884957
7,vs_s,43,0.3215666997976237,0.9755134936208355,2.582894414808799,12.011554114168296,5.581393087324583,0.10177567181963124,0.1489184087265419,0.5975634267080758,0.3039529943884957
7,vs_s,44,0.33853028427442455,1.7108133152431606,3.5957019227961795,17.745273927169762,8.971742094964899,0.10177567181963124,0.1489184087265419,0.5975634267080758,0.3039529943884957
7,vs_s,45,0.7264986080848795,17.072834272900757,6.865970975071131,37.723628561525956,7.182600545915205,0.10177567181963124,0.1489184087265419,0.5975634267080758,0.3039529943884957
7,vs_s,46,0.4103933103520426,37.66123043385311,15.992844238718517,26.59395463279882,22.018825958546326,0.10177567181963124,0.1489184087265419,0.5975634267080758,0.3039529943884957
7,vs_s,47,-0.17236979739625732,0.8995444515625004,2.4330469149314036,15.393925260720588,5.948966678869964,0.10177567181963124,0.1489184087265419,0.5975634267080758,0.3039529943884957
7,vs_s,48,0.14767256075235083,22.188888833103878,29.150171309717116,11.167956839642839,8.699299963123122,0.10177567181963124,0.1489184087265419,0.5975634267080758,0.3039529943884957
7,vs_s,49,0.34933732753161423,3.5310046960807098,4.2298767113659235,19.551638444893648,11.910521169465294,0.10177567181963124,0.1489184087265419,0.5975634267080758,0.3039529943884957
7,vs_s,50,0.07906789182699693,1.3275133377632733,3.6184654745235414,5.141117583480258,2.533260836508286,0.10177567181963124,0.1489184087265419,0.5975634267080758,0.3039529943884957
7,vs_s,51,0.045443215087187856,11.733067292197756,5.799419800595199,20.325836534039546,28.975143044004948,0.10177567181963124,0.1489184087265419,0.5975634267080758,0.3039529943884957
7,vs_s,52,-0.13579411039329797,0.8663707125510192,5.062363179346588,3.216623535782621,2.19692189293648,0.10177567181963124,0.1489184087265419,0.5975634267080758,0.3039529943884957
7,vs_s,53,-0.08034438621008042,6.1636228099021615,9.602855940339591,36.56896100331152,8.50231250761156,0.10177567181963124,0.1489184087265419,0.5975634267080758,0.3039529943884957
7,vs_s,54,0.22527674232028297,4.649724934946306,3.154196798946547,9.553840000119415,19.880493515737395,0.10177567181963124,0.1489184087265419,0.5975634267080758,0.3039529943884957
7,vs_s,55,0.08102342777741406,6.341219367260479,5.782151568378717,25.99188619615426,9.814304031083495,0.10177567181963124,0.1489184087265419,0.5975634267080758,0.3039529943884957
7,vs_s,56,0.4938497377429977,4.7108887883565425,9.920627444194714,44.14075100779561,14.881577392821953,0.10177567181963124,0.1489184087265419,0.5975634267080758,0.3039529943884957
7,vs_s,57,0.5624185313578013,11.027726390467013,6.768378571573707,26.93834288788726,4.975019018252323,0.10177567181963124,0.1489184087265419,0.5975634267080758,0.3039529943884957
7,vs_s,58,0.7816485369390569,0.5366442520971325,1.8803116562018813,10.890582956664515,2.035025562733158,0.10177567181963124,0.1489184087265419,0.5975634267080758,0.3039529943884957
7,vs_s,59,0.4762439927203963,6.463231026752189,2.1591238347418287,10.277387481604984,8.352634047439278,0.10177567181963124,0.1489184087265419,0.5975634267080758,0.3039529943884957
7,vs_s,60,0.5931590380547545,4.015498392948482,1.304698941648702,25.933491015000047,10.414085306701578,0.10177567181963124,0.1489184087265419,0.5975634267080758,0.3039529943884957
8,is_s,1,-0.6235813795592813,7.829757739409431,7.41417345045782,11.94479347649195,8.310181679079328,0.1616547683614569,0.16892493931337965,0.41455096096317867,0.22303502183127422
8,is_s,2,-0.2899709972016532,6.047398292737667,1.8916985572492653,1.840304536084784,1.3600624499337657,0.1616547683614569,0.16892493931337965,0.41455096096317867,0.22303502183127422
8,is_s,3,-0.792081743399518,11.554179693402762,7.346784483501581,13.57003578230228,22.627837297985856,0.1616547683614569,0.16892493931337965,0.41455096096317867,0.22303502183127422
8,is_s,4,-0.5965003002808141,22.441239050055394,16.18181922708698,114.71684373037392,31.830633977164947,0.1616547683614569,0.16892493931337965,0.41455096096317867,0.22303502183127422
8,is_s,5,-0.46383147017900433,1.0480503533876908,1.009184184834577,7.480784522807211,2.2215925219390473,0.1616547683614569,0.16892493931337965,0.41455096096317867,0.22303502183127422
8,is_s,6,-0.13961438182774963,0.7559739379987215,3.4599159202516097,4.8712361728390645,1.3123539897495835,0.1616547683614569,0.16892493931337965,0.41455096096317867,0.22303502183127422
8,is_s,7,-0.13102279679780995,6.052500711286515,7.7931648199978945,16.38313913234029,5.281162229275502,0.1616547683614569,0.16892493931337965,0.41455096096317867,0.22303502183127422
8,is_s,8,-0.37650760332927113,2.8833025521633853,3.0168569973973973,2.897942556482795,5.835158481458446,0.1616547683614569,0.16892493931337965,0.41455096096317867,0.22303502183127422
8,is_s,9,0.21214678352581073,3.7468648212295554,8.225194555885398,1.4396601315743813,0.977143213054577,0.1616547683614569,0.16892493931337965,0.41455096096317867,0.22303502183127422
8,is_s,10,-0.4611012903040844,1.8819045148322737,2.781383142353486,11.966554153434089,7.009997602236244,0.1616547683614569,0.16892493931337965,0.41455096096317867,0.22303502183127422
8,is_s,11,0.2045254011352981,11.25171504542826,8.247936541732184,18.24366657408913,5.1877325802858865,0.1616547683614569,0.16892493931337965,0.41455096096317867,0.22303502183127422
8,is_s,12,-0.29612055601942694,2.6148472963212943,2.819165707451659,21.985918646083118,9.49872659915264,0.1616547683614569,0.16892493931337965,0.41455096096317867,0.22303502183127422
8,is_s,13,-0.014457624916648627,6.7331045379608065,0.9388462041807967,5.237579024854449,9.58498191056236,0.1616547683614569,0.16892493931337965,0.41455096096317867,0.22303502183127422
8,is_s,14,-0.5953085263269753,10.516499368446015,7.206963186350574,14.270915014976357,10.755241815821972,0.1616547683614569,0.16892493931337965,0.41455096096317867,0.22303502183127422
8,is_s,15,-0.7182031263640327,5.359226987355446,5.4998919531045845,8.975115764680616,5.853864037356609,0.1616547683614569,0.16892493931337965,0.41455096096317867,0.22303502183127422
8,is_s,16,-0.10372923945794447,5.091047372563974,8.14553688220278,11.388370543244463,5.178445285921971,0.1616547683614569,0.16892493931337965,0.41455096096317867,0.22303502183127422
8,is_s,17,-0.1034201062838552,37.28419373185287,8.779126739216997,8.026384718524486,6.748966167763359,0.1616547683614569,0.16892493931337965,0.41455096096317867,0.22303502183127422
8,is_s,18,0.3374886387589565,0.6586344819217789,1.0624593420168822,14.156534659444148,3.4257339642150275,0.1616547683614569,0.16892493931337965,0.41455096096317867,0.22303502183127422
8,is_s,19,-0.049497212296796544,1.5572037143860742,3.142844675466141,6.711075957245509,1.3562256991486048,0.1616547683614569,0.16892493931337965,0.41455096096317867,0.22303502183127422
8,is_s,20,-0.1424857612136508,7.903978529391714,8.178855581664049,3.0175407778418144,10.750480278070238,0.1616547683614569,0.16892493931337965,0.41455096096317867,0.22303502183127422
8,is_s,21,0.8062537719986201,12.590513765898965,8.618860500810355,23.749686599670177,6.957837174300755,0.1616547683614569,0.16892493931337965,0.41455096096317867,0.22303502183127422
8,is_s,22,0.03553437449719129,17.573957930920663,5.76125561498738,3.1434742753430123,2.4088848776122,0.1616547683614569,0.16892493931337965,0.41455096096317867,0.22303502183127422
8,is_s,23,-0.6643863460890849,7.0265335157567215,3.620753756628508,11.142059487495075,18.070289907803698,0.1616547683614569,0.16892493931337965,0.41455096096317867,0.22303502183127422
8,is_s,24,-0.0495237336159375,3.1157034339289353,2.4700414418457903,10.055022059734252,5.657291315640204,0.1616547683614569,0.16892493931337965,0.41455096096317867,0.22303502183127422
8,is_s,25,-0.32360032732464494,23.23857660456057,4.45054688534535,15.481312999828292,19.193020026067913,0.1616547683614569,0.16892493931337965,0.41455096096317867,0.22303502183127422
8,is_s,26,0.2667050561779021,2.7408085434362994,2.282849527122279,19.04883455474373,7.16199659623712,0.1616547683614569,0.16892493931337965,0.41455096096317867,0.22303502183127422
8,is_s,27,-0.27849011896794923,1.3127229038474733,1.8245352246315865,1.537961131696912,1.0602973143228076,0.1616547683614569,0.16892493931337965,0.41455096096317867,0.22303502183127422
8,is_s,28,-1.2699240041241364,7.931419022243822,6.5356200720556,23.68048261800986,19.181401749762184,0.1616547683614569,0.16892493931337965,0.41455096096317867,0.22303502183127422
8,is_s,29,0.2798621931501653,5.606565022318435,5.495677748554006,4.806462526624077,2.859007860879151,0.1616547683614569,0.16892493931337965,0.41455096096317867,0.22303502183127422
8,is_s,30,-0.7125384403413322,14.61064615203239,10.49988320457423,9.577048614196011,19.078636011123766,0.1616547683614569,0.16892493931337965,0.41455096096317867,0.22303502183127422
8,is_s,31,-0.15512053464811695,2.510699768657544,2.3849828548027308,20.991434052284976,18.3460017687392,0.1616547683614569,0.16892493931337965,0.41455096096317867,0.22303502183127422
8,is_s,32,0.16357483913022128,1.692212799249077,0.29625815663716876,2.8279233665837906,5.574429752716507,0.1616547683614569,0.16892493931337965,0.41455096096317867,0.22303502183127422
8,is_s,33,0.1685122164635495,4.8562494719037606,3.355618232732642,7.4668734909533505,1.3124526563986825,0.1616547683614569,0.16892493931337965,0.41455096096317867,0.22303502183127422
8,is_s,34,0.48069122047290613,9.700092087383434,4.255231748053329,15.346531541243536,27.272851805626587,0.1616547683614569,0.16892493931337965,0.41455096096317867,0.22303502183127422
8,is_s,35,-0.33871689396400095,3.3946727228357236,4.897713104264997,9.85617912455095,4.554567694423943,0.1616547683614569,0.16892493931337965,0.41455096096317867,0.22303502183127422
8,is_s,36,0.12013057254224253,3.1436170225269167,4.26646002057852,18.803126999849177,2.367917962171135,0.1616547683614569,0.16892493931337965,0.41455096096317867,0.22303502183127422
8,is_s,37,0.02872127606570282,6.028463019723312,4.096338441391854,2.2545955513221805,1.6483728877844206,0.1616547683614569,0.16892493931337965,0.41455096096317867,0.22303502183127422
8,is_s,38,-0.010019541558538346,5.947506182343659,3.577367213846233,1.4754436492739385,2.281630135728754,0.1616547683614569,0.16892493931337965,0.41455096096317867,0.22303502183127422
8,is_s,39,-0.30802418933665016,4.772808309206314,3.1318428205121087,2.9771300266016016,3.3607949636874794,0.1616547683614569,0.16892493931337965,0.41455096096317867,0.22303502183127422
8,is_s,40,-0.31696481340565374,6.418513411501198,10.060436869329111,5.513121300546257,8.276009876731248,0.1616547683614569,0.16892493931337965,0.41455096096317867,0.22303502183127422
8,is_s,41,-0.13315174241909575,6.841896664035529,2.5913668041868316,14.136786013983658,6.341386703662988,0.1616547683614569,0.16892493931337965,0.41455096096317867,0.22303502183127422
8,is_s,42,0.17066697934476052,1.1369028583649614,7.249744658076147,5.780880151366347,1.9825960350479528,0.1616547683614569,0.16892493931337965,0.41455096096317867,0.22303502183127422
8,is_s,43,-0.40529632162045975,3.1302063673395613,10.917389427271967,27.337712138925333,8.282475412667848,0.1616547683614569,0.16892493931337965,0.41455096096317867,0.22303502183127422
8,is_s,44,-1.2822888455385675,14.218113751971318,6.109542236246889,29.64667241657421,16.881426876081374,0.1616547683614569,0.16892493931337965,0.41455096096317867,0.22303502183127422
8,is_s,45,-0.1620153207394342,2.7475550334801304,3.447100261028471,4.482381834439652,3.0033605500138187,0.1616547683614569,0.16892493931337965,0.41455096096317867,0.22303502183127422
8,is_s,46,-0.31592813886711235,6.9826246653094595,2.503563335135142,5.1210838550164155,5.173965811299558,0.1616547683614569,0.16892493931337965,0.41455096096317867,0.22303502183127422
8,is_s,47,-0.3289085425937705,0.8404936736358452,1.5500372204720525,14.97833657706289,2.8331531257144023,0.1616547683614569,0.16892493931337965,0.41455096096317867,0.22303502183127422
8,is_s,48,-0.40387025651652053,3.20815033682093,4.563450821919043,2.9502520752075316,2.19851136096418,0.1616547683614569,0.16892493931337965,0.41455096096317867,0.22303502183127422
8,is_s,49,-0.17657808452819262,4.436286868962367,2.71617171984825,4.653002585191773,7.138580012262713,0.1616547683614569,0.16892493931337965,0.41455096096317867,0.22303502183127422
8,is_s,50,0.7596243846922105,3.3354118732351585,4.894053647952483,23.288345292658708,9.00823893284015,0.1616547683614569,0.16892493931337965,0.41455096096317867,0.22303502183127422
8,is_s,51,-0.1501370724855401,11.229951577074488,5.797012013218519,10.904979475408252,5.706690133986791,0.1616547683614569,0.16892493931337965,0.41455096096317867,0.22303502183127422
8,is_s,52,-0.433907816304824,15.174094503703564,3.471348014945339,5.679204972627586,7.458062905907479,0.1616547683614569,0.16892493931337965,0.41455096096317867,0.22303502183127422
8,is_s,53,-0.26093589010800006,6.116524884286082,6.480234535031517,50.34497008765633,17.734757826847055,0.1616547683614569,0.16892493931337965,0.41455096096317867,0.22303502183127422
8,is_s,54,-0.15132546842027453,0.8078536070915581,3.652084912074748,11.891382730797224,3.100360023624152,0.1616547683614569,0.16892493931337965,0.41455096096317867,0.22303502183127422
8,is_s,55,0.6205731252296385,1.3200955856250187,2.9103318963584113,14.612702743819268,2.0943199676920394,0.1616547683614569,0.16892493931337965,0.41455096096317867,0.22303502183127422
8,is_s,56,-0.07542462820502145,4.338000531895671,2.53594466020905,3.123862993597646,8.156554463493178,0.1616547683614569,0.16892493931337965,0.41455096096317867,0.22303502183127422
8,is_s,57,-0.6956959812720123,3.4686253003672545,5.0941667710415945,5.48995504282233,10.768511245535503,0.1616547683614569,0.16892493931337965,0.41455096096317867,0.22303502183127422
8,is_s,58,0.09096515353279415,0.8267046607180383,0.8797135621798807,22.642621619651106,4.260273243393969,0.1616547683614569,0.16892493931337965,0.41455096096317867,0.22303502183127422
8,is_s,59,-0.4542307129688118,2.426479049543339,1.3633536446564964,8.57951954156217,7.517858465490372,0.1616547683614569,0.16892493931337965,0.41455096096317867,0.22303502183127422
8,is_s,60,-0.6402456576961351,17.19470350500868,6.467055659972529,13.230514697240661,6.243876656377308,0.1616547683614569,0.16892493931337965,0.41455096096317867,0.22303502183127422
8,vs_s,1,-0.2501933803519963,4.613127459574001,4.154148557923646,2.0255155346534472,1.3259635478976945,0.15554676155220662,0.15884470654911878,0.5096181257791809,0.26469104797823434
8,vs_s,2,-0.5944166859032678,8.413152383091276,4.473928547666692,23.345501869566377,5.504368001666697,0.15554676155220662,0.15884470654911878,0.5096181257791809,0.26469104797823434
8,vs_s,3,-0.14679187154286513,1.8287382137358332,2.632211794334165,7.188576189389094,6.3398826410771765,0.15554676155220662,0.15884470654911878,0.5096181257791809,0.26469104797823434
8,vs_s,4,-0.0024382412535463643,7.16991011020922,11.229166450805252,9.084112826795112,19.16492143941967,0.15554676155220662,0.15884470654911878,0.5096181257791809,0.26469104797823434
8,vs_s,5,0.0019420710524931987,3.823709204712764,4.220866051036701,0.8207713235657745,1.7594707908602314,0.15554676155220662,0.15884470654911878,0.5096181257791809,0.26469104797823434
8,vs_s,6,-0.7254651489643754,7.642942318956242,3.2151472242199217,3.641512401600398,5.108667950166679,0.15554676155220662,0.15884470654911878,0.5096181257791809,0.26469104797823434
8,vs_s,7,-0.22532758735174635,7.846771980588644,16.09657395111906,61.91721319506633,14.319045086690851,0.15554676155220662,0.15884470654911878,0.5096181257791809,0.26469104797823434
8,vs_s,8,-0.6892548704631642,0.8902072090912972,1.314177615163138,3.3572804029340575,0.3420067745220138,0.15554676155220662,0.15884470654911878,0.5096181257791809,0.26469104797823434
8,vs_s,9,-0.8530153947561513,3.0991641090824213,2.393078103942381,19.437613940059176,5.350288379297817,0.15554676155220662,0.15884470654911878,0.5096181257791809,0.26469104797823434
8,vs_s,10,-0.7960761383885895,4.778182299380302,2.994556985711877,18.561159962356463,9.910981961462236,0.15554676155220662,0.15884470654911878,0.5096181257791809,0.26469104797823434
8,vs_s,11,0.03660941358080384,8.156306726162148,9.719807819764572,6.993484797365127,5.941230358152555,0.15554676155220662,0.15884470654911878,0.5096181257791809,0.26469104797823434
8,vs_s,12,-0.4651685390192516,1.757886469952339,1.6391524178291546,4.809364767063329,3.2969260468609867,0.15554676155220662,0.15884470654911878,0.5096181257791809,0.26469104797823434
8,vs_s,13,-0.08620701384864794,1.4765127207745472,3.1446951578394886,5.477985261435656,2.0159446062070576,0.15554676155220662,0.15884470654911878,0.5096181257791809,0.26469104797823434
8,vs_s,14,-0.09621183820709221,1.5240232030923073,1.64883326336697,3.192800026697976,3.210689599891614,0.15554676155220662,0.15884470654911878,0.5096181257791809,0.26469104797823434
8,vs_s,15,-0.5950649644365651,1.300459460346173,3.4544332734056873,23.450573603103383,14.23262475323082,0.15554676155220662,0.15884470654911878,0.5096181257791809,0.26469104797823434
8,vs_s,16,-0.23328261715709359,3.028244107717623,0.39059198574019965,6.653669540774292,2.028035421173969,0.15554676155220662,0.15884470654911878,0.5096181257791809,0.26469104797823434
8,vs_s,17,-0.11094212634969339,5.1657687809139325,5.444785851506958,13.4349703403082,3.4519838242911134,0.15554676155220662,0.15884470654911878,0.5096181257791809,0.26469104797823434
8,vs_s,18,-0.1884698847011198,1.7886583817204513,2.5475918540248803,10.591410856662852,2.9001055853538444,0.15554676155220662,0.15884470654911878,0.5096181257791809,0.26469104797823434
8,vs_s,19,-0.3138668299546189,1.4391423097458398,2.0939866482794107,6.59045948185992,4.691208322746595,0.15554676155220662,0.15884470654911878,0.5096181257791809,0.26469104797823434
8,vs_s,20,-0.1615613082160701,4.133866864662579,1.00959078063419,36.3622708833965,7.79788229545118,0.15554676155220662,0.15884470654911878,0.5096181257791809,0.26469104797823434
8,vs_s,21,-0.5426291980709476,7.841474095117792,13.318280967301831,0.8913541663590143,3.39232704071075,0.15554676155220662,0.15884470654911878,0.5096181257791809,0.26469104797823434
8,vs_s,22,-0.5704782283495746,4.089424623648113,5.562770776812433,12.827715700597158,4.794992032768373,0.15554676155220662,0.15884470654911878,0.5096181257791809,0.26469104797823434
8,vs_s,23,-0.683126816491825,1.266045681261151,2.5722697103069967,30.78280323602843,8.514150681511033,0.15554676155220662,0.15884470654911878,0.5096181257791809,0.26469104797823434
8,vs_s,24,-0.24521654715752741,9.181675901755197,3.1329899059353665,8.834257535397727,3.8129343939078097,0.15554676155220662,0.15884470654911878,0.5096181257791809,0.26469104797823434
8,vs_s,25,-0.20352395241429141,1.4654614706372422,1.1707726567135641,3.649733253587739,3.2591344344807336,0.15554676155220662,0.15884470654911878,0.5096181257791809,0.26469104797823434
8,vs_s,26,-0.6156492876108008,4.233877977488369,1.3804980815081274,1.6875427524489273,0.6694552272779619,0.15554676155220662,0.15884470654911878,0.5096181257791809,0.26469104797823434
8,vs_s,27,-0.2721759477610908,8.964894643715139,4.748512231792272,5.8894665649446685,3.9920594011223254,0.15554676155220662,0.15884470654911878,0.5096181257791809,0.26469104797823434
8,vs_s,28,-0.22892779727432444,3.1382303644445013,1.3443687736397414,9.18817877062328,2.726579406550989,0.15554676155220662,0.15884470654911878,0.5096181257791809,0.26469104797823434
8,vs_s,29,-0.2952318428145367,2.7614431448448067,5.147622355715572,7.890953190000902,8.163294462214893,0.15554676155220662,0.15884470654911878,0.5096181257791809,0.26469104797823434
8,vs_s,30,-0.17196882469804442,4.373201069303072,3.163253813533779,12.163539678141703,6.454318753458987,0.15554676155220662,0.15884470654911878,0.5096181257791809,0.26469104797823434
8,vs_s,31,-0.6015239169863498,17.4399218490667,9.991482165469634,23.992869220294242,5.745323831352912,0.15554676155220662,0.15884470654911878,0.5096181257791809,0.26469104797823434
8,vs_s,32,-0.6228859048018958,2.319154149009976,2.3812677887405713,13.770490992848183,2.748458587467329,0.15554676155220662,0.15884470654911878,0.5096181257791809,0.26469104797823434
8,vs_s,33,-0.8449443816705504,4.647294479405187,6.448034343691736,55.79993989580328,30.206420861854014,0.15554676155220662,0.15884470654911878,0.5096181257791809,0.26469104797823434
8,vs_s,34,-0.02541905155211341,0.6891737140521847,3.2366843220976893,3.8324219233396777,0.9385868407508688,0.15554676155220662,0.15884470654911878,0.5096181257791809,0.26469104797823434
8,vs_s,35,0.0318655065131569,1.9733267196231914,3.522984699649981,5.260391245948918,4.547684219852034,0.15554676155220662,0.15884470654911878,0.5096181257791809,0.26469104797823434
8,vs_s,36,-0.5455243827801757,4.905776098169344,2.793793648023529,23.85262758575148,4.676035929851015,0.15554676155220662,0.15884470654911878,0.5096181257791809,0.26469104797823434
8,vs_s,37,0.25795339127423755,2.3990169399337375,5.325823000271359,3.8878988896915154,3.332642452336398,0.15554676155220662,0.15884470654911878,0.5096181257791809,0.26469104797823434
8,vs_s,38,-0.7175055276331086,11.410232626858573,9.563115612586623,9.615638387986667,29.714074235799966,0.15554676155220662,0.15884470654911878,0.5096181257791809,0.26469104797823434
8,vs_s,39,-0.34202951690699285,5.606976984369324,4.0969717956476845,11.705275543718061,5.819458722290673,0.15554676155220662,0.15884470654911878,0.5096181257791809,0.26469104797823434
8,vs_s,40,-0.3295784914019703,9.423424057377096,3.791083983294321,6.411565438918748,2.2005452335424187,0.15554676155220662,0.15884470654911878,0.5096181257791809,0.26469104797823434
8,vs_s,41,-0.13476557637768,12.050349378123753,6.372981744806927,13.707474583081822,31.687924967749584,0.15554676155220662,0.15884470654911878,0.5096181257791809,0.26469104797823434
8,vs_s,42,-0.15985403864356112,3.7177457954046775,3.2941488710915077,2.1690811980375866,3.069013638933206,0.15554676155220662,0.15884470654911878,0.5096181257791809,0.26469104797823434
8,vs_s,43,-0.0022261876498404953,11.240924052444786,3.5195773597407474,9.084828464026721,4.348094850562513,0.15554676155220662,0.15884470654911878,0.5096181257791809,0.26469104797823434
8,vs_s,44,-0.4249652330945294,2.599586561585575,4.618796849255515,5.719394911277359,5.591170741558339,0.15554676155220662,0.15884470654911878,0.5096181257791809,0.26469104797823434
8,vs_s,45,-0.3356805970057678,2.6731344207316416,0.9487558097697509,15.919020033699157,11.531921077730516,0.15554676155220662,0.15884470654911878,0.5096181257791809,0.26469104797823434
8,vs_s,46,0.2670804224776718,2.7636043582520817,0.9877251450285204,1.7030177656737941,5.1343537104617205,0.15554676155220662,0.15884470654911878,0.5096181257791809,0.26469104797823434
8,vs_s,47,-0.34443500236599806,10.465466508366282,6.117977163013401,57.80451278605129,44.89922669874683,0.15554676155220662,0.15884470654911878,0.5096181257791809,0.26469104797823434
8,vs_s,48,0.03132746887429115,14.936204618813397,5.326533148125922,5.255924134412398,4.882677539735574,0.15554676155220662,0.15884470654911878,0.5096181257791809,0.26469104797823434
8,vs_s,49,-0.6324700357085242,2.2156618760232596,4.003975366191115,5.823743892530813,2.6848092001722335,0.15554676155220662,0.15884470654911878,0.5096181257791809,0.26469104797823434
8,vs_s,50,0.1439540768788309,2.309186111871791,2.0069156669055883,3.4358670568962286,6.461232728973087,0.15554676155220662,0.15884470654911878,0.5096181257791809,0.26469104797823434
8,vs_s,51,0.003090003790465288,3.921653247470186,3.3877892323193506,19.91433925963765,6.163518887614541,0.15554676155220662,0.15884470654911878,0.5096181257791809,0.26469104797823434
8,vs_s,52,-0.46574654367195006,1.5487132123752587,2.107791704003683,35.4176369756545,3.2901791496065287,0.15554676155220662,0.15884470654911878,0.5096181257791809,0.26469104797823434
8,vs_s,53,-0.06498114143793629,2.202737068226651,2.3668336188616297,1.4921026983693932,5.745574623612431,0.15554676155220662,0.15884470654911878,0.5096181257791809,0.26469104797823434
8,vs_s,54,-0.17534830523794773,0.6225076768832393,1.9361985696959525,7.47601202203645,3.4046534156969184,0.15554676155220662,0.15884470654911878,0.5096181257791809,0.26469104797823434
8,vs_s,55,0.39551112863050975,6.858508826820009,3.2962385332440656,4.229902850501551,6.511241478180072,0.15554676155220662,0.15884470654911878,0.5096181257791809,0.26469104797823434
8,vs_s,56,-0.07738714337379789,1.0757757898643645,1.078359506111004,1.584113544726411,2.368952779983692,0.15554676155220662,0.15884470654911878,0.5096181257791809,0.26469104797823434
8,vs_s,57,-0.3491702156523388,1.3452562663263032,1.2170847159575404,4.956944901059538,1.879383497943436,0.15554676155220662,0.15884470654911878,0.5096181257791809,0.26469104797823434
8,vs_s,58,-0.3864485972485369,7.533003766294442,4.717308040199439,2.915662856622627,4.453106166871908,0.15554676155220662,0.15884470654911878,0.5096181257791809,0.26469104797823434
8,vs_s,59,-0.4878652291622752,7.702384060002641,2.573974339417106,4.435487311098561,3.6741881866724566,0.15554676155220662,0.15884470654911878,0.5096181257791809,0.26469104797823434
8,vs_s,60,-0.09581295484808289,5.406268478866137,4.001492597598978,0.6808844594053303,8.050535782178006,0.15554676155220662,0.15884470654911878,0.5096181257791809,0.26469104797823434
9,is_s,1,-0.7010943863837966,6.564999976939236,3.3936379491326916,24.87285053792146,10.821818784266906,0.18558955753588385,0.14514536372825462,0.5108002689908123,0.3300667384448425
9,is_s,2,-0.046905736462742806,1.9656469722212786,1.0024988262833767,3.210528560604999,3.045010802042981,0.18558955753588385,0.14514536372825462,0.5108002689908123,0.3300667384448425
9,is_s,3,0.07648876808004307,4.147217162093015,1.6236476877278918,2.9689223242672282,0.6990845071656455,0.18558955753588385,0.14514536372825462,0.5108002689908123,0.3300667384448425
9,is_s,4,0.4917294888018194,1.3684659107415909,2.383609053201005,6.234740777925751,1.2513210720939898,0.18558955753588385,0.14514536372825462,0.5108002689908123,0.3300667384448425
9,is_s,5,-0.1773450275069867,5.154068570170322,2.2146199916381137,11.620818624077852,12.14497915056097,0.18558955753588385,0.14514536372825462,0.5108002689908123,0.3300667384448425
9,is_s,6,0.8265234947051274,15.321610145487695,5.090078418191568,20.763171541899233,34.56182987412479,0.18558955753588385,0.14514536372825462,0.5108002689908123,0.3300667384448425
9,is_s,7,0.08768143352788503,3.453088376530364,3.5158702942297464,57.289579848742434,12.665928246918337,0.18558955753588385,0.14514536372825462,0.5108002689908123,0.3300667384448425
9,is_s,8,0.3018616795826183,13.99369692768013,7.407346018878122,14.887161546503533,13.906291887409605,0.18558955753588385,0.14514536372825462,0.5108002689908123,0.3300667384448425
9,is_s,9,0.14014402338251977,1.3206412143565063,1.8421257652943233,16.54673208825084,4.61946419829817,0.18558955753588385,0.14514536372825462,0.5108002689908123,0.3300667384448425
9,is_s,10,-0.4586427682404473,5.635163477502106,12.99546066863335,67.56899889230769,12.369979198763476,0.18558955753588385,0.14514536372825462,0.5108002689908123,0.3300667384448425
9,is_s,11,0.12238239515841454,4.773970639514206,4.632030475879648,36.41451044489923,7.4536185432782975,0.18558955753588385,0.14514536372825462,0.5108002689908123,0.3300667384448425
9,is_s,12,-0.4792344215633848,4.659034583430887,8.81278248991059,9.755190522034313,8.987624483651663,0.18558955753588385,0.14514536372825462,0.5108002689908123,0.3300667384448425
9,is_s,13,0.13484402146212757,2.86330211535158,2.8881877604444024,16.297808496864917,3.460331867683814,0.18558955753588385,0.14514536372825462,0.5108002689908123,0.3300667384448425
9,is_s,14,-0.2938671069711698,16.994994535891113,6.268214547260092,25.005319497478272,7.010897382003076,0.18558955753588385,0.14514536372825462,0.5108002689908123,0.3300667384448425
9,is_s,15,0.47872821201949334,7.339422760406272,2.9652581091226002,5.0749878325264834,4.558228705923746,0.18558955753588385,0.14514536372825462,0.5108002689908123,0.3300667384448425
9,is_s,16,-0.18831830542070735,4.181721539819292,2.234926056247215,0.9900351079741248,3.2481547265550894,0.18558955753588385,0.14514536372825462,0.5108002689908123,0.3300667384448425
9,is_s,17,0.04845928467889089,4.6730653845421,3.1115403527459717,40.94860650889656,15.75357972545045,0.18558955753588385,0.14514536372825462,0.5108002689908123,0.3300667384448425
9,is_s,18,-0.5592929187254727,4.584351618852726,7.1179406504915015,21.0397407512369,8.22476494547326,0.18558955753588385,0.14514536372825462,0.5108002689908123,0.3300667384448425
9,is_s,19,0.24925152842275836,6.87227224569836,5.6890134739652725,47.845257918165885,15.511250410037727,0.18558955753588385,0.14514536372825462,0.5108002689908123,0.3300667384448425
9,is_s,20,-0.12628530267499305,2.0512524670578824,1.1809245401276882,5.723489106283569,2.5992853844622483,0.18558955753588385,0.14514536372825462,0.5108002689908123,0.3300667384448425
9,is_s,21,0.4665035672027462,4.167546048069197,1.5979591490134148,2.538798807104678,4.767881043565355,0.18558955753588385,0.14514536372825462,0.5108002689908123,0.3300667384448425
9,is_s,22,-0.2673312953634176,3.419634162059895,1.9988971273091025,6.041200663867998,6.874070922852328,0.18558955753588385,0.14514536372825462,0.5108002689908123,0.3300667384448425
9,is_s,23,-0.656126623319583,6.877415585611471,3.5686011614331643,16.06433949100249,6.0869622609150005,0.18558955753588385,0.14514536372825462,0.5108002689908123,0.3300667384448425
9,is_s,24,-0.33085964235954946,0.8637069751026047,1.505435989864936,4.318616916940178,4.142083404595828,0.18558955753588385,0.14514536372825462,0.5108002689908123,0.3300667384448425
9,is_s,25,-1.2914132213094742,9.716732990744033,10.495921076642507,27.456972160346155,12.007873980718726,0.18558955753588385,0.14514536372825462,0.5108002689908123,0.3300667384448425
9,is_s,26,-0.8214332424808262,4.183800500517453,7.636866697285217,43.757008621229524,15.581228093362249,0.18558955753588385,0.14514536372825462,0.5108002689908123,0.3300667384448425
9,is_s,27,-0.4450154858275685,16.269473492415994,10.200501323390606,54.68333732076767,15.451892536967476,0.18558955753588385,0.14514536372825462,0.5108002689908123,0.3300667384448425
9,is_s,28,-0.3511910491231872,2.74456587174164,6.726708362517938,28.078530023375414,7.774902393975092,0.18558955753588385,0.14514536372825462,0.5108002689908123,0.3300667384448425
9,is_s,29,-0.45470492879975377,1.6862906363441252,2.535276107589993,0.30968007782425433,0.7475191657954403,0.18558955753588385,0.14514536372825462,0.5108002689908123,0.3300667384448425
9,is_s,30,0.004063532863116007,8.648063904009307,10.961929291882038,22.826978517503395,13.361386918813476,0.18558955753588385,0.14514536372825462,0.5108002689908123,0.3300667384448425
9,is_s,31,-0.4304261073042178,1.300883190730344,1.6090999267126953,6.428932972321559,2.9992666668944197,0.18558955753588385,0.14514536372825462,0.5108002689908123,0.3300667384448425
9,is_s,32,-0.00978564225885181,2.532373666346392,3.493736214762215,21.178482466400883,6.5586244982941615,0.18558955753588385,0.14514536372825462,0.5108002689908123,0.3300667384448425
9,is_s,33,-0.17089078215420295,7.000820061307542,5.008032749098707,18.860472706507217,23.01418888765546,0.18558955753588385,0.14514536372825462,0.5108002689908123,0.3300667384448425
9,is_s,34,0.35024077464246617,0.9737152321558371,2.4286997499272487,21.922425132034324,11.161100655305626,0.18558955753588385,0.14514536372825462,0.5108002689908123,0.3300667384448425
9,is_s,35,-1.1179318344512452,14.622262747845905,14.745105924453439,5.7325763177640345,2.4984568982981457,0.18558955753588385,0.14514536372825462,0.5108002689908123,0.3300667384448425
9,is_s,36,-0.11174316933770341,9.62671644920123,3.9716580380728477,11.164600569773674,5.0041842270664025,0.18558955753588385,0.14514536372825462,0.5108002689908123,0.3300667384448425
9,is_s,37,-0.340018170396662,10.357810186841338,7.027878065738878,19.0543042129256,12.454391219198234,0.18558955753588385,0.14514536372825462,0.5108002689908123,0.3300667384448425
9,is_s,38,-1.6246303224069367,33.05344790893356,20.905288339071774,191.4855411259976,65.18411242228377,0.18558955753588385,0.14514536372825462,0.5108002689908123,0.3300667384448425
9,is_s,39,-0.7734151505707084,14.326822608453755,4.3743846916509534,7.906699585094543,5.167460182099688,0.18558955753588385,0.14514536372825462,0.5108002689908123,0.3300667384448425
9,is_s,40,-0.6847721448354933,3.9386783929578155,6.581501928184318,7.477975056808387,1.9734402741992572,0.18558955753588385,0.14514536372825462,0.5108002689908123,0.3300667384448425
9,is_s,41,-0.01194294141067317,2.780202267517541,1.2449382033710605,25.74888202269193,9.539788946980668,0.18558955753588385,0.14514536372825462,0.5108002689908123,0.3300667384448425
9,is_s,42,-0.4578902632677247,5.30538017571186,6.618277143935711,12.14881993641497,10.723099601414008,0.18558955753588385,0.14514536372825462,0.5108002689908123,0.3300667384448425
9,is_s,43,-0.5370576007886675,22.35297365104853,10.486615005631162,2.9097714434227617,7.7973092888891085,0.18558955753588385,0.14514536372825462,0.5108002689908123,0.3300667384448425
9,is_s,44,-0.1671009423972717,11.828256498370408,1.0336060916738343,5.808366444609477,14.767747641898168,0.18558955753588385,0.14514536372825462,0.5108002689908123,0.3300667384448425
9,is_s,45,-0.3163704556514566,5.1709201002786775,1.9391282619085812,1.8839682910329625,1.5658899846279544,0.18558955753588385,0.14514536372825462,0.5108002689908123,0.3300667384448425
9,is_s,46,-0.08597781779930613,4.260942994822558,4.83910992515722,11.617187382961385,5.0388266767109515,0.18558955753588385,0.14514536372825462,0.5108002689908123,0.3300667384448425
9,is_s,47,-0.0716126378739173,6.226407660367801,1.8565545455380255,3.1172447575141304,8.5337156219057,0.18558955753588385,0.14514536372825462,0.5108002689908123,0.3300667384448425
9,is_s,48,-0.4308854807532809,22.95411883821017,9.019426998016895,39.38662620266394,17.9346158274116,0.18558955753588385,0.14514536372825462,0.5108002689908123,0.3300667384448425
9,is_s,49,-0.028891777550831006,6.790220283114538,4.515408758833434,28.66374630972821,12.751730811120037,0.18558955753588385,0.14514536372825462,0.5108002689908123,0.3300667384448425
9,is_s,50,0.20008884958764722,4.828089292398949,5.692015399315367,18.1222242628194,4.097474993789832,0.18558955753588385,0.14514536372825462,0.5108002689908123,0.3300667384448425
9,is_s,51,-0.12068489730583437,5.28556844146094,1.9648013752866773,30.616687947995143,17.485278271028072,0.18558955753588385,0.14514536372825462,0.5108002689908123,0.3300667384448425
9,is_s,52,-0.014863142028982907,37.29123295542606,9.19901136914744,9.44303059717192,17.424397326158477,0.18558955753588385,0.14514536372825462,0.5108002689908123,0.3300667384448425
9,is_s,53,-0.14838269673811672,1.873078608875119,3.4766569381001875,0.48398327379836154,0.8203860338251501,0.18558955753588385,0.14514536372825462,0.5108002689908123,0.3300667384448425
9,is_s,54,0.570945905586192,6.132436111645995,5.331398193743934,49.50215917080476,30.55833520663979,0.18558955753588385,0.14514536372825462,0.5108002689908123,0.3300667384448425
9,is_s,55,-0.3522206459825438,3.728397599338992,1.639343730383713,0.15654482696537633,2.739239708503884,0.18558955753588385,0.14514536372825462,0.5108002689908123,0.3300667384448425
9,is_s,56,0.3726642683103964,1.0371378359926546,1.2974064888467323,16.195518684046437,4.132422288183854,0.18558955753588385,0.14514536372825462,0.5108002689908123,0.3300667384448425
9,is_s,57,0.47486745872675207,12.86963414556704,7.664280746637161,7.199721650656545,15.527681041767266,0.18558955753588385,0.14514536372825462,0.5108002689908123,0.3300667384448425
9,is_s,58,0.7184314487302985,7.727776981659834,2.0147078119473654,18.873807166332195,3.591023378505655,0.18558955753588385,0.14514536372825462,0.5108002689908123,0.3300667384448425
9,is_s,59,-0.3102092000479152,4.132092748936793,3.9331985729042898,26.18928601390237,12.010951129651115,0.18558955753588385,0.14514536372825462,0.5108002689908123,0.3300667384448425
9,is_s,60,0.041750768688835156,12.173496083620025,9.925776155765277,11.266582122446936,7.660287399174025,0.18558955753588385,0.14514536372825462,0.5108002689908123,0.3300667384448425
9,vs_s,1,0.3188280910590169,14.043915130423906,15.16239015131256,13.114109954764654,2.226741642377805,0.2134462737482702,0.1600325823151662,0.507306791830121,0.3971993861712033
9,vs_s,2,-0.1779197432906081,0.6132271767747928,4.226885197797295,34.5521943340348,10.932955342607547,0.2134462737482702,0.1600325823151662,0.507306791830121,0.3971993861712033
9,vs_s,3,-0.03256767899631551,3.988692522444835,3.719651274478368,5.501628990279104,8.636882840890484,0.2134462737482702,0.1600325823151662,0.507306791830121,0.3971993861712033
9,vs_s,4,-0.09341767883700608,9.008651207931335,5.32948222482048,3.6070111674943086,2.828258113702963,0.2134462737482702,0.1600325823151662,0.507306791830121,0.3971993861712033
9,vs_s,5,-0.20159101017179767,33.3974885100005,2.904089002333299,11.215440283457722,7.908219288784103,0.2134462737482702,0.1600325823151662,0.507306791830121,0.3971993861712033
9,vs_s,6,-0.4977846840837131,10.773391870222081,5.237855573790028,3.4745783192063024,3.3664223645839257,0.2134462737482702,0.1600325823151662,0.507306791830121,0.3971993861712033
9,vs_s,7,-0.0419225008715163,7.579598146939582,3.4567208842765327,12.717519734860304,8.919467549936767,0.2134462737482702,0.1600325823151662,0.507306791830121,0.3971993861712033
9,vs_s,8,0.31687628168965354,0.7810381993333093,2.17980960925243,25.079563193342093,4.015628643134411,0.2134462737482702,0.1600325823151662,0.507306791830121,0.3971993861712033
9,vs_s,9,-0.44935463752690524,5.098153688120236,4.327215938450407,33.859366658396034,11.42746981679737,0.2134462737482702,0.1600325823151662,0.507306791830121,0.3971993861712033
9,vs_s,10,0.5618658759419383,10.568365844092822,7.729327697894465,7.818599536504404,27.002956263556253,0.2134462737482702,0.1600325823151662,0.507306791830121,0.3971993861712033
9,vs_s,11,-0.4626210259755162,19.398814112762917,3.14648020270107,6.081261408435156,4.730817234256064,0.2134462737482702,0.1600325823151662,0.507306791830121,0.3971993861712033
9,vs_s,12,0.43417249480197323,7.3777905038677725,5.507116950173526,0.5922757299383585,2.9358577497372185,0.2134462737482702,0.1600325823151662,0.507306791830121,0.3971993861712033
9,vs_s,13,-0.10161418220801663,3.92161185843359,4.057180037225717,4.192391001961988,5.0943703183089815,0.2134462737482702,0.1600325823151662,0.507306791830121,0.3971993861712033
9,vs_s,14,-0.7225626866552308,4.325975999278973,1.5661822946117159,24.328478526859723,12.6285819583116,0.2134462737482702,0.1600325823151662,0.507306791830121,0.3971993861712033
9,vs_s,15,-0.18540673607718205,4.85989482056192,10.098224791946425,30.17866116247065,6.725790186491715,0.2134462737482702,0.1600325823151662,0.507306791830121,0.3971993861712033
9,vs_s,16,-0.4400385722148476,4.592301390045068,1.9888510581891994,0.6903278345967887,1.9554692359355121,0.2134462737482702,0.1600325823151662,0.507306791830121,0.3971993861712033
9,vs_s,17,0.13611937096991822,2.2544519998024595,2.633076587729743,2.2812609583794803,1.0836137916857336,0.2134462737482702,0.1600325823151662,0.507306791830121,0.3971993861712033
9,vs_s,18,-0.6107840639646461,12.548647047921385,5.5239848568707774,17.842242615853984,7.852470915621619,0.2134462737482702,0.1600325823151662,0.507306791830121,0.3971993861712033
9,vs_s,19,-0.1532427139395851,5.373783005639312,4.136298800184371,9.407500829037879,8.169075729517841,0.2134462737482702,0.1600325823151662,0.507306791830121,0.3971993861712033
9,vs_s,20,0.1731374021209853,19.551600418295312,2.495793954364295,13.16107343767966,34.72194870250501,0.2134462737482702,0.1600325823151662,0.507306791830121,0.3971993861712033
9,vs_s,21,-0.013890130896805903,8.933049045224823,2.8487641907416603,13.375769166708805,30.415511657756117,0.2134462737482702,0.1600325823151662,0.507306791830121,0.3971993861712033
9,vs_s,22,0.4550674110309326,3.939479392808389,12.726395841602857,2.9097962239460444,3.490711797286412,0.2134462737482702,0.1600325823151662,0.507306791830121,0.3971993861712033
9,vs_s,23,-0.19811605894532183,8.429728529724908,4.193044603368879,23.583453007817766,7.828684976701545,0.2134462737482702,0.1600325823151662,0.507306791830121,0.3971993861712033
9,vs_s,24,0.3743006125867302,15.499467944837441,13.585808486780119,25.47690199364257,12.49360225418954,0.2134462737482702,0.1600325823151662,0.507306791830121,0.3971993861712033
9,vs_s,25,-0.04670451393060573,7.147073140801065,5.512403227172146,11.309877098997505,14.672614948362176,0.2134462737482702,0.1600325823151662,0.507306791830121,0.3971993861712033
9,vs_s,26,0.3435120632434916,7.205171477624459,5.614247929846899,14.051028945927213,17.03757967807923,0.2134462737482702,0.1600325823151662,0.507306791830121,0.3971993861712033
9,vs_s,27,-0.2077528864115024,9.895041750938738,5.623756242713409,2.7296018621120766,4.369097098544366,0.2134462737482702,0.1600325823151662,0.507306791830121,0.3971993861712033
9,vs_s,28,-0.11562357482772988,3.6019682406035796,3.1876801524030824,2.5751404956958663,2.9117631425900266,0.2134462737482702,0.1600325823151662,0.507306791830121,0.3971993861712033
9,vs_s,29,0.37088296636912305,4.450059497521131,6.405513723588401,11.656121334918328,2.2921544963202405,0.2134462737482702,0.1600325823151662,0.507306791830121,0.3971993861712033
9,vs_s,30,1.2957503780793216,1.505740525925082,5.295649579808165,37.13108032988002,12.857949926796898,0.2134462737482702,0.1600325823151662,0.507306791830121,0.3971993861712033
9,vs_s,31,0.3497915598074465,2.2216786018479393,2.124662138101637,6.8409408148188025,3.878174027400308,0.2134462737482702,0.1600325823151662,0.507306791830121,0.3971993861712033
9,vs_s,32,-0.01907405686771528,14.476512291903594,11.2604020037047,20.329131960181282,4.214036135293261,0.2134462737482702,0.1600325823151662,0.507306791830121,0.3971993861712033
9,vs_s,33,-0.23411295499002266,4.841617348386161,3.1333463359641054,4.389758970427413,3.77906231876666,0.2134462737482702,0.1600325823151662,0.507306791830121,0.3971993861712033
9,vs_s,34,-0.19018825898270672,0.8937184580809056,1.0071771581624338,9.621726136678259,7.69607540980088,0.2134462737482702,0.1600325823151662,0.507306791830121,0.3971993861712033
9,vs_s,35,-0.17841158087112194,4.578615926928938,3.940700293889546,7.441398537685869,5.625457731613331,0.2134462737482702,0.1600325823151662,0.507306791830121,0.3971993861712033
9,vs_s,36,0.13295223866969552,1.778569451626007,1.1927122791964342,2.549811892147432,2.4347401318118673,0.2134462737482702,0.1600325823151662,0.507306791830121,0.3971993861712033
9,vs_s,37,-0.06164769132896526,4.252497668139275,1.7299795948592536,11.799000267745429,3.94858665815779,0.2134462737482702,0.1600325823151662,0.507306791830121,0.3971993861712033
9,vs_s,39,-0.06820635805097994,3.141879513121176,1.3110394687592761,2.585131442558758,0.4226902560585351,0.2134462737482702,0.1600325823151662,0.507306791830121,0.3971993861712033
9,vs_s,40,-0.04078275346904411,1.4631291524519008,2.5698322138914644,15.865336787612552,10.149619194264982,0.2134462737482702,0.1600325823151662,0.507306791830121,0.3971993861712033
9,vs_s,41,0.14620302845644856,2.125456575597217,1.445548198555149,3.9100068027522332,1.032365347241441,0.2134462737482702,0.1600325823151662,0.507306791830121,0.3971993861712033
9,vs_s,42,0.0445326033726367,3.495583266709397,1.7058938589935395,3.839014167056519,3.916018798172156,0.2134462737482702,0.1600325823151662,0.507306791830121,0.3971993861712033
9,vs_s,43,0.3541104850954076,2.8802798785633352,3.2180889591864594,23.063201829648357,10.36514758762292,0.2134462737482702,0.1600325823151662,0.507306791830121,0.3971993861712033
9,vs_s,44,-0.515957108005762,32.501499647171784,3.0388321339935076,39.235877756122925,28.102903088829787,0.2134462737482702,0.1600325823151662,0.507306791830121,0.3971993861712033
9,vs_s,45,0.5874992320034874,32.00881284038964,42.6057975413774,26.950936988057663,16.421479551999536,0.2134462737482702,0.1600325823151662,0.507306791830121,0.3971993861712033
9,vs_s,46,-0.038112875478357365,1.8792495909889497,1.6014283657476385,1.3391827429018592,0.43801342848586106,0.2134462737482702,0.1600325823151662,0.507306791830121,0.3971993861712033
9,vs_s,47,0.3794031393513887,3.3495635480704387,2.7835346728289996,3.274580147719658,4.832599702819957,0.2134462737482702,0.1600325823151662,0.507306791830121,0.3971993861712033
9,vs_s,48,0.3724487132256896,6.793836201341578,5.923773835809361,12.772244480659452,5.492308383018497,0.2134462737482702,0.1600325823151662,0.507306791830121,0.3971993861712033
9,vs_s,49,0.4006404789107301,15.733528544173511,15.274545342714505,49.53551934500834,8.274263879668261,0.2134462737482702,0.1600325823151662,0.507306791830121,0.3971993861712033
9,vs_s,50,-0.07850365932326722,7.02538897593871,3.6759623664684606,3.129605229748646,7.934478740247118,0.2134462737482702,0.1600325823151662,0.507306791830121,0.3971993861712033
9,vs_s,52,0.2521452353820713,4.19597453728921,7.311818549095175,30.480472282485557,5.942700329671354,0.2134462737482702,0.1600325823151662,0.507306791830121,0.3971993861712033
9,vs_s,53,0.010300390796944689,6.325117397963697,1.5870873532812155,0.33631929782690506,4.213411262168358,0.2134462737482702,0.1600325823151662,0.507306791830121,0.3971993861712033
9,vs_s,54,-0.48391381318104054,6.04056148906726,7.3900390942962355,0.31298706159295153,2.291090601752896,0.2134462737482702,0.1600325823151662,0.507306791830121,0.3971993861712033
9,vs_s,55,0.5199941859142909,7.749120679516227,2.7785606600850414,3.249368692070929,1.4701826202534718,0.2134462737482702,0.1600325823151662,0.507306791830121,0.3971993861712033
9,vs_s,56,-0.1337893234623613,3.645443567711668,7.4741759377716095,5.229059673515975,7.57350134501308,0.2134462737482702,0.1600325823151662,0.507306791830121,0.3971993861712033
9,vs_s,57,0.3556761180144718,0.6797435806901595,5.727107864144898,5.265167642960381,1.7042580695499645,0.2134462737482702,0.1600325823151662,0.507306791830121,0.3971993861712033
9,vs_s,58,-0.10812028393957902,3.2131974472060394,3.8663165954817655,44.03228061141116,11.226857176409288,0.2134462737482702,0.1600325823151662,0.507306791830121,0.3971993861712033
9,vs_s,59,0.08638994185738899,7.534858852473301,8.431646396852306,32.05874564427178,27.866129708826367,0.2134462737482702,0.1600325823151662,0.507306791830121,0.3971993861712033
9,vs_s,60,0.10032638391000867,1.104753604541452,0.9755544876559472,1.0759788539494974,0.9777031483318865,0.2134462737482702,0.1600325823151662,0.507306791830121,0.3971993861712033
10,is_s,1,-1.1379636333514467,1.0408029252453825,6.350397358243551,69.18745331216536,20.014432302688533,0.3291702114684031,0.15596829391425096,0.4554649930108291,0.3684621617259257
10,is_s,2,0.04149696667364818,100.6670827759267,17.326059163105793,99.19375568718748,67.97464110457378,0.3291702114684031,0.15596829391425096,0.4554649930108291,0.3684621617259257
10,is_s,3,0.5804310074363208,8.374753152278222,8.967794748973288,39.5224939847671,21.8762162482372,0.3291702114684031,0.15596829391425096,0.4554649930108291,0.3684621617259257
10,is_s,4,-2.222250384608646,17.00785889821616,9.112384309340136,51.332387019708,37.76794409964924,0.3291702114684031,0.15596829391425096,0.4554649930108291,0.3684621617259257
10,is_s,5,0.4439315502805491,1.4698858670604924,5.374442972423711,3.502320372861006,1.7682779215096809,0.3291702114684031,0.15596829391425096,0.4554649930108291,0.3684621617259257
10,is_s,6,-0.05778032409625997,3.9265909562552377,1.2838671457768498,5.713748731996129,2.2902207880467773,0.3291702114684031,0.15596829391425096,0.4554649930108291,0.3684621617259257
10,is_s,7,-0.6866638094497163,10.734406168944046,2.4382081014392893,15.308740179498372,10.568954152730374,0.3291702114684031,0.15596829391425096,0.4554649930108291,0.3684621617259257
10,is_s,8,-0.04654020474743023,3.556329881419277,3.0530824832226044,46.40427705090115,33.08235206973262,0.3291702114684031,0.15596829391425096,0.4554649930108291,0.3684621617259257
10,is_s,9,-0.15932603307356466,3.8925631558291456,2.871782362233282,7.587884019325726,14.246117350121326,0.3291702114684031,0.15596829391425096,0.4554649930108291,0.3684621617259257
10,is_s,10,-0.9540549172603098,4.58898039654383,3.5138586903683855,26.33893361425983,26.903838279541848,0.3291702114684031,0.15596829391425096,0.4554649930108291,0.3684621617259257
10,is_s,11,1.1121560777759134,3.473518019978421,13.916146431649477,47.11000792574127,2.41805785177093,0.3291702114684031,0.15596829391425096,0.4554649930108291,0.3684621617259257
10,is_s,12,-0.5731737958616846,2.8029620036418597,2.1593350921262684,4.939589603507054,16.208920602172697,0.3291702114684031,0.15596829391425096,0.4554649930108291,0.3684621617259257
10,is_s,13,-0.10436468159851177,10.6127905967341,2.802773579947278,11.479910210250543,11.538928196497737,0.3291702114684031,0.15596829391425096,0.4554649930108291,0.3684621617259257
10,is_s,14,-0.39971881455011643,6.142862870311187,2.938162405479653,8.487789536717198,12.13790552639157,0.3291702114684031,0.15596829391425096,0.4554649930108291,0.3684621617259257
10,is_s,15,-0.49101722420574717,29.534896462008977,19.63080023431907,23.035801492134816,46.190555803416174,0.3291702114684031,0.15596829391425096,0.4554649930108291,0.3684621617259257
10,is_s,16,-0.2945070735293889,7.045986012818363,8.544509337299374,9.41282200067437,6.300727918970532,0.3291702114684031,0.15596829391425096,0.4554649930108291,0.3684621617259257
10,is_s,17,0.12749611358014612,7.080286008667137,6.465086266175619,4.9951578697115275,17.753556701498454,0.3291702114684031,0.15596829391425096,0.4554649930108291,0.3684621617259257
10,is_s,18,-0.05470393998108424,2.543290061498988,4.450250500745675,32.73833018134821,19.072657266227882,0.3291702114684031,0.15596829391425096,0.4554649930108291,0.3684621617259257
10,is_s,19,-0.06216516315981193,4.751375053933723,2.308426259167728,15.846282724705445,7.5509387661283,0.3291702114684031,0.15596829391425096,0.4554649930108291,0.3684621617259257
10,is_s,20,1.6744804627904004,7.090590631883035,6.016940752130821,36.48221827089384,9.631284278697134,0.3291702114684031,0.15596829391425096,0.4554649930108291,0.3684621617259257
10,is_s,21,0.32444133757347154,8.270198581242706,6.638743645710009,106.25464888959375,36.486990018916295,0.3291702114684031,0.15596829391425096,0.4554649930108291,0.3684621617259257
10,is_s,22,0.2198123286258536,17.92314330324659,3.524557531624881,2.7969800573113344,3.101800974620897,0.3291702114684031,0.15596829391425096,0.4554649930108291,0.3684621617259257
10,is_s,23,-0.8932041672403391,4.302023776463634,10.478805991525075,31.576905742176354,23.401743471602494,0.3291702114684031,0.15596829391425096,0.4554649930108291,0.3684621617259257
10,is_s,24,-0.2318900479721401,3.7206202454757635,2.2739189464031964,24.708122704529156,7.042351189863818,0.3291702114684031,0.15596829391425096,0.4554649930108291,0.3684621617259257
10,is_s,25,0.30967136124133915,0.5133147796742726,2.6629248471446143,61.57936132817967,23.710342805935383,0.3291702114684031,0.15596829391425096,0.4554649930108291,0.3684621617259257
10,is_s,26,0.19354751772260853,2.4517999070855288,3.849318104791192,0.30956426753699007,0.8451291083719648,0.3291702114684031,0.15596829391425096,0.4554649930108291,0.3684621617259257
10,is_s,27,-0.8116304542406555,29.477334631670097,8.873653413430521,25.235624905343787,8.507251524326096,0.3291702114684031,0.15596829391425096,0.4554649930108291,0.3684621617259257
10,is_s,28,-0.47030067400404035,1.8507748042443337,1.8451091490341305,10.136407094361804,9.727713238078726,0.3291702114684031,0.15596829391425096,0.4554649930108291,0.3684621617259257
10,is_s,29,-0.4540276923058979,4.304708340265354,2.2019278124524724,4.319899231769499,3.8322897164502536,0.3291702114684031,0.15596829391425096,0.4554649930108291,0.3684621617259257
10,is_s,30,0.24682895357817666,10.367692177970657,3.5959066828969375,10.439401567505247,7.718566464010189,0.3291702114684031,0.15596829391425096,0.4554649930108291,0.3684621617259257
10,is_s,31,-0.9229372516895139,20.06254440149953,8.569082002790934,39.971825840055594,10.892649666878658,0.3291702114684031,0.15596829391425096,0.4554649930108291,0.3684621617259257
10,is_s,32,-0.8144386847700248,1.1974336676248518,1.1217223774896417,27.096422906315404,13.189510889300397,0.3291702114684031,0.15596829391425096,0.4554649930108291,0.3684621617259257
10,is_s,33,0.6176624586079321,5.8799381212458455,8.419929220002544,23.12559955185502,17.428825867781416,0.3291702114684031,0.15596829391425096,0.4554649930108291,0.3684621617259257
10,is_s,34,-0.3858919972648829,3.7337440446035206,2.3306694737185207,2.962265439878197,3.794905926176262,0.3291702114684031,0.15596829391425096,0.4554649930108291,0.3684621617259257
10,is_s,35,-0.4243804932580202,57.58513741930499,29.853696885812884,21.034994064976136,59.094222686628925,0.3291702114684031,0.15596829391425096,0.4554649930108291,0.3684621617259257
10,is_s,36,0.14919867530151662,8.799431573026354,4.221669926117736,21.869010084638425,6.1218361106282595,0.3291702114684031,0.15596829391425096,0.4554649930108291,0.3684621617259257
10,is_s,38,-0.19433315013791239,6.907043022017138,4.190638955053132,29.20676405938703,28.332851693356215,0.3291702114684031,0.15596829391425096,0.4554649930108291,0.3684621617259257
10,is_s,39,-1.1801838072258641,7.886139469528238,3.122372213246161,17.965555012767098,28.87365783774629,0.3291702114684031,0.15596829391425096,0.4554649930108291,0.3684621617259257
10,is_s,40,0.05349804964760177,15.532971556099007,4.616835744812181,23.190284365484967,20.170318889411128,0.3291702114684031,0.15596829391425096,0.4554649930108291,0.3684621617259257
10,is_s,41,-0.25942342642539434,0.8917093379455057,0.7181282050619447,21.84168900617633,5.962177481257473,0.3291702114684031,0.15596829391425096,0.4554649930108291,0.3684621617259257
10,is_s,42,-0.6945523544018322,19.039822816577765,6.284909246749588,35.919480944211514,12.20797495771155,0.3291702114684031,0.15596829391425096,0.4554649930108291,0.3684621617259257
10,is_s,43,-0.16443453724436644,1.4125977732520292,3.804687942116573,15.88561454984255,16.90177386153285,0.3291702114684031,0.15596829391425096,0.4554649930108291,0.3684621617259257
10,is_s,44,-1.196649109620198,3.0929230885650143,2.7918565666561705,43.19189548778411,14.982638640426782,0.3291702114684031,0.15596829391425096,0.4554649930108291,0.3684621617259257
10,is_s,45,-1.5265742091755417,37.56497681820198,20.87784962149056,131.54319497295003,53.83889116240941,0.3291702114684031,0.15596829391425096,0.4554649930108291,0.3684621617259257
10,is_s,46,-0.19838596516006735,4.7094385226555415,4.618600375621406,37.04840138922059,12.014155204616339,0.3291702114684031,0.15596829391425096,0.4554649930108291,0.3684621617259257
10,is_s,48,-1.2168448115640347,15.265852372481735,3.985516806427383,24.856961032724982,10.62877576627447,0.3291702114684031,0.15596829391425096,0.4554649930108291,0.3684621617259257
10,is_s,49,-0.6397302309026688,5.714867572292557,4.173672403537432,57.088940661588126,6.906789450157649,0.3291702114684031,0.15596829391425096,0.4554649930108291,0.3684621617259257
10,is_s,50,-0.32441310493509007,15.453627739464189,3.863711082262657,19.96056216812857,13.122700115576919,0.3291702114684031,0.15596829391425096,0.4554649930108291,0.3684621617259257
10,is_s,51,0.015934159093409072,2.576517692720959,3.0288003401367343,13.183431399932687,4.740474578295826,0.3291702114684031,0.15596829391425096,0.4554649930108291,0.3684621617259257
10,is_s,52,-1.5287332136435472,12.744815194811336,2.8925447366765766,38.446185450103236,14.441569229993835,0.3291702114684031,0.15596829391425096,0.4554649930108291,0.3684621617259257
10,is_s,53,-0.30241455442559295,9.25062850375399,3.2687252523168957,52.940785864225965,34.13484316189408,0.3291702114684031,0.15596829391425096,0.4554649930108291,0.3684621617259257
10,is_s,54,-1.169854125068649,1.1837320257698742,2.932034134870749,12.749819579399437,6.480273360471078,0.3291702114684031,0.15596829391425096,0.4554649930108291,0.3684621617259257
10,is_s,55,-0.17563792069629977,1.9352490371559508,2.9809568113506804,13.525556526058185,7.005860891309211,0.3291702114684031,0.15596829391425096,0.4554649930108291,0.3684621617259257
10,is_s,56,-0.9507812993072281,11.203245923258017,10.098046621228935,12.352198115020816,14.802085906845974,0.3291702114684031,0.15596829391425096,0.4554649930108291,0.3684621617259257
10,is_s,57,-0.47533877715791656,1.3738062359813537,2.3810391063480356,8.872499118377567,12.503629438458736,0.3291702114684031,0.15596829391425096,0.4554649930108291,0.3684621617259257
10,is_s,58,0.49608925366774903,12.90220115108336,12.442577123467142,31.247437138027685,28.205205099980628,0.3291702114684031,0.15596829391425096,0.4554649930108291,0.3684621617259257
10,is_s,59,-0.640906548780208,3.887921426633862,1.0509625775907332,2.460632317922128,1.5125323433408957,0.3291702114684031,0.15596829391425096,0.4554649930108291,0.3684621617259257
10,is_s,60,-0.11680410391938523,5.531230044078116,8.744018276548724,6.011628759031953,3.761923930987762,0.3291702114684031,0.15596829391425096,0.4554649930108291,0.3684621617259257
10,vs_s,1,0.06430758812621747,1.6658592717369074,3.452289734223909,6.743289448636453,2.670687951366839,0.35176515968499883,0.21787927469379334,0.266308012269317,0.25378424321555376
10,vs_s,2,-0.2856221294481235,5.835671040901991,4.8073285771141085,29.810670173520624,8.271061715835168,0.35176515968499883,0.21787927469379334,0.266308012269317,0.25378424321555376
10,vs_s,3,-0.5763967146734594,5.4883179580663795,3.4075751539747996,3.941100219087272,9.744092991627962,0.35176515968499883,0.21787927469379334,0.266308012269317,0.25378424321555376
10,vs_s,4,-0.22257942978004647,8.914166732388118,3.3657330671906136,94.32624918914304,18.209916769171855,0.35176515968499883,0.21787927469379334,0.266308012269317,0.25378424321555376
10,vs_s,5,0.27222138016174413,8.21297144574328,9.870178523629415,58.590355955920835,4.324097356370663,0.35176515968499883,0.21787927469379334,0.266308012269317,0.25378424321555376
10,vs_s,6,0.42078837798841967,8.183196236355824,16.53460970252183,161.3585027660974,71.73611281547205,0.35176515968499883,0.21787927469379334,0.266308012269317,0.25378424321555376
10,vs_s,7,0.16408756022935117,16.713348723463373,4.7455900613947195,9.25911268717483,10.769165217282675,0.35176515968499883,0.21787927469379334,0.266308012269317,0.25378424321555376
10,vs_s,8,0.09230981138434666,25.483250123545353,5.635623502476144,30.940159816109706,25.12354305775306,0.35176515968499883,0.21787927469379334,0.266308012269317,0.25378424321555376
10,vs_s,9,-0.197327231559424,3.7646056656020668,4.609904161257017,2.09500610868252,0.8207445501444636,0.35176515968499883,0.21787927469379334,0.266308012269317,0.25378424321555376
10,vs_s,10,-0.4543170618106491,9.016669620716929,2.0244889989348986,24.52598099083051,16.384134082503014,0.35176515968499883,0.21787927469379334,0.266308012269317,0.25378424321555376
10,vs_s,11,0.7098567897640568,14.117243001582587,3.0258971087588518,53.02206699276218,16.14346103411592,0.35176515968499883,0.21787927469379334,0.266308012269317,0.25378424321555376
10,vs_s,12,0.19827860355347587,8.496047113676179,3.9493297773798792,12.437190948809278,14.657107696409357,0.35176515968499883,0.21787927469379334,0.266308012269317,0.25378424321555376
10,vs_s,13,0.6297625335191023,2.3162592076418673,4.3765638384311245,3.8375364692140543,3.0275397689609087,0.35176515968499883,0.21787927469379334,0.266308012269317,0.25378424321555376
10,vs_s,14,-0.1706872085068983,1.172647972184413,3.2095805748546953,16.221775520991308,12.652560235279534,0.35176515968499883,0.21787927469379334,0.266308012269317,0.25378424321555376
10,vs_s,15,0.9233374429200311,10.651640039523185,13.351446524669885,18.081916495932173,7.359451731999131,0.35176515968499883,0.21787927469379334,0.266308012269317,0.25378424321555376
10,vs_s,16,0.011707878325376713,4.500764666860925,3.3360261009976284,3.938547700229993,2.7954529105360346,0.35176515968499883,0.21787927469379334,0.266308012269317,0.25378424321555376
10,vs_s,17,0.1223799287598676,11.317264938286355,5.602090667313367,28.423377808892532,20.755952516266618,0.35176515968499883,0.21787927469379334,0.266308012269317,0.25378424321555376
10,vs_s,18,-1.461928224933764,21.042997605969774,5.077480270865154,43.51789736055702,40.125258125825404,0.35176515968499883,0.21787927469379334,0.266308012269317,0.25378424321555376
10,vs_s,19,-0.007041561595036032,5.106378835213936,3.259906274606753,13.32529305456163,9.625655940748945,0.35176515968499883,0.21787927469379334,0.266308012269317,0.25378424321555376
10,vs_s,20,0.33007040705037255,11.561722972636256,6.1414103233620585,45.20547823605919,21.55982803369565,0.35176515968499883,0.21787927469379334,0.266308012269317,0.25378424321555376
10,vs_s,21,0.47536811600292705,8.36486759504844,3.273686695344996,8.002336016481111,6.503845834594868,0.35176515968499883,0.21787927469379334,0.266308012269317,0.25378424321555376
10,vs_s,22,0.2959735619987968,9.09824286209524,2.8379270170254967,3.9562975553940083,1.6481063757718433,0.35176515968499883,0.21787927469379334,0.266308012269317,0.25378424321555376
10,vs_s,23,-0.29121343864469773,12.177669257108857,3.6494718115910816,17.69249184228087,3.2040725468118145,0.35176515968499883,0.21787927469379334,0.266308012269317,0.25378424321555376
10,vs_s,24,0.25212586093845657,18.33636117495064,5.852990899201441,10.152165003475847,17.160959450427594,0.35176515968499883,0.21787927469379334,0.266308012269317,0.25378424321555376
10,vs_s,25,1.1077166115883474,7.844789473511509,5.268760611175844,65.98611649488745,41.17124324228497,0.35176515968499883,0.21787927469379334,0.266308012269317,0.25378424321555376
10,vs_s,26,-0.2290100366991782,15.420070210771222,6.722922704544414,7.245805655879322,7.638181418273437,0.35176515968499883,0.21787927469379334,0.266308012269317,0.25378424321555376
10,vs_s,27,0.6356989811576361,5.582627671238677,2.2907490500396284,34.45761171658265,6.0219755963045145,0.35176515968499883,0.21787927469379334,0.266308012269317,0.25378424321555376
10,vs_s,28,-0.16606744080481306,10.862045338238472,3.416389499816683,44.83969328072372,34.25828793870579,0.35176515968499883,0.21787927469379334,0.266308012269317,0.25378424321555376
10,vs_s,29,-0.00407893375526651,11.178563062349312,8.15304763931694,30.853016764576207,19.427559702263554,0.35176515968499883,0.21787927469379334,0.266308012269317,0.25378424321555376
10,vs_s,30,-1.0862049003572734,6.86798974625007,3.7499008470224804,28.905882494072912,12.717513798881193,0.35176515968499883,0.21787927469379334,0.266308012269317,0.25378424321555376
10,vs_s,31,-0.3260734653683805,16.90513457842548,8.905232663631761,102.37862849174567,42.175460662241804,0.35176515968499883,0.21787927469379334,0.266308012269317,0.25378424321555376
10,vs_s,32,1.157500971600142,5.223807362597438,4.09580286166996,21.605694819393406,5.442843162991904,0.35176515968499883,0.21787927469379334,0.266308012269317,0.25378424321555376
10,vs_s,33,-1.2191420631915797,6.5696936958154115,3.0658307115059933,76.62289901822744,25.645876748775677,0.35176515968499883,0.21787927469379334,0.266308012269317,0.25378424321555376
10,vs_s,34,0.7127619503069693,2.1003430876710736,4.136200452075425,7.671031182409283,4.454581827669635,0.35176515968499883,0.21787927469379334,0.266308012269317,0.25378424321555376
10,vs_s,35,0.22505001100707805,19.99284330383847,12.058627145494393,6.422204671569753,21.771480278141155,0.35176515968499883,0.21787927469379334,0.266308012269317,0.25378424321555376
10,vs_s,36,-0.24572011883178624,11.664025124190672,7.829106195287537,51.01114451995246,9.61417574336636,0.35176515968499883,0.21787927469379334,0.266308012269317,0.25378424321555376
10,vs_s,37,0.41197491966527,1.7979921774486394,6.13547286964887,10.795859177727108,6.705019968255968,0.35176515968499883,0.21787927469379334,0.266308012269317,0.25378424321555376
10,vs_s,38,-0.15050901902263975,5.2280337908762675,2.850714840139318,33.62895469664846,49.104437190139066,0.35176515968499883,0.21787927469379334,0.266308012269317,0.25378424321555376
10,vs_s,39,-0.15588843929682167,2.0247855590518093,1.6576774472436702,1.6729495301747168,3.3247196556330927,0.35176515968499883,0.21787927469379334,0.266308012269317,0.25378424321555376
10,vs_s,40,0.14902403564496652,21.864456356548327,5.592314712451933,42.70512929358981,22.840834325041232,0.35176515968499883,0.21787927469379334,0.266308012269317,0.25378424321555376
10,vs_s,41,0.3697645488179739,49.980131541983816,35.46961257763272,164.65330569345775,81.66405281825419,0.35176515968499883,0.21787927469379334,0.266308012269317,0.25378424321555376
10,vs_s,42,-0.37833813387407234,3.136059570012278,3.355420148099459,16.3847999771841,15.486542118222145,0.35176515968499883,0.21787927469379334,0.266308012269317,0.25378424321555376
10,vs_s,43,0.07739540513047898,3.7290290080298796,4.397364045861295,3.213443516240324,7.088605769210836,0.35176515968499883,0.21787927469379334,0.266308012269317,0.25378424321555376
10,vs_s,44,-0.7684723495529661,6.044251928165495,3.04411754142744,26.75276760832484,37.00098763224438,0.35176515968499883,0.21787927469379334,0.266308012269317,0.25378424321555376
10,vs_s,45,0.32386853874655197,2.909182722198145,3.6556814996215765,2.366443312967348,3.230052160719083,0.35176515968499883,0.21787927469379334,0.266308012269317,0.25378424321555376
10,vs_s,46,0.18820128206512513,12.807400339261068,4.17684061614371,7.429594829870077,10.661440394156008,0.35176515968499883,0.21787927469379334,0.266308012269317,0.25378424321555376
10,vs_s,47,0.31997446432984145,11.244106228058161,3.759024796366087,5.607747053949405,16.603177660627196,0.35176515968499883,0.21787927469379334,0.266308012269317,0.25378424321555376
10,vs_s,48,-0.41923135887776347,7.5651608604851734,4.491023121264857,13.685001638403344,20.98654557304319,0.35176515968499883,0.21787927469379334,0.266308012269317,0.25378424321555376
10,vs_s,49,-0.31731284414806116,11.444676059847259,8.55418618740022,14.42311261078064,6.998528367367953,0.35176515968499883,0.21787927469379334,0.266308012269317,0.25378424321555376
10,vs_s,50,0.18564277766572482,11.567198559010315,5.157516315241153,4.462027494651265,5.943594458180143,0.35176515968499883,0.21787927469379334,0.266308012269317,0.25378424321555376
10,vs_s,51,0.11586067978444967,5.939081726137711,4.424048776013043,88.55176351570803,20.935139620829382,0.35176515968499883,0.21787927469379334,0.266308012269317,0.25378424321555376
10,vs_s,52,-0.3707704464725081,24.108981916884805,6.274651807763739,11.089286804529655,10.676003623765153,0.35176515968499883,0.21787927469379334,0.266308012269317,0.25378424321555376
10,vs_s,53,-0.5602502154970956,8.854593840491152,10.843396934794715,12.624108791835587,2.9759537216439833,0.35176515968499883,0.21787927469379334,0.266308012269317,0.25378424321555376
10,vs_s,54,0.13308337052325753,3.2302369602747305,7.67035001064017,2.5399644128559515,3.8349894702190945,0.35176515968499883,0.21787927469379334,0.266308012269317,0.25378424321555376
10,vs_s,55,0.19630867251177556,12.409002476420413,9.349303518537795,3.697504370123928,14.630475401671612,0.35176515968499883,0.21787927469379334,0.266308012269317,0.25378424321555376
10,vs_s,56,-0.16514825875919967,18.399781458451642,15.642800673739805,25.038002693164085,16.17732361860902,0.35176515968499883,0.21787927469379334,0.266308012269317,0.25378424321555376
10,vs_s,57,-0.45303986546705166,4.86036718890071,5.369636708486984,15.656228088094782,6.221363021396858,0.35176515968499883,0.21787927469379334,0.266308012269317,0.25378424321555376
10,vs_s,59,0.09920772604236237,18.73788594004475,2.766150466086004,8.616126861024403,21.84628552137968,0.35176515968499883,0.21787927469379334,0.266308012269317,0.25378424321555376
10,vs_s,60,0.2871674667277295,16.231127830241615,5.781138552327067,11.65212410664831,2.892057210789523,0.35176515968499883,0.21787927469379334,0.266308012269317,0.25378424321555376
11,is_s,1,-0.09911534518234784,38.943983843167594,5.573403455558225,5.139031305249439,13.084996672354313,0.1870773581166931,0.16274329079675917,0.7935750563013355,0.2689168670757241
11,is_s,2,-0.6144046451101952,4.860477105486809,7.119994107140422,48.79446558758988,15.145363548105674,0.1870773581166931,0.16274329079675917,0.7935750563013355,0.2689168670757241
11,is_s,3,-0.302479107587134,7.3468786809091435,5.843269689187467,44.556839705424416,18.721306927222763,0.1870773581166931,0.16274329079675917,0.7935750563013355,0.2689168670757241
11,is_s,4,0.37191910252074856,21.33791815347143,8.73685230353155,2.1389922752803114,9.901721123120797,0.1870773581166931,0.16274329079675917,0.7935750563013355,0.2689168670757241
11,is_s,5,0.0523087104103505,2.506734941072021,2.517836519634252,8.615933614391764,7.349011055204465,0.1870773581166931,0.16274329079675917,0.7935750563013355,0.2689168670757241
11,is_s,7,-0.3873549529074674,5.1130309789498485,1.9027014242178928,10.123243054066974,3.8374538694717413,0.1870773581166931,0.16274329079675917,0.7935750563013355,0.2689168670757241
11,is_s,8,-0.31598006502192116,24.528503283269426,14.447463384541868,12.88412002204881,20.918686783928095,0.1870773581166931,0.16274329079675917,0.7935750563013355,0.2689168670757241
11,is_s,9,-0.9234202430655264,6.094156068794163,2.642575189554141,32.00936231221919,22.30554139827518,0.1870773581166931,0.16274329079675917,0.7935750563013355,0.2689168670757241
11,is_s,10,-0.8703007145168489,10.65491342364037,8.129857302313601,21.47019577068108,8.157690725400082,0.1870773581166931,0.16274329079675917,0.7935750563013355,0.2689168670757241
11,is_s,11,0.020946981099824246,14.468777933905848,4.5316559454790415,20.507325164266703,14.50625926322394,0.1870773581166931,0.16274329079675917,0.7935750563013355,0.2689168670757241
11,is_s,12,-0.7174967005339884,17.03219088865132,13.607009713342412,46.40436409031235,12.376014519324425,0.1870773581166931,0.16274329079675917,0.7935750563013355,0.2689168670757241
11,is_s,13,0.06411057319023926,7.361094897362079,4.199469839095528,43.53954766979683,5.600740316328696,0.1870773581166931,0.16274329079675917,0.7935750563013355,0.2689168670757241
11,is_s,14,-0.06530973235159905,4.131019308286334,7.756559723400608,38.90815711014526,5.3948342698368945,0.1870773581166931,0.16274329079675917,0.7935750563013355,0.2689168670757241
11,is_s,15,0.09255526870971911,53.78214746422954,15.404790991447404,157.91639382830903,26.542405028059168,0.1870773581166931,0.16274329079675917,0.7935750563013355,0.2689168670757241
11,is_s,16,-1.336842290064566,12.694171031068352,9.235272163648244,81.60705688140008,16.414954286907054,0.1870773581166931,0.16274329079675917,0.7935750563013355,0.2689168670757241
11,is_s,17,-0.661036824641788,7.63300683760149,2.3122017782045927,3.5136180789031686,2.7067799760495306,0.1870773581166931,0.16274329079675917,0.7935750563013355,0.2689168670757241
11,is_s,18,-0.247670039317052,3.5543092446098448,2.5621495645077457,23.91119214288856,3.419256821139575,0.1870773581166931,0.16274329079675917,0.7935750563013355,0.2689168670757241
11,is_s,19,-0.09043262435078887,11.04281072393635,8.454068374770113,17.682819805982334,13.356977053933933,0.1870773581166931,0.16274329079675917,0.7935750563013355,0.2689168670757241
11,is_s,20,-0.4366422932714375,13.418064658827584,11.354812968283237,28.53290552518012,10.783641229663024,0.1870773581166931,0.16274329079675917,0.7935750563013355,0.2689168670757241
11,is_s,21,-0.7734027221588714,15.312192725294386,11.124720132133369,41.49183025904393,14.321109952584036,0.1870773581166931,0.16274329079675917,0.7935750563013355,0.2689168670757241
11,is_s,22,-0.3517761731652789,2.8007875599977665,1.2519200129560517,3.4102539765610467,2.315881733852282,0.1870773581166931,0.16274329079675917,0.7935750563013355,0.2689168670757241
11,is_s,23,0.36614109541681694,9.510573199736774,4.459253889420444,27.510375816671164,27.170653870329115,0.1870773581166931,0.16274329079675917,0.7935750563013355,0.2689168670757241
11,is_s,24,-0.36655347619326956,19.870954630399957,11.85766997205762,49.46987189397155,7.439981712287629,0.1870773581166931,0.16274329079675917,0.7935750563013355,0.2689168670757241
11,is_s,25,-0.6346196099845599,59.697239112855556,3.4869470401096887,78.36507485713274,37.420023893027654,0.1870773581166931,0.16274329079675917,0.7935750563013355,0.2689168670757241
11,is_s,26,0.14249980161998674,6.57076233641143,2.048469924720059,27.888351379945785,5.512272720408088,0.1870773581166931,0.16274329079675917,0.7935750563013355,0.2689168670757241
11,is_s,27,-0.32234921335661754,1.332502521810012,1.2357229864092045,18.30831187999538,5.079350619494457,0.1870773581166931,0.16274329079675917,0.7935750563013355,0.2689168670757241
11,is_s,28,-0.3356010472108556,18.695035718294168,9.678712053776213,37.103238389235,4.012040163893385,0.1870773581166931,0.16274329079675917,0.7935750563013355,0.2689168670757241
11,is_s,29,-0.9136602698806761,10.465430465222976,4.803200110881926,86.19730809815762,33.33977585129009,0.1870773581166931,0.16274329079675917,0.7935750563013355,0.2689168670757241
11,is_s,30,0.039509670662000625,11.707675271303163,1.6196530062058045,6.0291350125073695,14.837912379512513,0.1870773581166931,0.16274329079675917,0.7935750563013355,0.2689168670757241
11,is_s,31,0.0856083909680123,15.475770441216927,3.90947487256991,6.194814665012565,7.055547723896278,0.1870773581166931,0.16274329079675917,0.7935750563013355,0.2689168670757241
11,is_s,32,-1.1940254931934144,8.364320511934924,19.944148305258572,66.29008135581039,19.755001961707475,0.1870773581166931,0.16274329079675917,0.7935750563013355,0.2689168670757241
11,is_s,33,-0.25888905019683944,5.408681306708486,3.5320161698545536,24.095644148652532,6.931838339694311,0.1870773581166931,0.16274329079675917,0.7935750563013355,0.2689168670757241
11,is_s,34,-0.35420315298588,2.606631688832806,11.05740429522906,65.02538923656213,9.608807363759167,0.1870773581166931,0.16274329079675917,0.7935750563013355,0.2689168670757241
11,is_s,35,-0.5136603816855653,17.380573609140157,9.479954705280738,11.410226505268449,9.130390799737127,0.1870773581166931,0.16274329079675917,0.7935750563013355,0.2689168670757241
11,is_s,36,0.02255636961882407,1.2951058125458663,2.2279755593975956,7.290960602137457,1.9718620795185386,0.1870773581166931,0.16274329079675917,0.7935750563013355,0.2689168670757241
11,is_s,37,-0.8076788991188313,2.479161924861606,16.728408295304533,7.700657984902088,3.8364699557605415,0.1870773581166931,0.16274329079675917,0.7935750563013355,0.2689168670757241
11,is_s,38,-0.5628848621117062,36.96869607203978,6.055843078023088,77.47980992066223,33.871359503257665,0.1870773581166931,0.16274329079675917,0.7935750563013355,0.2689168670757241
11,is_s,39,-0.2632189527648992,24.926449202575238,14.80945979854339,69.11442637640323,15.362840053682834,0.1870773581166931,0.16274329079675917,0.7935750563013355,0.2689168670757241
11,is_s,40,0.08060939628045302,6.983064094795098,6.036059469695935,16.40426082468258,16.118247370671988,0.1870773581166931,0.16274329079675917,0.7935750563013355,0.2689168670757241
11,is_s,41,-0.037671090746087536,6.277265672733918,1.3135943425333287,2.2577545557824705,5.641341435411366,0.1870773581166931,0.16274329079675917,0.7935750563013355,0.2689168670757241
11,is_s,42,-0.1970970454740138,2.8409655992246714,15.249046046484231,32.105095050460555,11.611884319844666,0.1870773581166931,0.16274329079675917,0.7935750563013355,0.2689168670757241
11,is_s,43,-0.3622327810332162,0.6571660952281051,6.534994675912041,15.124818664413372,3.4689228670216044,0.1870773581166931,0.16274329079675917,0.7935750563013355,0.2689168670757241
11,is_s,44,-0.027665427914678457,8.327454744653261,2.783662228900693,14.74731995387702,8.829497820399625,0.1870773581166931,0.16274329079675917,0.7935750563013355,0.2689168670757241
11,is_s,45,-0.34727081828656475,6.774449806369711,15.282467885651352,9.869061791582148,9.321957850474458,0.1870773581166931,0.16274329079675917,0.7935750563013355,0.2689168670757241
11,is_s,46,-0.2498737873981063,8.202031705246224,2.899825892694069,56.5888395128636,12.2323974577952,0.1870773581166931,0.16274329079675917,0.7935750563013355,0.2689168670757241
11,is_s,47,-0.04919065653158757,36.352175714285984,8.239305008460576,158.10636394048868,53.086519830203194,0.1870773581166931,0.16274329079675917,0.7935750563013355,0.2689168670757241
11,is_s,48,-0.5575394853494129,10.099161351140417,6.862148551480889,122.42632183031455,41.90704095951935,0.1870773581166931,0.16274329079675917,0.7935750563013355,0.2689168670757241
11,is_s,49,-0.41579877350181715,3.5311783766026186,2.9811242307344656,36.3062602839976,8.247524605711558,0.1870773581166931,0.16274329079675917,0.7935750563013355,0.2689168670757241
11,is_s,50,-0.24690624242288176,9.724093890094634,7.088231606372004,34.93038322104183,3.9758362424309803,0.1870773581166931,0.16274329079675917,0.7935750563013355,0.2689168670757241
11,is_s,51,0.36312973617962296,4.23937024826705,12.545060369607064,110.07340724593014,25.37664698911903,0.1870773581166931,0.16274329079675917,0.7935750563013355,0.2689168670757241
11,is_s,52,-0.06444352906159334,4.688837719242105,5.08804237657813,9.842193086853369,6.329148416070187,0.1870773581166931,0.16274329079675917,0.7935750563013355,0.2689168670757241
11,is_s,53,-0.200427112908596,12.749590385147076,16.787623038070336,9.716584408578964,6.401007615412874,0.1870773581166931,0.16274329079675917,0.7935750563013355,0.2689168670757241
11,is_s,54,-0.5498814603495012,41.757080420262575,4.415578335928833,31.72069611513224,23.714986375659187,0.1870773581166931,0.16274329079675917,0.7935750563013355,0.2689168670757241
11,is_s,55,-0.09137005167031535,4.690377316671626,2.881700742088267,6.547152664260676,3.6250909335935972,0.1870773581166931,0.16274329079675917,0.7935750563013355,0.2689168670757241
11,is_s,56,0.515181897251837,13.117363215489231,12.277759887198158,6.672865283902015,1.7794248795706578,0.1870773581166931,0.16274329079675917,0.7935750563013355,0.2689168670757241
11,is_s,57,-0.2189691785584354,1.5280617868624393,1.3849434139087993,8.366184738737067,0.8608951636363481,0.1870773581166931,0.16274329079675917,0.7935750563013355,0.2689168670757241
11,is_s,58,0.438027673921022,1.6945780089945617,2.1716858828971555,18.09507363547471,4.718835115022865,0.1870773581166931,0.16274329079675917,0.7935750563013355,0.2689168670757241
11,is_s,59,0.5368449018147577,10.04532625626342,6.808097822633148,26.46809197573999,9.982687492233262,0.1870773581166931,0.16274329079675917,0.7935750563013355,0.2689168670757241
11,is_s,60,-0.032255901403692805,39.63468577676424,17.518645637144523,32.84645441775568,8.18466951559788,0.1870773581166931,0.16274329079675917,0.7935750563013355,0.2689168670757241
11,vs_s,1,0.02984336881174622,5.473812266010543,3.022090148869976,3.9531251921512602,4.463805481258882,0.19976855397188037,0.18136012775774576,0.42546302725429913,0.24464019085911062
11,vs_s,2,0.20405258137403176,3.654645098541024,4.076076903267176,1.2562652806119627,1.3210009787071268,0.19976855397188037,0.18136012775774576,0.42546302725429913,0.24464019085911062
11,vs_s,3,-0.1858817221053611,8.171559386182714,5.695444526919077,25.68284032527852,12.468707907688902,0.19976855397188037,0.18136012775774576,0.42546302725429913,0.24464019085911062
11,vs_s,4,-0.11780866857936163,4.812328995777436,1.5350095610881431,2.561204140019156,2.645055345402049,0.19976855397188037,0.18136012775774576,0.42546302725429913,0.24464019085911062
11,vs_s,5,-0.24931670848207732,6.460635173757034,9.607203855690573,15.557271125365222,7.642282820056967,0.19976855397188037,0.18136012775774576,0.42546302725429913,0.24464019085911062
11,vs_s,6,-0.5823818069740516,7.2730304955612946,5.154708103617118,31.40269959217331,13.709003678084944,0.19976855397188037,0.18136012775774576,0.42546302725429913,0.24464019085911062
11,vs_s,7,0.5054213075312739,7.4476623302355875,6.52456571500769,9.889779993793576,11.571629465040203,0.19976855397188037,0.18136012775774576,0.42546302725429913,0.24464019085911062
11,vs_s,8,-0.17963810423956228,19.546100351953605,29.682220033651703,88.34889356614633,28.101359823900886,0.19976855397188037,0.18136012775774576,0.42546302725429913,0.24464019085911062
11,vs_s,9,-0.27281630576899535,8.081470350963842,5.484578436764718,7.183244037995352,4.74134056378705,0.19976855397188037,0.18136012775774576,0.42546302725429913,0.24464019085911062
11,vs_s,10,-0.08535090062035902,19.926064306373522,3.4611337410946073,9.043653037797782,10.08595713786134,0.19976855397188037,0.18136012775774576,0.42546302725429913,0.24464019085911062
11,vs_s,11,-0.23754636022875647,23.022026708901166,15.438403603530556,6.359181294051311,14.220100716948032,0.19976855397188037,0.18136012775774576,0.42546302725429913,0.24464019085911062
11,vs_s,12,-0.6997174341341994,11.725790860020355,11.235531040183982,29.738845157669914,4.734484673123329,0.19976855397188037,0.18136012775774576,0.42546302725429913,0.24464019085911062
11,vs_s,13,0.47272810580921665,3.638331495946622,4.122703612890005,2.9154157051595755,5.03867674553285,0.19976855397188037,0.18136012775774576,0.42546302725429913,0.24464019085911062
11,vs_s,14,0.5686331716696831,28.47737747545234,16.614363303381463,7.345515478362248,25.1889364905936,0.19976855397188037,0.18136012775774576,0.42546302725429913,0.24464019085911062
11,vs_s,15,0.3083510810186645,3.3103929304274438,4.343109326753955,3.202618459076709,4.157816664010452,0.19976855397188037,0.18136012775774576,0.42546302725429913,0.24464019085911062
11,vs_s,16,-0.8220091680207714,21.83918125775417,14.062090730038618,26.855207956851817,10.96628292201508,0.19976855397188037,0.18136012775774576,0.42546302725429913,0.24464019085911062
11,vs_s,17,-0.722095815718016,3.142179574635832,1.9845887085776754,71.70354160360158,7.554759502713385,0.19976855397188037,0.18136012775774576,0.42546302725429913,0.24464019085911062
11,vs_s,18,-0.08946726205759713,24.64694024656973,11.176282837337741,8.860740513966599,5.430188228571303,0.19976855397188037,0.18136012775774576,0.42546302725429913,0.24464019085911062
11,vs_s,19,-0.35220515391743973,65.0303286721402,28.359891159706976,29.798690994021847,84.0782724354036,0.19976855397188037,0.18136012775774576,0.42546302725429913,0.24464019085911062
11,vs_s,20,-0.13573616286229487,1.4677985709278811,3.5312801421477795,16.364215387271937,1.9174823629015934,0.19976855397188037,0.18136012775774576,0.42546302725429913,0.24464019085911062
11,vs_s,21,-0.16810009116079389,5.211104737822698,5.2110891563083985,18.891894238626644,20.66113318336942,0.19976855397188037,0.18136012775774576,0.42546302725429913,0.24464019085911062
11,vs_s,22,-0.2722794121238733,17.1240685213633,8.036992259422835,35.32616893102653,13.601215464004756,0.19976855397188037,0.18136012775774576,0.42546302725429913,0.24464019085911062
11,vs_s,23,-0.2872903043769346,5.956826806761276,5.1577038122672105,20.574432799031435,5.2485466649599815,0.19976855397188037,0.18136012775774576,0.42546302725429913,0.24464019085911062
11,vs_s,24,-0.6951469459999616,6.822226598892381,7.146052936572391,30.30777530535112,20.13459278025816,0.19976855397188037,0.18136012775774576,0.42546302725429913,0.24464019085911062
11,vs_s,25,0.6874361179742956,15.373357820281846,6.321023533626078,33.60423421801426,15.11909181768249,0.19976855397188037,0.18136012775774576,0.42546302725429913,0.24464019085911062
11,vs_s,26,-0.256999272259917,3.085958447113049,8.064884543311253,22.605381081060965,10.279983061654715,0.19976855397188037,0.18136012775774576,0.42546302725429913,0.24464019085911062
11,vs_s,27,0.21832798528069902,4.868745429273857,3.7329199053697777,4.58846031581423,2.241384443846693,0.19976855397188037,0.18136012775774576,0.42546302725429913,0.24464019085911062
11,vs_s,28,0.09612744438790688,0.38140333231105533,4.98618746147174,14.80008939938039,2.2420016765258786,0.19976855397188037,0.18136012775774576,0.42546302725429913,0.24464019085911062
11,vs_s,29,-0.7564592998662252,29.87817844370394,16.53977377117435,14.774987971231592,7.587618051232902,0.19976855397188037,0.18136012775774576,0.42546302725429913,0.24464019085911062
11,vs_s,30,-0.032192674091995215,5.36756043735124,3.0289511839659387,5.2762153586224665,6.644481300460756,0.19976855397188037,0.18136012775774576,0.42546302725429913,0.24464019085911062
11,vs_s,31,0.2393724265497815,5.030071577481711,5.092882937227408,19.1262847985926,5.554181350199805,0.19976855397188037,0.18136012775774576,0.42546302725429913,0.24464019085911062
11,vs_s,32,-0.011025189951307444,4.143429117864442,3.5864339714318376,46.85312185772238,8.727842975583522,0.19976855397188037,0.18136012775774576,0.42546302725429913,0.24464019085911062
11,vs_s,33,-0.4262140525392199,8.942337296513383,12.988194999826502,59.04675451057756,28.765388545946248,0.19976855397188037,0.18136012775774576,0.42546302725429913,0.24464019085911062
11,vs_s,34,-0.3084317396408896,3.8930868696091765,2.6738279546814567,7.287467107729513,5.243859747554909,0.19976855397188037,0.18136012775774576,0.42546302725429913,0.24464019085911062
11,vs_s,35,-0.14700813079713299,7.639682077089354,5.728880663895975,17.184956778391307,8.764034719228045,0.19976855397188037,0.18136012775774576,0.42546302725429913,0.24464019085911062
11,vs_s,36,0.18568729498713388,5.931892303046943,9.449056624126007,11.200014287450108,12.144005068286042,0.19976855397188037,0.18136012775774576,0.42546302725429913,0.24464019085911062
11,vs_s,37,0.2913796064323754,13.040875862401515,1.8818051411762262,9.488456107375075,18.920424497501987,0.19976855397188037,0.18136012775774576,0.42546302725429913,0.24464019085911062
11,vs_s,38,0.050670282005902297,20.58444413362207,11.937884320726884,6.32998897310481,20.79873039397309,0.19976855397188037,0.18136012775774576,0.42546302725429913,0.24464019085911062
11,vs_s,39,-0.29774798467711416,10.292479610366815,13.396575318658895,1.449987393555748,11.585352997552988,0.19976855397188037,0.18136012775774576,0.42546302725429913,0.24464019085911062
11,vs_s,40,0.1995218932919534,18.613735003531108,19.531942718890914,31.65331841206848,31.9436920825145,0.19976855397188037,0.18136012775774576,0.42546302725429913,0.24464019085911062
11,vs_s,41,0.5485157386279155,10.543041973881179,21.390103907961688,19.40242427228325,8.643828999341272,0.19976855397188037,0.18136012775774576,0.42546302725429913,0.24464019085911062
11,vs_s,43,1.379745583813,34.588502857355365,10.743675957944632,15.32760066521164,7.172084598977556,0.19976855397188037,0.18136012775774576,0.42546302725429913,0.24464019085911062
11,vs_s,44,-0.010474090435105622,6.89061265052676,1.2980252836016808,4.597679392801934,1.0899394964479128,0.19976855397188037,0.18136012775774576,0.42546302725429913,0.24464019085911062
11,vs_s,45,-0.18569688750477115,10.699192199572249,5.3244226815892715,25.875487088748415,8.893171700084809,0.19976855397188037,0.18136012775774576,0.42546302725429913,0.24464019085911062
11,vs_s,46,0.3376776217433917,16.81209371165151,9.515448460755657,66.27773795056505,10.741177215424628,0.19976855397188037,0.18136012775774576,0.42546302725429913,0.24464019085911062
11,vs_s,47,-0.25302641430039813,42.174306019490615,12.052678553944075,11.836032094500457,11.455296199757033,0.19976855397188037,0.18136012775774576,0.42546302725429913,0.24464019085911062
11,vs_s,48,0.6732846383862846,1.7761953314109986,3.6071756380778,8.191250572409903,9.000347082510109,0.19976855397188037,0.18136012775774576,0.42546302725429913,0.24464019085911062
11,vs_s,49,-0.6963798075355627,11.072722507554303,4.780767855136802,4.319243604922171,11.019545608486872,0.19976855397188037,0.18136012775774576,0.42546302725429913,0.24464019085911062
11,vs_s,50,0.4567433454856705,2.3043893369232635,4.055278695657944,1.6162613102759296,5.118231735362522,0.19976855397188037,0.18136012775774576,0.42546302725429913,0.24464019085911062
11,vs_s,51,0.19953765183731806,2.100898421615197,2.636971530812711,27.9801470302909,7.904549592594552,0.19976855397188037,0.18136012775774576,0.42546302725429913,0.24464019085911062
11,vs_s,52,-0.6270687003875115,6.390055437430144,4.168369182384134,22.14455239873638,8.904906421331015,0.19976855397188037,0.18136012775774576,0.42546302725429913,0.24464019085911062
11,vs_s,53,-0.3243405369969606,3.1185949087319194,1.8677088653298959,8.075333926551215,2.5582521469982127,0.19976855397188037,0.18136012775774576,0.42546302725429913,0.24464019085911062
11,vs_s,54,0.44485023530536766,11.92345268347559,11.723483185793567,13.590957853079503,20.302350506565542,0.19976855397188037,0.18136012775774576,0.42546302725429913,0.24464019085911062
11,vs_s,55,-0.7014417570821756,8.496315094967938,6.433383579653601,9.753040973901488,13.616746652384315,0.19976855397188037,0.18136012775774576,0.42546302725429913,0.24464019085911062
11,vs_s,56,-0.6528106377021587,3.054684723473631,2.67144362670476,57.206511040781635,27.9823687550002,0.19976855397188037,0.18136012775774576,0.42546302725429913,0.24464019085911062
11,vs_s,57,0.3411583506280191,25.924090945073374,6.1983988377318795,39.899692486742545,22.038618956835453,0.19976855397188037,0.18136012775774576,0.42546302725429913,0.24464019085911062
11,vs_s,58,0.28011416566905734,4.936274188701504,6.785174403457189,4.671262908222172,8.906784319375225,0.19976855397188037,0.18136012775774576,0.42546302725429913,0.24464019085911062
11,vs_s,59,0.05741011121351695,9.427970195711307,2.2735175513877626,34.51850681465297,4.659314911445726,0.19976855397188037,0.18136012775774576,0.42546302725429913,0.24464019085911062
11,vs_s,60,-0.37801889351589774,11.406629468586342,13.59041742683874,30.55178386580871,17.228674742771517,0.19976855397188037,0.18136012775774576,0.42546302725429913,0.24464019085911062
12,is_s,1,-0.8809316898242755,8.990904422083089,18.3902108682629,78.89884255226555,9.802513387604659,0.0924390015719453,0.15984476063781222,0.2442665692216774,0.12775579660771086
12,is_s,2,-0.27096067643038135,5.759954464545795,2.7578693730943162,3.695975362263338,4.275282468054452,0.0924390015719453,0.15984476063781222,0.2442665692216774,0.12775579660771086
12,is_s,3,-0.21641203558385447,1.0785838426123506,5.1705731393455086,22.458407633598284,11.682632596345497,0.0924390015719453,0.15984476063781222,0.2442665692216774,0.12775579660771086
12,is_s,4,-0.6917429227537646,18.40833693581439,18.07447295187614,9.433932120741416,29.496850703770015,0.0924390015719453,0.15984476063781222,0.2442665692216774,0.12775579660771086
12,is_s,5,-0.4755002172823922,12.668352713075405,1.4027699957495194,5.829669943202769,9.696094992222084,0.0924390015719453,0.15984476063781222,0.2442665692216774,0.12775579660771086
12,is_s,6,-0.3497224160159649,6.881189449387902,10.081186539515912,1.7125703771198506,1.1152637311040032,0.0924390015719453,0.15984476063781222,0.2442665692216774,0.12775579660771086
12,is_s,7,0.022082382518867367,7.82856612242993,4.667729301076483,2.7623248359825916,6.870786808378058,0.0924390015719453,0.15984476063781222,0.2442665692216774,0.12775579660771086
12,is_s,8,-0.18559173780750085,42.86183721437362,32.34217482008744,5.90220434506275,4.712221387882859,0.0924390015719453,0.15984476063781222,0.2442665692216774,0.12775579660771086
12,is_s,9,-0.30056726736646155,7.874496361646977,5.1930075211787114,2.795568381155604,6.666461911151302,0.0924390015719453,0.15984476063781222,0.2442665692216774,0.12775579660771086
12,is_s,10,-0.3045941282555739,0.8091014352612452,7.7667840847919205,14.102146594034167,2.452305627264283,0.0924390015719453,0.15984476063781222,0.2442665692216774,0.12775579660771086
12,is_s,11,-0.36996871226706596,25.115219100736475,3.5931759235678546,87.04101773785878,74.57801139778958,0.0924390015719453,0.15984476063781222,0.2442665692216774,0.12775579660771086
12,is_s,12,-0.8165128212251123,22.129413355908092,24.841743824501485,11.212949107931363,9.562638597735667,0.0924390015719453,0.15984476063781222,0.2442665692216774,0.12775579660771086
12,is_s,13,-0.4167440799977849,17.37655532807335,9.538848783523342,2.3030676121045563,3.9835759813071054,0.0924390015719453,0.15984476063781222,0.2442665692216774,0.12775579660771086
12,is_s,14,-0.06315401674455665,10.986472560562689,8.064892419476491,9.406065282700322,17.647364972567072,0.0924390015719453,0.15984476063781222,0.2442665692216774,0.12775579660771086
12,is_s,15,-0.07656904041116665,10.730281693252202,2.979323581089268,5.125249197675235,5.540985907964093,0.0924390015719453,0.15984476063781222,0.2442665692216774,0.12775579660771086
12,is_s,16,-1.3604506429980265,17.131003838380135,7.5843418582350015,6.297901816477289,18.38506265186336,0.0924390015719453,0.15984476063781222,0.2442665692216774,0.12775579660771086
12,is_s,17,-0.5963376356207205,14.730313403265999,7.02385064127646,21.47860500031148,31.375194652109865,0.0924390015719453,0.15984476063781222,0.2442665692216774,0.12775579660771086
12,is_s,18,-0.0760286912873695,0.7724650536562014,2.345438415651165,7.524301741249124,6.8077709722107285,0.0924390015719453,0.15984476063781222,0.2442665692216774,0.12775579660771086
12,is_s,19,0.08913257927120294,4.290573499925848,9.441451390713928,6.611591104176942,4.226180839998806,0.0924390015719453,0.15984476063781222,0.2442665692216774,0.12775579660771086
12,is_s,20,0.5138921420773814,17.77984297428725,4.828121213553989,18.100018357390557,16.00889485218095,0.0924390015719453,0.15984476063781222,0.2442665692216774,0.12775579660771086
12,is_s,21,0.05572196565626128,3.15290100473527,1.9524290353266056,6.7011648343268115,11.892823072656656,0.0924390015719453,0.15984476063781222,0.2442665692216774,0.12775579660771086
12,is_s,22,0.34391550320795383,10.64200753888248,6.618487998964656,18.095014231467307,11.451488666221273,0.0924390015719453,0.15984476063781222,0.2442665692216774,0.12775579660771086
12,is_s,23,-0.12331666323205831,1.0104659600296557,3.3978591732401284,17.086711995475266,10.953619976513549,0.0924390015719453,0.15984476063781222,0.2442665692216774,0.12775579660771086
12,is_s,24,0.2442778531822357,8.038465333554338,2.7454305277053703,3.1624559088190165,9.506235346321958,0.0924390015719453,0.15984476063781222,0.2442665692216774,0.12775579660771086
12,is_s,25,0.6217029954777507,8.184028753069791,7.254423938850539,26.574277174352446,22.164238642222855,0.0924390015719453,0.15984476063781222,0.2442665692216774,0.12775579660771086
12,is_s,26,-0.1253594059648357,12.072987416606248,14.889413709594457,9.075619998718706,20.134421562261636,0.0924390015719453,0.15984476063781222,0.2442665692216774,0.12775579660771086
12,is_s,27,-0.2998309961600289,23.85299236172251,5.843560540222801,9.280388312156473,29.38814451976994,0.0924390015719453,0.15984476063781222,0.2442665692216774,0.12775579660771086
12,is_s,28,-1.2961997763783069,8.030822070107433,11.461773096045219,15.101706668068074,8.539258866963603,0.0924390015719453,0.15984476063781222,0.2442665692216774,0.12775579660771086
12,is_s,29,0.7994921591570928,4.724854704450523,1.4901006759629978,15.706182012278312,11.973582138706771,0.0924390015719453,0.15984476063781222,0.2442665692216774,0.12775579660771086
12,is_s,30,-0.029519113992437052,1.9978143070248173,12.913741845273174,19.09998473627579,16.65571014906912,0.0924390015719453,0.15984476063781222,0.2442665692216774,0.12775579660771086
12,is_s,31,-0.345027373650985,2.47918833262402,3.597710157757428,49.02417687959706,12.685651915441236,0.0924390015719453,0.15984476063781222,0.2442665692216774,0.12775579660771086
12,is_s,32,0.14488734198873124,3.0736776533513956,3.223427971723166,2.7883343570902617,0.9656146154037218,0.0924390015719453,0.15984476063781222,0.2442665692216774,0.12775579660771086
12,is_s,33,-0.3041953303062643,1.7516911775598316,4.4196648047392335,0.5551051855182799,1.1403904109186336,0.0924390015719453,0.15984476063781222,0.2442665692216774,0.12775579660771086
12,is_s,34,0.08206396554882743,25.69187308306713,10.021766338338443,2.5856604296618095,5.205837918734585,0.0924390015719453,0.15984476063781222,0.2442665692216774,0.12775579660771086
12,is_s,35,-0.7795861812386382,2.7865765782080527,2.392227101526615,42.48962233444381,19.492675740266467,0.0924390015719453,0.15984476063781222,0.2442665692216774,0.12775579660771086
12,is_s,36,-0.3807615866344418,6.604703367690567,3.422466849603807,0.48655371991034174,7.386801630373331,0.0924390015719453,0.15984476063781222,0.2442665692216774,0.12775579660771086
12,is_s,37,0.06210468167104235,1.9322690755760177,1.4675416432360722,22.911805477564904,9.386879389183312,0.0924390015719453,0.15984476063781222,0.2442665692216774,0.12775579660771086
12,is_s,38,-0.11150694885705173,5.073753216133876,4.276747496657164,1.439597051916061,5.1552986384582296,0.0924390015719453,0.15984476063781222,0.2442665692216774,0.12775579660771086
12,is_s,39,0.008867931074940796,4.132214553500417,2.8474630117861928,20.942256442444503,18.36765809368605,0.0924390015719453,0.15984476063781222,0.2442665692216774,0.12775579660771086
12,is_s,40,0.08258128245584603,0.779126214487608,0.88489232899413,4.981421756048833,4.262714441839701,0.0924390015719453,0.15984476063781222,0.2442665692216774,0.12775579660771086
12,is_s,43,-0.03398707103576861,17.166391157124526,6.807183082567189,5.75621650168064,10.556073223507164,0.0924390015719453,0.15984476063781222,0.2442665692216774,0.12775579660771086
12,is_s,44,0.3339990767384875,4.777732748981138,9.437197378190328,7.142743202989271,15.280547814815518,0.0924390015719453,0.15984476063781222,0.2442665692216774,0.12775579660771086
12,is_s,45,-0.02948494493790375,14.212972007994635,6.858333853353647,18.306507426951363,7.283809994952798,0.0924390015719453,0.15984476063781222,0.2442665692216774,0.12775579660771086
12,is_s,46,0.028557112163745485,6.4260500119596635,1.321240571529006,0.785247449868712,3.808619117750277,0.0924390015719453,0.15984476063781222,0.2442665692216774,0.12775579660771086
12,is_s,47,-0.5407996690739987,5.700076905128999,3.5563931316629964,26.95271712536959,6.2334488105703025,0.0924390015719453,0.15984476063781222,0.2442665692216774,0.12775579660771086
12,is_s,48,0.3340649155796616,7.385783988092812,4.639382131292712,84.75500131814591,11.066534610243227,0.0924390015719453,0.15984476063781222,0.2442665692216774,0.12775579660771086
12,is_s,49,-0.1193456614719075,3.598379000569366,1.5237524970048066,0.5540028302757309,4.079157508196905,0.0924390015719453,0.15984476063781222,0.2442665692216774,0.12775579660771086
12,is_s,50,-0.2943451733389828,7.7010099923730575,11.051620047334163,11.61328014221142,4.470819646159645,0.0924390015719453,0.15984476063781222,0.2442665692216774,0.12775579660771086
12,is_s,51,0.09137348945384614,5.077543396680745,2.033476527673904,16.01612282029768,6.446590407719394,0.0924390015719453,0.15984476063781222,0.2442665692216774,0.12775579660771086
12,is_s,52,-0.30084301572721545,2.6495086767924474,6.27470401214878,3.0434516642933747,7.117179211032904,0.0924390015719453,0.15984476063781222,0.2442665692216774,0.12775579660771086
12,is_s,53,-0.8892042903004153,7.172422533733068,9.7981012762133,5.397388290147411,5.340371396914887,0.0924390015719453,0.15984476063781222,0.2442665692216774,0.12775579660771086
12,is_s,54,-0.6221156887668873,35.470669123088875,5.648603403898869,75.38418070130425,47.96606832294902,0.0924390015719453,0.15984476063781222,0.2442665692216774,0.12775579660771086
12,is_s,55,-0.01781239546926706,2.434064894479985,3.189742687510422,1.6168629019433554,4.875078566831462,0.0924390015719453,0.15984476063781222,0.2442665692216774,0.12775579660771086
12,is_s,56,0.679467004237303,11.702137797064706,4.0382828981014205,18.202715349764876,15.356319821464702,0.0924390015719453,0.15984476063781222,0.2442665692216774,0.12775579660771086
12,is_s,57,-0.3377180834669502,1.0887104524290943,1.2192218682432945,0.8066783353184492,2.037895928156791,0.0924390015719453,0.15984476063781222,0.2442665692216774,0.12775579660771086
12,is_s,58,0.11025156028047876,3.625301066815347,7.41552095663751,63.23367954565389,17.54008580975961,0.0924390015719453,0.15984476063781222,0.2442665692216774,0.12775579660771086
12,is_s,59,-0.31803839422681224,12.316452029776146,5.281782788500973,4.148988110827146,3.2020348925648143,0.0924390015719453,0.15984476063781222,0.2442665692216774,0.12775579660771086
12,is_s,60,0.03914824827093867,12.196505521702926,5.594429936565666,15.96514846029944,11.843460351750045,0.0924390015719453,0.15984476063781222,0.2442665692216774,0.12775579660771086
12,vs_s,1,-0.06228988565813925,3.2122697545754564,8.291253247893602,57.54330999271259,37.41462414059011,0.2245314607765761,0.21114054554841485,0.2000178316519642,0.40367845166889255
12,vs_s,2,0.11652921053805383,11.76464638447409,6.601047839803621,2.6442583193326503,11.84216895994103,0.2245314607765761,0.21114054554841485,0.2000178316519642,0.40367845166889255
12,vs_s,3,0.7712654313009478,28.13284711818014,10.105278003152053,0.8604532760362552,27.37301158096626,0.2245314607765761,0.21114054554841485,0.2000178316519642,0.40367845166889255
12,vs_s,4,-0.4231099852215875,4.832653804568312,12.620376957048661,8.582759721302509,2.675482354161996,0.2245314607765761,0.21114054554841485,0.2000178316519642,0.40367845166889255
12,vs_s,5,-0.27963358697164215,3.9695398470544707,3.157132827027812,6.667090428907963,2.470768816995187,0.2245314607765761,0.21114054554841485,0.2000178316519642,0.40367845166889255
12,vs_s,6,-0.2965970079196486,1.6036467813555453,3.5010782077057727,20.70048191538504,14.014153761926325,0.2245314607765761,0.21114054554841485,0.2000178316519642,0.40367845166889255
12,vs_s,7,0.24526164257969843,3.641020323550509,1.941128327831411,12.467271181616882,8.765116293466331,0.2245314607765761,0.21114054554841485,0.2000178316519642,0.40367845166889255
12,vs_s,8,-0.1358503251670664,12.586466470614397,5.639923729674297,3.332601524570743,10.379677315564702,0.2245314607765761,0.21114054554841485,0.2000178316519642,0.40367845166889255
12,vs_s,9,0.16076038011090224,2.305907792412491,5.071934235161801,6.461367000982222,1.3457723961931778,0.2245314607765761,0.21114054554841485,0.2000178316519642,0.40367845166889255
12,vs_s,10,-0.1278364980118917,18.052772201230532,10.381641572742511,24.844763648131128,60.153165042667794,0.2245314607765761,0.21114054554841485,0.2000178316519642,0.40367845166889255
12,vs_s,12,0.7175499729290263,3.017737047227721,1.310349244964129,29.3810510120199,6.665393357493337,0.2245314607765761,0.21114054554841485,0.2000178316519642,0.40367845166889255
12,vs_s,13,0.30857045653043946,6.918593002649214,2.9504799301360976,29.881839889283278,3.9124595504529847,0.2245314607765761,0.21114054554841485,0.2000178316519642,0.40367845166889255
12,vs_s,14,0.5097425987120967,2.636531418267003,2.060405279714958,5.539076553357787,11.095615959442876,0.2245314607765761,0.21114054554841485,0.2000178316519642,0.40367845166889255
12,vs_s,15,0.010183296533202279,3.1466838271514552,1.1827862354257224,1.6409664506329402,3.5317748038276084,0.2245314607765761,0.21114054554841485,0.2000178316519642,0.40367845166889255
12,vs_s,16,0.8019299700813771,4.764700247108527,8.524883015520734,20.67490288388566,15.339901485123079,0.2245314607765761,0.21114054554841485,0.2000178316519642,0.40367845166889255
12,vs_s,17,0.27477976670715754,2.548315677254119,2.4607569879893085,9.377170754165777,9.785308527120065,0.2245314607765761,0.21114054554841485,0.2000178316519642,0.40367845166889255
12,vs_s,18,0.4636744067827666,9.215118418144337,8.704154730862271,62.981249560428935,16.639397159496774,0.2245314607765761,0.21114054554841485,0.2000178316519642,0.40367845166889255
12,vs_s,19,0.010424384159365805,3.198406545532242,2.298166097480874,0.8880883013216898,1.9476919841386808,0.2245314607765761,0.21114054554841485,0.2000178316519642,0.40367845166889255
12,vs_s,20,0.3045895381743796,2.8497450498620873,7.294875105300212,2.4947615138962465,2.6099945941896046,0.2245314607765761,0.21114054554841485,0.2000178316519642,0.40367845166889255
12,vs_s,21,0.655446942519208,27.12742388186316,9.415753514674986,29.36272047206875,17.43187887907584,0.2245314607765761,0.21114054554841485,0.2000178316519642,0.40367845166889255
12,vs_s,22,0.027104407870966813,4.050149654294583,2.413419593119929,6.25291171349793,7.31888143854008,0.2245314607765761,0.21114054554841485,0.2000178316519642,0.40367845166889255
12,vs_s,23,-0.5886167619985373,6.811833949363103,6.875492429883572,7.853109160941659,2.3036808028694735,0.2245314607765761,0.21114054554841485,0.2000178316519642,0.40367845166889255
12,vs_s,24,0.8666043125927202,11.336418829663097,10.060838486144162,50.43983151523469,28.187116421311867,0.2245314607765761,0.21114054554841485,0.2000178316519642,0.40367845166889255
12,vs_s,25,0.3312564947355567,2.992940171466383,2.2803761609162287,15.999035507028326,5.538653581906675,0.2245314607765761,0.21114054554841485,0.2000178316519642,0.40367845166889255
12,vs_s,26,-0.0172607283775169,6.024066185549157,4.35513294619214,10.402592022337794,8.211610799395524,0.2245314607765761,0.21114054554841485,0.2000178316519642,0.40367845166889255
12,vs_s,27,-0.44734215038870856,2.315884584684898,7.073106825792273,7.327445653754613,1.8316769640530235,0.2245314607765761,0.21114054554841485,0.2000178316519642,0.40367845166889255
12,vs_s,28,-0.699160295451286,19.367372591865028,9.294667088257391,42.589705320903875,36.65755611301719,0.2245314607765761,0.21114054554841485,0.2000178316519642,0.40367845166889255
12,vs_s,29,0.4861181394654283,1.2179269770372725,2.1684527290689974,6.148297916943885,3.8999346475228642,0.2245314607765761,0.21114054554841485,0.2000178316519642,0.40367845166889255
12,vs_s,30,-0.3194495374187236,2.2685165860367724,6.998666357273159,6.943286050005449,3.641985010197888,0.2245314607765761,0.21114054554841485,0.2000178316519642,0.40367845166889255
12,vs_s,31,0.21941252888972873,9.521379558783265,6.872617714514222,8.042538729011683,4.190669428499856,0.2245314607765761,0.21114054554841485,0.2000178316519642,0.40367845166889255
12,vs_s,32,-0.24655446531396186,5.909102135802934,13.088138843469183,4.183975048854387,9.941043674645988,0.2245314607765761,0.21114054554841485,0.2000178316519642,0.40367845166889255
12,vs_s,33,0.02156673596561853,1.6887143027209877,2.306647699359815,13.16933080257193,5.728724971441364,0.2245314607765761,0.21114054554841485,0.2000178316519642,0.40367845166889255
12,vs_s,34,0.0017106622758657618,9.824612560341007,22.76319879240011,8.552144621992136,11.794069491792799,0.2245314607765761,0.21114054554841485,0.2000178316519642,0.40367845166889255
12,vs_s,35,-0.26286018838427194,13.975694545713429,8.995106207125183,20.927283893117348,6.25575000556854,0.2245314607765761,0.21114054554841485,0.2000178316519642,0.40367845166889255
12,vs_s,36,-0.3158940939452525,9.608385276520005,56.51265020938232,6.24166041367282,16.801593737460525,0.2245314607765761,0.21114054554841485,0.2000178316519642,0.40367845166889255
12,vs_s,37,-0.36396552691447537,7.392090782055745,2.3121787307346544,4.136349667645849,1.5409600079092942,0.2245314607765761,0.21114054554841485,0.2000178316519642,0.40367845166889255
12,vs_s,38,0.0025189619068403794,1.0484621840632653,3.536750162623003,1.2380504650669508,5.7520701231213645,0.2245314607765761,0.21114054554841485,0.2000178316519642,0.40367845166889255
12,vs_s,39,-0.08835638738108369,2.9474235174542147,2.8208280894375304,8.223900535371136,4.0952462570902295,0.2245314607765761,0.21114054554841485,0.2000178316519642,0.40367845166889255
12,vs_s,40,0.23872936511651385,6.655327915893429,9.47003464474138,22.765333235546535,13.156538755321856,0.2245314607765761,0.21114054554841485,0.2000178316519642,0.40367845166889255
12,vs_s,42,0.44458999989545894,3.9423535591510515,4.039594646892814,13.639384083618538,7.218848436823954,0.2245314607765761,0.21114054554841485,0.2000178316519642,0.40367845166889255
12,vs_s,43,0.7768695625295685,2.687177106323888,10.093079337248792,82.53195760778965,21.155752893268698,0.2245314607765761,0.21114054554841485,0.2000178316519642,0.40367845166889255
12,vs_s,44,0.6861202767103166,53.61846179904167,14.058973158459269,127.19189165894619,67.65617447983891,0.2245314607765761,0.21114054554841485,0.2000178316519642,0.40367845166889255
12,vs_s,45,0.29721112277371936,15.01294057389245,4.041705417385319,5.421578947985293,17.988148196267648,0.2245314607765761,0.21114054554841485,0.2000178316519642,0.40367845166889255
12,vs_s,46,0.08289140660170555,2.182071487168533,1.7706170746410839,11.064956414700752,4.10875925036838,0.2245314607765761,0.21114054554841485,0.2000178316519642,0.40367845166889255
12,vs_s,47,-0.6102493856330696,3.3422118152761446,5.508520964469344,16.453358289108508,11.792335233175239,0.2245314607765761,0.21114054554841485,0.2000178316519642,0.40367845166889255
12,vs_s,48,-0.4559355742857964,6.128625010179614,8.072134905685106,7.018926580080713,5.008040321681034,0.2245314607765761,0.21114054554841485,0.2000178316519642,0.40367845166889255
12,vs_s,49,0.8739083316762568,3.2068728035435985,4.954562737481187,58.00583007983066,12.776252441555263,0.2245314607765761,0.21114054554841485,0.2000178316519642,0.40367845166889255
12,vs_s,50,-0.15891136437314307,2.4173146165868347,8.028854625030332,6.153987966646973,11.722692703509146,0.2245314607765761,0.21114054554841485,0.2000178316519642,0.40367845166889255
12,vs_s,51,-0.16901742348710047,3.8853890672305353,13.258130660457574,4.441593453807669,5.937041046618571,0.2245314607765761,0.21114054554841485,0.2000178316519642,0.40367845166889255
12,vs_s,52,0.10232371910165272,3.8783713707371734,5.837122810056567,16.654556655269587,13.235374123016069,0.2245314607765761,0.21114054554841485,0.2000178316519642,0.40367845166889255
12,vs_s,53,-0.36221005146731017,24.48891128972014,9.25268297513463,4.2538485289677865,33.60013272354845,0.2245314607765761,0.21114054554841485,0.2000178316519642,0.40367845166889255
12,vs_s,54,-0.41080451845152827,25.577315506036534,5.552782493156865,10.07368087295132,8.407230950097992,0.2245314607765761,0.21114054554841485,0.2000178316519642,0.40367845166889255
12,vs_s,55,0.43430043897853177,15.922433445598653,14.22557015648711,3.0616367185616826,9.806664710540677,0.2245314607765761,0.21114054554841485,0.2000178316519642,0.40367845166889255
12,vs_s,56,-0.031064946600171974,1.2653582116567936,4.203716107551904,10.889133662493476,3.056937069098571,0.2245314607765761,0.21114054554841485,0.2000178316519642,0.40367845166889255
12,vs_s,57,0.9545297861006093,17.93806017367425,17.741900813932368,22.673204355970725,8.626209507521592,0.2245314607765761,0.21114054554841485,0.2000178316519642,0.40367845166889255
12,vs_s,58,0.7318725506735021,6.1237134484589415,1.5749140245061168,8.854120709568548,11.219461980024409,0.2245314607765761,0.21114054554841485,0.2000178316519642,0.40367845166889255
12,vs_s,59,-0.7069951563751574,3.2371682940762057,3.500416778196373,20.07950693187792,16.79911243611952,0.2245314607765761,0.21114054554841485,0.2000178316519642,0.40367845166889255
12,vs_s,60,-0.33503985112999574,9.610592580064635,14.745366568672493,26.7222808521548,7.767648148571481,0.2245314607765761,0.21114054554841485,0.2000178316519642,0.40367845166889255
13,is_s,1,0.051215973293136596,1.6180511417982477,2.6362412723530193,4.580367559376378,2.0297388299737924,0.11150946555197162,0.10202739692907385,0.30658925983646135,0.35995485402968513
13,is_s,2,-0.41849361138394114,7.450260704637552,4.554762885151349,6.122452862461118,18.043507522930256,0.11150946555197162,0.10202739692907385,0.30658925983646135,0.35995485402968513
13,is_s,3,-0.4924944756252451,5.603478992401102,4.3344143064687986,7.503070990616604,3.101647568451599,0.11150946555197162,0.10202739692907385,0.30658925983646135,0.35995485402968513
13,is_s,4,0.42301736572605886,2.872947003622125,5.277057217928894,26.828121124588925,1.8160844328383965,0.11150946555197162,0.10202739692907385,0.30658925983646135,0.35995485402968513
13,is_s,5,0.18809636274235483,2.440934149070369,5.054722147315245,13.13740255151898,7.15141972804639,0.11150946555197162,0.10202739692907385,0.30658925983646135,0.35995485402968513
13,is_s,6,-0.09145809261520062,2.598404122941175,1.4551521405043175,10.334797624450365,6.332911312282771,0.11150946555197162,0.10202739692907385,0.30658925983646135,0.35995485402968513
13,is_s,7,-0.08518864454851915,1.9240632797332649,2.1937801234454164,1.9818849962559648,1.8558517001728767,0.11150946555197162,0.10202739692907385,0.30658925983646135,0.35995485402968513
13,is_s,8,0.07381684737161613,0.9215250248557957,0.3600397256824381,2.9077315750910437,0.8851190466546216,0.11150946555197162,0.10202739692907385,0.30658925983646135,0.35995485402968513
13,is_s,9,0.18944933190305674,2.05635610721442,0.5181392727077617,5.166627854232273,4.878662744992508,0.11150946555197162,0.10202739692907385,0.30658925983646135,0.35995485402968513
13,is_s,10,0.3703978858273701,3.519290241957742,2.440700271668893,29.329571333855437,7.883054733193603,0.11150946555197162,0.10202739692907385,0.30658925983646135,0.35995485402968513
13,is_s,11,-0.010347696658423297,1.9646153215716935,1.7465386949781485,1.0289429749297017,6.655422441598664,0.11150946555197162,0.10202739692907385,0.30658925983646135,0.35995485402968513
13,is_s,12,0.43460306423719397,3.896109716424073,2.637318481709228,15.709647771660176,6.702798331069548,0.11150946555197162,0.10202739692907385,0.30658925983646135,0.35995485402968513
13,is_s,13,-0.08466177375677579,2.214102538535527,1.9414997916435828,0.20980966546056512,3.9304820556623126,0.11150946555197162,0.10202739692907385,0.30658925983646135,0.35995485402968513
13,is_s,14,0.08925886773041491,0.5012657395602572,1.7362160515331286,3.112010370422189,0.3541842733309256,0.11150946555197162,0.10202739692907385,0.30658925983646135,0.35995485402968513
13,is_s,15,0.556703850794567,2.1615812658750158,1.6498990842821517,1.194508275558578,0.998673913412179,0.11150946555197162,0.10202739692907385,0.30658925983646135,0.35995485402968513
13,is_s,16,-0.06557998933914524,1.3099739672476414,1.0355764621993784,2.0335402095732342,5.306325195925994,0.11150946555197162,0.10202739692907385,0.30658925983646135,0.35995485402968513
13,is_s,17,0.1536267152449281,1.1013441781765598,0.5282797051682496,3.239916350648581,3.2867565734850444,0.11150946555197162,0.10202739692907385,0.30658925983646135,0.35995485402968513
13,is_s,18,-0.15077986986021893,6.4423911798915094,2.605954221118875,12.87045629150077,4.568909618207163,0.11150946555197162,0.10202739692907385,0.30658925983646135,0.35995485402968513
13,is_s,19,0.0464845926578132,2.0030387210460705,0.6337515553157748,5.476102526493641,1.1218367565767595,0.11150946555197162,0.10202739692907385,0.30658925983646135,0.35995485402968513
13,is_s,20,0.016867463193948155,0.7391284340128736,1.4938550277841425,1.3277738798079521,0.7057476555193802,0.11150946555197162,0.10202739692907385,0.30658925983646135,0.35995485402968513
13,is_s,21,0.2941291060332098,2.6512233961678,2.391378066860179,4.232274378987,3.5668631639267705,0.11150946555197162,0.10202739692907385,0.30658925983646135,0.35995485402968513
13,is_s,22,-0.2596579622666689,1.1784241119369387,0.47820478087453017,1.4799270586125317,1.4527348264686615,0.11150946555197162,0.10202739692907385,0.30658925983646135,0.35995485402968513
13,is_s,23,-0.004721739614592582,6.404534147617219,1.396728107308374,0.4174755560529279,2.035295919647335,0.11150946555197162,0.10202739692907385,0.30658925983646135,0.35995485402968513
13,is_s,24,-0.08308819975506311,0.2677406006270135,1.013885745765981,2.6698671210082425,2.986366102969114,0.11150946555197162,0.10202739692907385,0.30658925983646135,0.35995485402968513
13,is_s,25,-0.09466784816703647,2.1402597074897614,1.8968625434043007,18.41998015677478,8.759934763539839,0.11150946555197162,0.10202739692907385,0.30658925983646135,0.35995485402968513
13,is_s,26,0.07534227206685164,2.977742756988745,1.5914989967569384,6.165879241539123,6.927178881023325,0.11150946555197162,0.10202739692907385,0.30658925983646135,0.35995485402968513
13,is_s,28,0.1037626241409,1.1366632005767947,4.133832567799174,0.6753150198626113,0.9853667562786742,0.11150946555197162,0.10202739692907385,0.30658925983646135,0.35995485402968513
13,is_s,29,0.1693662956162981,1.9610618010337189,2.0466380408805964,5.5231840174572,1.6208308756247012,0.11150946555197162,0.10202739692907385,0.30658925983646135,0.35995485402968513
13,is_s,30,-0.07042029422140403,0.8291004099664102,1.26235079631654,4.101865500596728,3.474445665524189,0.11150946555197162,0.10202739692907385,0.30658925983646135,0.35995485402968513
13,is_s,31,0.04880865332987772,3.737095996467562,4.060432950956656,13.619729306695888,8.096932665084408,0.11150946555197162,0.10202739692907385,0.30658925983646135,0.35995485402968513
13,is_s,32,-0.2730581409950455,1.7662605196648866,2.987956908440701,2.656300954442946,0.8000048603678396,0.11150946555197162,0.10202739692907385,0.30658925983646135,0.35995485402968513
13,is_s,33,0.031742409958964796,4.504514059749952,2.325214558113422,4.308732199438887,2.4423894580130123,0.11150946555197162,0.10202739692907385,0.30658925983646135,0.35995485402968513
13,is_s,34,0.1101473613555965,3.308360968743814,2.7853935457090193,8.086117899138227,3.9968284749169327,0.11150946555197162,0.10202739692907385,0.30658925983646135,0.35995485402968513
13,is_s,35,0.06698854233715709,6.180886199790678,4.7250664278805825,34.96807601316807,13.090644689590105,0.11150946555197162,0.10202739692907385,0.30658925983646135,0.35995485402968513
13,is_s,36,0.10163099381517891,9.091363894067724,4.890427436261047,5.944772649277557,5.778453605950428,0.11150946555197162,0.10202739692907385,0.30658925983646135,0.35995485402968513
13,is_s,37,-0.575535442833137,3.104038302465163,3.4762024285526256,1.787279100991421,4.185573946939166,0.11150946555197162,0.10202739692907385,0.30658925983646135,0.35995485402968513
13,is_s,38,-0.37858679434590514,7.294787643810322,3.820597284135608,5.147294175392695,6.91103933826087,0.11150946555197162,0.10202739692907385,0.30658925983646135,0.35995485402968513
13,is_s,39,-0.10288255824724431,2.017530048805332,0.9008944668274275,1.5168508588870908,2.0690585684106555,0.11150946555197162,0.10202739692907385,0.30658925983646135,0.35995485402968513
13,is_s,40,-0.15943727235337857,4.84407972457259,2.7350908302078296,7.255577972454203,4.37846162971609,0.11150946555197162,0.10202739692907385,0.30658925983646135,0.35995485402968513
13,is_s,41,0.1493495855313831,5.198856532982065,3.0158897337121324,3.47395239247988,1.6786710426146443,0.11150946555197162,0.10202739692907385,0.30658925983646135,0.35995485402968513
13,is_s,42,0.22931164384469802,7.847198503516559,3.4300226956826307,6.151057509656891,5.7695332903700836,0.11150946555197162,0.10202739692907385,0.30658925983646135,0.35995485402968513
13,is_s,43,0.016990521734407345,0.7617842090268694,3.55852192065215,4.738314533623845,3.1362979805177162,0.11150946555197162,0.10202739692907385,0.30658925983646135,0.35995485402968513
13,is_s,44,0.1404418728472942,6.611147413645312,10.269870554145022,20.901065999602253,7.302658482301683,0.11150946555197162,0.10202739692907385,0.30658925983646135,0.35995485402968513
13,is_s,45,0.37936088497663706,2.27943096888324,2.014801402174284,1.830995228782516,1.1760176761947636,0.11150946555197162,0.10202739692907385,0.30658925983646135,0.35995485402968513
13,is_s,46,-0.21513182333998582,4.089615666541956,1.8749546220003184,27.757465875225837,16.479639439042558,0.11150946555197162,0.10202739692907385,0.30658925983646135,0.35995485402968513
13,is_s,47,-0.044744099651234076,3.3116189461849723,2.6203742668022336,1.2101815312317634,0.8930247457309733,0.11150946555197162,0.10202739692907385,0.30658925983646135,0.35995485402968513
13,is_s,48,-0.1686199858922988,1.3467051951436104,0.39063907800109604,0.6147903981138158,1.110483672912653,0.11150946555197162,0.10202739692907385,0.30658925983646135,0.35995485402968513
13,is_s,49,-0.14650883916072233,3.4766846343251925,0.33150503240800216,4.415492620308356,4.304439056478214,0.11150946555197162,0.10202739692907385,0.30658925983646135,0.35995485402968513
13,is_s,50,0.2348125279680063,3.315505402708798,1.1693710927907057,6.587413367988524,7.473704291534861,0.11150946555197162,0.10202739692907385,0.30658925983646135,0.35995485402968513
13,is_s,51,-0.3010797947720375,2.976872671135255,4.044909223675997,1.0030327186164616,3.256065300209644,0.11150946555197162,0.10202739692907385,0.30658925983646135,0.35995485402968513
13,is_s,52,-0.5229941282806397,15.7698133732816,5.884282207122644,12.66999353565349,21.733024741825243,0.11150946555197162,0.10202739692907385,0.30658925983646135,0.35995485402968513
13,is_s,53,-0.3723335150997472,3.9123059358289463,2.7020985328950817,2.3890951708464656,6.503571711582366,0.11150946555197162,0.10202739692907385,0.30658925983646135,0.35995485402968513
13,is_s,54,0.028620479537188957,1.37928389518412,1.9183361325652517,1.4992547765870547,2.3066814061617413,0.11150946555197162,0.10202739692907385,0.30658925983646135,0.35995485402968513
13,is_s,55,-0.1447880575381002,1.0796674158360033,2.8798744470662414,0.23298627660024648,0.7233454515165672,0.11150946555197162,0.10202739692907385,0.30658925983646135,0.35995485402968513
13,is_s,56,-0.010822056601155136,0.14803813858654058,1.5022107731802208,4.264237466259849,1.2345854367851834,0.11150946555197162,0.10202739692907385,0.30658925983646135,0.35995485402968513
13,is_s,57,-0.23719089388190606,6.569033486279067,2.4560933247264063,3.469329304695432,6.571115943882988,0.11150946555197162,0.10202739692907385,0.30658925983646135,0.35995485402968513
13,is_s,58,0.421341336114936,1.5729546777146333,2.792387249510317,13.7411130590881,13.171449825063071,0.11150946555197162,0.10202739692907385,0.30658925983646135,0.35995485402968513
13,is_s,59,-0.05481646022043449,18.356813578724758,6.0123012602541825,2.060743434594053,8.06921913889271,0.11150946555197162,0.10202739692907385,0.30658925983646135,0.35995485402968513
13,is_s,60,-0.15561930703150553,1.3551372618917643,1.9035245305631163,1.4195549616238008,0.8026573949438228,0.11150946555197162,0.10202739692907385,0.30658925983646135,0.35995485402968513
13,vs_s,2,0.3639615456016105,1.619353231452071,1.1760387340240237,1.6539026443264242,2.033611151617903,0.1855953035738319,0.11970048208174205,0.2736146935877503,0.3463426325448509
13,vs_s,3,0.31870654314214075,0.3776455867962033,0.7271707730204352,3.213720046676476,1.6187037566683768,0.1855953035738319,0.11970048208174205,0.2736146935877503,0.3463426325448509
13,vs_s,4,-0.20199052837198142,0.9865177962482693,2.5757931208279863,7.194684887895348,3.961802948700697,0.1855953035738319,0.11970048208174205,0.2736146935877503,0.3463426325448509
13,vs_s,5,0.13329868981102935,0.8729362704286342,1.2401397429550423,14.781975643927844,2.8723493965941413,0.1855953035738319,0.11970048208174205,0.2736146935877503,0.3463426325448509
13,vs_s,6,0.23625655123095035,4.919087317085188,7.05273180019115,18.96954262934148,6.856247653434244,0.1855953035738319,0.11970048208174205,0.2736146935877503,0.3463426325448509
13,vs_s,7,0.5036031423249837,1.269776407301646,1.969060198984265,6.680823672769151,2.241716405747969,0.1855953035738319,0.11970048208174205,0.2736146935877503,0.3463426325448509
13,vs_s,8,0.07255545802463696,5.5370970357560125,1.397548370586816,1.3552320497591217,9.219063572374564,0.1855953035738319,0.11970048208174205,0.2736146935877503,0.3463426325448509
13,vs_s,9,0.023698514259387047,3.0782143778033566,4.950571020723489,0.8640281732863309,2.8144374587713314,0.1855953035738319,0.11970048208174205,0.2736146935877503,0.3463426325448509
13,vs_s,10,0.22672378723618317,9.69923112813578,3.7676592899151085,1.6036639496313227,8.984723064933355,0.1855953035738319,0.11970048208174205,0.2736146935877503,0.3463426325448509
13,vs_s,11,0.09632798670253015,4.011982038030585,0.31779831975406675,15.848955787841325,14.025428729756795,0.1855953035738319,0.11970048208174205,0.2736146935877503,0.3463426325448509
13,vs_s,12,0.17543811102167423,1.6419109061275652,3.019335498520573,23.990115117136195,2.9795111245125443,0.1855953035738319,0.11970048208174205,0.2736146935877503,0.3463426325448509
13,vs_s,13,0.29568224139203864,5.837286994453047,5.088472989080352,1.465541543503427,7.647189475862582,0.1855953035738319,0.11970048208174205,0.2736146935877503,0.3463426325448509
13,vs_s,14,-0.16845276983789204,2.775509785341769,1.3805084978798008,0.8246844735874449,3.5244839788206592,0.1855953035738319,0.11970048208174205,0.2736146935877503,0.3463426325448509
13,vs_s,15,0.23241472642085428,5.925184602693571,2.9008628422016196,2.6038789304554797,5.5651284103133,0.1855953035738319,0.11970048208174205,0.2736146935877503,0.3463426325448509
13,vs_s,16,-0.10720107063793392,6.413761055237516,1.007817792119198,1.8692524092954133,1.1746346817349211,0.1855953035738319,0.11970048208174205,0.2736146935877503,0.3463426325448509
13,vs_s,17,-0.014927516189788943,3.0919468418633995,2.826396424977631,0.8535628897969358,3.7082809356624593,0.1855953035738319,0.11970048208174205,0.2736146935877503,0.3463426325448509
13,vs_s,18,0.3580519020123928,2.6483361665357594,1.0565062123533433,6.039819020183727,3.145266921769776,0.1855953035738319,0.11970048208174205,0.2736146935877503,0.3463426325448509
13,vs_s,19,0.5275279560128656,3.888502358803239,3.378291760339212,35.930096749661246,10.482021495044966,0.1855953035738319,0.11970048208174205,0.2736146935877503,0.3463426325448509
13,vs_s,20,-0.08448379668507398,3.2077144257198036,1.2555370539708963,8.297388239492914,1.722822785160338,0.1855953035738319,0.11970048208174205,0.2736146935877503,0.3463426325448509
13,vs_s,21,0.2301587025606071,2.5107789827872367,0.9905192895799111,4.920220955021041,2.5654256645750952,0.1855953035738319,0.11970048208174205,0.2736146935877503,0.3463426325448509
13,vs_s,22,0.08645139929127282,2.447093849437809,0.4963416083246943,0.4912531311825035,0.9565553102235161,0.1855953035738319,0.11970048208174205,0.2736146935877503,0.3463426325448509
13,vs_s,23,0.1066551358679478,2.6416945897032686,1.9568128566224126,2.8156425966586265,2.924920148361096,0.1855953035738319,0.11970048208174205,0.2736146935877503,0.3463426325448509
13,vs_s,24,0.021692999755991784,1.4765273595277941,0.7231354792546401,0.4653817507300406,2.1458256806393234,0.1855953035738319,0.11970048208174205,0.2736146935877503,0.3463426325448509
13,vs_s,25,0.20334552603159411,5.6726603029933385,2.2703337798665424,38.537482174117464,3.807571107055959,0.1855953035738319,0.11970048208174205,0.2736146935877503,0.3463426325448509
13,vs_s,26,0.09043297745610065,7.919006213762448,2.5884836254802455,5.447836430099401,12.129070840308618,0.1855953035738319,0.11970048208174205,0.2736146935877503,0.3463426325448509
13,vs_s,27,0.0854214821232241,2.239063348808129,1.539771034100918,9.830501215273676,1.9412113669864433,0.1855953035738319,0.11970048208174205,0.2736146935877503,0.3463426325448509
13,vs_s,28,0.24202201062762999,1.6604158451378526,3.815995237720008,41.23208142382322,26.745356888078653,0.1855953035738319,0.11970048208174205,0.2736146935877503,0.3463426325448509
13,vs_s,29,0.3405131015398606,1.7883898387542125,2.022649903386141,1.1385604979279398,1.5515668350825516,0.1855953035738319,0.11970048208174205,0.2736146935877503,0.3463426325448509
13,vs_s,30,-0.3739475475394886,1.5135038425840261,1.4107297283174098,15.508585753467347,4.832736474592943,0.1855953035738319,0.11970048208174205,0.2736146935877503,0.3463426325448509
13,vs_s,31,0.29777225080212016,1.9609946492864054,1.3947065629839988,5.003886121413098,3.675595255705814,0.1855953035738319,0.11970048208174205,0.2736146935877503,0.3463426325448509
13,vs_s,32,-0.12142985121571044,8.45827502188355,5.627858951356139,32.84255184225505,19.592838602901637,0.1855953035738319,0.11970048208174205,0.2736146935877503,0.3463426325448509
13,vs_s,33,0.4673739675381429,3.1752641784199143,3.3734206866578846,9.593481062316592,14.031698721131669,0.1855953035738319,0.11970048208174205,0.2736146935877503,0.3463426325448509
13,vs_s,34,0.2943552501863569,2.299184371478337,1.9519096569694483,0.9121954581236988,1.7494420249538294,0.1855953035738319,0.11970048208174205,0.2736146935877503,0.3463426325448509
13,vs_s,35,0.3457316792836616,1.8068375045761949,1.2044231977205249,6.5239693790769,4.246685638311529,0.1855953035738319,0.11970048208174205,0.2736146935877503,0.3463426325448509
13,vs_s,36,0.480687066222082,1.9612084465216606,0.9727139800587203,5.824224622070441,6.075321976721629,0.1855953035738319,0.11970048208174205,0.2736146935877503,0.3463426325448509
13,vs_s,37,-0.23529615062881354,1.3803414806690026,1.5512347538569242,6.552443889984367,1.1937316050719986,0.1855953035738319,0.11970048208174205,0.2736146935877503,0.3463426325448509
13,vs_s,38,0.22992476048544766,3.3417721745915347,0.8126500880429163,10.129977282206264,4.334563764342817,0.1855953035738319,0.11970048208174205,0.2736146935877503,0.3463426325448509
13,vs_s,39,0.46417358645401025,3.6054004012382173,1.3669847943456117,14.804362770629565,9.001136876931893,0.1855953035738319,0.11970048208174205,0.2736146935877503,0.3463426325448509
13,vs_s,40,-0.5478405233766023,1.927674327339414,2.2208360015011217,1.9108443817021046,1.9230343530747753,0.1855953035738319,0.11970048208174205,0.2736146935877503,0.3463426325448509
13,vs_s,41,0.11335595046127668,1.030210292501775,2.3989476820086995,2.213545800036458,0.8950506275782099,0.1855953035738319,0.11970048208174205,0.2736146935877503,0.3463426325448509
13,vs_s,42,0.3006496410522271,1.10451085616429,1.9646257012734674,2.5380967124376115,4.757626951231315,0.1855953035738319,0.11970048208174205,0.2736146935877503,0.3463426325448509
13,vs_s,43,0.18273709768787008,2.1635219042097034,0.775762455188852,4.275724260669378,5.300348453294776,0.1855953035738319,0.11970048208174205,0.2736146935877503,0.3463426325448509
13,vs_s,44,0.353065371648934,2.8234891229130357,1.557933634054767,0.7993491550153329,1.5589142902595683,0.1855953035738319,0.11970048208174205,0.2736146935877503,0.3463426325448509
13,vs_s,45,0.10573760556299433,3.4492063989440815,5.428873021598857,12.168563642037135,10.751729644387845,0.1855953035738319,0.11970048208174205,0.2736146935877503,0.3463426325448509
13,vs_s,46,0.014644348109072612,2.0563784052842107,1.5338072261473759,2.163192355606812,4.60720979326658,0.1855953035738319,0.11970048208174205,0.2736146935877503,0.3463426325448509
13,vs_s,47,-0.008198565657461559,3.2917180626239757,1.4923557640684917,1.7113956892012667,2.4176754800043954,0.1855953035738319,0.11970048208174205,0.2736146935877503,0.3463426325448509
13,vs_s,48,-0.37301416294027073,0.20125448432822735,1.4144059874916854,5.01836976169713,3.026059971613075,0.1855953035738319,0.11970048208174205,0.2736146935877503,0.3463426325448509
13,vs_s,49,-0.15401599373062555,3.3460983751905338,1.6717303914585626,3.8273225079235926,1.489537478326877,0.1855953035738319,0.11970048208174205,0.2736146935877503,0.3463426325448509
13,vs_s,50,0.23783807433710336,1.2958925264007666,0.30205191289584044,2.5950422160218984,3.440581999548805,0.1855953035738319,0.11970048208174205,0.2736146935877503,0.3463426325448509
13,vs_s,51,0.1941302333476512,5.312039189031797,3.6344730042097817,4.416269519338336,3.3318796595077114,0.1855953035738319,0.11970048208174205,0.2736146935877503,0.3463426325448509
13,vs_s,52,0.4284397898366921,3.5878460504423666,1.2760048594533078,11.931746487913959,2.574727358693024,0.1855953035738319,0.11970048208174205,0.2736146935877503,0.3463426325448509
13,vs_s,53,0.2631210126904673,1.7231343794724714,1.2766766862793453,1.3468281179886765,3.672846214323129,0.1855953035738319,0.11970048208174205,0.2736146935877503,0.3463426325448509
13,vs_s,54,0.30353702478284333,2.2729472697739803,1.535809371703161,5.112525598900329,2.1586921296453863,0.1855953035738319,0.11970048208174205,0.2736146935877503,0.3463426325448509
13,vs_s,55,0.17817988622835385,7.37844313289421,4.717568765955378,3.6280842844779766,11.315943762012878,0.1855953035738319,0.11970048208174205,0.2736146935877503,0.3463426325448509
13,vs_s,56,0.03979412471335958,2.6965524442169957,0.3577734052432327,2.0834023761630998,2.6308500273153967,0.1855953035738319,0.11970048208174205,0.2736146935877503,0.3463426325448509
13,vs_s,57,0.12026183799162758,7.016700655836065,1.0647894236739295,2.045453747060845,4.034538349865137,0.1855953035738319,0.11970048208174205,0.2736146935877503,0.3463426325448509
13,vs_s,59,-0.1401655204858747,3.860222866892325,1.2525827771439197,7.614824614707717,7.206378845412041,0.1855953035738319,0.11970048208174205,0.2736146935877503,0.3463426325448509
13,vs_s,60,0.09864229901204806,1.3987194541728163,0.3296886821189732,1.5270947643932842,1.6156315419194411,0.1855953035738319,0.11970048208174205,0.2736146935877503,0.3463426325448509
14,is_s,1,-0.5963286348628435,46.907653088374325,14.232149456077828,67.66063650694839,47.34765133743416,0.11849204960599907,0.16144707581183487,0.17894752108390793,0.23120200854867873
14,is_s,2,0.2691163149164209,2.548203374692124,4.973256577071267,16.702791944282517,1.3513982274338108,0.11849204960599907,0.16144707581183487,0.17894752108390793,0.23120200854867873
14,is_s,3,-0.4083493888024125,16.870831291145134,4.7447174695464565,28.22796872343142,44.47316846618674,0.11849204960599907,0.16144707581183487,0.17894752108390793,0.23120200854867873
14,is_s,4,-0.24895594019835504,14.62992839540691,13.077110959814936,20.59448535694609,6.26340041033269,0.11849204960599907,0.16144707581183487,0.17894752108390793,0.23120200854867873
14,is_s,5,-1.4375008649331573,83.11742859936858,38.25717665187139,147.45623601472218,63.90630608179128,0.11849204960599907,0.16144707581183487,0.17894752108390793,0.23120200854867873
14,is_s,6,-1.6945728115161889,14.9626583842087,21.39536502985767,29.157998846437085,16.342488857442056,0.11849204960599907,0.16144707581183487,0.17894752108390793,0.23120200854867873
14,is_s,7,-0.4802390026231431,5.646124736680861,12.470178570462352,47.007276571335865,18.55353739823264,0.11849204960599907,0.16144707581183487,0.17894752108390793,0.23120200854867873
14,is_s,8,-0.07795435289679045,4.88190194432628,10.554285669407816,21.80368173520322,11.037568708241373,0.11849204960599907,0.16144707581183487,0.17894752108390793,0.23120200854867873
14,is_s,9,-0.6114284641798382,0.8736887197791412,6.286533047214698,8.674596713773916,2.336067010077541,0.11849204960599907,0.16144707581183487,0.17894752108390793,0.23120200854867873
14,is_s,10,0.25440279820970496,4.1466271973507975,7.9158566952947,19.556321062037377,16.323767371188783,0.11849204960599907,0.16144707581183487,0.17894752108390793,0.23120200854867873
14,is_s,11,0.37110308364472155,12.850027196916873,6.367369972109674,30.594560356169694,14.344586383281358,0.11849204960599907,0.16144707581183487,0.17894752108390793,0.23120200854867873
14,is_s,12,0.0870431239038953,10.60177003390759,10.363096644538933,59.07967139284855,29.894427971214746,0.11849204960599907,0.16144707581183487,0.17894752108390793,0.23120200854867873
14,is_s,13,-1.2307556754979632,8.384311418075049,7.780432219344149,39.718676989813325,8.317883005299066,0.11849204960599907,0.16144707581183487,0.17894752108390793,0.23120200854867873
14,is_s,14,-0.3659597160647047,5.327743080115106,5.333821462530561,4.879041997350874,1.0984025210662658,0.11849204960599907,0.16144707581183487,0.17894752108390793,0.23120200854867873
14,is_s,15,-0.10696459228711076,4.465718908041778,6.069768353977992,29.08892325347928,19.097985902175836,0.11849204960599907,0.16144707581183487,0.17894752108390793,0.23120200854867873
14,is_s,16,0.26770529003619625,5.231694957410526,2.7793485240007603,49.12393200588822,7.534490208731857,0.11849204960599907,0.16144707581183487,0.17894752108390793,0.23120200854867873
14,is_s,17,-0.1499328090800987,15.626686713755735,4.848065493703664,13.52899613269069,12.966623615000046,0.11849204960599907,0.16144707581183487,0.17894752108390793,0.23120200854867873
14,is_s,18,-0.3852545114882473,8.16979769999209,2.769406781444166,12.465788897938998,4.285244450235184,0.11849204960599907,0.16144707581183487,0.17894752108390793,0.23120200854867873
14,is_s,19,-0.43424807759210154,3.6530212631042263,5.160738422001891,2.431133371307413,2.858137777115196,0.11849204960599907,0.16144707581183487,0.17894752108390793,0.23120200854867873
14,is_s,20,0.2035262178905054,5.798821282232267,4.607541432783686,12.655999264732426,30.353194706201936,0.11849204960599907,0.16144707581183487,0.17894752108390793,0.23120200854867873
14,is_s,21,0.28018458665079915,4.439292249582089,1.6567073558242942,6.227799559751257,5.898144798407608,0.11849204960599907,0.16144707581183487,0.17894752108390793,0.23120200854867873
14,is_s,22,-0.19225207414989548,3.1635590414375687,4.8644115230507134,4.09500675500079,11.007322511020508,0.11849204960599907,0.16144707581183487,0.17894752108390793,0.23120200854867873
14,is_s,24,0.07176963729824665,5.596882387706892,2.2912909028165083,4.242932964166655,8.029013567683721,0.11849204960599907,0.16144707581183487,0.17894752108390793,0.23120200854867873
14,is_s,25,-2.172834635645243,17.018233746537554,9.529217830272897,93.77073150243996,51.2306332493948,0.11849204960599907,0.16144707581183487,0.17894752108390793,0.23120200854867873
14,is_s,26,-0.10695418182943663,9.046774026674209,3.4415284243751416,5.7063416576101025,6.799482866656693,0.11849204960599907,0.16144707581183487,0.17894752108390793,0.23120200854867873
14,is_s,27,-0.434149306333297,23.995158194315568,8.279893487713938,23.654263748461414,12.795872521633386,0.11849204960599907,0.16144707581183487,0.17894752108390793,0.23120200854867873
14,is_s,28,0.599407264316014,9.7529450386982,6.9798829021561515,20.801656818775058,4.049506720742518,0.11849204960599907,0.16144707581183487,0.17894752108390793,0.23120200854867873
14,is_s,29,-0.4613250058698209,12.118990866266836,18.087868035969446,4.264962119457422,7.13303483032004,0.11849204960599907,0.16144707581183487,0.17894752108390793,0.23120200854867873
14,is_s,30,-1.5938110337772025,24.100507286175958,32.254306572566165,21.710950564009842,29.155745442888083,0.11849204960599907,0.16144707581183487,0.17894752108390793,0.23120200854867873
14,is_s,31,0.37671673079523627,16.008682582178228,18.960428631672254,35.640732831328584,29.642873114834437,0.11849204960599907,0.16144707581183487,0.17894752108390793,0.23120200854867873
14,is_s,32,-0.26643708642528924,37.54657224778212,13.888068411242752,42.57012177031935,6.458884983539716,0.11849204960599907,0.16144707581183487,0.17894752108390793,0.23120200854867873
14,is_s,33,-0.026833094962294635,12.794366220640528,8.449823316210274,34.37512109697606,35.3461525509756,0.11849204960599907,0.16144707581183487,0.17894752108390793,0.23120200854867873
14,is_s,34,0.15781460179855641,10.539951532160657,16.290822980682666,11.288903301976164,18.109207456804384,0.11849204960599907,0.16144707581183487,0.17894752108390793,0.23120200854867873
14,is_s,35,0.11991388898639127,10.210359600975472,6.66472461766922,24.231006773879177,21.863076864419202,0.11849204960599907,0.16144707581183487,0.17894752108390793,0.23120200854867873
14,is_s,36,-0.37874051536933717,13.340887791465157,7.414994160636863,3.069114479218749,9.23116106227068,0.11849204960599907,0.16144707581183487,0.17894752108390793,0.23120200854867873
14,is_s,37,0.03222276496064213,17.256860090342116,5.957518794544736,16.910533522095072,6.5521342079006635,0.11849204960599907,0.16144707581183487,0.17894752108390793,0.23120200854867873
14,is_s,38,-0.0987811380241354,16.064123208362396,9.102880880653478,11.021334314462027,6.150555093924771,0.11849204960599907,0.16144707581183487,0.17894752108390793,0.23120200854867873
14,is_s,40,0.46933973047936395,8.003603534722702,7.938965871018587,5.909014417531566,7.294183097258311,0.11849204960599907,0.16144707581183487,0.17894752108390793,0.23120200854867873
14,is_s,41,0.26555648111179414,18.19890934311987,34.647211677938316,216.8717212634842,75.04567311963126,0.11849204960599907,0.16144707581183487,0.17894752108390793,0.23120200854867873
14,is_s,42,1.211505856980984,5.448845427544855,6.0001532285118095,45.15590824071424,59.397192729789374,0.11849204960599907,0.16144707581183487,0.17894752108390793,0.23120200854867873
14,is_s,43,-0.9848941475243859,37.79482556312342,10.010739430808874,114.44546334360074,52.58579545152631,0.11849204960599907,0.16144707581183487,0.17894752108390793,0.23120200854867873
14,is_s,44,0.4310628240590515,5.263810447270283,1.0959421784094745,12.987828985981945,16.615627402550626,0.11849204960599907,0.16144707581183487,0.17894752108390793,0.23120200854867873
14,is_s,45,-0.23546692834523616,2.8618499144541607,16.67704166161419,16.81839149516945,15.038810999376308,0.11849204960599907,0.16144707581183487,0.17894752108390793,0.23120200854867873
14,is_s,46,0.5221185554846073,5.136427534694405,3.8438030630017677,13.393554774053122,16.964849180833713,0.11849204960599907,0.16144707581183487,0.17894752108390793,0.23120200854867873
14,is_s,47,0.3091023091305707,17.578800536212373,7.449351352612488,12.573378104440406,16.340863275623544,0.11849204960599907,0.16144707581183487,0.17894752108390793,0.23120200854867873
14,is_s,48,0.406249277397092,6.339627632122216,3.413493609988228,28.577220998302487,6.213530527561371,0.11849204960599907,0.16144707581183487,0.17894752108390793,0.23120200854867873
14,is_s,49,-0.6917867050151382,2.7668325140826977,4.733478101047099,4.863635912824165,3.917742531939644,0.11849204960599907,0.16144707581183487,0.17894752108390793,0.23120200854867873
14,is_s,50,-1.2450681331669005,10.122976501887816,11.988774899584858,50.14442313211583,30.725224707682187,0.11849204960599907,0.16144707581183487,0.17894752108390793,0.23120200854867873
14,is_s,51,0.12945096503274817,8.867832644301723,5.595613857524045,29.780364500121276,13.584691032056535,0.11849204960599907,0.16144707581183487,0.17894752108390793,0.23120200854867873
14,is_s,52,0.0814016479440482,1.715411633372531,1.9758818728603904,12.371430497790037,1.1812755752829827,0.11849204960599907,0.16144707581183487,0.17894752108390793,0.23120200854867873
14,is_s,53,-0.18772631182521612,0.7517596941255917,5.412393398640745,3.1230042646065392,1.177759915932818,0.11849204960599907,0.16144707581183487,0.17894752108390793,0.23120200854867873
14,is_s,54,-1.3721247387843758,8.367062948031444,11.733316524857987,15.781467427769073,2.5057687288060855,0.11849204960599907,0.16144707581183487,0.17894752108390793,0.23120200854867873
14,is_s,55,-0.535394012348217,21.156280700308393,9.571754464391796,29.2494821664144,27.63209141987099,0.11849204960599907,0.16144707581183487,0.17894752108390793,0.23120200854867873
14,is_s,56,0.2834077708881154,28.981970845788915,10.447124278501535,65.40271614491898,46.90368189783288,0.11849204960599907,0.16144707581183487,0.17894752108390793,0.23120200854867873
14,is_s,57,-0.46920150281891654,29.76795837833487,16.679399204214405,26.427953580344116,11.037528057529,0.11849204960599907,0.16144707581183487,0.17894752108390793,0.23120200854867873
14,is_s,58,0.2608598178258305,2.1755957940406607,3.1871486713838655,7.855839729481499,3.2192297541274972,0.11849204960599907,0.16144707581183487,0.17894752108390793,0.23120200854867873
14,is_s,59,-0.06908711689580649,12.416954617964908,11.25243781624234,8.48563473003578,33.3567204953159,0.11849204960599907,0.16144707581183487,0.17894752108390793,0.23120200854867873
14,is_s,60,-0.7079351384774898,10.007087559677961,11.739063392868523,17.93243267222111,17.490666324159143,0.11849204960599907,0.16144707581183487,0.17894752108390793,0.23120200854867873
14,vs_s,1,0.2698494419618161,8.465678854335117,14.973071651271418,7.73583607678133,3.879456411404495,0.10140465195014037,0.1589393077341329,0.26408669541595287,0.20971095650809526
14,vs_s,2,-0.10789779975222417,20.429098126765762,7.332358835013869,10.392318363173416,26.52216790823172,0.10140465195014037,0.1589393077341329,0.26408669541595287,0.20971095650809526
14,vs_s,3,0.4298781112814327,14.085677049584126,8.76909275039989,26.322838339502468,18.278069582058293,0.10140465195014037,0.1589393077341329,0.26408669541595287,0.20971095650809526
14,vs_s,4,-0.46172141755482254,3.6206923113958367,16.596334470245456,25.006722865668127,8.730011079212044,0.10140465195014037,0.1589393077341329,0.26408669541595287,0.20971095650809526
14,vs_s,5,1.4432921640085798,12.362668322786575,59.774697777048566,36.50440807609152,17.976711709996042,0.10140465195014037,0.1589393077341329,0.26408669541595287,0.20971095650809526
14,vs_s,6,-0.4428998180824279,31.10984563866945,12.946795924945219,17.604645899280698,15.007959550311117,0.10140465195014037,0.1589393077341329,0.26408669541595287,0.20971095650809526
14,vs_s,7,-0.7699671352376867,4.109116868888225,3.4868796943074716,31.997404128170285,4.735875619693408,0.10140465195014037,0.1589393077341329,0.26408669541595287,0.20971095650809526
14,vs_s,8,-0.2866073451133376,8.43332375411515,3.4587457853310406,3.8775419790745094,4.74238092487277,0.10140465195014037,0.1589393077341329,0.26408669541595287,0.20971095650809526
14,vs_s,9,-0.9721664780797772,8.491335656133838,7.079644310330383,11.474768764637243,12.60657875310334,0.10140465195014037,0.1589393077341329,0.26408669541595287,0.20971095650809526
14,vs_s,10,-0.19830368673730056,3.894756661634293,2.2637080232248987,1.8910042090706007,8.37805645331324,0.10140465195014037,0.1589393077341329,0.26408669541595287,0.20971095650809526
14,vs_s,11,-1.123505486371069,15.881543050575418,12.557446443809027,69.51670789307184,7.0605758203124305,0.10140465195014037,0.1589393077341329,0.26408669541595287,0.20971095650809526
14,vs_s,12,-0.04890016467760987,11.347639172542138,12.327355158051585,6.523257190256209,12.866389540224382,0.10140465195014037,0.1589393077341329,0.26408669541595287,0.20971095650809526
14,vs_s,13,-0.5756720449407949,18.474434654933276,6.354728992152606,13.374948370323477,2.7568830958607653,0.10140465195014037,0.1589393077341329,0.26408669541595287,0.20971095650809526
14,vs_s,14,0.36464115857510565,8.857887726747734,4.5860628693083765,3.9129471714691952,13.26019253085254,0.10140465195014037,0.1589393077341329,0.26408669541595287,0.20971095650809526
14,vs_s,15,-0.1575829483645079,0.9315610694690634,3.385025348674947,13.240720743886499,7.666237510883495,0.10140465195014037,0.1589393077341329,0.26408669541595287,0.20971095650809526
14,vs_s,16,-0.8523955169775028,9.611608189015492,13.827019753150694,55.32661286627999,16.656369913286333,0.10140465195014037,0.1589393077341329,0.26408669541595287,0.20971095650809526
14,vs_s,17,0.26042140961226445,6.742818979973729,2.1377041463716635,16.869960433191594,3.5510808445750235,0.10140465195014037,0.1589393077341329,0.26408669541595287,0.20971095650809526
14,vs_s,18,-0.6502752324403369,108.78269072601091,43.33570850400323,86.40730377398481,68.027682421481,0.10140465195014037,0.1589393077341329,0.26408669541595287,0.20971095650809526
14,vs_s,19,-0.1970300701616745,21.61531272725883,11.438277539733125,5.145714347383907,48.899223782448786,0.10140465195014037,0.1589393077341329,0.26408669541595287,0.20971095650809526
14,vs_s,20,0.36772577307155546,16.216100510180464,2.600642795871964,1.689263155910445,8.453464373651189,0.10140465195014037,0.1589393077341329,0.26408669541595287,0.20971095650809526
14,vs_s,21,0.20989569590565826,11.922337627408364,3.019535515547324,3.7105179393042595,5.468308932824132,0.10140465195014037,0.1589393077341329,0.26408669541595287,0.20971095650809526
14,vs_s,22,0.042315720554451354,4.25935808866407,14.482116276570638,31.150741762885243,20.823527621012992,0.10140465195014037,0.1589393077341329,0.26408669541595287,0.20971095650809526
14,vs_s,23,0.2602450628636942,7.313272238200613,2.8896534968589256,12.326576916412254,8.803188024674364,0.10140465195014037,0.1589393077341329,0.26408669541595287,0.20971095650809526
14,vs_s,24,-0.03941253084792827,9.654593556327814,3.9635224930968844,8.529805574873867,3.8011547344420715,0.10140465195014037,0.1589393077341329,0.26408669541595287,0.20971095650809526
14,vs_s,25,0.021789076717795647,10.011550655445104,9.855406611248586,3.0807813781810953,7.075154530199777,0.10140465195014037,0.1589393077341329,0.26408669541595287,0.20971095650809526
14,vs_s,26,-0.06742491909799572,8.371049134882933,0.9155544132126218,32.46308059477353,13.095078566488235,0.10140465195014037,0.1589393077341329,0.26408669541595287,0.20971095650809526
14,vs_s,27,0.015052710120865691,1.4389986039433604,2.4526251914680426,4.721035744842241,3.566227170783152,0.10140465195014037,0.1589393077341329,0.26408669541595287,0.20971095650809526
14,vs_s,28,-0.0014513660180137322,9.23490594160817,21.200079380708704,29.695940351637088,9.703030494569273,0.10140465195014037,0.1589393077341329,0.26408669541595287,0.20971095650809526
14,vs_s,29,0.1118858672944098,10.224455025566783,10.651123648326665,3.6144291504116226,12.11422951530912,0.10140465195014037,0.1589393077341329,0.26408669541595287,0.20971095650809526
14,vs_s,30,-0.3621383310389936,1.9568577669265814,21.64710666224771,13.087772466636089,7.838641301954831,0.10140465195014037,0.1589393077341329,0.26408669541595287,0.20971095650809526
14,vs_s,31,-0.626476487681633,7.049352784482947,9.86417573214667,25.83612548757135,9.751039587192588,0.10140465195014037,0.1589393077341329,0.26408669541595287,0.20971095650809526
14,vs_s,32,-0.058473302315506334,23.525230095613274,12.10535343397628,39.50585537365707,4.141747478993655,0.10140465195014037,0.1589393077341329,0.26408669541595287,0.20971095650809526
14,vs_s,33,-0.8534674953833872,3.0337758174805622,5.882840956742661,5.074278063425381,3.364117208450604,0.10140465195014037,0.1589393077341329,0.26408669541595287,0.20971095650809526
14,vs_s,34,-0.6278809645221206,24.553147810075775,5.005305144072438,3.0535774967582356,6.6953889950716645,0.10140465195014037,0.1589393077341329,0.26408669541595287,0.20971095650809526
14,vs_s,35,-0.09485366366455782,2.8519118084775363,2.916507005243778,11.55871602294039,17.88694878566009,0.10140465195014037,0.1589393077341329,0.26408669541595287,0.20971095650809526
14,vs_s,36,0.06901831521002193,2.0442286854071745,18.024421868536397,21.00947906445034,9.147691732283109,0.10140465195014037,0.1589393077341329,0.26408669541595287,0.20971095650809526
14,vs_s,37,0.3987186731672511,9.256384268628857,2.8510697763391,7.86725137565079,10.089620800363797,0.10140465195014037,0.1589393077341329,0.26408669541595287,0.20971095650809526
14,vs_s,38,-0.4560480735627308,13.389238346222744,4.34492598305246,8.616901285405438,13.938169858926006,0.10140465195014037,0.1589393077341329,0.26408669541595287,0.20971095650809526
14,vs_s,39,-0.7220089172404773,16.135788245302013,14.59064443020891,6.255244345329829,17.660411213257746,0.10140465195014037,0.1589393077341329,0.26408669541595287,0.20971095650809526
14,vs_s,40,-1.2125075446142952,4.00204030379398,15.644710165210604,61.43812982193767,11.833446812612097,0.10140465195014037,0.1589393077341329,0.26408669541595287,0.20971095650809526
14,vs_s,41,-0.2645374726578613,15.475746421763139,13.880329408966663,16.943070925216404,25.607125061467784,0.10140465195014037,0.1589393077341329,0.26408669541595287,0.20971095650809526
14,vs_s,42,-0.525330359791103,1.836280728097515,5.249954267518447,18.261590941797213,7.241443724405278,0.10140465195014037,0.1589393077341329,0.26408669541595287,0.20971095650809526
14,vs_s,43,-0.1379276543598499,28.7774456638996,8.223879226359001,25.851118953003038,8.721946764984455,0.10140465195014037,0.1589393077341329,0.26408669541595287,0.20971095650809526
14,vs_s,44,-0.13020399231154636,6.307762050915088,3.3009017046597995,1.2938405279836516,1.612152898304338,0.10140465195014037,0.1589393077341329,0.26408669541595287,0.20971095650809526
14,vs_s,45,0.7425372117193648,3.5072083488364756,3.800891634846024,24.636326646584255,22.04625563321277,0.10140465195014037,0.1589393077341329,0.26408669541595287,0.20971095650809526
14,vs_s,46,-0.7352754101010355,27.151307359175902,5.524750794478293,39.781052968851995,28.57548119107574,0.10140465195014037,0.1589393077341329,0.26408669541595287,0.20971095650809526
14,vs_s,47,0.7357364132243652,8.833600575704224,7.381956012178786,27.238754021992484,19.50996281896809,0.10140465195014037,0.1589393077341329,0.26408669541595287,0.20971095650809526
14,vs_s,48,-0.4929487168182662,37.36331942112366,8.488699142921158,3.9490957473334745,2.990153773741319,0.10140465195014037,0.1589393077341329,0.26408669541595287,0.20971095650809526
14,vs_s,49,-0.09426474634657955,15.066118061457816,10.604305744236749,1.9180784359345049,12.807799917943909,0.10140465195014037,0.1589393077341329,0.26408669541595287,0.20971095650809526
14,vs_s,50,0.7796347321975254,4.673807402956338,4.931058626126879,36.72460130539436,12.057490016977688,0.10140465195014037,0.1589393077341329,0.26408669541595287,0.20971095650809526
14,vs_s,51,-0.24716641293599964,2.9347269355876033,3.674383034235278,12.982758892641314,8.055956982037651,0.10140465195014037,0.1589393077341329,0.26408669541595287,0.20971095650809526
14,vs_s,52,-0.09550697119449227,1.772245851690332,6.306721552985729,1.8439682008530074,0.7653633936048403,0.10140465195014037,0.1589393077341329,0.26408669541595287,0.20971095650809526
14,vs_s,53,-0.02902673816164442,4.942771352584658,10.105610336712697,15.8404084709891,7.286014556262497,0.10140465195014037,0.1589393077341329,0.26408669541595287,0.20971095650809526
14,vs_s,54,0.16801715922415936,5.640475915428702,1.4229903517840385,5.597210805743896,17.096466056450755,0.10140465195014037,0.1589393077341329,0.26408669541595287,0.20971095650809526
14,vs_s,55,0.14863281042393664,10.43059402474658,2.9428958218237398,11.501563140956554,11.603053056248639,0.10140465195014037,0.1589393077341329,0.26408669541595287,0.20971095650809526
14,vs_s,56,0.01505800043784124,4.481061101515979,3.7870981268722934,5.174054591183777,1.5039692480831834,0.10140465195014037,0.1589393077341329,0.26408669541595287,0.20971095650809526
14,vs_s,57,-0.2744595413806166,3.861704079548173,3.32541829962344,9.660402234382449,1.0756736714411725,0.10140465195014037,0.1589393077341329,0.26408669541595287,0.20971095650809526
14,vs_s,58,-0.12694143367293972,22.36024986696511,9.068069882620774,4.091533638203963,13.588996060351125,0.10140465195014037,0.1589393077341329,0.26408669541595287,0.20971095650809526
14,vs_s,59,-0.04167659643585764,10.308802133202075,7.206584053357541,4.508090888333076,11.877588726341596,0.10140465195014037,0.1589393077341329,0.26408669541595287,0.20971095650809526
14,vs_s,60,0.18856132494624905,10.492420776341877,2.3235493518415775,8.546317537579721,2.4387422817168694,0.10140465195014037,0.1589393077341329,0.26408669541595287,0.20971095650809526
15,is_s,1,-0.2957999395169709,1.6519863741367615,0.9045489243800819,6.255562985168027,2.833942338171875,0.26279954417563406,0.11009048118199703,0.24562117142804935,0.261447941155501
15,is_s,2,0.2520210243221712,8.637217723942324,3.6350819656896003,44.548716341396045,3.3219369024308567,0.26279954417563406,0.11009048118199703,0.24562117142804935,0.261447941155501
15,is_s,3,0.05386729846908204,4.638292744298982,3.850913197156911,5.519364771827031,3.830548809559909,0.26279954417563406,0.11009048118199703,0.24562117142804935,0.261447941155501
15,is_s,4,0.9732740579632074,4.859588519770045,7.036399247178486,17.0476741998943,12.182781861134398,0.26279954417563406,0.11009048118199703,0.24562117142804935,0.261447941155501
15,is_s,5,-0.5014041886090589,10.067536783060675,13.460412730365203,6.963902475544867,6.2655286086303335,0.26279954417563406,0.11009048118199703,0.24562117142804935,0.261447941155501
15,is_s,6,-0.12874071404147122,1.3009330148370226,1.1780666796060026,0.6534914354512135,1.8035697800351116,0.26279954417563406,0.11009048118199703,0.24562117142804935,0.261447941155501
15,is_s,7,-0.3228658503009236,5.278436347765441,4.130791372090403,3.359565751045955,4.111855253754643,0.26279954417563406,0.11009048118199703,0.24562117142804935,0.261447941155501
15,is_s,8,-0.14909132248130674,4.029055677154377,2.9268621713027763,0.6519206022613864,1.095134832952382,0.26279954417563406,0.11009048118199703,0.24562117142804935,0.261447941155501
15,is_s,9,0.014760363903155544,7.344076331170404,8.629812658299603,10.70009789403771,14.83061654660031,0.26279954417563406,0.11009048118199703,0.24562117142804935,0.261447941155501
15,is_s,10,-0.27104296598197186,2.7596729251428425,1.3942483151874185,17.732077167020055,3.1307995806269737,0.26279954417563406,0.11009048118199703,0.24562117142804935,0.261447941155501
15,is_s,11,0.06065475857433851,2.6573716933000777,7.977161966750117,13.70102313675904,6.535263038025679,0.26279954417563406,0.11009048118199703,0.24562117142804935,0.261447941155501
15,is_s,12,-0.4689603815642231,3.3982334389843625,2.929952815229144,13.821917106556405,8.08445872529953,0.26279954417563406,0.11009048118199703,0.24562117142804935,0.261447941155501
15,is_s,13,0.04686648771442253,6.420469659147933,11.405539856717454,16.479597819864072,16.4887253945208,0.26279954417563406,0.11009048118199703,0.24562117142804935,0.261447941155501
15,is_s,14,-0.3466422043975697,4.071491280218673,2.1665295727867866,2.32761965933431,0.25015957192391014,0.26279954417563406,0.11009048118199703,0.24562117142804935,0.261447941155501
15,is_s,15,-0.5316522027070968,1.0646222846234088,1.9988919714104418,13.147412437663268,6.632111834409972,0.26279954417563406,0.11009048118199703,0.24562117142804935,0.261447941155501
15,is_s,16,-0.07029644303407115,55.671040020562934,23.23478631831854,7.082838432740953,7.504471206828836,0.26279954417563406,0.11009048118199703,0.24562117142804935,0.261447941155501
15,is_s,17,0.05961988464882731,10.94939397925909,6.730607297338324,2.815705489545006,6.015577229462629,0.26279954417563406,0.11009048118199703,0.24562117142804935,0.261447941155501
15,is_s,18,0.04504170630154591,7.48604238664216,13.186274106487021,37.02365865719534,22.282831696434368,0.26279954417563406,0.11009048118199703,0.24562117142804935,0.261447941155501
15,is_s,19,0.14091392496439195,11.23478587279685,2.3603250004700294,3.968395545276026,7.644049096424253,0.26279954417563406,0.11009048118199703,0.24562117142804935,0.261447941155501
15,is_s,21,-0.2776697062347491,4.8820968550513895,3.7151583594502706,7.69882285051621,4.298634457909764,0.26279954417563406,0.11009048118199703,0.24562117142804935,0.261447941155501
15,is_s,22,0.20773755116307596,36.45778887994694,8.469257501693287,0.5355491236401678,1.1567780772237601,0.26279954417563406,0.11009048118199703,0.24562117142804935,0.261447941155501
15,is_s,23,-0.33170102301051596,2.9647853038056544,0.4571687488899996,4.363871121200502,2.8659088724055723,0.26279954417563406,0.11009048118199703,0.24562117142804935,0.261447941155501
15,is_s,24,-0.0866046673883896,4.473171913747831,2.611473740807899,17.194750916274266,3.150866330271185,0.26279954417563406,0.11009048118199703,0.24562117142804935,0.261447941155501
15,is_s,25,-0.8755304232191293,13.32063394752788,2.508013320737309,26.32891674966342,18.137158002367563,0.26279954417563406,0.11009048118199703,0.24562117142804935,0.261447941155501
15,is_s,26,0.4217834689776121,69.16365077236824,23.34232251846732,31.18221106067244,12.629738914983394,0.26279954417563406,0.11009048118199703,0.24562117142804935,0.261447941155501
15,is_s,27,-0.695731059568017,5.998624866113282,3.9372907293961994,36.169946111132596,13.129274353379015,0.26279954417563406,0.11009048118199703,0.24562117142804935,0.261447941155501
15,is_s,28,-0.24451927274732632,1.930861117608081,1.4855012829050078,10.643911562173624,1.5743945539672346,0.26279954417563406,0.11009048118199703,0.24562117142804935,0.261447941155501
15,is_s,29,-1.0764239853419109,12.115821020308962,5.276510192237496,13.654486353614699,7.926754045219134,0.26279954417563406,0.11009048118199703,0.24562117142804935,0.261447941155501
15,is_s,30,-0.2227001356216505,5.993742861425601,1.8384193174127734,4.526306049258779,8.423175542225437,0.26279954417563406,0.11009048118199703,0.24562117142804935,0.261447941155501
15,is_s,31,-0.7253746832357478,4.790201362370761,1.5736805741525317,7.828144225320859,8.669527174968335,0.26279954417563406,0.11009048118199703,0.24562117142804935,0.261447941155501
15,is_s,32,-0.6447551191487839,3.6492980230675887,3.274840344021224,15.030202034851584,5.014296565705128,0.26279954417563406,0.11009048118199703,0.24562117142804935,0.261447941155501
15,is_s,33,-0.26769908666719805,4.216063244494295,1.0506574717706925,11.31337172479279,10.300022951842163,0.26279954417563406,0.11009048118199703,0.24562117142804935,0.261447941155501
15,is_s,34,-0.22493715477265458,7.575930231394376,2.3267471593370113,2.769864688915886,0.5005710678533891,0.26279954417563406,0.11009048118199703,0.24562117142804935,0.261447941155501
15,is_s,35,-0.11166736339791322,19.032631150669772,14.220598397693784,0.7076905915799003,0.3825829810263324,0.26279954417563406,0.11009048118199703,0.24562117142804935,0.261447941155501
15,is_s,36,0.15723204375931535,4.967723006880122,1.668273506304728,5.443985335436186,1.4310082751323494,0.26279954417563406,0.11009048118199703,0.24562117142804935,0.261447941155501
15,is_s,37,0.12168393642001392,13.83085695636909,4.839545367476705,2.211535870438085,13.075359875306097,0.26279954417563406,0.11009048118199703,0.24562117142804935,0.261447941155501
15,is_s,38,0.4143254238966092,7.92024182060236,14.825699479869321,28.464293638574095,38.44507577367127,0.26279954417563406,0.11009048118199703,0.24562117142804935,0.261447941155501
15,is_s,39,-0.9065802808523388,1.039493670399163,4.793215706629965,3.5608662248511624,2.665037674984133,0.26279954417563406,0.11009048118199703,0.24562117142804935,0.261447941155501
15,is_s,40,-0.48727535396674265,5.947635676753707,4.155030474027248,12.682118234539246,6.737935630202078,0.26279954417563406,0.11009048118199703,0.24562117142804935,0.261447941155501
15,is_s,41,0.09372266896470022,11.466143512771778,5.238640614542022,23.273570400309875,4.235804380148272,0.26279954417563406,0.11009048118199703,0.24562117142804935,0.261447941155501
15,is_s,42,-0.688802644561458,6.820035939084629,4.1240216996855095,12.750041812538843,14.163842181632758,0.26279954417563406,0.11009048118199703,0.24562117142804935,0.261447941155501
15,is_s,43,-0.953829892253761,4.950126212824236,10.210774119327679,14.623637212051861,8.187633588949192,0.26279954417563406,0.11009048118199703,0.24562117142804935,0.261447941155501
15,is_s,44,-0.46644809344669164,3.6035813099704392,1.0596631620087646,1.4458693495846173,4.71303122922913,0.26279954417563406,0.11009048118199703,0.24562117142804935,0.261447941155501
15,is_s,45,-0.27037224106198593,6.096990431246159,4.7207484683817365,17.946895293659328,10.69313679663053,0.26279954417563406,0.11009048118199703,0.24562117142804935,0.261447941155501
15,is_s,46,-0.6072460661181103,3.110244301599519,2.6473924438170258,36.47668981031376,6.153644541770474,0.26279954417563406,0.11009048118199703,0.24562117142804935,0.261447941155501
15,is_s,47,-0.06540066738087949,3.386560894788206,2.207887380833106,6.976960307977823,5.275270701876658,0.26279954417563406,0.11009048118199703,0.24562117142804935,0.261447941155501
15,is_s,48,-0.3578153912880521,3.602500805407976,10.525836421176127,12.863780771584578,17.700785615584156,0.26279954417563406,0.11009048118199703,0.24562117142804935,0.261447941155501
15,is_s,49,-0.40335465755625977,4.134726726747736,2.199636085845568,3.6309341335788514,4.874540474490347,0.26279954417563406,0.11009048118199703,0.24562117142804935,0.261447941155501
15,is_s,50,-0.21100055735379888,8.269416390770248,2.9737347478711196,14.550278409083827,10.033699270233358,0.26279954417563406,0.11009048118199703,0.24562117142804935,0.261447941155501
15,is_s,51,-0.3395003906806746,16.68891640470673,9.388770805672056,8.8038433700588,8.258966844803762,0.26279954417563406,0.11009048118199703,0.24562117142804935,0.261447941155501
15,is_s,52,-0.14176958053383765,2.5973594357888867,2.3081808819987444,4.3877817750596435,1.627448496804722,0.26279954417563406,0.11009048118199703,0.24562117142804935,0.261447941155501
15,is_s,53,-0.39554775460483066,1.9055107254085784,1.1748318866899032,62.241446300391004,7.901785066935088,0.26279954417563406,0.11009048118199703,0.24562117142804935,0.261447941155501
15,is_s,54,-1.3265869743996233,12.509245958260088,26.17201202723967,49.03800173357986,21.241992899949597,0.26279954417563406,0.11009048118199703,0.24562117142804935,0.261447941155501
15,is_s,55,-0.35554705449503954,1.6103769206228338,1.5156337682849863,13.795973672581493,6.193390436476584,0.26279954417563406,0.11009048118199703,0.24562117142804935,0.261447941155501
15,is_s,56,-0.19626977072993412,5.559009717752935,4.9546222514001945,16.005439530366065,3.903313391781956,0.26279954417563406,0.11009048118199703,0.24562117142804935,0.261447941155501
15,is_s,57,-0.10650891659900863,2.440762548583998,1.379675409054972,42.48341020789362,4.6910364955046,0.26279954417563406,0.11009048118199703,0.24562117142804935,0.261447941155501
15,is_s,58,-0.04627496131290584,7.6116026525468925,1.604596366722041,3.3860587219168243,2.436560224865085,0.26279954417563406,0.11009048118199703,0.24562117142804935,0.261447941155501
15,is_s,59,-0.0851966070694199,5.352932657165653,17.935894258509393,11.248398053324712,14.259002856748335,0.26279954417563406,0.11009048118199703,0.24562117142804935,0.261447941155501
15,is_s,60,-0.2409851130688721,2.7691233686398395,6.388916426542784,4.781623235382154,3.6597918328150305,0.26279954417563406,0.11009048118199703,0.24562117142804935,0.261447941155501
15,vs_s,1,-0.36643120662687173,0.9770149255839011,1.4789876016322046,3.4297339627069614,2.8455596964501693,0.221062307196902,0.12329775559077719,0.3214470548757647,0.3005375007073367
15,vs_s,2,-0.010715556238751488,5.234838272422321,3.7145424529183555,6.638071185037303,2.0502450538664476,0.221062307196902,0.12329775559077719,0.3214470548757647,0.3005375007073367
15,vs_s,3,-0.42156553011466125,0.18197871631181495,2.344221416967144,2.3952808436347,0.7328408105987861,0.221062307196902,0.12329775559077719,0.3214470548757647,0.3005375007073367
15,vs_s,4,-0.5946467257760187,2.877486033142896,2.0409782879611704,9.767519117916692,5.366913791515978,0.221062307196902,0.12329775559077719,0.3214470548757647,0.3005375007073367
15,vs_s,5,-0.881039700414671,6.607304027874203,4.770305277614741,30.047174522577166,9.520276313620792,0.221062307196902,0.12329775559077719,0.3214470548757647,0.3005375007073367
15,vs_s,6,-0.32709398979446214,5.003778168279099,5.49183722632329,3.1189142751704577,1.906115850723014,0.221062307196902,0.12329775559077719,0.3214470548757647,0.3005375007073367
15,vs_s,7,-0.07082341573942227,5.554191994125785,7.943831062931065,1.3097209174499158,5.017560940248796,0.221062307196902,0.12329775559077719,0.3214470548757647,0.3005375007073367
15,vs_s,8,0.5465738249379044,21.08308179083031,18.282097515272543,12.926513426006913,5.235231642370791,0.221062307196902,0.12329775559077719,0.3214470548757647,0.3005375007073367
15,vs_s,9,0.18464911869253262,8.768368864664657,2.7100015219400255,19.840318158015485,4.787433966201561,0.221062307196902,0.12329775559077719,0.3214470548757647,0.3005375007073367
15,vs_s,10,0.4483518199770612,3.740932605094157,5.414949846727545,3.6209206234595244,9.442671016096698,0.221062307196902,0.12329775559077719,0.3214470548757647,0.3005375007073367
15,vs_s,11,-0.444167498685583,4.227130122477928,2.234553245250529,9.066670977504474,1.6013739892360115,0.221062307196902,0.12329775559077719,0.3214470548757647,0.3005375007073367
15,vs_s,12,-0.6977557716719774,2.3238227028185703,4.370629745586502,20.156184547118134,2.523230590182455,0.221062307196902,0.12329775559077719,0.3214470548757647,0.3005375007073367
15,vs_s,13,-0.35809486258129386,4.208760493983075,2.9544045845101827,4.852466408619456,3.5132550774135014,0.221062307196902,0.12329775559077719,0.3214470548757647,0.3005375007073367
15,vs_s,14,-0.30117496674353694,0.7476194129291707,1.0858571633064489,0.43106749597175015,0.6597233342382642,0.221062307196902,0.12329775559077719,0.3214470548757647,0.3005375007073367
15,vs_s,15,-0.00833525820856604,14.811983815076536,9.278984354486548,14.679895230312978,6.189862639789375,0.221062307196902,0.12329775559077719,0.3214470548757647,0.3005375007073367
15,vs_s,16,0.4524599197139402,10.493296281812903,5.928133158309205,67.86966285709465,29.435021674657374,0.221062307196902,0.12329775559077719,0.3214470548757647,0.3005375007073367
15,vs_s,17,-0.10575935356193408,1.0198453163551067,2.5591750745851187,1.7041891517280958,3.4309724361290654,0.221062307196902,0.12329775559077719,0.3214470548757647,0.3005375007073367
15,vs_s,18,-0.38135959189433044,7.709552848766737,10.870813599774966,13.579702740755451,2.014014181956737,0.221062307196902,0.12329775559077719,0.3214470548757647,0.3005375007073367
15,vs_s,19,-0.38035901187795645,0.6143011839904964,2.7517661343197393,4.778742500463483,0.9904168340128576,0.221062307196902,0.12329775559077719,0.3214470548757647,0.3005375007073367
15,vs_s,20,-0.23582880348486984,4.414925192373317,17.036373813920843,26.392549374231212,17.364784306937263,0.221062307196902,0.12329775559077719,0.3214470548757647,0.3005375007073367
15,vs_s,21,0.5262456696225659,24.488520555103992,9.694453663836066,30.026921355817755,13.048230447034179,0.221062307196902,0.12329775559077719,0.3214470548757647,0.3005375007073367
15,vs_s,22,0.24349252398897953,6.742608685223677,2.014236777515848,4.648132385437266,9.394433406794667,0.221062307196902,0.12329775559077719,0.3214470548757647,0.3005375007073367
15,vs_s,23,-0.36626870162936587,3.8325803922591835,1.4358861676898589,6.848576328986518,2.5716367899289096,0.221062307196902,0.12329775559077719,0.3214470548757647,0.3005375007073367
15,vs_s,24,-0.1721460343188336,2.920801215471501,1.8535494603035576,4.428562404536206,7.1423852581074225,0.221062307196902,0.12329775559077719,0.3214470548757647,0.3005375007073367
15,vs_s,25,-1.461103827217778,20.529703722405774,16.6657998919296,3.427393979117412,4.023195219389967,0.221062307196902,0.12329775559077719,0.3214470548757647,0.3005375007073367
15,vs_s,26,0.8036571918440104,44.93274170781611,8.473945740549816,1.8963236393622622,2.406630229462126,0.221062307196902,0.12329775559077719,0.3214470548757647,0.3005375007073367
15,vs_s,27,-0.5458062102605487,20.316747577318527,10.281182406234432,62.61830400720553,18.18177308851673,0.221062307196902,0.12329775559077719,0.3214470548757647,0.3005375007073367
15,vs_s,28,-0.5072312127948482,4.172830346192775,6.375285751393983,1.2743951869425845,1.2821940542346506,0.221062307196902,0.12329775559077719,0.3214470548757647,0.3005375007073367
15,vs_s,29,-0.22339633985366286,1.6856182485355156,1.0845016751477234,26.948133286630316,9.605671356578808,0.221062307196902,0.12329775559077719,0.3214470548757647,0.3005375007073367
15,vs_s,30,-0.026435710811556025,9.703425496819877,8.601245288936601,15.868846810541955,4.313039373803446,0.221062307196902,0.12329775559077719,0.3214470548757647,0.3005375007073367
15,vs_s,31,-0.3363980733339704,6.889376850437367,2.1179389227160192,25.55703664939273,9.949693559587452,0.221062307196902,0.12329775559077719,0.3214470548757647,0.3005375007073367
15,vs_s,32,-0.288800718733593,2.879023460488026,3.0764284000906565,7.768238269688018,2.7317916764289443,0.221062307196902,0.12329775559077719,0.3214470548757647,0.3005375007073367
15,vs_s,33,0.2667806715676794,1.842996048483053,2.9977004944048247,21.075190010482753,9.939393309200051,0.221062307196902,0.12329775559077719,0.3214470548757647,0.3005375007073367
15,vs_s,34,-0.3887115306447056,0.7504563686082832,0.9712281057301184,1.3912001826685283,0.38460307282992584,0.221062307196902,0.12329775559077719,0.3214470548757647,0.3005375007073367
15,vs_s,35,0.1552034006410052,3.2124407981828993,7.335890523995755,29.76810847222748,15.254853962950335,0.221062307196902,0.12329775559077719,0.3214470548757647,0.3005375007073367
15,vs_s,36,0.2489480265819916,6.260313714570949,7.65730692855654,6.016170662669147,14.035904999122089,0.221062307196902,0.12329775559077719,0.3214470548757647,0.3005375007073367
15,vs_s,37,-0.06454105321579717,1.0152318434696281,3.340822729703148,6.723834296814804,1.1146611338529513,0.221062307196902,0.12329775559077719,0.3214470548757647,0.3005375007073367
15,vs_s,38,-0.0907827058582355,2.551807122899415,5.042319595216388,2.7986509205203185,0.5433441839725807,0.221062307196902,0.12329775559077719,0.3214470548757647,0.3005375007073367
15,vs_s,39,-0.2666467256462944,2.555631645510397,6.606564854962387,5.290979640346822,3.957732534343236,0.221062307196902,0.12329775559077719,0.3214470548757647,0.3005375007073367
15,vs_s,40,-0.29087564287840056,20.26978242425328,7.613565846143952,59.62611023608836,16.23167755155452,0.221062307196902,0.12329775559077719,0.3214470548757647,0.3005375007073367
15,vs_s,41,0.14108553226019482,13.905385913619194,4.8412521487205105,0.8013517494006135,2.515913935480006,0.221062307196902,0.12329775559077719,0.3214470548757647,0.3005375007073367
15,vs_s,42,0.40300373221352725,1.6179053688186418,7.013272159644019,15.363910839873904,7.716082779801204,0.221062307196902,0.12329775559077719,0.3214470548757647,0.3005375007073367
15,vs_s,43,-0.5272107020845793,4.751521887699432,3.195436976287772,3.2033340152191756,3.5239036253968887,0.221062307196902,0.12329775559077719,0.3214470548757647,0.3005375007073367
15,vs_s,44,-0.6356757524514611,7.636142455991822,3.395167948855237,5.209879617721094,9.435617033601844,0.221062307196902,0.12329775559077719,0.3214470548757647,0.3005375007073367
15,vs_s,45,-0.8112968708164042,1.608818511500553,5.023974973391637,3.5128987682561372,1.949497914613024,0.221062307196902,0.12329775559077719,0.3214470548757647,0.3005375007073367
15,vs_s,46,-0.8356956826425583,2.0848318897380684,3.6912820856017556,2.5313895495455685,0.358828232315436,0.221062307196902,0.12329775559077719,0.3214470548757647,0.3005375007073367
15,vs_s,47,-0.5233351934562931,0.5049268648522229,2.3478169503779007,12.938261057361732,4.973137358287973,0.221062307196902,0.12329775559077719,0.3214470548757647,0.3005375007073367
15,vs_s,48,-0.3176678749536642,24.05984987545235,14.348958792808444,36.14650884795692,69.19861376040272,0.221062307196902,0.12329775559077719,0.3214470548757647,0.3005375007073367
15,vs_s,49,-0.19574628053675466,7.870503965923253,10.114603138305716,21.84351517878871,10.81531837534584,0.221062307196902,0.12329775559077719,0.3214470548757647,0.3005375007073367
15,vs_s,50,-0.6515317756142723,3.8368459326011015,5.603100575173777,12.18534050702053,9.480403091919936,0.221062307196902,0.12329775559077719,0.3214470548757647,0.3005375007073367
15,vs_s,51,-0.038543744336583294,4.087510633446163,4.412491481230958,0.8987631114427348,1.9095896242753794,0.221062307196902,0.12329775559077719,0.3214470548757647,0.3005375007073367
15,vs_s,52,-0.11755503803564565,1.3139045289890452,2.8351603701219577,2.0660763705302854,3.5680556757300104,0.221062307196902,0.12329775559077719,0.3214470548757647,0.3005375007073367
15,vs_s,53,-0.28392449517111046,4.845139638902351,2.6409506721907015,7.148035932208171,6.9781177739045,0.221062307196902,0.12329775559077719,0.3214470548757647,0.3005375007073367
15,vs_s,54,-0.0593463224293559,2.7419683494717177,8.310092009532765,5.147116761001828,4.293502091253583,0.221062307196902,0.12329775559077719,0.3214470548757647,0.3005375007073367
15,vs_s,55,-0.5397340220293279,16.71005587203109,6.706359942526535,4.582079834136474,1.828606258846996,0.221062307196902,0.12329775559077719,0.3214470548757647,0.3005375007073367
15,vs_s,56,0.08091120931809649,2.752800302433692,4.619876117573502,7.53420652083671,1.2618123203968283,0.221062307196902,0.12329775559077719,0.3214470548757647,0.3005375007073367
15,vs_s,57,0.35961931865516267,4.910151398637667,4.603443387169851,4.305943595929465,0.8383474457353457,0.221062307196902,0.12329775559077719,0.3214470548757647,0.3005375007073367
15,vs_s,58,-0.1498717841479511,1.408494746844583,1.2899668971169636,2.736147644653709,4.057432185305306,0.221062307196902,0.12329775559077719,0.3214470548757647,0.3005375007073367
15,vs_s,59,0.0804922225159446,6.049605240542823,3.6877257821140432,3.3888221192251815,4.5541429648246785,0.221062307196902,0.12329775559077719,0.3214470548757647,0.3005375007073367
15,vs_s,60,-0.46470712802957104,1.6043247215722212,5.686399054873488,8.322159709860001,1.8951213812827916,0.221062307196902,0.12329775559077719,0.3214470548757647,0.3005375007073367
16,is_s,1,-0.7648655715919815,9.237188739858883,5.826135044145071,5.239816370112718,9.553162942992582,0.17365210475603057,0.13497179858538588,0.4813619108044371,0.34286109317817176
16,is_s,2,0.43309281798222515,2.7794736663192126,4.820815076981478,35.23920569056135,8.70800911282831,0.17365210475603057,0.13497179858538588,0.4813619108044371,0.34286109317817176
16,is_s,3,0.3634921498246945,4.045140438313227,4.552000302650649,2.7855128019149022,2.816789787145994,0.17365210475603057,0.13497179858538588,0.4813619108044371,0.34286109317817176
16,is_s,4,0.016377137343078788,10.452228048892248,7.897032127288406,23.207090382260024,10.957810451236831,0.17365210475603057,0.13497179858538588,0.4813619108044371,0.34286109317817176
16,is_s,5,0.7071410418069153,7.498213253967529,0.9752008653022199,9.554437228322849,7.218256404381333,0.17365210475603057,0.13497179858538588,0.4813619108044371,0.34286109317817176
16,is_s,6,0.16093394125282062,4.907025975495446,3.545422458172781,15.229445591652397,6.370546099440941,0.17365210475603057,0.13497179858538588,0.4813619108044371,0.34286109317817176
16,is_s,7,0.7866091693945204,1.1173911315851974,1.0117972466987493,40.391099540360315,16.830901324335343,0.17365210475603057,0.13497179858538588,0.4813619108044371,0.34286109317817176
16,is_s,8,0.26938782310301046,5.498160325809595,3.949386652051255,4.143623807678879,2.2647010859936625,0.17365210475603057,0.13497179858538588,0.4813619108044371,0.34286109317817176
16,is_s,9,1.1590981783179488,10.814858496771476,3.3954885354137385,10.197750703145656,9.291017455084452,0.17365210475603057,0.13497179858538588,0.4813619108044371,0.34286109317817176
16,is_s,10,0.6377762045417428,5.769836559654949,5.1796176528908715,15.311732920132885,14.552017773511379,0.17365210475603057,0.13497179858538588,0.4813619108044371,0.34286109317817176
16,is_s,11,-0.35479413560379813,24.268946884645544,10.66725542244079,3.8313302505169036,5.302331385834794,0.17365210475603057,0.13497179858538588,0.4813619108044371,0.34286109317817176
16,is_s,12,0.9186423184074445,6.378982744919106,5.640865639241076,40.83546045971489,54.86692263108297,0.17365210475603057,0.13497179858538588,0.4813619108044371,0.34286109317817176
16,is_s,13,0.06938189576503676,3.568325405282034,5.177185199712497,20.093148032711937,10.86348658151095,0.17365210475603057,0.13497179858538588,0.4813619108044371,0.34286109317817176
16,is_s,14,0.6002470794294437,14.616035566310384,13.13475167052479,7.608809651551301,5.221034815847863,0.17365210475603057,0.13497179858538588,0.4813619108044371,0.34286109317817176
16,is_s,15,-0.08364769209578873,4.331343557304689,3.0248868809743277,4.7904090423667345,7.625717524055898,0.17365210475603057,0.13497179858538588,0.4813619108044371,0.34286109317817176
16,is_s,16,0.5620235372085851,17.450157794746833,2.8628093281208904,5.1233754988555775,9.822119881178018,0.17365210475603057,0.13497179858538588,0.4813619108044371,0.34286109317817176
16,is_s,17,1.8198852566225296,22.908364762107503,15.872294539672943,50.13819567356495,23.451915086370796,0.17365210475603057,0.13497179858538588,0.4813619108044371,0.34286109317817176
16,is_s,18,0.29100115575964164,1.8210174188222692,1.9694986785298718,3.872922751738494,3.307398466095505,0.17365210475603057,0.13497179858538588,0.4813619108044371,0.34286109317817176
16,is_s,19,-0.028425105533877372,5.231979194837026,2.1135160494881022,9.363439846854245,13.290434569950147,0.17365210475603057,0.13497179858538588,0.4813619108044371,0.34286109317817176
16,is_s,20,1.3215831873430455,19.49265786444562,6.545263389375537,62.19153616217516,46.03091966132979,0.17365210475603057,0.13497179858538588,0.4813619108044371,0.34286109317817176
16,is_s,21,0.08455468418518126,13.516792298902471,3.6213355146185617,24.13813322136791,38.83399792958819,0.17365210475603057,0.13497179858538588,0.4813619108044371,0.34286109317817176
16,is_s,22,0.1837177006119779,2.19844857440777,5.301463471436359,10.971658116659116,9.989853295820069,0.17365210475603057,0.13497179858538588,0.4813619108044371,0.34286109317817176
16,is_s,23,-0.4312323841580593,3.229239958804758,8.371214235880887,9.858225520498502,3.3795163700644193,0.17365210475603057,0.13497179858538588,0.4813619108044371,0.34286109317817176
16,is_s,24,-0.6772842888807458,9.651454625444476,9.015642298572713,50.68401545892976,35.69575453155454,0.17365210475603057,0.13497179858538588,0.4813619108044371,0.34286109317817176
16,is_s,25,0.07615313770166537,20.778557436563375,6.72354266492338,19.211019893885283,53.75655160150179,0.17365210475603057,0.13497179858538588,0.4813619108044371,0.34286109317817176
16,is_s,26,0.6823170487122302,4.831240560044119,3.9587663708329117,15.927325710968535,6.5100217095782345,0.17365210475603057,0.13497179858538588,0.4813619108044371,0.34286109317817176
16,is_s,27,0.6784420695847657,1.3060551233550675,3.210373156174296,6.130300966682256,4.578666591654071,0.17365210475603057,0.13497179858538588,0.4813619108044371,0.34286109317817176
16,is_s,28,-0.023414022534297932,10.377647997156776,4.31973937235514,22.360735713107896,2.932321170580701,0.17365210475603057,0.13497179858538588,0.4813619108044371,0.34286109317817176
16,is_s,29,0.05637498516302328,5.414391445913632,7.016434305481125,9.925987753772134,14.463044541658338,0.17365210475603057,0.13497179858538588,0.4813619108044371,0.34286109317817176
16,is_s,30,0.21971851471963535,2.695348150260753,2.957275543983959,21.540020319212697,6.312353286628675,0.17365210475603057,0.13497179858538588,0.4813619108044371,0.34286109317817176
16,is_s,31,0.47760257786596405,5.852006857881547,8.82053823772594,28.470915511848453,15.439445020801815,0.17365210475603057,0.13497179858538588,0.4813619108044371,0.34286109317817176
16,is_s,32,0.40980054004285776,11.068606212096642,3.204755678320698,8.762870369888958,32.61611245335895,0.17365210475603057,0.13497179858538588,0.4813619108044371,0.34286109317817176
16,is_s,33,0.8305391645531237,0.3882587406662891,3.9939417421977486,4.530617668705961,0.9936276209001508,0.17365210475603057,0.13497179858538588,0.4813619108044371,0.34286109317817176
16,is_s,34,0.7196499363155116,7.566604630221819,3.8091573642632195,1.6983277739497524,4.000690550804317,0.17365210475603057,0.13497179858538588,0.4813619108044371,0.34286109317817176
16,is_s,35,0.9779343886178666,7.082177602826764,12.453415152145169,14.550606297537447,7.301894114168007,0.17365210475603057,0.13497179858538588,0.4813619108044371,0.34286109317817176
16,is_s,36,-0.862019790979688,20.420782317955886,12.455169907757808,73.68266197352405,15.948797980152602,0.17365210475603057,0.13497179858538588,0.4813619108044371,0.34286109317817176
16,is_s,37,-0.2813062327154374,13.54219792897689,10.197714440891115,0.94131386476031,3.4582952715688746,0.17365210475603057,0.13497179858538588,0.4813619108044371,0.34286109317817176
16,is_s,38,-0.39318040651093217,38.11701166471271,19.856391475242813,42.970653586363575,42.260491482964895,0.17365210475603057,0.13497179858538588,0.4813619108044371,0.34286109317817176
16,is_s,39,0.155449538929337,5.773316021422698,10.770753022086499,74.59230883890163,31.92584296055641,0.17365210475603057,0.13497179858538588,0.4813619108044371,0.34286109317817176
16,is_s,40,0.2500490909040735,4.267021289662564,3.1690197336911026,4.365936819446112,1.3955232907453259,0.17365210475603057,0.13497179858538588,0.4813619108044371,0.34286109317817176
16,is_s,41,-0.06116429766959937,4.213199027948821,3.2813814284825584,30.987979889293626,18.96771432140365,0.17365210475603057,0.13497179858538588,0.4813619108044371,0.34286109317817176
16,is_s,42,0.33947581501624635,7.833636478998789,9.893988427440473,16.914590223817367,13.227005418884179,0.17365210475603057,0.13497179858538588,0.4813619108044371,0.34286109317817176
16,is_s,43,0.3233410041838415,11.128254470456644,8.57554023993487,14.664220507943854,12.14243573563547,0.17365210475603057,0.13497179858538588,0.4813619108044371,0.34286109317817176
16,is_s,44,-0.19664533844776408,2.147961368919842,8.060392530029308,4.624002512048963,3.13833893610385,0.17365210475603057,0.13497179858538588,0.4813619108044371,0.34286109317817176
16,is_s,45,0.229012679055622,2.439609346923165,2.2786865282962663,11.391727271947557,3.0432203986515463,0.17365210475603057,0.13497179858538588,0.4813619108044371,0.34286109317817176
16,is_s,46,0.7790133064668652,43.11164846687595,8.693701550063356,33.395354358626584,15.726801378256837,0.17365210475603057,0.13497179858538588,0.4813619108044371,0.34286109317817176
16,is_s,47,0.07943230780657351,8.720911938746632,5.622719651736933,11.877356141256602,2.108231749959835,0.17365210475603057,0.13497179858538588,0.4813619108044371,0.34286109317817176
16,is_s,48,0.3940931789203751,38.265231759762095,8.096966661477827,127.10065869546459,46.48546438248341,0.17365210475603057,0.13497179858538588,0.4813619108044371,0.34286109317817176
16,is_s,49,-0.1402838394546038,15.320828676544588,9.031418870746233,11.52929916521194,15.252947154938783,0.17365210475603057,0.13497179858538588,0.4813619108044371,0.34286109317817176
16,is_s,50,-0.08309220776923008,15.314718039991991,8.502761246763072,5.948566497732972,7.288019092420973,0.17365210475603057,0.13497179858538588,0.4813619108044371,0.34286109317817176
16,is_s,51,1.1779592249551083,7.094517651627181,8.819375927912319,48.58371828752839,18.26094901467263,0.17365210475603057,0.13497179858538588,0.4813619108044371,0.34286109317817176
16,is_s,52,0.13518382996938402,8.842774007345032,3.8639544542611794,18.74046083410856,4.268728807974259,0.17365210475603057,0.13497179858538588,0.4813619108044371,0.34286109317817176
16,is_s,53,0.9750984352606121,2.006537956901485,4.209614449591757,23.65476627450836,2.802838729407825,0.17365210475603057,0.13497179858538588,0.4813619108044371,0.34286109317817176
16,is_s,55,0.8447967134462123,4.102548459200259,1.389862725391569,35.32833120404581,13.261859409410688,0.17365210475603057,0.13497179858538588,0.4813619108044371,0.34286109317817176
16,is_s,56,0.9555079923133537,5.876347610081659,2.6215566095016407,26.458552320792993,21.124176489745846,0.17365210475603057,0.13497179858538588,0.4813619108044371,0.34286109317817176
16,is_s,57,0.6374242329128896,10.879513317998748,9.454782237097119,8.805881473109261,16.97866050703911,0.17365210475603057,0.13497179858538588,0.4813619108044371,0.34286109317817176
16,is_s,58,0.0864378023078084,3.5996143115312895,5.719625927005262,40.51648805387339,22.17030226434168,0.17365210475603057,0.13497179858538588,0.4813619108044371,0.34286109317817176
16,is_s,60,0.20187408650640873,2.9552408514037998,2.4638543759374696,17.360814064233992,5.458920946568886,0.17365210475603057,0.13497179858538588,0.4813619108044371,0.34286109317817176
16,vs_s,1,0.1984458305643254,8.56986110346949,9.240512821125662,6.017967021898297,6.102251330239933,0.20140468184126983,0.14353071866227096,0.38546470119588494,0.33575403437694207
16,vs_s,2,0.5716508847215921,2.722697140097176,2.1679751455753,5.129392529255456,8.266233659178635,0.20140468184126983,0.14353071866227096,0.38546470119588494,0.33575403437694207
16,vs_s,3,0.2722991110949958,15.548197632157354,8.0638142578871,12.436831578058978,30.142148484947313,0.20140468184126983,0.14353071866227096,0.38546470119588494,0.33575403437694207
16,vs_s,4,0.5327884925775738,5.061956216968348,5.216644283325986,11.148429227922382,2.456729927480405,0.20140468184126983,0.14353071866227096,0.38546470119588494,0.33575403437694207
16,vs_s,5,0.25231324513796216,5.245957879203156,5.234579339930957,75.72603887578185,27.73892525439987,0.20140468184126983,0.14353071866227096,0.38546470119588494,0.33575403437694207
16,vs_s,6,0.935670600223326,4.389504015204,2.4425866634196565,42.027198979082506,9.53804262634992,0.20140468184126983,0.14353071866227096,0.38546470119588494,0.33575403437694207
16,vs_s,7,0.45894030115170453,6.279129975116316,2.91030610892041,17.52201211757966,3.0582158384077363,0.20140468184126983,0.14353071866227096,0.38546470119588494,0.33575403437694207
16,vs_s,8,0.006586526959148926,3.5141703231106143,8.728507763328153,19.466472829690836,19.450477547500117,0.20140468184126983,0.14353071866227096,0.38546470119588494,0.33575403437694207
16,vs_s,9,0.6402146087197639,1.0658209658072244,3.8215315723606476,7.24548066873198,1.7190497815637162,0.20140468184126983,0.14353071866227096,0.38546470119588494,0.33575403437694207
16,vs_s,10,0.542252890678813,2.13393753017162,3.544913653160953,6.353737633979738,2.881869943755081,0.20140468184126983,0.14353071866227096,0.38546470119588494,0.33575403437694207
16,vs_s,11,0.17965270381331863,15.416951990372928,4.143584600675313,18.159339806857552,14.710649373351169,0.20140468184126983,0.14353071866227096,0.38546470119588494,0.33575403437694207
16,vs_s,12,0.18646436874334385,5.9640698620279515,3.832542382089311,26.53530561767982,9.001696292004333,0.20140468184126983,0.14353071866227096,0.38546470119588494,0.33575403437694207
16,vs_s,13,0.5063584530642621,2.9136962929332975,2.12843035902361,1.3421696785628683,4.848306930306921,0.20140468184126983,0.14353071866227096,0.38546470119588494,0.33575403437694207
16,vs_s,14,0.5096201978998619,3.551957429139514,4.086846942873149,11.125931118090588,19.06073940404315,0.20140468184126983,0.14353071866227096,0.38546470119588494,0.33575403437694207
16,vs_s,15,0.5175589822697709,17.003572157002587,14.017755570389484,38.79728973904391,22.371218053809798,0.20140468184126983,0.14353071866227096,0.38546470119588494,0.33575403437694207
16,vs_s,16,0.8923353565542801,11.25659543344673,3.1762429829707073,31.879221762261306,12.506207475288566,0.20140468184126983,0.14353071866227096,0.38546470119588494,0.33575403437694207
16,vs_s,17,0.003878956111544185,14.218142075143033,7.884559615770202,10.877923406012007,8.506064531051113,0.20140468184126983,0.14353071866227096,0.38546470119588494,0.33575403437694207
16,vs_s,18,-0.0355540374112448,10.149157428267749,3.513632150431439,6.264511188789452,5.7308873399369515,0.20140468184126983,0.14353071866227096,0.38546470119588494,0.33575403437694207
16,vs_s,19,0.09759250019749556,38.07264370108151,11.622494210875681,2.9089347132425574,25.590001220385588,0.20140468184126983,0.14353071866227096,0.38546470119588494,0.33575403437694207
16,vs_s,20,0.9122211822616866,46.91334187155581,9.342287857941272,21.331561215977526,50.7126346796483,0.20140468184126983,0.14353071866227096,0.38546470119588494,0.33575403437694207
16,vs_s,21,-0.042679489194996985,4.470528862448144,5.092003416176518,11.508659521834932,2.379294476571021,0.20140468184126983,0.14353071866227096,0.38546470119588494,0.33575403437694207
16,vs_s,22,-0.06590827531460167,11.615368747201074,3.3619511918561087,15.31192305162104,8.610260165541638,0.20140468184126983,0.14353071866227096,0.38546470119588494,0.33575403437694207
16,vs_s,23,0.430298686502428,16.437838258065415,13.777030334720038,16.35292215792693,23.352740339106756,0.20140468184126983,0.14353071866227096,0.38546470119588494,0.33575403437694207
16,vs_s,24,0.6084163692858535,1.2558481184606562,2.543513929925209,10.29369894104327,8.861635028235343,0.20140468184126983,0.14353071866227096,0.38546470119588494,0.33575403437694207
16,vs_s,25,0.1360911443898083,4.756500148922542,3.7734485415471037,9.497780441559655,14.854435627854151,0.20140468184126983,0.14353071866227096,0.38546470119588494,0.33575403437694207
16,vs_s,26,-0.12268325606603205,6.912752731140302,1.467188316800051,21.710043056465818,11.840998546666214,0.20140468184126983,0.14353071866227096,0.38546470119588494,0.33575403437694207
16,vs_s,27,-0.12889452975000684,3.444830631571425,3.1662308030452118,9.838891961471708,9.09947847982421,0.20140468184126983,0.14353071866227096,0.38546470119588494,0.33575403437694207
16,vs_s,28,0.5655226913494066,0.9577996158869344,4.820247248834238,19.458055338638488,3.286610214407179,0.20140468184126983,0.14353071866227096,0.38546470119588494,0.33575403437694207
16,vs_s,29,0.13447801682360938,17.8841594381145,8.250140832181781,6.491198418724464,5.070672376286978,0.20140468184126983,0.14353071866227096,0.38546470119588494,0.33575403437694207
16,vs_s,30,0.6609654488600661,2.7178933387964554,3.227054276653955,12.457143499352368,5.5816567872658025,0.20140468184126983,0.14353071866227096,0.38546470119588494,0.33575403437694207
16,vs_s,31,0.3595890345222959,4.6284150542870925,4.568059425216826,33.62174219092751,26.70984873077483,0.20140468184126983,0.14353071866227096,0.38546470119588494,0.33575403437694207
16,vs_s,32,0.3112350406111721,16.051147530080403,4.801968340110069,0.6575597915679364,6.043023251332483,0.20140468184126983,0.14353071866227096,0.38546470119588494,0.33575403437694207
16,vs_s,33,-0.12124970352083174,2.6210040039919815,3.646781968454517,36.583843551375104,9.310971659879046,0.20140468184126983,0.14353071866227096,0.38546470119588494,0.33575403437694207
16,vs_s,34,1.0186301709095185,7.811018475383539,7.702314488515509,41.1426327915713,9.593516427303891,0.20140468184126983,0.14353071866227096,0.38546470119588494,0.33575403437694207
16,vs_s,35,1.3794435398221734,2.4996031841910384,3.407726078079336,109.30104249971721,50.912851265678654,0.20140468184126983,0.14353071866227096,0.38546470119588494,0.33575403437694207
16,vs_s,36,-0.2212417523682214,6.607006849215038,3.125569917161145,16.54330356004126,25.612820205808415,0.20140468184126983,0.14353071866227096,0.38546470119588494,0.33575403437694207
16,vs_s,37,0.7275909466934667,9.332603624801882,9.63177670056588,7.297417267894442,2.686550155479509,0.20140468184126983,0.14353071866227096,0.38546470119588494,0.33575403437694207
16,vs_s,38,0.06778461062198768,9.779447205596906,24.461594125777438,165.00627976399,27.5124939405839,0.20140468184126983,0.14353071866227096,0.38546470119588494,0.33575403437694207
16,vs_s,39,0.043138628106815013,10.31019782135375,6.92609342221053,6.101734671574598,1.759918833284394,0.20140468184126983,0.14353071866227096,0.38546470119588494,0.33575403437694207
16,vs_s,40,0.7222686549537458,6.58132278125405,15.020668197186936,27.747544979968403,10.323775747758255,0.20140468184126983,0.14353071866227096,0.38546470119588494,0.33575403437694207
16,vs_s,41,0.11073966432811952,9.57816392124342,4.75399919228059,0.5460572843246831,0.7933977358312779,0.20140468184126983,0.14353071866227096,0.38546470119588494,0.33575403437694207
16,vs_s,42,0.9676612851919987,9.675452561196881,5.066000594080538,13.137508178530053,9.765275141277106,0.20140468184126983,0.14353071866227096,0.38546470119588494,0.33575403437694207
16,vs_s,43,0.9054544637630404,9.770008540064033,3.0547324085071095,7.659418396396974,9.815598514424693,0.20140468184126983,0.14353071866227096,0.38546470119588494,0.33575403437694207
16,vs_s,44,0.020317410896703275,4.343612834198531,12.149702333627568,11.62612400734265,6.828065158409003,0.20140468184126983,0.14353071866227096,0.38546470119588494,0.33575403437694207
16,vs_s,45,0.6728057953812964,47.15836915613611,34.08693147039367,2.657436705035612,3.5149698702779477,0.20140468184126983,0.14353071866227096,0.38546470119588494,0.33575403437694207
16,vs_s,46,0.11745233405395204,48.109988086036616,12.80056443053615,1.9455210376781777,19.770895933062796,0.20140468184126983,0.14353071866227096,0.38546470119588494,0.33575403437694207
16,vs_s,47,0.2708501575597602,19.470753928862987,15.112913563380623,10.45719565954094,11.814832865956124,0.20140468184126983,0.14353071866227096,0.38546470119588494,0.33575403437694207
16,vs_s,48,0.22864289571115295,4.855454018411268,3.6777971088773214,13.908862802145093,9.475628618980453,0.20140468184126983,0.14353071866227096,0.38546470119588494,0.33575403437694207
16,vs_s,49,0.04321683875421739,13.421686996489836,4.361334568048988,6.53208824661783,17.649668778771122,0.20140468184126983,0.14353071866227096,0.38546470119588494,0.33575403437694207
16,vs_s,51,0.4375840321680214,5.438939037479593,8.595930344333924,12.086086207020209,13.828531124519607,0.20140468184126983,0.14353071866227096,0.38546470119588494,0.33575403437694207
16,vs_s,52,0.2513795542752645,13.788119333776756,8.523375774722844,72.25424481803523,63.91473106599273,0.20140468184126983,0.14353071866227096,0.38546470119588494,0.33575403437694207
16,vs_s,53,0.6431650683478171,10.274404748830202,20.709554067566522,35.31390914566267,19.408042408063686,0.20140468184126983,0.14353071866227096,0.38546470119588494,0.33575403437694207
16,vs_s,54,-0.2198047868303816,3.0110781003735907,2.6897117470029612,3.7735228618754877,3.7080764017039303,0.20140468184126983,0.14353071866227096,0.38546470119588494,0.33575403437694207
16,vs_s,55,0.11565971741882543,8.673446424788178,7.002700344934199,30.954718454445207,21.96466285519795,0.20140468184126983,0.14353071866227096,0.38546470119588494,0.33575403437694207
16,vs_s,56,0.4595160851640157,4.907785322036793,19.33401236608428,21.700269118620938,29.617602076302457,0.20140468184126983,0.14353071866227096,0.38546470119588494,0.33575403437694207
16,vs_s,57,0.9548379384026274,20.38934958291387,30.673888276940886,35.079492575294395,4.833870089435239,0.20140468184126983,0.14353071866227096,0.38546470119588494,0.33575403437694207
16,vs_s,58,0.20075421850005928,2.893949890494444,6.040140103000561,25.18548855137669,1.5955868627579375,0.20140468184126983,0.14353071866227096,0.38546470119588494,0.33575403437694207
16,vs_s,59,0.7724360383146119,9.335036470813623,5.154811120889371,5.90455191296716,4.119149505288886,0.20140468184126983,0.14353071866227096,0.38546470119588494,0.33575403437694207
16,vs_s,60,0.22468988838577844,11.975122008893223,6.22630572241052,50.843236402694025,9.416139694269209,0.20140468184126983,0.14353071866227096,0.38546470119588494,0.33575403437694207
17,is_s,1,0.09006256143346895,19.762335369044212,4.687329033639756,10.02116103355027,4.1005858732728315,0.1400126782400672,0.1577246684447889,0.4925475434724098,0.3556872068672399
17,is_s,2,-0.317922299822904,21.00325321357797,13.934477834778633,58.507022408037386,18.756373110872918,0.1400126782400672,0.1577246684447889,0.4925475434724098,0.3556872068672399
17,is_s,3,-0.35931281514944224,2.8766902643399543,2.5839391523064017,0.36935942348668704,3.8705914511686657,0.1400126782400672,0.1577246684447889,0.4925475434724098,0.3556872068672399
17,is_s,4,0.40362285804633874,20.378316422760747,5.7025654661930725,18.896338278724343,39.92707071084242,0.1400126782400672,0.1577246684447889,0.4925475434724098,0.3556872068672399
17,is_s,5,-0.6020987347856253,3.1412065170098447,1.8527845391354858,9.368833965340468,4.405937103634137,0.1400126782400672,0.1577246684447889,0.4925475434724098,0.3556872068672399
17,is_s,6,0.187518498865047,17.61253223958831,3.7686943559607524,28.563362235958483,14.924688247395675,0.1400126782400672,0.1577246684447889,0.4925475434724098,0.3556872068672399
17,is_s,7,-0.7110830819409916,0.8604040380444858,4.781255903832761,44.99672201819388,11.471351782404346,0.1400126782400672,0.1577246684447889,0.4925475434724098,0.3556872068672399
17,is_s,9,-0.21884750016462612,14.55569068243902,8.015574022195638,18.695374092635276,16.604178858485884,0.1400126782400672,0.1577246684447889,0.4925475434724098,0.3556872068672399
17,is_s,10,-0.31955748848868093,23.136899857642877,12.19219437991167,18.56537914728835,23.565311504097462,0.1400126782400672,0.1577246684447889,0.4925475434724098,0.3556872068672399
17,is_s,11,-0.42845960862470767,11.002196499384235,4.392473590778079,15.66029864516655,6.308738306191734,0.1400126782400672,0.1577246684447889,0.4925475434724098,0.3556872068672399
17,is_s,12,0.09594074835112584,5.7398125272007,5.7608190108021,4.6246614195365225,11.076254423556758,0.1400126782400672,0.1577246684447889,0.4925475434724098,0.3556872068672399
17,is_s,13,1.1143029310330879,14.284028132668547,10.23447055298148,43.132839703809374,23.679025793749524,0.1400126782400672,0.1577246684447889,0.4925475434724098,0.3556872068672399
17,is_s,14,0.3910025645975511,2.543346187131164,4.976573452176214,5.6857865528727105,4.783965623696099,0.1400126782400672,0.1577246684447889,0.4925475434724098,0.3556872068672399
17,is_s,15,-0.06811464008119084,9.717523407834278,9.264284756363931,3.5216084991766943,2.336004336632897,0.1400126782400672,0.1577246684447889,0.4925475434724098,0.3556872068672399
17,is_s,16,1.1645675440078067,10.331207068850276,5.599089012366889,12.960473542835519,8.593725270257712,0.1400126782400672,0.1577246684447889,0.4925475434724098,0.3556872068672399
17,is_s,17,0.2932621694571107,0.832150538781368,2.769342118298664,3.4230607508751603,1.1966793783009861,0.1400126782400672,0.1577246684447889,0.4925475434724098,0.3556872068672399
17,is_s,18,-0.08685848413563432,8.857417953035249,5.976186354975121,19.291857888125218,20.00778832139354,0.1400126782400672,0.1577246684447889,0.4925475434724098,0.3556872068672399
17,is_s,19,-0.06977765485620621,4.012488959147554,1.204728924573524,3.3189927139118978,4.465319015611492,0.1400126782400672,0.1577246684447889,0.4925475434724098,0.3556872068672399
17,is_s,20,-0.20225170341142812,19.557269903518808,4.7082128587159895,23.496623435240522,8.494418442261606,0.1400126782400672,0.1577246684447889,0.4925475434724098,0.3556872068672399
17,is_s,21,-0.13832293347592706,3.0294624421128122,0.8283336475653813,2.059512592717977,1.5183301850612045,0.1400126782400672,0.1577246684447889,0.4925475434724098,0.3556872068672399
17,is_s,22,-0.1386761485694014,2.821627256258742,5.320541379395169,2.5023055244603745,3.1771868253741187,0.1400126782400672,0.1577246684447889,0.4925475434724098,0.3556872068672399
17,is_s,23,-0.17654415230289713,16.81935370214444,1.7035482752361737,10.330513009103612,13.688708332210508,0.1400126782400672,0.1577246684447889,0.4925475434724098,0.3556872068672399
17,is_s,24,-0.09863673638035313,3.824704546121473,2.858108991480075,13.403787876760529,7.41578095876054,0.1400126782400672,0.1577246684447889,0.4925475434724098,0.3556872068672399
17,is_s,25,1.1685891802746138,73.6494907129105,6.640759738414665,49.8649244636523,55.852693821252316,0.1400126782400672,0.1577246684447889,0.4925475434724098,0.3556872068672399
17,is_s,26,-0.7585090950333534,7.024580151263183,3.4236257833827564,52.68094649320454,11.351348227764484,0.1400126782400672,0.1577246684447889,0.4925475434724098,0.3556872068672399
17,is_s,27,-0.19050193912365285,8.875828833173008,10.357051514712422,65.66102659448434,15.777442960256195,0.1400126782400672,0.1577246684447889,0.4925475434724098,0.3556872068672399
17,is_s,28,0.08334132428317972,2.1457071710840574,3.390752811207245,3.1578991294164034,1.797559429329757,0.1400126782400672,0.1577246684447889,0.4925475434724098,0.3556872068672399
17,is_s,29,-0.05550045168846415,15.997913871676404,6.767474443346973,25.94625490174083,4.0872250858876376,0.1400126782400672,0.1577246684447889,0.4925475434724098,0.3556872068672399
17,is_s,30,0.2525134513122584,9.154062606874973,3.627722559440583,5.048611314307712,9.026505425195655,0.1400126782400672,0.1577246684447889,0.4925475434724098,0.3556872068672399
17,is_s,31,0.07395237561285838,15.861744516084851,12.232467314303427,3.3654956593333067,8.19098733357876,0.1400126782400672,0.1577246684447889,0.4925475434724098,0.3556872068672399
17,is_s,32,-0.30574523407170784,15.22120065223768,11.906741217932847,85.82443248583934,72.98374490282852,0.1400126782400672,0.1577246684447889,0.4925475434724098,0.3556872068672399
17,is_s,33,-0.045256627503550015,15.661546000456196,4.473727482395619,41.77590984931352,15.069938245561964,0.1400126782400672,0.1577246684447889,0.4925475434724098,0.3556872068672399
17,is_s,34,0.04579445157335641,9.55348534822345,2.2338306894172155,14.3238900782323,7.0919959616654165,0.1400126782400672,0.1577246684447889,0.4925475434724098,0.3556872068672399
17,is_s,35,-0.578358632568152,3.4290654432541836,2.0096524408074368,43.03848484068026,23.468086810569467,0.1400126782400672,0.1577246684447889,0.4925475434724098,0.3556872068672399
17,is_s,36,0.19061348740413744,8.231467104119394,3.2372481947142395,23.024978663613528,15.741278182117968,0.1400126782400672,0.1577246684447889,0.4925475434724098,0.3556872068672399
17,is_s,37,0.16442954349424982,17.600512895716754,5.759161170614151,9.908675439593306,4.819429464593773,0.1400126782400672,0.1577246684447889,0.4925475434724098,0.3556872068672399
17,is_s,38,-0.15673747718591247,0.4499883648659073,0.8342010624572755,11.754965504973518,2.087854376398645,0.1400126782400672,0.1577246684447889,0.4925475434724098,0.3556872068672399
17,is_s,39,-0.4841499993881998,6.194542152646875,3.8054579053956505,18.928249427491036,4.791121158153123,0.1400126782400672,0.1577246684447889,0.4925475434724098,0.3556872068672399
17,is_s,40,0.6026280801609996,1.4928530495776697,0.8546910066332447,6.374129590841785,3.8592009227858015,0.1400126782400672,0.1577246684447889,0.4925475434724098,0.3556872068672399
17,is_s,41,-0.553434461807202,4.600533240164102,3.432223211697714,41.06030572331635,18.50723615249023,0.1400126782400672,0.1577246684447889,0.4925475434724098,0.3556872068672399
17,is_s,42,-0.24736692139364896,16.997714923748063,4.287997768944993,42.94680876570791,28.93436948178202,0.1400126782400672,0.1577246684447889,0.4925475434724098,0.3556872068672399
17,is_s,43,-0.1802664456976704,4.807592590988946,1.5680920217435137,2.351958651805131,7.605166979516813,0.1400126782400672,0.1577246684447889,0.4925475434724098,0.3556872068672399
17,is_s,44,-0.01587503609640695,11.219500486693022,4.829082028322925,61.77259398622547,18.464679656636125,0.1400126782400672,0.1577246684447889,0.4925475434724098,0.3556872068672399
17,is_s,45,-0.3388736467424792,0.8297300380665257,1.4525472762932745,4.736770534359159,2.1464019116399395,0.1400126782400672,0.1577246684447889,0.4925475434724098,0.3556872068672399
17,is_s,46,-0.0567802839353272,1.1664442937667951,2.082930168285142,1.4118189861772417,3.6533556057635908,0.1400126782400672,0.1577246684447889,0.4925475434724098,0.3556872068672399
17,is_s,47,-0.2535993312411029,1.846935426899984,0.41866636855606654,6.119952452638436,1.5873974011448435,0.1400126782400672,0.1577246684447889,0.4925475434724098,0.3556872068672399
17,is_s,48,-0.5682262110211707,5.212660615044641,6.297827341061919,78.6360933767403,30.905903584990348,0.1400126782400672,0.1577246684447889,0.4925475434724098,0.3556872068672399
17,is_s,49,-0.15200688093344086,42.18197720540433,22.79902504640016,4.341338455586083,11.642182821725765,0.1400126782400672,0.1577246684447889,0.4925475434724098,0.3556872068672399
17,is_s,50,-1.9712376702848142,7.163945532512126,2.725672199511909,75.88441308156185,25.41175908910774,0.1400126782400672,0.1577246684447889,0.4925475434724098,0.3556872068672399
17,is_s,51,-0.36266252450558745,4.2421452804190345,18.60551618916445,8.770609025790742,8.492312933850325,0.1400126782400672,0.1577246684447889,0.4925475434724098,0.3556872068672399
17,is_s,52,-0.8384367013826671,5.4155750614539615,4.66484268053313,9.155263979901065,17.512933798361896,0.1400126782400672,0.1577246684447889,0.4925475434724098,0.3556872068672399
17,is_s,53,0.20685698439198055,6.356795623568851,7.648404125021151,10.819755804243243,3.9168005366446987,0.1400126782400672,0.1577246684447889,0.4925475434724098,0.3556872068672399
17,is_s,54,-1.6604357313157354,29.292586894314297,11.035365321719825,38.4200394303653,48.34371728361307,0.1400126782400672,0.1577246684447889,0.4925475434724098,0.3556872068672399
17,is_s,55,-0.06854139867715475,14.987212503425033,5.280533892656471,49.97176679005072,22.724112544446246,0.1400126782400672,0.1577246684447889,0.4925475434724098,0.3556872068672399
17,is_s,56,-0.280009562380461,3.441603402980756,1.7070502985031377,13.705949132817741,9.30652426021939,0.1400126782400672,0.1577246684447889,0.4925475434724098,0.3556872068672399
17,is_s,57,-0.42146098982510855,4.688878847180516,4.6997365312880435,17.26703376228362,12.52377841663621,0.1400126782400672,0.1577246684447889,0.4925475434724098,0.3556872068672399
17,is_s,58,-0.03556325163630084,6.449027451077886,1.8219252855147376,2.2735498115822432,7.466420996161622,0.1400126782400672,0.1577246684447889,0.4925475434724098,0.3556872068672399
17,is_s,59,-1.404803707696822,8.898404368079897,3.1660073898542236,4.66529768950575,11.412312609451604,0.1400126782400672,0.1577246684447889,0.4925475434724098,0.3556872068672399
17,is_s,60,0.14946367248802422,4.234089562799038,2.374269370019208,2.4830868848407777,3.7095116999901863,0.1400126782400672,0.1577246684447889,0.4925475434724098,0.3556872068672399
17,vs_s,1,-0.09445473351625126,19.062478135732626,9.44482573574794,6.088758772193759,11.934980229139216,0.1816356663463669,0.10084314233417183,0.22866739985612364,0.3445330723828946
17,vs_s,2,-0.15588119389316285,5.90814998218326,12.020340701248413,24.246527182654333,17.629935864477776,0.1816356663463669,0.10084314233417183,0.22866739985612364,0.3445330723828946
17,vs_s,3,0.23948412321923576,36.519355019181184,8.648597638623997,1.325888256861561,5.476311083305451,0.1816356663463669,0.10084314233417183,0.22866739985612364,0.3445330723828946
17,vs_s,4,-0.10352923907861904,26.431460330145562,7.352681187684838,2.6495117954621925,1.6907640043688954,0.1816356663463669,0.10084314233417183,0.22866739985612364,0.3445330723828946
17,vs_s,5,0.05507187338072781,3.005169630956827,2.258578226859549,1.2942519352491129,2.4307766284944785,0.1816356663463669,0.10084314233417183,0.22866739985612364,0.3445330723828946
17,vs_s,6,-0.029564115151265065,19.087266834593645,11.017343082517545,7.2356325482133625,4.071754501126209,0.1816356663463669,0.10084314233417183,0.22866739985612364,0.3445330723828946
17,vs_s,7,0.2654724010176049,6.740678838937645,6.722725523028225,3.3622312324758714,0.8888744965301233,0.1816356663463669,0.10084314233417183,0.22866739985612364,0.3445330723828946
17,vs_s,8,-0.006001550799298805,4.958104458570959,3.492842075637515,6.948140527097424,1.1144562484909688,0.1816356663463669,0.10084314233417183,0.22866739985612364,0.3445330723828946
17,vs_s,9,-0.06953361185847831,3.0097444854950632,1.4844235667274324,16.168324222277796,3.728509667482961,0.1816356663463669,0.10084314233417183,0.22866739985612364,0.3445330723828946
17,vs_s,10,1.6406989146630193,11.85809917290232,23.26166487859242,29.96620738382686,13.79834444171836,0.1816356663463669,0.10084314233417183,0.22866739985612364,0.3445330723828946
17,vs_s,11,0.6546218533998375,54.60217839920011,17.224555571771297,14.0184856333099,29.77955182956712,0.1816356663463669,0.10084314233417183,0.22866739985612364,0.3445330723828946
17,vs_s,12,0.5506269910277469,3.6664732892510434,4.57736306951715,32.18404172958452,5.0064550637204865,0.1816356663463669,0.10084314233417183,0.22866739985612364,0.3445330723828946
17,vs_s,13,-0.6072202849783487,17.537535099576587,6.9457696696807085,38.829127270668266,14.283573620958725,0.1816356663463669,0.10084314233417183,0.22866739985612364,0.3445330723828946
17,vs_s,14,0.09133196606846317,20.094624266571973,5.365046918015445,16.140222024467118,12.69414614130436,0.1816356663463669,0.10084314233417183,0.22866739985612364,0.3445330723828946
17,vs_s,15,-0.23155131634220186,14.558143321607979,1.2663973191633713,15.882419689821571,8.479924013578678,0.1816356663463669,0.10084314233417183,0.22866739985612364,0.3445330723828946
17,vs_s,16,0.6327950887289154,16.90754917880996,22.420796295344232,9.200061022487095,10.786856773262786,0.1816356663463669,0.10084314233417183,0.22866739985612364,0.3445330723828946
17,vs_s,17,0.6114916639669288,15.641799871516632,11.988560061858559,19.825197120457293,14.734351865933258,0.1816356663463669,0.10084314233417183,0.22866739985612364,0.3445330723828946
17,vs_s,18,0.06275028906557238,14.263307089502735,3.71914232583566,22.957051453575758,8.319355811942348,0.1816356663463669,0.10084314233417183,0.22866739985612364,0.3445330723828946
17,vs_s,19,-0.31329875969186816,14.033764273486264,5.532930526443918,7.245431972508302,14.92967273830707,0.1816356663463669,0.10084314233417183,0.22866739985612364,0.3445330723828946
17,vs_s,20,-0.3508863986874144,5.487433814540829,10.74101800470719,12.715653049585075,4.62791577960018,0.1816356663463669,0.10084314233417183,0.22866739985612364,0.3445330723828946
17,vs_s,21,0.3962624107439437,27.831503793030464,16.95936549237453,6.573078860585596,1.6484290815959597,0.1816356663463669,0.10084314233417183,0.22866739985612364,0.3445330723828946
17,vs_s,22,-0.03175413091066356,17.065115427009417,3.332318455483382,7.1015510409086895,10.38651238146142,0.1816356663463669,0.10084314233417183,0.22866739985612364,0.3445330723828946
17,vs_s,23,0.2405976842972137,7.387861769285884,3.1885694106502878,27.140305211829634,10.498089878199877,0.1816356663463669,0.10084314233417183,0.22866739985612364,0.3445330723828946
17,vs_s,24,0.19093570704897117,5.371822607833489,2.1137243843925044,16.446651920960356,3.069574783880347,0.1816356663463669,0.10084314233417183,0.22866739985612364,0.3445330723828946
17,vs_s,25,-0.18097945648208896,6.440240822207649,1.841696256703557,2.113912634828079,6.207709983475759,0.1816356663463669,0.10084314233417183,0.22866739985612364,0.3445330723828946
17,vs_s,26,0.95271038306385,27.30481991257151,10.641739752145972,3.5722994576970986,13.17941390551406,0.1816356663463669,0.10084314233417183,0.22866739985612364,0.3445330723828946
17,vs_s,27,0.07454884142340235,9.477746211692882,6.288641459849956,2.1948906616933512,3.3849562378298894,0.1816356663463669,0.10084314233417183,0.22866739985612364,0.3445330723828946
17,vs_s,28,0.5667848570173228,1.3927279232972367,4.1907096773536425,2.800213210782787,5.68684476496179,0.1816356663463669,0.10084314233417183,0.22866739985612364,0.3445330723828946
17,vs_s,29,0.10360510495070607,5.295743624041768,3.8998848805927073,17.459771056834303,12.431174561106083,0.1816356663463669,0.10084314233417183,0.22866739985612364,0.3445330723828946
17,vs_s,30,0.004291538721867702,28.406115867971707,5.335348265976764,2.439384754355188,16.464655829113784,0.1816356663463669,0.10084314233417183,0.22866739985612364,0.3445330723828946
17,vs_s,31,-0.7055515046399335,7.531549235612749,6.458732890398992,20.434778965847965,9.852819924669408,0.1816356663463669,0.10084314233417183,0.22866739985612364,0.3445330723828946
17,vs_s,33,-0.08495498458423718,2.871356283028994,2.682104150703363,2.5543481825390777,3.2974691106452556,0.1816356663463669,0.10084314233417183,0.22866739985612364,0.3445330723828946
17,vs_s,34,0.23878048789479675,3.8763157618081627,5.833143995809851,19.90173998678949,5.02915247361228,0.1816356663463669,0.10084314233417183,0.22866739985612364,0.3445330723828946
17,vs_s,35,-0.1664798766997352,5.891555419961233,1.9866040637099467,4.362283180965939,6.556035875574071,0.1816356663463669,0.10084314233417183,0.22866739985612364,0.3445330723828946
17,vs_s,36,0.00041914810321881055,18.97113975271952,10.489235209301231,35.983922957358274,15.783430923870363,0.1816356663463669,0.10084314233417183,0.22866739985612364,0.3445330723828946
17,vs_s,37,0.7966321417074458,8.659004144018413,4.99503669788117,9.6884070674161,7.02397163329716,0.1816356663463669,0.10084314233417183,0.22866739985612364,0.3445330723828946
17,vs_s,38,0.30961789507733073,9.97396438013671,13.710630690595139,27.34087714942898,14.977399714846173,0.1816356663463669,0.10084314233417183,0.22866739985612364,0.3445330723828946
17,vs_s,39,-0.3474629228032452,17.685021762255023,7.0131017893175445,81.96841606309283,69.10813114041287,0.1816356663463669,0.10084314233417183,0.22866739985612364,0.3445330723828946
17,vs_s,40,-0.8744405301294627,36.577793117628914,11.614199354424086,26.308809381746038,15.776483801908443,0.1816356663463669,0.10084314233417183,0.22866739985612364,0.3445330723828946
17,vs_s,41,0.6185982059137508,17.897780294589595,11.785552346767878,17.838547863050255,13.914438737269599,0.1816356663463669,0.10084314233417183,0.22866739985612364,0.3445330723828946
17,vs_s,42,-0.05657542703705106,8.022979589870799,1.2765700729065568,7.629679622466492,3.6138728650406327,0.1816356663463669,0.10084314233417183,0.22866739985612364,0.3445330723828946
17,vs_s,43,0.4958480786369569,1.7950020388614092,1.690721812709036,2.0183472062054144,1.8186701940719157,0.1816356663463669,0.10084314233417183,0.22866739985612364,0.3445330723828946
17,vs_s,44,-0.04211578615671164,8.854079331334546,5.436055476286042,2.7405334598520095,4.682052587608503,0.1816356663463669,0.10084314233417183,0.22866739985612364,0.3445330723828946
17,vs_s,45,-0.058785919768294725,26.21381870208565,7.420377510950152,8.67699409320495,28.28882141216203,0.1816356663463669,0.10084314233417183,0.22866739985612364,0.3445330723828946
17,vs_s,46,-0.02490531292216785,11.711378697695817,5.300946956089132,80.18819797824649,38.08315804032974,0.1816356663463669,0.10084314233417183,0.22866739985612364,0.3445330723828946
17,vs_s,47,0.08552636948749326,0.43555978421945657,2.875003875050904,23.70438349489426,5.817084775015625,0.1816356663463669,0.10084314233417183,0.22866739985612364,0.3445330723828946
17,vs_s,48,-0.1173004996587537,5.515995614606626,8.648049247271924,32.41383243032021,4.635581731124671,0.1816356663463669,0.10084314233417183,0.22866739985612364,0.3445330723828946
17,vs_s,49,0.29651232910776676,1.8436592847596553,2.009094688908427,1.7037203802552863,1.9612688881762856,0.1816356663463669,0.10084314233417183,0.22866739985612364,0.3445330723828946
17,vs_s,50,0.25391113112852215,8.2863015991304,3.4026229480158046,31.58446518323185,8.977181276010793,0.1816356663463669,0.10084314233417183,0.22866739985612364,0.3445330723828946
17,vs_s,51,-0.122040572743879,3.2651410837930954,2.453070604433514,15.989353221483581,4.829762259150444,0.1816356663463669,0.10084314233417183,0.22866739985612364,0.3445330723828946
17,vs_s,52,-0.3383219556458829,6.709259032567168,1.450410548275995,14.705451724500437,14.848157969378372,0.1816356663463669,0.10084314233417183,0.22866739985612364,0.3445330723828946
17,vs_s,53,-0.8602826796042915,8.916055271765277,1.763263915313632,21.125214301217643,4.311537322564189,0.1816356663463669,0.10084314233417183,0.22866739985612364,0.3445330723828946
17,vs_s,54,0.2628922489359483,7.3022424900015555,6.4677668296085615,12.120756113861873,6.794028735313769,0.1816356663463669,0.10084314233417183,0.22866739985612364,0.3445330723828946
17,vs_s,55,-0.1972591125563006,117.67110415265896,23.779757152004937,11.961539724591368,77.70301277616177,0.1816356663463669,0.10084314233417183,0.22866739985612364,0.3445330723828946
17,vs_s,56,-0.15511657999993786,23.192155670650372,8.62174513566701,10.858630468348718,19.805252962482786,0.1816356663463669,0.10084314233417183,0.22866739985612364,0.3445330723828946
17,vs_s,57,-0.6406923106828711,10.328686520591841,5.580215391874107,30.011765543900456,23.23309726255276,0.1816356663463669,0.10084314233417183,0.22866739985612364,0.3445330723828946
17,vs_s,58,-0.46259335849051453,2.375051996493146,1.7544033992102253,8.849052091671245,10.576580801858187,0.1816356663463669,0.10084314233417183,0.22866739985612364,0.3445330723828946
17,vs_s,59,0.4092401679216651,12.006615962281526,7.954860801664837,1.1464180102432255,2.9290895500341443,0.1816356663463669,0.10084314233417183,0.22866739985612364,0.3445330723828946
17,vs_s,60,0.06096144740778659,11.530176641113224,5.392590081313751,11.617177632181452,2.407009968153329,0.1816356663463669,0.10084314233417183,0.22866739985612364,0.3445330723828946
18,is_s,1,0.1637845332836247,0.9504133274456826,1.0435352293615752,1.5460513433428265,2.2238662839411787,0.374691142284864,0.15453872707808036,0.35892821550871196,0.35624520621948136
18,is_s,2,-0.2691732511670019,2.9383291296512932,2.8711130819116026,16.805280059493747,11.912788419862766,0.374691142284864,0.15453872707808036,0.35892821550871196,0.35624520621948136
18,is_s,3,-0.30233858434085537,3.1852811225778273,0.7863472530646218,1.9828729104477967,6.171118793403225,0.374691142284864,0.15453872707808036,0.35892821550871196,0.35624520621948136
18,is_s,4,-0.12252332711175655,1.032563395620311,2.708767699908938,2.8437483966274044,7.34787674857802,0.374691142284864,0.15453872707808036,0.35892821550871196,0.35624520621948136
18,is_s,5,-0.07637660246528194,2.0518253834390006,0.4557329967183394,6.994185218027145,2.931156777666438,0.374691142284864,0.15453872707808036,0.35892821550871196,0.35624520621948136
18,is_s,6,-0.6881373046394484,6.415233369884587,1.9390715795801414,10.490628184579428,4.551755435888063,0.374691142284864,0.15453872707808036,0.35892821550871196,0.35624520621948136
18,is_s,7,0.24077638883218555,3.6647929299280606,1.2409616151759721,3.7753391876522877,8.541596310086328,0.374691142284864,0.15453872707808036,0.35892821550871196,0.35624520621948136
18,is_s,8,-0.0292007908263475,1.5936344624186698,2.046427598257107,4.1185275481081085,5.3127073150383906,0.374691142284864,0.15453872707808036,0.35892821550871196,0.35624520621948136
18,is_s,9,0.09885761249900636,1.459622378952245,3.080743898598322,12.824667233163865,2.1645573283452952,0.374691142284864,0.15453872707808036,0.35892821550871196,0.35624520621948136
18,is_s,10,0.39639715114866364,5.8009529791636805,3.8729885900958227,2.1821958494202516,4.58765173650886,0.374691142284864,0.15453872707808036,0.35892821550871196,0.35624520621948136
18,is_s,11,-0.16585383033908868,8.45881464347738,5.631279241897296,5.804641828950223,3.0989012990375877,0.374691142284864,0.15453872707808036,0.35892821550871196,0.35624520621948136
18,is_s,12,0.2557575789760817,3.89766124336224,2.018923543055372,2.8354522004349434,5.694424034147899,0.374691142284864,0.15453872707808036,0.35892821550871196,0.35624520621948136
18,is_s,13,0.09577691727999768,2.4779319850475265,2.311290175491046,15.224727713616659,6.825921346258788,0.374691142284864,0.15453872707808036,0.35892821550871196,0.35624520621948136
18,is_s,14,-0.038420534414218215,1.9700134880379392,1.5649204312470562,5.3164356060356734,1.567633427116185,0.374691142284864,0.15453872707808036,0.35892821550871196,0.35624520621948136
18,is_s,15,-0.7865879663292071,5.180843629242245,3.5090900460646965,18.80714818776494,5.189929913902669,0.374691142284864,0.15453872707808036,0.35892821550871196,0.35624520621948136
18,is_s,16,-0.15254667690050877,8.651487201719242,1.9528130637798093,52.18730937042713,10.302253369699315,0.374691142284864,0.15453872707808036,0.35892821550871196,0.35624520621948136
18,is_s,17,0.12781619631511904,4.051912346295889,5.935724079295181,15.69977138420834,9.464830826029308,0.374691142284864,0.15453872707808036,0.35892821550871196,0.35624520621948136
18,is_s,18,0.11073621674145062,2.7423401670980985,7.51702400034188,3.2003156520814855,12.747029207255515,0.374691142284864,0.15453872707808036,0.35892821550871196,0.35624520621948136
18,is_s,19,-0.6983736182582203,8.31613901511066,6.072707521546683,9.799741482703023,3.1426334524598274,0.374691142284864,0.15453872707808036,0.35892821550871196,0.35624520621948136
18,is_s,20,-0.14587542099041018,1.1637698085193298,1.7660055963204924,9.064383331290607,2.808647751849907,0.374691142284864,0.15453872707808036,0.35892821550871196,0.35624520621948136
18,is_s,21,-0.2285030101818269,3.2047886555110736,7.47545099599612,4.856268354502731,12.790379293009401,0.374691142284864,0.15453872707808036,0.35892821550871196,0.35624520621948136
18,is_s,22,-0.4398846291835085,2.5616416879701753,0.5482073808282784,4.168329080235948,2.7710438602871186,0.374691142284864,0.15453872707808036,0.35892821550871196,0.35624520621948136
18,is_s,23,-0.3661460537336665,2.1274136533654713,0.8442107047882467,1.6056474122816624,3.84359549140482,0.374691142284864,0.15453872707808036,0.35892821550871196,0.35624520621948136
18,is_s,24,0.07256445028602768,19.822398096330325,5.820388680532165,111.0201478996509,57.29990883186689,0.374691142284864,0.15453872707808036,0.35892821550871196,0.35624520621948136
18,is_s,25,-0.19113437480249834,2.768732642035055,0.7221393318069232,0.7607796039090813,2.0422152715923274,0.374691142284864,0.15453872707808036,0.35892821550871196,0.35624520621948136
18,is_s,26,0.18366841618461052,4.333621814671331,1.9535572451959857,16.257527380761985,6.846016469851161,0.374691142284864,0.15453872707808036,0.35892821550871196,0.35624520621948136
18,is_s,27,0.3451236794325435,1.7266831464269596,0.4183839928708071,4.765851538121263,5.376217512966864,0.374691142284864,0.15453872707808036,0.35892821550871196,0.35624520621948136
18,is_s,28,-0.5049573409152273,0.88972827100352,1.7990435449244893,8.002349688594686,2.2044747424627253,0.374691142284864,0.15453872707808036,0.35892821550871196,0.35624520621948136
18,is_s,29,0.20141636584856792,2.83316561910999,2.3465481762516465,26.266256027987787,10.648705880232702,0.374691142284864,0.15453872707808036,0.35892821550871196,0.35624520621948136
18,is_s,30,0.2915413053898702,4.229856591305771,1.0350889764608033,78.84761514024069,7.593524652002054,0.374691142284864,0.15453872707808036,0.35892821550871196,0.35624520621948136
18,is_s,32,-0.0663228004596195,3.750350697107138,9.372656524761066,6.641550947482551,4.325480185431787,0.374691142284864,0.15453872707808036,0.35892821550871196,0.35624520621948136
18,is_s,33,0.09273141114328974,2.4865317464227883,2.631779886003608,5.31539123249155,0.8368491644266708,0.374691142284864,0.15453872707808036,0.35892821550871196,0.35624520621948136
18,is_s,34,-0.09456388038479864,7.311321874024876,2.8804672218846235,7.361355249526861,14.06781900588788,0.374691142284864,0.15453872707808036,0.35892821550871196,0.35624520621948136
18,is_s,35,-0.4913202826778037,2.1157323826788645,2.627308486957435,5.973969550817662,2.20555252736563,0.374691142284864,0.15453872707808036,0.35892821550871196,0.35624520621948136
18,is_s,36,0.6681113409850062,5.93267832833687,1.6774022854301522,42.96233107702223,26.828818514181297,0.374691142284864,0.15453872707808036,0.35892821550871196,0.35624520621948136
18,is_s,37,0.25896533205867234,3.125177735552173,1.4010695198036824,10.78470161577613,5.483149953689108,0.374691142284864,0.15453872707808036,0.35892821550871196,0.35624520621948136
18,is_s,38,-0.16729262299160974,3.3454237057471112,5.217125827139318,3.8007295956207185,7.383836404239634,0.374691142284864,0.15453872707808036,0.35892821550871196,0.35624520621948136
18,is_s,39,0.33446473754109807,10.13682976962806,2.588072632944346,11.162725241845743,17.608059733706607,0.374691142284864,0.15453872707808036,0.35892821550871196,0.35624520621948136
18,is_s,40,0.43992458948232566,5.585446190140919,1.3046628169277852,28.768779915064076,5.019493442929454,0.374691142284864,0.15453872707808036,0.35892821550871196,0.35624520621948136
18,is_s,41,-0.1808209625628911,2.246883850944287,1.5153357603763928,6.021753285658292,3.125421266652912,0.374691142284864,0.15453872707808036,0.35892821550871196,0.35624520621948136
18,is_s,42,-0.1934670215681124,0.698487520295223,4.66573225930711,2.184224515640292,0.929296518437633,0.374691142284864,0.15453872707808036,0.35892821550871196,0.35624520621948136
18,is_s,43,0.0735777494058188,8.288621067616823,1.4198442659849488,10.481505542853682,19.539315858122194,0.374691142284864,0.15453872707808036,0.35892821550871196,0.35624520621948136
18,is_s,44,-0.8172571732210937,23.02858926554007,3.2061821568322437,16.071199507214377,32.6712259724328,0.374691142284864,0.15453872707808036,0.35892821550871196,0.35624520621948136
18,is_s,45,-0.11452593030540331,2.8862423335930645,2.8782162341123034,1.7835447875316905,0.27051722266307504,0.374691142284864,0.15453872707808036,0.35892821550871196,0.35624520621948136
18,is_s,46,-0.3035920102216391,2.380910892615263,0.9903604958118314,12.76661999681749,2.385870607190022,0.374691142284864,0.15453872707808036,0.35892821550871196,0.35624520621948136
18,is_s,47,0.1841029159387661,2.641330874190107,1.757607941131628,9.190235701904202,4.651142446770048,0.374691142284864,0.15453872707808036,0.35892821550871196,0.35624520621948136
18,is_s,48,0.2180236372157396,2.999192753241102,5.106594568928069,0.037964969149331396,0.31529094543487196,0.374691142284864,0.15453872707808036,0.35892821550871196,0.35624520621948136
18,is_s,49,0.2439200962623049,4.428968797839687,0.8591788913851514,15.485397097404261,8.852531107556436,0.374691142284864,0.15453872707808036,0.35892821550871196,0.35624520621948136
18,is_s,50,-0.34593701690593076,4.013937675345542,2.382045128310758,98.97479418270675,20.014467785349094,0.374691142284864,0.15453872707808036,0.35892821550871196,0.35624520621948136
18,is_s,51,-0.5043495319046838,3.830493576196803,2.173781312476372,5.914049549862324,10.152876467557782,0.374691142284864,0.15453872707808036,0.35892821550871196,0.35624520621948136
18,is_s,52,0.006462330236160264,3.2763189219412423,1.5359353892370502,1.8579333299225842,3.4460613991712052,0.374691142284864,0.15453872707808036,0.35892821550871196,0.35624520621948136
18,is_s,53,-0.06654223391771953,3.0709427489115813,2.022268521219565,6.870804234664351,5.738783715887888,0.374691142284864,0.15453872707808036,0.35892821550871196,0.35624520621948136
18,is_s,54,-0.31581515236496005,10.358045203303792,2.420057044157618,3.194582780128892,4.84882714058451,0.374691142284864,0.15453872707808036,0.35892821550871196,0.35624520621948136
18,is_s,55,-0.7245732968830015,30.755267779381235,1.8891949336243876,12.281245494077956,29.708818478016962,0.374691142284864,0.15453872707808036,0.35892821550871196,0.35624520621948136
18,is_s,56,-0.26227886753059143,3.536778299435517,2.786408247455179,2.936520507785726,2.584264518597716,0.374691142284864,0.15453872707808036,0.35892821550871196,0.35624520621948136
18,is_s,57,-0.04807237978678219,1.631545741555709,1.5483426639285762,2.296103373297848,0.7835113625626727,0.374691142284864,0.15453872707808036,0.35892821550871196,0.35624520621948136
18,is_s,58,-0.7307168637003911,6.550671845711016,1.2580390003918682,44.95058853389591,36.326842890034456,0.374691142284864,0.15453872707808036,0.35892821550871196,0.35624520621948136
18,is_s,59,-0.562635672314773,6.447585080127471,5.218980502952188,15.023763209338933,9.632181568651804,0.374691142284864,0.15453872707808036,0.35892821550871196,0.35624520621948136
18,is_s,60,0.12514868409855018,1.5134194183409706,1.030831228231618,13.923053216434974,5.652502488352259,0.374691142284864,0.15453872707808036,0.35892821550871196,0.35624520621948136
18,vs_s,1,0.185210014344438,2.3781290257914085,4.647652310941506,34.49237398275898,5.616787814616217,0.31726770640515317,0.18288202846868817,0.20653086650916289,0.2434935305123916
18,vs_s,2,-0.08788469323568325,2.393233975146733,2.1636935852771577,17.685079049261965,5.72647484898986,0.31726770640515317,0.18288202846868817,0.20653086650916289,0.2434935305123916
18,vs_s,3,0.12400364942795311,4.144783335335719,2.7948704832032223,8.717475849491649,6.3883427655124585,0.31726770640515317,0.18288202846868817,0.20653086650916289,0.2434935305123916
18,vs_s,4,0.33388103991941803,3.2466947985862054,3.583543542414753,10.189262279931395,13.906052945850147,0.31726770640515317,0.18288202846868817,0.20653086650916289,0.2434935305123916
18,vs_s,5,-0.45695408688990924,1.8286453074387368,1.404688102527089,7.343057427465945,1.6225357803373666,0.31726770640515317,0.18288202846868817,0.20653086650916289,0.2434935305123916
18,vs_s,6,-0.03692804882326105,4.23872963500448,2.8199711841931996,10.967068942257233,28.652343373454904,0.31726770640515317,0.18288202846868817,0.20653086650916289,0.2434935305123916
18,vs_s,7,0.04787888411504983,1.23136677388947,1.1597391525215317,0.7591912721122954,0.5554845919128362,0.31726770640515317,0.18288202846868817,0.20653086650916289,0.2434935305123916
18,vs_s,8,-0.15957859470369545,3.2477516579974535,3.8997114240795265,1.757755799604371,6.351448877326426,0.31726770640515317,0.18288202846868817,0.20653086650916289,0.2434935305123916
18,vs_s,9,-0.12257659437894067,3.359370177973158,1.4253320590142062,0.7132490862348319,4.5397092358939,0.31726770640515317,0.18288202846868817,0.20653086650916289,0.2434935305123916
18,vs_s,10,0.13531307432585665,3.375823997610156,1.9730950712685924,12.094574125335546,9.620779400178494,0.31726770640515317,0.18288202846868817,0.20653086650916289,0.2434935305123916
18,vs_s,11,0.0882551094985672,2.960921081889009,1.81384366829862,4.849846115958539,5.909467357949401,0.31726770640515317,0.18288202846868817,0.20653086650916289,0.2434935305123916
18,vs_s,12,-0.1690363063802581,5.412564115862726,1.3500489296188902,17.995409084674126,4.2494423302346025,0.31726770640515317,0.18288202846868817,0.20653086650916289,0.2434935305123916
18,vs_s,13,0.9806015067896904,3.838622203678995,2.6764813819271596,41.66515884188724,11.155174306421175,0.31726770640515317,0.18288202846868817,0.20653086650916289,0.2434935305123916
18,vs_s,14,-0.13476219767689324,8.57939790908249,3.0646230910792087,10.94414682618946,5.841451323665649,0.31726770640515317,0.18288202846868817,0.20653086650916289,0.2434935305123916
18,vs_s,15,-0.18193455453299442,4.840452753292404,1.1149698358398734,0.864823481494166,3.9232944525365165,0.31726770640515317,0.18288202846868817,0.20653086650916289,0.2434935305123916
18,vs_s,16,0.2422028928885924,2.388140177272308,2.862367727387612,7.562834363546037,1.8618055143530008,0.31726770640515317,0.18288202846868817,0.20653086650916289,0.2434935305123916
18,vs_s,17,0.28076325289105564,1.504523904871092,2.136165869295913,4.9397406039071265,5.1602111825127785,0.31726770640515317,0.18288202846868817,0.20653086650916289,0.2434935305123916
18,vs_s,18,-0.0613434626751593,1.7691417904806357,1.2931027789445446,2.613267729307985,2.250179106651558,0.31726770640515317,0.18288202846868817,0.20653086650916289,0.2434935305123916
18,vs_s,19,-0.2442847064866366,1.816986491595333,3.3021492440136404,4.540122532238299,1.0662396954211275,0.31726770640515317,0.18288202846868817,0.20653086650916289,0.2434935305123916
18,vs_s,20,0.2762666972629413,4.375795072694244,2.314816556025657,1.054052779737834,3.574555746610259,0.31726770640515317,0.18288202846868817,0.20653086650916289,0.2434935305123916
18,vs_s,21,-0.07855268976071329,7.250001630164378,3.629349976510614,3.1504192232411556,3.329676994537687,0.31726770640515317,0.18288202846868817,0.20653086650916289,0.2434935305123916
18,vs_s,22,0.29812758520462684,3.3266573692508143,1.395405450243202,5.353914904340326,6.984946016374337,0.31726770640515317,0.18288202846868817,0.20653086650916289,0.2434935305123916
18,vs_s,23,-0.013701071734058158,1.8327610465799753,3.6831182118196324,0.9495759381794109,2.3686107391689566,0.31726770640515317,0.18288202846868817,0.20653086650916289,0.2434935305123916
18,vs_s,24,-0.005008483322274474,0.4960270892004723,0.9337089440351598,7.024790409662222,3.618806190761586,0.31726770640515317,0.18288202846868817,0.20653086650916289,0.2434935305123916
18,vs_s,25,-0.0419178227712096,1.2281970288757627,1.9038727626292582,0.42364765726541104,1.4894798071401394,0.31726770640515317,0.18288202846868817,0.20653086650916289,0.2434935305123916
18,vs_s,26,0.29733414176590817,1.4566380744930458,1.177363218147039,2.344784255563811,2.630579384058468,0.31726770640515317,0.18288202846868817,0.20653086650916289,0.2434935305123916
18,vs_s,27,-0.08627826752057063,2.1943358513790336,2.3836394025465437,7.269544609536433,5.189469963736061,0.31726770640515317,0.18288202846868817,0.20653086650916289,0.2434935305123916
18,vs_s,28,-0.6618587164520904,5.562791859223934,2.92994219650483,21.995915576366464,20.975818244489826,0.31726770640515317,0.18288202846868817,0.20653086650916289,0.2434935305123916
18,vs_s,29,0.03154352611344356,8.97981931807084,2.940139511759503,0.9113738487633782,2.6382940460191056,0.31726770640515317,0.18288202846868817,0.20653086650916289,0.2434935305123916
18,vs_s,30,-0.04160468094074932,6.780610354937647,4.260033035967067,6.456508337466708,15.071251314614718,0.31726770640515317,0.18288202846868817,0.20653086650916289,0.2434935305123916
18,vs_s,31,-0.3715540847893187,0.2611618481199007,3.42032064088858,3.5989001002272514,1.8489731381287535,0.31726770640515317,0.18288202846868817,0.20653086650916289,0.2434935305123916
18,vs_s,32,-0.25345769576595206,4.382366749756507,2.446286937838125,62.89357787985749,15.757311046658591,0.31726770640515317,0.18288202846868817,0.20653086650916289,0.2434935305123916
18,vs_s,33,-0.07539910375002411,2.741668940638538,0.5352565249839742,4.908266398993706,5.249079347993423,0.31726770640515317,0.18288202846868817,0.20653086650916289,0.2434935305123916
18,vs_s,34,-0.10848112436130508,12.871823723447935,7.4201441313174845,3.293322939539158,7.9933694501399,0.31726770640515317,0.18288202846868817,0.20653086650916289,0.2434935305123916
18,vs_s,35,0.015925067937743516,11.893529979765386,3.8370793540837966,22.995449540148968,17.189084248021153,0.31726770640515317,0.18288202846868817,0.20653086650916289,0.2434935305123916
18,vs_s,36,0.16227144378760885,2.485617909322527,2.111102000856845,0.8592299209884646,2.43262490384654,0.31726770640515317,0.18288202846868817,0.20653086650916289,0.2434935305123916
18,vs_s,37,0.36577374674935814,1.943644590376253,1.0864946137184452,19.065411564238165,5.24923457253517,0.31726770640515317,0.18288202846868817,0.20653086650916289,0.2434935305123916
18,vs_s,38,-0.03273843742059666,1.1544472006197637,1.5996794883774972,7.092735670442765,0.35408402045401066,0.31726770640515317,0.18288202846868817,0.20653086650916289,0.2434935305123916
18,vs_s,39,-0.00941415598624108,4.768761079739546,1.6451800435887516,7.7523728066122946,5.407478776286742,0.31726770640515317,0.18288202846868817,0.20653086650916289,0.2434935305123916
18,vs_s,40,-0.02849430558156816,2.9202464984673058,3.610805744102952,5.120691944920316,3.040277557070277,0.31726770640515317,0.18288202846868817,0.20653086650916289,0.2434935305123916
18,vs_s,41,0.6916277203029673,7.726696932183854,2.092985937776554,1.6685992245818186,4.522445423977064,0.31726770640515317,0.18288202846868817,0.20653086650916289,0.2434935305123916
18,vs_s,42,0.21276784358900444,1.6707855218080079,1.8290873684046285,4.819705304287649,4.238865694240065,0.31726770640515317,0.18288202846868817,0.20653086650916289,0.2434935305123916
18,vs_s,43,-0.07065427785409568,0.931560299430287,6.430178205341517,5.5276127338452365,4.225776775731208,0.31726770640515317,0.18288202846868817,0.20653086650916289,0.2434935305123916
18,vs_s,45,-0.13579381722846492,1.4619518818680834,1.5955811992076394,10.018633477952154,1.8824262324856158,0.31726770640515317,0.18288202846868817,0.20653086650916289,0.2434935305123916
18,vs_s,46,0.2445895183300983,4.0674473054555,1.0402796649889616,6.191377290057148,2.557107743162818,0.31726770640515317,0.18288202846868817,0.20653086650916289,0.2434935305123916
18,vs_s,47,0.044713017722061404,2.67343361497251,2.7015748563844544,1.0322546785141635,3.82395467962587,0.31726770640515317,0.18288202846868817,0.20653086650916289,0.2434935305123916
18,vs_s,48,-0.08414641760591343,20.03751414368463,4.227166822386496,10.400760731077776,5.869724041811006,0.31726770640515317,0.18288202846868817,0.20653086650916289,0.2434935305123916
18,vs_s,49,0.40381102910229905,5.268218188318365,2.535034703885196,2.6596541771058497,4.233855130641436,0.31726770640515317,0.18288202846868817,0.20653086650916289,0.2434935305123916
18,vs_s,50,-0.30185948480996916,5.35241603211045,2.0661298051512262,15.757781328084452,13.290361418223045,0.31726770640515317,0.18288202846868817,0.20653086650916289,0.2434935305123916
18,vs_s,51,0.03552987716768425,3.6980863993718858,2.136069341318716,0.2205357220395728,1.483285691339331,0.31726770640515317,0.18288202846868817,0.20653086650916289,0.2434935305123916
18,vs_s,52,0.16180870155179045,3.2451300325510712,1.5403494560881947,10.646157318014764,2.025439556993219,0.31726770640515317,0.18288202846868817,0.20653086650916289,0.2434935305123916
18,vs_s,53,0.2904080219506276,10.507872954509917,1.007257772152196,5.6081281508939975,9.521866965918905,0.31726770640515317,0.18288202846868817,0.20653086650916289,0.2434935305123916
18,vs_s,54,0.2673023726485773,4.441937861046408,3.23470569922716,4.322241058274909,6.623521807526524,0.31726770640515317,0.18288202846868817,0.20653086650916289,0.2434935305123916
18,vs_s,55,0.19986771082517943,2.2577286295110315,1.4868024331836482,2.2732773467226224,3.4552540171004114,0.31726770640515317,0.18288202846868817,0.20653086650916289,0.2434935305123916
18,vs_s,56,0.07322350336712075,2.0547101624002755,2.854056106094317,22.612039073835174,7.851337298863667,0.31726770640515317,0.18288202846868817,0.20653086650916289,0.2434935305123916
18,vs_s,57,0.7776108746576239,3.680258297299464,2.6983932262726977,9.966474378249618,4.223774639600106,0.31726770640515317,0.18288202846868817,0.20653086650916289,0.2434935305123916
18,vs_s,58,0.2683906503199776,0.4438429476437167,2.4311631840090153,5.449774496015555,2.6796369843611134,0.31726770640515317,0.18288202846868817,0.20653086650916289,0.2434935305123916
18,vs_s,59,0.3221662949018582,5.192521937692908,2.9527274846894094,6.488093444729842,3.9460647490849645,0.31726770640515317,0.18288202846868817,0.20653086650916289,0.2434935305123916
18,vs_s,60,0.3292910570852337,4.4990336995683755,2.508744456609806,3.9833782299058416,2.3483892180467025,0.31726770640515317,0.18288202846868817,0.20653086650916289,0.2434935305123916
19,is_s,1,-0.27224554292943237,5.329466431666819,13.1680109508737,20.735662037928126,20.28556489234505,0.12782419578755133,0.14712013023904613,0.2246102696705986,0.13270785416546574
19,is_s,3,0.31970759673037247,4.153989378568309,6.2051963791330085,4.180536383488904,13.021917418543811,0.12782419578755133,0.14712013023904613,0.2246102696705986,0.13270785416546574
19,is_s,4,-0.26435744790497706,16.24080744707021,6.959835299540847,7.9185586147276945,1.4090782821732266,0.12782419578755133,0.14712013023904613,0.2246102696705986,0.13270785416546574
19,is_s,5,-0.15624701914768258,101.06289991899632,19.73338504390317,136.76298899580968,143.8782942462579,0.12782419578755133,0.14712013023904613,0.2246102696705986,0.13270785416546574
19,is_s,6,-0.17433763832908558,5.5781492908306785,5.0733613095399415,4.090161860554467,1.4794199452049552,0.12782419578755133,0.14712013023904613,0.2246102696705986,0.13270785416546574
19,is_s,7,-0.45407120511887056,10.614466405208189,5.723255482350167,13.136041014978627,12.05905006792797,0.12782419578755133,0.14712013023904613,0.2246102696705986,0.13270785416546574
19,is_s,8,-0.32897925998946437,3.952604378103517,6.40194054274023,11.897148225777395,10.712047284694973,0.12782419578755133,0.14712013023904613,0.2246102696705986,0.13270785416546574
19,is_s,9,-0.7660543079051866,12.924443463186892,7.364407686573834,56.721954497434595,11.970906881690071,0.12782419578755133,0.14712013023904613,0.2246102696705986,0.13270785416546574
19,is_s,10,0.27794550158674486,93.52452627701707,11.861059135905574,1.3067002517815256,26.717269553102202,0.12782419578755133,0.14712013023904613,0.2246102696705986,0.13270785416546574
19,is_s,11,0.2920818379174355,67.9438507762904,2.9917809780402767,8.595850330750597,15.124498373097564,0.12782419578755133,0.14712013023904613,0.2246102696705986,0.13270785416546574
19,is_s,12,0.09119030222038615,17.60541807846025,8.059321458263398,12.840059890542367,11.896001952616853,0.12782419578755133,0.14712013023904613,0.2246102696705986,0.13270785416546574
19,is_s,13,-0.8141574960952014,1.2186661558680694,3.8496257003276284,28.003276438720793,11.605471687036902,0.12782419578755133,0.14712013023904613,0.2246102696705986,0.13270785416546574
19,is_s,14,0.68052215897918,5.597662816961966,4.711392096444008,20.36209559891604,7.66227590987253,0.12782419578755133,0.14712013023904613,0.2246102696705986,0.13270785416546574
19,is_s,15,-0.7474438823538193,33.39229918264378,5.956967447815176,11.311676472176499,12.708338619881747,0.12782419578755133,0.14712013023904613,0.2246102696705986,0.13270785416546574
19,is_s,16,-0.5266419519779891,8.148219890730338,12.251488585859462,8.446276965187401,21.452732708402785,0.12782419578755133,0.14712013023904613,0.2246102696705986,0.13270785416546574
19,is_s,17,-0.28355323899700724,2.0830325758381627,9.976324723028482,32.44186338353566,12.07390857287408,0.12782419578755133,0.14712013023904613,0.2246102696705986,0.13270785416546574
19,is_s,18,0.5489702637111824,6.36202116455756,4.269861800645195,4.9609958326633325,2.4673865850191756,0.12782419578755133,0.14712013023904613,0.2246102696705986,0.13270785416546574
19,is_s,19,0.18232408152088556,16.888362465151914,4.122532972934417,1.9393588528272947,4.6158095178481515,0.12782419578755133,0.14712013023904613,0.2246102696705986,0.13270785416546574
19,is_s,20,-0.27098328209707995,4.861670246490254,10.238835626090228,32.75843143945981,5.580605112875563,0.12782419578755133,0.14712013023904613,0.2246102696705986,0.13270785416546574
19,is_s,21,0.25453892644442305,12.585232324821243,4.751273061731303,18.723156564209777,14.758225347973095,0.12782419578755133,0.14712013023904613,0.2246102696705986,0.13270785416546574
19,is_s,22,-0.07993997984175082,2.507436770461158,2.6470426200309065,5.285104777772364,8.28172320358918,0.12782419578755133,0.14712013023904613,0.2246102696705986,0.13270785416546574
19,is_s,23,-0.15999719231697535,15.22462620507363,11.61422597005186,21.09546747046031,28.47026352015039,0.12782419578755133,0.14712013023904613,0.2246102696705986,0.13270785416546574
19,is_s,24,-0.9694776629815226,14.287509590517416,11.17835384846348,7.4170748037946765,7.575732719065366,0.12782419578755133,0.14712013023904613,0.2246102696705986,0.13270785416546574
19,is_s,25,-0.16477085443913805,24.633028294022203,5.545749015581941,0.5530826243275158,7.675395780231236,0.12782419578755133,0.14712013023904613,0.2246102696705986,0.13270785416546574
19,is_s,26,0.7615787712703685,14.342992681863976,31.530908953167533,18.843364836774487,10.136764515541763,0.12782419578755133,0.14712013023904613,0.2246102696705986,0.13270785416546574
19,is_s,27,-0.1759574733550366,7.5918989786085405,6.920409482598088,42.917811901698066,16.88541149373563,0.12782419578755133,0.14712013023904613,0.2246102696705986,0.13270785416546574
19,is_s,28,0.30466944151219466,18.979030554161266,6.818948209792497,16.781723097767344,7.883213453625058,0.12782419578755133,0.14712013023904613,0.2246102696705986,0.13270785416546574
19,is_s,29,-0.48686416891254014,29.148068755241503,2.864940030997068,5.994293389249189,7.3496338329866235,0.12782419578755133,0.14712013023904613,0.2246102696705986,0.13270785416546574
19,is_s,30,0.45784386796400195,25.691036611987702,7.004545023633922,134.17097443719018,42.9736593539142,0.12782419578755133,0.14712013023904613,0.2246102696705986,0.13270785416546574
19,is_s,31,-0.9664735548418291,16.20934250627089,8.534706468160683,38.53435980346706,18.53244983842906,0.12782419578755133,0.14712013023904613,0.2246102696705986,0.13270785416546574
19,is_s,32,-0.4105217044058965,1.9423613513989613,3.9077413205898446,2.0793550178498474,7.565084906353345,0.12782419578755133,0.14712013023904613,0.2246102696705986,0.13270785416546574
19,is_s,33,0.43919729111929146,3.053318438034228,9.75028030561202,16.87631820703146,12.242372951236508,0.12782419578755133,0.14712013023904613,0.2246102696705986,0.13270785416546574
19,is_s,34,-0.08075712859952532,18.618111206339716,17.37851960339001,1.6603004356752227,1.3702164797353198,0.12782419578755133,0.14712013023904613,0.2246102696705986,0.13270785416546574
19,is_s,35,-0.9641656130313434,57.77432385173627,13.432081021825345,20.59485851012538,17.092032329295243,0.12782419578755133,0.14712013023904613,0.2246102696705986,0.13270785416546574
19,is_s,36,0.028492812750723313,18.875496535792944,8.363927994358507,6.088544473020829,7.526856418414063,0.12782419578755133,0.14712013023904613,0.2246102696705986,0.13270785416546574
19,is_s,37,-0.07316447284140172,2.6566455735901755,3.9950929669895308,1.9371545836896669,2.8715982857043856,0.12782419578755133,0.14712013023904613,0.2246102696705986,0.13270785416546574
19,is_s,38,0.2500419135421795,22.698389194081855,2.44836709443849,0.9603585577069246,2.8649179191588687,0.12782419578755133,0.14712013023904613,0.2246102696705986,0.13270785416546574
19,is_s,40,-0.8634610324083987,118.64956173426941,11.244061940113799,67.06192592487713,34.478814960665105,0.12782419578755133,0.14712013023904613,0.2246102696705986,0.13270785416546574
19,is_s,41,-0.21145753181665758,4.074255881109021,2.3180092399373704,1.8238154469408707,2.018991142956763,0.12782419578755133,0.14712013023904613,0.2246102696705986,0.13270785416546574
19,is_s,42,-0.7123807268002448,2.4652223317600415,2.996856127751294,4.964766741145263,2.4846201719362,0.12782419578755133,0.14712013023904613,0.2246102696705986,0.13270785416546574
19,is_s,43,-0.5254903001107267,16.593141424485893,10.48537528608818,54.58841534155961,40.47004231300867,0.12782419578755133,0.14712013023904613,0.2246102696705986,0.13270785416546574
19,is_s,44,-0.6069192894453074,8.12312549948963,11.341060010246204,5.314491575457585,5.731051327114443,0.12782419578755133,0.14712013023904613,0.2246102696705986,0.13270785416546574
19,is_s,45,-0.5259456958224589,48.0513593388418,14.804204855340197,6.420437439864081,12.16671519554448,0.12782419578755133,0.14712013023904613,0.2246102696705986,0.13270785416546574
19,is_s,46,-0.643419292590289,12.94111960775466,2.1249682195695336,0.9375036811035626,1.605145716327847,0.12782419578755133,0.14712013023904613,0.2246102696705986,0.13270785416546574
19,is_s,47,-0.40383426070879996,7.955355404776345,1.3531017726678736,17.12920443864747,4.306446162334213,0.12782419578755133,0.14712013023904613,0.2246102696705986,0.13270785416546574
19,is_s,48,-0.04948504391905164,3.382395949964101,0.8784748955942014,0.920978607249689,2.6683756506850504,0.12782419578755133,0.14712013023904613,0.2246102696705986,0.13270785416546574
19,is_s,49,0.22748215351890325,30.343024744164126,12.213108484946098,13.667693731504448,18.128482021187416,0.12782419578755133,0.14712013023904613,0.2246102696705986,0.13270785416546574
19,is_s,50,0.5524757707318615,27.731726570121083,6.428155628755569,30.50711407101162,34.479069626687085,0.12782419578755133,0.14712013023904613,0.2246102696705986,0.13270785416546574
19,is_s,51,-0.027557175482944368,2.6286391632002837,3.178292002792598,10.115746447702774,2.8891292500615386,0.12782419578755133,0.14712013023904613,0.2246102696705986,0.13270785416546574
19,is_s,52,-0.06347409797153017,4.377046607560399,4.800555935270775,0.7833690972951762,4.006102474866561,0.12782419578755133,0.14712013023904613,0.2246102696705986,0.13270785416546574
19,is_s,53,-0.9336769799638588,23.675502035793304,7.528692031742303,8.024153473607264,3.068125110598332,0.12782419578755133,0.14712013023904613,0.2246102696705986,0.13270785416546574
19,is_s,54,-0.4299332461597996,16.194370955598096,3.5764114887304705,10.848783435391748,3.376345538520265,0.12782419578755133,0.14712013023904613,0.2246102696705986,0.13270785416546574
19,is_s,55,0.645338835438581,80.44068015841194,9.620643446942964,120.58614829119048,126.73950559448451,0.12782419578755133,0.14712013023904613,0.2246102696705986,0.13270785416546574
19,is_s,56,-0.12667922391233827,15.901688984125798,10.148657478869536,25.520953287114462,16.46673426734225,0.12782419578755133,0.14712013023904613,0.2246102696705986,0.13270785416546574
19,is_s,57,0.10855188892909265,26.06554555643965,3.1360065810789055,14.025063497933763,17.73525169515776,0.12782419578755133,0.14712013023904613,0.2246102696705986,0.13270785416546574
19,is_s,58,0.06588922925846291,3.679994387825816,3.848644236628558,8.166884198733667,4.213977617088245,0.12782419578755133,0.14712013023904613,0.2246102696705986,0.13270785416546574
19,is_s,59,-0.5851556195120395,9.29550516543915,8.095492636357253,2.011984908043891,2.4977564498245535,0.12782419578755133,0.14712013023904613,0.2246102696705986,0.13270785416546574
19,is_s,60,-0.7263118674986242,6.43462601643103,3.5877691452989335,13.102015183798159,6.699749215173363,0.12782419578755133,0.14712013023904613,0.2246102696705986,0.13270785416546574
19,vs_s,1,0.0637982182650927,34.762194202926935,1.9918347652876796,4.480007251425865,5.992180141621589,0.21301340131268787,0.13186767071271932,0.12394143235939681,0.2538513968628063
19,vs_s,2,0.24825413736738672,29.517849799723773,5.272911248067358,2.9801958618007713,13.189168320080867,0.21301340131268787,0.13186767071271932,0.12394143235939681,0.2538513968628063
19,vs_s,3,-0.23313475786340546,32.094526061001886,5.7300688974227585,4.012820820604858,3.366282442960816,0.21301340131268787,0.13186767071271932,0.12394143235939681,0.2538513968628063
19,vs_s,4,0.09578841277829167,22.200257248335497,9.124550821591573,16.08299496436125,9.527508030473433,0.21301340131268787,0.13186767071271932,0.12394143235939681,0.2538513968628063
19,vs_s,5,0.00969750781097277,89.43155534726608,11.30179786683806,3.929272560406155,2.3708216063992404,0.21301340131268787,0.13186767071271932,0.12394143235939681,0.2538513968628063
19,vs_s,6,0.11802924489320174,17.873821094459228,2.951166545664856,15.0285074265334,3.6674875183385733,0.21301340131268787,0.13186767071271932,0.12394143235939681,0.2538513968628063
19,vs_s,7,0.16792469165126625,57.37685318806295,9.968601937836622,14.076086744762907,24.566091888391437,0.21301340131268787,0.13186767071271932,0.12394143235939681,0.2538513968628063
19,vs_s,8,0.5970861938575699,325.2286461016005,21.389735932996626,2.8199514086570696,39.36749690395726,0.21301340131268787,0.13186767071271932,0.12394143235939681,0.2538513968628063
19,vs_s,9,-0.2877001412983462,8.73394478106555,2.4253880885357297,15.633582258556098,6.769750957728465,0.21301340131268787,0.13186767071271932,0.12394143235939681,0.2538513968628063
19,vs_s,10,-0.2888979084980659,69.1089719474185,9.06786117560244,3.4150955373793868,4.732663121738247,0.21301340131268787,0.13186767071271932,0.12394143235939681,0.2538513968628063
19,vs_s,11,-0.5758123662565002,5.511441233341437,2.4398260641263048,26.393270091532155,16.91400412707736,0.21301340131268787,0.13186767071271932,0.12394143235939681,0.2538513968628063
19,vs_s,12,-0.06740073609465594,95.68267092708484,13.625031744102992,1.7088939860420946,16.53595392527273,0.21301340131268787,0.13186767071271932,0.12394143235939681,0.2538513968628063
19,vs_s,13,-0.5373267946034711,18.96934476733146,2.6377233237291424,8.42060411492001,14.071645085331028,0.21301340131268787,0.13186767071271932,0.12394143235939681,0.2538513968628063
19,vs_s,14,0.5686374271342564,129.98156580793903,37.09180519156506,24.72056006128282,25.53083581059426,0.21301340131268787,0.13186767071271932,0.12394143235939681,0.2538513968628063
19,vs_s,15,0.2604241751097802,28.124666062132455,7.764474490675509,47.335960567699686,8.904769821602963,0.21301340131268787,0.13186767071271932,0.12394143235939681,0.2538513968628063
19,vs_s,16,0.12022182700365817,135.72972427870508,8.004282254633976,5.541998918094021,12.656155046555213,0.21301340131268787,0.13186767071271932,0.12394143235939681,0.2538513968628063
19,vs_s,17,-0.2960123579522383,55.425813520085924,9.649221990782898,13.840460403849685,21.654181869532405,0.21301340131268787,0.13186767071271932,0.12394143235939681,0.2538513968628063
19,vs_s,18,0.06072465232445209,8.12251953525723,2.259016834189529,6.0318746900407,1.7448660367787547,0.21301340131268787,0.13186767071271932,0.12394143235939681,0.2538513968628063
19,vs_s,19,-0.2633672240417988,98.69664477325257,14.336255196390912,2.2679945077422694,18.474499247147023,0.21301340131268787,0.13186767071271932,0.12394143235939681,0.2538513968628063
19,vs_s,21,-0.4323555402197781,15.008538044723737,3.0686113088404645,17.639191841255613,4.570186549694937,0.21301340131268787,0.13186767071271932,0.12394143235939681,0.2538513968628063
19,vs_s,22,0.032808364650784655,65.30045573746071,13.273955158319074,10.162157692009234,9.748934294137609,0.21301340131268787,0.13186767071271932,0.12394143235939681,0.2538513968628063
19,vs_s,23,0.11927379254121148,29.296477383959342,6.251838505138227,6.874840047127723,22.46280718555389,0.21301340131268787,0.13186767071271932,0.12394143235939681,0.2538513968628063
19,vs_s,24,0.12888416705420142,15.779813115583757,1.4069638806227938,1.9281608079864834,3.2459847127962695,0.21301340131268787,0.13186767071271932,0.12394143235939681,0.2538513968628063
19,vs_s,25,-0.699384361663623,31.449422740120212,8.263593422395669,9.27392299880331,6.798162913197982,0.21301340131268787,0.13186767071271932,0.12394143235939681,0.2538513968628063
19,vs_s,26,0.0969477852211325,79.82602538620479,6.685062516969696,6.88545567778986,14.857219973027961,0.21301340131268787,0.13186767071271932,0.12394143235939681,0.2538513968628063
19,vs_s,27,0.22197022099699362,84.82109432780031,14.773093805531492,3.5954700050909256,2.6595099639518414,0.21301340131268787,0.13186767071271932,0.12394143235939681,0.2538513968628063
19,vs_s,28,-0.2581808117845522,12.999140585779108,3.3621284275729217,15.146924207253608,4.488047426400017,0.21301340131268787,0.13186767071271932,0.12394143235939681,0.2538513968628063
19,vs_s,29,-0.1986885848758898,24.167216661185872,4.403282156597489,1.5362362529108025,5.549297509520367,0.21301340131268787,0.13186767071271932,0.12394143235939681,0.2538513968628063
19,vs_s,30,0.4695098858957656,109.52374360041419,14.871726080024935,13.116392269524791,20.24511071738312,0.21301340131268787,0.13186767071271932,0.12394143235939681,0.2538513968628063
19,vs_s,31,0.2536344974778786,18.226580771665468,3.836107019245141,9.522625379545723,5.040488189621836,0.21301340131268787,0.13186767071271932,0.12394143235939681,0.2538513968628063
19,vs_s,32,-0.1732676799614146,35.40684583557685,19.049045592381272,29.91083542687398,6.313178251805617,0.21301340131268787,0.13186767071271932,0.12394143235939681,0.2538513968628063
19,vs_s,33,0.12247166989475776,108.28440855077682,6.810250562880571,35.807111747134115,18.59355988589638,0.21301340131268787,0.13186767071271932,0.12394143235939681,0.2538513968628063
19,vs_s,34,-0.33039955162008156,20.68495748605544,13.794164534579757,5.80770529705105,13.544060538878105,0.21301340131268787,0.13186767071271932,0.12394143235939681,0.2538513968628063
19,vs_s,35,0.4922479155055733,68.61492194447972,20.96941795473419,6.517660123546226,11.80083945629803,0.21301340131268787,0.13186767071271932,0.12394143235939681,0.2538513968628063
19,vs_s,36,-0.43157893564972666,6.089110035248397,5.751987656410131,7.188936942483359,2.520657021421809,0.21301340131268787,0.13186767071271932,0.12394143235939681,0.2538513968628063
19,vs_s,37,0.3234010847679808,137.23379469891177,36.06526991142551,29.041325257172055,31.12945107255389,0.21301340131268787,0.13186767071271932,0.12394143235939681,0.2538513968628063
19,vs_s,38,0.2534161191989502,88.58865841595146,11.056693723382777,6.850113306347374,24.636325263351534,0.21301340131268787,0.13186767071271932,0.12394143235939681,0.2538513968628063
19,vs_s,39,-0.037370641564300845,9.244055930143318,5.3698791749417145,6.713630975206344,1.988704600057869,0.21301340131268787,0.13186767071271932,0.12394143235939681,0.2538513968628063
19,vs_s,40,-0.5403873718921683,35.4894086271728,13.181443444995708,35.60376274439958,18.393294403652597,0.21301340131268787,0.13186767071271932,0.12394143235939681,0.2538513968628063
19,vs_s,41,0.21516000399243088,60.40013893267791,27.560683297876672,15.004170750269566,16.873708587036777,0.21301340131268787,0.13186767071271932,0.12394143235939681,0.2538513968628063
19,vs_s,42,-0.2677849016326261,101.93097157538637,22.121735050254767,48.85710448982061,77.15515193104501,0.21301340131268787,0.13186767071271932,0.12394143235939681,0.2538513968628063
19,vs_s,43,0.7196239492231706,18.497455612956834,11.799069587438272,20.87752804630162,9.308030023281066,0.21301340131268787,0.13186767071271932,0.12394143235939681,0.2538513968628063
19,vs_s,44,-0.29162147274563227,15.36766726762569,3.175695220825675,4.993418914052447,5.002797053536119,0.21301340131268787,0.13186767071271932,0.12394143235939681,0.2538513968628063
19,vs_s,45,0.330412252644551,17.30805002036735,11.733869510111939,12.371576726164184,10.188221243798303,0.21301340131268787,0.13186767071271932,0.12394143235939681,0.2538513968628063
19,vs_s,46,0.2833989117352755,52.66026245272358,11.233315580815317,5.69679517954617,1.8485671572399853,0.21301340131268787,0.13186767071271932,0.12394143235939681,0.2538513968628063
19,vs_s,47,-0.41209566640270995,40.724505128874306,10.056879419409343,32.66739995413617,13.193635267167968,0.21301340131268787,0.13186767071271932,0.12394143235939681,0.2538513968628063
19,vs_s,48,-0.15224125373865183,7.726771284818364,6.146636616891936,1.2271554607791706,3.2506160368253902,0.21301340131268787,0.13186767071271932,0.12394143235939681,0.2538513968628063
19,vs_s,49,0.09125913524703154,48.89049569799114,5.844276214532999,18.375568912905663,7.091649333560276,0.21301340131268787,0.13186767071271932,0.12394143235939681,0.2538513968628063
19,vs_s,50,0.307000232475238,41.475596794347425,3.287303448951855,8.006297354999623,11.10711265506209,0.21301340131268787,0.13186767071271932,0.12394143235939681,0.2538513968628063
19,vs_s,52,0.9234946657734888,44.465067122137455,12.466021944165552,13.07240215255377,17.910991184039595,0.21301340131268787,0.13186767071271932,0.12394143235939681,0.2538513968628063
19,vs_s,53,-0.2961598913200568,59.09391593776619,13.57823014863282,4.182425751171012,12.227876049201495,0.21301340131268787,0.13186767071271932,0.12394143235939681,0.2538513968628063
19,vs_s,54,0.2699715012627185,9.266995381723895,3.355176637402581,12.345063273105097,6.577255595254425,0.21301340131268787,0.13186767071271932,0.12394143235939681,0.2538513968628063
19,vs_s,55,0.6585237128943892,24.199787903176656,6.339555347240363,14.182230755164948,13.674226791883509,0.21301340131268787,0.13186767071271932,0.12394143235939681,0.2538513968628063
19,vs_s,56,0.06411260523406179,58.4609657273239,6.263778616624183,10.691576391032633,7.334101552982597,0.21301340131268787,0.13186767071271932,0.12394143235939681,0.2538513968628063
19,vs_s,57,0.04798003352736499,20.03692001148576,4.659082995194328,10.328800187618073,7.4387956513684435,0.21301340131268787,0.13186767071271932,0.12394143235939681,0.2538513968628063
19,vs_s,58,0.0536693200699386,2.367460091810931,2.0985176901495546,7.210410434518736,7.172703022095739,0.21301340131268787,0.13186767071271932,0.12394143235939681,0.2538513968628063
19,vs_s,59,0.10782812607719447,136.86380898702527,8.91780899654102,13.926081935665348,30.423193658584793,0.21301340131268787,0.13186767071271932,0.12394143235939681,0.2538513968628063
19,vs_s,60,-0.16711691514206437,185.42145853079674,19.831905595385038,11.937181678547205,25.471094894694446,0.21301340131268787,0.13186767071271932,0.12394143235939681,0.2538513968628063
20,is_s,2,0.15066651732751293,9.225704933011752,7.035969321262191,6.28392247145375,22.523833053997652,0.24478869557376604,0.16687970220145337,0.3294441208638563,0.27107894030250335
20,is_s,3,0.15044494749894413,1.0360534907139365,2.462819210594312,8.32674854688219,0.6632586908683764,0.24478869557376604,0.16687970220145337,0.3294441208638563,0.27107894030250335
20,is_s,4,-0.9674658975946321,15.912097878373688,9.128796379280168,47.24120002416487,89.94591196556634,0.24478869557376604,0.16687970220145337,0.3294441208638563,0.27107894030250335
20,is_s,5,-1.5152175673885313,33.590398319117256,22.32323145565586,115.6276910213067,43.7901137900811,0.24478869557376604,0.16687970220145337,0.3294441208638563,0.27107894030250335
20,is_s,6,0.24060549744961543,16.304440269929547,6.264117836319594,10.256192956671486,19.63886461531503,0.24478869557376604,0.16687970220145337,0.3294441208638563,0.27107894030250335
20,is_s,7,-0.20375717875310856,2.7751539650299115,4.731505703543843,23.39989709244259,2.921761769061566,0.24478869557376604,0.16687970220145337,0.3294441208638563,0.27107894030250335
20,is_s,8,-0.1344920707467966,3.2472410002390357,6.429565572895229,4.480348305755323,5.5620729462546,0.24478869557376604,0.16687970220145337,0.3294441208638563,0.27107894030250335
20,is_s,9,0.27470239783624567,19.501099022624842,12.61669356563275,7.1918187344410205,25.3637260029065,0.24478869557376604,0.16687970220145337,0.3294441208638563,0.27107894030250335
20,is_s,10,-0.15776931163591554,26.231767254275237,3.6980406369371988,5.316718274850337,12.806483801710677,0.24478869557376604,0.16687970220145337,0.3294441208638563,0.27107894030250335
20,is_s,12,-0.18949843866474955,23.828055197710842,6.39141169522517,4.628648262155518,2.355636981102568,0.24478869557376604,0.16687970220145337,0.3294441208638563,0.27107894030250335
20,is_s,13,0.5784695517936737,50.54324409954626,44.58509819017219,32.72041639622213,42.493918309587286,0.24478869557376604,0.16687970220145337,0.3294441208638563,0.27107894030250335
20,is_s,14,0.5421782400756826,54.964096790769645,5.796446026568522,20.854758293207137,32.35279843580305,0.24478869557376604,0.16687970220145337,0.3294441208638563,0.27107894030250335
20,is_s,15,0.5453152583244593,8.855090776619697,19.360118390977746,75.86875341121525,53.38551888223675,0.24478869557376604,0.16687970220145337,0.3294441208638563,0.27107894030250335
20,is_s,16,-0.851095451963679,5.062886184702508,5.870393655228898,14.383623684906848,16.576498286706123,0.24478869557376604,0.16687970220145337,0.3294441208638563,0.27107894030250335
20,is_s,17,-0.32452220865342435,24.684807023036445,9.925227587722805,14.517856506049975,21.066564183386326,0.24478869557376604,0.16687970220145337,0.3294441208638563,0.27107894030250335
20,is_s,18,-0.4835151586273197,28.452623567019653,5.830303493379059,11.17325276341313,12.137188247499552,0.24478869557376604,0.16687970220145337,0.3294441208638563,0.27107894030250335
20,is_s,19,-0.21819809427210904,11.433742884311918,2.48895486419229,6.707236674847128,1.773539550287914,0.24478869557376604,0.16687970220145337,0.3294441208638563,0.27107894030250335
20,is_s,20,-0.33265682503927435,6.711685007923868,3.494306819096451,21.128431977142316,15.006383854865945,0.24478869557376604,0.16687970220145337,0.3294441208638563,0.27107894030250335
20,is_s,21,-0.2256955937764768,9.785260282060364,5.500973329024965,25.81690305189339,13.326997712646776,0.24478869557376604,0.16687970220145337,0.3294441208638563,0.27107894030250335
20,is_s,22,-0.16916148804701614,15.264604350149952,4.923175498903401,16.391617887514887,26.43831574580611,0.24478869557376604,0.16687970220145337,0.3294441208638563,0.27107894030250335
20,is_s,23,-0.45617875651770623,5.971821231490102,7.637128398800328,4.82759989822462,17.8232041658782,0.24478869557376604,0.16687970220145337,0.3294441208638563,0.27107894030250335
20,is_s,24,0.2739029759259894,8.186497392516717,4.264970306501721,18.46903759208982,18.197513076023473,0.24478869557376604,0.16687970220145337,0.3294441208638563,0.27107894030250335
20,is_s,25,-0.540714460787155,12.21036134771593,10.632350408914146,34.37165740936762,17.388364062419623,0.24478869557376604,0.16687970220145337,0.3294441208638563,0.27107894030250335
20,is_s,26,0.06832640785011895,4.427536268547274,2.4319190897094796,17.006512757869743,23.13372398015899,0.24478869557376604,0.16687970220145337,0.3294441208638563,0.27107894030250335
20,is_s,27,-0.25467328772211206,5.626929392420027,3.8495060372600145,18.969691118213802,10.632711242767188,0.24478869557376604,0.16687970220145337,0.3294441208638563,0.27107894030250335
20,is_s,28,-0.2963030802807635,10.920126510282099,1.230400429486257,11.90207072106159,12.87522216373942,0.24478869557376604,0.16687970220145337,0.3294441208638563,0.27107894030250335
20,is_s,29,-0.10663898309218607,66.45637001888488,7.693903103513648,68.37360473058632,94.21165015916581,0.24478869557376604,0.16687970220145337,0.3294441208638563,0.27107894030250335
20,is_s,30,0.12042885771409483,9.736929340848048,5.215844768792413,3.1133327621294047,5.335865598362306,0.24478869557376604,0.16687970220145337,0.3294441208638563,0.27107894030250335
20,is_s,31,0.7676842817001078,20.804973511727376,5.927329360243168,19.499411187952976,19.593793414089568,0.24478869557376604,0.16687970220145337,0.3294441208638563,0.27107894030250335
20,is_s,32,-0.2161281447751347,3.4123966686752394,3.0533815204507015,25.041351676964936,13.444803019913875,0.24478869557376604,0.16687970220145337,0.3294441208638563,0.27107894030250335
20,is_s,33,-0.7418308641970401,13.081091760563282,5.954651206371117,12.40134651885138,19.93896945632222,0.24478869557376604,0.16687970220145337,0.3294441208638563,0.27107894030250335
20,is_s,34,0.9741587370412688,18.203469656774953,4.358174568569972,149.81357747598972,15.44559200155546,0.24478869557376604,0.16687970220145337,0.3294441208638563,0.27107894030250335
20,is_s,35,-0.6581078947571876,11.847227667162183,5.378606450053982,130.44820250024705,39.618888148202636,0.24478869557376604,0.16687970220145337,0.3294441208638563,0.27107894030250335
20,is_s,36,0.6364610059784582,1.2117267324965102,1.3401893739752484,33.41052188669433,9.557836581105649,0.24478869557376604,0.16687970220145337,0.3294441208638563,0.27107894030250335
20,is_s,37,0.7376166453105745,9.840839364154174,3.2050682293598434,35.457076537212274,8.803205111556712,0.24478869557376604,0.16687970220145337,0.3294441208638563,0.27107894030250335
20,is_s,38,0.4960231877329005,5.5552637120653605,6.099857236781271,23.940653286975696,6.731583352120236,0.24478869557376604,0.16687970220145337,0.3294441208638563,0.27107894030250335
20,is_s,39,-0.37089385643253553,12.935583595841685,5.288491157568291,30.45886802924709,17.365738324213893,0.24478869557376604,0.16687970220145337,0.3294441208638563,0.27107894030250335
20,is_s,40,0.7447737133829733,8.14631069920816,3.7735274503296834,7.967332890119963,3.745382312261721,0.24478869557376604,0.16687970220145337,0.3294441208638563,0.27107894030250335
20,is_s,41,-0.47709391988690153,5.037904619411179,1.2008959785838054,22.602429318124912,13.181716982659644,0.24478869557376604,0.16687970220145337,0.3294441208638563,0.27107894030250335
20,is_s,42,-0.056837229392204563,24.122225105276527,3.057764040358383,33.18329760847166,6.849236853459326,0.24478869557376604,0.16687970220145337,0.3294441208638563,0.27107894030250335
20,is_s,43,-0.04730859926777547,9.09384110918806,8.15258297373031,23.26955708628114,12.631567052858061,0.24478869557376604,0.16687970220145337,0.3294441208638563,0.27107894030250335
20,is_s,44,0.19277373209634982,19.11213890055935,11.87366159594333,11.810398234010933,12.904040390647486,0.24478869557376604,0.16687970220145337,0.3294441208638563,0.27107894030250335
20,is_s,45,-0.14429085147328968,16.938680606964386,1.2651359068423704,27.705256813911983,10.017511799865254,0.24478869557376604,0.16687970220145337,0.3294441208638563,0.27107894030250335
20,is_s,46,-0.07766104086339656,8.58556089597241,4.9257911104546,20.12804273284337,27.83790973975293,0.24478869557376604,0.16687970220145337,0.3294441208638563,0.27107894030250335
20,is_s,47,-0.12136214232159083,1.8152827281007602,3.8578144647160326,37.519169729063634,12.035862238488408,0.24478869557376604,0.16687970220145337,0.3294441208638563,0.27107894030250335
20,is_s,48,0.29459455026606063,5.816489332875405,3.566823394501227,215.84891995128626,37.973347125419785,0.24478869557376604,0.16687970220145337,0.3294441208638563,0.27107894030250335
20,is_s,49,-0.1733274031300157,9.252272937948142,3.426558360896642,12.602559472036853,8.046930208774087,0.24478869557376604,0.16687970220145337,0.3294441208638563,0.27107894030250335
20,is_s,50,-0.7899398108618452,18.902725902676035,6.570523325647571,34.316027910871185,19.87214784098263,0.24478869557376604,0.16687970220145337,0.3294441208638563,0.27107894030250335
20,is_s,51,0.5072551964068304,4.813083255115823,4.973965829046285,10.871788849669198,13.109249086310204,0.24478869557376604,0.16687970220145337,0.3294441208638563,0.27107894030250335
20,is_s,52,-0.30551149412791856,5.663906688030668,1.345028272731343,3.281062618887428,12.434649379150798,0.24478869557376604,0.16687970220145337,0.3294441208638563,0.27107894030250335
20,is_s,54,0.5030045885172159,15.70079064426915,4.4659528629798,58.77355246993171,30.83584328035227,0.24478869557376604,0.16687970220145337,0.3294441208638563,0.27107894030250335
20,is_s,55,-0.9018948541062042,39.27022895014015,10.40161200893892,3.5954509429414823,8.628070514275288,0.24478869557376604,0.16687970220145337,0.3294441208638563,0.27107894030250335
20,is_s,56,-0.18281988702502855,12.918722711834677,4.355440377164852,8.88361396840421,10.19644096324216,0.24478869557376604,0.16687970220145337,0.3294441208638563,0.27107894030250335
20,is_s,57,-0.16717768393355584,9.373477010120057,4.068546089933908,42.42556396163265,17.97796477394955,0.24478869557376604,0.16687970220145337,0.3294441208638563,0.27107894030250335
20,is_s,58,1.0605542636449377,4.269995889402455,6.692094655169363,36.065723262401406,9.53727062560303,0.24478869557376604,0.16687970220145337,0.3294441208638563,0.27107894030250335
20,is_s,59,-0.67512719573024,7.076166598992979,8.222192985444806,14.350459926716752,13.475416846528363,0.24478869557376604,0.16687970220145337,0.3294441208638563,0.27107894030250335
20,is_s,60,0.33535879009400926,33.262870167854345,18.25568689217386,40.07362106985898,13.795341080626564,0.24478869557376604,0.16687970220145337,0.3294441208638563,0.27107894030250335
20,vs_s,1,-0.1656604357466483,3.8610062431389482,2.125943173946792,9.404229980640487,2.2874760670554237,0.20097987245141005,0.12398411151549547,0.5794746141603795,0.4133380144475617
20,vs_s,2,-0.25434516074181945,5.584237724845422,3.652651715575858,14.417005861013607,14.373669750874209,0.20097987245141005,0.12398411151549547,0.5794746141603795,0.4133380144475617
20,vs_s,3,0.6235752440314362,10.892400144089004,2.9314311753562574,60.58491530818851,13.623471237236028,0.20097987245141005,0.12398411151549547,0.5794746141603795,0.4133380144475617
20,vs_s,4,0.05856320920338155,16.15920873114542,9.340212929953097,230.45369774839602,34.40581204300541,0.20097987245141005,0.12398411151549547,0.5794746141603795,0.4133380144475617
20,vs_s,5,-0.25463455121839496,8.90602819799287,1.4573320768383042,36.40145577322595,25.773030833140826,0.20097987245141005,0.12398411151549547,0.5794746141603795,0.4133380144475617
20,vs_s,6,-0.1118865542248023,2.60673028670155,8.355248829097228,6.962391435206618,1.2532039887500348,0.20097987245141005,0.12398411151549547,0.5794746141603795,0.4133380144475617
20,vs_s,7,0.6293004766988586,4.9015053746392185,8.538633713614704,22.634141428853372,8.444873069703613,0.20097987245141005,0.12398411151549547,0.5794746141603795,0.4133380144475617
20,vs_s,8,-0.4404519573238325,27.160435417044685,6.661085901156431,70.11363989027444,12.952421688017902,0.20097987245141005,0.12398411151549547,0.5794746141603795,0.4133380144475617
20,vs_s,9,0.24921063705696356,11.891644328392982,6.5623470375837405,58.81220853847236,20.476862459896758,0.20097987245141005,0.12398411151549547,0.5794746141603795,0.4133380144475617
20,vs_s,10,0.32110881156576704,10.28858221203134,2.6099300297679964,16.818361785819636,8.184305632547884,0.20097987245141005,0.12398411151549547,0.5794746141603795,0.4133380144475617
20,vs_s,11,-0.43434174310176493,25.607054481483367,6.4594089453629575,32.561450112661326,10.810512369242002,0.20097987245141005,0.12398411151549547,0.5794746141603795,0.4133380144475617
20,vs_s,12,0.38169327307952655,16.247663555427366,10.355764645148659,11.993385879576193,21.90810985850966,0.20097987245141005,0.12398411151549547,0.5794746141603795,0.4133380144475617
20,vs_s,13,-0.4558664476442975,6.029148694102603,4.7506019210670996,7.132788252507271,9.578579854535526,0.20097987245141005,0.12398411151549547,0.5794746141603795,0.4133380144475617
20,vs_s,14,-0.11572056684121736,4.662929518810204,3.4751667292656383,37.444609443271794,25.22633533435577,0.20097987245141005,0.12398411151549547,0.5794746141603795,0.4133380144475617
20,vs_s,15,0.21204588986174788,2.8679721032213945,1.9669091956688058,4.000416773995489,6.36547774466049,0.20097987245141005,0.12398411151549547,0.5794746141603795,0.4133380144475617
20,vs_s,16,-0.07457716502420786,19.34733646234975,20.27258003545775,3.9190367526072363,6.865986492866043,0.20097987245141005,0.12398411151549547,0.5794746141603795,0.4133380144475617
20,vs_s,17,-0.33269864610178634,5.303809778441034,2.1129192891864714,88.1178175322087,37.73701713678773,0.20097987245141005,0.12398411151549547,0.5794746141603795,0.4133380144475617
20,vs_s,18,-0.8038675847336195,6.575169949413424,3.1931303816637144,39.36683974293264,36.38429116702241,0.20097987245141005,0.12398411151549547,0.5794746141603795,0.4133380144475617
20,vs_s,19,0.49458503704420115,29.879494171579562,5.437532830942555,61.252541997727164,5.928508467287027,0.20097987245141005,0.12398411151549547,0.5794746141603795,0.4133380144475617
20,vs_s,20,-0.9860797333434994,5.775747984075694,5.901637315815137,42.94109712337493,33.115144033281624,0.20097987245141005,0.12398411151549547,0.5794746141603795,0.4133380144475617
20,vs_s,21,-0.10887442955286207,7.222049200424464,3.0921007694825056,2.6074408454399864,6.5539403421378,0.20097987245141005,0.12398411151549547,0.5794746141603795,0.4133380144475617
20,vs_s,22,-2.6435180698434304,27.468629090645084,14.515597393507472,172.98507730694516,78.83505322838829,0.20097987245141005,0.12398411151549547,0.5794746141603795,0.4133380144475617
20,vs_s,23,-0.12874551844609464,12.121397645813495,2.4136648122147832,7.557825828719734,19.75322829208811,0.20097987245141005,0.12398411151549547,0.5794746141603795,0.4133380144475617
20,vs_s,24,0.3675612371441819,14.032437871628444,3.2008004562312844,261.89941242873607,15.645733442643378,0.20097987245141005,0.12398411151549547,0.5794746141603795,0.4133380144475617
20,vs_s,25,0.7131591968750418,64.52742950019899,21.396202353507515,126.5855217407091,52.019003993437856,0.20097987245141005,0.12398411151549547,0.5794746141603795,0.4133380144475617
20,vs_s,26,1.9973716541509687,15.739624682046994,6.46855711634656,10.496030345830993,41.855002530183135,0.20097987245141005,0.12398411151549547,0.5794746141603795,0.4133380144475617
20,vs_s,27,-0.0782773236951019,5.8296633320830065,5.708362871039355,5.556845882360076,8.691035741644459,0.20097987245141005,0.12398411151549547,0.5794746141603795,0.4133380144475617
20,vs_s,28,0.5230234614482716,5.895306948436573,4.719210456621789,120.03436763073299,9.908187955289812,0.20097987245141005,0.12398411151549547,0.5794746141603795,0.4133380144475617
20,vs_s,29,-0.6152045348463826,11.153673812328865,5.922970342617464,37.84229980222651,18.91466783685447,0.20097987245141005,0.12398411151549547,0.5794746141603795,0.4133380144475617
20,vs_s,30,0.019459426689300268,25.154443467235808,5.61332864562842,150.1552820606637,42.72394219752603,0.20097987245141005,0.12398411151549547,0.5794746141603795,0.4133380144475617
20,vs_s,31,-0.14853852139110907,0.9299715812745037,4.349577171915933,33.80560792804406,10.925295873344957,0.20097987245141005,0.12398411151549547,0.5794746141603795,0.4133380144475617
20,vs_s,32,-0.8290366961102156,3.6880529915490032,8.570472763654765,28.383112850525173,6.984819207112235,0.20097987245141005,0.12398411151549547,0.5794746141603795,0.4133380144475617
20,vs_s,33,1.6478028459513647,20.39681304471239,12.407917039790785,435.1023625268827,24.419016818118436,0.20097987245141005,0.12398411151549547,0.5794746141603795,0.4133380144475617
20,vs_s,34,0.9845127800475835,29.782537155683464,5.425428467044896,20.13408337655102,52.715353353713965,0.20097987245141005,0.12398411151549547,0.5794746141603795,0.4133380144475617
20,vs_s,35,-0.8503960138480973,82.74121133051604,30.717101276228107,165.86495942684135,116.92566577353024,0.20097987245141005,0.12398411151549547,0.5794746141603795,0.4133380144475617
20,vs_s,36,-0.007157225720219932,9.104471622809669,7.139282187987485,86.6590230533223,48.92373624494345,0.20097987245141005,0.12398411151549547,0.5794746141603795,0.4133380144475617
20,vs_s,37,0.11812226536978161,1.0200611862021756,1.879203067181083,87.43898743276155,3.3649617137167604,0.20097987245141005,0.12398411151549547,0.5794746141603795,0.4133380144475617
20,vs_s,39,-0.06319133817807449,2.327751661059427,2.1701274371302786,7.635858367089328,6.72617667709511,0.20097987245141005,0.12398411151549547,0.5794746141603795,0.4133380144475617
20,vs_s,40,0.08654147769687788,12.289351310805145,8.634863838460388,232.23523775118977,84.07466208685938,0.20097987245141005,0.12398411151549547,0.5794746141603795,0.4133380144475617
20,vs_s,41,-0.17643753514282917,1.1082726021638187,2.9834707921285712,98.28663078281456,11.370240102951772,0.20097987245141005,0.12398411151549547,0.5794746141603795,0.4133380144475617
20,vs_s,42,0.15091721444857248,29.216214364349092,5.273847600298666,30.99911928995996,11.087279973438225,0.20097987245141005,0.12398411151549547,0.5794746141603795,0.4133380144475617
20,vs_s,43,-0.5501867777692988,29.239429713659774,8.414502956966485,95.03230681402866,68.24971595940507,0.20097987245141005,0.12398411151549547,0.5794746141603795,0.4133380144475617
20,vs_s,44,-1.0296157947937676,6.28290696803008,2.208061879190965,50.67924226606453,8.02359714121216,0.20097987245141005,0.12398411151549547,0.5794746141603795,0.4133380144475617
20,vs_s,45,0.8855447556918746,11.257719144365614,5.489738068318668,110.27716348935527,26.141495059718014,0.20097987245141005,0.12398411151549547,0.5794746141603795,0.4133380144475617
20,vs_s,46,0.4657701926246155,13.356612141511674,2.251890488023717,58.47793402222592,75.66689797054146,0.20097987245141005,0.12398411151549547,0.5794746141603795,0.4133380144475617
20,vs_s,47,0.3786954330497565,2.955165150033629,8.135996811878313,80.86270457834094,9.922631150589684,0.20097987245141005,0.12398411151549547,0.5794746141603795,0.4133380144475617
20,vs_s,48,0.5871101148354123,6.033934572523092,1.8133444999687403,48.0302158824384,9.326871969362333,0.20097987245141005,0.12398411151549547,0.5794746141603795,0.4133380144475617
20,vs_s,49,-0.10815002298198811,4.112187967506897,2.7069231572967123,14.452998592188226,3.04508207478846,0.20097987245141005,0.12398411151549547,0.5794746141603795,0.4133380144475617
20,vs_s,50,-0.7545652910428142,2.81157468818531,11.206003931937142,15.7049829801005,10.745645241104661,0.20097987245141005,0.12398411151549547,0.5794746141603795,0.4133380144475617
20,vs_s,51,0.36687269841361425,8.972127830053362,10.192885163657321,12.825367189695527,11.117308177418376,0.20097987245141005,0.12398411151549547,0.5794746141603795,0.4133380144475617
20,vs_s,52,0.40626059698651995,48.37441218959201,31.65432310481885,493.43184170196906,45.44022565996511,0.20097987245141005,0.12398411151549547,0.5794746141603795,0.4133380144475617
20,vs_s,53,1.021866839363834,7.798970621661766,5.256296658001756,5.47939859932537,5.102915560806893,0.20097987245141005,0.12398411151549547,0.5794746141603795,0.4133380144475617
20,vs_s,54,-0.6682681508744092,7.623460920642464,3.0618122263866043,52.81349868354365,12.841446769508751,0.20097987245141005,0.12398411151549547,0.5794746141603795,0.4133380144475617
20,vs_s,55,-0.1541038214385793,10.415685544254249,6.250006521465455,80.94774307394611,16.246505012044388,0.20097987245141005,0.12398411151549547,0.5794746141603795,0.4133380144475617
20,vs_s,56,1.0299583539186854,5.867873480428858,6.705885726585164,25.149516593715163,2.5946632612897087,0.20097987245141005,0.12398411151549547,0.5794746141603795,0.4133380144475617
20,vs_s,57,0.40766009946410803,13.721601570030774,5.1320662035376365,17.194001629375116,9.480362233924216,0.20097987245141005,0.12398411151549547,0.5794746141603795,0.4133380144475617
20,vs_s,58,0.3075381198174175,12.73169513720943,3.570564047596239,31.63059815727366,14.686591987433111,0.20097987245141005,0.12398411151549547,0.5794746141603795,0.4133380144475617
20,vs_s,59,0.16475698959058652,10.904322762419978,13.537810418801477,19.81189851073448,4.471390776744769,0.20097987245141005,0.12398411151549547,0.5794746141603795,0.4133380144475617
20,vs_s,60,-0.21677932752943085,23.049788826781146,7.364110121424996,18.821236235988412,8.024557632648637,0.20097987245141005,0.12398411151549547,0.5794746141603795,0.4133380144475617
