subject,condition,trial,meanAmplitude,Alpha_bandPower,Beta_bandPower,Delta_bandPower,Theta_bandPower,Alpha_bandITPC,Beta_bandITPC,Delta_bandITPC,Theta_bandITPC
2,ia_a,1,0.1438844143263914,2.405489182089631,5.597871988896633,29.764835740044617,19.687948092145007,0.22724348906291578,0.1175060724030728,0.3473304666548444,0.25028323775674327
2,ia_a,2,0.06073581321301843,2.4999413461685815,7.17760459007448,7.739434609643035,2.1230285848932016,0.22724348906291578,0.1175060724030728,0.3473304666548444,0.25028323775674327
2,ia_a,3,0.11681588722729921,8.349081510733562,6.720442282267841,0.8634925373570564,4.773817964502731,0.22724348906291578,0.1175060724030728,0.3473304666548444,0.25028323775674327
2,ia_a,4,0.517974530784984,2.1217824621660233,4.53714886462856,2.6078576925504984,5.017885928688798,0.22724348906291578,0.1175060724030728,0.3473304666548444,0.25028323775674327
2,ia_a,5,0.12201393844711003,4.678434267667047,3.1674756020472836,15.222869335208793,10.329030962205719,0.22724348906291578,0.1175060724030728,0.3473304666548444,0.25028323775674327
2,ia_a,6,-0.46275546458966565,2.505328782755006,6.106217300841797,0.9190943622397315,1.6551022261243238,0.22724348906291578,0.1175060724030728,0.3473304666548444,0.25028323775674327
2,ia_a,7,0.055195634021534275,5.910228183294728,5.591593120457192,3.0128543469491107,7.5295623645394025,0.22724348906291578,0.1175060724030728,0.3473304666548444,0.25028323775674327
2,ia_a,8,0.05175477254725688,4.745925836356813,1.8695847164952624,10.267526771608281,12.459752059495775,0.22724348906291578,0.1175060724030728,0.3473304666548444,0.25028323775674327
2,ia_a,9,-0.5071317631340452,6.402285632596367,1.5698398899774435,12.625387284602722,7.145996652695521,0.22724348906291578,0.1175060724030728,0.3473304666548444,0.25028323775674327
2,ia_a,10,-0.9191815467610404,62.40744345927616,8.325466780600662,131.19431006038522,53.93127581007515,0.22724348906291578,0.1175060724030728,0.3473304666548444,0.25028323775674327
2,ia_a,11,-0.7499762534185478,12.561405350958045,8.910385532524355,4.637517977776085,4.062592772517701,0.22724348906291578,0.1175060724030728,0.3473304666548444,0.25028323775674327
2,ia_a,12,-0.3685468269209069,12.46258407836534,8.254761749688145,54.65540567370314,22.212889098164617,0.22724348906291578,0.1175060724030728,0.3473304666548444,0.25028323775674327
2,ia_a,13,-0.47221897654593964,3.2995565873602004,6.318988885544109,4.7403188056167,3.1547608788305745,0.22724348906291578,0.1175060724030728,0.3473304666548444,0.25028323775674327
2,ia_a,14,0.3193926655697878,5.482224030921212,4.633431771779772,3.053996725953383,14.364248470947697,0.22724348906291578,0.1175060724030728,0.3473304666548444,0.25028323775674327
2,ia_a,15,-0.39359834194538107,2.4209362626160065,4.208209869930694,27.025386850664237,4.81242206225996,0.22724348906291578,0.1175060724030728,0.3473304666548444,0.25028323775674327
2,ia_a,16,0.7276621220322727,3.233883603486596,18.232859810082967,4.145348474721251,0.5096553902501604,0.22724348906291578,0.1175060724030728,0.3473304666548444,0.25028323775674327
2,ia_a,17,0.08990807741061439,7.124607466414585,7.237741461925011,18.10522150751963,10.82489651505324,0.22724348906291578,0.1175060724030728,0.3473304666548444,0.25028323775674327
2,ia_a,18,-0.47170310906342017,3.8334515691359208,5.588687950943284,8.32299027547496,5.503889733275231,0.22724348906291578,0.1175060724030728,0.3473304666548444,0.25028323775674327
2,ia_a,19,0.6257430205601263,12.695521603170993,10.731843583997968,28.07316202835602,5.726636459803898,0.22724348906291578,0.1175060724030728,0.3473304666548444,0.25028323775674327
2,ia_a,20,0.14405886557340325,8.94110401070865,10.723194505173621,6.341943349517002,11.459256348668886,0.22724348906291578,0.1175060724030728,0.3473304666548444,0.25028323775674327
2,ia_a,21,-0.32327312664916413,1.6019817149430458,3.383017730516603,7.266390463673892,4.737873532521323,0.22724348906291578,0.1175060724030728,0.3473304666548444,0.25028323775674327
2,ia_a,22,-0.271237938839868,1.42175341121937,2.5941320186477235,24.886453814061717,5.14325766951807,0.22724348906291578,0.1175060724030728,0.3473304666548444,0.25028323775674327
2,ia_a,23,-0.1580301199146582,0.9274574790070378,3.4731142611015606,5.233587282580271,9.641677214344925,0.22724348906291578,0.1175060724030728,0.3473304666548444,0.25028323775674327
2,ia_a,24,-0.24993936890074558,1.675516149325438,8.57655538916241,9.72838121097035,3.442631996532036,0.22724348906291578,0.1175060724030728,0.3473304666548444,0.25028323775674327
2,ia_a,25,-0.15183022326890508,13.011027083615769,5.371381900220717,31.517133837650178,5.768730877812741,0.22724348906291578,0.1175060724030728,0.3473304666548444,0.25028323775674327
2,ia_a,26,-0.3318108037235548,4.903656404430113,3.8113436121885034,20.199492354044505,12.93656485988788,0.22724348906291578,0.1175060724030728,0.3473304666548444,0.25028323775674327
2,ia_a,27,0.43288762318015567,0.8977947407766499,1.5297174456648952,2.6923033705488337,0.4428031073383259,0.22724348906291578,0.1175060724030728,0.3473304666548444,0.25028323775674327
2,ia_a,28,-0.289207313657324,10.857208094154984,4.91650922720597,19.386135858546805,16.28104063542956,0.22724348906291578,0.1175060724030728,0.3473304666548444,0.25028323775674327
2,ia_a,29,0.0811609096639745,3.2562858333892515,4.967273021668055,0.3234035186948591,1.6071233621880914,0.22724348906291578,0.1175060724030728,0.3473304666548444,0.25028323775674327
2,ia_a,30,-0.12752329939097273,1.8248127764283806,2.831655479720108,2.6678198804160913,1.5134702763468086,0.22724348906291578,0.1175060724030728,0.3473304666548444,0.25028323775674327
2,ia_a,31,-0.3010064420024167,0.7465760168431712,2.1784467084395773,4.387852249299779,0.9214439932176601,0.22724348906291578,0.1175060724030728,0.3473304666548444,0.25028323775674327
2,ia_a,32,-0.2325226646709292,2.5248700188368325,1.2646456314334928,13.290272151960803,15.23802500477909,0.22724348906291578,0.1175060724030728,0.3473304666548444,0.25028323775674327
2,ia_a,33,-0.562040975385413,2.349804055169348,3.1138711618484924,12.169249389824842,15.055321371155834,0.22724348906291578,0.1175060724030728,0.3473304666548444,0.25028323775674327
2,ia_a,34,0.13447654980368484,22.91800699939808,20.062012336895506,5.32500982427035,10.34198047678425,0.22724348906291578,0.1175060724030728,0.3473304666548444,0.25028323775674327
2,ia_a,35,-0.04310137234683575,4.113746129641124,2.777160472841343,1.346948701995831,3.5912094644514228,0.22724348906291578,0.1175060724030728,0.3473304666548444,0.25028323775674327
2,ia_a,36,0.1300162948926551,1.696233019572184,6.107998359281631,12.570741765918207,8.41269725274174,0.22724348906291578,0.1175060724030728,0.3473304666548444,0.25028323775674327
2,ia_a,37,0.433793111019834,15.536440841686115,26.619864182894567,162.21383546466234,35.395400502415384,0.22724348906291578,0.1175060724030728,0.3473304666548444,0.25028323775674327
2,ia_a,38,-0.16504196090806453,4.20423788671271,6.787117369227587,11.905355734867898,4.32563286124911,0.22724348906291578,0.1175060724030728,0.3473304666548444,0.25028323775674327
2,ia_a,39,-0.1802575414066521,3.3571440167064077,6.3894694855901815,7.302962898106582,6.515353825205415,0.22724348906291578,0.1175060724030728,0.3473304666548444,0.25028323775674327
2,ia_a,40,-0.16453579474878882,7.49489740891198,5.937387585723064,45.899819164591186,29.530563847603023,0.22724348906291578,0.1175060724030728,0.3473304666548444,0.25028323775674327
2,ia_a,41,0.053335631744982,6.43315840537011,5.708314905806406,11.143722075933836,12.030137352981916,0.22724348906291578,0.1175060724030728,0.3473304666548444,0.25028323775674327
2,ia_a,42,-0.983566884593645,17.51596675479804,8.90102870487575,17.55794076942548,6.914200233535947,0.22724348906291578,0.1175060724030728,0.3473304666548444,0.25028323775674327
2,ia_a,43,0.29079951796838893,15.496140705655558,2.2514805055452825,1.8507983804481545,19.87085401176065,0.22724348906291578,0.1175060724030728,0.3473304666548444,0.25028323775674327
2,ia_a,44,-0.024823460760367577,4.592681383370347,4.90914184084772,5.175644618293614,3.0372829756415936,0.22724348906291578,0.1175060724030728,0.3473304666548444,0.25028323775674327
2,ia_a,45,-0.12558846263227835,2.2595008637922893,3.4784381124784867,14.780252491434714,8.076868076387365,0.22724348906291578,0.1175060724030728,0.3473304666548444,0.25028323775674327
2,ia_a,46,-0.28898223645503307,9.778872408524853,15.01231656521659,11.63612515778764,3.736341153527826,0.22724348906291578,0.1175060724030728,0.3473304666548444,0.25028323775674327
2,ia_a,47,-0.19779768922573918,1.3898798787887705,7.72500210742178,2.3077909956380607,3.100196691893024,0.22724348906291578,0.1175060724030728,0.3473304666548444,0.25028323775674327
2,ia_a,48,-0.11636318220492374,2.528136516750455,2.4202108905717754,13.478548295778271,5.658010328885392,0.22724348906291578,0.1175060724030728,0.3473304666548444,0.25028323775674327
2,ia_a,49,-0.9235155437393591,4.768485111113989,2.8780605494607214,5.450408377516143,5.156972592874775,0.22724348906291578,0.1175060724030728,0.3473304666548444,0.25028323775674327
2,ia_a,51,0.17260793436664318,3.4316503442314716,3.4512539164555065,7.02619962919826,6.598599126077937,0.22724348906291578,0.1175060724030728,0.3473304666548444,0.25028323775674327
2,ia_a,52,-0.6769359739852705,3.6690892544374885,6.164599800779285,18.801143211198635,29.860320637949023,0.22724348906291578,0.1175060724030728,0.3473304666548444,0.25028323775674327
2,ia_a,54,-0.42522129200600567,2.7737354404381587,13.379740477194302,2.539621039989417,5.093462602050397,0.22724348906291578,0.1175060724030728,0.3473304666548444,0.25028323775674327
2,ia_a,55,-0.4001552682150769,13.070012573633894,18.178090168231215,19.72750631318003,13.55394396741826,0.22724348906291578,0.1175060724030728,0.3473304666548444,0.25028323775674327
2,ia_a,56,-0.276656006468646,2.4684615759079422,5.408312995998496,8.845648118057944,5.149505986713056,0.22724348906291578,0.1175060724030728,0.3473304666548444,0.25028323775674327
2,ia_a,57,-0.2798889057806629,7.172965341729213,2.866975072627476,19.704448029753685,8.988630673502922,0.22724348906291578,0.1175060724030728,0.3473304666548444,0.25028323775674327
2,ia_a,58,0.7706673799255621,5.753070341115212,2.8150623866638687,46.28831110163111,20.474402034807998,0.22724348906291578,0.1175060724030728,0.3473304666548444,0.25028323775674327
2,ia_a,59,0.15048853385549624,5.302522409625856,3.0161907167570234,13.631960014215538,13.03464755549188,0.22724348906291578,0.1175060724030728,0.3473304666548444,0.25028323775674327
2,ia_a,60,-0.18733911489419808,6.654046447372061,3.0318899652616147,1.138459558315262,5.2285011622737665,0.22724348906291578,0.1175060724030728,0.3473304666548444,0.25028323775674327
2,va_a,1,-0.41089302796628807,5.781778639336146,1.9360344631598836,2.2949123630067283,2.6187533180879217,0.15383117290346174,0.11360040544885207,0.25911664827521236,0.11064774516280844
2,va_a,2,-0.031135385803551897,0.9037203807385371,1.5318798323074259,6.157239743411517,5.7863149541058165,0.15383117290346174,0.11360040544885207,0.25911664827521236,0.11064774516280844
2,va_a,3,0.16560584631303965,9.707538409790443,13.814823448980409,1.2955408963310464,6.294665675940163,0.15383117290346174,0.11360040544885207,0.25911664827521236,0.11064774516280844
2,va_a,4,-0.1553350917589883,14.458382471452703,4.90613318431109,1.5426863066349392,2.627294558323033,0.15383117290346174,0.11360040544885207,0.25911664827521236,0.11064774516280844
2,va_a,5,0.9134939166106901,3.6603259919993976,20.238719646560174,11.975417928755396,9.788626528201144,0.15383117290346174,0.11360040544885207,0.25911664827521236,0.11064774516280844
2,va_a,6,0.24445621792162608,13.012414678596626,3.8648513529192887,9.21973487097864,32.610648267602954,0.15383117290346174,0.11360040544885207,0.25911664827521236,0.11064774516280844
2,va_a,7,-0.04201490938272686,11.114111108848034,5.173785433572976,3.236240281554107,4.457645087844113,0.15383117290346174,0.11360040544885207,0.25911664827521236,0.11064774516280844
2,va_a,8,-0.121094489775388,8.080919137111666,3.8235421231861118,2.729761350919054,8.986846923996705,0.15383117290346174,0.11360040544885207,0.25911664827521236,0.11064774516280844
2,va_a,9,-0.6116064527210203,7.939670277184753,4.775217405547533,18.418465693558293,7.305707323588827,0.15383117290346174,0.11360040544885207,0.25911664827521236,0.11064774516280844
2,va_a,10,0.14800027936811053,1.158914613209033,1.5160425599301979,8.29977321013929,1.6074487098701797,0.15383117290346174,0.11360040544885207,0.25911664827521236,0.11064774516280844
2,va_a,11,0.26297493649865283,0.5410576852811144,2.4439263780372507,0.6854835115447772,0.7521309828642823,0.15383117290346174,0.11360040544885207,0.25911664827521236,0.11064774516280844
2,va_a,12,0.11578862337949834,26.060894685109442,18.842555582314844,11.944540879018799,45.61293307776086,0.15383117290346174,0.11360040544885207,0.25911664827521236,0.11064774516280844
2,va_a,13,0.019151335822562923,2.846610519386093,3.06838263882472,0.6352091011575954,0.9408507457448337,0.15383117290346174,0.11360040544885207,0.25911664827521236,0.11064774516280844
2,va_a,14,-0.4510536865087127,1.7110982228943759,1.1915694055941386,8.55141088493669,13.26859932248042,0.15383117290346174,0.11360040544885207,0.25911664827521236,0.11064774516280844
2,va_a,15,-0.13369499335504095,4.486822643470612,6.130545263118276,7.993396674299353,8.780083032023908,0.15383117290346174,0.11360040544885207,0.25911664827521236,0.11064774516280844
2,va_a,16,0.36814984405850953,5.766900834800896,8.03825675370324,24.172741527049045,4.0747112120010245,0.15383117290346174,0.11360040544885207,0.25911664827521236,0.11064774516280844
2,va_a,17,-0.0809331310834959,9.604750891518066,7.161176332016982,8.90472698137135,12.843196490933174,0.15383117290346174,0.11360040544885207,0.25911664827521236,0.11064774516280844
2,va_a,18,-0.2055561728903934,19.9768809757759,13.30201607534401,34.35038458710784,8.560818044820333,0.15383117290346174,0.11360040544885207,0.25911664827521236,0.11064774516280844
2,va_a,19,-0.22486037609952186,3.5610019727493833,5.894231688866916,10.719827181781811,6.344575881160985,0.15383117290346174,0.11360040544885207,0.25911664827521236,0.11064774516280844
2,va_a,20,0.5447014921853787,4.985121719535427,7.047751251809536,5.017589136185632,7.605929912231974,0.15383117290346174,0.11360040544885207,0.25911664827521236,0.11064774516280844
2,va_a,21,-0.8422771648086849,27.24881869676933,6.03714978787066,42.892401079996446,79.89687366395546,0.15383117290346174,0.11360040544885207,0.25911664827521236,0.11064774516280844
2,va_a,22,0.4057347638396937,17.65763583420781,11.502068100330664,1.7823173822188243,1.9992165766467191,0.15383117290346174,0.11360040544885207,0.25911664827521236,0.11064774516280844
2,va_a,23,-0.7033180553420987,6.247895406097603,5.068356148744099,23.182855412981663,17.76351045106157,0.15383117290346174,0.11360040544885207,0.25911664827521236,0.11064774516280844
2,va_a,24,-0.033557666065871065,3.0093297454107946,4.10992597039531,7.767140672662082,1.8056931717678226,0.15383117290346174,0.11360040544885207,0.25911664827521236,0.11064774516280844
2,va_a,25,-0.5748900349688173,17.076289341062573,18.533324156113327,71.25213022061084,41.164428273515256,0.15383117290346174,0.11360040544885207,0.25911664827521236,0.11064774516280844
2,va_a,26,-0.009905006064150231,5.971244842143488,9.221287732279125,12.092345187154885,14.343896927177303,0.15383117290346174,0.11360040544885207,0.25911664827521236,0.11064774516280844
2,va_a,27,0.1202312831579049,2.763562004321066,3.726289861360096,10.269242016613411,8.081694527276513,0.15383117290346174,0.11360040544885207,0.25911664827521236,0.11064774516280844
2,va_a,28,0.12349357411746588,3.0722190608277877,7.2972367993424845,9.012882161648019,14.711049383563529,0.15383117290346174,0.11360040544885207,0.25911664827521236,0.11064774516280844
2,va_a,29,-0.3962768174017461,7.170750977309504,10.689473891701585,2.5535855786531965,3.009028709533093,0.15383117290346174,0.11360040544885207,0.25911664827521236,0.11064774516280844
2,va_a,30,0.2420649820903867,1.4265262999134722,2.787197500664205,5.684088079064526,4.132566887269175,0.15383117290346174,0.11360040544885207,0.25911664827521236,0.11064774516280844
2,va_a,31,0.2695625429235597,2.9756135307628586,2.767414386542775,9.444167351089488,4.039005097748818,0.15383117290346174,0.11360040544885207,0.25911664827521236,0.11064774516280844
2,va_a,32,-0.7404899839412459,2.9943604586069936,11.051091877560536,21.283676915762115,9.474603318894067,0.15383117290346174,0.11360040544885207,0.25911664827521236,0.11064774516280844
2,va_a,33,-0.35082915018543953,4.607727952409945,4.765261119360418,3.6215372056952746,5.204015717797452,0.15383117290346174,0.11360040544885207,0.25911664827521236,0.11064774516280844
2,va_a,34,0.816515194033044,3.034568736444723,9.497928337991619,13.081857744208905,3.298210128201806,0.15383117290346174,0.11360040544885207,0.25911664827521236,0.11064774516280844
2,va_a,35,0.32412325083804516,6.307589887576685,16.783768779903532,62.83621487186671,15.891613244591852,0.15383117290346174,0.11360040544885207,0.25911664827521236,0.11064774516280844
2,va_a,36,0.43635159389861444,5.45190816906609,2.0560716677888107,37.73113208330912,29.774888537571588,0.15383117290346174,0.11360040544885207,0.25911664827521236,0.11064774516280844
2,va_a,37,-0.3272919960632303,1.1096884718015456,2.4902887260797826,6.74932144269887,6.231338119748083,0.15383117290346174,0.11360040544885207,0.25911664827521236,0.11064774516280844
2,va_a,38,0.11678446770256351,5.324890297629502,9.172350708413791,29.711039296471306,5.921568914802231,0.15383117290346174,0.11360040544885207,0.25911664827521236,0.11064774516280844
2,va_a,39,0.1311635160363977,3.471443731674327,5.190933551082206,5.380584035742059,7.3007831141215345,0.15383117290346174,0.11360040544885207,0.25911664827521236,0.11064774516280844
2,va_a,40,-0.10863723471642313,12.942133504011512,12.834925382982009,7.43727121473812,12.032601054599997,0.15383117290346174,0.11360040544885207,0.25911664827521236,0.11064774516280844
2,va_a,41,0.37460896738469224,8.978422516777977,3.1492309220590275,35.01824677450032,47.017354146834656,0.15383117290346174,0.11360040544885207,0.25911664827521236,0.11064774516280844
2,va_a,42,-0.0035454566946449533,12.626015649569991,4.674167619531898,3.8423319988678615,16.0786225861081,0.15383117290346174,0.11360040544885207,0.25911664827521236,0.11064774516280844
2,va_a,43,0.36288663979058466,2.7011815680368287,5.159107758410637,7.811295589317743,6.223544826170706,0.15383117290346174,0.11360040544885207,0.25911664827521236,0.11064774516280844
2,va_a,44,-0.004761350929958739,1.2973139781257783,1.504978658035093,1.436932335073412,1.6714999118417213,0.15383117290346174,0.11360040544885207,0.25911664827521236,0.11064774516280844
2,va_a,45,0.14865392552234308,7.2813722992672085,12.997724842237108,25.696180374158974,9.46235782813226,0.15383117290346174,0.11360040544885207,0.25911664827521236,0.11064774516280844
2,va_a,46,-0.13814558755108775,7.263248688844401,2.57032653384008,29.04695280075134,26.00464870662733,0.15383117290346174,0.11360040544885207,0.25911664827521236,0.11064774516280844
2,va_a,47,-0.25887742549933984,4.3104492129727685,11.864535961228643,9.504208417435892,3.0986192433326027,0.15383117290346174,0.11360040544885207,0.25911664827521236,0.11064774516280844
2,va_a,48,-0.26325672219578616,4.049279618080836,7.847367922555249,0.7515154096740881,3.114159091769241,0.15383117290346174,0.11360040544885207,0.25911664827521236,0.11064774516280844
2,va_a,49,-0.33494572212156937,14.093246864168204,9.215992993422752,13.446511494912325,25.872057616953317,0.15383117290346174,0.11360040544885207,0.25911664827521236,0.11064774516280844
2,va_a,50,-1.1792342869880945,24.116673246166105,9.212371340989383,58.643870065373115,29.57213541553318,0.15383117290346174,0.11360040544885207,0.25911664827521236,0.11064774516280844
2,va_a,51,0.4671277545918421,4.731075926376862,0.6998448239731022,1.2489744127822113,5.553744654912737,0.15383117290346174,0.11360040544885207,0.25911664827521236,0.11064774516280844
2,va_a,52,0.2461826034988042,7.347075562318799,6.379189185465734,0.9968283275434586,2.3431253851508185,0.15383117290346174,0.11360040544885207,0.25911664827521236,0.11064774516280844
2,va_a,53,-0.27487666281423906,8.230051084096544,5.422762523900665,37.44862906486112,13.159944463127442,0.15383117290346174,0.11360040544885207,0.25911664827521236,0.11064774516280844
2,va_a,54,0.3043700628143536,11.297528477329813,9.71069065268028,1.0217176941292383,5.504416212843613,0.15383117290346174,0.11360040544885207,0.25911664827521236,0.11064774516280844
2,va_a,55,-0.33710838477711796,17.191739030503438,7.959314124146769,21.14258479919769,5.107574047511822,0.15383117290346174,0.11360040544885207,0.25911664827521236,0.11064774516280844
2,va_a,56,-0.6255767319820306,7.329222649131871,0.9346819845377631,11.272440054609683,18.78816254066377,0.15383117290346174,0.11360040544885207,0.25911664827521236,0.11064774516280844
2,va_a,57,-0.7114620161070311,6.31364415656627,3.4538717575309263,34.949708096036176,36.57607379706946,0.15383117290346174,0.11360040544885207,0.25911664827521236,0.11064774516280844
2,va_a,58,-0.2647789595498194,2.0859510644784067,7.1043292846703805,9.16002698121821,10.03460169069057,0.15383117290346174,0.11360040544885207,0.25911664827521236,0.11064774516280844
2,va_a,59,0.06487913592281314,1.6766188289095398,3.609058927140081,5.5086161054291,2.299552810675798,0.15383117290346174,0.11360040544885207,0.25911664827521236,0.11064774516280844
2,va_a,60,0.040139515455592883,4.866666793278493,3.4874324450014873,1.1130428675916568,5.0042910437780925,0.15383117290346174,0.11360040544885207,0.25911664827521236,0.11064774516280844
3,ia_a,2,0.02398104557052558,10.10091084101936,2.903214611032028,16.094439807048413,5.124184060145973,0.22358952263714477,0.15729707466146378,0.13171086730270024,0.18781848949821275
3,ia_a,3,0.09400747858095043,1.833169097063594,1.5274514915948265,3.5775563265108485,2.5189799058432687,0.22358952263714477,0.15729707466146378,0.13171086730270024,0.18781848949821275
3,ia_a,4,0.03408599627493448,1.9140837074055772,3.2982863273530305,0.7260397529529159,0.5250979165183268,0.22358952263714477,0.15729707466146378,0.13171086730270024,0.18781848949821275
3,ia_a,5,-0.7497619808360786,5.217238586334758,3.304940475262023,23.448924015212572,16.064372008365453,0.22358952263714477,0.15729707466146378,0.13171086730270024,0.18781848949821275
3,ia_a,6,0.2273811357817163,4.961571264710244,7.088628966190396,5.377560022994403,4.141771804176441,0.22358952263714477,0.15729707466146378,0.13171086730270024,0.18781848949821275
3,ia_a,7,-0.24125287627532166,13.116585785905732,4.65703430101364,18.1119143256475,8.123947560403844,0.22358952263714477,0.15729707466146378,0.13171086730270024,0.18781848949821275
3,ia_a,8,0.23378321103957364,3.3973573657965566,2.956167141952381,15.3453446815903,4.377510032756818,0.22358952263714477,0.15729707466146378,0.13171086730270024,0.18781848949821275
3,ia_a,9,-0.4707996066393301,4.442181976808107,2.5618431349133877,13.271183508957678,2.630563636259299,0.22358952263714477,0.15729707466146378,0.13171086730270024,0.18781848949821275
3,ia_a,10,-0.056181546971891975,7.285819523862625,1.5360589501646058,4.474973193281691,5.935629432281622,0.22358952263714477,0.15729707466146378,0.13171086730270024,0.18781848949821275
3,ia_a,11,0.2392548771371847,2.502981485422036,1.7436061062148585,0.6592318853941627,2.54999149318101,0.22358952263714477,0.15729707466146378,0.13171086730270024,0.18781848949821275
3,ia_a,12,-0.28981842899772375,1.5622135304206235,4.521468783300188,4.070176354457657,1.202054335502614,0.22358952263714477,0.15729707466146378,0.13171086730270024,0.18781848949821275
3,ia_a,13,-0.045829363978586335,12.172974595559085,6.593836206506527,7.59946164406009,6.854204019316145,0.22358952263714477,0.15729707466146378,0.13171086730270024,0.18781848949821275
3,ia_a,14,0.33974025630569804,2.3171559057639746,1.8074108848931432,2.212657613597148,4.0435345672940075,0.22358952263714477,0.15729707466146378,0.13171086730270024,0.18781848949821275
3,ia_a,15,0.07832945902906947,6.292499461240611,1.7147093066853343,1.1465135046150816,0.839007470520273,0.22358952263714477,0.15729707466146378,0.13171086730270024,0.18781848949821275
3,ia_a,16,0.5121740993013429,4.935752391488045,1.4898306529953895,0.6870661514856732,5.5905420739277245,0.22358952263714477,0.15729707466146378,0.13171086730270024,0.18781848949821275
3,ia_a,17,-0.5805840877850763,3.890869613803297,0.7745727822807575,6.321656055323221,2.4238974278024488,0.22358952263714477,0.15729707466146378,0.13171086730270024,0.18781848949821275
3,ia_a,18,-0.09526789807000445,6.031994003601156,1.099024665577415,5.629103766621198,11.62855480097834,0.22358952263714477,0.15729707466146378,0.13171086730270024,0.18781848949821275
3,ia_a,19,-0.5689758235799643,27.53895331290227,4.046948767683359,15.11651516795942,10.8748800277784,0.22358952263714477,0.15729707466146378,0.13171086730270024,0.18781848949821275
3,ia_a,20,-0.5202145307674557,0.902723821053296,1.4468522932011711,4.213652424596457,1.210835200631453,0.22358952263714477,0.15729707466146378,0.13171086730270024,0.18781848949821275
3,ia_a,21,-0.22881760328103634,1.45945955250162,2.800704750953458,4.397076287172878,5.83761915776017,0.22358952263714477,0.15729707466146378,0.13171086730270024,0.18781848949821275
3,ia_a,22,0.09111510693075647,20.699877387436747,3.5855141622223976,13.074556066958847,5.1274176371616065,0.22358952263714477,0.15729707466146378,0.13171086730270024,0.18781848949821275
3,ia_a,23,-0.8177043245999387,0.9335312757756198,3.349661594558562,5.221241816529271,5.59282884170483,0.22358952263714477,0.15729707466146378,0.13171086730270024,0.18781848949821275
3,ia_a,24,-0.0171794506574062,10.784159526861234,2.267161540796172,14.490375250730589,10.467436872707228,0.22358952263714477,0.15729707466146378,0.13171086730270024,0.18781848949821275
3,ia_a,25,-0.08161433628079612,3.4191032368237853,1.7595606971916404,3.9413939435579652,3.5540371612600743,0.22358952263714477,0.15729707466146378,0.13171086730270024,0.18781848949821275
3,ia_a,26,-0.36352675744631374,11.462691016814086,5.330573555034576,4.2873255874096685,2.865129991465936,0.22358952263714477,0.15729707466146378,0.13171086730270024,0.18781848949821275
3,ia_a,27,0.3921539437118793,2.798861306171329,1.7325928770203913,3.5651913782303715,4.091116202836598,0.22358952263714477,0.15729707466146378,0.13171086730270024,0.18781848949821275
3,ia_a,29,-0.5236541044134629,0.5378212539668145,1.8452360799267846,2.285828331797351,3.393849406071167,0.22358952263714477,0.15729707466146378,0.13171086730270024,0.18781848949821275
3,ia_a,30,0.02632462333251568,7.939522312713333,0.7724431997191211,9.262272435473939,4.558116987504337,0.22358952263714477,0.15729707466146378,0.13171086730270024,0.18781848949821275
3,ia_a,32,-0.4863684201367385,0.8778410965085921,0.3946778739813148,0.35476508239498905,0.5824241224672669,0.22358952263714477,0.15729707466146378,0.13171086730270024,0.18781848949821275
3,ia_a,33,-0.08214337556402618,9.86793891436325,3.551585477982279,3.693514976726162,16.607656771087598,0.22358952263714477,0.15729707466146378,0.13171086730270024,0.18781848949821275
3,ia_a,34,0.45085766413710593,2.521965745427397,3.963838311430743,14.367298536854772,4.524263606129532,0.22358952263714477,0.15729707466146378,0.13171086730270024,0.18781848949821275
3,ia_a,35,-0.012569842170902314,3.595961168942417,1.0844400223427253,6.292404977982157,1.7606674651911283,0.22358952263714477,0.15729707466146378,0.13171086730270024,0.18781848949821275
3,ia_a,36,0.46159774960544553,5.554280392359011,3.0421514641186995,36.20567368101361,25.572938684558704,0.22358952263714477,0.15729707466146378,0.13171086730270024,0.18781848949821275
3,ia_a,37,-0.31129146764912297,1.0484963367525735,2.105007001940968,6.444832159527651,3.7768729082012906,0.22358952263714477,0.15729707466146378,0.13171086730270024,0.18781848949821275
3,ia_a,38,0.1965091290027562,10.010928336369982,3.006292130544017,8.090343388030702,2.0361743631995495,0.22358952263714477,0.15729707466146378,0.13171086730270024,0.18781848949821275
3,ia_a,39,0.3777394805372278,7.534316341778116,2.0374717167935645,0.9487146845589282,1.4796751881859553,0.22358952263714477,0.15729707466146378,0.13171086730270024,0.18781848949821275
3,ia_a,40,0.027853813026525065,1.1632612502188406,1.8274102085937138,3.258998535359856,2.0701601063988244,0.22358952263714477,0.15729707466146378,0.13171086730270024,0.18781848949821275
3,ia_a,41,-0.12489977319566957,0.5272393023957298,1.8765769136290873,0.872033539842881,0.42085737935619866,0.22358952263714477,0.15729707466146378,0.13171086730270024,0.18781848949821275
3,ia_a,42,-0.18976340016526927,1.0319621681646474,0.7690678640081683,4.765821122786285,2.135212493389055,0.22358952263714477,0.15729707466146378,0.13171086730270024,0.18781848949821275
3,ia_a,43,-0.02501750764790293,6.153784203956244,1.2027120240954452,10.31406431347407,3.2486091433498316,0.22358952263714477,0.15729707466146378,0.13171086730270024,0.18781848949821275
3,ia_a,44,0.2716633163949328,2.300738096837786,2.0193804664843964,35.73265186469415,6.356126459152351,0.22358952263714477,0.15729707466146378,0.13171086730270024,0.18781848949821275
3,ia_a,45,0.06787584087265294,1.323744527299014,0.9000235804275358,4.332970941754322,2.481705665054872,0.22358952263714477,0.15729707466146378,0.13171086730270024,0.18781848949821275
3,ia_a,46,-0.008722455988831533,1.5275907584242008,2.7669935098696476,9.328824170805635,9.638605544781754,0.22358952263714477,0.15729707466146378,0.13171086730270024,0.18781848949821275
3,ia_a,47,-0.49094109748611653,2.2595665239373544,0.8956714376983016,2.298655375582828,0.9035147111304874,0.22358952263714477,0.15729707466146378,0.13171086730270024,0.18781848949821275
3,ia_a,48,0.1147615781939221,1.7672646105520537,1.6199635167150452,5.56579361333182,2.402208339986202,0.22358952263714477,0.15729707466146378,0.13171086730270024,0.18781848949821275
3,ia_a,49,0.10179230444913974,1.8693506302696978,1.6694316667257676,13.741902803763317,8.185833322790394,0.22358952263714477,0.15729707466146378,0.13171086730270024,0.18781848949821275
3,ia_a,50,0.5930976746046723,17.433779915010867,2.446482545200505,9.721233997555776,10.973618167472413,0.22358952263714477,0.15729707466146378,0.13171086730270024,0.18781848949821275
3,ia_a,51,0.34865264335481266,4.386792627568602,1.364624536147861,42.95710977387832,40.97205267622558,0.22358952263714477,0.15729707466146378,0.13171086730270024,0.18781848949821275
3,ia_a,52,-0.25215983965785016,9.701580561873385,3.201373446570148,21.260998795404678,9.590531327220221,0.22358952263714477,0.15729707466146378,0.13171086730270024,0.18781848949821275
3,ia_a,53,-0.05618209045760879,4.992462959162331,3.729209430258797,10.28738520990933,11.947687632366211,0.22358952263714477,0.15729707466146378,0.13171086730270024,0.18781848949821275
3,ia_a,54,0.27898220768113174,2.8307913592465375,1.9359292570410782,10.138785113509936,2.844049232020781,0.22358952263714477,0.15729707466146378,0.13171086730270024,0.18781848949821275
3,ia_a,55,0.28461558704341805,5.117234570825221,2.251531114184659,8.826327989527947,7.1463374913699145,0.22358952263714477,0.15729707466146378,0.13171086730270024,0.18781848949821275
3,ia_a,56,-0.5043812441461648,15.828051684367061,1.5281919778049513,3.3206130945949743,13.111612084781527,0.22358952263714477,0.15729707466146378,0.13171086730270024,0.18781848949821275
3,ia_a,57,0.19426122854875336,2.8034545658322876,1.6903914487438962,1.0837414878063851,1.6246565061094773,0.22358952263714477,0.15729707466146378,0.13171086730270024,0.18781848949821275
3,ia_a,58,-0.3447436152054362,3.0695688391761258,2.0860030749343,43.29619465481177,9.307143945762444,0.22358952263714477,0.15729707466146378,0.13171086730270024,0.18781848949821275
3,ia_a,59,0.19588814195571064,0.7519298504259893,0.7808639475155941,11.624550518784947,5.622606305267755,0.22358952263714477,0.15729707466146378,0.13171086730270024,0.18781848949821275
3,ia_a,60,0.3719509899321251,12.35599211145078,4.2288387880922365,14.819382309529836,9.507485646889563,0.22358952263714477,0.15729707466146378,0.13171086730270024,0.18781848949821275
3,va_a,1,-0.5222073094699577,1.5163322547821052,2.129919190098375,13.16118459035415,2.4660500421277525,0.08946388749172166,0.13809163893091106,0.15238268797813867,0.16880202165093214
3,va_a,2,-0.06097948615847936,1.2838326052447233,0.2609149749583289,2.204841357453684,3.893470499891242,0.08946388749172166,0.13809163893091106,0.15238268797813867,0.16880202165093214
3,va_a,3,-0.18133483301747982,5.727966685304215,2.167332994629412,4.929148397442877,13.138976360723849,0.08946388749172166,0.13809163893091106,0.15238268797813867,0.16880202165093214
3,va_a,4,-0.10407127607763147,0.6196340201717888,1.7349596428932312,4.0523553862154875,1.128231653875463,0.08946388749172166,0.13809163893091106,0.15238268797813867,0.16880202165093214
3,va_a,5,-0.1760826336339996,4.519665233825299,2.06200483801314,5.165289096688465,16.3555708933473,0.08946388749172166,0.13809163893091106,0.15238268797813867,0.16880202165093214
3,va_a,6,0.5833543462910585,12.90618491619695,2.223656815015709,27.461057608971313,27.82567178160591,0.08946388749172166,0.13809163893091106,0.15238268797813867,0.16880202165093214
3,va_a,7,0.0658389198692786,1.772633651269896,3.6764666588792854,0.10260168530855157,1.7406952617327078,0.08946388749172166,0.13809163893091106,0.15238268797813867,0.16880202165093214
3,va_a,8,-0.007059204144404777,12.654036408010787,6.567758052736495,1.4243091676133883,12.81116305780533,0.08946388749172166,0.13809163893091106,0.15238268797813867,0.16880202165093214
3,va_a,9,-0.024379436528613845,2.1586126672442605,2.990324359698347,1.6788619581614914,1.841382207177597,0.08946388749172166,0.13809163893091106,0.15238268797813867,0.16880202165093214
3,va_a,10,0.1653725959895689,0.49928042810676987,1.7627417833346157,1.8039533110719836,1.8035923322960317,0.08946388749172166,0.13809163893091106,0.15238268797813867,0.16880202165093214
3,va_a,11,-0.231621698580444,1.741898181361132,1.5244459897890292,3.400122630901261,1.938911522700516,0.08946388749172166,0.13809163893091106,0.15238268797813867,0.16880202165093214
3,va_a,12,-0.1357870010482556,0.5402740177326409,0.705912064696368,2.6632151203371484,1.8237960123866468,0.08946388749172166,0.13809163893091106,0.15238268797813867,0.16880202165093214
3,va_a,13,0.014677447649088793,1.007378401180215,1.1311428599972113,3.492587295164392,1.3479512587717404,0.08946388749172166,0.13809163893091106,0.15238268797813867,0.16880202165093214
3,va_a,14,0.3368387531883834,3.232704942855457,1.3314390648423768,4.810205372090667,5.937958038059286,0.08946388749172166,0.13809163893091106,0.15238268797813867,0.16880202165093214
3,va_a,15,-0.07065086641886399,2.137351186583,2.644581923503165,6.712215270676685,5.790928311606511,0.08946388749172166,0.13809163893091106,0.15238268797813867,0.16880202165093214
3,va_a,16,0.0861780701107373,3.9256094833862325,2.5414202681162776,4.85926015852267,5.108958222315031,0.08946388749172166,0.13809163893091106,0.15238268797813867,0.16880202165093214
3,va_a,17,0.22712253512579714,13.147907843646726,2.679894117578774,21.399415863317177,7.34073421512997,0.08946388749172166,0.13809163893091106,0.15238268797813867,0.16880202165093214
3,va_a,18,-0.11766857734268776,0.7366810960107767,1.2377701495831244,2.5587915916536943,0.651942819616889,0.08946388749172166,0.13809163893091106,0.15238268797813867,0.16880202165093214
3,va_a,19,-0.33085564564432923,1.678011639145554,3.929884992395161,0.32269313871253275,1.146073832702371,0.08946388749172166,0.13809163893091106,0.15238268797813867,0.16880202165093214
3,va_a,20,0.026877026153578894,3.6308321726716986,0.7487685717592716,1.056392491195075,1.7451612232772251,0.08946388749172166,0.13809163893091106,0.15238268797813867,0.16880202165093214
3,va_a,21,-0.09032903593410628,1.9063053782741857,1.600961993048906,2.7395322844699512,2.9886488893486365,0.08946388749172166,0.13809163893091106,0.15238268797813867,0.16880202165093214
3,va_a,22,0.25337634145469984,2.489768254509846,1.746884939834984,2.2058143030181903,4.104470364525603,0.08946388749172166,0.13809163893091106,0.15238268797813867,0.16880202165093214
3,va_a,23,0.22330536318724598,0.6339152026162521,1.005873015967332,9.69397245135497,0.9076116865385331,0.08946388749172166,0.13809163893091106,0.15238268797813867,0.16880202165093214
3,va_a,24,0.16128279777792368,3.3501964785726788,0.9758183709173757,1.9424825100641854,4.046476830394652,0.08946388749172166,0.13809163893091106,0.15238268797813867,0.16880202165093214
3,va_a,25,-0.07294279948188638,2.6276194247155904,1.2254860026474164,2.2155249966729698,1.3806600810733782,0.08946388749172166,0.13809163893091106,0.15238268797813867,0.16880202165093214
3,va_a,26,0.17640714213018382,10.029281156530427,3.444988275514104,7.004052990754099,3.766454255488162,0.08946388749172166,0.13809163893091106,0.15238268797813867,0.16880202165093214
3,va_a,27,0.10408225738205909,1.5057503030792037,2.9538101613828753,2.6879986106132026,0.9479221420993003,0.08946388749172166,0.13809163893091106,0.15238268797813867,0.16880202165093214
3,va_a,28,0.21673060575511485,2.6494183720146958,0.769679540702492,12.705394572548437,4.264755689352162,0.08946388749172166,0.13809163893091106,0.15238268797813867,0.16880202165093214
3,va_a,29,0.46990621808482524,4.698581057576246,2.607893896626655,6.34332195681024,5.125814124575991,0.08946388749172166,0.13809163893091106,0.15238268797813867,0.16880202165093214
3,va_a,30,0.3821290127809827,2.698037400265484,3.5137417995664406,6.570729555300749,2.84224595981305,0.08946388749172166,0.13809163893091106,0.15238268797813867,0.16880202165093214
3,va_a,31,-0.025579604157368815,4.172785379924989,1.5542482142274527,20.062569310429986,5.500684461685412,0.08946388749172166,0.13809163893091106,0.15238268797813867,0.16880202165093214
3,va_a,32,0.06953154326722183,2.734937650330086,2.260926475939065,2.200822885445685,3.0888683909889822,0.08946388749172166,0.13809163893091106,0.15238268797813867,0.16880202165093214
3,va_a,33,0.32699472872143387,0.7330095611280286,1.8932633430052908,4.261820717524852,2.9019243976947022,0.08946388749172166,0.13809163893091106,0.15238268797813867,0.16880202165093214
3,va_a,34,-0.15110508220494223,5.647726594037504,3.6819322562111907,0.9778174760683765,4.82343573653216,0.08946388749172166,0.13809163893091106,0.15238268797813867,0.16880202165093214
3,va_a,35,0.5301595744659654,0.5677253190279901,0.8154056394740363,5.746879267936837,3.9443440753886128,0.08946388749172166,0.13809163893091106,0.15238268797813867,0.16880202165093214
3,va_a,36,0.02149052694806946,4.482645989322953,0.7364794627837511,2.854537410331246,1.369356274853918,0.08946388749172166,0.13809163893091106,0.15238268797813867,0.16880202165093214
3,va_a,37,0.31544572238385377,3.1356216431581054,4.253492643466217,8.665021339132439,2.9219953937633454,0.08946388749172166,0.13809163893091106,0.15238268797813867,0.16880202165093214
3,va_a,38,-0.08667379108567828,3.960294857367406,2.2462369995264226,11.100957606211322,19.122968946503367,0.08946388749172166,0.13809163893091106,0.15238268797813867,0.16880202165093214
3,va_a,39,0.27107613431673594,0.9441604764829362,0.758490643732796,3.195907259392659,4.4651894264734375,0.08946388749172166,0.13809163893091106,0.15238268797813867,0.16880202165093214
3,va_a,40,0.18778970251175298,5.995554148439806,1.6142949157638513,69.47662751400071,37.861773599908304,0.08946388749172166,0.13809163893091106,0.15238268797813867,0.16880202165093214
3,va_a,41,-0.14454282670548604,6.774735513261424,1.127761201156355,2.52181714445515,10.749626690784819,0.08946388749172166,0.13809163893091106,0.15238268797813867,0.16880202165093214
3,va_a,42,0.13153239902888167,2.6125491494831232,1.627580014677341,7.103260659978929,4.719879452279319,0.08946388749172166,0.13809163893091106,0.15238268797813867,0.16880202165093214
3,va_a,43,0.4592176775910755,1.6362615323149583,1.1452872170957955,4.392998332171471,6.882082164927252,0.08946388749172166,0.13809163893091106,0.15238268797813867,0.16880202165093214
3,va_a,44,-0.25952560912649175,3.4798249935485557,2.364332817684007,8.216049302125233,5.550696984532146,0.08946388749172166,0.13809163893091106,0.15238268797813867,0.16880202165093214
3,va_a,45,-0.13523625980792847,1.9488805377059135,1.5597765790169624,61.208028552404855,10.329463242341333,0.08946388749172166,0.13809163893091106,0.15238268797813867,0.16880202165093214
3,va_a,46,0.29703204591414945,1.5587382407672317,0.56259784900085,4.862022671636071,9.740176920842522,0.08946388749172166,0.13809163893091106,0.15238268797813867,0.16880202165093214
3,va_a,47,0.2737002251388664,0.7292284151620168,3.446555234741486,7.832503219520171,4.076355250936503,0.08946388749172166,0.13809163893091106,0.15238268797813867,0.16880202165093214
3,va_a,48,0.1717882754547808,2.4259413988012404,0.6103207475296232,3.2317015414496058,2.5155985374750625,0.08946388749172166,0.13809163893091106,0.15238268797813867,0.16880202165093214
3,va_a,49,0.7061918098938155,3.1100498219322055,2.661776466984015,1.186452752177792,0.8712456169721308,0.08946388749172166,0.13809163893091106,0.15238268797813867,0.16880202165093214
3,va_a,50,0.19504740952295344,3.08920675626619,2.225383679521723,7.872636003212807,4.7983658482882285,0.08946388749172166,0.13809163893091106,0.15238268797813867,0.16880202165093214
3,va_a,51,0.3270159745979162,10.381328179366125,1.5058567162041028,14.222635840072837,21.413597737297717,0.08946388749172166,0.13809163893091106,0.15238268797813867,0.16880202165093214
3,va_a,52,0.5210726066597864,0.8971566475354035,0.8941914132467284,10.673825671612613,7.565751550495795,0.08946388749172166,0.13809163893091106,0.15238268797813867,0.16880202165093214
3,va_a,53,0.4420905367799087,0.7568882432801756,1.7915396185582226,11.910048166335349,1.7299793372097803,0.08946388749172166,0.13809163893091106,0.15238268797813867,0.16880202165093214
3,va_a,54,-0.1143471664745136,4.617032269161343,2.1554480067177013,2.7294132674223404,6.775590952102344,0.08946388749172166,0.13809163893091106,0.15238268797813867,0.16880202165093214
3,va_a,55,-0.030533430595071326,2.9418955644387363,2.110620341248382,3.0554404610892503,2.44237545744846,0.08946388749172166,0.13809163893091106,0.15238268797813867,0.16880202165093214
3,va_a,56,0.2784308980874509,1.3320852942257888,1.485012427252455,11.313149374890909,1.874702131181081,0.08946388749172166,0.13809163893091106,0.15238268797813867,0.16880202165093214
3,va_a,57,0.17382580294531053,0.43086062596258207,1.9377638030160205,3.5511229271164924,2.175077769833703,0.08946388749172166,0.13809163893091106,0.15238268797813867,0.16880202165093214
3,va_a,58,-0.18097337127772434,4.245806326439698,1.6658208267796928,1.241682567240583,5.463710145617899,0.08946388749172166,0.13809163893091106,0.15238268797813867,0.16880202165093214
3,va_a,59,-0.2273926951000479,2.269024143646077,2.086263547179288,5.375254285420428,2.0921621667253034,0.08946388749172166,0.13809163893091106,0.15238268797813867,0.16880202165093214
3,va_a,60,-0.010193572917002002,0.19730027113620696,1.7731402145940596,6.3721340729349825,1.5835301540626974,0.08946388749172166,0.13809163893091106,0.15238268797813867,0.16880202165093214
4,ia_a,3,-0.3041677691962817,2.738861109746681,1.673852511644898,10.973305243382868,14.270221774489704,0.17792837728157374,0.23938107015994256,0.16830767346848685,0.18955878631782566
4,ia_a,4,0.008239349757583362,0.25907279165148,0.46309786325606306,2.878082873355409,0.2727261018402893,0.17792837728157374,0.23938107015994256,0.16830767346848685,0.18955878631782566
4,ia_a,5,0.1104522345553395,5.0145494409190885,2.1941247320200667,5.812719186643862,1.6146292080191136,0.17792837728157374,0.23938107015994256,0.16830767346848685,0.18955878631782566
4,ia_a,6,-0.018047123467156496,1.247964914131347,1.167212976957287,1.5843859487381304,1.5206543363681264,0.17792837728157374,0.23938107015994256,0.16830767346848685,0.18955878631782566
4,ia_a,7,-0.0984712026428596,0.16879979060828895,0.8763756313895316,0.7906413195099262,0.5114330961062232,0.17792837728157374,0.23938107015994256,0.16830767346848685,0.18955878631782566
4,ia_a,8,0.19707999550830704,0.1506064670158037,0.6331542270352194,9.37225246375394,2.841279868718561,0.17792837728157374,0.23938107015994256,0.16830767346848685,0.18955878631782566
4,ia_a,10,0.03044028590264618,1.1713649979262015,1.1603258801950957,1.7788866153945155,2.2765951781582725,0.17792837728157374,0.23938107015994256,0.16830767346848685,0.18955878631782566
4,ia_a,11,-0.23880564114909714,0.7277471906537358,2.7456505608872437,5.569205728970755,1.4608721170713175,0.17792837728157374,0.23938107015994256,0.16830767346848685,0.18955878631782566
4,ia_a,12,-0.6955437303791302,2.769003362886819,3.652382454932581,51.052645464405465,11.678831504077573,0.17792837728157374,0.23938107015994256,0.16830767346848685,0.18955878631782566
4,ia_a,13,-0.3069466897985579,1.4966056140242803,0.9619961980713636,0.6693208891724698,0.7394056431634682,0.17792837728157374,0.23938107015994256,0.16830767346848685,0.18955878631782566
4,ia_a,14,0.11188951974449186,1.3102861382211455,2.488611015144583,1.6839840804706652,1.6639643188798396,0.17792837728157374,0.23938107015994256,0.16830767346848685,0.18955878631782566
4,ia_a,15,0.04347994453091312,1.456053648965424,2.6661624933925894,1.613559164279972,0.5954546992135685,0.17792837728157374,0.23938107015994256,0.16830767346848685,0.18955878631782566
4,ia_a,16,-0.09288739166663981,11.062847670104064,2.948780355426139,7.472317552881404,2.809877222667478,0.17792837728157374,0.23938107015994256,0.16830767346848685,0.18955878631782566
4,ia_a,17,-0.050091137238443585,4.125548242685795,0.8711912770408793,8.353462594841393,5.100420520030838,0.17792837728157374,0.23938107015994256,0.16830767346848685,0.18955878631782566
4,ia_a,18,-0.33890557065905996,0.14324246913705546,2.277091940954948,5.860520439989206,1.6544013299575941,0.17792837728157374,0.23938107015994256,0.16830767346848685,0.18955878631782566
4,ia_a,19,0.06543754150027567,5.0705929087517365,1.0097132300742333,10.406858562536264,9.491354856011545,0.17792837728157374,0.23938107015994256,0.16830767346848685,0.18955878631782566
4,ia_a,20,-0.24806408688119228,0.31007622411460334,1.1624227870011365,1.2303433754602497,1.4373479484460634,0.17792837728157374,0.23938107015994256,0.16830767346848685,0.18955878631782566
4,ia_a,21,0.0025093579458198567,3.870731120894759,0.7235368002588182,3.964915533076698,8.404063142657021,0.17792837728157374,0.23938107015994256,0.16830767346848685,0.18955878631782566
4,ia_a,22,-0.08227718698388266,1.3153776906132626,1.517819865385421,1.5218479855913343,1.0389944071522552,0.17792837728157374,0.23938107015994256,0.16830767346848685,0.18955878631782566
4,ia_a,23,-0.11877885718540597,4.34654676136396,1.2523641547850577,6.026150293350637,2.4722715468399916,0.17792837728157374,0.23938107015994256,0.16830767346848685,0.18955878631782566
4,ia_a,24,-0.15035753550873146,2.7402659860090663,1.2908007368104724,1.477204058204403,1.536456902478964,0.17792837728157374,0.23938107015994256,0.16830767346848685,0.18955878631782566
4,ia_a,25,0.004022432976598067,2.18826912311837,0.9090630148743466,11.940797738505891,2.285742533760197,0.17792837728157374,0.23938107015994256,0.16830767346848685,0.18955878631782566
4,ia_a,26,-0.41305249404419886,2.1502988897557485,1.2577293041147755,9.576428919452962,3.3823766951030683,0.17792837728157374,0.23938107015994256,0.16830767346848685,0.18955878631782566
4,ia_a,27,-0.14282024742269553,0.8468527943772897,1.6475306070865121,22.3287684005643,9.508999073798154,0.17792837728157374,0.23938107015994256,0.16830767346848685,0.18955878631782566
4,ia_a,28,-0.2226457634590992,1.833723792968884,1.0258106517942374,1.1500848633778085,0.9071126996661973,0.17792837728157374,0.23938107015994256,0.16830767346848685,0.18955878631782566
4,ia_a,29,-0.0625244774173878,1.8233101848900504,1.6294571600792722,13.263638467210887,7.0316651207659975,0.17792837728157374,0.23938107015994256,0.16830767346848685,0.18955878631782566
4,ia_a,30,0.022359978473900314,11.007857021853509,2.390468193888966,6.740308847310357,9.801606939826769,0.17792837728157374,0.23938107015994256,0.16830767346848685,0.18955878631782566
4,ia_a,31,-0.18552405152922266,1.417998867763863,1.9759718842900662,2.3599032687388064,4.170491784932801,0.17792837728157374,0.23938107015994256,0.16830767346848685,0.18955878631782566
4,ia_a,32,-0.32853714542140205,0.787508204491051,2.955636383801536,25.43887364729362,7.8833085948313215,0.17792837728157374,0.23938107015994256,0.16830767346848685,0.18955878631782566
4,ia_a,33,0.09715900247236375,3.9369531685231864,1.775317746119067,3.2242098459348423,3.6079372019088582,0.17792837728157374,0.23938107015994256,0.16830767346848685,0.18955878631782566
4,ia_a,35,-0.16460016996132826,3.338936189381613,1.2685723467518097,3.52321834508124,2.651654591629637,0.17792837728157374,0.23938107015994256,0.16830767346848685,0.18955878631782566
4,ia_a,36,0.41059680347046856,2.520957946922761,1.4146103984151102,1.2990921051834086,0.5689566497781869,0.17792837728157374,0.23938107015994256,0.16830767346848685,0.18955878631782566
4,ia_a,37,0.3419870238545057,3.501417337132542,1.8959267038022216,5.16556972061734,2.1907903771576875,0.17792837728157374,0.23938107015994256,0.16830767346848685,0.18955878631782566
4,ia_a,38,-0.11653094243818499,2.156336452554335,1.1114797197821902,5.039438482727601,5.286547874894845,0.17792837728157374,0.23938107015994256,0.16830767346848685,0.18955878631782566
4,ia_a,39,-0.25179865323498807,0.14505234796921856,0.4528544874797123,3.9093150731535173,1.87494784344663,0.17792837728157374,0.23938107015994256,0.16830767346848685,0.18955878631782566
4,ia_a,40,-0.1364639973142974,3.6969454203091585,1.104999547721181,4.582956699938296,9.120463198859728,0.17792837728157374,0.23938107015994256,0.16830767346848685,0.18955878631782566
4,ia_a,41,0.02403891544042877,0.8592609550414716,2.2805183977121772,5.813825790184093,2.2322074433977552,0.17792837728157374,0.23938107015994256,0.16830767346848685,0.18955878631782566
4,ia_a,42,0.08819161168924937,0.5689535208964588,0.5538616577610542,2.180086232556992,0.895555056754826,0.17792837728157374,0.23938107015994256,0.16830767346848685,0.18955878631782566
4,ia_a,43,-0.34910293193087916,0.6566888931832967,1.1231709120023399,10.170005233741984,4.348911458678056,0.17792837728157374,0.23938107015994256,0.16830767346848685,0.18955878631782566
4,ia_a,44,0.005824481411216001,2.2110262588540617,1.3484501842586365,2.5567374496277306,8.792447248583596,0.17792837728157374,0.23938107015994256,0.16830767346848685,0.18955878631782566
4,ia_a,45,-0.41922753915699174,6.285699079230518,3.1979434382628544,19.10297120394639,6.802792424237568,0.17792837728157374,0.23938107015994256,0.16830767346848685,0.18955878631782566
4,ia_a,46,-0.4193235596781016,9.780372017123788,8.227657951591143,100.95616803448591,9.632218719666797,0.17792837728157374,0.23938107015994256,0.16830767346848685,0.18955878631782566
4,ia_a,47,-0.2928883967710531,3.4185688220959514,2.951068783818991,5.829708445783097,2.1453922445090723,0.17792837728157374,0.23938107015994256,0.16830767346848685,0.18955878631782566
4,ia_a,48,0.3547674667718465,4.82836919247467,1.682252677278017,21.414589629273618,10.013241072441962,0.17792837728157374,0.23938107015994256,0.16830767346848685,0.18955878631782566
4,ia_a,49,-0.20100032243347804,1.9751414166596046,2.125290296271537,0.46294409526302904,0.8411255180930455,0.17792837728157374,0.23938107015994256,0.16830767346848685,0.18955878631782566
4,ia_a,50,0.29879971304866126,2.4440901303578775,1.6929073541229762,3.7624634445393936,2.4814875499626785,0.17792837728157374,0.23938107015994256,0.16830767346848685,0.18955878631782566
4,ia_a,51,0.05097262198077035,1.3792734569362428,1.7119135268271275,0.1532095928144007,1.8015604068632887,0.17792837728157374,0.23938107015994256,0.16830767346848685,0.18955878631782566
4,ia_a,52,-0.34983919326053475,1.9092355208216776,1.1215598293305535,3.5804956227437312,2.1526593448887343,0.17792837728157374,0.23938107015994256,0.16830767346848685,0.18955878631782566
4,ia_a,53,0.4983662156488455,13.245739324219048,5.170170224534486,25.5359072403488,13.933923355087122,0.17792837728157374,0.23938107015994256,0.16830767346848685,0.18955878631782566
4,ia_a,54,0.1990353383623736,1.7579565307916016,1.570645567518289,3.990468578308572,4.872930590808137,0.17792837728157374,0.23938107015994256,0.16830767346848685,0.18955878631782566
4,ia_a,55,0.0676420038780311,6.258598789846541,1.9588047080161672,1.5976831785671808,0.7417922971318195,0.17792837728157374,0.23938107015994256,0.16830767346848685,0.18955878631782566
4,ia_a,56,0.1636940137255541,2.857950617534537,1.6052070244653547,7.573843086121465,5.608257774423056,0.17792837728157374,0.23938107015994256,0.16830767346848685,0.18955878631782566
4,ia_a,57,-0.2073959236867647,0.5019171468696703,0.6405714883184804,0.32310546192022077,0.7656972753480862,0.17792837728157374,0.23938107015994256,0.16830767346848685,0.18955878631782566
4,ia_a,58,-0.1719633299481822,1.1744970928420004,0.6318668251249454,2.8417594118341194,1.6231169686522882,0.17792837728157374,0.23938107015994256,0.16830767346848685,0.18955878631782566
4,ia_a,59,-0.06734739820040392,2.7743316834417553,2.5671156286615275,0.8375711720590558,1.2893286651944174,0.17792837728157374,0.23938107015994256,0.16830767346848685,0.18955878631782566
4,va_a,1,0.15056689240468166,2.65555822630768,1.2699550145234342,1.0952048787231443,2.7666916363585647,0.1715443651299393,0.14801715564161658,0.3019725813740081,0.1364035654946268
4,va_a,2,0.2192504569404558,2.503819149645187,1.14541935976056,1.3927062076454513,1.9447697802714612,0.1715443651299393,0.14801715564161658,0.3019725813740081,0.1364035654946268
4,va_a,3,0.34124066769169925,3.3952575306040167,1.9576050972963155,15.343992616694587,6.7658062608939105,0.1715443651299393,0.14801715564161658,0.3019725813740081,0.1364035654946268
4,va_a,4,0.20275585320570672,1.8509156104689757,1.0115029174980725,4.766272503311362,3.9164830158911106,0.1715443651299393,0.14801715564161658,0.3019725813740081,0.1364035654946268
4,va_a,5,0.17404455404238992,2.970982523001522,1.0388704996880698,3.5944913052845413,1.1155606009198562,0.1715443651299393,0.14801715564161658,0.3019725813740081,0.1364035654946268
4,va_a,6,-0.2807705092906509,0.8475361003349865,0.8614015016441747,1.2586621878632396,0.9729567177110303,0.1715443651299393,0.14801715564161658,0.3019725813740081,0.1364035654946268
4,va_a,7,0.7381568359906411,3.80928892135649,6.627759910453264,18.756225817484605,5.146717674262754,0.1715443651299393,0.14801715564161658,0.3019725813740081,0.1364035654946268
4,va_a,8,-0.302299407891406,1.313966763361848,1.0153393662842254,6.199566000427403,5.653104507654572,0.1715443651299393,0.14801715564161658,0.3019725813740081,0.1364035654946268
4,va_a,9,0.19964561778131085,2.484110550762341,0.9545529078432735,3.392332813777947,2.9544441983436927,0.1715443651299393,0.14801715564161658,0.3019725813740081,0.1364035654946268
4,va_a,10,0.11693420757721366,7.120615154238577,3.0705540522774566,31.108845370814173,18.198124277420387,0.1715443651299393,0.14801715564161658,0.3019725813740081,0.1364035654946268
4,va_a,11,0.03448629262978676,1.6035725581433866,1.831220383164233,0.5911681104221279,0.608009002002373,0.1715443651299393,0.14801715564161658,0.3019725813740081,0.1364035654946268
4,va_a,12,0.26413819354007967,0.9223531709115672,1.6868003474389275,2.069525497648147,1.0852269923832532,0.1715443651299393,0.14801715564161658,0.3019725813740081,0.1364035654946268
4,va_a,13,-0.22542494581000702,0.8544490166809899,1.6635694135857821,1.1535896707740072,0.8538405212540375,0.1715443651299393,0.14801715564161658,0.3019725813740081,0.1364035654946268
4,va_a,14,0.23524074253034696,1.225660828466295,5.905197156170128,1.606765642249061,4.430947519986386,0.1715443651299393,0.14801715564161658,0.3019725813740081,0.1364035654946268
4,va_a,15,-0.05832426951505403,1.3215227972123014,3.498314862231449,1.2257773171781918,1.4219219738612359,0.1715443651299393,0.14801715564161658,0.3019725813740081,0.1364035654946268
4,va_a,16,-0.684449063200452,5.9144265269322,6.090109486522495,23.026071210700408,17.522651710702384,0.1715443651299393,0.14801715564161658,0.3019725813740081,0.1364035654946268
4,va_a,17,-0.10788148691734027,19.649258276848773,3.7023842591996825,5.600755133607216,18.05762598127101,0.1715443651299393,0.14801715564161658,0.3019725813740081,0.1364035654946268
4,va_a,18,0.04599334811596954,6.427997334725348,3.812799701394466,1.47946761341855,2.3204152663725948,0.1715443651299393,0.14801715564161658,0.3019725813740081,0.1364035654946268
4,va_a,19,0.34314695834914744,8.11486649385801,5.019089963641154,0.7645639620124547,5.075463527748584,0.1715443651299393,0.14801715564161658,0.3019725813740081,0.1364035654946268
4,va_a,20,-0.1166999485659617,0.9057171953577073,3.0638646826437226,13.467906205533438,5.560212938665062,0.1715443651299393,0.14801715564161658,0.3019725813740081,0.1364035654946268
4,va_a,21,-0.19874773817078403,2.979212106463627,1.0551308158196488,6.759304272151596,5.852731942190525,0.1715443651299393,0.14801715564161658,0.3019725813740081,0.1364035654946268
4,va_a,22,-0.1999177309207581,0.4895736035455028,1.9248369624330313,2.97450412263713,1.7547194546750753,0.1715443651299393,0.14801715564161658,0.3019725813740081,0.1364035654946268
4,va_a,23,0.2723223086587979,2.982147641788637,1.4588677002876653,7.97445501013313,0.7743167622862437,0.1715443651299393,0.14801715564161658,0.3019725813740081,0.1364035654946268
4,va_a,24,0.34086359978522984,1.9056496181188765,0.816650482023705,5.790337051156676,3.1184668335614827,0.1715443651299393,0.14801715564161658,0.3019725813740081,0.1364035654946268
4,va_a,25,0.6042993720657908,2.197492396590613,5.180275598498833,38.14421460283734,6.035801611798586,0.1715443651299393,0.14801715564161658,0.3019725813740081,0.1364035654946268
4,va_a,26,0.05306650245400677,4.853821485110342,4.281864948592933,13.421719892279699,2.753878974543169,0.1715443651299393,0.14801715564161658,0.3019725813740081,0.1364035654946268
4,va_a,27,0.07049905368133302,2.351379054253393,2.424305738745329,2.834288181851877,3.070585401470554,0.1715443651299393,0.14801715564161658,0.3019725813740081,0.1364035654946268
4,va_a,28,-0.034136979360877354,1.1098016330374596,1.9293149573339619,2.7107665578784546,1.2003374125740638,0.1715443651299393,0.14801715564161658,0.3019725813740081,0.1364035654946268
4,va_a,29,-0.4113375256102956,0.9545771322847074,4.584516229972706,10.114382268508447,4.892452053034641,0.1715443651299393,0.14801715564161658,0.3019725813740081,0.1364035654946268
4,va_a,30,0.3265327523086316,0.6657138674659743,2.106219286450465,12.131004493322264,2.3215408955969608,0.1715443651299393,0.14801715564161658,0.3019725813740081,0.1364035654946268
4,va_a,31,-0.10678140843557148,1.0780014642394704,0.9380597344381737,2.1137285123806833,3.0281512683923077,0.1715443651299393,0.14801715564161658,0.3019725813740081,0.1364035654946268
4,va_a,32,-0.012263027645708392,0.33511795720682885,1.9649699861448726,7.9072574210923845,3.052944816929111,0.1715443651299393,0.14801715564161658,0.3019725813740081,0.1364035654946268
4,va_a,33,0.14468094821910907,3.0856539078118126,1.3617773857721567,4.278224248285657,0.840158574127651,0.1715443651299393,0.14801715564161658,0.3019725813740081,0.1364035654946268
4,va_a,34,0.6097718524568193,3.2039202879462847,1.7146705917360128,10.134957381550393,1.3394834185634321,0.1715443651299393,0.14801715564161658,0.3019725813740081,0.1364035654946268
4,va_a,35,0.2297466933868183,3.924249072368134,2.2024440928143143,4.222151038594924,3.816348689491289,0.1715443651299393,0.14801715564161658,0.3019725813740081,0.1364035654946268
4,va_a,36,0.24048080448289194,3.3910346885217937,0.9892011063226614,5.433318561676446,3.803407192109109,0.1715443651299393,0.14801715564161658,0.3019725813740081,0.1364035654946268
4,va_a,37,0.15659906857261677,3.6753249546401534,1.1975405735317277,1.7404323357973708,3.3404821520335606,0.1715443651299393,0.14801715564161658,0.3019725813740081,0.1364035654946268
4,va_a,38,0.36853587037071645,1.8366412758090984,2.8244157799748772,2.163431895410706,2.483951666057621,0.1715443651299393,0.14801715564161658,0.3019725813740081,0.1364035654946268
4,va_a,39,-0.055125896030512524,1.3768725099401296,3.505310596692,22.848354768998178,4.850523975428309,0.1715443651299393,0.14801715564161658,0.3019725813740081,0.1364035654946268
4,va_a,40,0.1659328464999443,1.334012834627577,1.6730384031101584,0.1940458060687187,0.9348118339568542,0.1715443651299393,0.14801715564161658,0.3019725813740081,0.1364035654946268
4,va_a,41,0.16679496952497488,3.2653284988691924,1.3843068288096618,0.7822156395039507,4.504122423656427,0.1715443651299393,0.14801715564161658,0.3019725813740081,0.1364035654946268
4,va_a,42,0.08387566857081206,2.8518741335602615,3.1353333475365734,9.575162044983713,4.418732384092563,0.1715443651299393,0.14801715564161658,0.3019725813740081,0.1364035654946268
4,va_a,43,-0.5317401442397532,2.5098965945683,4.605254409441241,3.4115252879587317,5.408344355803041,0.1715443651299393,0.14801715564161658,0.3019725813740081,0.1364035654946268
4,va_a,44,0.11202675688679332,1.368884193539197,1.6214989954005075,0.6331843095655049,1.4988387290406215,0.1715443651299393,0.14801715564161658,0.3019725813740081,0.1364035654946268
4,va_a,45,-0.19466562514142163,2.076704302134619,2.0008505297646897,6.781291207229675,3.114188051205041,0.1715443651299393,0.14801715564161658,0.3019725813740081,0.1364035654946268
4,va_a,46,0.32875729127150444,2.027062805890509,3.258723483621021,60.816015432692275,3.7192586201045756,0.1715443651299393,0.14801715564161658,0.3019725813740081,0.1364035654946268
4,va_a,47,0.040985590995820415,0.47084314595190707,1.0954076651447284,6.710191081978445,2.1117927064478326,0.1715443651299393,0.14801715564161658,0.3019725813740081,0.1364035654946268
4,va_a,48,-0.0012575960164470852,2.3423459804393816,1.6455559160798554,8.159619293130161,1.8860240142462559,0.1715443651299393,0.14801715564161658,0.3019725813740081,0.1364035654946268
4,va_a,49,0.12872177129282947,2.4805719695005495,1.779889620218049,4.8309348199051145,7.3295412333663785,0.1715443651299393,0.14801715564161658,0.3019725813740081,0.1364035654946268
4,va_a,50,0.3016315748397491,1.316548411254729,2.8668945346227646,1.623777505384831,2.537961577014846,0.1715443651299393,0.14801715564161658,0.3019725813740081,0.1364035654946268
4,va_a,51,-0.21284717879345008,1.46137549220039,1.1935682256433862,5.285731126845398,4.215307332944991,0.1715443651299393,0.14801715564161658,0.3019725813740081,0.1364035654946268
4,va_a,52,0.7001444476506087,10.332927308253163,7.687830572720744,10.8765234529362,11.427944362743062,0.1715443651299393,0.14801715564161658,0.3019725813740081,0.1364035654946268
4,va_a,53,-0.08006065803377872,0.8820531696747637,1.1612026205601298,8.02420188081352,2.654424956696121,0.1715443651299393,0.14801715564161658,0.3019725813740081,0.1364035654946268
4,va_a,54,-0.5017337123748896,3.669293643134474,1.9662513627494131,25.54106959877967,5.27650398101201,0.1715443651299393,0.14801715564161658,0.3019725813740081,0.1364035654946268
4,va_a,55,0.3435880914930006,4.067730107869428,4.344449909859581,2.0325151627996103,2.554910282620104,0.1715443651299393,0.14801715564161658,0.3019725813740081,0.1364035654946268
4,va_a,56,-0.017764506584661294,0.7931299694489451,1.5139964139612632,1.647447047116797,1.722593235278135,0.1715443651299393,0.14801715564161658,0.3019725813740081,0.1364035654946268
4,va_a,57,-0.09278975413787006,8.273122870573337,2.152189744250254,1.4730499197893943,7.468367433686162,0.1715443651299393,0.14801715564161658,0.3019725813740081,0.1364035654946268
4,va_a,58,0.5440194546025214,4.114546988499244,1.610538393019854,6.734071957547056,6.952416625726971,0.1715443651299393,0.14801715564161658,0.3019725813740081,0.1364035654946268
4,va_a,59,0.105280680625553,1.2133316780894507,1.5652051079473983,35.259224747039404,5.568154332901758,0.1715443651299393,0.14801715564161658,0.3019725813740081,0.1364035654946268
4,va_a,60,0.1814394438821658,0.580335747668413,1.7485735981310877,1.2951477101868127,1.2724325166535406,0.1715443651299393,0.14801715564161658,0.3019725813740081,0.1364035654946268
5,ia_a,1,0.46757829100355885,5.79725526685073,3.542422152289609,38.01331816092688,24.027384339067364,0.11725717110480519,0.22893130088617866,0.16713905768405443,0.1214671556798204
5,ia_a,2,-0.07346571120632166,3.2755741125169893,1.7746972536063672,3.2796112490736538,3.64128845835414,0.11725717110480519,0.22893130088617866,0.16713905768405443,0.1214671556798204
5,ia_a,3,0.37792400373098417,2.9160297443120897,2.622333893075368,1.9150402316765853,2.288771755292003,0.11725717110480519,0.22893130088617866,0.16713905768405443,0.1214671556798204
5,ia_a,6,-0.289364378419965,2.3349172901848774,4.543848833736811,5.157485583694365,7.203164778822378,0.11725717110480519,0.22893130088617866,0.16713905768405443,0.1214671556798204
5,ia_a,7,0.3078935299422089,1.2593199560220143,3.9298444544808313,4.804370032668676,6.651853845576668,0.11725717110480519,0.22893130088617866,0.16713905768405443,0.1214671556798204
5,ia_a,8,-0.43830073538163966,1.607043288927028,1.398924799979721,0.6783648902698518,2.2021952510003313,0.11725717110480519,0.22893130088617866,0.16713905768405443,0.1214671556798204
5,ia_a,9,0.08541390539621752,6.659491236788697,7.059745272272075,1.9681924721243835,6.902026265897866,0.11725717110480519,0.22893130088617866,0.16713905768405443,0.1214671556798204
5,ia_a,10,-0.19357568696814814,7.432687407086581,4.205497405492839,13.301617743599436,10.248079916724294,0.11725717110480519,0.22893130088617866,0.16713905768405443,0.1214671556798204
5,ia_a,12,-0.036951197374734776,3.582163918383206,1.493175010246294,15.01089281957769,6.743291241462811,0.11725717110480519,0.22893130088617866,0.16713905768405443,0.1214671556798204
5,ia_a,15,0.25012103773955047,3.570558452554732,2.007617360544153,8.130234877562696,6.453230766458937,0.11725717110480519,0.22893130088617866,0.16713905768405443,0.1214671556798204
5,ia_a,16,0.37108890459580884,2.627290063088912,1.516077391606562,9.053808324069236,2.367955323742377,0.11725717110480519,0.22893130088617866,0.16713905768405443,0.1214671556798204
5,ia_a,17,0.005309440540764418,10.971122447595889,3.1875785765688156,3.773842099344335,7.108678470547387,0.11725717110480519,0.22893130088617866,0.16713905768405443,0.1214671556798204
5,ia_a,20,0.0764566734476275,2.1557084309488657,5.325960397067459,3.8247701033381922,6.472343899361512,0.11725717110480519,0.22893130088617866,0.16713905768405443,0.1214671556798204
5,ia_a,21,0.12699773687641241,6.657605363754686,8.453086260543426,10.749244099397643,6.167384568056706,0.11725717110480519,0.22893130088617866,0.16713905768405443,0.1214671556798204
5,ia_a,22,-0.3525734550676892,8.203974643332604,1.8095597531272913,8.538398438649752,24.967426067277845,0.11725717110480519,0.22893130088617866,0.16713905768405443,0.1214671556798204
5,ia_a,23,0.3434451110280785,4.102937927211978,3.676400627643187,5.1110295056811035,9.930156163451521,0.11725717110480519,0.22893130088617866,0.16713905768405443,0.1214671556798204
5,ia_a,25,-0.8319802192068582,23.173482769584428,6.871523464103044,15.028125445172197,41.476864994613706,0.11725717110480519,0.22893130088617866,0.16713905768405443,0.1214671556798204
5,ia_a,27,-0.05689874635673176,6.1319324928246255,6.07680226647146,3.5175964790604075,10.276030353889954,0.11725717110480519,0.22893130088617866,0.16713905768405443,0.1214671556798204
5,ia_a,28,0.18168026679709465,7.237600180192666,2.428336766589931,3.3227520367901544,4.155965362856538,0.11725717110480519,0.22893130088617866,0.16713905768405443,0.1214671556798204
5,ia_a,29,-0.3532022341519362,4.12689918031992,6.887234499307564,2.598491046160961,4.134469355891383,0.11725717110480519,0.22893130088617866,0.16713905768405443,0.1214671556798204
5,ia_a,30,0.2160469159660933,8.980866358398922,5.77436313893704,1.1867596605410067,7.94381729181714,0.11725717110480519,0.22893130088617866,0.16713905768405443,0.1214671556798204
5,ia_a,32,-0.3397503967173604,3.512210850816752,2.8117800615191375,9.429432145923425,6.760980429289989,0.11725717110480519,0.22893130088617866,0.16713905768405443,0.1214671556798204
5,ia_a,33,-0.3594276394225847,0.3736255912179246,6.227592738252755,27.45170278040399,7.419048398796648,0.11725717110480519,0.22893130088617866,0.16713905768405443,0.1214671556798204
5,ia_a,34,-0.18436002255653192,15.544605835648499,8.50309036266661,11.36635539107112,16.577990355137157,0.11725717110480519,0.22893130088617866,0.16713905768405443,0.1214671556798204
5,ia_a,35,-0.4117750746602034,8.636553392555893,5.353599434055522,33.813584287981264,10.567332063846488,0.11725717110480519,0.22893130088617866,0.16713905768405443,0.1214671556798204
5,ia_a,36,0.3535638991582377,18.707782464052613,6.499720249044415,14.611853496328289,10.602956300735311,0.11725717110480519,0.22893130088617866,0.16713905768405443,0.1214671556798204
5,ia_a,37,-0.19443787281047517,1.6370962599991277,3.9409783233812363,23.117343412860496,5.986979806628926,0.11725717110480519,0.22893130088617866,0.16713905768405443,0.1214671556798204
5,ia_a,38,0.4241141570981301,3.2963521368206403,1.6981601762967717,11.660415189862182,8.992621312062765,0.11725717110480519,0.22893130088617866,0.16713905768405443,0.1214671556798204
5,ia_a,39,0.2750296849508472,3.9812160107312042,2.233337226202244,8.530097040388464,4.858852443515754,0.11725717110480519,0.22893130088617866,0.16713905768405443,0.1214671556798204
5,ia_a,40,-0.15587314243264866,5.21507613462098,2.4900436214709916,3.2631217579191443,7.623826309261903,0.11725717110480519,0.22893130088617866,0.16713905768405443,0.1214671556798204
5,ia_a,41,0.5107648562456297,9.281100326344845,8.607979752146003,6.2171902322576145,11.392336785165075,0.11725717110480519,0.22893130088617866,0.16713905768405443,0.1214671556798204
5,ia_a,42,0.29372272158975804,3.7485927505371928,2.2183815897208774,1.2042449754467985,2.1127063195440456,0.11725717110480519,0.22893130088617866,0.16713905768405443,0.1214671556798204
5,ia_a,44,0.353843142954479,4.690382536676314,3.686313957191391,8.780264265210548,18.748829318088752,0.11725717110480519,0.22893130088617866,0.16713905768405443,0.1214671556798204
5,ia_a,45,0.10448304616763229,1.9355881686881102,7.9810917843080205,38.81947267909117,8.134434686634371,0.11725717110480519,0.22893130088617866,0.16713905768405443,0.1214671556798204
5,ia_a,46,-0.404130672450458,2.0137821023081615,10.266130715683794,11.88857703401054,1.5005605186693656,0.11725717110480519,0.22893130088617866,0.16713905768405443,0.1214671556798204
5,ia_a,47,-0.15936721793450984,0.7056092506919246,2.123449708974491,0.9619903683075578,0.5998605292720747,0.11725717110480519,0.22893130088617866,0.16713905768405443,0.1214671556798204
5,ia_a,48,0.00285819105808046,18.83981329535643,13.645217260164696,17.717651089379203,36.17082403007506,0.11725717110480519,0.22893130088617866,0.16713905768405443,0.1214671556798204
5,ia_a,49,-0.26225284089265055,8.299183477507935,4.446443361883665,15.038722410848935,8.56419447295373,0.11725717110480519,0.22893130088617866,0.16713905768405443,0.1214671556798204
5,ia_a,50,0.12248991250856982,9.887011299959802,9.518698998587725,3.27764621613798,3.6696470623710584,0.11725717110480519,0.22893130088617866,0.16713905768405443,0.1214671556798204
5,ia_a,51,-0.17509311194786933,1.5510312929620107,4.667622094198262,5.044997444646724,10.014324605949515,0.11725717110480519,0.22893130088617866,0.16713905768405443,0.1214671556798204
5,ia_a,52,0.3440326022123323,2.648414998649719,1.0524140626886396,4.782026652792968,12.147484154347737,0.11725717110480519,0.22893130088617866,0.16713905768405443,0.1214671556798204
5,ia_a,53,0.4049879756782632,6.077757492975383,2.3049407266794337,9.7678141449548,10.783129261031862,0.11725717110480519,0.22893130088617866,0.16713905768405443,0.1214671556798204
5,ia_a,54,-0.35528125906222296,1.4156105966462469,1.4196430373649631,5.090880029274805,3.315952918032336,0.11725717110480519,0.22893130088617866,0.16713905768405443,0.1214671556798204
5,ia_a,55,0.14896579503220128,6.969565019299229,6.038378061335298,4.843158110189879,5.44582950517401,0.11725717110480519,0.22893130088617866,0.16713905768405443,0.1214671556798204
5,ia_a,56,0.060498825955815086,13.350394342088602,3.5876654426463945,5.499028635520789,14.179450791393952,0.11725717110480519,0.22893130088617866,0.16713905768405443,0.1214671556798204
5,ia_a,57,0.5278159753554234,2.3820537143433347,7.410449281757179,2.9100387632815092,4.189604511189226,0.11725717110480519,0.22893130088617866,0.16713905768405443,0.1214671556798204
5,ia_a,58,-0.27078510433720354,6.405096970604373,1.909030596827627,6.77024456732441,2.435116331308377,0.11725717110480519,0.22893130088617866,0.16713905768405443,0.1214671556798204
5,ia_a,59,0.09495047160292988,1.3171290752840652,1.543951951590403,6.480100330780294,3.9430531699407747,0.11725717110480519,0.22893130088617866,0.16713905768405443,0.1214671556798204
5,va_a,1,0.328003911476622,4.79736235253197,9.382485491436164,14.599411070218729,9.41197541468593,0.22091742862660071,0.14438924941285164,0.24902203548750582,0.23292774011296072
5,va_a,2,0.26932821257769324,8.287176512338062,5.468984334616189,6.8327712072042806,15.399675369542916,0.22091742862660071,0.14438924941285164,0.24902203548750582,0.23292774011296072
5,va_a,3,0.2570632771669805,1.9854324087012105,6.146445388297885,18.247963114077912,3.7719472866944472,0.22091742862660071,0.14438924941285164,0.24902203548750582,0.23292774011296072
5,va_a,4,0.17075452706194777,3.0278580730487312,3.572178094149715,8.067212522689708,4.334901730025858,0.22091742862660071,0.14438924941285164,0.24902203548750582,0.23292774011296072
5,va_a,5,0.2980646414804272,8.217695336971481,4.51626560296506,8.85626201464448,2.9899027854334066,0.22091742862660071,0.14438924941285164,0.24902203548750582,0.23292774011296072
5,va_a,6,0.30413043893842523,7.1039621664802,7.321816938970938,13.810621108601119,9.40509189872388,0.22091742862660071,0.14438924941285164,0.24902203548750582,0.23292774011296072
5,va_a,7,-0.15747771479598163,6.266386743048728,2.8679015972795145,1.1099634257938964,7.756063568274653,0.22091742862660071,0.14438924941285164,0.24902203548750582,0.23292774011296072
5,va_a,8,0.5958266954574776,7.9490162304576675,23.584703961401626,10.950507402292091,3.573185005244984,0.22091742862660071,0.14438924941285164,0.24902203548750582,0.23292774011296072
5,va_a,9,-0.06403015415743003,4.217159186979919,2.140219155589863,25.90904012679614,9.917524268859749,0.22091742862660071,0.14438924941285164,0.24902203548750582,0.23292774011296072
5,va_a,10,-0.15091811082376252,6.292916944674685,3.3606743224563997,13.995858386473389,4.856027810381476,0.22091742862660071,0.14438924941285164,0.24902203548750582,0.23292774011296072
5,va_a,11,0.4200369116475808,5.496695112263244,5.685129304668234,16.338381870023216,7.9367094613237805,0.22091742862660071,0.14438924941285164,0.24902203548750582,0.23292774011296072
5,va_a,12,-0.26131883411136386,13.521556625132497,8.221918197863081,6.922321761827897,10.876398424391319,0.22091742862660071,0.14438924941285164,0.24902203548750582,0.23292774011296072
5,va_a,13,-0.49749077624471355,2.60019999750247,4.158728425210034,28.061937852168423,12.731594194662529,0.22091742862660071,0.14438924941285164,0.24902203548750582,0.23292774011296072
5,va_a,14,0.1407456793298107,7.939482096903942,6.963764015252906,11.917343195512128,10.648150230600798,0.22091742862660071,0.14438924941285164,0.24902203548750582,0.23292774011296072
5,va_a,15,-0.006952664925798722,1.7774840026043932,3.566896585546367,5.5754177139550185,0.5110621711057091,0.22091742862660071,0.14438924941285164,0.24902203548750582,0.23292774011296072
5,va_a,16,-0.2048080853711142,6.014227016719663,6.532011823546912,8.918858786369679,20.382050035331645,0.22091742862660071,0.14438924941285164,0.24902203548750582,0.23292774011296072
5,va_a,17,0.3211357955344367,4.177820530154155,2.1763531237291396,33.46971563956167,14.641490976352577,0.22091742862660071,0.14438924941285164,0.24902203548750582,0.23292774011296072
5,va_a,18,0.21603632916469326,4.440204048574057,1.8008211850294895,4.618079364997819,11.423366117911714,0.22091742862660071,0.14438924941285164,0.24902203548750582,0.23292774011296072
5,va_a,19,0.05959667358051943,3.59379053453083,1.8809401940745298,4.413313825845923,2.988323190505287,0.22091742862660071,0.14438924941285164,0.24902203548750582,0.23292774011296072
5,va_a,20,0.4873850512860364,2.0958567682924225,4.96782551581641,63.32470191341896,31.637798406380703,0.22091742862660071,0.14438924941285164,0.24902203548750582,0.23292774011296072
5,va_a,21,-0.4609663833926557,10.015353575809208,9.477959820438357,2.8248710548252802,2.1360613992631703,0.22091742862660071,0.14438924941285164,0.24902203548750582,0.23292774011296072
5,va_a,22,-0.6252798526811407,4.062669458775992,8.179145582373115,0.5963109691076031,5.228900043928901,0.22091742862660071,0.14438924941285164,0.24902203548750582,0.23292774011296072
5,va_a,23,0.36141919776931786,2.475733608400298,2.1400109210013007,8.327055354254227,9.949906434514187,0.22091742862660071,0.14438924941285164,0.24902203548750582,0.23292774011296072
5,va_a,24,-0.15559125322916673,6.716610765627732,0.7565082008634583,17.203261978171554,6.891644776819631,0.22091742862660071,0.14438924941285164,0.24902203548750582,0.23292774011296072
5,va_a,25,0.3556211550402443,4.457632148667901,1.83841052133384,2.6742383020840417,1.4884971958495095,0.22091742862660071,0.14438924941285164,0.24902203548750582,0.23292774011296072
5,va_a,26,-0.21096257090482087,3.3534695789991384,3.0788054675319634,7.380471859309003,2.892638878908331,0.22091742862660071,0.14438924941285164,0.24902203548750582,0.23292774011296072
5,va_a,27,-0.29596646942885996,3.5467013950694133,6.595088590576796,4.105015768530265,3.7391210243871558,0.22091742862660071,0.14438924941285164,0.24902203548750582,0.23292774011296072
5,va_a,28,-0.1786167811957441,4.3095491832013,2.7982216267487723,5.018898102014767,4.992683025148339,0.22091742862660071,0.14438924941285164,0.24902203548750582,0.23292774011296072
5,va_a,29,-0.1012056661841834,4.966509923780544,0.9233974333533402,8.67525061768557,6.570983540225424,0.22091742862660071,0.14438924941285164,0.24902203548750582,0.23292774011296072
5,va_a,30,0.5870959232961906,3.292798783693082,0.9719226536589889,15.564918410804754,8.16965488073491,0.22091742862660071,0.14438924941285164,0.24902203548750582,0.23292774011296072
5,va_a,31,-0.2331854083129466,2.850278338914529,3.9932875691515504,32.70859804447602,29.513002345306834,0.22091742862660071,0.14438924941285164,0.24902203548750582,0.23292774011296072
5,va_a,32,0.2138996421276834,8.052067757962561,9.919574659893783,29.588958617073622,15.402477442504512,0.22091742862660071,0.14438924941285164,0.24902203548750582,0.23292774011296072
5,va_a,33,-0.13233050641970606,3.834469168704094,8.538559622423005,8.07085831639651,2.59577903712238,0.22091742862660071,0.14438924941285164,0.24902203548750582,0.23292774011296072
5,va_a,34,0.34600646901125715,2.1409061086412087,4.623402257039464,16.275406979538662,12.821607931096526,0.22091742862660071,0.14438924941285164,0.24902203548750582,0.23292774011296072
5,va_a,35,-0.45508554401034435,9.436613161562262,2.8428173097724594,6.695222178538631,6.864949973874653,0.22091742862660071,0.14438924941285164,0.24902203548750582,0.23292774011296072
5,va_a,36,0.35248006686957695,5.692621110612101,4.387305125738119,2.793626894856032,1.6061779129231601,0.22091742862660071,0.14438924941285164,0.24902203548750582,0.23292774011296072
5,va_a,37,-0.33051902698324065,1.9099808953661297,8.144437401972926,12.184346984491265,4.711560376200291,0.22091742862660071,0.14438924941285164,0.24902203548750582,0.23292774011296072
5,va_a,38,-0.21305917806383357,7.564842845847842,4.9610750706171505,8.36635558275111,22.821578830186606,0.22091742862660071,0.14438924941285164,0.24902203548750582,0.23292774011296072
5,va_a,39,0.08532854145558924,3.9148970115017665,3.258464269135071,4.502089080392283,10.762479750454533,0.22091742862660071,0.14438924941285164,0.24902203548750582,0.23292774011296072
5,va_a,40,-0.16017929557566882,17.743238721033162,2.6541145826623556,12.28380865092086,21.2386139522097,0.22091742862660071,0.14438924941285164,0.24902203548750582,0.23292774011296072
5,va_a,41,0.026775441472243252,5.084696523781514,4.192251653732071,5.690223178549736,3.272474968476715,0.22091742862660071,0.14438924941285164,0.24902203548750582,0.23292774011296072
5,va_a,42,-0.7344382836183775,9.725676270764117,5.222170647524352,33.244611411537015,15.85004770778861,0.22091742862660071,0.14438924941285164,0.24902203548750582,0.23292774011296072
5,va_a,43,0.11957213587564541,4.405140520295299,5.582989741944272,3.9517050821783264,4.482625390594167,0.22091742862660071,0.14438924941285164,0.24902203548750582,0.23292774011296072
5,va_a,44,-0.2839916769406363,2.299487696810595,3.0072697705133224,36.178342131469094,5.158119003387833,0.22091742862660071,0.14438924941285164,0.24902203548750582,0.23292774011296072
5,va_a,45,-0.12833421386622598,12.244312708601226,8.51462967625697,10.610319756845191,24.878425828679156,0.22091742862660071,0.14438924941285164,0.24902203548750582,0.23292774011296072
5,va_a,46,0.22904990164763525,3.691011412604874,2.9613703234602773,5.960429784704577,10.447476217683247,0.22091742862660071,0.14438924941285164,0.24902203548750582,0.23292774011296072
5,va_a,47,0.2522366568244003,2.5508730460205973,5.305156995398379,4.798266082732182,0.5216063169935568,0.22091742862660071,0.14438924941285164,0.24902203548750582,0.23292774011296072
5,va_a,48,-0.23008910335192387,3.0858773153248222,3.0965806983620743,5.919238721285128,14.157357383733569,0.22091742862660071,0.14438924941285164,0.24902203548750582,0.23292774011296072
5,va_a,49,-1.025134809397458,25.354568740511112,11.092238463881811,11.596359073183605,35.6762151069068,0.22091742862660071,0.14438924941285164,0.24902203548750582,0.23292774011296072
5,va_a,50,0.034751977101447555,4.154335912004099,3.5859288424782547,11.43017977795864,13.664708167017018,0.22091742862660071,0.14438924941285164,0.24902203548750582,0.23292774011296072
5,va_a,51,0.4757062196888542,15.354678645553866,3.622069472215144,5.130994220757583,6.396049967115241,0.22091742862660071,0.14438924941285164,0.24902203548750582,0.23292774011296072
5,va_a,52,0.17703354351737788,16.649448029209996,8.823850778362521,12.035087890577737,10.743133394564786,0.22091742862660071,0.14438924941285164,0.24902203548750582,0.23292774011296072
5,va_a,53,0.27090984391994133,3.4611042405188517,7.968575780221953,54.292735819243084,27.11417541543715,0.22091742862660071,0.14438924941285164,0.24902203548750582,0.23292774011296072
5,va_a,54,-0.04218525631607076,1.9430771136541563,2.7449703613072827,33.14298799440654,8.444994685477173,0.22091742862660071,0.14438924941285164,0.24902203548750582,0.23292774011296072
5,va_a,55,0.1754091320877609,5.564336231587406,5.287586616236516,29.628104946259715,8.517560958050316,0.22091742862660071,0.14438924941285164,0.24902203548750582,0.23292774011296072
5,va_a,56,-0.37204534888186735,1.7601928308462922,5.458819425853125,6.984383802346853,2.0025463145893894,0.22091742862660071,0.14438924941285164,0.24902203548750582,0.23292774011296072
5,va_a,57,0.1651612271903263,3.5706417144346774,7.917719565843228,21.164262055643935,3.650297841617585,0.22091742862660071,0.14438924941285164,0.24902203548750582,0.23292774011296072
5,va_a,58,0.23321249598389118,3.2779100364541884,1.6368887865229687,5.393238189701264,2.4842745398240065,0.22091742862660071,0.14438924941285164,0.24902203548750582,0.23292774011296072
5,va_a,59,-0.15649809667161316,8.746572284749226,2.3500234536795226,3.5480529564573957,6.318766236340852,0.22091742862660071,0.14438924941285164,0.24902203548750582,0.23292774011296072
5,va_a,60,-0.37496116224531456,3.973731767916736,2.3399491783114597,8.0463241866161,7.041230366297409,0.22091742862660071,0.14438924941285164,0.24902203548750582,0.23292774011296072
6,ia_a,1,-0.03439636775268986,0.9895458817300885,0.9422882316878558,9.475061396818214,3.948397396994837,0.18600227602718758,0.1193615889944389,0.38774052921618707,0.17009323407888935
6,ia_a,2,0.5845564607826575,5.6966308337373635,4.731910201609208,8.958719057260023,13.999816048079497,0.18600227602718758,0.1193615889944389,0.38774052921618707,0.17009323407888935
6,ia_a,3,-0.18898740814516857,6.688164753784814,2.0533539338266844,6.576423261013803,10.23283894973058,0.18600227602718758,0.1193615889944389,0.38774052921618707,0.17009323407888935
6,ia_a,4,0.023800531868349146,4.105513386424593,6.865885343983373,16.15826260589169,16.56789604309578,0.18600227602718758,0.1193615889944389,0.38774052921618707,0.17009323407888935
6,ia_a,5,0.2903441373942078,2.0394535829383633,3.312062485337928,9.293101230834038,9.61652695196398,0.18600227602718758,0.1193615889944389,0.38774052921618707,0.17009323407888935
6,ia_a,6,0.23724337497146314,1.0025434619778162,1.821613617146964,0.6476563931158489,2.985290974315519,0.18600227602718758,0.1193615889944389,0.38774052921618707,0.17009323407888935
6,ia_a,7,0.29302364528070074,1.4968139581349682,3.1282391202049125,22.90071985251513,2.0124878924130614,0.18600227602718758,0.1193615889944389,0.38774052921618707,0.17009323407888935
6,ia_a,8,0.4838763508557507,12.90814681938536,2.047768426467497,21.75097434838269,33.740659473561664,0.18600227602718758,0.1193615889944389,0.38774052921618707,0.17009323407888935
6,ia_a,9,0.15551901805911988,25.149967944685358,7.883077868175921,4.150492360815614,13.486560697473593,0.18600227602718758,0.1193615889944389,0.38774052921618707,0.17009323407888935
6,ia_a,10,0.22378747676526226,1.1479296336868023,3.616025482347067,3.897285767448993,2.7382977078917543,0.18600227602718758,0.1193615889944389,0.38774052921618707,0.17009323407888935
6,ia_a,11,-0.21032044504675024,3.322494942509232,3.967137567267023,8.055255052694898,0.7664136342403116,0.18600227602718758,0.1193615889944389,0.38774052921618707,0.17009323407888935
6,ia_a,12,-0.18665940410764517,2.4528715777547676,3.2974731843998146,7.787873421639347,8.433735806513265,0.18600227602718758,0.1193615889944389,0.38774052921618707,0.17009323407888935
6,ia_a,13,0.5051825413528039,6.667776079685185,3.5435105683331707,2.895693441573317,4.0273221985295145,0.18600227602718758,0.1193615889944389,0.38774052921618707,0.17009323407888935
6,ia_a,15,-0.25014534092404517,4.073897464529094,1.65260810658916,19.09014666183393,8.124402827728641,0.18600227602718758,0.1193615889944389,0.38774052921618707,0.17009323407888935
6,ia_a,16,-0.6432109249478745,6.916181841064258,13.664024959932686,18.28963367738824,2.6841959942048863,0.18600227602718758,0.1193615889944389,0.38774052921618707,0.17009323407888935
6,ia_a,17,-0.03368008953924245,1.5486677336983055,1.053979472724043,14.084066276236184,8.196283015771414,0.18600227602718758,0.1193615889944389,0.38774052921618707,0.17009323407888935
6,ia_a,18,-0.24841024733081282,9.99416162579371,2.7250064263713845,20.07594242371564,12.18442222142989,0.18600227602718758,0.1193615889944389,0.38774052921618707,0.17009323407888935
6,ia_a,19,0.43093989020266005,4.683470609099301,5.574071090985991,42.15814907171006,9.812556387019558,0.18600227602718758,0.1193615889944389,0.38774052921618707,0.17009323407888935
6,ia_a,20,-0.07799485269195548,1.7736250555986353,5.259109029103665,3.3058779084929144,3.4146067302152674,0.18600227602718758,0.1193615889944389,0.38774052921618707,0.17009323407888935
6,ia_a,21,-0.3240229661395057,2.512782721048046,3.788484599446736,2.200829912113755,1.866201941538165,0.18600227602718758,0.1193615889944389,0.38774052921618707,0.17009323407888935
6,ia_a,22,0.056330630225321664,5.444488713563112,4.368034647739531,3.734085107919628,2.8181770950445313,0.18600227602718758,0.1193615889944389,0.38774052921618707,0.17009323407888935
6,ia_a,23,-0.2832082115516347,3.5743870871144807,6.901948630936024,13.042031981472038,6.9363520147747435,0.18600227602718758,0.1193615889944389,0.38774052921618707,0.17009323407888935
6,ia_a,24,0.0631735324461779,2.9353643088886936,2.7299646931594155,40.54431293280579,12.32453019226979,0.18600227602718758,0.1193615889944389,0.38774052921618707,0.17009323407888935
6,ia_a,25,0.3081888060629558,3.0112598271824687,4.331853932537808,6.968488868658471,3.0800208289327995,0.18600227602718758,0.1193615889944389,0.38774052921618707,0.17009323407888935
6,ia_a,26,-0.4706236347767119,20.225815477661094,6.003489939430229,53.29051299783423,56.072608908705,0.18600227602718758,0.1193615889944389,0.38774052921618707,0.17009323407888935
6,ia_a,27,0.7989688960608079,15.63729203794485,4.97166472576983,11.419134262252161,6.773770861434049,0.18600227602718758,0.1193615889944389,0.38774052921618707,0.17009323407888935
6,ia_a,28,-0.6677813112363506,4.6777976633918135,2.7699531073582873,55.76814714122911,36.69379128569271,0.18600227602718758,0.1193615889944389,0.38774052921618707,0.17009323407888935
6,ia_a,29,0.4583958369947112,2.2411786901331308,1.143279385636096,8.716074359648433,2.649079788959146,0.18600227602718758,0.1193615889944389,0.38774052921618707,0.17009323407888935
6,ia_a,30,0.3861602518370163,4.02185052974294,1.4198611614845622,15.469782595042014,24.50715123223743,0.18600227602718758,0.1193615889944389,0.38774052921618707,0.17009323407888935
6,ia_a,31,0.32448458872473845,2.273286570385653,2.0248045837678745,6.978753650043461,3.2708456091571807,0.18600227602718758,0.1193615889944389,0.38774052921618707,0.17009323407888935
6,ia_a,32,0.23566161035663863,1.1822880714380657,1.4870501196470922,14.859771800978761,2.6882971145761196,0.18600227602718758,0.1193615889944389,0.38774052921618707,0.17009323407888935
6,ia_a,33,0.01008201209054749,3.600416864268463,1.8915175873779422,6.168217832585092,4.21847599873659,0.18600227602718758,0.1193615889944389,0.38774052921618707,0.17009323407888935
6,ia_a,34,0.4068397110864691,7.822518972840343,4.340349087547782,8.322655058571014,2.977589373341707,0.18600227602718758,0.1193615889944389,0.38774052921618707,0.17009323407888935
6,ia_a,35,0.18164995426258215,13.644319886378055,9.119150284178927,10.053662405604044,10.663726972624774,0.18600227602718758,0.1193615889944389,0.38774052921618707,0.17009323407888935
6,ia_a,36,-0.13488027183803392,2.3076988151261695,1.167993153130146,11.076705730694073,3.7474539614774205,0.18600227602718758,0.1193615889944389,0.38774052921618707,0.17009323407888935
6,ia_a,37,0.42880696838201343,2.7480832026423703,4.181933633419102,7.1553797202432285,1.9811422911033625,0.18600227602718758,0.1193615889944389,0.38774052921618707,0.17009323407888935
6,ia_a,38,-0.23945514765151324,14.550145600081983,10.292241331324943,9.733949822353367,10.359020106654198,0.18600227602718758,0.1193615889944389,0.38774052921618707,0.17009323407888935
6,ia_a,39,-0.13216423769504532,3.909658852810672,7.95473500708317,28.109801619241278,18.660107738614446,0.18600227602718758,0.1193615889944389,0.38774052921618707,0.17009323407888935
6,ia_a,41,0.472750855894547,1.1091998759828174,2.7006042955790277,5.5472184491725605,5.453299579423326,0.18600227602718758,0.1193615889944389,0.38774052921618707,0.17009323407888935
6,ia_a,42,-0.4132854326182808,11.629636893108026,10.170624210112447,7.527558109745483,19.825146243262758,0.18600227602718758,0.1193615889944389,0.38774052921618707,0.17009323407888935
6,ia_a,43,0.34298739914622084,2.575403587456371,3.8288630913641555,9.365755529834663,1.522877939182551,0.18600227602718758,0.1193615889944389,0.38774052921618707,0.17009323407888935
6,ia_a,44,0.2292732517171993,3.358438031466628,5.71494014328672,8.579139790060415,9.427192919149267,0.18600227602718758,0.1193615889944389,0.38774052921618707,0.17009323407888935
6,ia_a,45,0.4796366600545146,6.714632278197741,4.4257370404889445,50.68501239066652,21.565116398377306,0.18600227602718758,0.1193615889944389,0.38774052921618707,0.17009323407888935
6,ia_a,46,0.2982539908550302,1.2738721526678798,2.876006855515925,9.26757654657337,8.822135681882811,0.18600227602718758,0.1193615889944389,0.38774052921618707,0.17009323407888935
6,ia_a,47,-0.10086389997439273,1.2657630857199247,3.744350291845718,1.3593517034241385,2.0697625794329513,0.18600227602718758,0.1193615889944389,0.38774052921618707,0.17009323407888935
6,ia_a,48,-0.14915924458487279,1.1154839557384104,0.9940702145503066,0.25713900526451733,2.8143672142530414,0.18600227602718758,0.1193615889944389,0.38774052921618707,0.17009323407888935
6,ia_a,50,-0.6138363965070663,0.882386563789391,1.0300106875836992,7.571803525518074,5.945676946106158,0.18600227602718758,0.1193615889944389,0.38774052921618707,0.17009323407888935
6,ia_a,51,0.23386642371562663,9.876740975650128,7.084417378719076,36.34268239015219,41.16988727737623,0.18600227602718758,0.1193615889944389,0.38774052921618707,0.17009323407888935
6,ia_a,52,-0.0652755147169731,2.522527630319019,0.6971003361710926,9.180800058748268,9.196259237492926,0.18600227602718758,0.1193615889944389,0.38774052921618707,0.17009323407888935
6,ia_a,53,0.15579263418083134,8.426017348092824,6.696402599680007,2.6738693622051697,2.634021919543545,0.18600227602718758,0.1193615889944389,0.38774052921618707,0.17009323407888935
6,ia_a,54,0.6189838614260452,5.803716407479428,3.426770502250096,16.867649579167544,13.26204975033811,0.18600227602718758,0.1193615889944389,0.38774052921618707,0.17009323407888935
6,ia_a,56,-0.19017036690768518,4.888179919621956,2.1848008252735767,3.9153122574381003,3.4019441840886464,0.18600227602718758,0.1193615889944389,0.38774052921618707,0.17009323407888935
6,ia_a,58,-0.17715984066495757,1.7468718081574222,2.756015122031726,4.309053676745294,9.071066248708211,0.18600227602718758,0.1193615889944389,0.38774052921618707,0.17009323407888935
6,ia_a,59,0.36546164420308686,8.53261961840657,2.342831381579917,12.003612767787365,13.14228104111746,0.18600227602718758,0.1193615889944389,0.38774052921618707,0.17009323407888935
6,ia_a,60,0.6364949723216485,1.0323795796063713,2.1279922757808274,6.286865515646611,5.375648537687361,0.18600227602718758,0.1193615889944389,0.38774052921618707,0.17009323407888935
6,va_a,1,-0.008857684140234535,18.648737677627956,7.478892025708783,25.12876751668552,13.27193945218197,0.12470777863232553,0.12724806979938416,0.22153742030117585,0.22026301932996073
6,va_a,2,-0.05109666861915703,3.312343595507227,3.665145218933253,6.57485438216775,3.7505863122838137,0.12470777863232553,0.12724806979938416,0.22153742030117585,0.22026301932996073
6,va_a,3,-0.19591050947827393,12.799433511774014,3.207237402033402,9.473727391959384,22.741291226698777,0.12470777863232553,0.12724806979938416,0.22153742030117585,0.22026301932996073
6,va_a,4,-0.20341220899571322,6.913153012775809,1.9559293524460906,1.926790851145193,4.98953804639287,0.12470777863232553,0.12724806979938416,0.22153742030117585,0.22026301932996073
6,va_a,5,-0.3395380865682216,5.8888561906113015,2.1733957642339576,26.863227605408937,7.819186761142926,0.12470777863232553,0.12724806979938416,0.22153742030117585,0.22026301932996073
6,va_a,6,-0.2138961008937294,3.0208010410406576,3.583372834157447,7.0178920907422775,3.6749409739378605,0.12470777863232553,0.12724806979938416,0.22153742030117585,0.22026301932996073
6,va_a,7,-0.35062863891005475,3.685952646742651,2.4060848069510934,3.4299477892283816,2.7831061856988764,0.12470777863232553,0.12724806979938416,0.22153742030117585,0.22026301932996073
6,va_a,8,0.5606523045605818,20.1633288225509,7.599357785298335,19.39247770927867,16.024291795960103,0.12470777863232553,0.12724806979938416,0.22153742030117585,0.22026301932996073
6,va_a,9,0.16428887410444776,2.076663482995819,1.116116709965289,3.5239895797678313,1.8497094295393834,0.12470777863232553,0.12724806979938416,0.22153742030117585,0.22026301932996073
6,va_a,10,0.18420096489192087,3.4140287605552007,2.53565215777568,10.949896496834015,6.6333038183310205,0.12470777863232553,0.12724806979938416,0.22153742030117585,0.22026301932996073
6,va_a,11,-0.023198797303748207,1.097067353678069,4.7029417991033196,10.50107476856007,12.144143330293112,0.12470777863232553,0.12724806979938416,0.22153742030117585,0.22026301932996073
6,va_a,12,0.37961661363286575,8.445240854180808,3.8517313497355783,13.023511305642332,9.199397910495984,0.12470777863232553,0.12724806979938416,0.22153742030117585,0.22026301932996073
6,va_a,13,-0.0840852623332634,2.163642846204357,1.1754796240878707,18.053226450101146,8.575319811346192,0.12470777863232553,0.12724806979938416,0.22153742030117585,0.22026301932996073
6,va_a,14,0.3097419081445159,1.2835804535541184,2.2241151727899933,9.194597895324216,1.5996069177598682,0.12470777863232553,0.12724806979938416,0.22153742030117585,0.22026301932996073
6,va_a,15,-0.24150383414868398,3.1944480899816856,6.485787834560865,33.986111082453704,4.19393775327627,0.12470777863232553,0.12724806979938416,0.22153742030117585,0.22026301932996073
6,va_a,16,-0.07332014552518126,3.9288119699925255,4.23768319992368,0.816130799212299,1.7591775681166353,0.12470777863232553,0.12724806979938416,0.22153742030117585,0.22026301932996073
6,va_a,17,0.33588188346143466,9.419168877461614,1.6219268241037232,17.641912527526035,22.21818281604408,0.12470777863232553,0.12724806979938416,0.22153742030117585,0.22026301932996073
6,va_a,18,0.09911855751000938,4.447653105472199,5.032882830600336,49.65317516890495,9.176136526927747,0.12470777863232553,0.12724806979938416,0.22153742030117585,0.22026301932996073
6,va_a,19,0.27099788378926243,1.7317826282751614,2.084979226054728,2.228500376894695,4.431240502051311,0.12470777863232553,0.12724806979938416,0.22153742030117585,0.22026301932996073
6,va_a,20,-0.25279288127134036,1.6279507592932212,2.06679869674482,1.1370856777975196,1.6505032827710913,0.12470777863232553,0.12724806979938416,0.22153742030117585,0.22026301932996073
6,va_a,21,-0.18048642658698685,2.877557742896172,2.118297869635813,14.824028290103081,4.068870548288768,0.12470777863232553,0.12724806979938416,0.22153742030117585,0.22026301932996073
6,va_a,22,-0.9014543556064796,6.161029308522266,13.343095647123015,25.765376583084947,10.231929579160939,0.12470777863232553,0.12724806979938416,0.22153742030117585,0.22026301932996073
6,va_a,23,-0.2376190281042043,6.723647722305627,7.8372087233102095,5.329214839355148,8.638132764655008,0.12470777863232553,0.12724806979938416,0.22153742030117585,0.22026301932996073
6,va_a,24,-0.37620934152561464,2.5438833267547993,4.141961290247826,13.966694998873043,7.16616999528857,0.12470777863232553,0.12724806979938416,0.22153742030117585,0.22026301932996073
6,va_a,25,0.6741477015101575,4.784203822229294,4.276715803210114,7.650476898621894,4.254662609627965,0.12470777863232553,0.12724806979938416,0.22153742030117585,0.22026301932996073
6,va_a,26,-0.09361828184025135,5.891771840466292,9.839986618216177,23.3763871071314,7.0178473735022,0.12470777863232553,0.12724806979938416,0.22153742030117585,0.22026301932996073
6,va_a,27,-0.24982692993553202,5.031807717682597,5.354320616206381,10.022474745080332,7.846046771903223,0.12470777863232553,0.12724806979938416,0.22153742030117585,0.22026301932996073
6,va_a,28,-0.4094529131851791,5.480961928487477,5.929660081136517,8.021050335243888,10.250122561295987,0.12470777863232553,0.12724806979938416,0.22153742030117585,0.22026301932996073
6,va_a,29,-0.08936646246832357,2.105843855604203,2.8781586635748466,2.4795249064605165,0.6943844477286141,0.12470777863232553,0.12724806979938416,0.22153742030117585,0.22026301932996073
6,va_a,30,0.3094624812299707,15.267605981075508,4.315939249367511,4.775110063468302,2.6642431322468587,0.12470777863232553,0.12724806979938416,0.22153742030117585,0.22026301932996073
6,va_a,31,0.1385281454264596,3.223451127375401,6.371286547837843,14.456305998640135,14.822386132557277,0.12470777863232553,0.12724806979938416,0.22153742030117585,0.22026301932996073
6,va_a,32,-0.46405798708723545,5.520900286364905,6.67061987492202,15.17932191345797,4.557780394680886,0.12470777863232553,0.12724806979938416,0.22153742030117585,0.22026301932996073
6,va_a,33,-0.22242475867440667,5.435073314681411,5.516805890617052,14.278985150098308,18.73622478271937,0.12470777863232553,0.12724806979938416,0.22153742030117585,0.22026301932996073
6,va_a,34,-0.08622574928265378,3.6179222722435287,4.476297097284347,4.15413879980137,3.8492973676513755,0.12470777863232553,0.12724806979938416,0.22153742030117585,0.22026301932996073
6,va_a,35,-0.01661526405085518,7.0246679218720205,7.722884561787073,5.268636198296952,2.7729044748660883,0.12470777863232553,0.12724806979938416,0.22153742030117585,0.22026301932996073
6,va_a,36,-0.479988411412396,9.16263679673716,5.345655948901016,37.58727391459789,24.585770557872564,0.12470777863232553,0.12724806979938416,0.22153742030117585,0.22026301932996073
6,va_a,37,-0.3346811775254821,9.888586699026094,6.020071804607943,20.241337729627784,8.95784975895459,0.12470777863232553,0.12724806979938416,0.22153742030117585,0.22026301932996073
6,va_a,38,-0.4169461689874752,4.8050090179060225,4.694592984278352,8.746295607328753,9.21297636118886,0.12470777863232553,0.12724806979938416,0.22153742030117585,0.22026301932996073
6,va_a,39,0.014614427759908953,2.0368968530700453,1.7612980935597378,19.795832317450298,15.1515977677552,0.12470777863232553,0.12724806979938416,0.22153742030117585,0.22026301932996073
6,va_a,40,-0.0654001115407393,4.1138037530664695,3.42672104464782,2.631669250343707,2.972180065779266,0.12470777863232553,0.12724806979938416,0.22153742030117585,0.22026301932996073
6,va_a,41,-0.01965570945489064,3.137104067210053,3.3644969287539856,14.661374636764002,6.790456595941712,0.12470777863232553,0.12724806979938416,0.22153742030117585,0.22026301932996073
6,va_a,42,-0.026321390983037898,0.8558896450482821,1.7395262110791483,4.39342311690929,2.933786890358559,0.12470777863232553,0.12724806979938416,0.22153742030117585,0.22026301932996073
6,va_a,43,0.03527525319203318,6.012208710421121,5.4546873873886925,8.27637249184905,15.763608247374364,0.12470777863232553,0.12724806979938416,0.22153742030117585,0.22026301932996073
6,va_a,44,-0.44117759362879533,1.1380771000758492,1.7180789766651507,0.21613387886830743,1.9121359946905376,0.12470777863232553,0.12724806979938416,0.22153742030117585,0.22026301932996073
6,va_a,45,-0.3520169875486803,1.865374317029473,1.2200901254867909,7.525070822255352,3.1516048175482774,0.12470777863232553,0.12724806979938416,0.22153742030117585,0.22026301932996073
6,va_a,46,0.14440144382665007,2.095426346497048,2.7627955878256207,5.527716900344574,7.023390635497341,0.12470777863232553,0.12724806979938416,0.22153742030117585,0.22026301932996073
6,va_a,47,-0.5495103118974949,1.4487497475542186,2.840476131391769,14.771506933195257,7.494041195217625,0.12470777863232553,0.12724806979938416,0.22153742030117585,0.22026301932996073
6,va_a,48,-0.3178691351279745,3.816057100923463,4.241158934306057,10.975771941507666,9.962642314206336,0.12470777863232553,0.12724806979938416,0.22153742030117585,0.22026301932996073
6,va_a,49,-0.227372764367631,2.0319634215240208,7.3499407179153575,10.65835619093489,7.113128497188801,0.12470777863232553,0.12724806979938416,0.22153742030117585,0.22026301932996073
6,va_a,50,-0.2736884078070277,3.9816018192386937,3.3738394641072396,7.8488734390962165,8.142059690384773,0.12470777863232553,0.12724806979938416,0.22153742030117585,0.22026301932996073
6,va_a,51,-0.06940859448696587,7.730904840979079,4.255592040568251,0.749768345008931,1.0163171211824689,0.12470777863232553,0.12724806979938416,0.22153742030117585,0.22026301932996073
6,va_a,52,0.010129143420305057,2.2666931927649454,1.9960952244798327,29.89335268509987,19.168010648081733,0.12470777863232553,0.12724806979938416,0.22153742030117585,0.22026301932996073
6,va_a,53,-0.2055691050014292,3.224050844884995,0.900987745774215,4.457457632451109,3.6663012678686626,0.12470777863232553,0.12724806979938416,0.22153742030117585,0.22026301932996073
6,va_a,54,-0.14623944667899386,1.3398988121043,1.6325013959228412,7.685636945767484,6.258689717691136,0.12470777863232553,0.12724806979938416,0.22153742030117585,0.22026301932996073
6,va_a,55,0.22808479480978094,3.3151012774201103,3.256122559086434,3.723631971273366,5.567903407194754,0.12470777863232553,0.12724806979938416,0.22153742030117585,0.22026301932996073
6,va_a,56,-0.6123149557885043,6.774956838542668,5.290119486457321,7.536639350665908,11.340809077494734,0.12470777863232553,0.12724806979938416,0.22153742030117585,0.22026301932996073
6,va_a,57,0.3187815329599883,8.721615062333509,2.955936384636615,4.42501882524998,4.276269094348727,0.12470777863232553,0.12724806979938416,0.22153742030117585,0.22026301932996073
6,va_a,58,-1.149472787160961,5.525045505094019,4.564059655120272,19.378179526743217,26.83394438266013,0.12470777863232553,0.12724806979938416,0.22153742030117585,0.22026301932996073
6,va_a,59,0.6174817388927358,5.2725782779780515,2.799006896608019,7.360917347523158,14.871312915941573,0.12470777863232553,0.12724806979938416,0.22153742030117585,0.22026301932996073
6,va_a,60,0.21510112735375522,2.907224445554963,2.5219591682903144,18.573691100492127,9.033823727190565,0.12470777863232553,0.12724806979938416,0.22153742030117585,0.22026301932996073
7,ia_a,1,0.1497789388149722,15.929850236911282,4.060417397729089,24.92428920435065,9.410434765050633,0.2626079321938094,0.13628731886726672,0.3003822937094825,0.23257038359777468
7,ia_a,2,-0.09282986145416292,4.391829973229179,3.504319573507233,3.1491122164839602,9.362025411739674,0.2626079321938094,0.13628731886726672,0.3003822937094825,0.23257038359777468
7,ia_a,3,0.27250587337525445,3.120603860273853,7.859883178993059,15.01811155049475,4.274285526449379,0.2626079321938094,0.13628731886726672,0.3003822937094825,0.23257038359777468
7,ia_a,4,0.017901818996517455,31.905649581541255,8.47083976084306,92.37025766076489,40.37720693219831,0.2626079321938094,0.13628731886726672,0.3003822937094825,0.23257038359777468
7,ia_a,5,-0.46573387722403703,57.588056055264474,14.453911269361313,27.330778342296146,50.43861224183313,0.2626079321938094,0.13628731886726672,0.3003822937094825,0.23257038359777468
7,ia_a,6,-1.144282687013326,22.146157604156766,12.180821408577557,82.55877257889564,31.934629180337332,0.2626079321938094,0.13628731886726672,0.3003822937094825,0.23257038359777468
7,ia_a,7,0.4293681572767809,18.46920427203552,17.678784568657175,12.357133316431671,19.51756702537313,0.2626079321938094,0.13628731886726672,0.3003822937094825,0.23257038359777468
7,ia_a,8,0.028128027340891575,29.332169078341533,8.669537325021444,27.08765769320905,30.845616425078774,0.2626079321938094,0.13628731886726672,0.3003822937094825,0.23257038359777468
7,ia_a,9,-0.306001911450114,5.83319184526907,11.38180383474356,17.8721285261149,7.419859394412125,0.2626079321938094,0.13628731886726672,0.3003822937094825,0.23257038359777468
7,ia_a,10,-1.2078863812287677,5.155392299386512,1.6645444300126313,13.95085738441758,26.883828894430756,0.2626079321938094,0.13628731886726672,0.3003822937094825,0.23257038359777468
7,ia_a,11,-0.7079778644931888,6.302731938306779,5.531227065834487,38.87327439787699,17.42140561711876,0.2626079321938094,0.13628731886726672,0.3003822937094825,0.23257038359777468
7,ia_a,12,-0.9255761558215702,3.3751677450583113,2.4040277540734425,2.6150627376806606,1.689918593017826,0.2626079321938094,0.13628731886726672,0.3003822937094825,0.23257038359777468
7,ia_a,13,-0.34159391286113566,20.87544120937826,8.338562434632056,7.99864354765944,6.894991542298034,0.2626079321938094,0.13628731886726672,0.3003822937094825,0.23257038359777468
7,ia_a,14,-0.308637256147385,27.95953695909548,12.362474852528216,5.435489259198307,18.487607684240295,0.2626079321938094,0.13628731886726672,0.3003822937094825,0.23257038359777468
7,ia_a,15,0.5124274989704338,13.5896998679936,8.97851874430751,21.207438446219285,12.331294454940636,0.2626079321938094,0.13628731886726672,0.3003822937094825,0.23257038359777468
7,ia_a,16,0.08772808761959948,5.188874912992486,6.0841172612474805,21.74478260782429,6.275929509557409,0.2626079321938094,0.13628731886726672,0.3003822937094825,0.23257038359777468
7,ia_a,17,-0.7799134311111762,3.2829406259359453,2.6273017236376335,8.920790913127135,11.242640867583335,0.2626079321938094,0.13628731886726672,0.3003822937094825,0.23257038359777468
7,ia_a,18,0.025571294607613572,14.887798062852085,4.200823375998832,11.89868514060573,30.00945435229439,0.2626079321938094,0.13628731886726672,0.3003822937094825,0.23257038359777468
7,ia_a,19,-0.060815238635216734,21.849759497138212,8.127066367554878,8.272523719567628,39.75203303690307,0.2626079321938094,0.13628731886726672,0.3003822937094825,0.23257038359777468
7,ia_a,20,-0.1112505659954722,6.674080511719311,6.35771124929599,10.186143637860464,5.149006224671875,0.2626079321938094,0.13628731886726672,0.3003822937094825,0.23257038359777468
7,ia_a,21,-0.3392010188615882,1.9731629570543727,3.6558270327545377,19.41888876558984,7.837930522775053,0.2626079321938094,0.13628731886726672,0.3003822937094825,0.23257038359777468
7,ia_a,22,-1.4530255456444527,35.27109998635425,4.721814327447624,23.76818313217197,44.89418651294263,0.2626079321938094,0.13628731886726672,0.3003822937094825,0.23257038359777468
7,ia_a,23,0.34031080487543197,12.375170754212713,10.029469703833657,23.94632060629477,17.699662347054577,0.2626079321938094,0.13628731886726672,0.3003822937094825,0.23257038359777468
7,ia_a,24,0.4291056487331058,9.348561701974711,13.7471867812108,27.50301507641236,33.974806668594624,0.2626079321938094,0.13628731886726672,0.3003822937094825,0.23257038359777468
7,ia_a,25,0.21646851748640944,1.9740203911103142,5.537537389057371,2.6484490710936193,2.1030483782387255,0.2626079321938094,0.13628731886726672,0.3003822937094825,0.23257038359777468
7,ia_a,26,-0.888306011947092,4.102081899504118,9.058592759277163,7.220850039217167,9.723701978834669,0.2626079321938094,0.13628731886726672,0.3003822937094825,0.23257038359777468
7,ia_a,27,0.12157939946036063,7.953554593833701,2.800730995240076,26.217437286015127,15.4140023967308,0.2626079321938094,0.13628731886726672,0.3003822937094825,0.23257038359777468
7,ia_a,28,-0.28830357976810606,12.25669378530385,6.824604101382411,48.18495222032653,4.5932698687779,0.2626079321938094,0.13628731886726672,0.3003822937094825,0.23257038359777468
7,ia_a,29,0.37333237296460975,7.532504614819563,2.0393239166737667,3.6092690046173623,5.206832121104234,0.2626079321938094,0.13628731886726672,0.3003822937094825,0.23257038359777468
7,ia_a,30,0.3936777989697484,1.8695578898525496,4.8056989258878895,23.872787912812502,6.141484076247926,0.2626079321938094,0.13628731886726672,0.3003822937094825,0.23257038359777468
7,ia_a,31,0.09040992061550969,5.9129064025988285,5.8516382940549345,4.977212428029877,7.367216053627553,0.2626079321938094,0.13628731886726672,0.3003822937094825,0.23257038359777468
7,ia_a,32,0.7170130473999788,8.531743217221527,10.870219305276246,22.53334312155678,23.30960251802089,0.2626079321938094,0.13628731886726672,0.3003822937094825,0.23257038359777468
7,ia_a,33,0.5494330357560825,1.8143259510337841,3.7958216859508247,12.466746466570287,1.722777751021656,0.2626079321938094,0.13628731886726672,0.3003822937094825,0.23257038359777468
7,ia_a,34,-0.11458028416266865,15.16914820081571,18.71190060428778,19.55168330159418,20.081421525298715,0.2626079321938094,0.13628731886726672,0.3003822937094825,0.23257038359777468
7,ia_a,35,-0.48547491157874034,8.804419712912837,10.63415231189874,6.463891008595742,9.828518172430703,0.2626079321938094,0.13628731886726672,0.3003822937094825,0.23257038359777468
7,ia_a,36,0.056361588755967126,3.5135049443651623,1.7828948452833937,3.25559189966604,7.221519096751766,0.2626079321938094,0.13628731886726672,0.3003822937094825,0.23257038359777468
7,ia_a,37,-1.3373408978929384,2.5101126650709817,9.827626823813128,86.1051134954643,18.179355008177982,0.2626079321938094,0.13628731886726672,0.3003822937094825,0.23257038359777468
7,ia_a,38,-0.7139133324882881,12.967012341144377,8.320355718122272,32.45803213997746,26.850454698270145,0.2626079321938094,0.13628731886726672,0.3003822937094825,0.23257038359777468
7,ia_a,39,0.08433866519178232,12.55132460761333,8.81943870916346,22.200168221108378,10.006811496576159,0.2626079321938094,0.13628731886726672,0.3003822937094825,0.23257038359777468
7,ia_a,40,-0.7751296571460102,3.026848813341862,5.447916697333785,72.56496504936098,44.38931986039498,0.2626079321938094,0.13628731886726672,0.3003822937094825,0.23257038359777468
7,ia_a,41,0.2895912559957499,3.3828995659480774,5.025423254610101,32.74982307238306,5.891865669616556,0.2626079321938094,0.13628731886726672,0.3003822937094825,0.23257038359777468
7,ia_a,42,-0.5971889338282689,1.641846757702191,2.5038704320203338,7.647438003453497,10.968956926572417,0.2626079321938094,0.13628731886726672,0.3003822937094825,0.23257038359777468
7,ia_a,43,-0.4268761961785845,22.894892978349784,12.726110798187255,7.826152078902293,21.378832611868436,0.2626079321938094,0.13628731886726672,0.3003822937094825,0.23257038359777468
7,ia_a,44,0.3378681134952653,6.36420522322405,16.026232803142385,9.164129199863375,18.898143385318168,0.2626079321938094,0.13628731886726672,0.3003822937094825,0.23257038359777468
7,ia_a,45,-0.8428819786765837,0.519150331772311,6.92566316830228,30.692734284087937,4.453080109710193,0.2626079321938094,0.13628731886726672,0.3003822937094825,0.23257038359777468
7,ia_a,46,-0.36762818230658795,11.52148297242124,5.669970690636446,7.386104501549945,4.090794998645099,0.2626079321938094,0.13628731886726672,0.3003822937094825,0.23257038359777468
7,ia_a,47,-0.47774929463808125,33.17898127828105,12.552008896987912,68.95259733028477,23.292839160207237,0.2626079321938094,0.13628731886726672,0.3003822937094825,0.23257038359777468
7,ia_a,48,-0.7537187800247939,6.6719545348599345,9.161205309088421,6.303300592018084,10.674068665956934,0.2626079321938094,0.13628731886726672,0.3003822937094825,0.23257038359777468
7,ia_a,49,-0.7534513402261688,8.448140944854792,7.7710624709043294,7.762768588814953,9.044833174896857,0.2626079321938094,0.13628731886726672,0.3003822937094825,0.23257038359777468
7,ia_a,50,-0.17234894701006567,2.7720454685332436,3.5315485924787593,24.318291192460755,8.900050627843067,0.2626079321938094,0.13628731886726672,0.3003822937094825,0.23257038359777468
7,ia_a,51,-0.8621591812648748,3.3192379667942853,7.147619851917123,19.5746254396908,10.81724774887769,0.2626079321938094,0.13628731886726672,0.3003822937094825,0.23257038359777468
7,ia_a,52,0.054963940718672034,3.4238152209647157,9.83321754967461,13.434027040569243,7.032129001866866,0.2626079321938094,0.13628731886726672,0.3003822937094825,0.23257038359777468
7,ia_a,53,0.0087002474561293,13.830847359096525,2.295921429623744,8.20795542979227,19.66193219160961,0.2626079321938094,0.13628731886726672,0.3003822937094825,0.23257038359777468
7,ia_a,54,0.7390568673279073,69.96083852009048,9.912753452368571,110.70466751541261,229.0384130883716,0.2626079321938094,0.13628731886726672,0.3003822937094825,0.23257038359777468
7,ia_a,55,-0.11921659487617875,33.220890086026515,8.71952934994419,6.416335714079925,46.134206322111275,0.2626079321938094,0.13628731886726672,0.3003822937094825,0.23257038359777468
7,ia_a,56,0.8216774575219407,10.111584064696483,7.338285275522972,23.69807718914189,13.98900046822818,0.2626079321938094,0.13628731886726672,0.3003822937094825,0.23257038359777468
7,ia_a,57,0.3042249431187099,4.773428333131674,2.180101819434668,94.02035171703855,29.59591756385391,0.2626079321938094,0.13628731886726672,0.3003822937094825,0.23257038359777468
7,ia_a,58,-0.2971376183642246,2.2271809609351134,2.863757156246643,2.149457525019218,8.138155993490521,0.2626079321938094,0.13628731886726672,0.3003822937094825,0.23257038359777468
7,ia_a,59,-0.08593070463514575,14.94994714446356,11.814464615185543,55.402137218794444,32.102167648819425,0.2626079321938094,0.13628731886726672,0.3003822937094825,0.23257038359777468
7,ia_a,60,-1.5568064774632218,12.616631195755561,5.240013241397667,16.00515080150122,31.130868080424115,0.2626079321938094,0.13628731886726672,0.3003822937094825,0.23257038359777468
7,va_a,1,-0.16002541142047277,5.160460485829356,2.41196242641837,61.11164311488232,15.932338586714154,0.18020691521420637,0.11752203058362481,0.26044071705813343,0.14881493669588264
7,va_a,2,0.09599907170008752,10.80316282903435,3.1182700195011903,48.858632081113676,35.868604755776225,0.18020691521420637,0.11752203058362481,0.26044071705813343,0.14881493669588264
7,va_a,3,0.48492914495301315,1.794177199393118,0.930142780438664,13.633549002875597,8.184752404556331,0.18020691521420637,0.11752203058362481,0.26044071705813343,0.14881493669588264
7,va_a,4,-0.17876537405509424,7.663691590541382,3.9361241991820393,17.768336627209965,10.31245448664145,0.18020691521420637,0.11752203058362481,0.26044071705813343,0.14881493669588264
7,va_a,5,0.2830319493132128,5.467473922720098,5.194006510736249,18.612969541813403,11.111234245864512,0.18020691521420637,0.11752203058362481,0.26044071705813343,0.14881493669588264
7,va_a,6,0.059463326822747485,2.8051784618207827,6.768269426828534,7.229449230386663,6.675365873031913,0.18020691521420637,0.11752203058362481,0.26044071705813343,0.14881493669588264
7,va_a,7,0.6259723588655982,8.18943997127649,7.4928732754280425,17.304990631814874,9.88889183759651,0.18020691521420637,0.11752203058362481,0.26044071705813343,0.14881493669588264
7,va_a,8,0.9104508263360085,8.165379851487794,3.7390812068752637,65.21782288829819,24.271828289730088,0.18020691521420637,0.11752203058362481,0.26044071705813343,0.14881493669588264
7,va_a,9,0.22803518626920055,16.913182019134613,1.7263019093141014,10.566719580139148,6.881319099095997,0.18020691521420637,0.11752203058362481,0.26044071705813343,0.14881493669588264
7,va_a,10,0.21914376160921964,9.190149996163933,5.069900609768351,24.907032019725367,22.49546771026678,0.18020691521420637,0.11752203058362481,0.26044071705813343,0.14881493669588264
7,va_a,11,-0.8900671639623877,5.326278295343794,4.664026548024595,31.285935737859266,44.36619805258885,0.18020691521420637,0.11752203058362481,0.26044071705813343,0.14881493669588264
7,va_a,12,-0.8621671229892093,4.7815978485120265,9.996683097172655,22.51611334267129,12.73294309908102,0.18020691521420637,0.11752203058362481,0.26044071705813343,0.14881493669588264
7,va_a,13,0.6099969398863346,9.539664829546924,4.5539440619433575,14.861316307652825,6.320238143383331,0.18020691521420637,0.11752203058362481,0.26044071705813343,0.14881493669588264
7,va_a,14,0.29952557029368326,5.2473504811954985,3.512758483869784,41.28784481807625,19.2509394204095,0.18020691521420637,0.11752203058362481,0.26044071705813343,0.14881493669588264
7,va_a,15,0.3248439556998569,17.834569027962825,7.6406694743144925,29.184998276554282,5.355453366720564,0.18020691521420637,0.11752203058362481,0.26044071705813343,0.14881493669588264
7,va_a,16,1.1378510137667899,1.717032704032484,2.3573616135056525,32.0778860497571,35.88369612805064,0.18020691521420637,0.11752203058362481,0.26044071705813343,0.14881493669588264
7,va_a,17,-0.2263892061846368,9.343155486405536,3.4574636416651496,2.0580440957463715,27.382789704708948,0.18020691521420637,0.11752203058362481,0.26044071705813343,0.14881493669588264
7,va_a,18,-0.44650788835981853,6.723787072131747,3.5432384107340575,30.395443263854805,20.71859752483074,0.18020691521420637,0.11752203058362481,0.26044071705813343,0.14881493669588264
7,va_a,19,-0.2500160688322663,69.02384845034949,12.598865724339742,192.35245544502092,135.20368909196426,0.18020691521420637,0.11752203058362481,0.26044071705813343,0.14881493669588264
7,va_a,21,-0.22389259396280795,6.993451669889124,3.1919640043267434,17.157219470682143,8.856229770830156,0.18020691521420637,0.11752203058362481,0.26044071705813343,0.14881493669588264
7,va_a,22,-0.035444038393021265,18.58714526966432,10.856668383991588,2.427056679298556,6.589185479900006,0.18020691521420637,0.11752203058362481,0.26044071705813343,0.14881493669588264
7,va_a,23,0.7669233269596293,15.921410092520313,9.357556562302813,24.52425258737607,19.34372926243587,0.18020691521420637,0.11752203058362481,0.26044071705813343,0.14881493669588264
7,va_a,24,0.5502740487305426,2.357238690319849,3.2459059694663623,30.274576816286057,5.068997777240116,0.18020691521420637,0.11752203058362481,0.26044071705813343,0.14881493669588264
7,va_a,25,0.725715352593602,9.44227068456129,7.1072532482557556,8.241908569780593,14.613763857904884,0.18020691521420637,0.11752203058362481,0.26044071705813343,0.14881493669588264
7,va_a,26,0.5171773504771637,12.55355118194445,3.2261567745306494,4.68928140646669,4.560663530283166,0.18020691521420637,0.11752203058362481,0.26044071705813343,0.14881493669588264
7,va_a,27,0.24736928314785164,7.166270828302222,2.480928229421835,7.913806684665785,6.436748697422086,0.18020691521420637,0.11752203058362481,0.26044071705813343,0.14881493669588264
7,va_a,28,-0.4699044624901841,7.229026823983713,3.346877284927929,53.25245873434758,63.330142637132454,0.18020691521420637,0.11752203058362481,0.26044071705813343,0.14881493669588264
7,va_a,29,0.25014962188774126,7.500510986617961,3.095589337422873,7.960447811423151,19.675583872522388,0.18020691521420637,0.11752203058362481,0.26044071705813343,0.14881493669588264
7,va_a,30,1.186623925164876,0.7392104948902568,3.716562579719337,43.37030868226754,2.660210441867105,0.18020691521420637,0.11752203058362481,0.26044071705813343,0.14881493669588264
7,va_a,31,-0.4079769695651902,1.7985471220873084,9.297708940210722,54.10263570939241,31.45522030858369,0.18020691521420637,0.11752203058362481,0.26044071705813343,0.14881493669588264
7,va_a,32,-0.06601872235554568,10.760711004536681,4.483292178434505,18.954819589292708,3.221250174917533,0.18020691521420637,0.11752203058362481,0.26044071705813343,0.14881493669588264
7,va_a,33,-0.25589696693151887,13.85144830426091,3.807083753756157,24.838273505075104,24.247183534141413,0.18020691521420637,0.11752203058362481,0.26044071705813343,0.14881493669588264
7,va_a,34,0.26532207691840265,9.188654239385327,14.931492332461021,31.693564644867923,17.18059171141423,0.18020691521420637,0.11752203058362481,0.26044071705813343,0.14881493669588264
7,va_a,35,-0.5621267193123342,4.881826552762918,3.1017005822282506,8.593572122377203,13.867221654881709,0.18020691521420637,0.11752203058362481,0.26044071705813343,0.14881493669588264
7,va_a,36,-0.2670469443038311,4.314359549077135,2.163131446997216,1.9433897836776381,8.514495147835177,0.18020691521420637,0.11752203058362481,0.26044071705813343,0.14881493669588264
7,va_a,37,0.05705888900701423,5.675531351915378,1.2132938816676706,7.863449542177018,7.537760119792239,0.18020691521420637,0.11752203058362481,0.26044071705813343,0.14881493669588264
7,va_a,38,0.32710043909170916,6.664608317599915,5.6443040932485875,18.751706027543932,19.309971966291673,0.18020691521420637,0.11752203058362481,0.26044071705813343,0.14881493669588264
7,va_a,39,0.4585387258955998,2.62376156368172,3.989547052906056,34.45938451337017,6.131505710326679,0.18020691521420637,0.11752203058362481,0.26044071705813343,0.14881493669588264
7,va_a,40,-0.6265614431289035,3.4936407057307086,3.1879689349836493,144.55116702024512,16.641531923394616,0.18020691521420637,0.11752203058362481,0.26044071705813343,0.14881493669588264
7,va_a,41,-0.5011023323192804,7.153421263672341,2.1874507208039207,23.801875240913404,13.43855302592831,0.18020691521420637,0.11752203058362481,0.26044071705813343,0.14881493669588264
7,va_a,42,0.4738156191910376,9.549680440051839,3.650274821175438,10.608500381917615,7.972586281499771,0.18020691521420637,0.11752203058362481,0.26044071705813343,0.14881493669588264
7,va_a,43,0.16646351336310297,12.215494375606891,3.595341681336384,1.6190476273713388,12.596857348588593,0.18020691521420637,0.11752203058362481,0.26044071705813343,0.14881493669588264
7,va_a,44,0.07985531687738742,6.115352788246916,1.7986315600192606,10.87898635761704,0.8717488697926544,0.18020691521420637,0.11752203058362481,0.26044071705813343,0.14881493669588264
7,va_a,45,-0.005857851276155708,30.879574003624185,5.407243514856592,5.553740204586765,13.633057234603026,0.18020691521420637,0.11752203058362481,0.26044071705813343,0.14881493669588264
7,va_a,46,0.11367023646466007,4.643793315122744,6.522514742082719,11.20620521032875,9.128492290194256,0.18020691521420637,0.11752203058362481,0.26044071705813343,0.14881493669588264
7,va_a,47,0.7671057075924285,11.794938312630705,12.898998509552143,36.21511215465041,12.926726468736224,0.18020691521420637,0.11752203058362481,0.26044071705813343,0.14881493669588264
7,va_a,48,0.23419774071083185,3.7586759051703824,5.341349402581863,2.2346912102347463,5.914044126317815,0.18020691521420637,0.11752203058362481,0.26044071705813343,0.14881493669588264
7,va_a,49,0.1670268110733035,15.578718378926911,10.80348709617792,79.1410287839648,30.69775565574718,0.18020691521420637,0.11752203058362481,0.26044071705813343,0.14881493669588264
7,va_a,50,1.3846567474675888,23.560064851615966,5.533365571604408,19.807686741169274,44.85461368652652,0.18020691521420637,0.11752203058362481,0.26044071705813343,0.14881493669588264
7,va_a,51,0.12665644368731893,15.98022952827147,5.172651537884887,35.300464301456685,28.134907301666928,0.18020691521420637,0.11752203058362481,0.26044071705813343,0.14881493669588264
7,va_a,52,0.002370919724646893,8.43466015135198,6.37286718835259,72.47314092357156,15.84058304011776,0.18020691521420637,0.11752203058362481,0.26044071705813343,0.14881493669588264
7,va_a,53,0.5153112317012991,52.80710527036796,16.02326124423606,0.8511574243681429,17.863001335015227,0.18020691521420637,0.11752203058362481,0.26044071705813343,0.14881493669588264
7,va_a,54,-0.07822451025407252,1.4516746278681918,3.724521059049738,36.51146519361817,10.166115084637115,0.18020691521420637,0.11752203058362481,0.26044071705813343,0.14881493669588264
7,va_a,55,0.16675466594494054,9.31895306907098,3.637008136161642,14.599233311023784,29.32266162621697,0.18020691521420637,0.11752203058362481,0.26044071705813343,0.14881493669588264
7,va_a,56,-0.727702384891509,11.054452260276332,11.591896931801093,30.87623528348712,20.67032501106117,0.18020691521420637,0.11752203058362481,0.26044071705813343,0.14881493669588264
7,va_a,57,0.13795860218116787,3.1118607110993484,2.974331740350243,5.859866105141848,15.180273427241707,0.18020691521420637,0.11752203058362481,0.26044071705813343,0.14881493669588264
7,va_a,58,0.41652639146861203,5.277469770935955,6.463541799749134,31.9452576305651,28.576042754475864,0.18020691521420637,0.11752203058362481,0.26044071705813343,0.14881493669588264
7,va_a,59,-0.6221134309060457,7.230540953194741,6.82487792832946,34.54729985485951,11.157524898852005,0.18020691521420637,0.11752203058362481,0.26044071705813343,0.14881493669588264
7,va_a,60,-0.8983968312644546,15.883634446124239,4.21452457165129,1.0606005928160729,12.840366059063255,0.18020691521420637,0.11752203058362481,0.26044071705813343,0.14881493669588264
8,ia_a,1,0.008438691197546073,0.8782939799161366,0.7508721580667164,2.870682027381816,1.1536228216196147,0.18295055086418252,0.2015333999860691,0.0433431572756875,0.12415183769185091
8,ia_a,2,-0.6141083740751779,0.9963617146397352,1.9723394344402707,2.8005462547331614,2.1116322700373518,0.18295055086418252,0.2015333999860691,0.0433431572756875,0.12415183769185091
8,ia_a,3,0.576289436914011,2.2761841344077007,2.955789451925884,5.51535958539957,5.460474107022138,0.18295055086418252,0.2015333999860691,0.0433431572756875,0.12415183769185091
8,ia_a,4,0.2156548675953745,3.9927997724280555,3.826662737141453,8.136987075033796,2.664533609671004,0.18295055086418252,0.2015333999860691,0.0433431572756875,0.12415183769185091
8,ia_a,5,-0.17695473608335396,3.5726439393176532,3.2584748190589425,7.128179657712759,4.7357670345816505,0.18295055086418252,0.2015333999860691,0.0433431572756875,0.12415183769185091
8,ia_a,6,0.1364678488827557,1.4200749181128085,1.0489671242377618,2.8357728178598487,0.5188748272603334,0.18295055086418252,0.2015333999860691,0.0433431572756875,0.12415183769185091
8,ia_a,7,-0.1939313201593133,3.8694806966104327,1.2726451417491116,0.7723717627482632,0.9671938430049568,0.18295055086418252,0.2015333999860691,0.0433431572756875,0.12415183769185091
8,ia_a,8,0.39150048605701704,1.524721030766832,1.6568177472217707,1.585046503804793,0.5060656501674002,0.18295055086418252,0.2015333999860691,0.0433431572756875,0.12415183769185091
8,ia_a,9,-0.31966259812249054,0.4079836149645174,1.700859856660479,10.325607555775314,2.7020538136699086,0.18295055086418252,0.2015333999860691,0.0433431572756875,0.12415183769185091
8,ia_a,10,-0.12497256195156699,2.207565451663126,3.5438321587652344,0.40116946874451503,0.3669295570956903,0.18295055086418252,0.2015333999860691,0.0433431572756875,0.12415183769185091
8,ia_a,11,-0.38721815438088086,2.1113570469246548,2.9757373444849575,14.788521411590626,9.538989007593925,0.18295055086418252,0.2015333999860691,0.0433431572756875,0.12415183769185091
8,ia_a,12,-0.05838740034009272,0.8950964599571924,0.7853829138018182,0.3256554714105503,0.8091348516846559,0.18295055086418252,0.2015333999860691,0.0433431572756875,0.12415183769185091
8,ia_a,13,0.1673402958728302,9.167188299765156,3.6833839521789287,0.885535647537937,3.3425606333451654,0.18295055086418252,0.2015333999860691,0.0433431572756875,0.12415183769185091
8,ia_a,14,0.45415452619899965,8.417926521372493,5.444126916790045,37.230570187758,2.5386768365089987,0.18295055086418252,0.2015333999860691,0.0433431572756875,0.12415183769185091
8,ia_a,15,-0.35914179736890006,3.8248957447275913,3.200326831893865,7.620696755970825,6.965966411334935,0.18295055086418252,0.2015333999860691,0.0433431572756875,0.12415183769185091
8,ia_a,16,-0.2877947735390858,2.180183829027044,2.9338944466326504,0.7837614873380794,3.7614666755156425,0.18295055086418252,0.2015333999860691,0.0433431572756875,0.12415183769185091
8,ia_a,17,0.011410214550896152,2.589555114495581,3.6978080468116445,10.231937094530055,11.164414109532792,0.18295055086418252,0.2015333999860691,0.0433431572756875,0.12415183769185091
8,ia_a,18,-0.058643861274681505,14.458868912236161,3.030652259985664,1.4950304083963928,5.972512168133541,0.18295055086418252,0.2015333999860691,0.0433431572756875,0.12415183769185091
8,ia_a,19,0.038911120606612816,1.703116779825336,6.2731416516486505,4.3050028894768175,0.8628579290560727,0.18295055086418252,0.2015333999860691,0.0433431572756875,0.12415183769185091
8,ia_a,20,-0.004162715529537687,1.9265629349634783,1.3832890523869783,6.8014776342859165,4.251257070248014,0.18295055086418252,0.2015333999860691,0.0433431572756875,0.12415183769185091
8,ia_a,21,-0.04863280090048744,2.174903567760011,2.9965039845324912,30.31224696803009,5.977645631837167,0.18295055086418252,0.2015333999860691,0.0433431572756875,0.12415183769185091
8,ia_a,22,0.24636398528348424,1.3913524106756536,2.691266715543608,13.19500512245306,2.8594566789077205,0.18295055086418252,0.2015333999860691,0.0433431572756875,0.12415183769185091
8,ia_a,23,-0.15798478226093726,2.17923183111444,1.1042938579340777,8.564346870523904,1.4317552127629332,0.18295055086418252,0.2015333999860691,0.0433431572756875,0.12415183769185091
8,ia_a,24,-0.2226172957891157,1.9242712509544557,1.2076610643763925,1.923129063012059,3.370453403028695,0.18295055086418252,0.2015333999860691,0.0433431572756875,0.12415183769185091
8,ia_a,25,0.040654685315261535,1.6118839087165173,6.1341499862651325,0.9171753150741402,5.20216987417922,0.18295055086418252,0.2015333999860691,0.0433431572756875,0.12415183769185091
8,ia_a,26,0.09206917682958975,3.7096476222658663,1.9846657412472222,2.6259207197572434,9.269954493786154,0.18295055086418252,0.2015333999860691,0.0433431572756875,0.12415183769185091
8,ia_a,27,0.05252728351028388,2.6934843124352694,1.1582860436956792,0.5703473742357966,0.3149777301784211,0.18295055086418252,0.2015333999860691,0.0433431572756875,0.12415183769185091
8,ia_a,28,-0.09449418344800602,1.0334294409498361,2.6345019221611277,2.054271740525371,2.320843531425768,0.18295055086418252,0.2015333999860691,0.0433431572756875,0.12415183769185091
8,ia_a,29,0.13173217301724502,2.3314114342349535,4.411611247766473,4.463724051763908,3.926759204478675,0.18295055086418252,0.2015333999860691,0.0433431572756875,0.12415183769185091
8,ia_a,30,-0.0981439082746789,2.351945198888675,3.1661953708003154,2.146488660556999,1.674062095987467,0.18295055086418252,0.2015333999860691,0.0433431572756875,0.12415183769185091
8,ia_a,31,-0.12542586987670787,1.8981002489741716,1.4937139590904067,10.331175804782374,5.754600745065598,0.18295055086418252,0.2015333999860691,0.0433431572756875,0.12415183769185091
8,ia_a,32,0.10768934060593262,2.536297729234994,2.9639088730790637,1.3860054632788135,1.0516313504346513,0.18295055086418252,0.2015333999860691,0.0433431572756875,0.12415183769185091
8,ia_a,33,0.1113900045599752,0.8525029187273524,0.5373782814666141,0.47588202382424305,0.6714425248846444,0.18295055086418252,0.2015333999860691,0.0433431572756875,0.12415183769185091
8,ia_a,34,-0.36434685901415603,9.023699299259608,1.4972407515249537,3.4316144381545506,2.3744710969663623,0.18295055086418252,0.2015333999860691,0.0433431572756875,0.12415183769185091
8,ia_a,35,-0.1362054504935805,1.425799065222781,1.2077350256319304,0.456117605544567,1.4883165922877737,0.18295055086418252,0.2015333999860691,0.0433431572756875,0.12415183769185091
8,ia_a,36,0.15478687069024338,4.825606900238588,2.8165771403718303,1.524131369654601,1.1772476306219946,0.18295055086418252,0.2015333999860691,0.0433431572756875,0.12415183769185091
8,ia_a,37,-0.16884655390477663,2.923462449443239,4.2398955564238765,9.154905044596287,11.862745682179396,0.18295055086418252,0.2015333999860691,0.0433431572756875,0.12415183769185091
8,ia_a,38,-0.18059268599242137,4.719966581116118,4.644306393792275,8.944285801744444,7.236605336317609,0.18295055086418252,0.2015333999860691,0.0433431572756875,0.12415183769185091
8,ia_a,39,0.1910895308647624,4.431531742470729,3.889510400163678,0.5569619069748619,4.847403044504442,0.18295055086418252,0.2015333999860691,0.0433431572756875,0.12415183769185091
8,ia_a,40,0.17381256745733858,6.673386728490908,5.430395568065305,3.0627145945183214,10.873861988565208,0.18295055086418252,0.2015333999860691,0.0433431572756875,0.12415183769185091
8,ia_a,41,-0.1661673888151795,2.42384424774661,1.965290774341666,1.3403623911965916,3.144046813413211,0.18295055086418252,0.2015333999860691,0.0433431572756875,0.12415183769185091
8,ia_a,42,0.21949029230571038,0.2573658789087555,1.0584239733025742,2.341716712021182,0.34030961640331586,0.18295055086418252,0.2015333999860691,0.0433431572756875,0.12415183769185091
8,ia_a,43,0.21923133338209302,1.7286595092784047,3.9204209195911326,5.467851305693326,3.5500014646697897,0.18295055086418252,0.2015333999860691,0.0433431572756875,0.12415183769185091
8,ia_a,44,0.3545998953137911,1.914445714247697,3.490687056642269,35.18311511785452,8.091437663911478,0.18295055086418252,0.2015333999860691,0.0433431572756875,0.12415183769185091
8,ia_a,45,0.4434388930247701,4.008156258746235,2.0263002990642787,3.932474639202503,3.848242963422332,0.18295055086418252,0.2015333999860691,0.0433431572756875,0.12415183769185091
8,ia_a,47,-0.021204867247637562,0.8220236179949902,1.354042595107736,3.3698795878402468,1.5244167735281302,0.18295055086418252,0.2015333999860691,0.0433431572756875,0.12415183769185091
8,ia_a,49,-0.1654135628167524,13.012073600325893,2.890557463833737,2.2124397727802845,4.777505581600323,0.18295055086418252,0.2015333999860691,0.0433431572756875,0.12415183769185091
8,ia_a,50,-0.1923918142041178,5.928065462572116,8.380802740889877,8.183562233282691,2.107716296008765,0.18295055086418252,0.2015333999860691,0.0433431572756875,0.12415183769185091
8,ia_a,51,-0.172292411782908,2.253467895982891,4.4728447140536165,4.878657087261858,2.3750798129728645,0.18295055086418252,0.2015333999860691,0.0433431572756875,0.12415183769185091
8,ia_a,52,0.054879004678007194,3.7046896563129996,2.535290666444234,0.941924617894809,2.518819428773047,0.18295055086418252,0.2015333999860691,0.0433431572756875,0.12415183769185091
8,ia_a,53,-0.017833019298836475,9.093584002596625,6.32426623622376,25.190736197583988,5.426763179702644,0.18295055086418252,0.2015333999860691,0.0433431572756875,0.12415183769185091
8,ia_a,54,-0.07926208620317897,4.646186072740003,3.397637289776788,1.673343787092217,4.097027932098359,0.18295055086418252,0.2015333999860691,0.0433431572756875,0.12415183769185091
8,ia_a,55,0.23687043291274018,1.988223848191493,2.3713581470673417,2.6867368914651797,2.968325204899466,0.18295055086418252,0.2015333999860691,0.0433431572756875,0.12415183769185091
8,ia_a,56,-0.42164783794980454,12.546622628578833,4.651666158260908,3.939660277998274,7.0366855242014115,0.18295055086418252,0.2015333999860691,0.0433431572756875,0.12415183769185091
8,ia_a,57,0.30016594849127964,2.22669437627027,5.257454131525118,7.871280592614272,3.8300410546984076,0.18295055086418252,0.2015333999860691,0.0433431572756875,0.12415183769185091
8,ia_a,58,0.26863352421269804,5.349778907294583,2.1258437995426465,2.762007087582644,6.5018750090156905,0.18295055086418252,0.2015333999860691,0.0433431572756875,0.12415183769185091
8,ia_a,59,-0.14232337446931612,3.517113666070369,2.1733311294817406,0.4780261778413252,1.0403452103899469,0.18295055086418252,0.2015333999860691,0.0433431572756875,0.12415183769185091
8,ia_a,60,-0.2573554481822873,1.4379714819849392,2.9268539536248976,0.3787012574546623,0.36393765356473656,0.18295055086418252,0.2015333999860691,0.0433431572756875,0.12415183769185091
8,va_a,1,0.32806503311303126,1.2297399009083203,7.7777619207480795,14.026448559324606,8.54213306355506,0.17855191855682245,0.13309211929141368,0.2954859454996842,0.31126213857034596
8,va_a,2,0.12738429737517531,2.1136796638643647,8.056647295951072,1.3698237564967812,3.570165142725643,0.17855191855682245,0.13309211929141368,0.2954859454996842,0.31126213857034596
8,va_a,3,0.2524641683734633,6.594242523955045,5.789558890646107,16.699676351255285,8.264705534172217,0.17855191855682245,0.13309211929141368,0.2954859454996842,0.31126213857034596
8,va_a,4,-0.2891207073331298,5.540356878199718,7.389322062022554,3.44511571038234,3.6578272042612623,0.17855191855682245,0.13309211929141368,0.2954859454996842,0.31126213857034596
8,va_a,5,-0.1398855240018593,2.4816561835044917,3.2939288339967887,3.8599750853079047,1.6607243778986238,0.17855191855682245,0.13309211929141368,0.2954859454996842,0.31126213857034596
8,va_a,6,0.08505046073204779,0.8862343414382512,1.3334555929729734,8.629748109672903,1.3818483675963433,0.17855191855682245,0.13309211929141368,0.2954859454996842,0.31126213857034596
8,va_a,7,0.3473745384045343,5.282619347858272,5.38788437574947,5.749966245548108,3.9116506429342066,0.17855191855682245,0.13309211929141368,0.2954859454996842,0.31126213857034596
8,va_a,8,0.5146568139895529,1.1807747673460833,1.429500367667734,10.978491298989251,3.7051914226225278,0.17855191855682245,0.13309211929141368,0.2954859454996842,0.31126213857034596
8,va_a,9,0.3214971957450674,0.9979953558319385,1.5315701042137588,8.565614183508744,1.9841506520705345,0.17855191855682245,0.13309211929141368,0.2954859454996842,0.31126213857034596
8,va_a,10,-0.09318443050922347,0.916430550824521,3.3147293173251264,2.659952517110674,2.1216506930563184,0.17855191855682245,0.13309211929141368,0.2954859454996842,0.31126213857034596
8,va_a,11,0.11088638187628866,3.4472533521466486,1.2762677511058371,3.0983638516209413,6.0273631929865426,0.17855191855682245,0.13309211929141368,0.2954859454996842,0.31126213857034596
8,va_a,12,0.04167834294971394,3.819582889240069,3.811248856199225,1.2651077087118392,3.5732285138655793,0.17855191855682245,0.13309211929141368,0.2954859454996842,0.31126213857034596
8,va_a,13,-0.16942502575310664,1.5764603703464533,1.63268992975622,6.86563603700604,4.281089116441099,0.17855191855682245,0.13309211929141368,0.2954859454996842,0.31126213857034596
8,va_a,14,-0.6170668941771111,3.8573985511058786,6.495064676568461,5.787577941668023,2.8789488381238764,0.17855191855682245,0.13309211929141368,0.2954859454996842,0.31126213857034596
8,va_a,15,-0.4427929260651088,8.70786559893409,1.961511255728478,5.693886068037183,8.786404065288407,0.17855191855682245,0.13309211929141368,0.2954859454996842,0.31126213857034596
8,va_a,16,-0.04445326106735312,1.0077871198625914,1.0881529622777812,1.4319307545292863,1.4097960775842753,0.17855191855682245,0.13309211929141368,0.2954859454996842,0.31126213857034596
8,va_a,17,-0.38936164959479413,1.0974826032868148,2.1948121288752804,7.704564945059867,2.2022084330908998,0.17855191855682245,0.13309211929141368,0.2954859454996842,0.31126213857034596
8,va_a,18,0.10773582494256329,0.4449052910507033,1.3037010713682387,8.453935004896472,4.645397153869647,0.17855191855682245,0.13309211929141368,0.2954859454996842,0.31126213857034596
8,va_a,19,0.06398833974022536,1.8889853853121032,2.0776071680037598,1.4658818942340284,1.3422797447428743,0.17855191855682245,0.13309211929141368,0.2954859454996842,0.31126213857034596
8,va_a,20,-0.045358917637508295,3.129558051008332,7.275714628663286,10.014652618415099,4.479776143727963,0.17855191855682245,0.13309211929141368,0.2954859454996842,0.31126213857034596
8,va_a,21,0.28198487350126883,4.369110957985501,2.5693818884324027,1.661954212244036,1.1024990049530234,0.17855191855682245,0.13309211929141368,0.2954859454996842,0.31126213857034596
8,va_a,22,0.4138843045475196,2.2977914465125937,4.355896597331527,2.5224222495339768,1.9116789853310177,0.17855191855682245,0.13309211929141368,0.2954859454996842,0.31126213857034596
8,va_a,23,0.1991148585798982,1.0319091447262028,4.640618329562419,1.6052320528206927,3.3087735895655603,0.17855191855682245,0.13309211929141368,0.2954859454996842,0.31126213857034596
8,va_a,24,0.12225866612473989,2.2786305790706747,4.928847221880442,3.3161941380867295,0.3250992174937891,0.17855191855682245,0.13309211929141368,0.2954859454996842,0.31126213857034596
8,va_a,25,-0.3674388499282649,3.018057940384575,4.78548095434639,5.569110025066709,3.0561334825495163,0.17855191855682245,0.13309211929141368,0.2954859454996842,0.31126213857034596
8,va_a,26,-0.2068109321471606,1.0889046624671685,4.1773518112808645,10.338727285585447,1.198041319108748,0.17855191855682245,0.13309211929141368,0.2954859454996842,0.31126213857034596
8,va_a,27,-0.07789606732582258,3.912262827419555,4.298247123055357,2.168640867858211,2.244768967726676,0.17855191855682245,0.13309211929141368,0.2954859454996842,0.31126213857034596
8,va_a,28,-0.3649169473963253,5.4035216099206345,5.37988932601076,7.5211045474071545,3.0501133199644697,0.17855191855682245,0.13309211929141368,0.2954859454996842,0.31126213857034596
8,va_a,29,0.4818502439801208,0.32269626874480845,0.6142818310382016,2.0700893600837698,1.2585989802652835,0.17855191855682245,0.13309211929141368,0.2954859454996842,0.31126213857034596
8,va_a,30,0.0027849949409161304,2.6126281996334315,3.0964265638542323,4.2997326260554685,3.231445436620592,0.17855191855682245,0.13309211929141368,0.2954859454996842,0.31126213857034596
8,va_a,31,-0.3034508151722659,16.07111766695157,3.980483452067217,36.15917232992618,14.97256678484746,0.17855191855682245,0.13309211929141368,0.2954859454996842,0.31126213857034596
8,va_a,32,0.2415249792887708,3.698210798421296,3.737468712424128,2.093405447648291,2.0125550254798346,0.17855191855682245,0.13309211929141368,0.2954859454996842,0.31126213857034596
8,va_a,33,0.14965324188542545,5.19972127546228,5.519229822207077,9.012116935430932,7.562663016163375,0.17855191855682245,0.13309211929141368,0.2954859454996842,0.31126213857034596
8,va_a,34,0.010511594960863386,2.3380349285837623,3.3210717213008607,0.9949288229675415,1.1320945106598213,0.17855191855682245,0.13309211929141368,0.2954859454996842,0.31126213857034596
8,va_a,35,0.16160610155050026,1.3647072123115096,0.76362486159677,5.973031473400018,2.8143435264318115,0.17855191855682245,0.13309211929141368,0.2954859454996842,0.31126213857034596
8,va_a,36,0.27808387969813375,8.522121083716769,4.871609309484319,9.106400835379251,6.565593118546297,0.17855191855682245,0.13309211929141368,0.2954859454996842,0.31126213857034596
8,va_a,37,0.14747654110505895,4.280634003247944,1.4081201746153449,1.2359215365251508,2.560468821941614,0.17855191855682245,0.13309211929141368,0.2954859454996842,0.31126213857034596
8,va_a,38,0.05607589831805393,3.4500419365390558,3.003619907265518,1.7508774494546249,5.333268741877523,0.17855191855682245,0.13309211929141368,0.2954859454996842,0.31126213857034596
8,va_a,39,-0.08249796742865019,2.1025202397459837,3.6234624378483726,3.424951319566191,2.9893268640134547,0.17855191855682245,0.13309211929141368,0.2954859454996842,0.31126213857034596
8,va_a,40,0.12713651958430952,8.725838461827989,5.151790957167658,1.3704099824785563,1.368896054450533,0.17855191855682245,0.13309211929141368,0.2954859454996842,0.31126213857034596
8,va_a,41,-0.016483579022207494,1.7706358121722459,2.1458574081708095,1.714893539800405,1.388220531382254,0.17855191855682245,0.13309211929141368,0.2954859454996842,0.31126213857034596
8,va_a,42,-0.06043940908027901,3.4256669981063994,2.874341025865948,7.700518746919417,9.563038314935042,0.17855191855682245,0.13309211929141368,0.2954859454996842,0.31126213857034596
8,va_a,43,0.13547072647473338,3.2664479374805033,4.584660553073716,0.8919745761497769,4.173987379154642,0.17855191855682245,0.13309211929141368,0.2954859454996842,0.31126213857034596
8,va_a,44,-0.2577505504555212,6.933502670727413,3.994552149961399,11.032459102110035,7.619170459919238,0.17855191855682245,0.13309211929141368,0.2954859454996842,0.31126213857034596
8,va_a,45,0.4299945774501086,6.491005259182714,2.9288722417919733,3.039439292285127,10.527686180033264,0.17855191855682245,0.13309211929141368,0.2954859454996842,0.31126213857034596
8,va_a,46,-0.21537257211605412,0.6706652428045718,3.0728770401573575,5.908252999072666,5.029608666917621,0.17855191855682245,0.13309211929141368,0.2954859454996842,0.31126213857034596
8,va_a,47,0.221580586050946,1.3257688452675855,2.6761327038456595,2.8296748995354832,4.979928417328493,0.17855191855682245,0.13309211929141368,0.2954859454996842,0.31126213857034596
8,va_a,48,0.4441023950664002,3.290730568090804,5.334490878668633,5.240843709325347,6.278667807348808,0.17855191855682245,0.13309211929141368,0.2954859454996842,0.31126213857034596
8,va_a,49,-0.025657004071735507,2.7046636088403084,3.0658849755535558,3.207621581171052,1.1121247278889446,0.17855191855682245,0.13309211929141368,0.2954859454996842,0.31126213857034596
8,va_a,50,0.017328587986152506,2.2461428170618696,1.9381316274817708,11.459072504475756,2.9223570589132843,0.17855191855682245,0.13309211929141368,0.2954859454996842,0.31126213857034596
8,va_a,51,0.2127450757609646,2.708447026577051,1.5345300450399404,4.412962433006025,1.952549134940277,0.17855191855682245,0.13309211929141368,0.2954859454996842,0.31126213857034596
8,va_a,52,0.0528632212084803,0.9646889943000493,2.384907174433912,1.6060578962940646,0.34689450725608084,0.17855191855682245,0.13309211929141368,0.2954859454996842,0.31126213857034596
8,va_a,53,-0.029932923164299245,8.829709535223234,2.2896317240867274,2.352911274698547,7.167219615283522,0.17855191855682245,0.13309211929141368,0.2954859454996842,0.31126213857034596
8,va_a,54,-0.17373157311459023,2.0215710742483086,1.2895420657862937,3.8090052400497454,2.6357162216605365,0.17855191855682245,0.13309211929141368,0.2954859454996842,0.31126213857034596
8,va_a,55,0.035640048991651116,1.329801426225557,0.6727610449753209,0.22806513965401962,0.2169804280384655,0.17855191855682245,0.13309211929141368,0.2954859454996842,0.31126213857034596
8,va_a,56,-0.180211445343811,1.6231482768434138,0.69683494295944,0.3737367885694525,0.7705857333266531,0.17855191855682245,0.13309211929141368,0.2954859454996842,0.31126213857034596
8,va_a,57,0.17271849076608792,18.354610602039596,3.3168117265802404,1.435801926466526,4.164612531142208,0.17855191855682245,0.13309211929141368,0.2954859454996842,0.31126213857034596
8,va_a,58,-0.12457901144913729,1.3407736680858133,2.7005565059801215,4.585850001663956,4.638937828538246,0.17855191855682245,0.13309211929141368,0.2954859454996842,0.31126213857034596
8,va_a,59,-0.5610870835937392,5.94542113470646,1.4515231840272302,48.894554240384146,18.706866155079336,0.17855191855682245,0.13309211929141368,0.2954859454996842,0.31126213857034596
8,va_a,60,0.20843038562996496,1.606077854805579,1.3085823185708927,6.698570134190089,4.847793722603924,0.17855191855682245,0.13309211929141368,0.2954859454996842,0.31126213857034596
9,ia_a,1,-0.05662273695571684,1.3547888304952604,2.035991949826694,1.3992877917548796,1.0565164434248797,0.21613353531258833,0.17360718491525468,0.16173576028598355,0.1508367179226101
9,ia_a,2,0.28771092219129724,2.106925345685071,3.0375990494863894,6.903557905314515,3.916570628328273,0.21613353531258833,0.17360718491525468,0.16173576028598355,0.1508367179226101
9,ia_a,3,-0.42305601528619463,10.912425177180483,3.1003794100647024,16.022445404664484,4.641825131450145,0.21613353531258833,0.17360718491525468,0.16173576028598355,0.1508367179226101
9,ia_a,4,-0.3956422241663006,3.6963560406900897,7.06920265235354,2.2397468476840396,2.786294452029474,0.21613353531258833,0.17360718491525468,0.16173576028598355,0.1508367179226101
9,ia_a,5,-0.28962731728358404,3.031981809423731,2.792766966476737,19.24106525899132,4.8950471679113985,0.21613353531258833,0.17360718491525468,0.16173576028598355,0.1508367179226101
9,ia_a,6,-0.10523218304869916,2.6717398472656,3.4213512787355764,4.110468308739133,9.641323401265629,0.21613353531258833,0.17360718491525468,0.16173576028598355,0.1508367179226101
9,ia_a,8,-0.16883249476245696,15.559472513075825,15.56074095767474,19.875031774913957,17.138104319339913,0.21613353531258833,0.17360718491525468,0.16173576028598355,0.1508367179226101
9,ia_a,9,0.21027698949347703,2.114848487890047,2.9006695685773742,1.9501502263216954,2.1862211883893603,0.21613353531258833,0.17360718491525468,0.16173576028598355,0.1508367179226101
9,ia_a,11,-0.5260328620522009,12.664377172870827,7.702858123963551,2.191475498377719,3.1707148806379566,0.21613353531258833,0.17360718491525468,0.16173576028598355,0.1508367179226101
9,ia_a,13,-0.6491599010655098,9.49231095594254,15.269736328103296,3.6769554991718,6.549975387778724,0.21613353531258833,0.17360718491525468,0.16173576028598355,0.1508367179226101
9,ia_a,14,-0.23644650723011798,4.8947826446533025,1.4251750386291417,2.5913941963868092,8.627108389736428,0.21613353531258833,0.17360718491525468,0.16173576028598355,0.1508367179226101
9,ia_a,15,0.2668464706245167,3.822011250533666,3.9535703477047814,0.13261951499178443,0.7760703697979034,0.21613353531258833,0.17360718491525468,0.16173576028598355,0.1508367179226101
9,ia_a,16,0.21524620834958735,9.016734800598424,4.801782206758089,7.6833912105068025,12.337454801789807,0.21613353531258833,0.17360718491525468,0.16173576028598355,0.1508367179226101
9,ia_a,18,0.14514269195040194,0.7860453619064706,0.5989640450724029,2.1090350698981997,0.6764796254191102,0.21613353531258833,0.17360718491525468,0.16173576028598355,0.1508367179226101
9,ia_a,19,-0.3700041366409571,5.303123003790793,10.046819289731308,8.108830819108281,7.257818878291509,0.21613353531258833,0.17360718491525468,0.16173576028598355,0.1508367179226101
9,ia_a,20,-0.7078922536160437,2.4780112553152787,4.417131994722689,14.504151213072285,3.8562919870082983,0.21613353531258833,0.17360718491525468,0.16173576028598355,0.1508367179226101
9,ia_a,21,0.03453720389116147,1.238345230888923,0.40030566945013674,0.33663152276845426,1.7347480902755585,0.21613353531258833,0.17360718491525468,0.16173576028598355,0.1508367179226101
9,ia_a,22,0.034631454513066755,1.450082639027781,3.661300572239033,5.768211602101517,2.258960843379089,0.21613353531258833,0.17360718491525468,0.16173576028598355,0.1508367179226101
9,ia_a,23,-0.16707274254272578,0.4600850703208824,0.9828144399688615,26.433705472472347,6.249136049524725,0.21613353531258833,0.17360718491525468,0.16173576028598355,0.1508367179226101
9,ia_a,24,0.10435397575889763,0.6967086973732112,1.87566248297036,7.229256212350612,0.9251617985169472,0.21613353531258833,0.17360718491525468,0.16173576028598355,0.1508367179226101
9,ia_a,25,0.22059222684392144,0.8358545022976467,0.7853087199619544,3.9188778591103803,3.6691353154964563,0.21613353531258833,0.17360718491525468,0.16173576028598355,0.1508367179226101
9,ia_a,26,0.46878515182784836,5.1548533245814685,3.549747577057101,31.18916661314078,15.128455601988824,0.21613353531258833,0.17360718491525468,0.16173576028598355,0.1508367179226101
9,ia_a,28,0.10753555471237806,9.121943241085853,5.1887430980078815,18.38517758996736,5.31775341775113,0.21613353531258833,0.17360718491525468,0.16173576028598355,0.1508367179226101
9,ia_a,29,-0.5075611951508578,9.140642043240428,5.013533664477728,5.333555876900106,5.295470951609559,0.21613353531258833,0.17360718491525468,0.16173576028598355,0.1508367179226101
9,ia_a,30,-0.03904877597736783,2.4963411303926275,0.7910578498804862,1.9093315212607669,2.878152577385428,0.21613353531258833,0.17360718491525468,0.16173576028598355,0.1508367179226101
9,ia_a,31,0.01740401077244003,2.986888805775388,3.7788235493796605,11.427065968825922,2.0537876589706787,0.21613353531258833,0.17360718491525468,0.16173576028598355,0.1508367179226101
9,ia_a,32,-0.22621913340555494,10.683918766487585,4.614206096028303,1.2653300864306158,2.138213295644433,0.21613353531258833,0.17360718491525468,0.16173576028598355,0.1508367179226101
9,ia_a,33,-0.15309846580502215,4.289702619636694,2.8595366259714567,6.269076350642201,8.472084682572772,0.21613353531258833,0.17360718491525468,0.16173576028598355,0.1508367179226101
9,ia_a,34,-0.34146957080962,1.5323843300881144,2.1982949660896414,5.719271522835016,2.844933383429811,0.21613353531258833,0.17360718491525468,0.16173576028598355,0.1508367179226101
9,ia_a,35,0.40189459675582573,1.8602262418037543,4.3635652071426,13.5486840034322,4.778182858864912,0.21613353531258833,0.17360718491525468,0.16173576028598355,0.1508367179226101
9,ia_a,37,-0.31955471644891154,11.328007974165297,3.485579510890059,41.19691902020177,13.925448481793019,0.21613353531258833,0.17360718491525468,0.16173576028598355,0.1508367179226101
9,ia_a,38,0.29029040447331184,6.776279403523124,5.451341842192576,3.591034213568623,4.7506221621955005,0.21613353531258833,0.17360718491525468,0.16173576028598355,0.1508367179226101
9,ia_a,39,0.5696777124536362,3.7328222162538527,1.3733535802930252,3.6420996426363423,1.7843180618649974,0.21613353531258833,0.17360718491525468,0.16173576028598355,0.1508367179226101
9,ia_a,40,-0.366154480733258,7.424261488906646,4.773212507475739,2.9326282873504335,1.1464003464218917,0.21613353531258833,0.17360718491525468,0.16173576028598355,0.1508367179226101
9,ia_a,41,-0.24145473127457417,6.472785351580237,2.1561105374170606,3.6561799147668093,3.203971960163455,0.21613353531258833,0.17360718491525468,0.16173576028598355,0.1508367179226101
9,ia_a,42,-0.12241768827716144,1.1444453778691994,2.025819516935429,7.216991890460111,4.074971181543222,0.21613353531258833,0.17360718491525468,0.16173576028598355,0.1508367179226101
9,ia_a,43,0.3533232776453273,1.3466873216680424,1.548725532746234,3.1344231275648564,1.893643374994357,0.21613353531258833,0.17360718491525468,0.16173576028598355,0.1508367179226101
9,ia_a,44,-0.11963310729915928,7.950014136680605,3.1094738615279662,7.231479389865565,3.2793045757250128,0.21613353531258833,0.17360718491525468,0.16173576028598355,0.1508367179226101
9,ia_a,45,0.5677183932857784,9.616309704165921,3.0629874608567453,3.3448795322931217,6.7324430407290405,0.21613353531258833,0.17360718491525468,0.16173576028598355,0.1508367179226101
9,ia_a,46,0.39744629951987764,2.1963736143468258,2.1370981213390143,19.65563280706599,1.5742266900202382,0.21613353531258833,0.17360718491525468,0.16173576028598355,0.1508367179226101
9,ia_a,47,0.523183794624099,1.3993706225765843,1.570213762741445,7.4149878449650934,2.0665702473904197,0.21613353531258833,0.17360718491525468,0.16173576028598355,0.1508367179226101
9,ia_a,48,-0.6946975939707802,13.604895173473976,8.969835316431839,3.865834513004065,3.1369797318584838,0.21613353531258833,0.17360718491525468,0.16173576028598355,0.1508367179226101
9,ia_a,49,0.04691971463588851,1.6337468045400132,1.9749727974927382,5.419744899301001,0.6085162921752029,0.21613353531258833,0.17360718491525468,0.16173576028598355,0.1508367179226101
9,ia_a,52,0.11863567000872453,2.9306936846424767,2.379072857458561,5.0650402832331265,3.4741769124118527,0.21613353531258833,0.17360718491525468,0.16173576028598355,0.1508367179226101
9,ia_a,53,0.049761531379341965,1.9272962142810544,2.5849243898502845,5.351207150949878,3.1892703240244162,0.21613353531258833,0.17360718491525468,0.16173576028598355,0.1508367179226101
9,ia_a,54,-0.565780134976152,8.785965533103576,3.3130702105955137,10.419759312384581,11.134064166244942,0.21613353531258833,0.17360718491525468,0.16173576028598355,0.1508367179226101
9,ia_a,55,-0.019565614716090543,7.156441115484465,2.870051841358573,8.481915570742188,3.198092214236231,0.21613353531258833,0.17360718491525468,0.16173576028598355,0.1508367179226101
9,ia_a,56,0.2716701515696146,0.7277457213056195,2.2193014020661916,11.292718896703954,4.151446592172468,0.21613353531258833,0.17360718491525468,0.16173576028598355,0.1508367179226101
9,ia_a,57,-0.043052926255904816,2.531119135061609,1.8108540171854872,7.40628661712808,2.1649717754154825,0.21613353531258833,0.17360718491525468,0.16173576028598355,0.1508367179226101
9,ia_a,58,0.37660219596301087,6.5547823642902605,4.728015426534757,42.64561960981395,12.308061925802042,0.21613353531258833,0.17360718491525468,0.16173576028598355,0.1508367179226101
9,ia_a,59,-0.21682517279244606,10.462999180647,9.80308643411045,20.313865090687706,6.629206681438832,0.21613353531258833,0.17360718491525468,0.16173576028598355,0.1508367179226101
9,ia_a,60,0.5585724592433702,0.6280702146800872,2.2356286559032963,12.679088280719773,10.419947340025619,0.21613353531258833,0.17360718491525468,0.16173576028598355,0.1508367179226101
9,va_a,1,-0.0038005629568548666,14.142906434933629,3.2846323490283393,5.579844471455251,4.084240715292986,0.233265800678892,0.15622193054620043,0.11570747262785404,0.11703832995644738
9,va_a,2,-0.16957271357642903,3.9941378077876886,2.958618500404078,9.647376830172353,2.926423979271272,0.233265800678892,0.15622193054620043,0.11570747262785404,0.11703832995644738
9,va_a,3,-0.4173324274678068,3.384143808467854,4.2392730979618225,41.32540547710901,15.063318846511972,0.233265800678892,0.15622193054620043,0.11570747262785404,0.11703832995644738
9,va_a,4,0.34406693534268246,1.7981427609847633,2.1798628072858994,1.5999847076808447,2.1857443794723856,0.233265800678892,0.15622193054620043,0.11570747262785404,0.11703832995644738
9,va_a,5,0.4656293500342396,4.93384108750552,2.0232516361563926,5.231843908017494,6.2754222061594485,0.233265800678892,0.15622193054620043,0.11570747262785404,0.11703832995644738
9,va_a,6,-0.029423042935750217,2.6034174040945834,1.060303951948008,1.7192478699915537,5.357658990985834,0.233265800678892,0.15622193054620043,0.11570747262785404,0.11703832995644738
9,va_a,7,0.1324491691881667,6.47873472806878,3.074203274053654,19.02836645052143,9.078905052050805,0.233265800678892,0.15622193054620043,0.11570747262785404,0.11703832995644738
9,va_a,8,-0.42978263321143,2.9532050218871997,2.755785900688603,30.4378545910328,14.798259214838174,0.233265800678892,0.15622193054620043,0.11570747262785404,0.11703832995644738
9,va_a,9,-0.33250861907842405,2.8341874608830593,0.8228533313097945,5.856296561658749,2.6840791799828936,0.233265800678892,0.15622193054620043,0.11570747262785404,0.11703832995644738
9,va_a,10,-0.23909415562223604,7.717536978422519,6.337671146255092,5.257284334326979,3.031360090405604,0.233265800678892,0.15622193054620043,0.11570747262785404,0.11703832995644738
9,va_a,11,-0.03618651950324726,0.5081216443592151,3.2649557890224092,3.9128392729534682,1.2168767482608311,0.233265800678892,0.15622193054620043,0.11570747262785404,0.11703832995644738
9,va_a,12,0.12124088853537425,7.040440610760961,4.547630435415803,18.164373977676185,4.400716301999301,0.233265800678892,0.15622193054620043,0.11570747262785404,0.11703832995644738
9,va_a,13,-0.11765855917216128,5.110463294076813,3.2666518506701476,1.5294942056437903,3.5486881057033677,0.233265800678892,0.15622193054620043,0.11570747262785404,0.11703832995644738
9,va_a,14,0.2847941078909277,7.218243828481262,3.736475264920495,3.0228847438587727,2.107255135681226,0.233265800678892,0.15622193054620043,0.11570747262785404,0.11703832995644738
9,va_a,15,0.058559235695800384,3.898815711603206,5.142946314367828,10.638724431753362,2.325567463562083,0.233265800678892,0.15622193054620043,0.11570747262785404,0.11703832995644738
9,va_a,16,-0.292496475601564,4.468690602219838,3.33680317799661,4.683746911832674,5.946954986627067,0.233265800678892,0.15622193054620043,0.11570747262785404,0.11703832995644738
9,va_a,17,-0.3240598563932812,6.276710551573918,4.334022404484153,44.427905896309035,13.136556350076845,0.233265800678892,0.15622193054620043,0.11570747262785404,0.11703832995644738
9,va_a,18,-0.23100720708618333,8.052032018808625,5.534744216123556,18.727537490465263,14.602871018175763,0.233265800678892,0.15622193054620043,0.11570747262785404,0.11703832995644738
9,va_a,19,0.4196337948824828,16.329444918082576,3.54921165804174,5.102611004174036,7.855147638355856,0.233265800678892,0.15622193054620043,0.11570747262785404,0.11703832995644738
9,va_a,20,-0.008378927219632914,9.07576777172175,2.6116616363358234,2.2590766438458627,3.348524480711293,0.233265800678892,0.15622193054620043,0.11570747262785404,0.11703832995644738
9,va_a,21,-0.28433662526098097,8.29262585603138,5.049222350681969,25.446522903512907,7.5802848671005645,0.233265800678892,0.15622193054620043,0.11570747262785404,0.11703832995644738
9,va_a,22,-0.02620093289197781,1.810689167290877,1.0644300532556743,0.6647706259837356,0.5944649400513106,0.233265800678892,0.15622193054620043,0.11570747262785404,0.11703832995644738
9,va_a,23,-0.09483695356033622,2.118738389635575,3.9371487881151235,4.5373645965931235,4.119908452394481,0.233265800678892,0.15622193054620043,0.11570747262785404,0.11703832995644738
9,va_a,24,0.12278626365217829,0.989688281829248,1.9053053116454348,4.634667964035072,1.4348509207891351,0.233265800678892,0.15622193054620043,0.11570747262785404,0.11703832995644738
9,va_a,25,0.35847561948409473,3.8167668827720536,2.8315005222530085,2.1880276021703886,2.2977164082712704,0.233265800678892,0.15622193054620043,0.11570747262785404,0.11703832995644738
9,va_a,26,-0.50555627842477,3.530483905881728,4.915065470740403,6.39670869459836,8.505229388853486,0.233265800678892,0.15622193054620043,0.11570747262785404,0.11703832995644738
9,va_a,27,-0.2785701089649574,3.5646359826022245,2.655370239381725,6.473830589942019,3.2853340659727652,0.233265800678892,0.15622193054620043,0.11570747262785404,0.11703832995644738
9,va_a,28,-0.13788227282732937,2.989325117554378,6.461399783546261,16.672994776140484,6.580473642588965,0.233265800678892,0.15622193054620043,0.11570747262785404,0.11703832995644738
9,va_a,29,0.2982018334989634,0.6413027308661674,1.598650914636992,24.736166101664615,8.81437330523373,0.233265800678892,0.15622193054620043,0.11570747262785404,0.11703832995644738
9,va_a,30,-0.011292243232803022,6.250231551095754,2.5373712049016692,11.869637885445643,7.633573706705805,0.233265800678892,0.15622193054620043,0.11570747262785404,0.11703832995644738
9,va_a,31,-0.17683599438512607,10.857834303270893,5.556891803400934,2.697415887214519,8.114084345244395,0.233265800678892,0.15622193054620043,0.11570747262785404,0.11703832995644738
9,va_a,32,-0.14496737876086524,13.457878869827319,5.367616899511202,3.580561467798613,13.491793774805961,0.233265800678892,0.15622193054620043,0.11570747262785404,0.11703832995644738
9,va_a,33,-0.37617294641408194,3.970443531886049,6.870701503739427,5.866028331473409,4.228701947510296,0.233265800678892,0.15622193054620043,0.11570747262785404,0.11703832995644738
9,va_a,34,0.24691265224399592,1.0640076317589935,1.0134593362360031,3.7966458931283324,1.9748052941661718,0.233265800678892,0.15622193054620043,0.11570747262785404,0.11703832995644738
9,va_a,35,-0.01959473778454267,0.3940759904193654,0.9082368968683023,1.0766562957311223,3.904295959870377,0.233265800678892,0.15622193054620043,0.11570747262785404,0.11703832995644738
9,va_a,36,0.22782200678944536,6.646988117678587,4.131590394044733,2.1209968215530917,2.041851859482253,0.233265800678892,0.15622193054620043,0.11570747262785404,0.11703832995644738
9,va_a,37,-0.3575188742498366,10.263691640357782,9.778330257341004,3.43097834513787,2.209399993944965,0.233265800678892,0.15622193054620043,0.11570747262785404,0.11703832995644738
9,va_a,38,1.0377936510628665,5.217125493025766,6.73309637128422,25.455068734835262,18.727975802010974,0.233265800678892,0.15622193054620043,0.11570747262785404,0.11703832995644738
9,va_a,39,-0.18188928143562436,5.8012944544272145,3.612742851912494,5.235151307439413,4.127949121897245,0.233265800678892,0.15622193054620043,0.11570747262785404,0.11703832995644738
9,va_a,40,-0.05824782036793308,1.2574468478556744,2.2442445465303535,3.7413915156480138,3.071204982674713,0.233265800678892,0.15622193054620043,0.11570747262785404,0.11703832995644738
9,va_a,41,-0.26637165455671247,13.327985838169893,5.341900979125878,31.253124739411277,27.861329068480703,0.233265800678892,0.15622193054620043,0.11570747262785404,0.11703832995644738
9,va_a,42,0.007483316667966119,3.698610096955143,4.194165652404697,0.29966130702400695,1.3201325051195427,0.233265800678892,0.15622193054620043,0.11570747262785404,0.11703832995644738
9,va_a,43,-0.49375982690625175,1.7447485980162607,3.8909530053140555,7.035793526136249,1.944543079468527,0.233265800678892,0.15622193054620043,0.11570747262785404,0.11703832995644738
9,va_a,44,0.3797697251581336,3.19252021738614,2.3204307896532628,15.114708109590742,7.612347428705918,0.233265800678892,0.15622193054620043,0.11570747262785404,0.11703832995644738
9,va_a,45,0.32273114840561584,4.687894200630672,2.3936153819390893,2.813082860977844,2.2381549626592716,0.233265800678892,0.15622193054620043,0.11570747262785404,0.11703832995644738
9,va_a,46,0.03558305603471025,2.5022402524926504,1.819234528602038,0.7341619747371244,0.9381395635956163,0.233265800678892,0.15622193054620043,0.11570747262785404,0.11703832995644738
9,va_a,47,-0.1815669902495616,2.604318703870218,1.0187224029468749,7.867751405077775,4.602785292495411,0.233265800678892,0.15622193054620043,0.11570747262785404,0.11703832995644738
9,va_a,48,0.5729423229529972,15.06971528981794,6.007203014827612,20.992617890833156,6.816484794248194,0.233265800678892,0.15622193054620043,0.11570747262785404,0.11703832995644738
9,va_a,49,-0.44355314143995295,5.429786232463864,2.943977546729848,9.035267254310263,7.848851602815437,0.233265800678892,0.15622193054620043,0.11570747262785404,0.11703832995644738
9,va_a,50,-0.4165582224437363,10.481167952456005,2.5252474175998594,2.7089588208815787,4.286385185991519,0.233265800678892,0.15622193054620043,0.11570747262785404,0.11703832995644738
9,va_a,51,-0.007204282335613952,1.1673753012815407,1.1032100895667112,0.9392051406401839,0.8158934787105555,0.233265800678892,0.15622193054620043,0.11570747262785404,0.11703832995644738
9,va_a,52,-0.4254463012979496,2.603886987274177,5.204574997026291,4.2888369415773235,2.5611751583908293,0.233265800678892,0.15622193054620043,0.11570747262785404,0.11703832995644738
9,va_a,53,0.4275629215923198,0.9296667596718079,4.383198578101414,4.493755967337373,1.8107739351121894,0.233265800678892,0.15622193054620043,0.11570747262785404,0.11703832995644738
9,va_a,54,0.279264499009,5.680853959814657,2.94962990379637,2.6482971851339223,7.262816076870187,0.233265800678892,0.15622193054620043,0.11570747262785404,0.11703832995644738
9,va_a,55,-0.7351548334001013,5.440571629198666,10.786198542094109,29.694134867494597,21.57453068242836,0.233265800678892,0.15622193054620043,0.11570747262785404,0.11703832995644738
9,va_a,56,-0.1679486099526389,13.07124678978336,2.695771780535176,3.1384020967544375,13.197106996676142,0.233265800678892,0.15622193054620043,0.11570747262785404,0.11703832995644738
9,va_a,57,0.21330024418255725,2.819035807212233,2.447952248737998,6.503714883235916,5.194104155707485,0.233265800678892,0.15622193054620043,0.11570747262785404,0.11703832995644738
9,va_a,58,0.07078771460354703,0.1909831594584372,1.0439560244727302,3.981789858836011,0.49830836357071423,0.233265800678892,0.15622193054620043,0.11570747262785404,0.11703832995644738
9,va_a,59,-0.13093842369736364,1.7016013895205802,4.459163361561334,5.381020121443322,6.326501968944411,0.233265800678892,0.15622193054620043,0.11570747262785404,0.11703832995644738
9,va_a,60,0.08357823956690329,3.116130077831307,6.939315123784509,7.843053489614284,5.188459381574133,0.233265800678892,0.15622193054620043,0.11570747262785404,0.11703832995644738
10,ia_a,1,-0.29569166591172225,8.258351474779397,5.8949272517705165,11.416954594406274,13.05152462977705,0.10683822221022048,0.149367186356687,0.183298288052007,0.1080523327058424
10,ia_a,2,-0.08064922569060824,1.4622827878989315,2.3692948289355686,12.619769348754646,12.312518197771418,0.10683822221022048,0.149367186356687,0.183298288052007,0.1080523327058424
10,ia_a,3,-0.009484558459281558,1.3207930420653298,0.931133703033318,3.241102040011924,1.3885955561157655,0.10683822221022048,0.149367186356687,0.183298288052007,0.1080523327058424
10,ia_a,4,0.10075207461561272,5.895012166921254,2.2015642558004416,1.2618713243317279,4.3312552891587535,0.10683822221022048,0.149367186356687,0.183298288052007,0.1080523327058424
10,ia_a,5,0.42859105959657207,1.3766786736031484,3.0663498403578804,4.638476758231243,4.290146083343473,0.10683822221022048,0.149367186356687,0.183298288052007,0.1080523327058424
10,ia_a,6,-0.11013960045636452,0.5475845882053757,1.122248253018504,20.086300969596923,5.7431136398013605,0.10683822221022048,0.149367186356687,0.183298288052007,0.1080523327058424
10,ia_a,7,0.13016222915509718,3.889252007882095,3.0889257749521133,5.628471991433067,3.566553148344435,0.10683822221022048,0.149367186356687,0.183298288052007,0.1080523327058424
10,ia_a,8,0.19237825727326063,0.2756187141860928,1.0407174093542588,2.240586808182372,1.7354794294713218,0.10683822221022048,0.149367186356687,0.183298288052007,0.1080523327058424
10,ia_a,9,0.3155000756276904,1.8356057264020855,0.7382447540673047,1.2074033527688892,2.877961526131761,0.10683822221022048,0.149367186356687,0.183298288052007,0.1080523327058424
10,ia_a,10,0.1527632761720953,1.0757105240851528,2.9784778021548393,23.877032228354768,6.12092695433559,0.10683822221022048,0.149367186356687,0.183298288052007,0.1080523327058424
10,ia_a,11,-0.26938631718808353,0.7524821709459182,2.5593845922935445,8.182423491173767,3.2677541249334197,0.10683822221022048,0.149367186356687,0.183298288052007,0.1080523327058424
10,ia_a,12,0.2769982532588593,0.9030124368314322,0.5830781297072763,1.7366821871284683,0.8898084856792597,0.10683822221022048,0.149367186356687,0.183298288052007,0.1080523327058424
10,ia_a,13,0.6279162678469239,1.583082547021963,2.320775100591645,32.813681823430855,11.64499892470735,0.10683822221022048,0.149367186356687,0.183298288052007,0.1080523327058424
10,ia_a,14,0.01396151366550268,17.764077844874926,3.806991176775305,7.06100465589656,14.787556309207778,0.10683822221022048,0.149367186356687,0.183298288052007,0.1080523327058424
10,ia_a,15,0.24134253963753513,15.514249401515928,3.935770378704021,1.3756809597752389,9.71686195397499,0.10683822221022048,0.149367186356687,0.183298288052007,0.1080523327058424
10,ia_a,16,0.3451386952150987,1.0108104848094006,2.0190148053894434,14.515335207025059,5.373571801352873,0.10683822221022048,0.149367186356687,0.183298288052007,0.1080523327058424
10,ia_a,17,0.09592830820190526,8.334077340963123,2.876389249839462,5.164058567635398,3.2851485837087964,0.10683822221022048,0.149367186356687,0.183298288052007,0.1080523327058424
10,ia_a,18,-0.032066484423224365,2.1964247502913508,3.4550950531022377,1.5319114393511228,1.5329878905203294,0.10683822221022048,0.149367186356687,0.183298288052007,0.1080523327058424
10,ia_a,19,0.13798086580188873,6.307212294837144,5.485610809714059,47.819380555367566,11.572923640957073,0.10683822221022048,0.149367186356687,0.183298288052007,0.1080523327058424
10,ia_a,20,0.36923423571311537,4.189230156484498,4.569205541199139,9.874688383263832,13.18096424388459,0.10683822221022048,0.149367186356687,0.183298288052007,0.1080523327058424
10,ia_a,21,0.1877533210930673,2.5652034787295066,2.06175999565772,10.034837312201907,4.5861700937751735,0.10683822221022048,0.149367186356687,0.183298288052007,0.1080523327058424
10,ia_a,22,-0.05862307329970512,5.314225527762902,1.501289281546854,4.8496685356094735,6.3864969286561015,0.10683822221022048,0.149367186356687,0.183298288052007,0.1080523327058424
10,ia_a,23,0.17295021320176007,5.813835888161271,3.1324393571561773,20.13877573046312,12.603691762987165,0.10683822221022048,0.149367186356687,0.183298288052007,0.1080523327058424
10,ia_a,24,0.6438977818178165,5.813833135673316,8.473240869938545,24.48316997764113,13.421196393599285,0.10683822221022048,0.149367186356687,0.183298288052007,0.1080523327058424
10,ia_a,25,0.0461668592343287,1.6925351343513728,2.4220101342605553,10.221298171571632,10.414476176648696,0.10683822221022048,0.149367186356687,0.183298288052007,0.1080523327058424
10,ia_a,26,0.04545143084196574,6.0766346447834545,6.4093978329504,1.2834010962268947,2.5228694752546814,0.10683822221022048,0.149367186356687,0.183298288052007,0.1080523327058424
10,ia_a,27,0.2477944464028898,2.578904664651247,1.815287104540119,2.2773263228832894,3.7577089587240016,0.10683822221022048,0.149367186356687,0.183298288052007,0.1080523327058424
10,ia_a,28,-0.3563571490727153,2.0090988309765527,4.6366766541569175,26.86526122938374,5.1336470675177575,0.10683822221022048,0.149367186356687,0.183298288052007,0.1080523327058424
10,ia_a,29,0.16002593915015276,1.309337751025754,0.968610998759227,2.470310849151837,3.840669614637197,0.10683822221022048,0.149367186356687,0.183298288052007,0.1080523327058424
10,ia_a,30,0.18284698208538094,10.949721281285374,5.277909630636156,13.5273372391154,8.853801554601786,0.10683822221022048,0.149367186356687,0.183298288052007,0.1080523327058424
10,ia_a,31,0.4548564811160832,7.044635016645527,3.390346036542953,10.978856839198947,10.318568100324054,0.10683822221022048,0.149367186356687,0.183298288052007,0.1080523327058424
10,ia_a,32,-0.0052599529174089,8.347705307260588,2.4844727655063807,5.804467551263408,7.6011953296078225,0.10683822221022048,0.149367186356687,0.183298288052007,0.1080523327058424
10,ia_a,33,0.15385146502111818,3.4072743598180493,2.5272552877665917,2.3965371389857184,0.9521525551569299,0.10683822221022048,0.149367186356687,0.183298288052007,0.1080523327058424
10,ia_a,34,-0.5812441000331426,17.602298323560994,13.535060819262664,1.9903670119988075,2.236728073200571,0.10683822221022048,0.149367186356687,0.183298288052007,0.1080523327058424
10,ia_a,35,-0.14388852759398446,2.814487334857515,4.003913203356293,8.271126613782343,6.407998004195572,0.10683822221022048,0.149367186356687,0.183298288052007,0.1080523327058424
10,ia_a,36,0.1408414697649342,3.0208818609023282,2.1700540835962703,20.400734822518114,9.188976370481967,0.10683822221022048,0.149367186356687,0.183298288052007,0.1080523327058424
10,ia_a,37,-0.1638480223359443,0.3294082811279776,2.8196254367041313,1.28414859332893,1.4643659306563432,0.10683822221022048,0.149367186356687,0.183298288052007,0.1080523327058424
10,ia_a,38,0.17378830872697973,2.5963916124418702,2.7432761756463573,10.479228790320013,4.021939255730028,0.10683822221022048,0.149367186356687,0.183298288052007,0.1080523327058424
10,ia_a,39,0.05388725658415207,3.5608461860813168,1.3669197042936343,5.90206757627459,5.627674566658192,0.10683822221022048,0.149367186356687,0.183298288052007,0.1080523327058424
10,ia_a,40,0.47990183747237164,1.187523938399803,14.33716363788315,14.806503527545146,11.254434787188044,0.10683822221022048,0.149367186356687,0.183298288052007,0.1080523327058424
10,ia_a,41,0.204700994279091,0.514804607905445,1.94336057260837,21.088881807288743,6.331106633862145,0.10683822221022048,0.149367186356687,0.183298288052007,0.1080523327058424
10,ia_a,42,-0.11453510818271768,3.047425209262155,1.2346121871680604,15.156193090027239,7.459435166056623,0.10683822221022048,0.149367186356687,0.183298288052007,0.1080523327058424
10,ia_a,43,0.03540630986578594,0.7142161137641149,1.731341345634726,7.064617989856421,3.2936208793807715,0.10683822221022048,0.149367186356687,0.183298288052007,0.1080523327058424
10,ia_a,44,0.021679951744927536,4.916028281001056,12.371467693359287,0.577870287437176,6.902484915096304,0.10683822221022048,0.149367186356687,0.183298288052007,0.1080523327058424
10,ia_a,45,-0.046649554538761184,7.704839304870163,2.970347774107378,6.316947414711206,7.804239937592533,0.10683822221022048,0.149367186356687,0.183298288052007,0.1080523327058424
10,ia_a,46,0.138613011399158,2.7151545524750493,2.5853989461062037,5.287690928223892,2.0709748278698554,0.10683822221022048,0.149367186356687,0.183298288052007,0.1080523327058424
10,ia_a,47,0.28941675872337286,5.709027604696485,4.649304561051179,23.471181757401116,13.186464269401315,0.10683822221022048,0.149367186356687,0.183298288052007,0.1080523327058424
10,ia_a,48,0.18648822905314397,3.2534425011166146,1.8255977951955826,4.011886777104207,2.083155697838303,0.10683822221022048,0.149367186356687,0.183298288052007,0.1080523327058424
10,ia_a,49,-0.14073938740661396,6.212232653572587,4.38195918504348,13.44428536591517,9.110114157005947,0.10683822221022048,0.149367186356687,0.183298288052007,0.1080523327058424
10,ia_a,50,0.6061478792616642,0.5661527747552461,1.7800597332382724,8.39797685550837,5.3329496784010875,0.10683822221022048,0.149367186356687,0.183298288052007,0.1080523327058424
10,ia_a,51,-0.571113892561204,4.285878826547907,6.9197648210771465,15.85989586477617,1.5841162389699608,0.10683822221022048,0.149367186356687,0.183298288052007,0.1080523327058424
10,ia_a,52,-0.06681020317137389,0.40062842903578577,1.5354068831400538,9.041623815237623,4.3574303100825045,0.10683822221022048,0.149367186356687,0.183298288052007,0.1080523327058424
10,ia_a,53,-0.03673769588356424,1.9482455520844015,1.5910235214011235,21.87684620899068,11.21354562095343,0.10683822221022048,0.149367186356687,0.183298288052007,0.1080523327058424
10,ia_a,54,-0.5299368477412009,0.3254395631604878,1.7550042156746297,19.841932526871727,6.049057371566528,0.10683822221022048,0.149367186356687,0.183298288052007,0.1080523327058424
10,ia_a,55,0.1489096685990239,1.375634176451955,2.6172144278718217,2.256342585600643,4.695646692526757,0.10683822221022048,0.149367186356687,0.183298288052007,0.1080523327058424
10,ia_a,56,0.016596841213144586,0.49492472672860455,3.069640952663426,2.8688909428947764,1.6015787899872371,0.10683822221022048,0.149367186356687,0.183298288052007,0.1080523327058424
10,ia_a,57,-0.6449043273027484,13.246472967070003,5.076811147561924,10.633942824364542,6.545463988480632,0.10683822221022048,0.149367186356687,0.183298288052007,0.1080523327058424
10,ia_a,58,-0.004275510147788474,2.9084635842848976,1.9859723699325822,3.6277531678382156,5.213666215577485,0.10683822221022048,0.149367186356687,0.183298288052007,0.1080523327058424
10,ia_a,59,0.15262484253106914,7.7427810442920215,2.7885181913213355,2.442245723227605,10.62531231303903,0.10683822221022048,0.149367186356687,0.183298288052007,0.1080523327058424
10,ia_a,60,0.04260736588587233,2.198204281618064,2.241152915673246,11.087781076808074,4.5936484938255235,0.10683822221022048,0.149367186356687,0.183298288052007,0.1080523327058424
10,va_a,1,-0.1284740215617108,9.344946039726752,8.066735336235679,12.085552238384919,10.330287225603778,0.2598497775470538,0.1911299036213805,0.09337215896662024,0.050133543014166615
10,va_a,2,-0.0008778848199059622,4.4190606254109515,3.675057223564714,5.014250369264216,6.318789363059415,0.2598497775470538,0.1911299036213805,0.09337215896662024,0.050133543014166615
10,va_a,3,0.16187356617215856,14.566022969994815,2.3185296660404426,6.919313010506206,28.09141285171922,0.2598497775470538,0.1911299036213805,0.09337215896662024,0.050133543014166615
10,va_a,4,0.12847228586594867,0.7625814615944916,1.0647696009746423,4.2935028597768,0.9964231786146294,0.2598497775470538,0.1911299036213805,0.09337215896662024,0.050133543014166615
10,va_a,5,-0.6369805869675382,2.5754025232942848,4.337747239938407,7.7759818250016535,8.218243332263906,0.2598497775470538,0.1911299036213805,0.09337215896662024,0.050133543014166615
10,va_a,6,-0.6468150501396319,5.204731944622883,2.5683719803278025,17.796915647296736,6.919466740478109,0.2598497775470538,0.1911299036213805,0.09337215896662024,0.050133543014166615
10,va_a,8,0.43512632211079033,3.3834699614990833,3.114167322986309,1.205338302943584,2.858312288954516,0.2598497775470538,0.1911299036213805,0.09337215896662024,0.050133543014166615
10,va_a,9,0.8930942355969408,13.67393541955139,4.329028945464097,5.556213691934078,23.58676037064443,0.2598497775470538,0.1911299036213805,0.09337215896662024,0.050133543014166615
10,va_a,10,-0.08837373835873175,7.656800492854276,2.2540659406127492,23.07685059009535,4.1261365127325105,0.2598497775470538,0.1911299036213805,0.09337215896662024,0.050133543014166615
10,va_a,11,0.0037535873387886426,2.8092229499434413,3.7289783861961805,17.80736495580438,7.241228313084142,0.2598497775470538,0.1911299036213805,0.09337215896662024,0.050133543014166615
10,va_a,12,-0.049242531275610256,1.3922455788838102,8.802213028538329,14.789367849800678,7.263476313810561,0.2598497775470538,0.1911299036213805,0.09337215896662024,0.050133543014166615
10,va_a,13,-0.07512067407797389,3.396268934406528,1.5366522579316682,9.83352919809764,4.089989537217528,0.2598497775470538,0.1911299036213805,0.09337215896662024,0.050133543014166615
10,va_a,14,-0.15309834391064303,4.873162569077083,3.2025661446352056,1.2542127375685357,8.701870782769026,0.2598497775470538,0.1911299036213805,0.09337215896662024,0.050133543014166615
10,va_a,15,-0.42084701288977144,1.5459077149448646,3.838841992258473,23.46578589479508,1.537893470149646,0.2598497775470538,0.1911299036213805,0.09337215896662024,0.050133543014166615
10,va_a,16,-0.009428750358051899,0.5054475072553793,3.278080261965833,1.3814959383062757,0.6802361408840267,0.2598497775470538,0.1911299036213805,0.09337215896662024,0.050133543014166615
10,va_a,17,-0.2730134474295454,0.26865578052321404,0.7991841474261611,3.419237191975869,1.197306661920142,0.2598497775470538,0.1911299036213805,0.09337215896662024,0.050133543014166615
10,va_a,18,0.0014428033940829855,2.4600179877512107,5.493241058149847,20.53051117473031,4.699637620457976,0.2598497775470538,0.1911299036213805,0.09337215896662024,0.050133543014166615
10,va_a,19,-0.5154366816819496,5.207785816446427,3.493447004655896,29.590736690281656,16.606247926079504,0.2598497775470538,0.1911299036213805,0.09337215896662024,0.050133543014166615
10,va_a,20,-0.61424328708464,1.3491661757545654,3.1968682114540683,21.555280182843873,12.928878487094305,0.2598497775470538,0.1911299036213805,0.09337215896662024,0.050133543014166615
10,va_a,21,0.23347668112757644,0.5012606111597828,3.078471994165246,22.278215366941794,4.4434736362309675,0.2598497775470538,0.1911299036213805,0.09337215896662024,0.050133543014166615
10,va_a,22,0.7097945965282741,2.5903625150300105,2.769766800348256,26.630259828863096,7.241287479264857,0.2598497775470538,0.1911299036213805,0.09337215896662024,0.050133543014166615
10,va_a,23,0.012475318838869836,2.8718467331162034,0.8521317342757057,2.280669845338016,2.740039030152322,0.2598497775470538,0.1911299036213805,0.09337215896662024,0.050133543014166615
10,va_a,24,-0.40910781063512697,2.0569159131864114,4.836703757437783,6.313189325697211,1.3281452386557817,0.2598497775470538,0.1911299036213805,0.09337215896662024,0.050133543014166615
10,va_a,25,0.16493070888898376,0.9056621302227604,1.9815093626297096,8.940518901215967,7.579046415626334,0.2598497775470538,0.1911299036213805,0.09337215896662024,0.050133543014166615
10,va_a,26,-0.49867513733305674,3.3499900005214496,1.8234489436729646,0.8944112980471252,2.7611643451527335,0.2598497775470538,0.1911299036213805,0.09337215896662024,0.050133543014166615
10,va_a,27,0.5038538100733441,3.901419411212611,2.5059159140200524,6.760710723013057,5.243855223459838,0.2598497775470538,0.1911299036213805,0.09337215896662024,0.050133543014166615
10,va_a,28,-0.0007685045624116217,1.8277364276079984,2.3242228113437107,5.750977521833588,2.8297316089208286,0.2598497775470538,0.1911299036213805,0.09337215896662024,0.050133543014166615
10,va_a,29,-0.17700397900201878,2.3412831558452307,2.076145483423971,4.796821030734469,2.2609952761645626,0.2598497775470538,0.1911299036213805,0.09337215896662024,0.050133543014166615
10,va_a,30,-0.27838200515013073,0.15853500165971415,5.643319160894264,11.596316035460644,1.301363272487502,0.2598497775470538,0.1911299036213805,0.09337215896662024,0.050133543014166615
10,va_a,31,-0.5531705110137473,7.510946945941683,2.8095800049668336,38.36233707608288,33.932331096787905,0.2598497775470538,0.1911299036213805,0.09337215896662024,0.050133543014166615
10,va_a,32,-0.1280160592281348,2.831860159872543,3.5551828423115195,3.257894002782947,1.3604486776831957,0.2598497775470538,0.1911299036213805,0.09337215896662024,0.050133543014166615
10,va_a,33,0.2574847779319541,10.698410099598622,4.2321112408911175,1.1482887472128602,0.674301195653498,0.2598497775470538,0.1911299036213805,0.09337215896662024,0.050133543014166615
10,va_a,34,-0.05601887436982625,5.8774594665498485,2.4575301472668114,2.9037369676273976,5.22771016039616,0.2598497775470538,0.1911299036213805,0.09337215896662024,0.050133543014166615
10,va_a,35,0.2413165206993622,3.042239277498644,5.289992330756662,2.3820322157303564,4.057396788236867,0.2598497775470538,0.1911299036213805,0.09337215896662024,0.050133543014166615
10,va_a,36,-0.21281359328315794,3.1641430469275966,1.5048009985519,1.6294856430371827,3.8075442388138847,0.2598497775470538,0.1911299036213805,0.09337215896662024,0.050133543014166615
10,va_a,37,0.06602307210131012,5.5909037244792135,1.9001934859870353,3.045632343681347,6.463688146422124,0.2598497775470538,0.1911299036213805,0.09337215896662024,0.050133543014166615
10,va_a,38,0.11913534126902077,1.0752390743872002,2.3423769984207286,14.642636644935205,5.7130897019207865,0.2598497775470538,0.1911299036213805,0.09337215896662024,0.050133543014166615
10,va_a,39,0.3888231911276461,3.0815624658662637,2.2289640595157754,22.22140548726143,15.189174230432172,0.2598497775470538,0.1911299036213805,0.09337215896662024,0.050133543014166615
10,va_a,40,0.4239675390376108,5.756118254444318,1.3733705353523957,23.371299564470668,8.52965684458663,0.2598497775470538,0.1911299036213805,0.09337215896662024,0.050133543014166615
10,va_a,41,0.009691012593149811,16.788465647229245,9.46719284771553,3.2104318329900257,12.554561559897362,0.2598497775470538,0.1911299036213805,0.09337215896662024,0.050133543014166615
10,va_a,42,-0.205538317545438,2.775346456383214,1.1031663367091329,2.4988907470076454,2.5648475800966235,0.2598497775470538,0.1911299036213805,0.09337215896662024,0.050133543014166615
10,va_a,43,0.46365163582255847,3.5060620380170335,0.9241178024136524,2.4869063523155472,9.638581032190347,0.2598497775470538,0.1911299036213805,0.09337215896662024,0.050133543014166615
10,va_a,44,0.16933784799487794,0.9855297693712868,1.3324630181961439,0.7336254163872614,0.7331052253774949,0.2598497775470538,0.1911299036213805,0.09337215896662024,0.050133543014166615
10,va_a,45,-0.09782897484841599,1.0478972897082715,2.0857862426169933,9.237722409157122,2.778020982411905,0.2598497775470538,0.1911299036213805,0.09337215896662024,0.050133543014166615
10,va_a,46,-0.2697509542077561,0.3687369495259176,1.3162364347991824,1.2833757668764039,0.2038283550728712,0.2598497775470538,0.1911299036213805,0.09337215896662024,0.050133543014166615
10,va_a,47,-0.1326195605783751,3.250023915550506,4.382082449998212,0.5630219334354325,4.264218394985906,0.2598497775470538,0.1911299036213805,0.09337215896662024,0.050133543014166615
10,va_a,48,0.3809080654419372,6.094234540961428,2.2478140989879893,3.3692607394770104,9.323871909187861,0.2598497775470538,0.1911299036213805,0.09337215896662024,0.050133543014166615
10,va_a,49,0.2815089307129328,4.499149891005567,3.157708297869743,7.015962594437082,2.1218681585698818,0.2598497775470538,0.1911299036213805,0.09337215896662024,0.050133543014166615
10,va_a,50,0.3376280379706645,1.1009214396747173,1.5931559032798652,10.543799856205036,3.016482866148068,0.2598497775470538,0.1911299036213805,0.09337215896662024,0.050133543014166615
10,va_a,51,-0.5405358309747619,1.2239247145224101,3.548790357291135,9.235024637272195,3.055772913512634,0.2598497775470538,0.1911299036213805,0.09337215896662024,0.050133543014166615
10,va_a,52,-0.835695144134649,3.6822727756220694,2.288434218757853,1.9721304834892839,3.8959398575677744,0.2598497775470538,0.1911299036213805,0.09337215896662024,0.050133543014166615
10,va_a,53,0.2892923225232704,1.7812466667830122,1.623672563265404,9.57489486434248,3.6122754871933815,0.2598497775470538,0.1911299036213805,0.09337215896662024,0.050133543014166615
10,va_a,54,-0.41746363660633945,3.825981042901454,2.969975644494506,8.294893435232359,7.209749929969395,0.2598497775470538,0.1911299036213805,0.09337215896662024,0.050133543014166615
10,va_a,55,-0.13730390982123777,0.9629924889630062,3.1768635866042203,4.5932674733347705,1.376120543901895,0.2598497775470538,0.1911299036213805,0.09337215896662024,0.050133543014166615
10,va_a,56,-0.08851619360233086,5.700623810921367,3.1589698989149184,12.260340327603183,7.372360082781719,0.2598497775470538,0.1911299036213805,0.09337215896662024,0.050133543014166615
10,va_a,57,-0.33657358265197507,3.822358593278703,4.778416276105589,0.5382647228060777,4.090974362968895,0.2598497775470538,0.1911299036213805,0.09337215896662024,0.050133543014166615
10,va_a,58,0.6934858928766061,4.804869626094405,2.5132556595568634,22.935727807195548,18.958851255080567,0.2598497775470538,0.1911299036213805,0.09337215896662024,0.050133543014166615
10,va_a,59,0.06599643994402393,0.7456498714783315,3.394952423385761,4.724062312360572,1.1284636908225174,0.2598497775470538,0.1911299036213805,0.09337215896662024,0.050133543014166615
10,va_a,60,0.04079094528126532,17.913399346230655,6.557548051632209,2.8253834347222426,14.464949912264952,0.2598497775470538,0.1911299036213805,0.09337215896662024,0.050133543014166615
11,ia_a,1,0.6713800919837067,4.2780096493617865,4.389665027833825,14.523668763560725,6.007277189797287,0.1622664637565472,0.13375309922104345,0.21611356089457473,0.2799953592766186
11,ia_a,2,0.012203892997609767,1.4932940440307307,2.6274099478438977,8.871309346427283,3.2245232612629646,0.1622664637565472,0.13375309922104345,0.21611356089457473,0.2799953592766186
11,ia_a,3,0.08702617308059317,7.145143991510906,3.1035216625105626,5.0034945906356825,3.6415536813115006,0.1622664637565472,0.13375309922104345,0.21611356089457473,0.2799953592766186
11,ia_a,4,0.968858980355189,15.296354241770983,7.144876635836281,27.990801978179405,42.46190897860029,0.1622664637565472,0.13375309922104345,0.21611356089457473,0.2799953592766186
11,ia_a,5,0.33799622351775255,1.23981408428539,2.6520547592879526,2.5550178499127645,2.291500141781495,0.1622664637565472,0.13375309922104345,0.21611356089457473,0.2799953592766186
11,ia_a,6,0.30262377486945397,2.6089093143573905,3.3618497590465335,8.18381939510698,6.173191551696781,0.1622664637565472,0.13375309922104345,0.21611356089457473,0.2799953592766186
11,ia_a,7,-0.45618393768058185,3.604144698550857,2.0995563159634045,16.353992852129945,5.835471618955524,0.1622664637565472,0.13375309922104345,0.21611356089457473,0.2799953592766186
11,ia_a,8,-0.15269224628308958,2.4935762644929467,2.9329040589725146,0.9147767677835684,3.2979942237131006,0.1622664637565472,0.13375309922104345,0.21611356089457473,0.2799953592766186
11,ia_a,9,0.325032883962132,2.868456762603747,2.589023094312874,10.606259526739867,8.787929190595067,0.1622664637565472,0.13375309922104345,0.21611356089457473,0.2799953592766186
11,ia_a,10,-0.2781478019422326,16.801001552863365,5.21033403395955,7.840908485630477,4.2545844973018365,0.1622664637565472,0.13375309922104345,0.21611356089457473,0.2799953592766186
11,ia_a,11,-0.0025663185567465574,6.400537738399949,3.010726109832873,6.417051365639023,10.656077948901467,0.1622664637565472,0.13375309922104345,0.21611356089457473,0.2799953592766186
11,ia_a,12,-0.0036409775708282164,9.695808685436118,13.29262912100185,3.63602231294829,16.675740523626697,0.1622664637565472,0.13375309922104345,0.21611356089457473,0.2799953592766186
11,ia_a,13,-0.3534072260621435,7.93171303759824,11.281872080831299,12.458503327849058,10.11321373121279,0.1622664637565472,0.13375309922104345,0.21611356089457473,0.2799953592766186
11,ia_a,14,0.289694560760401,3.8155573323946768,3.10571771689118,14.08368467140659,6.197112102810297,0.1622664637565472,0.13375309922104345,0.21611356089457473,0.2799953592766186
11,ia_a,15,0.304385018098634,2.6981058997216123,5.75082141121879,5.1027533910188465,3.886302921907526,0.1622664637565472,0.13375309922104345,0.21611356089457473,0.2799953592766186
11,ia_a,16,0.073151552381194,2.5552260970890925,3.4366193140789245,8.070498566534127,6.130045999391562,0.1622664637565472,0.13375309922104345,0.21611356089457473,0.2799953592766186
11,ia_a,17,-0.07277902300116518,4.481825337944739,2.626614586995986,6.294141328459551,1.3008079718674872,0.1622664637565472,0.13375309922104345,0.21611356089457473,0.2799953592766186
11,ia_a,18,0.5887809711468291,3.8367204414986524,6.113272238714107,1.7722785743900775,3.0035745456634664,0.1622664637565472,0.13375309922104345,0.21611356089457473,0.2799953592766186
11,ia_a,19,0.24963223103652754,3.3455653356879953,1.7703398379579578,2.55396147498615,9.13601114623516,0.1622664637565472,0.13375309922104345,0.21611356089457473,0.2799953592766186
11,ia_a,20,0.45664426376407846,2.8995535249612994,4.20146158805114,7.296702677510908,12.463479264467711,0.1622664637565472,0.13375309922104345,0.21611356089457473,0.2799953592766186
11,ia_a,21,0.21003539400702542,5.5741369290843785,3.6363800523441867,24.533555969377694,8.247045710959071,0.1622664637565472,0.13375309922104345,0.21611356089457473,0.2799953592766186
11,ia_a,22,-0.10290188986205628,1.3149637565060257,2.016905938696908,4.152447249586403,0.9010956453069494,0.1622664637565472,0.13375309922104345,0.21611356089457473,0.2799953592766186
11,ia_a,23,0.13984438960533369,3.16657723418611,0.7958692418817978,2.040383098705552,2.3143679475677827,0.1622664637565472,0.13375309922104345,0.21611356089457473,0.2799953592766186
11,ia_a,24,0.6208828215461905,4.6502500315610025,4.344822906763166,20.772128310915885,27.27263101782948,0.1622664637565472,0.13375309922104345,0.21611356089457473,0.2799953592766186
11,ia_a,25,0.08805502771403162,4.081609917848324,4.043522595968533,2.9563747027509204,1.272906939441646,0.1622664637565472,0.13375309922104345,0.21611356089457473,0.2799953592766186
11,ia_a,26,0.12708762778315016,5.716816000005972,2.4849192494309706,0.4279843024384177,1.7408816269754273,0.1622664637565472,0.13375309922104345,0.21611356089457473,0.2799953592766186
11,ia_a,27,0.274386092118915,8.523186469178613,9.84192455809767,5.768113450733361,13.987158922266195,0.1622664637565472,0.13375309922104345,0.21611356089457473,0.2799953592766186
11,ia_a,28,0.20330777383627294,0.17999306850127844,0.7805648113579107,2.1909929078282784,0.9858011090999165,0.1622664637565472,0.13375309922104345,0.21611356089457473,0.2799953592766186
11,ia_a,29,-0.06896989142605484,1.4558313612427114,3.6726144121013027,0.8480196054973085,0.9009039613356631,0.1622664637565472,0.13375309922104345,0.21611356089457473,0.2799953592766186
11,ia_a,30,0.2788042534173654,9.203914332746507,6.49739146609638,0.7928502148070187,2.4569174858621965,0.1622664637565472,0.13375309922104345,0.21611356089457473,0.2799953592766186
11,ia_a,32,0.0090795430194158,8.019935010994649,7.3040663127792085,4.233961737419029,1.0272963820760381,0.1622664637565472,0.13375309922104345,0.21611356089457473,0.2799953592766186
11,ia_a,33,-0.4269383314277491,4.099900007136884,1.9773004165144412,9.752617877621695,5.899971876076985,0.1622664637565472,0.13375309922104345,0.21611356089457473,0.2799953592766186
11,ia_a,34,0.3991858060832003,5.159071318689835,6.745143231043284,36.77847125930382,23.99994764193397,0.1622664637565472,0.13375309922104345,0.21611356089457473,0.2799953592766186
11,ia_a,35,0.07428738965737584,7.237429130905836,8.74771037652726,5.143235885689101,6.43437379131927,0.1622664637565472,0.13375309922104345,0.21611356089457473,0.2799953592766186
11,ia_a,36,0.3290276462407731,6.251365774347823,2.3678910495773624,3.6001359441441414,12.654498054306965,0.1622664637565472,0.13375309922104345,0.21611356089457473,0.2799953592766186
11,ia_a,37,0.3099730206616597,23.73107480148611,2.745626123785171,4.186020483947683,6.002275158952981,0.1622664637565472,0.13375309922104345,0.21611356089457473,0.2799953592766186
11,ia_a,38,0.5481035625538637,10.947461193477295,3.4070757405357717,16.992071001443254,8.723784792454472,0.1622664637565472,0.13375309922104345,0.21611356089457473,0.2799953592766186
11,ia_a,39,0.18918124313893975,1.2810815921698009,6.605403517509165,2.8504861160057664,0.8295083142395798,0.1622664637565472,0.13375309922104345,0.21611356089457473,0.2799953592766186
11,ia_a,40,0.12261057767102755,10.890238748814486,6.199363765900943,3.1482579254375547,1.53638688017266,0.1622664637565472,0.13375309922104345,0.21611356089457473,0.2799953592766186
11,ia_a,41,-0.1441216830700475,3.224570370767801,12.235396565312605,4.619615805644719,6.205426440890015,0.1622664637565472,0.13375309922104345,0.21611356089457473,0.2799953592766186
11,ia_a,42,-0.43292054035270494,5.452234309945827,6.663200338337488,6.388935390938885,6.335255060090504,0.1622664637565472,0.13375309922104345,0.21611356089457473,0.2799953592766186
11,ia_a,43,0.2484859864649276,6.625516721843853,7.196048986862133,5.208677485173485,2.1901511781238487,0.1622664637565472,0.13375309922104345,0.21611356089457473,0.2799953592766186
11,ia_a,44,-0.337994712968606,3.027732218921238,4.302552611367621,8.356771560394058,5.955506207066097,0.1622664637565472,0.13375309922104345,0.21611356089457473,0.2799953592766186
11,ia_a,45,-0.08478898294914684,19.9494507434777,2.590148234414781,2.3579031410405227,2.864723210388995,0.1622664637565472,0.13375309922104345,0.21611356089457473,0.2799953592766186
11,ia_a,46,-0.03869920996133794,4.619651631815937,2.2251690417822516,14.651058609378065,14.139823134844386,0.1622664637565472,0.13375309922104345,0.21611356089457473,0.2799953592766186
11,ia_a,47,0.1014974584020467,3.078492862509861,1.924645644668861,5.42804766760515,9.370955033599925,0.1622664637565472,0.13375309922104345,0.21611356089457473,0.2799953592766186
11,ia_a,48,-0.0770960987117643,8.168851525701264,4.710475945054111,3.5834554491720065,15.876162007273217,0.1622664637565472,0.13375309922104345,0.21611356089457473,0.2799953592766186
11,ia_a,49,-0.15106682588084425,4.812303828542135,4.953329655370147,1.0863867588191807,2.480021534124783,0.1622664637565472,0.13375309922104345,0.21611356089457473,0.2799953592766186
11,ia_a,50,-0.23318079604579406,21.48983276659458,6.840568682781381,5.750317374315081,3.3182152047580438,0.1622664637565472,0.13375309922104345,0.21611356089457473,0.2799953592766186
11,ia_a,51,0.013389122124358662,1.3493253862360093,1.4751043597860718,19.786152643381463,4.922537967568897,0.1622664637565472,0.13375309922104345,0.21611356089457473,0.2799953592766186
11,ia_a,52,-0.0944644911844551,2.490360947898227,2.4332154667451285,3.542524189497417,4.3440186343919684,0.1622664637565472,0.13375309922104345,0.21611356089457473,0.2799953592766186
11,ia_a,53,-0.07799301693654863,3.419514972491018,4.606692090129753,11.588062440702855,2.0026630774031906,0.1622664637565472,0.13375309922104345,0.21611356089457473,0.2799953592766186
11,ia_a,54,0.1336549058647695,6.116382436888416,3.962687071210102,1.897959032655716,7.30483811569409,0.1622664637565472,0.13375309922104345,0.21611356089457473,0.2799953592766186
11,ia_a,55,0.28005102375705265,4.206020811576649,2.7097435604502054,7.237933521603113,7.407545877844957,0.1622664637565472,0.13375309922104345,0.21611356089457473,0.2799953592766186
11,ia_a,56,0.16551121194332344,1.1165653675491296,2.4913778736938306,1.1881800611291946,2.2316767700766635,0.1622664637565472,0.13375309922104345,0.21611356089457473,0.2799953592766186
11,ia_a,57,-0.23367711637102986,9.81674685576381,1.80246690474115,5.982907773525358,7.1941847903845195,0.1622664637565472,0.13375309922104345,0.21611356089457473,0.2799953592766186
11,ia_a,58,0.9596630780944762,2.9277003143866156,6.380465307926071,10.612991038978302,20.78999353671293,0.1622664637565472,0.13375309922104345,0.21611356089457473,0.2799953592766186
11,ia_a,59,0.5409091315715495,3.563098841925792,2.3527234720932504,4.566067866006066,2.6703119284489487,0.1622664637565472,0.13375309922104345,0.21611356089457473,0.2799953592766186
11,ia_a,60,0.2714960678205349,4.252157685574533,2.23663442829509,22.420136601830233,11.654653358561335,0.1622664637565472,0.13375309922104345,0.21611356089457473,0.2799953592766186
11,va_a,1,-0.03586695527880474,22.060096621872166,8.796038301815415,104.14287378916947,79.4710459839146,0.10697286057114702,0.1308087888676411,0.24976921100171307,0.07274181303582633
11,va_a,2,-0.14792818432788707,3.015584262177412,3.691709434132066,0.33483084666949303,1.6610179680334454,0.10697286057114702,0.1308087888676411,0.24976921100171307,0.07274181303582633
11,va_a,3,-0.26545960711353883,5.122512514671985,3.177900012526067,10.799373442593254,11.351525803583815,0.10697286057114702,0.1308087888676411,0.24976921100171307,0.07274181303582633
11,va_a,4,0.290426089744897,2.0880175303877535,1.8243054477900245,4.010801713538873,2.424952116586579,0.10697286057114702,0.1308087888676411,0.24976921100171307,0.07274181303582633
11,va_a,5,-0.16399482130657544,4.565222368786416,1.4617507063860689,12.567665771014566,7.324936093789848,0.10697286057114702,0.1308087888676411,0.24976921100171307,0.07274181303582633
11,va_a,6,0.07341844095959539,4.739111200353956,3.9679008861330423,13.529977697271926,3.182102334502067,0.10697286057114702,0.1308087888676411,0.24976921100171307,0.07274181303582633
11,va_a,7,0.29097234327277555,12.238386696561317,4.141266413855176,12.924132912577479,10.68880042388264,0.10697286057114702,0.1308087888676411,0.24976921100171307,0.07274181303582633
11,va_a,8,-0.016572110673857075,7.041940845510895,0.8146219238732046,13.410926468114809,4.064781313493953,0.10697286057114702,0.1308087888676411,0.24976921100171307,0.07274181303582633
11,va_a,9,0.05435504644387122,2.4021738681657534,3.0294775477327693,7.771549238338679,2.8288137461546,0.10697286057114702,0.1308087888676411,0.24976921100171307,0.07274181303582633
11,va_a,10,0.5570061573973081,5.3032291755492365,2.734186059050169,4.145157626440919,3.943220729471214,0.10697286057114702,0.1308087888676411,0.24976921100171307,0.07274181303582633
11,va_a,11,-0.025304809034965264,2.7876624657297544,7.73527833432323,5.48548530393919,2.39966357165111,0.10697286057114702,0.1308087888676411,0.24976921100171307,0.07274181303582633
11,va_a,12,-0.11479819572534727,10.82912779250093,2.102508190514577,22.69296910891667,22.292822695669948,0.10697286057114702,0.1308087888676411,0.24976921100171307,0.07274181303582633
11,va_a,13,0.06629930181842016,4.033492816880003,1.1282272046244721,2.7703950695590716,7.113386347588604,0.10697286057114702,0.1308087888676411,0.24976921100171307,0.07274181303582633
11,va_a,14,-0.346623805079545,0.6123127332233045,1.103869946710618,11.90272628764028,3.413338065654529,0.10697286057114702,0.1308087888676411,0.24976921100171307,0.07274181303582633
11,va_a,15,0.06489499876790464,5.840455842811061,4.224542946359191,8.473702834604833,10.0739157631645,0.10697286057114702,0.1308087888676411,0.24976921100171307,0.07274181303582633
11,va_a,16,0.40639804008547903,3.5052863594016834,5.29106546230396,6.1914840979655805,8.344333388715285,0.10697286057114702,0.1308087888676411,0.24976921100171307,0.07274181303582633
11,va_a,17,-0.10084514200614109,1.5329204991464023,1.5551644910190128,2.2400054508674763,0.5140332611950789,0.10697286057114702,0.1308087888676411,0.24976921100171307,0.07274181303582633
11,va_a,18,0.4423713324060937,1.8041483363683422,6.266619890594433,1.1672931148012842,2.567557880324729,0.10697286057114702,0.1308087888676411,0.24976921100171307,0.07274181303582633
11,va_a,19,-0.011492982663562417,2.0829803257654005,0.890171392875026,7.457867204563198,2.2876417654007124,0.10697286057114702,0.1308087888676411,0.24976921100171307,0.07274181303582633
11,va_a,20,0.26764062657480553,7.409433220256318,4.567870404581897,19.963679393680216,17.581178462170104,0.10697286057114702,0.1308087888676411,0.24976921100171307,0.07274181303582633
11,va_a,21,-0.4816044937420975,5.4478306042818865,18.01719935987018,9.821088167819944,1.2510542331107666,0.10697286057114702,0.1308087888676411,0.24976921100171307,0.07274181303582633
11,va_a,22,0.16584954881631564,7.357286374819551,1.866866931545911,7.369828490643589,10.802163988134096,0.10697286057114702,0.1308087888676411,0.24976921100171307,0.07274181303582633
11,va_a,23,0.1468843948082032,11.788430011485318,7.190957508258574,23.688562577859557,12.64124033166387,0.10697286057114702,0.1308087888676411,0.24976921100171307,0.07274181303582633
11,va_a,24,0.13510698486299397,5.284088420496976,4.99677707543875,2.5988724987129266,1.6748804670216924,0.10697286057114702,0.1308087888676411,0.24976921100171307,0.07274181303582633
11,va_a,25,-0.20754155861971188,1.3626848329986632,1.8163076706615977,2.217310649801066,1.8521037227566728,0.10697286057114702,0.1308087888676411,0.24976921100171307,0.07274181303582633
11,va_a,26,0.47825399705636007,7.713348172370969,6.613322609683601,5.32848999021614,12.767207419574527,0.10697286057114702,0.1308087888676411,0.24976921100171307,0.07274181303582633
11,va_a,27,-0.10097991070432079,0.3168912326715679,0.4971670773958844,0.7217716186693461,0.25881793438058426,0.10697286057114702,0.1308087888676411,0.24976921100171307,0.07274181303582633
11,va_a,28,0.002261288273640235,0.541534526226655,1.5489704214007893,4.780467104136387,1.4583036642309888,0.10697286057114702,0.1308087888676411,0.24976921100171307,0.07274181303582633
11,va_a,29,0.28250933781095744,1.0885424694221977,2.043635266444541,0.6690409848951395,2.3378700271151547,0.10697286057114702,0.1308087888676411,0.24976921100171307,0.07274181303582633
11,va_a,30,-0.022529753652084775,6.256772413795944,4.286684023242824,0.9982452920513615,3.6103612551762363,0.10697286057114702,0.1308087888676411,0.24976921100171307,0.07274181303582633
11,va_a,31,-0.045092915530753744,4.407262290985076,2.816258608137527,34.020923945058335,22.497035003729803,0.10697286057114702,0.1308087888676411,0.24976921100171307,0.07274181303582633
11,va_a,32,0.3048296126749102,4.709401817924273,4.15695119477745,3.7161706615529044,2.71483660932496,0.10697286057114702,0.1308087888676411,0.24976921100171307,0.07274181303582633
11,va_a,33,0.06036771038768431,5.799733144039578,3.056697100221339,10.69178941586062,15.12606153827199,0.10697286057114702,0.1308087888676411,0.24976921100171307,0.07274181303582633
11,va_a,34,-0.20153119427296387,1.0991233459435834,2.8585795161795615,1.5013290331395714,1.0658111954910423,0.10697286057114702,0.1308087888676411,0.24976921100171307,0.07274181303582633
11,va_a,35,0.09906151264577527,3.7954211248039575,1.979947282714316,4.434207772338958,10.1247130537674,0.10697286057114702,0.1308087888676411,0.24976921100171307,0.07274181303582633
11,va_a,36,0.2656571133504286,1.9428188071387105,1.7197417661502896,5.15917471663424,6.001221484940022,0.10697286057114702,0.1308087888676411,0.24976921100171307,0.07274181303582633
11,va_a,37,0.3060548388318921,1.341422701867642,1.7771522291033393,1.0852819811279517,3.171787320654619,0.10697286057114702,0.1308087888676411,0.24976921100171307,0.07274181303582633
11,va_a,38,0.026546852238380138,4.1854397319856025,6.621965105447641,26.96099935988963,5.058896609718856,0.10697286057114702,0.1308087888676411,0.24976921100171307,0.07274181303582633
11,va_a,39,0.14191666437786152,4.2672351293673705,3.98761875703277,16.054255788037764,9.754620192439974,0.10697286057114702,0.1308087888676411,0.24976921100171307,0.07274181303582633
11,va_a,40,-0.37297964815568924,1.8011854563101821,1.7897506550345175,2.812194781157688,3.0597101524225776,0.10697286057114702,0.1308087888676411,0.24976921100171307,0.07274181303582633
11,va_a,41,-0.15383866888228065,4.365259068259859,6.373601960652509,0.7311510993005106,2.529334695256695,0.10697286057114702,0.1308087888676411,0.24976921100171307,0.07274181303582633
11,va_a,42,0.07460775108724256,5.170000439349681,2.205124277907332,10.252897056763782,4.264321763400665,0.10697286057114702,0.1308087888676411,0.24976921100171307,0.07274181303582633
11,va_a,43,-0.12223866366310862,13.336659613908303,3.567304478405959,1.8504361741412885,2.5073411416069487,0.10697286057114702,0.1308087888676411,0.24976921100171307,0.07274181303582633
11,va_a,44,-0.37335654424223075,14.899181604637155,2.885169696769518,25.583334464643407,18.82430590727252,0.10697286057114702,0.1308087888676411,0.24976921100171307,0.07274181303582633
11,va_a,45,-0.12989326988369415,1.3116186025421954,3.235005488651434,0.7173564099734127,4.372079684773255,0.10697286057114702,0.1308087888676411,0.24976921100171307,0.07274181303582633
11,va_a,46,0.26737548252362153,6.233330142514989,3.8184788676103625,6.73035545290587,3.258005798348088,0.10697286057114702,0.1308087888676411,0.24976921100171307,0.07274181303582633
11,va_a,47,0.6694600402821529,3.8318941907412643,13.017238847188215,11.615660417107744,7.212993011470168,0.10697286057114702,0.1308087888676411,0.24976921100171307,0.07274181303582633
11,va_a,48,0.15376086743812867,2.646726743072181,3.1974996393198887,4.273382930763581,6.468300206245451,0.10697286057114702,0.1308087888676411,0.24976921100171307,0.07274181303582633
11,va_a,49,-0.13831201242812113,4.323536077620394,0.856084014972572,1.5868926332372342,4.9089571769217,0.10697286057114702,0.1308087888676411,0.24976921100171307,0.07274181303582633
11,va_a,50,0.02677177215997183,4.415323445975464,1.6982160344438548,5.66581673532479,4.6602692203618155,0.10697286057114702,0.1308087888676411,0.24976921100171307,0.07274181303582633
11,va_a,51,0.32438276248711395,0.8320977430505874,4.400839720763162,13.040519877969947,2.6973675948502636,0.10697286057114702,0.1308087888676411,0.24976921100171307,0.07274181303582633
11,va_a,52,0.013856418422688609,5.928299579139502,2.511062740347197,8.399299339716917,5.717585461348942,0.10697286057114702,0.1308087888676411,0.24976921100171307,0.07274181303582633
11,va_a,53,-0.040960662324976964,9.641306912308956,5.615215164544789,4.6471237698249155,8.320688454392156,0.10697286057114702,0.1308087888676411,0.24976921100171307,0.07274181303582633
11,va_a,54,0.16751511432635732,7.353144650085574,4.685555369017013,15.143218253996146,2.064551637274319,0.10697286057114702,0.1308087888676411,0.24976921100171307,0.07274181303582633
11,va_a,55,0.17052303235551228,2.049169896843615,1.0272998138253728,9.194675357958412,2.348464580950712,0.10697286057114702,0.1308087888676411,0.24976921100171307,0.07274181303582633
11,va_a,56,0.5298417593094081,4.025072803382164,2.0293453467873723,47.465168011072386,9.738988020434473,0.10697286057114702,0.1308087888676411,0.24976921100171307,0.07274181303582633
11,va_a,57,0.4089688916290883,5.220250395727953,3.2692970222626565,6.575100317201183,2.4354704965365417,0.10697286057114702,0.1308087888676411,0.24976921100171307,0.07274181303582633
11,va_a,58,-0.14213387748950174,5.751428939932745,1.5293901799313514,12.225416573736847,8.094797142282589,0.10697286057114702,0.1308087888676411,0.24976921100171307,0.07274181303582633
11,va_a,59,0.2170964414737407,2.9451707292641394,1.6631065389233095,10.64213791799961,1.940327350741819,0.10697286057114702,0.1308087888676411,0.24976921100171307,0.07274181303582633
11,va_a,60,-0.45010741529491444,6.232859090638203,3.9050753847925694,14.95359476120615,12.096220874910152,0.10697286057114702,0.1308087888676411,0.24976921100171307,0.07274181303582633
12,ia_a,1,0.47440712930458506,2.0213204483392158,4.568803327858976,6.351265672393464,6.978114120016423,0.1192386970718942,0.19183272287842684,0.21017468337886128,0.14696354247772764
12,ia_a,2,0.2966663859868344,1.4641718979952463,6.255639703235746,1.9589347006625781,2.831022257386703,0.1192386970718942,0.19183272287842684,0.21017468337886128,0.14696354247772764
12,ia_a,3,0.33220203723312575,8.013577179132705,3.5072803009708333,2.5960750925793223,14.218364731613573,0.1192386970718942,0.19183272287842684,0.21017468337886128,0.14696354247772764
12,ia_a,4,-0.7424994085102886,2.4535974820123787,1.4167286265178083,4.857701962946511,1.974799097557199,0.1192386970718942,0.19183272287842684,0.21017468337886128,0.14696354247772764
12,ia_a,6,-0.05784630027575323,3.2676275366209655,3.5115972996969163,9.158527526342459,6.207021269411468,0.1192386970718942,0.19183272287842684,0.21017468337886128,0.14696354247772764
12,ia_a,7,-0.0019811133079082606,2.598102181318251,1.361808309642106,1.8548898840059813,3.0311776994825657,0.1192386970718942,0.19183272287842684,0.21017468337886128,0.14696354247772764
12,ia_a,8,-0.23585800371966995,3.1794171958804585,0.9245732147210399,0.5587272237152213,1.4243823372367779,0.1192386970718942,0.19183272287842684,0.21017468337886128,0.14696354247772764
12,ia_a,9,-0.24620065383353756,1.2919037708972652,0.8458892784970944,1.463206606972772,0.2715369495027133,0.1192386970718942,0.19183272287842684,0.21017468337886128,0.14696354247772764
12,ia_a,10,-0.06721861507292885,1.3132041230090192,3.1205977451931814,2.937920426450436,1.2742880090511848,0.1192386970718942,0.19183272287842684,0.21017468337886128,0.14696354247772764
12,ia_a,11,-0.33338717701702,2.5185966503747212,3.685101124262505,24.38215011054876,4.4347960672694535,0.1192386970718942,0.19183272287842684,0.21017468337886128,0.14696354247772764
12,ia_a,12,0.10226236530440332,1.474043889015278,4.202889237267177,41.56765447909459,3.006468550107861,0.1192386970718942,0.19183272287842684,0.21017468337886128,0.14696354247772764
12,ia_a,13,-0.005769863958412008,0.7929035094649116,0.8857427143145978,2.932555742009611,0.8143545456950081,0.1192386970718942,0.19183272287842684,0.21017468337886128,0.14696354247772764
12,ia_a,14,0.32331387572675124,0.44459687515413754,1.77895848358716,0.4540854856897036,1.118381376533556,0.1192386970718942,0.19183272287842684,0.21017468337886128,0.14696354247772764
12,ia_a,15,0.35659613657032935,8.73634474522452,3.645287628972287,22.243729147122487,5.718974375691424,0.1192386970718942,0.19183272287842684,0.21017468337886128,0.14696354247772764
12,ia_a,16,-0.06013359443021436,3.6038173660227226,3.5441060567005254,3.1828287923111245,7.665910548151377,0.1192386970718942,0.19183272287842684,0.21017468337886128,0.14696354247772764
12,ia_a,17,0.3964021640749296,0.563311794837891,0.886737541443216,78.48285752232043,14.071161362786786,0.1192386970718942,0.19183272287842684,0.21017468337886128,0.14696354247772764
12,ia_a,18,-0.2828167755300571,2.4031201804029476,2.131502461928868,0.8599898140677309,2.160923929453121,0.1192386970718942,0.19183272287842684,0.21017468337886128,0.14696354247772764
12,ia_a,19,-0.3280701368318893,1.8620456669955925,3.764764201861524,3.065326334339328,3.788993796049216,0.1192386970718942,0.19183272287842684,0.21017468337886128,0.14696354247772764
12,ia_a,20,0.018959037380857288,0.4847396107897045,0.8733371953293269,9.096592039314851,1.276957010034969,0.1192386970718942,0.19183272287842684,0.21017468337886128,0.14696354247772764
12,ia_a,21,0.32396044983389505,4.798199564609404,1.6936608241022924,5.237930156484123,8.01996221703017,0.1192386970718942,0.19183272287842684,0.21017468337886128,0.14696354247772764
12,ia_a,22,-0.018004537150475532,0.5118946207446876,0.6600765699413771,2.427303455171673,0.9562392581778517,0.1192386970718942,0.19183272287842684,0.21017468337886128,0.14696354247772764
12,ia_a,23,0.18778866492478424,10.702200140774115,4.763970784216409,8.504961943943465,6.692524535628387,0.1192386970718942,0.19183272287842684,0.21017468337886128,0.14696354247772764
12,ia_a,24,-0.07832924611283876,2.6366628733327375,4.144810875467808,4.656032812481054,2.6713211630665965,0.1192386970718942,0.19183272287842684,0.21017468337886128,0.14696354247772764
12,ia_a,25,0.17318142100282266,1.2303314100936222,1.2037051078430565,6.086207079490349,2.2465794072590497,0.1192386970718942,0.19183272287842684,0.21017468337886128,0.14696354247772764
12,ia_a,26,0.05417698809371502,3.2950884302442898,1.3548088103913851,22.112688258609698,10.467128707065218,0.1192386970718942,0.19183272287842684,0.21017468337886128,0.14696354247772764
12,ia_a,27,0.07015227757885048,2.9077981869294716,1.3530573835076594,3.681066685350914,3.8672132657772202,0.1192386970718942,0.19183272287842684,0.21017468337886128,0.14696354247772764
12,ia_a,28,-0.010548364040943064,2.203812237107776,1.3609037359835556,2.540010828057462,5.946505470647667,0.1192386970718942,0.19183272287842684,0.21017468337886128,0.14696354247772764
12,ia_a,29,0.030826035096686702,0.7170165467178178,1.28212988441461,6.420467393404864,1.6639405906505729,0.1192386970718942,0.19183272287842684,0.21017468337886128,0.14696354247772764
12,ia_a,30,0.3077016980856811,8.413633796246275,1.1380900134907526,25.119719531507666,14.241232483437631,0.1192386970718942,0.19183272287842684,0.21017468337886128,0.14696354247772764
12,ia_a,31,0.1756556229287957,0.9387256012753331,1.5215444089402819,3.314137678202236,2.378821044393959,0.1192386970718942,0.19183272287842684,0.21017468337886128,0.14696354247772764
12,ia_a,32,0.07636466778015674,1.684206783403258,1.6927957027888896,1.3322493355592737,2.339377951461813,0.1192386970718942,0.19183272287842684,0.21017468337886128,0.14696354247772764
12,ia_a,33,0.35026334625399325,1.0755184785036702,2.016127742667852,24.591660245011052,9.608769034975964,0.1192386970718942,0.19183272287842684,0.21017468337886128,0.14696354247772764
12,ia_a,34,-0.4455709387152796,4.055740627546876,2.008988714371647,16.684045016095055,4.723304188533571,0.1192386970718942,0.19183272287842684,0.21017468337886128,0.14696354247772764
12,ia_a,35,0.12011084990248888,2.408377296936128,1.3476076876974983,2.2009096440506415,1.1701614242062566,0.1192386970718942,0.19183272287842684,0.21017468337886128,0.14696354247772764
12,ia_a,36,-0.24084374846239123,2.3802823406048725,0.9057120971763799,1.3846586649909323,2.6383143290586686,0.1192386970718942,0.19183272287842684,0.21017468337886128,0.14696354247772764
12,ia_a,37,-0.14048293539785237,1.2950688844027645,1.7273119242615627,37.16181687219445,1.839446480301498,0.1192386970718942,0.19183272287842684,0.21017468337886128,0.14696354247772764
12,ia_a,38,0.03353398152956889,5.453030690178073,5.472347249667915,34.214724843122596,12.559797988177962,0.1192386970718942,0.19183272287842684,0.21017468337886128,0.14696354247772764
12,ia_a,39,0.28338197265439014,1.3542584006442053,1.6577714274579356,4.10425218888326,0.8501119302717205,0.1192386970718942,0.19183272287842684,0.21017468337886128,0.14696354247772764
12,ia_a,40,-0.1379705269098652,0.9085192947278812,3.077593585823148,8.920901802669393,5.315874460932315,0.1192386970718942,0.19183272287842684,0.21017468337886128,0.14696354247772764
12,ia_a,41,0.031554419166587494,0.927602456313661,1.1385749068043347,0.13992884711384432,0.9993785610468133,0.1192386970718942,0.19183272287842684,0.21017468337886128,0.14696354247772764
12,ia_a,42,0.2535549377641521,3.055561239294408,0.7614882310956406,7.891494593102099,5.376456457121616,0.1192386970718942,0.19183272287842684,0.21017468337886128,0.14696354247772764
12,ia_a,43,0.026921580486926,1.1527713661543522,1.3370399165102202,5.309519992474201,2.1589680982690522,0.1192386970718942,0.19183272287842684,0.21017468337886128,0.14696354247772764
12,ia_a,44,0.1623775763935687,4.788783493512305,2.3096102255112028,9.970639172471037,2.2475668171947185,0.1192386970718942,0.19183272287842684,0.21017468337886128,0.14696354247772764
12,ia_a,45,0.10116289900081739,5.224625704278396,1.0500296348968046,8.380325448170343,7.495695526255147,0.1192386970718942,0.19183272287842684,0.21017468337886128,0.14696354247772764
12,ia_a,46,-0.03247083120264146,8.41028084709825,6.10214633396484,1.830700894787496,3.8874337094865457,0.1192386970718942,0.19183272287842684,0.21017468337886128,0.14696354247772764
12,ia_a,47,-0.6777001812801724,3.232461273494459,1.4490362952113869,3.3881454749731046,4.17940021291798,0.1192386970718942,0.19183272287842684,0.21017468337886128,0.14696354247772764
12,ia_a,48,0.19251010245737077,1.965611925461085,2.6428836541132763,2.635993871972048,1.9857349452546014,0.1192386970718942,0.19183272287842684,0.21017468337886128,0.14696354247772764
12,ia_a,49,-0.2038237256494942,4.089467872008062,2.2016227453382005,2.738105374300856,4.212307877474108,0.1192386970718942,0.19183272287842684,0.21017468337886128,0.14696354247772764
12,ia_a,50,-0.1588043250363728,1.2652883500648546,2.726097109311734,1.3492725475499117,2.7496097904742376,0.1192386970718942,0.19183272287842684,0.21017468337886128,0.14696354247772764
12,ia_a,51,-0.40122392705586024,2.062475193970382,1.6200554512243042,10.46188101383482,4.127803949940158,0.1192386970718942,0.19183272287842684,0.21017468337886128,0.14696354247772764
12,ia_a,52,0.27015592059405813,2.991707179795612,1.5243792204373625,2.992607800148331,2.647084644219537,0.1192386970718942,0.19183272287842684,0.21017468337886128,0.14696354247772764
12,ia_a,53,0.23807858162939796,3.0997873040420205,2.750443155879931,19.40873565216605,12.738033670434115,0.1192386970718942,0.19183272287842684,0.21017468337886128,0.14696354247772764
12,ia_a,54,-0.3607391236938187,1.7635211198297935,1.6037739204301529,12.139896017411122,3.704844946427014,0.1192386970718942,0.19183272287842684,0.21017468337886128,0.14696354247772764
12,ia_a,55,0.22247011525535249,0.7921204855757171,1.29831863191596,12.907851258330275,3.3661429686403337,0.1192386970718942,0.19183272287842684,0.21017468337886128,0.14696354247772764
12,ia_a,56,-0.22405340511149188,2.5153791465255018,6.298428740184134,11.116030617873083,3.1552433876935706,0.1192386970718942,0.19183272287842684,0.21017468337886128,0.14696354247772764
12,ia_a,57,-0.0770169244597154,2.5052248831466803,1.1092753370093682,0.5236786485225543,4.587418066910215,0.1192386970718942,0.19183272287842684,0.21017468337886128,0.14696354247772764
12,ia_a,58,-0.5522082403377511,9.4563185024841,6.776805987590171,2.873642557879578,2.5175012772758127,0.1192386970718942,0.19183272287842684,0.21017468337886128,0.14696354247772764
12,ia_a,59,0.13609161381210558,3.517326741877867,1.3363591048429833,12.889873763574384,17.426898444286916,0.1192386970718942,0.19183272287842684,0.21017468337886128,0.14696354247772764
12,ia_a,60,0.1882199772104255,14.998797115969163,2.472669792183578,39.69560806253028,12.452359719767257,0.1192386970718942,0.19183272287842684,0.21017468337886128,0.14696354247772764
12,va_a,1,0.23893032995921745,2.1029622160025183,1.220764259944769,2.443796588247043,3.422644828103037,0.16591960635609726,0.19941277584613626,0.1996488927808269,0.13851203270000972
12,va_a,2,0.0005558111567039695,0.7838052059528818,1.2901160254100767,2.0073786434982996,1.283574599209507,0.16591960635609726,0.19941277584613626,0.1996488927808269,0.13851203270000972
12,va_a,3,-0.20899958875094135,0.7842645515471434,2.5910432475207945,6.201782577643858,2.866911827241299,0.16591960635609726,0.19941277584613626,0.1996488927808269,0.13851203270000972
12,va_a,4,0.5948228792533948,3.041507938852963,1.1945373940684962,17.418867709946074,7.095351440008375,0.16591960635609726,0.19941277584613626,0.1996488927808269,0.13851203270000972
12,va_a,5,-0.4379079414765267,4.049928743238161,1.5379232527073738,35.326367780746054,20.364030180314955,0.16591960635609726,0.19941277584613626,0.1996488927808269,0.13851203270000972
12,va_a,6,-0.2980281379519685,3.0330413268836787,3.0549409604346063,10.962237219988312,6.025155072710378,0.16591960635609726,0.19941277584613626,0.1996488927808269,0.13851203270000972
12,va_a,7,-0.06918908511159491,0.5277227222219248,1.0995909410865847,0.9716099544716966,1.6308253137732591,0.16591960635609726,0.19941277584613626,0.1996488927808269,0.13851203270000972
12,va_a,8,0.02758464660233498,3.7931155873170392,2.1712316413456896,8.355350178236526,0.5223716330140998,0.16591960635609726,0.19941277584613626,0.1996488927808269,0.13851203270000972
12,va_a,9,0.18241853425850513,1.7796012295462094,1.3540593015208713,0.27770060344009445,0.54266862183976,0.16591960635609726,0.19941277584613626,0.1996488927808269,0.13851203270000972
12,va_a,10,-0.00817396262540086,0.571297039257714,4.882675518940341,17.495682918643205,9.266479539799885,0.16591960635609726,0.19941277584613626,0.1996488927808269,0.13851203270000972
12,va_a,11,-0.4365741307955532,5.075234028939026,1.2367765564793336,3.7148395335902133,3.8094561823782986,0.16591960635609726,0.19941277584613626,0.1996488927808269,0.13851203270000972
12,va_a,12,-0.25963405624393726,1.083860093006563,2.2860768339531488,3.7581196557950545,0.7611607736850599,0.16591960635609726,0.19941277584613626,0.1996488927808269,0.13851203270000972
12,va_a,13,-0.3704062105564338,1.3908515388903098,6.692291208830319,4.970403068923083,6.1840464722133355,0.16591960635609726,0.19941277584613626,0.1996488927808269,0.13851203270000972
12,va_a,14,-0.024434462950768364,0.7009882823947666,0.70270083674301,1.2311558588178528,1.1818078486987842,0.16591960635609726,0.19941277584613626,0.1996488927808269,0.13851203270000972
12,va_a,15,-0.16913287823311396,0.3902878115522136,0.8739896068995744,1.112065787617512,0.3649037295046748,0.16591960635609726,0.19941277584613626,0.1996488927808269,0.13851203270000972
12,va_a,16,-0.3982980622928298,13.094936424867415,12.561144231998204,16.85237269367863,23.594393173015327,0.16591960635609726,0.19941277584613626,0.1996488927808269,0.13851203270000972
12,va_a,17,-0.02607651328664367,1.152213153862934,1.337377935857096,2.806621936825069,3.594917096058201,0.16591960635609726,0.19941277584613626,0.1996488927808269,0.13851203270000972
12,va_a,18,-0.12687789589777523,8.453831692013111,4.757526448298272,8.833860937421642,5.773879512490608,0.16591960635609726,0.19941277584613626,0.1996488927808269,0.13851203270000972
12,va_a,19,-0.36956790167248343,0.3577063259244781,2.268226191227674,10.636238164768043,5.025918139832089,0.16591960635609726,0.19941277584613626,0.1996488927808269,0.13851203270000972
12,va_a,20,-0.5409318325999879,6.920576115783009,1.6515600385424365,2.9580416103455525,3.7879328148333706,0.16591960635609726,0.19941277584613626,0.1996488927808269,0.13851203270000972
12,va_a,21,0.4847797860444795,4.540735050842517,2.4607492684189394,12.965778371000221,4.473843645252566,0.16591960635609726,0.19941277584613626,0.1996488927808269,0.13851203270000972
12,va_a,22,0.07313100174897906,0.45919005537788576,0.8186204863807622,1.7011902756442165,0.18833054453252826,0.16591960635609726,0.19941277584613626,0.1996488927808269,0.13851203270000972
12,va_a,23,-0.00489209281505216,1.3494010772190312,1.8584546826549828,11.272951165966365,2.210863895912749,0.16591960635609726,0.19941277584613626,0.1996488927808269,0.13851203270000972
12,va_a,24,-0.4383047774828633,2.985596176510186,1.4005895431393847,16.178253028292616,7.181527074971977,0.16591960635609726,0.19941277584613626,0.1996488927808269,0.13851203270000972
12,va_a,25,-0.10599584440660316,2.887619803908438,2.908853784869941,12.178462562736836,4.921781545485209,0.16591960635609726,0.19941277584613626,0.1996488927808269,0.13851203270000972
12,va_a,26,-0.3055743505293297,0.8108795367201415,1.23662026415619,3.9775573197328042,2.5089099699189648,0.16591960635609726,0.19941277584613626,0.1996488927808269,0.13851203270000972
12,va_a,27,0.6220526707262801,1.7694714971414436,4.117286074779295,13.3350670162962,12.212137705532726,0.16591960635609726,0.19941277584613626,0.1996488927808269,0.13851203270000972
12,va_a,28,0.09798221590072147,2.5294602168291593,0.7297746676250494,38.08324303814675,8.830752522502578,0.16591960635609726,0.19941277584613626,0.1996488927808269,0.13851203270000972
12,va_a,29,-0.29726588165782425,0.39635802162573647,0.682108445984556,3.9623200433931802,3.119295526190644,0.16591960635609726,0.19941277584613626,0.1996488927808269,0.13851203270000972
12,va_a,30,0.6509571230783883,1.2679223950847163,6.911855340112074,21.252027524481687,14.389219796941742,0.16591960635609726,0.19941277584613626,0.1996488927808269,0.13851203270000972
12,va_a,31,0.16103485480797036,2.733955273450233,1.048156704998351,6.95058801119677,1.7648935300514839,0.16591960635609726,0.19941277584613626,0.1996488927808269,0.13851203270000972
12,va_a,32,0.4887886681370339,7.223890387183087,18.65100354734896,35.27105033105007,8.337545945562374,0.16591960635609726,0.19941277584613626,0.1996488927808269,0.13851203270000972
12,va_a,33,0.20878830520507924,2.3382484382450235,5.512387412292527,7.314886335226751,2.751545657625535,0.16591960635609726,0.19941277584613626,0.1996488927808269,0.13851203270000972
12,va_a,34,0.6443302511085538,18.77023359852787,4.0154700915177886,14.480005581812351,44.40739082009467,0.16591960635609726,0.19941277584613626,0.1996488927808269,0.13851203270000972
12,va_a,35,0.16817548705966873,3.8224408571294726,1.7169832499675721,10.946717021160952,5.138159352380595,0.16591960635609726,0.19941277584613626,0.1996488927808269,0.13851203270000972
12,va_a,36,-0.2583825778152061,3.188707419530557,0.9083028871140149,8.392060420168932,12.654361160029598,0.16591960635609726,0.19941277584613626,0.1996488927808269,0.13851203270000972
12,va_a,37,0.14343213614560968,0.6499083764742281,0.46821998297537726,0.9289275987040465,0.4407534051160035,0.16591960635609726,0.19941277584613626,0.1996488927808269,0.13851203270000972
12,va_a,38,-0.1041507156924818,2.5482704528005256,2.8047206148458392,13.139805132009915,7.210087293614159,0.16591960635609726,0.19941277584613626,0.1996488927808269,0.13851203270000972
12,va_a,39,-0.1384922780323122,0.31702342641666653,1.4945519465930108,1.6242878933654767,1.3433945146813817,0.16591960635609726,0.19941277584613626,0.1996488927808269,0.13851203270000972
12,va_a,40,-0.4853348116486789,2.284912969250829,3.456115273861619,13.70030256787009,13.921373460790482,0.16591960635609726,0.19941277584613626,0.1996488927808269,0.13851203270000972
12,va_a,41,-0.21409024283205588,3.396977528126139,1.2173931014259518,8.728936983501525,6.639918212598807,0.16591960635609726,0.19941277584613626,0.1996488927808269,0.13851203270000972
12,va_a,42,0.005506873665922772,0.5836008851865145,1.4557837621574958,7.389581303332887,1.4109076095331048,0.16591960635609726,0.19941277584613626,0.1996488927808269,0.13851203270000972
12,va_a,43,-0.12287389251963839,1.8438484960635662,2.075047558537057,0.5945365626943009,0.5788682528586161,0.16591960635609726,0.19941277584613626,0.1996488927808269,0.13851203270000972
12,va_a,44,-0.0882652027410395,2.2223356143294803,0.9079541326373421,1.0431921665449861,3.6667436540880063,0.16591960635609726,0.19941277584613626,0.1996488927808269,0.13851203270000972
12,va_a,45,-0.6784561194144804,1.441431028612521,0.7458378125608879,23.07866474784644,8.184962174780742,0.16591960635609726,0.19941277584613626,0.1996488927808269,0.13851203270000972
12,va_a,46,0.03098695613438468,2.183644817233594,2.6071303626471822,2.9216094594933923,2.2406719706958134,0.16591960635609726,0.19941277584613626,0.1996488927808269,0.13851203270000972
12,va_a,47,0.1845568201384516,2.219512028328615,3.437422853772527,15.535571712949949,12.216261985108138,0.16591960635609726,0.19941277584613626,0.1996488927808269,0.13851203270000972
12,va_a,48,-0.1562799454143977,3.0356682935889086,2.7637911338379553,2.880219250813777,3.5657066047824393,0.16591960635609726,0.19941277584613626,0.1996488927808269,0.13851203270000972
12,va_a,49,-0.13290382923288638,2.5582065987241016,0.8335212024096512,0.6947880984196166,1.591705692156909,0.16591960635609726,0.19941277584613626,0.1996488927808269,0.13851203270000972
12,va_a,50,-0.03064149160583929,2.0428848277780287,3.814690895100579,0.9770683866617974,4.4154128024752195,0.16591960635609726,0.19941277584613626,0.1996488927808269,0.13851203270000972
12,va_a,51,0.3413100977018288,2.3215240275615896,0.9536697601416142,1.371269778020927,3.402597994203489,0.16591960635609726,0.19941277584613626,0.1996488927808269,0.13851203270000972
12,va_a,52,-0.23121972040996963,1.6731396513821524,2.1089866184011283,8.707916838528082,2.416858161613166,0.16591960635609726,0.19941277584613626,0.1996488927808269,0.13851203270000972
12,va_a,53,0.072373296058033,0.19841579414811816,0.6044077227680292,0.714751497320169,0.21157253716943727,0.16591960635609726,0.19941277584613626,0.1996488927808269,0.13851203270000972
12,va_a,54,-0.08356178813466612,1.0073894229387352,1.3563827188424868,0.12299022969546915,0.2156331306029258,0.16591960635609726,0.19941277584613626,0.1996488927808269,0.13851203270000972
12,va_a,55,0.08372271751220745,10.879106508677268,2.8355223506070195,1.199898531873472,5.302632951245456,0.16591960635609726,0.19941277584613626,0.1996488927808269,0.13851203270000972
12,va_a,56,0.6693558690445625,4.006604489055294,3.2898549369791428,7.795497021484996,11.88699883542432,0.16591960635609726,0.19941277584613626,0.1996488927808269,0.13851203270000972
12,va_a,58,-0.05828012211681967,4.57841244329803,3.0037172338995264,11.847056780313459,12.441263331060032,0.16591960635609726,0.19941277584613626,0.1996488927808269,0.13851203270000972
12,va_a,59,0.21020644663565613,2.1257135656893453,3.865602755021794,5.689255863688074,3.243760341644515,0.16591960635609726,0.19941277584613626,0.1996488927808269,0.13851203270000972
12,va_a,60,0.3638408666977588,1.3536103711608884,2.1551019351010097,7.670181305632893,8.266676899116625,0.16591960635609726,0.19941277584613626,0.1996488927808269,0.13851203270000972
13,ia_a,1,-0.014115194299760967,10.542492123874302,5.630087078518885,10.365890353952647,7.712313342765106,0.20663876903521938,0.14943547753512157,0.20361086743505316,0.2624735261262886
13,ia_a,2,0.19976054629136428,3.5990085842729154,4.502966743330962,2.8225386843921365,1.9369237958110683,0.20663876903521938,0.14943547753512157,0.20361086743505316,0.2624735261262886
13,ia_a,3,0.26549745983735157,11.50852963475854,3.180897690187331,15.075170184678598,11.953998647801196,0.20663876903521938,0.14943547753512157,0.20361086743505316,0.2624735261262886
13,ia_a,4,0.02718573985363307,6.435089720407764,2.012868497275234,5.562316520457982,4.498603882685443,0.20663876903521938,0.14943547753512157,0.20361086743505316,0.2624735261262886
13,ia_a,5,0.6774415297748176,14.90443295715572,3.4466426025574504,3.2459449561406464,7.656979683519317,0.20663876903521938,0.14943547753512157,0.20361086743505316,0.2624735261262886
13,ia_a,6,-0.1700794233149416,1.2607640881607398,1.2548645514616064,2.377730243401363,3.4968602082799127,0.20663876903521938,0.14943547753512157,0.20361086743505316,0.2624735261262886
13,ia_a,7,0.2700558945250455,2.8218260617950213,1.0473181104396272,6.9412566698891425,3.973804626288501,0.20663876903521938,0.14943547753512157,0.20361086743505316,0.2624735261262886
13,ia_a,8,0.15437738896711095,3.164925307445515,3.376155579711267,1.4834978185145553,3.218152159961816,0.20663876903521938,0.14943547753512157,0.20361086743505316,0.2624735261262886
13,ia_a,9,-0.4188557702505162,4.434780590242122,1.8976178027589232,11.418231115495871,7.251940393481138,0.20663876903521938,0.14943547753512157,0.20361086743505316,0.2624735261262886
13,ia_a,10,0.12312877983530632,1.064310339815252,1.147405999816033,12.245933770157928,4.563594824081087,0.20663876903521938,0.14943547753512157,0.20361086743505316,0.2624735261262886
13,ia_a,11,0.08833161385708106,12.55143979125209,3.724317342568206,3.671095745259641,8.177670450043806,0.20663876903521938,0.14943547753512157,0.20361086743505316,0.2624735261262886
13,ia_a,12,0.03672188096941397,0.7647539929419364,1.6313067798044305,4.1223502335593025,4.077494062554414,0.20663876903521938,0.14943547753512157,0.20361086743505316,0.2624735261262886
13,ia_a,13,0.35103852536332353,1.7124221579796952,1.1702164428464636,2.976784677054476,3.0784138396585115,0.20663876903521938,0.14943547753512157,0.20361086743505316,0.2624735261262886
13,ia_a,14,0.06072960796575086,1.857067417707338,4.290069503019147,40.77452768695042,7.034218874232589,0.20663876903521938,0.14943547753512157,0.20361086743505316,0.2624735261262886
13,ia_a,15,-0.0019812607227404242,2.3694682974202967,2.937168729717559,2.0852520638094822,2.2589841543364146,0.20663876903521938,0.14943547753512157,0.20361086743505316,0.2624735261262886
13,ia_a,16,0.09470344258164186,2.1594706024116808,1.386890104165347,3.347210144363248,9.127091821481685,0.20663876903521938,0.14943547753512157,0.20361086743505316,0.2624735261262886
13,ia_a,17,-0.005133393613081325,3.39364255968828,1.3564759271426088,4.9917060000432585,2.215720551351996,0.20663876903521938,0.14943547753512157,0.20361086743505316,0.2624735261262886
13,ia_a,18,0.3396210968439905,2.24166090824284,2.4240254634543774,6.6943231364137485,7.954072076838574,0.20663876903521938,0.14943547753512157,0.20361086743505316,0.2624735261262886
13,ia_a,19,0.17303006489923925,6.735149211260596,0.3992755551298672,3.6540561762402817,9.050569077925262,0.20663876903521938,0.14943547753512157,0.20361086743505316,0.2624735261262886
13,ia_a,20,-0.19485132950602727,3.467193329883976,3.3552571312246777,17.0699510840878,20.975059712727965,0.20663876903521938,0.14943547753512157,0.20361086743505316,0.2624735261262886
13,ia_a,21,0.04030513136235596,1.31659172365105,2.564830277682262,5.0293219606876285,2.399957676340907,0.20663876903521938,0.14943547753512157,0.20361086743505316,0.2624735261262886
13,ia_a,22,0.5228931628195282,2.1256458336079587,4.3130095547834175,28.776044994168565,5.653398453297457,0.20663876903521938,0.14943547753512157,0.20361086743505316,0.2624735261262886
13,ia_a,23,-0.11843151803268726,3.361199537652479,1.5956112467468144,3.421992726299384,3.9032873214244588,0.20663876903521938,0.14943547753512157,0.20361086743505316,0.2624735261262886
13,ia_a,24,-0.17145375239893126,4.831872731789764,1.2033630179634904,5.415243963045841,3.3277626075076,0.20663876903521938,0.14943547753512157,0.20361086743505316,0.2624735261262886
13,ia_a,25,0.15117872578151773,2.595535239627462,1.0597848450230545,4.483541354150261,3.714817884318966,0.20663876903521938,0.14943547753512157,0.20361086743505316,0.2624735261262886
13,ia_a,26,-0.3330538804423218,1.622916743104841,2.107564543550133,7.566028956349967,7.5648144738545575,0.20663876903521938,0.14943547753512157,0.20361086743505316,0.2624735261262886
13,ia_a,27,-0.16794204577167213,3.6326529048513008,0.8140007358400507,0.8404442223641997,0.6658198810669587,0.20663876903521938,0.14943547753512157,0.20361086743505316,0.2624735261262886
13,ia_a,28,-0.14870089417753155,9.160137128527806,1.055875807927075,2.201339451443706,6.494915502300472,0.20663876903521938,0.14943547753512157,0.20361086743505316,0.2624735261262886
13,ia_a,29,0.452840406676359,6.557938313741776,1.477267235262628,7.106574852223402,11.830293671592715,0.20663876903521938,0.14943547753512157,0.20361086743505316,0.2624735261262886
13,ia_a,30,0.38082665308146574,3.3524445879315294,1.4599980045332936,72.89048540381012,20.185836474022818,0.20663876903521938,0.14943547753512157,0.20361086743505316,0.2624735261262886
13,ia_a,31,-0.2178165416326699,3.6478049116534836,3.2112008395033955,10.598555168803248,3.639017864431495,0.20663876903521938,0.14943547753512157,0.20361086743505316,0.2624735261262886
13,ia_a,32,0.4682515930396847,2.8290865480351384,1.2032324557143192,18.613633579891616,8.966867207279417,0.20663876903521938,0.14943547753512157,0.20361086743505316,0.2624735261262886
13,ia_a,33,0.570580278632533,3.690778013900572,1.3130531542375015,15.664309973752195,11.288787023612844,0.20663876903521938,0.14943547753512157,0.20361086743505316,0.2624735261262886
13,ia_a,34,0.47643570047952644,2.1175338584929215,0.889674299974565,27.23413033283884,16.022961006382065,0.20663876903521938,0.14943547753512157,0.20361086743505316,0.2624735261262886
13,ia_a,35,-0.18285948558569295,6.9698503941086285,7.1170472018664634,10.189647367755091,5.156958484297951,0.20663876903521938,0.14943547753512157,0.20361086743505316,0.2624735261262886
13,ia_a,36,0.08623053280829923,9.826388009379743,3.4580723659365717,12.795320668625465,10.684788894512813,0.20663876903521938,0.14943547753512157,0.20361086743505316,0.2624735261262886
13,ia_a,37,-0.1643494427833749,8.085685612085042,1.8462500142863063,4.671868037749089,8.253402086199438,0.20663876903521938,0.14943547753512157,0.20361086743505316,0.2624735261262886
13,ia_a,39,-0.21995024118137207,6.382036737868657,3.5330239791686613,18.638214914030023,14.386096045026644,0.20663876903521938,0.14943547753512157,0.20361086743505316,0.2624735261262886
13,ia_a,40,-0.29707347698596964,5.1412880249571105,1.5818620935400551,3.443091529154344,0.8069174362043869,0.20663876903521938,0.14943547753512157,0.20361086743505316,0.2624735261262886
13,ia_a,41,-0.4438390495109607,4.465195940160941,1.380057844338596,6.015456091000626,2.25608278523369,0.20663876903521938,0.14943547753512157,0.20361086743505316,0.2624735261262886
13,ia_a,42,0.09329758607413864,2.7359924126039687,4.15366926763864,6.288607006857529,3.91087028066111,0.20663876903521938,0.14943547753512157,0.20361086743505316,0.2624735261262886
13,ia_a,43,0.5319456858339732,5.340515721675221,3.998645838980786,9.105254905091057,23.14571026854297,0.20663876903521938,0.14943547753512157,0.20361086743505316,0.2624735261262886
13,ia_a,44,0.202871112363644,10.833562283531105,1.9798918001499282,9.258955423196557,7.047257264985685,0.20663876903521938,0.14943547753512157,0.20361086743505316,0.2624735261262886
13,ia_a,45,0.183245950479456,1.3629251548522305,0.8718379520926549,2.63348677363181,2.139762008172282,0.20663876903521938,0.14943547753512157,0.20361086743505316,0.2624735261262886
13,ia_a,46,-0.14672157658269777,8.507496553884994,1.0319497551131072,3.907191004112933,14.23619372469757,0.20663876903521938,0.14943547753512157,0.20361086743505316,0.2624735261262886
13,ia_a,47,0.1541265448222742,4.3675183179603,1.9957659643952372,3.04548545353151,6.863410069978199,0.20663876903521938,0.14943547753512157,0.20361086743505316,0.2624735261262886
13,ia_a,48,-0.26094728789592503,2.443487665084832,1.7477615718603003,2.567814582392756,0.5720865394681595,0.20663876903521938,0.14943547753512157,0.20361086743505316,0.2624735261262886
13,ia_a,49,-0.09797708524906988,5.220287452872128,2.1427489429116933,10.700776283066228,3.96936420777984,0.20663876903521938,0.14943547753512157,0.20361086743505316,0.2624735261262886
13,ia_a,50,0.5192470947716159,3.796221500410106,1.8623835727319051,7.4222858594249645,7.0871912621305455,0.20663876903521938,0.14943547753512157,0.20361086743505316,0.2624735261262886
13,ia_a,51,-0.10284847207706649,3.2079663193963293,0.7027506806274364,2.530816706011946,1.362333029533408,0.20663876903521938,0.14943547753512157,0.20361086743505316,0.2624735261262886
13,ia_a,52,-0.11170687960363974,1.5472290587200561,0.5699259027779708,1.0756685340533647,2.386545025270824,0.20663876903521938,0.14943547753512157,0.20361086743505316,0.2624735261262886
13,ia_a,53,0.43917687693917845,2.2997793159340163,2.076719643987816,17.8815299715941,3.5988893867520715,0.20663876903521938,0.14943547753512157,0.20361086743505316,0.2624735261262886
13,ia_a,54,-0.16880624337225347,4.7064197449684135,1.9405696452121375,9.615967236906203,15.361113471996097,0.20663876903521938,0.14943547753512157,0.20361086743505316,0.2624735261262886
13,ia_a,55,-0.09875873685828748,1.9843191467437016,1.8900167443102143,32.02415204543561,5.83170864644144,0.20663876903521938,0.14943547753512157,0.20361086743505316,0.2624735261262886
13,ia_a,56,0.04149270194043916,1.9877469073996594,1.0984988456477434,2.0139338228527475,2.6878531566429618,0.20663876903521938,0.14943547753512157,0.20361086743505316,0.2624735261262886
13,ia_a,57,0.02486487056823584,2.144395011869423,6.858758943893812,8.464226953062365,1.0316681660809865,0.20663876903521938,0.14943547753512157,0.20361086743505316,0.2624735261262886
13,ia_a,58,0.13059664754295877,0.7150401915754283,2.047639776639668,4.179564714744172,4.283697665021299,0.20663876903521938,0.14943547753512157,0.20361086743505316,0.2624735261262886
13,ia_a,59,0.8873069381535502,4.1999519162258006,5.405850461787874,9.923087452320555,7.632182976877161,0.20663876903521938,0.14943547753512157,0.20361086743505316,0.2624735261262886
13,ia_a,60,-0.22606444911464266,2.173354108981152,6.435884299048138,9.928637718586721,8.955253230344251,0.20663876903521938,0.14943547753512157,0.20361086743505316,0.2624735261262886
13,va_a,1,0.27503144414596303,5.127219780063052,4.299224750421266,26.409297713452425,2.5210245181977964,0.26642141361102745,0.13675990900461715,0.2136170416674762,0.1707005870607721
13,va_a,2,-0.16813981299817746,27.496121272017607,7.221385554698296,14.416784072524415,13.003146935347111,0.26642141361102745,0.13675990900461715,0.2136170416674762,0.1707005870607721
13,va_a,3,0.05732672447776657,3.5446767305306057,2.2803635760847145,2.506655177825995,1.5243500483400396,0.26642141361102745,0.13675990900461715,0.2136170416674762,0.1707005870607721
13,va_a,4,-0.6556274751428973,27.480300997800253,6.2082246743175995,4.20145141749047,19.568062628080142,0.26642141361102745,0.13675990900461715,0.2136170416674762,0.1707005870607721
13,va_a,5,0.07538668485921608,0.8898723937422743,1.2572648265106974,1.1924360648338894,4.150526409695944,0.26642141361102745,0.13675990900461715,0.2136170416674762,0.1707005870607721
13,va_a,6,-0.5331299218696334,10.010981863036125,3.2333498861136185,12.882877877963328,11.122653879778746,0.26642141361102745,0.13675990900461715,0.2136170416674762,0.1707005870607721
13,va_a,7,0.04509471612402172,2.5591166717139058,1.797337718855183,17.64269530341018,10.193474377250958,0.26642141361102745,0.13675990900461715,0.2136170416674762,0.1707005870607721
13,va_a,8,-0.3057078874402004,14.175881605517336,5.1277793259024005,65.19311718456127,50.967196270795064,0.26642141361102745,0.13675990900461715,0.2136170416674762,0.1707005870607721
13,va_a,9,0.3041728771350682,2.659942963563721,3.7571672425203784,1.2570890465598965,2.5507316099294934,0.26642141361102745,0.13675990900461715,0.2136170416674762,0.1707005870607721
13,va_a,10,-0.2800013445056195,6.499677983016399,1.5960781009776805,5.1423480987015715,5.500447110655153,0.26642141361102745,0.13675990900461715,0.2136170416674762,0.1707005870607721
13,va_a,11,-0.12805911745850554,1.1472457364364776,0.7113414683744977,0.8544338152469451,1.0861630680121883,0.26642141361102745,0.13675990900461715,0.2136170416674762,0.1707005870607721
13,va_a,12,-0.02177277126728716,1.3432997093311851,2.1558606627590695,8.250499551514105,1.4208675356805354,0.26642141361102745,0.13675990900461715,0.2136170416674762,0.1707005870607721
13,va_a,13,0.4031595238670863,3.826406166993546,2.54518486273631,15.570371547739951,5.967263220803225,0.26642141361102745,0.13675990900461715,0.2136170416674762,0.1707005870607721
13,va_a,14,-0.13149660420880213,12.62745488364348,3.282336332924372,2.343017884761099,1.401540496259047,0.26642141361102745,0.13675990900461715,0.2136170416674762,0.1707005870607721
13,va_a,15,0.23649599456168208,3.5738644713503223,1.2161076661771761,8.025380754422127,1.285767782419735,0.26642141361102745,0.13675990900461715,0.2136170416674762,0.1707005870607721
13,va_a,16,0.4347155824246582,3.9169294423213747,4.046452776309775,6.304283261905738,6.137986101759951,0.26642141361102745,0.13675990900461715,0.2136170416674762,0.1707005870607721
13,va_a,17,0.08842829155375136,2.2541571538492553,2.8792250962174166,2.0764682895735276,5.0639463744335655,0.26642141361102745,0.13675990900461715,0.2136170416674762,0.1707005870607721
13,va_a,18,-0.3825232716062269,5.9177440283335825,1.4324718734935344,0.5486743270929773,4.193689861462252,0.26642141361102745,0.13675990900461715,0.2136170416674762,0.1707005870607721
13,va_a,19,0.9588319265111851,10.34690676376731,7.2287012198814145,10.834382731983597,18.041276328285328,0.26642141361102745,0.13675990900461715,0.2136170416674762,0.1707005870607721
13,va_a,20,0.29123005863166085,3.2259991590498935,3.2908264926868616,19.939901561970693,3.983636202520366,0.26642141361102745,0.13675990900461715,0.2136170416674762,0.1707005870607721
13,va_a,21,0.2707915310222085,10.729875255962725,1.6528434209434058,35.360166325112935,13.060839018020035,0.26642141361102745,0.13675990900461715,0.2136170416674762,0.1707005870607721
13,va_a,22,-0.15403914900823684,6.56506582701001,2.5937305464301135,10.110720450432721,9.881573625499295,0.26642141361102745,0.13675990900461715,0.2136170416674762,0.1707005870607721
13,va_a,23,-0.42755684086176016,24.370655375489797,3.1448740527997785,12.685731464081009,26.440806813143087,0.26642141361102745,0.13675990900461715,0.2136170416674762,0.1707005870607721
13,va_a,24,-0.15423197550120654,0.5956737205600969,1.940186961840479,12.584301704336967,4.325594422529306,0.26642141361102745,0.13675990900461715,0.2136170416674762,0.1707005870607721
13,va_a,25,0.43209661580201497,6.234890731601816,1.9281446722292364,4.818977061103339,3.838040558477512,0.26642141361102745,0.13675990900461715,0.2136170416674762,0.1707005870607721
13,va_a,26,0.07544218605488064,4.138147240154491,0.5455583999009114,1.3653003215600175,1.0366536086087208,0.26642141361102745,0.13675990900461715,0.2136170416674762,0.1707005870607721
13,va_a,27,0.02134620950788218,1.3176015585246772,0.6651270854105636,11.509905640574571,1.952922847190619,0.26642141361102745,0.13675990900461715,0.2136170416674762,0.1707005870607721
13,va_a,28,0.536770535274086,6.166165160468988,3.9054266880859974,14.9908822826067,13.153299939784175,0.26642141361102745,0.13675990900461715,0.2136170416674762,0.1707005870607721
13,va_a,29,-0.05789103048512533,3.5033885442854973,1.264703601188942,6.963259682630676,7.34498074420969,0.26642141361102745,0.13675990900461715,0.2136170416674762,0.1707005870607721
13,va_a,30,0.5672340116390298,2.5236074343759607,1.4835943945054002,6.018976949456824,2.0028976407242145,0.26642141361102745,0.13675990900461715,0.2136170416674762,0.1707005870607721
13,va_a,31,0.3897797050156766,2.4649651744655676,3.666081562506034,44.15730939558239,15.92370376480194,0.26642141361102745,0.13675990900461715,0.2136170416674762,0.1707005870607721
13,va_a,32,-0.07692657040187706,10.87891399666491,2.6270535318892843,6.663186484386007,13.564643714595334,0.26642141361102745,0.13675990900461715,0.2136170416674762,0.1707005870607721
13,va_a,33,-0.4100477056155248,6.472858064921174,2.9898768814077274,8.23592609709574,7.470537482855397,0.26642141361102745,0.13675990900461715,0.2136170416674762,0.1707005870607721
13,va_a,34,0.033777755243083,4.6453767095487235,5.065688447575718,2.1900699413662963,1.7807675263601386,0.26642141361102745,0.13675990900461715,0.2136170416674762,0.1707005870607721
13,va_a,35,-0.20847768256657487,22.17448219569117,4.3112863569748345,13.992252110567481,61.893687077758365,0.26642141361102745,0.13675990900461715,0.2136170416674762,0.1707005870607721
13,va_a,36,0.11801929687330696,3.4520500036358337,0.8984885533121778,0.2396830852617724,0.9840061682425608,0.26642141361102745,0.13675990900461715,0.2136170416674762,0.1707005870607721
13,va_a,37,0.858633770260127,30.677270686791598,3.003689887264212,39.19271757880024,152.0098598215594,0.26642141361102745,0.13675990900461715,0.2136170416674762,0.1707005870607721
13,va_a,38,0.39094183393606463,1.775413536096306,0.42079147540732453,6.6664734918238455,3.015984127756916,0.26642141361102745,0.13675990900461715,0.2136170416674762,0.1707005870607721
13,va_a,39,0.39610209499820415,1.0999370114322875,0.2837207431120869,5.932302678730679,2.0624381910136367,0.26642141361102745,0.13675990900461715,0.2136170416674762,0.1707005870607721
13,va_a,40,0.02771624189118579,8.708886715571413,5.018262889235646,5.980500897904194,16.990455720442625,0.26642141361102745,0.13675990900461715,0.2136170416674762,0.1707005870607721
13,va_a,41,0.17248948827426586,2.3597172683018646,0.7750244548831703,2.786759996357119,0.7922073578187873,0.26642141361102745,0.13675990900461715,0.2136170416674762,0.1707005870607721
13,va_a,42,-0.4847809621304879,14.263439772481851,1.4286130596103113,25.692039159900744,12.79483323998128,0.26642141361102745,0.13675990900461715,0.2136170416674762,0.1707005870607721
13,va_a,43,0.34313817658002144,1.6687271010883349,1.6964340751149956,7.3111460114395594,3.019277628725594,0.26642141361102745,0.13675990900461715,0.2136170416674762,0.1707005870607721
13,va_a,44,-0.4631785538833377,6.809484744349887,1.5015212091222079,12.838921249250792,18.34610654563233,0.26642141361102745,0.13675990900461715,0.2136170416674762,0.1707005870607721
13,va_a,45,-0.1221350549380055,2.779437872316135,4.619296351777259,5.1904271324050155,6.355593404252437,0.26642141361102745,0.13675990900461715,0.2136170416674762,0.1707005870607721
13,va_a,46,-0.13943732142396806,4.813141556870595,7.690262726302753,6.2006905195162405,3.3735654822732255,0.26642141361102745,0.13675990900461715,0.2136170416674762,0.1707005870607721
13,va_a,47,-0.3492960537770118,5.977492141894952,0.8793180516116271,2.8452672883232957,3.1183488239368797,0.26642141361102745,0.13675990900461715,0.2136170416674762,0.1707005870607721
13,va_a,48,0.20869957706201314,4.063626807490172,3.7838732819808043,1.5593825158636692,1.6423736338156483,0.26642141361102745,0.13675990900461715,0.2136170416674762,0.1707005870607721
13,va_a,49,-0.6076452604100376,15.030043514047101,4.9595452858795,6.989330571655741,18.30443793830676,0.26642141361102745,0.13675990900461715,0.2136170416674762,0.1707005870607721
13,va_a,50,0.11646070314502434,8.524328468559325,3.627378684013907,7.15144510494769,12.817847847385226,0.26642141361102745,0.13675990900461715,0.2136170416674762,0.1707005870607721
13,va_a,51,0.21629559026394388,6.010765288867205,12.435220942314215,31.207655205804578,18.347363219965256,0.26642141361102745,0.13675990900461715,0.2136170416674762,0.1707005870607721
13,va_a,52,0.0005202806531807226,3.1176488194003045,2.4621571394197295,8.548731830984241,1.0233141669891703,0.26642141361102745,0.13675990900461715,0.2136170416674762,0.1707005870607721
13,va_a,53,0.5076197060977551,6.577657310869797,5.178779963706757,7.032883340068725,4.3438677569859845,0.26642141361102745,0.13675990900461715,0.2136170416674762,0.1707005870607721
13,va_a,54,0.2530572343009967,1.8875717081978127,2.9405364657756303,0.929468211670386,1.8703335488035933,0.26642141361102745,0.13675990900461715,0.2136170416674762,0.1707005870607721
13,va_a,55,-0.024819053789370254,7.507764233025862,2.3750958403872695,10.62394488185896,8.81371428210877,0.26642141361102745,0.13675990900461715,0.2136170416674762,0.1707005870607721
13,va_a,56,-0.030395519455681155,4.49603102694441,2.4225557537645233,14.53793247336977,5.187006542550926,0.26642141361102745,0.13675990900461715,0.2136170416674762,0.1707005870607721
13,va_a,57,-0.15227525330053973,1.7341627391662302,2.9632889306756254,3.607805730751187,1.5876972485543404,0.26642141361102745,0.13675990900461715,0.2136170416674762,0.1707005870607721
13,va_a,58,-0.24358138887137334,26.402631219510734,5.35725368147059,6.930285011799405,25.709899866528634,0.26642141361102745,0.13675990900461715,0.2136170416674762,0.1707005870607721
13,va_a,59,0.2665593028639352,8.324735226438788,7.305154870590289,6.50476120211413,3.7153264284922325,0.26642141361102745,0.13675990900461715,0.2136170416674762,0.1707005870607721
13,va_a,60,0.00542856298260467,3.8069395571623095,1.3880641325606817,1.1523407641041654,1.039657272859605,0.26642141361102745,0.13675990900461715,0.2136170416674762,0.1707005870607721
14,ia_a,1,0.15093360765558064,5.894232010820343,2.284547969537155,4.800817162154939,6.554489026872413,0.09901772067519869,0.14507831243028593,0.2164421997556816,0.14342895934282227
14,ia_a,2,-0.22066674582416723,1.2904961590822777,2.0218975000593464,2.0313160392815877,2.032237836807522,0.09901772067519869,0.14507831243028593,0.2164421997556816,0.14342895934282227
14,ia_a,3,0.14930601698896048,1.1079617841385798,1.4613962534881133,0.5072864843922611,1.1829418834847145,0.09901772067519869,0.14507831243028593,0.2164421997556816,0.14342895934282227
14,ia_a,4,0.22191334010601724,3.8992211894776676,1.7617697625893725,3.0192354742360465,4.083612659401711,0.09901772067519869,0.14507831243028593,0.2164421997556816,0.14342895934282227
14,ia_a,5,-0.03824016732887097,2.4761459171223468,1.2953227125283293,3.756404620924373,2.092919024056919,0.09901772067519869,0.14507831243028593,0.2164421997556816,0.14342895934282227
14,ia_a,6,0.3277509516935918,5.009665734391816,1.8105754227998114,18.338410623217364,5.4863771307541525,0.09901772067519869,0.14507831243028593,0.2164421997556816,0.14342895934282227
14,ia_a,7,-0.013527233168064031,2.268930141553807,2.591035818018286,0.7146709326780597,0.7536796938475891,0.09901772067519869,0.14507831243028593,0.2164421997556816,0.14342895934282227
14,ia_a,8,-0.1858272791851414,3.1014204402148624,2.2723552728315983,21.682484883862266,8.092732736272547,0.09901772067519869,0.14507831243028593,0.2164421997556816,0.14342895934282227
14,ia_a,9,0.3936347760643061,2.6713001456733765,2.5649171384360336,8.8261240051855,7.38113439004679,0.09901772067519869,0.14507831243028593,0.2164421997556816,0.14342895934282227
14,ia_a,10,0.1935068522809153,5.1526772448219225,3.608102858229351,3.8721480574921525,7.556748029120662,0.09901772067519869,0.14507831243028593,0.2164421997556816,0.14342895934282227
14,ia_a,11,0.19863841895378648,0.8550722144074256,1.2022952497282084,3.4728927961954184,1.6949202137114723,0.09901772067519869,0.14507831243028593,0.2164421997556816,0.14342895934282227
14,ia_a,12,-0.12189852375737216,6.033648272480722,5.199032768207817,13.273476042582528,18.370952996068425,0.09901772067519869,0.14507831243028593,0.2164421997556816,0.14342895934282227
14,ia_a,13,0.04320434441283665,1.3260949123211996,0.4390242451451991,2.399694056186192,3.4874174960190056,0.09901772067519869,0.14507831243028593,0.2164421997556816,0.14342895934282227
14,ia_a,14,0.2833196754197197,2.2412369172744513,1.2153983844583036,8.728879734828695,2.731860647978415,0.09901772067519869,0.14507831243028593,0.2164421997556816,0.14342895934282227
14,ia_a,15,0.061192809994055346,7.383811402730283,4.996093548235726,1.2867644679982149,4.655595383178748,0.09901772067519869,0.14507831243028593,0.2164421997556816,0.14342895934282227
14,ia_a,16,0.2193970436640878,1.3974276701800796,1.9239146884627525,2.428646046770558,1.5221467315438064,0.09901772067519869,0.14507831243028593,0.2164421997556816,0.14342895934282227
14,ia_a,17,-0.5686702591111469,3.6427284412639698,1.1515197964761446,8.11201540399636,8.898791439000021,0.09901772067519869,0.14507831243028593,0.2164421997556816,0.14342895934282227
14,ia_a,18,-0.14050064550019536,3.9659422684983396,6.534255007759667,5.239745144887862,5.1550687428988295,0.09901772067519869,0.14507831243028593,0.2164421997556816,0.14342895934282227
14,ia_a,19,0.2568978374766768,32.2229103003449,17.18479519197628,2.0741163305113064,5.452206956599245,0.09901772067519869,0.14507831243028593,0.2164421997556816,0.14342895934282227
14,ia_a,20,0.10476643063689586,3.170390224613452,1.716761351905815,15.248082715631119,4.9481950658561535,0.09901772067519869,0.14507831243028593,0.2164421997556816,0.14342895934282227
14,ia_a,21,0.2765874799266367,0.7510201267596915,3.261643247623997,13.431679646073004,4.266135641076627,0.09901772067519869,0.14507831243028593,0.2164421997556816,0.14342895934282227
14,ia_a,22,0.4146188002249225,3.3362414565668774,4.65513612036226,12.291413047495963,4.66700564686394,0.09901772067519869,0.14507831243028593,0.2164421997556816,0.14342895934282227
14,ia_a,23,0.06147079565307355,3.6236343484824167,5.240383633835292,14.385133173381439,8.589154718523492,0.09901772067519869,0.14507831243028593,0.2164421997556816,0.14342895934282227
14,ia_a,24,0.21409295094343442,1.0713901207301686,0.7099090052055774,2.8409100453378193,4.316871533954962,0.09901772067519869,0.14507831243028593,0.2164421997556816,0.14342895934282227
14,ia_a,25,0.2970129615019499,2.750662959407154,3.502829658302454,0.7335006157930398,4.2607707568415165,0.09901772067519869,0.14507831243028593,0.2164421997556816,0.14342895934282227
14,ia_a,26,0.11404771065796557,6.81022135425061,2.3586649327452824,7.43720821031893,9.912884203028621,0.09901772067519869,0.14507831243028593,0.2164421997556816,0.14342895934282227
14,ia_a,27,0.21704682999189892,5.342988834561373,1.5573613615367017,8.327464613280478,7.678807902219145,0.09901772067519869,0.14507831243028593,0.2164421997556816,0.14342895934282227
14,ia_a,28,0.12666549548330738,3.9513819860193333,3.2913900671487037,1.8142708539802348,14.737989971415352,0.09901772067519869,0.14507831243028593,0.2164421997556816,0.14342895934282227
14,ia_a,29,-0.26733531427526525,0.3725413957276068,1.6826252902426468,1.2272774654718543,0.7680250668546786,0.09901772067519869,0.14507831243028593,0.2164421997556816,0.14342895934282227
14,ia_a,30,0.5260105988124795,8.935262013712643,1.4265404816892129,16.408864984530588,11.906684699363113,0.09901772067519869,0.14507831243028593,0.2164421997556816,0.14342895934282227
14,ia_a,31,0.11661881666324168,3.988067183746456,2.89047700075558,1.6918064121811927,2.8058541593461745,0.09901772067519869,0.14507831243028593,0.2164421997556816,0.14342895934282227
14,ia_a,32,-0.19025909115810405,1.1522807939527047,2.7007041436105372,0.212913928343804,0.15513891310036867,0.09901772067519869,0.14507831243028593,0.2164421997556816,0.14342895934282227
14,ia_a,33,0.14875221060670535,5.213635532809496,2.4460627047968124,3.92518585732999,8.23752609280733,0.09901772067519869,0.14507831243028593,0.2164421997556816,0.14342895934282227
14,ia_a,34,-0.10940898991655285,5.763030660593548,1.1698539241396253,5.650556632636556,3.1712659167336175,0.09901772067519869,0.14507831243028593,0.2164421997556816,0.14342895934282227
14,ia_a,35,-0.05015175407873619,4.223692823176606,3.49128150361394,1.325720651987075,2.0000038563083087,0.09901772067519869,0.14507831243028593,0.2164421997556816,0.14342895934282227
14,ia_a,36,-0.0032437179341209465,3.258601958000367,2.195275217229551,1.2243506501328778,7.490272061654808,0.09901772067519869,0.14507831243028593,0.2164421997556816,0.14342895934282227
14,ia_a,37,-0.20919523682949345,0.7250236441307596,1.1505410710535608,5.856955489080009,2.8755837678716016,0.09901772067519869,0.14507831243028593,0.2164421997556816,0.14342895934282227
14,ia_a,38,-0.23309829254866907,0.7733292609366615,2.3771039956008013,6.5057926665995,4.378166947310264,0.09901772067519869,0.14507831243028593,0.2164421997556816,0.14342895934282227
14,ia_a,39,-0.08070072687268688,2.2933952849061354,1.3793424695329606,4.648857448143281,2.4492287168744955,0.09901772067519869,0.14507831243028593,0.2164421997556816,0.14342895934282227
14,ia_a,40,0.16373237113860828,1.5426622784490382,1.5042557100359322,5.724853310238876,3.2825003516478986,0.09901772067519869,0.14507831243028593,0.2164421997556816,0.14342895934282227
14,ia_a,41,0.1240211352102667,3.6480583884089763,1.8297220499844178,10.22564903914441,10.531992317479009,0.09901772067519869,0.14507831243028593,0.2164421997556816,0.14342895934282227
14,ia_a,42,0.31915311610177804,9.415094771950479,10.120537515301153,7.301475367348649,2.4420069588394266,0.09901772067519869,0.14507831243028593,0.2164421997556816,0.14342895934282227
14,ia_a,43,0.01189795923589909,1.4592653224730043,2.1737336982216866,0.1540511631189438,1.1882449321566284,0.09901772067519869,0.14507831243028593,0.2164421997556816,0.14342895934282227
14,ia_a,44,0.31429494855934287,0.5956184806806194,4.432403388351485,16.631751384662138,4.966722556215917,0.09901772067519869,0.14507831243028593,0.2164421997556816,0.14342895934282227
14,ia_a,45,0.07792502184938671,1.9157842081104024,1.3196161763510388,0.14972013925116892,0.3012818405884517,0.09901772067519869,0.14507831243028593,0.2164421997556816,0.14342895934282227
14,ia_a,46,-0.1617720197816226,2.6150719067579455,5.451988315144002,14.096759389429293,5.542081759544773,0.09901772067519869,0.14507831243028593,0.2164421997556816,0.14342895934282227
14,ia_a,47,-0.06403918905340206,7.321337202093373,15.969201289612286,31.00675419246885,6.583161894248977,0.09901772067519869,0.14507831243028593,0.2164421997556816,0.14342895934282227
14,ia_a,48,-0.08929764576053291,3.069124301985873,4.008195679283563,8.821260753390533,2.9697149555710136,0.09901772067519869,0.14507831243028593,0.2164421997556816,0.14342895934282227
14,ia_a,49,0.46240922071661683,8.794170820920815,3.874631547153262,24.891431029223174,12.865896590552715,0.09901772067519869,0.14507831243028593,0.2164421997556816,0.14342895934282227
14,ia_a,50,-0.039737684797815635,3.6660597864696096,2.7572660986324653,15.333744683961553,12.99053836729037,0.09901772067519869,0.14507831243028593,0.2164421997556816,0.14342895934282227
14,ia_a,51,-0.10328499959114443,2.9826085032432395,6.34007502834407,10.503115719817618,4.281551170492603,0.09901772067519869,0.14507831243028593,0.2164421997556816,0.14342895934282227
14,ia_a,52,0.22142731385243603,0.8366032148000927,0.5093952623435984,1.7947956002739018,0.8830142103190909,0.09901772067519869,0.14507831243028593,0.2164421997556816,0.14342895934282227
14,ia_a,53,0.15699483406481657,1.651288333231262,3.5662466920450524,4.955218970742763,3.797686817789989,0.09901772067519869,0.14507831243028593,0.2164421997556816,0.14342895934282227
14,ia_a,54,0.6467988533238774,8.534995278934955,3.247624032289359,17.42711054847258,16.711716077759032,0.09901772067519869,0.14507831243028593,0.2164421997556816,0.14342895934282227
14,ia_a,55,0.6140205015592992,6.262253599729978,1.9634583666344545,24.974278875416818,31.43925960638072,0.09901772067519869,0.14507831243028593,0.2164421997556816,0.14342895934282227
14,ia_a,56,-0.0825214719946725,0.7145514130422511,1.4688066666454744,0.8907760172036372,1.5095664813192518,0.09901772067519869,0.14507831243028593,0.2164421997556816,0.14342895934282227
14,ia_a,57,-0.16242864542620478,3.307506504776801,1.2199559631349768,2.9591585474077884,2.3157299680365147,0.09901772067519869,0.14507831243028593,0.2164421997556816,0.14342895934282227
14,ia_a,58,0.45332442353838104,9.845486891865065,2.021064878692525,10.075587062205438,9.448626976718163,0.09901772067519869,0.14507831243028593,0.2164421997556816,0.14342895934282227
14,ia_a,59,0.47631384417781736,3.872789416552319,3.972853061668419,6.9390920509611,7.160891708557202,0.09901772067519869,0.14507831243028593,0.2164421997556816,0.14342895934282227
14,ia_a,60,0.20929472106886274,2.6595266634524055,3.335806315683019,0.9320613308699095,2.1293039841696366,0.09901772067519869,0.14507831243028593,0.2164421997556816,0.14342895934282227
14,va_a,1,-0.08442092599959702,2.120662183461845,1.8815091396836487,1.2915881919042247,4.254754510588315,0.1525889782955512,0.21163827931002385,0.17801718532705657,0.19799042238854928
14,va_a,2,-0.16037435665375588,7.964668812203523,5.505649257875882,2.6786739812420257,5.922002957488599,0.1525889782955512,0.21163827931002385,0.17801718532705657,0.19799042238854928
14,va_a,3,-0.3992400808813608,1.0651756058339703,1.9170426821969293,0.9503675084100575,2.2203634310988964,0.1525889782955512,0.21163827931002385,0.17801718532705657,0.19799042238854928
14,va_a,4,0.511657020208706,6.571952480850109,8.287659166599378,0.869726185178761,2.675245031035192,0.1525889782955512,0.21163827931002385,0.17801718532705657,0.19799042238854928
14,va_a,5,-0.4699406183608819,2.1439454919672523,1.7962458309842142,14.439552608805855,2.6164935837369203,0.1525889782955512,0.21163827931002385,0.17801718532705657,0.19799042238854928
14,va_a,6,-0.08283234731398752,5.90023980222556,3.360099478777961,1.5222815932084384,3.3534388709789797,0.1525889782955512,0.21163827931002385,0.17801718532705657,0.19799042238854928
14,va_a,7,-0.13646344348405848,0.2516370292167853,1.109761528499402,1.5245166760385231,1.3006564977182256,0.1525889782955512,0.21163827931002385,0.17801718532705657,0.19799042238854928
14,va_a,8,-0.2919627703945522,13.600772703417205,4.533462713773138,6.77400505757801,6.276686892196881,0.1525889782955512,0.21163827931002385,0.17801718532705657,0.19799042238854928
14,va_a,9,0.04167003849248319,4.313054223721192,6.15010097487952,7.919415022558382,3.100996846326105,0.1525889782955512,0.21163827931002385,0.17801718532705657,0.19799042238854928
14,va_a,10,-0.773610808919966,2.0744759665025274,1.797984437438105,0.9834632697337199,0.655407000312033,0.1525889782955512,0.21163827931002385,0.17801718532705657,0.19799042238854928
14,va_a,11,-0.043586465329594135,16.660758252325078,6.78058643258051,3.830879526366806,15.410007857807685,0.1525889782955512,0.21163827931002385,0.17801718532705657,0.19799042238854928
14,va_a,12,-0.28716300168252445,11.822101434987445,7.203345398119625,20.214444958274292,17.850138062000514,0.1525889782955512,0.21163827931002385,0.17801718532705657,0.19799042238854928
14,va_a,13,-0.2134738806100009,1.7489033514522054,3.907270100304107,1.4305025522499102,1.3756076658859397,0.1525889782955512,0.21163827931002385,0.17801718532705657,0.19799042238854928
14,va_a,14,-0.3678553856003918,3.111899411618303,2.930076289192528,0.9320255118040417,1.7500049150682797,0.1525889782955512,0.21163827931002385,0.17801718532705657,0.19799042238854928
14,va_a,15,-0.09766992685122691,9.31957353883775,0.9384667324207716,1.5876468568170323,5.308516454375596,0.1525889782955512,0.21163827931002385,0.17801718532705657,0.19799042238854928
14,va_a,16,-0.2220852990454702,7.504500217962586,2.2687181814051938,6.269122324853836,13.915977906161213,0.1525889782955512,0.21163827931002385,0.17801718532705657,0.19799042238854928
14,va_a,17,-0.09713175062311227,2.15310920289028,0.8332043123359713,0.4493140968331185,2.04050003918907,0.1525889782955512,0.21163827931002385,0.17801718532705657,0.19799042238854928
14,va_a,18,-0.567421057609106,2.271022643059405,4.830858126351948,7.456851417352817,2.9850674032231828,0.1525889782955512,0.21163827931002385,0.17801718532705657,0.19799042238854928
14,va_a,19,0.1910544384218445,17.00249352228091,11.770824495038278,7.092700955616933,9.737631436258047,0.1525889782955512,0.21163827931002385,0.17801718532705657,0.19799042238854928
14,va_a,20,-0.3205353661452991,1.9420989336588632,3.7692431378807516,7.881610775608269,2.3373209212366186,0.1525889782955512,0.21163827931002385,0.17801718532705657,0.19799042238854928
14,va_a,21,0.12353527551651965,1.5143825026404096,0.9444022000180488,10.512948418034235,7.488886849069834,0.1525889782955512,0.21163827931002385,0.17801718532705657,0.19799042238854928
14,va_a,22,0.10846301550723228,8.293427992939797,4.468407128171232,22.331758727341423,4.899145867280962,0.1525889782955512,0.21163827931002385,0.17801718532705657,0.19799042238854928
14,va_a,23,0.07569388384825754,2.728422490429736,0.9051836138918076,4.019787832963046,2.336231410612446,0.1525889782955512,0.21163827931002385,0.17801718532705657,0.19799042238854928
14,va_a,24,-0.3005365129512865,8.331056866034386,8.608115325176138,10.879273487400967,4.253149870427458,0.1525889782955512,0.21163827931002385,0.17801718532705657,0.19799042238854928
14,va_a,25,0.013610538465795968,3.8408910755139165,0.9348261394190012,0.4705774290149239,4.21005894625908,0.1525889782955512,0.21163827931002385,0.17801718532705657,0.19799042238854928
14,va_a,26,-0.6706541529419787,5.584023070735001,8.937085494615825,11.190237580700575,6.387033373601098,0.1525889782955512,0.21163827931002385,0.17801718532705657,0.19799042238854928
14,va_a,27,-0.0005076136401891731,0.6873868956030351,2.3181355829529626,2.1114227717855365,0.7511474678275849,0.1525889782955512,0.21163827931002385,0.17801718532705657,0.19799042238854928
14,va_a,28,-0.2636050561259605,3.1709623844578148,1.5834557910800842,12.567976789020967,13.430430650462885,0.1525889782955512,0.21163827931002385,0.17801718532705657,0.19799042238854928
14,va_a,29,-0.25251386226610134,3.805004648486786,2.1182748429303997,1.016506020154432,1.9791748812143855,0.1525889782955512,0.21163827931002385,0.17801718532705657,0.19799042238854928
14,va_a,30,-0.2582172560496915,8.298805411560238,3.766291817595063,1.2558101919776083,5.6107818108065,0.1525889782955512,0.21163827931002385,0.17801718532705657,0.19799042238854928
14,va_a,31,-0.17257838748215817,2.039071977956217,0.9602355591992097,4.485259571838679,3.6317709300743166,0.1525889782955512,0.21163827931002385,0.17801718532705657,0.19799042238854928
14,va_a,32,0.057437332342214244,1.1435786101578649,2.359905638580825,3.4430267978490448,3.8956898273044067,0.1525889782955512,0.21163827931002385,0.17801718532705657,0.19799042238854928
14,va_a,33,0.01453035379222029,0.6215024028967385,0.4152758484691323,1.7774266208267617,1.6401175870984253,0.1525889782955512,0.21163827931002385,0.17801718532705657,0.19799042238854928
14,va_a,34,-0.06915809540119788,5.891018462305183,3.130792257718447,3.6280861391399246,6.926414279732433,0.1525889782955512,0.21163827931002385,0.17801718532705657,0.19799042238854928
14,va_a,35,0.030031328713487956,0.9392021672567721,0.904080324305702,1.483229152277486,0.7799193420483428,0.1525889782955512,0.21163827931002385,0.17801718532705657,0.19799042238854928
14,va_a,36,0.28386327779456355,0.588637407685348,2.069677124626641,5.918031833785286,2.9157380990344013,0.1525889782955512,0.21163827931002385,0.17801718532705657,0.19799042238854928
14,va_a,37,0.025336992283918114,2.1850891832321846,1.838877501366003,2.475826794705075,1.370329141650393,0.1525889782955512,0.21163827931002385,0.17801718532705657,0.19799042238854928
14,va_a,38,-0.2305843349995661,1.9221845966319286,2.597841096579256,4.194961676672361,0.5447068403851735,0.1525889782955512,0.21163827931002385,0.17801718532705657,0.19799042238854928
14,va_a,39,-0.13236975229286485,1.3560870889200707,3.008868461744858,6.654036420644488,0.4226517000253514,0.1525889782955512,0.21163827931002385,0.17801718532705657,0.19799042238854928
14,va_a,40,0.23184513625538558,2.73557223339502,6.302997368148064,4.299040521512847,10.303732651602372,0.1525889782955512,0.21163827931002385,0.17801718532705657,0.19799042238854928
14,va_a,41,-0.025081825515795846,1.9115002332718412,4.692470343779997,2.427404173211826,8.382598875584701,0.1525889782955512,0.21163827931002385,0.17801718532705657,0.19799042238854928
14,va_a,42,-0.28350987153210566,6.8460042656991025,4.663279473505453,16.81231302353384,3.9453411628386283,0.1525889782955512,0.21163827931002385,0.17801718532705657,0.19799042238854928
14,va_a,43,-0.15142432059947872,0.5848509180881771,1.4994765613453427,8.145819474706807,2.05124310467739,0.1525889782955512,0.21163827931002385,0.17801718532705657,0.19799042238854928
14,va_a,44,-0.20104440924239986,2.160749238517711,1.9498161382946226,0.6094924667132919,1.4326245822772206,0.1525889782955512,0.21163827931002385,0.17801718532705657,0.19799042238854928
14,va_a,45,-0.19987733872847963,5.662662324891095,1.9001819026816582,6.329985403084944,8.165371604951769,0.1525889782955512,0.21163827931002385,0.17801718532705657,0.19799042238854928
14,va_a,46,0.06131710642378741,1.217744775385774,1.707561888431663,0.8675231337582823,2.075651056366365,0.1525889782955512,0.21163827931002385,0.17801718532705657,0.19799042238854928
14,va_a,47,-0.04826772091192312,3.674903497573299,5.493451861784724,4.3521421046999755,2.745171589687178,0.1525889782955512,0.21163827931002385,0.17801718532705657,0.19799042238854928
14,va_a,48,0.013698138897384486,2.407682464862953,1.0259013774083463,2.0987156619514904,3.3496165619653206,0.1525889782955512,0.21163827931002385,0.17801718532705657,0.19799042238854928
14,va_a,49,-0.350391088856349,7.121853696768791,9.911356057591629,3.7814472459156727,8.144738494181532,0.1525889782955512,0.21163827931002385,0.17801718532705657,0.19799042238854928
14,va_a,50,-0.26832095711567067,4.751250898227255,3.8506198055682077,9.18916827854365,13.472016673302734,0.1525889782955512,0.21163827931002385,0.17801718532705657,0.19799042238854928
14,va_a,51,-0.1846401511368997,1.8726168351512371,2.627543208581647,2.6035445766881495,2.4828466058434167,0.1525889782955512,0.21163827931002385,0.17801718532705657,0.19799042238854928
14,va_a,52,-0.21746883635668351,3.7829186407687154,1.870827340120848,23.151836220891973,7.980675103870879,0.1525889782955512,0.21163827931002385,0.17801718532705657,0.19799042238854928
14,va_a,53,-0.34805774317545635,6.68301753161647,3.395066657258945,6.878320772262208,6.125829173707593,0.1525889782955512,0.21163827931002385,0.17801718532705657,0.19799042238854928
14,va_a,54,-0.4566980729501189,6.838668295309229,1.9557591110269972,8.81694751449061,7.0031213763044216,0.1525889782955512,0.21163827931002385,0.17801718532705657,0.19799042238854928
14,va_a,55,0.049036458420577314,3.678136475648605,4.105405414049963,3.5728480941331835,2.410415355952337,0.1525889782955512,0.21163827931002385,0.17801718532705657,0.19799042238854928
14,va_a,56,-0.09720914878813051,17.75198030933471,3.5121830208473166,14.920307068159802,17.168597087428306,0.1525889782955512,0.21163827931002385,0.17801718532705657,0.19799042238854928
14,va_a,57,0.2828962042661547,0.6737019795764944,3.389379134609078,0.7441906149473282,2.874957283465988,0.1525889782955512,0.21163827931002385,0.17801718532705657,0.19799042238854928
14,va_a,58,-0.12180602967833351,12.00715885235925,5.885478110812406,16.464617419338435,9.169871813816595,0.1525889782955512,0.21163827931002385,0.17801718532705657,0.19799042238854928
14,va_a,59,0.09353377103864322,1.9736918698350239,3.4001702249731105,2.1387980062864096,3.2462926339641305,0.1525889782955512,0.21163827931002385,0.17801718532705657,0.19799042238854928
14,va_a,60,-0.2261723470956756,6.265247005152044,5.625911090091966,0.8413564957690827,4.104548376811124,0.1525889782955512,0.21163827931002385,0.17801718532705657,0.19799042238854928
15,ia_a,1,-0.23894946985854776,2.426974285600982,5.055219585694717,1.9280126735927,1.5429411642164625,0.18602070401997806,0.22483489275710333,0.1729334984212145,0.27639659806667555
15,ia_a,2,0.16894744925779143,1.826879451157307,3.666134739948013,12.626799947111031,2.5135500529176733,0.18602070401997806,0.22483489275710333,0.1729334984212145,0.27639659806667555
15,ia_a,3,-0.02999793745751782,5.377686726162093,1.74595683399485,3.626044949731235,2.681953496669139,0.18602070401997806,0.22483489275710333,0.1729334984212145,0.27639659806667555
15,ia_a,4,0.16731200052903,1.8206108713997646,2.0944163506008326,21.226572514021388,3.0653007899275537,0.18602070401997806,0.22483489275710333,0.1729334984212145,0.27639659806667555
15,ia_a,5,-0.3293264396948182,0.732409717586999,2.1609159856088547,0.9529760284837837,0.40871803451813027,0.18602070401997806,0.22483489275710333,0.1729334984212145,0.27639659806667555
15,ia_a,6,0.011807165024094325,1.113211345549032,2.1414339368882738,0.374317365853245,4.143194260559324,0.18602070401997806,0.22483489275710333,0.1729334984212145,0.27639659806667555
15,ia_a,7,-0.1324526708831602,1.3796292189769306,1.404431968788164,1.3951026718774808,0.8230864907403708,0.18602070401997806,0.22483489275710333,0.1729334984212145,0.27639659806667555
15,ia_a,8,0.1692768574030976,1.1564822963791797,4.633328640847658,22.2426256458079,15.943139171484765,0.18602070401997806,0.22483489275710333,0.1729334984212145,0.27639659806667555
15,ia_a,9,0.09301571567241816,4.531071558036374,1.052663153831522,7.05832197568993,6.9044418874160725,0.18602070401997806,0.22483489275710333,0.1729334984212145,0.27639659806667555
15,ia_a,10,0.15544255763837633,6.3256492636654365,4.8777590033762275,8.969622278592649,17.24409961415778,0.18602070401997806,0.22483489275710333,0.1729334984212145,0.27639659806667555
15,ia_a,11,0.13170221401509036,3.557321502961413,2.1340212840631483,35.35194649594845,8.230510614601714,0.18602070401997806,0.22483489275710333,0.1729334984212145,0.27639659806667555
15,ia_a,12,0.13193296594150467,14.862182391684108,1.7354580773102661,9.252392524517633,9.201326768511459,0.18602070401997806,0.22483489275710333,0.1729334984212145,0.27639659806667555
15,ia_a,13,-0.2438774746675122,2.347645641908372,1.2896540866486397,6.537500140165024,8.141926256719564,0.18602070401997806,0.22483489275710333,0.1729334984212145,0.27639659806667555
15,ia_a,14,-0.04504397356262094,2.5383815811089403,1.8792326330326574,5.0394334922230755,2.1748819072721517,0.18602070401997806,0.22483489275710333,0.1729334984212145,0.27639659806667555
15,ia_a,15,0.14973208153731377,0.6069776703591311,1.500268517920733,0.023125072687623868,0.18488777766067915,0.18602070401997806,0.22483489275710333,0.1729334984212145,0.27639659806667555
15,ia_a,16,-0.4009494434636132,2.4876149818916664,1.146738484010675,1.5326173206729001,2.945412010203569,0.18602070401997806,0.22483489275710333,0.1729334984212145,0.27639659806667555
15,ia_a,17,0.24147450433010248,2.1198656925569117,1.7632036314285828,0.7162974720102246,2.669751582525257,0.18602070401997806,0.22483489275710333,0.1729334984212145,0.27639659806667555
15,ia_a,18,0.29286173279897904,39.61130107066768,63.386195066506765,6.39890543357438,22.06971038407471,0.18602070401997806,0.22483489275710333,0.1729334984212145,0.27639659806667555
15,ia_a,19,0.04012160783522215,0.8046105934539088,0.9146299206207329,9.077844612637898,4.636945178202936,0.18602070401997806,0.22483489275710333,0.1729334984212145,0.27639659806667555
15,ia_a,20,-0.12192381960610062,0.7730645997353479,1.2182302349665544,1.150363352566813,1.0603237522042213,0.18602070401997806,0.22483489275710333,0.1729334984212145,0.27639659806667555
15,ia_a,21,0.2602612070270872,7.7039627107681286,3.8171974500822503,9.232598669532749,17.457481212279657,0.18602070401997806,0.22483489275710333,0.1729334984212145,0.27639659806667555
15,ia_a,22,-0.004283292322090757,6.521952411313366,2.4695013028473944,12.667274247882919,8.101054331816709,0.18602070401997806,0.22483489275710333,0.1729334984212145,0.27639659806667555
15,ia_a,23,-0.41838294395173176,0.3684506979977653,0.7235188112892335,3.058247227715349,2.8664957462547274,0.18602070401997806,0.22483489275710333,0.1729334984212145,0.27639659806667555
15,ia_a,24,0.13331895330185967,0.5695477718692241,0.7678239186323814,5.703183539941803,1.190160563421304,0.18602070401997806,0.22483489275710333,0.1729334984212145,0.27639659806667555
15,ia_a,25,0.10930942770651958,2.0221373933158358,1.3251954386796545,2.1702737223009656,5.22287876794344,0.18602070401997806,0.22483489275710333,0.1729334984212145,0.27639659806667555
15,ia_a,26,-0.16688430128048656,1.8299952095110243,0.5741658688842757,1.7029911504767898,2.92922768272197,0.18602070401997806,0.22483489275710333,0.1729334984212145,0.27639659806667555
15,ia_a,27,-0.5175567267463338,2.5624733492310114,2.809163078719644,23.491497954514685,4.943228572246253,0.18602070401997806,0.22483489275710333,0.1729334984212145,0.27639659806667555
15,ia_a,28,0.42391721586835246,6.845225003498396,1.913376840601548,4.024497890981863,19.29481518943928,0.18602070401997806,0.22483489275710333,0.1729334984212145,0.27639659806667555
15,ia_a,29,-0.17739154072821295,1.2884867277614684,2.9091763816811653,15.391035960971859,11.206374483358722,0.18602070401997806,0.22483489275710333,0.1729334984212145,0.27639659806667555
15,ia_a,30,0.1538154970261959,1.371929066685242,6.974656176278571,0.27491773962609634,1.445038339854627,0.18602070401997806,0.22483489275710333,0.1729334984212145,0.27639659806667555
15,ia_a,31,0.27280785561489845,4.713653071614844,1.7030719277730015,7.714586866838598,11.747495418543581,0.18602070401997806,0.22483489275710333,0.1729334984212145,0.27639659806667555
15,ia_a,33,-0.17371661360573884,3.308058996605831,2.5545970210660114,0.5210930862269094,3.145981305026117,0.18602070401997806,0.22483489275710333,0.1729334984212145,0.27639659806667555
15,ia_a,34,-0.2538360184447958,4.400841671571235,2.5320121789289676,4.266609176279067,1.105202066333393,0.18602070401997806,0.22483489275710333,0.1729334984212145,0.27639659806667555
15,ia_a,35,0.014735036170265108,11.886591496054615,10.584406635398869,17.96275315115409,16.458028624734705,0.18602070401997806,0.22483489275710333,0.1729334984212145,0.27639659806667555
15,ia_a,36,0.11366519620818394,3.2707417844497124,4.357699939118267,8.19599159660278,3.452158227656868,0.18602070401997806,0.22483489275710333,0.1729334984212145,0.27639659806667555
15,ia_a,37,0.3655217100589353,2.3258574892358936,1.0019170937781399,13.756564280541246,4.778284647416435,0.18602070401997806,0.22483489275710333,0.1729334984212145,0.27639659806667555
15,ia_a,38,-0.23059264250638523,5.620161695790953,1.7656105513248892,30.221718206438105,9.841842785427911,0.18602070401997806,0.22483489275710333,0.1729334984212145,0.27639659806667555
15,ia_a,39,-0.09566467572270915,3.89379148526235,5.492775683314653,4.694587649866517,1.1117707640216752,0.18602070401997806,0.22483489275710333,0.1729334984212145,0.27639659806667555
15,ia_a,40,0.25855822458701366,0.39409027453413986,0.5935049770638897,1.3597123772408513,0.9266143335901517,0.18602070401997806,0.22483489275710333,0.1729334984212145,0.27639659806667555
15,ia_a,41,0.44643999781992894,2.4227739216177064,1.431607505331754,12.074476612820886,6.7943865917412305,0.18602070401997806,0.22483489275710333,0.1729334984212145,0.27639659806667555
15,ia_a,42,-0.03348548235132367,1.0581481948164797,1.9847904987009009,13.150091869037535,7.09641827129091,0.18602070401997806,0.22483489275710333,0.1729334984212145,0.27639659806667555
15,ia_a,43,-0.015174370477604933,1.1194126731049794,1.0588941183830753,2.6185064863931853,2.2470416009524223,0.18602070401997806,0.22483489275710333,0.1729334984212145,0.27639659806667555
15,ia_a,44,-0.027337018735096124,2.531520672190316,2.0826683247530133,2.1166660069852994,5.06525205874304,0.18602070401997806,0.22483489275710333,0.1729334984212145,0.27639659806667555
15,ia_a,45,-0.06266662092611046,2.420299310320388,1.1780310329611685,9.847956939749217,3.2123820253881212,0.18602070401997806,0.22483489275710333,0.1729334984212145,0.27639659806667555
15,ia_a,46,0.5738605126313284,5.26194098104724,1.1729447507974902,3.745325641478666,7.440485889919691,0.18602070401997806,0.22483489275710333,0.1729334984212145,0.27639659806667555
15,ia_a,47,-0.12644163276496367,1.7525755612156124,0.871380962887602,0.9228951308738504,1.5014726978324442,0.18602070401997806,0.22483489275710333,0.1729334984212145,0.27639659806667555
15,ia_a,48,0.1766542989779676,11.346292636265542,6.8741614735226655,12.406519820475703,8.162849152770297,0.18602070401997806,0.22483489275710333,0.1729334984212145,0.27639659806667555
15,ia_a,49,-0.4100921896416952,9.793940083132256,13.422762119523469,18.30324247818936,19.877289977426287,0.18602070401997806,0.22483489275710333,0.1729334984212145,0.27639659806667555
15,ia_a,50,0.7624554024079132,6.542227684583434,4.4684741511423764,4.492747358224334,9.892905528018899,0.18602070401997806,0.22483489275710333,0.1729334984212145,0.27639659806667555
15,ia_a,51,-0.24155370630077028,3.551769630737477,1.5920771049651148,0.8132045153633547,0.5199169565869896,0.18602070401997806,0.22483489275710333,0.1729334984212145,0.27639659806667555
15,ia_a,52,0.18482282482053236,0.6342944630445099,1.8418615503445641,4.090792125752395,0.8164633848598601,0.18602070401997806,0.22483489275710333,0.1729334984212145,0.27639659806667555
15,ia_a,53,-0.1158292477947511,1.710907429835648,2.390585817424274,12.058150147751281,3.8508662336925177,0.18602070401997806,0.22483489275710333,0.1729334984212145,0.27639659806667555
15,ia_a,54,-0.14822732204572542,2.5223419886647043,0.5861889185091677,1.234939975128594,1.817978697642783,0.18602070401997806,0.22483489275710333,0.1729334984212145,0.27639659806667555
15,ia_a,55,-0.11384223983851376,0.9293641064869431,1.9287903937347353,0.7322389588338442,1.3902340225151855,0.18602070401997806,0.22483489275710333,0.1729334984212145,0.27639659806667555
15,ia_a,56,0.2554020378409659,1.5467695980023441,2.9180812289358977,8.873403197443116,3.05195164217528,0.18602070401997806,0.22483489275710333,0.1729334984212145,0.27639659806667555
15,ia_a,57,0.10045684569042754,1.2628585052649421,1.8365333309601333,0.8377326726913317,1.0927406603995502,0.18602070401997806,0.22483489275710333,0.1729334984212145,0.27639659806667555
15,ia_a,58,0.03794839599154921,7.928088884893805,3.9623888083015193,11.713621947271253,14.594538697090096,0.18602070401997806,0.22483489275710333,0.1729334984212145,0.27639659806667555
15,ia_a,59,0.02054841097724493,1.556372300484602,0.44480161796598927,7.256524942889559,5.041660098874405,0.18602070401997806,0.22483489275710333,0.1729334984212145,0.27639659806667555
15,ia_a,60,-0.22640939320494996,0.5848263142580645,0.8101990161527403,5.03431188010357,2.550234133933367,0.18602070401997806,0.22483489275710333,0.1729334984212145,0.27639659806667555
15,va_a,1,0.40994565440437464,9.019538597728124,5.129383260370142,9.077221531359383,6.868484734630983,0.09979496536706468,0.12472772852667677,0.18944264802641186,0.1542768466368537
15,va_a,2,-0.3163451706740261,1.4088450851891017,1.6682142417543484,8.616176905060259,6.340850531295315,0.09979496536706468,0.12472772852667677,0.18944264802641186,0.1542768466368537
15,va_a,3,-0.19726400152999274,1.004906078783348,2.1105540027630636,26.16443635993566,6.500169685965523,0.09979496536706468,0.12472772852667677,0.18944264802641186,0.1542768466368537
15,va_a,4,0.4520379916408983,2.6714832146482728,0.6449987391561269,7.156652784676945,4.633391870995542,0.09979496536706468,0.12472772852667677,0.18944264802641186,0.1542768466368537
15,va_a,5,0.16131979209373,5.0371214421493455,1.6072446965995866,24.92229568708253,6.423154377702324,0.09979496536706468,0.12472772852667677,0.18944264802641186,0.1542768466368537
15,va_a,6,0.28995793836235245,3.627954719825104,6.496562994733295,46.97587160425724,13.945412620181987,0.09979496536706468,0.12472772852667677,0.18944264802641186,0.1542768466368537
15,va_a,7,-0.1875388770663799,2.2296165873622744,1.9680391719614647,1.7387410020892815,0.5386704140222042,0.09979496536706468,0.12472772852667677,0.18944264802641186,0.1542768466368537
15,va_a,8,-0.4379709245799328,3.1548814672828804,1.0420157853818732,11.165597611866236,4.446778948041376,0.09979496536706468,0.12472772852667677,0.18944264802641186,0.1542768466368537
15,va_a,9,0.3066343699454161,0.6372444572343977,0.972234546881705,6.809331092567905,7.540998690312165,0.09979496536706468,0.12472772852667677,0.18944264802641186,0.1542768466368537
15,va_a,10,0.3180895648234817,2.34159311524565,2.4108153073161205,5.316038379392406,3.826957968356641,0.09979496536706468,0.12472772852667677,0.18944264802641186,0.1542768466368537
15,va_a,11,0.409047357981091,6.153488712752719,4.865227762508179,9.847734206363373,7.731863476471813,0.09979496536706468,0.12472772852667677,0.18944264802641186,0.1542768466368537
15,va_a,12,0.29000065430635663,4.560541650430271,2.914330083487634,12.287350187275157,6.686716645366234,0.09979496536706468,0.12472772852667677,0.18944264802641186,0.1542768466368537
15,va_a,13,-0.6215946702720594,10.376715906226938,6.3142384903513395,23.72869574609577,13.57706391347291,0.09979496536706468,0.12472772852667677,0.18944264802641186,0.1542768466368537
15,va_a,14,-0.21104895826086242,5.475821903322987,4.452691307827783,63.827169869925974,10.878497351215104,0.09979496536706468,0.12472772852667677,0.18944264802641186,0.1542768466368537
15,va_a,15,0.2483981335647021,4.951307213931095,1.4559235412043952,6.208550496862928,3.9847006670412592,0.09979496536706468,0.12472772852667677,0.18944264802641186,0.1542768466368537
15,va_a,16,0.5704683837193294,3.3878650246844684,2.2730350232922687,6.737923123688066,2.15883876895619,0.09979496536706468,0.12472772852667677,0.18944264802641186,0.1542768466368537
15,va_a,17,-0.05422684641178016,1.3448036306898277,2.340034047561619,1.6397640056382716,1.9141638493684625,0.09979496536706468,0.12472772852667677,0.18944264802641186,0.1542768466368537
15,va_a,18,0.19878834599648434,6.255179185320274,2.156799294163832,7.5057928191569365,7.692071684975831,0.09979496536706468,0.12472772852667677,0.18944264802641186,0.1542768466368537
15,va_a,19,-0.28330060823413716,2.057275312268409,3.5712385713634527,4.876148039737928,1.374226840751468,0.09979496536706468,0.12472772852667677,0.18944264802641186,0.1542768466368537
15,va_a,20,0.0435245934889184,2.2054613585500054,2.307418498138751,2.575902616780243,5.799575772039524,0.09979496536706468,0.12472772852667677,0.18944264802641186,0.1542768466368537
15,va_a,21,0.23519444895769678,18.297586829724313,12.825706309031027,50.8842806125299,33.48087535647329,0.09979496536706468,0.12472772852667677,0.18944264802641186,0.1542768466368537
15,va_a,22,-0.036296389698917936,2.6715490542051916,3.3164120684397536,18.0847533199567,12.945977402610971,0.09979496536706468,0.12472772852667677,0.18944264802641186,0.1542768466368537
15,va_a,23,-0.14281719330838347,0.9393717633300228,0.5759225176011503,0.5855713756778519,0.22887383268362094,0.09979496536706468,0.12472772852667677,0.18944264802641186,0.1542768466368537
15,va_a,24,0.053020669643767386,2.3889301357115604,1.5939909052341545,0.14567926140115212,1.3876925958021666,0.09979496536706468,0.12472772852667677,0.18944264802641186,0.1542768466368537
15,va_a,25,-0.20631219506800086,2.1403428249466563,6.388045541739454,7.700303899931356,4.994594242667621,0.09979496536706468,0.12472772852667677,0.18944264802641186,0.1542768466368537
15,va_a,26,-0.061661138706526265,2.603268919425042,1.026618543946158,2.366357873821911,0.9159813714327975,0.09979496536706468,0.12472772852667677,0.18944264802641186,0.1542768466368537
15,va_a,27,0.28432364034335217,2.0739588691769666,4.450710350651842,30.416001978133195,5.825498264433924,0.09979496536706468,0.12472772852667677,0.18944264802641186,0.1542768466368537
15,va_a,28,-0.04925716883091956,1.6692238193322326,1.903880285296724,8.516167340284342,4.482614547297806,0.09979496536706468,0.12472772852667677,0.18944264802641186,0.1542768466368537
15,va_a,29,-0.14108082190907478,6.09358869640495,2.6572039519021797,4.561314739857857,12.151249148389121,0.09979496536706468,0.12472772852667677,0.18944264802641186,0.1542768466368537
15,va_a,30,-0.11726118122499377,0.9329027856163643,1.995561642373235,0.9342381628810519,1.792097197868104,0.09979496536706468,0.12472772852667677,0.18944264802641186,0.1542768466368537
15,va_a,31,-0.4186304916949836,3.0042305677076127,0.9516032886197068,4.401413556931723,8.612911658510432,0.09979496536706468,0.12472772852667677,0.18944264802641186,0.1542768466368537
15,va_a,32,0.14284946314979516,0.6988931519768821,6.006808194341616,27.9789557259821,6.706650142960111,0.09979496536706468,0.12472772852667677,0.18944264802641186,0.1542768466368537
15,va_a,33,-0.0063262082680770335,7.931428830507323,2.128483792225228,17.633879619708495,20.83508102293414,0.09979496536706468,0.12472772852667677,0.18944264802641186,0.1542768466368537
15,va_a,34,-0.04323352571517636,0.7104393121584122,1.1496063806857186,6.54114450768825,8.28997055752326,0.09979496536706468,0.12472772852667677,0.18944264802641186,0.1542768466368537
15,va_a,35,-0.1440747525111915,4.120025350474313,1.419111090475211,17.74252260516446,2.957769228099747,0.09979496536706468,0.12472772852667677,0.18944264802641186,0.1542768466368537
15,va_a,36,-0.29034351164796196,2.263568944090388,1.0610643208746013,2.993193660600132,3.8073481580853135,0.09979496536706468,0.12472772852667677,0.18944264802641186,0.1542768466368537
15,va_a,37,0.43671571437300266,4.8447341710305425,2.1792736372130013,27.266295931424292,14.610170697980701,0.09979496536706468,0.12472772852667677,0.18944264802641186,0.1542768466368537
15,va_a,38,0.05674275980746586,15.107126872802798,4.810581092248197,13.012353897792712,4.654418934655863,0.09979496536706468,0.12472772852667677,0.18944264802641186,0.1542768466368537
15,va_a,39,0.31260595684892384,4.480598030638671,3.108877985239816,11.879489593171577,18.721077158292573,0.09979496536706468,0.12472772852667677,0.18944264802641186,0.1542768466368537
15,va_a,41,0.32686018766736086,7.98106432295535,2.8808553059451594,13.528491028617202,5.178917913518143,0.09979496536706468,0.12472772852667677,0.18944264802641186,0.1542768466368537
15,va_a,42,0.026952955334858204,9.488864891155599,5.793307828068676,8.177837784505032,16.498489507535997,0.09979496536706468,0.12472772852667677,0.18944264802641186,0.1542768466368537
15,va_a,43,-0.27215346556298853,2.799465174358188,1.4652614655573706,1.5941942358076886,2.3982348806964575,0.09979496536706468,0.12472772852667677,0.18944264802641186,0.1542768466368537
15,va_a,44,0.5723126686204325,6.015548521551962,3.464283676681634,6.143178787711548,6.95284706964781,0.09979496536706468,0.12472772852667677,0.18944264802641186,0.1542768466368537
15,va_a,45,0.13534463988485168,2.378281089777877,3.7639335240849725,1.0466730819615604,1.8482497993421012,0.09979496536706468,0.12472772852667677,0.18944264802641186,0.1542768466368537
15,va_a,46,-0.06062844206416344,0.6495491523701077,1.0710965491703766,3.3606879443400763,2.1056916840923154,0.09979496536706468,0.12472772852667677,0.18944264802641186,0.1542768466368537
15,va_a,47,-0.6674547657342573,8.945394705959036,2.615111631126231,19.99668948670942,5.036003518189359,0.09979496536706468,0.12472772852667677,0.18944264802641186,0.1542768466368537
15,va_a,48,-0.18755962215995187,2.070309435183906,1.5209057746886876,2.1865126713542233,3.8381908994567335,0.09979496536706468,0.12472772852667677,0.18944264802641186,0.1542768466368537
15,va_a,49,-0.3100853302241893,3.0636747148158285,0.5347106869264677,2.9429426834828423,5.048783018736847,0.09979496536706468,0.12472772852667677,0.18944264802641186,0.1542768466368537
15,va_a,50,0.11437290545441156,3.2153479254637367,2.7097239165963174,15.37296724372337,2.963252005315867,0.09979496536706468,0.12472772852667677,0.18944264802641186,0.1542768466368537
15,va_a,51,0.437296360241467,1.2135354563774645,0.8670607934860746,19.20568355482405,6.6609067339549,0.09979496536706468,0.12472772852667677,0.18944264802641186,0.1542768466368537
15,va_a,52,0.06454174994616924,2.1770277197280845,4.785333151289128,10.033529494911296,0.6936396222579433,0.09979496536706468,0.12472772852667677,0.18944264802641186,0.1542768466368537
15,va_a,53,-0.4413650338409305,3.7855100605891447,2.7258996310538626,6.153364046600551,6.656728157521244,0.09979496536706468,0.12472772852667677,0.18944264802641186,0.1542768466368537
15,va_a,54,0.3352838962982806,3.5874159598937694,4.736176819907632,3.5631773111990896,4.972518286215027,0.09979496536706468,0.12472772852667677,0.18944264802641186,0.1542768466368537
15,va_a,55,-0.2980461976228898,2.08165036221663,1.090817817584505,3.2428899297605462,6.252603919109198,0.09979496536706468,0.12472772852667677,0.18944264802641186,0.1542768466368537
15,va_a,56,0.23971084959350228,2.1391095339219177,4.0063757035407335,8.615844249225809,8.165181981416639,0.09979496536706468,0.12472772852667677,0.18944264802641186,0.1542768466368537
15,va_a,57,-0.32859578396515593,2.4489049448929014,0.8515882035528486,27.334604477373,6.902337101972878,0.09979496536706468,0.12472772852667677,0.18944264802641186,0.1542768466368537
15,va_a,58,-0.20677060268758102,0.7296326617697593,0.4713301479507215,0.4630902909349138,0.8793930923802632,0.09979496536706468,0.12472772852667677,0.18944264802641186,0.1542768466368537
15,va_a,59,0.8394306526745268,4.078307991669566,2.9281099563169315,17.906160438425324,5.336073235055845,0.09979496536706468,0.12472772852667677,0.18944264802641186,0.1542768466368537
15,va_a,60,0.11701236299101504,4.923606494418288,6.154402152645539,0.7713780383859031,1.2753371784506042,0.09979496536706468,0.12472772852667677,0.18944264802641186,0.1542768466368537
16,ia_a,1,-0.7055019465528297,1.87991153179507,1.1734357441879184,5.82134349921794,14.571152768152352,0.13043532037384173,0.16884757193715957,0.13774012223954796,0.17231463653953605
16,ia_a,2,-0.2546839717657443,4.992964684437512,6.86120214009224,0.8563965895875957,2.0132001131363886,0.13043532037384173,0.16884757193715957,0.13774012223954796,0.17231463653953605
16,ia_a,3,0.2872820720939349,3.6138126307912097,4.478176292383799,6.529301069927723,3.7198559237243143,0.13043532037384173,0.16884757193715957,0.13774012223954796,0.17231463653953605
16,ia_a,4,0.020918556132077545,2.4885162863931343,2.7207773511775426,3.3085343263936546,8.232555751024641,0.13043532037384173,0.16884757193715957,0.13774012223954796,0.17231463653953605
16,ia_a,5,-0.22538319086083536,6.511392834507542,3.4426640906304273,27.313228826377063,11.351191505002953,0.13043532037384173,0.16884757193715957,0.13774012223954796,0.17231463653953605
16,ia_a,6,-0.14682518471169365,6.994438765310952,3.84790246006626,9.327256464824032,21.11427500198566,0.13043532037384173,0.16884757193715957,0.13774012223954796,0.17231463653953605
16,ia_a,7,-0.7334793047706027,19.54026886731529,9.852367626299618,51.70573100332213,12.931748818884564,0.13043532037384173,0.16884757193715957,0.13774012223954796,0.17231463653953605
16,ia_a,8,0.7556202379229275,6.184958929202162,9.74681820656857,21.591069381730215,12.824187870779031,0.13043532037384173,0.16884757193715957,0.13774012223954796,0.17231463653953605
16,ia_a,9,-0.0910739925972484,11.329599132826159,14.916168371283796,2.1638729873932254,19.051920289013342,0.13043532037384173,0.16884757193715957,0.13774012223954796,0.17231463653953605
16,ia_a,10,0.12742973082923528,3.320292665378216,4.29263832136961,37.363336256580546,9.806349305772276,0.13043532037384173,0.16884757193715957,0.13774012223954796,0.17231463653953605
16,ia_a,11,0.4709390073917566,15.533743181328017,9.326385014982247,19.86684839983916,4.353842272904514,0.13043532037384173,0.16884757193715957,0.13774012223954796,0.17231463653953605
16,ia_a,12,0.97428298735704,10.029612320266974,3.889078807927134,9.41139375983725,8.58168142002059,0.13043532037384173,0.16884757193715957,0.13774012223954796,0.17231463653953605
16,ia_a,13,0.02373604563701668,1.3549679090690585,2.208712911404684,10.600815314686665,1.9922046205161543,0.13043532037384173,0.16884757193715957,0.13774012223954796,0.17231463653953605
16,ia_a,14,0.06151387293613711,4.943439688565593,1.8491684056240931,2.457932989692384,1.1443590186637027,0.13043532037384173,0.16884757193715957,0.13774012223954796,0.17231463653953605
16,ia_a,15,-0.03404303591289332,3.6935873241981416,4.544730122365906,1.9594673778479088,15.575737154908511,0.13043532037384173,0.16884757193715957,0.13774012223954796,0.17231463653953605
16,ia_a,16,-0.2233976117444722,3.6846454452932482,5.189166934774069,57.580460636384394,14.425304717430741,0.13043532037384173,0.16884757193715957,0.13774012223954796,0.17231463653953605
16,ia_a,17,-0.31505079065037306,16.969598102205122,5.382447512086075,15.800115074902806,7.772854113533687,0.13043532037384173,0.16884757193715957,0.13774012223954796,0.17231463653953605
16,ia_a,18,0.1358026748144019,8.074732797524161,3.1249347488014876,4.555435673558899,5.040521239144775,0.13043532037384173,0.16884757193715957,0.13774012223954796,0.17231463653953605
16,ia_a,19,0.2603023624030894,7.157576287305592,2.4571817164801146,6.791870117173171,8.008325828256128,0.13043532037384173,0.16884757193715957,0.13774012223954796,0.17231463653953605
16,ia_a,20,0.23851145262578138,16.00999305893425,11.978221757731689,49.22330833400453,45.43593479417802,0.13043532037384173,0.16884757193715957,0.13774012223954796,0.17231463653953605
16,ia_a,21,-0.9681145177596733,0.7020699220886263,23.709750540581265,52.66965132975401,7.268689828105476,0.13043532037384173,0.16884757193715957,0.13774012223954796,0.17231463653953605
16,ia_a,22,-0.6858739644896601,13.02574661280182,18.331192108771145,5.893688294853951,21.53548658964227,0.13043532037384173,0.16884757193715957,0.13774012223954796,0.17231463653953605
16,ia_a,23,-0.48704446681906954,15.642199258622636,1.1632992170291443,10.328810214231721,28.39122137589398,0.13043532037384173,0.16884757193715957,0.13774012223954796,0.17231463653953605
16,ia_a,24,-0.02875420350274822,9.25355045602113,4.24937902433216,20.85017613854232,4.665654757031306,0.13043532037384173,0.16884757193715957,0.13774012223954796,0.17231463653953605
16,ia_a,25,0.23877543591749606,4.419397819822354,11.885384359963444,14.385474406531014,10.170398940977275,0.13043532037384173,0.16884757193715957,0.13774012223954796,0.17231463653953605
16,ia_a,26,-0.31739163005041354,2.69926487099838,0.6927766544554451,2.309188913590916,4.3470499940780005,0.13043532037384173,0.16884757193715957,0.13774012223954796,0.17231463653953605
16,ia_a,28,0.6176218563453697,15.777639325195791,4.736643519009135,72.61366271061925,27.39400680700795,0.13043532037384173,0.16884757193715957,0.13774012223954796,0.17231463653953605
16,ia_a,29,0.34857039420538954,0.4264482635883314,5.178960773263356,5.324260940926725,8.60343316716787,0.13043532037384173,0.16884757193715957,0.13774012223954796,0.17231463653953605
16,ia_a,30,-0.06454272018837551,2.4966320452881576,15.96430505089338,6.184596752709992,4.2990890907143475,0.13043532037384173,0.16884757193715957,0.13774012223954796,0.17231463653953605
16,ia_a,31,0.0869572154928083,11.303366305918152,4.365689613773637,2.54729629892,3.415014609951079,0.13043532037384173,0.16884757193715957,0.13774012223954796,0.17231463653953605
16,ia_a,32,-0.05180084205045646,2.2390867716763876,5.210655439566159,5.690215067408255,7.045289814676778,0.13043532037384173,0.16884757193715957,0.13774012223954796,0.17231463653953605
16,ia_a,33,0.07649088781173066,2.984841678507901,3.9909217868083577,3.0341429139490033,2.3556336609271646,0.13043532037384173,0.16884757193715957,0.13774012223954796,0.17231463653953605
16,ia_a,34,-0.6815597177025101,3.3970748708304215,2.8753450898181927,9.407668146643948,3.0359869309231327,0.13043532037384173,0.16884757193715957,0.13774012223954796,0.17231463653953605
16,ia_a,35,0.21171815132032387,3.995536770037337,7.654328150931189,10.015448987532489,14.99649445793293,0.13043532037384173,0.16884757193715957,0.13774012223954796,0.17231463653953605
16,ia_a,36,0.26048370153955336,16.88543225068672,10.417623875866056,24.886770924162747,14.540080148899756,0.13043532037384173,0.16884757193715957,0.13774012223954796,0.17231463653953605
16,ia_a,37,0.15696541852941587,7.606033141060064,9.132620070959657,11.295371170296065,10.260081675280574,0.13043532037384173,0.16884757193715957,0.13774012223954796,0.17231463653953605
16,ia_a,38,0.04986220229921139,2.6397697329381855,3.165101552712538,5.520320579472852,3.853407444039597,0.13043532037384173,0.16884757193715957,0.13774012223954796,0.17231463653953605
16,ia_a,39,-0.15093961320947305,0.9680488412431985,7.818683862487606,2.9218103335348897,3.442332113760107,0.13043532037384173,0.16884757193715957,0.13774012223954796,0.17231463653953605
16,ia_a,40,-0.06283954142442955,1.1913986452388203,2.805554115876901,2.7001682683215087,0.23490676920651132,0.13043532037384173,0.16884757193715957,0.13774012223954796,0.17231463653953605
16,ia_a,41,-0.24879794428012897,3.269201113191306,1.7969754491198113,1.904244977658858,0.7145360763333598,0.13043532037384173,0.16884757193715957,0.13774012223954796,0.17231463653953605
16,ia_a,42,-1.0053420959173012,0.5167788184742119,2.1013018970776325,33.295969561892974,1.295630136775394,0.13043532037384173,0.16884757193715957,0.13774012223954796,0.17231463653953605
16,ia_a,43,0.26829994745655467,4.027832610955566,3.633402850377761,33.80643820378364,11.183356835620222,0.13043532037384173,0.16884757193715957,0.13774012223954796,0.17231463653953605
16,ia_a,44,-0.034532401638660275,12.883169976487768,26.51085543645993,26.538096970152907,4.1066322212521476,0.13043532037384173,0.16884757193715957,0.13774012223954796,0.17231463653953605
16,ia_a,46,0.10230336276316165,6.592449379675767,3.541363413060307,6.514268034201736,5.348426083935843,0.13043532037384173,0.16884757193715957,0.13774012223954796,0.17231463653953605
16,ia_a,47,0.012112390715398878,2.9176744204224354,1.912717973748686,6.7449069210113715,8.472687493822198,0.13043532037384173,0.16884757193715957,0.13774012223954796,0.17231463653953605
16,ia_a,48,-0.3171071952893445,2.122085124126229,16.507565471128572,3.818207807780625,2.2616262578177557,0.13043532037384173,0.16884757193715957,0.13774012223954796,0.17231463653953605
16,ia_a,49,0.06355599726982593,3.68864126523247,2.2650059415084853,9.589463163297758,8.002502084987812,0.13043532037384173,0.16884757193715957,0.13774012223954796,0.17231463653953605
16,ia_a,50,-0.4041045625820857,1.2279040130112369,1.7594025305409933,2.2217671073892653,3.7787971224687866,0.13043532037384173,0.16884757193715957,0.13774012223954796,0.17231463653953605
16,ia_a,51,0.19752499449584351,29.44047757384082,10.012306366957096,8.83642272500534,17.926406439281738,0.13043532037384173,0.16884757193715957,0.13774012223954796,0.17231463653953605
16,ia_a,52,0.08879459338774806,19.209528110455054,8.669436987586407,15.297062421962337,20.601866421336496,0.13043532037384173,0.16884757193715957,0.13774012223954796,0.17231463653953605
16,ia_a,53,0.6235129912628691,4.221317374160729,15.903179327903986,40.075652777778345,28.307354414259606,0.13043532037384173,0.16884757193715957,0.13774012223954796,0.17231463653953605
16,ia_a,54,-0.823691545404278,3.474460549687517,3.9049523351417736,4.227915572764029,6.835343214200747,0.13043532037384173,0.16884757193715957,0.13774012223954796,0.17231463653953605
16,ia_a,55,-0.010350914674208487,1.5462848848810469,3.2395078675771085,10.192223324304015,1.5814411515582938,0.13043532037384173,0.16884757193715957,0.13774012223954796,0.17231463653953605
16,ia_a,56,-0.13180793287646847,5.174426872477639,5.81319837047205,5.231974009099421,5.56238214976052,0.13043532037384173,0.16884757193715957,0.13774012223954796,0.17231463653953605
16,ia_a,57,-0.6946746949479541,2.986626183501959,4.0555663802342545,5.567273508736256,5.113869202189028,0.13043532037384173,0.16884757193715957,0.13774012223954796,0.17231463653953605
16,ia_a,58,-0.760857656012678,2.426603084394558,2.856540283008989,45.379458883061545,8.139442573701425,0.13043532037384173,0.16884757193715957,0.13774012223954796,0.17231463653953605
16,ia_a,59,0.0964940799555744,2.8493593536709794,3.1630360679121656,0.9694522255791849,3.089328436862914,0.13043532037384173,0.16884757193715957,0.13774012223954796,0.17231463653953605
16,ia_a,60,-0.15146993089194283,2.368547402816198,0.9286050731381542,5.151380428699606,6.498607610862239,0.13043532037384173,0.16884757193715957,0.13774012223954796,0.17231463653953605
16,va_a,1,0.2992912787040346,12.761661715989543,1.5155157514528566,96.85610063893338,40.54898686538288,0.08117326044496859,0.1296875395419499,0.20226749777987715,0.13221964785563786
16,va_a,2,-0.3395602982767988,0.3719104694055035,1.0012384446511773,5.950882499973939,0.8630215377072037,0.08117326044496859,0.1296875395419499,0.20226749777987715,0.13221964785563786
16,va_a,3,0.2542910575075399,2.692530583796798,3.21534365917198,22.13326037936875,4.962603733855445,0.08117326044496859,0.1296875395419499,0.20226749777987715,0.13221964785563786
16,va_a,4,0.07430914185666884,6.651064289441565,5.904154907724218,9.160037617869598,6.093751496357308,0.08117326044496859,0.1296875395419499,0.20226749777987715,0.13221964785563786
16,va_a,5,-0.042195264631314525,8.146688014808351,2.0583708769753297,8.091674286127256,13.398276344667805,0.08117326044496859,0.1296875395419499,0.20226749777987715,0.13221964785563786
16,va_a,6,-0.11895311886443206,7.330201247968597,0.9303964292050556,6.751720944939065,3.1417896536951972,0.08117326044496859,0.1296875395419499,0.20226749777987715,0.13221964785563786
16,va_a,7,-0.581582672005812,8.775019171174659,7.178562516085613,24.848157973723836,7.23835889557701,0.08117326044496859,0.1296875395419499,0.20226749777987715,0.13221964785563786
16,va_a,8,-0.3214742655522137,3.773223847521602,1.9893866079830418,3.273589189217897,13.72328153604878,0.08117326044496859,0.1296875395419499,0.20226749777987715,0.13221964785563786
16,va_a,9,-0.5301559978144874,2.5022660833034345,3.716018668788778,32.28818878609878,8.577338975587399,0.08117326044496859,0.1296875395419499,0.20226749777987715,0.13221964785563786
16,va_a,10,-0.25413211033011557,4.061110281993011,2.4769884325239415,2.86681532484819,4.667560563386037,0.08117326044496859,0.1296875395419499,0.20226749777987715,0.13221964785563786
16,va_a,11,-0.23864385825041634,11.27423778793133,3.704391914959305,8.09012220439237,14.682068259082836,0.08117326044496859,0.1296875395419499,0.20226749777987715,0.13221964785563786
16,va_a,12,-0.1434034290119573,14.743335928614087,8.231762326749402,5.598959340807786,25.273767503945805,0.08117326044496859,0.1296875395419499,0.20226749777987715,0.13221964785563786
16,va_a,13,-0.3283396515487269,1.4177060660043972,1.7899731344397922,0.7359492348580453,4.110091006425929,0.08117326044496859,0.1296875395419499,0.20226749777987715,0.13221964785563786
16,va_a,14,0.22286299597828768,4.662544326581892,2.964270595699654,20.7775544903298,15.043812367601427,0.08117326044496859,0.1296875395419499,0.20226749777987715,0.13221964785563786
16,va_a,15,0.12594196577759956,1.6381554627275805,2.8652016145311765,0.5082147912008649,1.3267202564668747,0.08117326044496859,0.1296875395419499,0.20226749777987715,0.13221964785563786
16,va_a,16,0.23044353953231736,3.1224073143681426,1.0251130384155986,5.941995093792033,7.505534076933331,0.08117326044496859,0.1296875395419499,0.20226749777987715,0.13221964785563786
16,va_a,17,0.14136521113550846,11.599214446602241,5.822150345236713,25.29803938337368,20.081175720126154,0.08117326044496859,0.1296875395419499,0.20226749777987715,0.13221964785563786
16,va_a,18,-0.019157405467846108,0.9781539874525462,2.7444625686703477,8.856453876733354,5.496348462179378,0.08117326044496859,0.1296875395419499,0.20226749777987715,0.13221964785563786
16,va_a,19,-0.7202405081874456,9.479791184326242,3.7307206813588634,60.24941991241946,64.22149111154923,0.08117326044496859,0.1296875395419499,0.20226749777987715,0.13221964785563786
16,va_a,20,0.3396835857552594,5.24089893869265,0.7244582201566396,31.275846647897964,36.73198034004834,0.08117326044496859,0.1296875395419499,0.20226749777987715,0.13221964785563786
16,va_a,21,0.11182816074380351,16.01984492052503,1.7006694605298305,6.240409289594248,32.239338222316896,0.08117326044496859,0.1296875395419499,0.20226749777987715,0.13221964785563786
16,va_a,22,-0.740897213935669,6.024447836444808,2.8692568428355343,30.103751525446274,17.13619061420499,0.08117326044496859,0.1296875395419499,0.20226749777987715,0.13221964785563786
16,va_a,23,0.444782509254566,12.836716919233393,7.680154134037223,28.498718667781773,24.55762661046649,0.08117326044496859,0.1296875395419499,0.20226749777987715,0.13221964785563786
16,va_a,24,-0.6893004004846611,2.662982559042637,6.256106702993317,4.450103866337403,6.6404751156948105,0.08117326044496859,0.1296875395419499,0.20226749777987715,0.13221964785563786
16,va_a,25,0.11402913875175424,3.980753784705588,1.6696064915854871,25.013356704645915,11.889376216971815,0.08117326044496859,0.1296875395419499,0.20226749777987715,0.13221964785563786
16,va_a,26,0.08537938391646785,0.9121469108296015,0.8107504317933552,15.629194204041108,13.780085238792681,0.08117326044496859,0.1296875395419499,0.20226749777987715,0.13221964785563786
16,va_a,27,0.21796400021856477,3.153829204325651,2.032278626531547,9.118205430977012,9.069256201274307,0.08117326044496859,0.1296875395419499,0.20226749777987715,0.13221964785563786
16,va_a,28,0.22905720965414386,3.554943325151672,2.7063127814419605,6.872120855492729,4.784048584304995,0.08117326044496859,0.1296875395419499,0.20226749777987715,0.13221964785563786
16,va_a,29,-0.26154992759134504,21.599246621947835,4.505764514426147,51.070722504090064,10.126144197870808,0.08117326044496859,0.1296875395419499,0.20226749777987715,0.13221964785563786
16,va_a,30,0.45907758762025197,6.36464086779902,4.978276569214657,2.7055981237621105,2.3207949920073485,0.08117326044496859,0.1296875395419499,0.20226749777987715,0.13221964785563786
16,va_a,31,-0.1277152780717536,2.982468185207884,3.076002366511529,9.966777043445843,9.17626745680741,0.08117326044496859,0.1296875395419499,0.20226749777987715,0.13221964785563786
16,va_a,32,-0.07596352185313154,3.0025884021313396,7.498263467907911,4.073594221702106,14.527181086082336,0.08117326044496859,0.1296875395419499,0.20226749777987715,0.13221964785563786
16,va_a,33,0.13130914305884409,81.97633831422064,8.751881580585025,11.59070000482298,79.90955406286697,0.08117326044496859,0.1296875395419499,0.20226749777987715,0.13221964785563786
16,va_a,34,-0.6835458125346793,4.643193322141752,1.6587830854904435,6.040661956076165,7.344422655925556,0.08117326044496859,0.1296875395419499,0.20226749777987715,0.13221964785563786
16,va_a,35,-0.07668650831434919,8.44957785561131,12.146443002968367,3.46160055956948,2.9211025327453357,0.08117326044496859,0.1296875395419499,0.20226749777987715,0.13221964785563786
16,va_a,36,-0.0887634442067865,22.330651401624724,3.502319926866399,1.4764122279191851,19.048347621255758,0.08117326044496859,0.1296875395419499,0.20226749777987715,0.13221964785563786
16,va_a,37,0.3413458895273501,2.200018776910015,1.1645366324428528,6.016160418251787,4.379417863860407,0.08117326044496859,0.1296875395419499,0.20226749777987715,0.13221964785563786
16,va_a,38,-0.12460312166260215,0.2731816941393959,1.962328003178181,8.602975555270456,1.1963871882067363,0.08117326044496859,0.1296875395419499,0.20226749777987715,0.13221964785563786
16,va_a,39,-0.3828757080804024,22.471981753476893,14.291514623253168,7.010756517643693,34.608112033493555,0.08117326044496859,0.1296875395419499,0.20226749777987715,0.13221964785563786
16,va_a,40,-0.3818118412351224,2.083265970534095,1.0716257778370277,10.647557328287688,6.991133724201504,0.08117326044496859,0.1296875395419499,0.20226749777987715,0.13221964785563786
16,va_a,41,0.14849292141869394,4.833872257742249,5.152644009465059,3.6621071802358856,4.761485037069374,0.08117326044496859,0.1296875395419499,0.20226749777987715,0.13221964785563786
16,va_a,42,-0.6499097414667822,4.743182348325777,1.5009887460693379,20.849378339309595,13.263893143510257,0.08117326044496859,0.1296875395419499,0.20226749777987715,0.13221964785563786
16,va_a,43,1.0160261794519745,15.012244409924879,3.4253136720875874,45.046162941151366,22.639495769796227,0.08117326044496859,0.1296875395419499,0.20226749777987715,0.13221964785563786
16,va_a,44,-0.3524153296224179,22.569108183491085,7.922666674923907,5.6260230452589814,24.476076751141246,0.08117326044496859,0.1296875395419499,0.20226749777987715,0.13221964785563786
16,va_a,45,0.42731797942909,4.196009636446125,6.135916977308322,11.805453712955664,11.176705015170024,0.08117326044496859,0.1296875395419499,0.20226749777987715,0.13221964785563786
16,va_a,46,-0.16794896129399256,10.116547730917883,2.8568406481957527,13.608841300986246,7.578332333115724,0.08117326044496859,0.1296875395419499,0.20226749777987715,0.13221964785563786
16,va_a,47,-0.5379714427984474,4.038309622640011,6.3517661391298565,28.373156314277107,16.549464017763608,0.08117326044496859,0.1296875395419499,0.20226749777987715,0.13221964785563786
16,va_a,48,-0.027644331853683427,0.8799938741012416,1.8717627564367847,3.340302003760759,1.785333853469935,0.08117326044496859,0.1296875395419499,0.20226749777987715,0.13221964785563786
16,va_a,49,-0.66342141256471,11.632622528341473,12.865628606917676,69.95742252550767,40.87343050411669,0.08117326044496859,0.1296875395419499,0.20226749777987715,0.13221964785563786
16,va_a,50,-0.03480446524246389,1.5141906141762929,4.03030195061546,1.1432632346020226,3.2050926147813015,0.08117326044496859,0.1296875395419499,0.20226749777987715,0.13221964785563786
16,va_a,51,-0.7912440213468664,1.8769118101614037,2.1331898537464173,9.797958554835004,5.84330660831338,0.08117326044496859,0.1296875395419499,0.20226749777987715,0.13221964785563786
16,va_a,52,-0.14274340769598895,7.397471469133858,4.121501675102391,5.462494044706365,8.075914400005873,0.08117326044496859,0.1296875395419499,0.20226749777987715,0.13221964785563786
16,va_a,53,-0.19127077410360172,5.128542742327309,2.6497625918165433,4.309837906304918,7.524520684597099,0.08117326044496859,0.1296875395419499,0.20226749777987715,0.13221964785563786
16,va_a,54,0.42416459662626604,3.3199008016211446,4.424500538068249,14.798473148204671,10.221764496216633,0.08117326044496859,0.1296875395419499,0.20226749777987715,0.13221964785563786
16,va_a,55,0.4430636093334761,1.2845679244088783,2.277631638094655,27.628959117671737,7.379321035480097,0.08117326044496859,0.1296875395419499,0.20226749777987715,0.13221964785563786
16,va_a,56,-0.8534482564588468,4.9124550006363625,4.650612953673868,6.905557558437745,3.7948281039205214,0.08117326044496859,0.1296875395419499,0.20226749777987715,0.13221964785563786
16,va_a,57,-0.28003765864069574,2.3842030358632127,6.9299173011610735,4.533701049712645,4.038593305556642,0.08117326044496859,0.1296875395419499,0.20226749777987715,0.13221964785563786
16,va_a,58,-0.8075259019226748,7.942577656130443,3.4613995452996775,65.26720511392634,17.742869099762014,0.08117326044496859,0.1296875395419499,0.20226749777987715,0.13221964785563786
16,va_a,59,0.024102857652247234,1.7594092142624886,1.320707823053418,0.2291876421382893,0.6672900238312859,0.08117326044496859,0.1296875395419499,0.20226749777987715,0.13221964785563786
16,va_a,60,0.41265220157476146,2.798195859400539,0.3828455503368174,5.812507138129536,3.376621397114486,0.08117326044496859,0.1296875395419499,0.20226749777987715,0.13221964785563786
17,ia_a,1,0.2830666965203259,2.783702690034267,1.6542725500936046,13.445535788830405,5.271784557428166,0.1634215531867999,0.1257249187820443,0.3824336815294884,0.20616005680160907
17,ia_a,2,-0.2882860005457545,4.508196735605419,0.7370752748471694,4.622173350961306,8.23877495530368,0.1634215531867999,0.1257249187820443,0.3824336815294884,0.20616005680160907
17,ia_a,3,0.021735727893724775,0.973693733303896,0.7704692806961938,3.5027630926813886,1.1629242590483813,0.1634215531867999,0.1257249187820443,0.3824336815294884,0.20616005680160907
17,ia_a,4,0.10678500645067344,2.25532587212297,2.347676001472674,12.891054117823607,3.6512945434483868,0.1634215531867999,0.1257249187820443,0.3824336815294884,0.20616005680160907
17,ia_a,5,-0.33521145396914265,2.9200341145631805,2.0885952264282484,7.0224046331735615,1.8301596592710023,0.1634215531867999,0.1257249187820443,0.3824336815294884,0.20616005680160907
17,ia_a,6,0.0007663897872728085,0.8023471830929839,0.8424654165649221,1.190975670218782,1.63959341099975,0.1634215531867999,0.1257249187820443,0.3824336815294884,0.20616005680160907
17,ia_a,7,-0.06447892072710128,2.7644190044611823,0.7805498535965137,6.438731026092999,7.96642216348848,0.1634215531867999,0.1257249187820443,0.3824336815294884,0.20616005680160907
17,ia_a,8,0.09383504783592335,0.8253213656814512,0.6856445081922027,5.6205422076435,4.476972575228382,0.1634215531867999,0.1257249187820443,0.3824336815294884,0.20616005680160907
17,ia_a,9,0.09576791881806453,1.4083750942272883,2.2868317757037238,5.753025897349052,0.9168891185625988,0.1634215531867999,0.1257249187820443,0.3824336815294884,0.20616005680160907
17,ia_a,10,-0.042594916395942026,3.272730605767425,2.595655968887187,2.301392554443822,0.7407670350341149,0.1634215531867999,0.1257249187820443,0.3824336815294884,0.20616005680160907
17,ia_a,11,-0.19479620792875793,6.167007762324399,2.6739243255595584,5.963131233758251,6.740585921585572,0.1634215531867999,0.1257249187820443,0.3824336815294884,0.20616005680160907
17,ia_a,12,0.26455319991333115,6.158084600844853,6.225304788780333,4.130247768715728,4.777465593980052,0.1634215531867999,0.1257249187820443,0.3824336815294884,0.20616005680160907
17,ia_a,13,0.19768493930399464,0.7327314067760342,3.379016289161398,0.5893382963558295,0.9770043704091591,0.1634215531867999,0.1257249187820443,0.3824336815294884,0.20616005680160907
17,ia_a,14,0.5360822803150702,2.322923627692471,2.228014116169376,11.817751953250866,2.387965529384349,0.1634215531867999,0.1257249187820443,0.3824336815294884,0.20616005680160907
17,ia_a,15,0.11247940364470388,1.1121635992093193,0.7409917704337566,6.544576876507825,4.077067863411686,0.1634215531867999,0.1257249187820443,0.3824336815294884,0.20616005680160907
17,ia_a,16,-0.00936230382048311,4.015270623594434,1.4751443555348993,5.816000466213816,3.6393247579133026,0.1634215531867999,0.1257249187820443,0.3824336815294884,0.20616005680160907
17,ia_a,17,-0.14303151469697403,2.5141140845543117,1.1237375344159446,1.8708219668619048,1.021166909551919,0.1634215531867999,0.1257249187820443,0.3824336815294884,0.20616005680160907
17,ia_a,18,0.009071728495036345,0.5769142377582043,2.4829341616889495,2.6497771364388463,0.8982362905882909,0.1634215531867999,0.1257249187820443,0.3824336815294884,0.20616005680160907
17,ia_a,19,0.09892983343806767,0.48555640785543913,0.8964772203452259,1.5856439441150414,0.5524477733860484,0.1634215531867999,0.1257249187820443,0.3824336815294884,0.20616005680160907
17,ia_a,20,0.07299781703358992,1.6928799845444846,0.7842071849119447,4.0873477360826564,4.920132193247591,0.1634215531867999,0.1257249187820443,0.3824336815294884,0.20616005680160907
17,ia_a,21,-0.14334923452751824,18.990853093709323,3.5133830821923118,12.911928288346182,14.677443794824539,0.1634215531867999,0.1257249187820443,0.3824336815294884,0.20616005680160907
17,ia_a,22,-0.33597293288610364,1.2208919835076788,1.1111000059596001,10.944850115173718,3.9169342435198966,0.1634215531867999,0.1257249187820443,0.3824336815294884,0.20616005680160907
17,ia_a,23,-0.1577467419960749,2.2365464593469833,4.396864446049194,11.767843514360672,6.314275839236596,0.1634215531867999,0.1257249187820443,0.3824336815294884,0.20616005680160907
17,ia_a,24,-0.3542997128582453,1.7410593470978146,1.7864301535254516,7.299955592907443,9.439770278599712,0.1634215531867999,0.1257249187820443,0.3824336815294884,0.20616005680160907
17,ia_a,26,0.004277924093387293,0.368509518518349,2.2305917992078435,1.454466026604055,1.0845250921671936,0.1634215531867999,0.1257249187820443,0.3824336815294884,0.20616005680160907
17,ia_a,27,-0.1165040315043511,0.7975988095063129,0.6577194857269265,5.0861239435935675,5.2079889852517685,0.1634215531867999,0.1257249187820443,0.3824336815294884,0.20616005680160907
17,ia_a,28,-0.380209344396338,13.435795138768096,1.7287755791577089,42.40568388391694,20.490714364119555,0.1634215531867999,0.1257249187820443,0.3824336815294884,0.20616005680160907
17,ia_a,29,-0.8663542218955901,3.178257985977369,0.9315784945561595,9.445211604349536,3.8037420929023127,0.1634215531867999,0.1257249187820443,0.3824336815294884,0.20616005680160907
17,ia_a,30,0.14321699687062894,9.308373120089383,1.2067962041891582,37.745832755529584,8.306157941075016,0.1634215531867999,0.1257249187820443,0.3824336815294884,0.20616005680160907
17,ia_a,31,0.023770227291109065,0.9576198269683948,0.5525945822825148,0.6746782458187683,0.6661604209476442,0.1634215531867999,0.1257249187820443,0.3824336815294884,0.20616005680160907
17,ia_a,32,-0.09440273648875964,1.9414019912983,1.6328040154403798,1.3702741693304503,2.9268711695911827,0.1634215531867999,0.1257249187820443,0.3824336815294884,0.20616005680160907
17,ia_a,33,-0.2201631220833435,7.096798449118779,1.8200720878749963,2.1309049234013315,5.321402585804585,0.1634215531867999,0.1257249187820443,0.3824336815294884,0.20616005680160907
17,ia_a,34,0.12058331006554984,3.0632059763235033,2.526706728741138,2.9568181204378248,2.2805855066638294,0.1634215531867999,0.1257249187820443,0.3824336815294884,0.20616005680160907
17,ia_a,35,-0.03487332221865971,1.8349690595008883,1.71616544481771,1.5973540095162118,2.64989967029795,0.1634215531867999,0.1257249187820443,0.3824336815294884,0.20616005680160907
17,ia_a,36,-0.3563389196908809,3.515410903397854,2.269126103574066,14.77443656658508,8.61756369132611,0.1634215531867999,0.1257249187820443,0.3824336815294884,0.20616005680160907
17,ia_a,37,-0.5327103610548469,10.55970266621714,2.3728687102407986,4.7852802431841255,8.907305677360291,0.1634215531867999,0.1257249187820443,0.3824336815294884,0.20616005680160907
17,ia_a,38,0.23418294942248188,0.23094666092493152,1.007215799729731,29.986169939663267,5.835664638888742,0.1634215531867999,0.1257249187820443,0.3824336815294884,0.20616005680160907
17,ia_a,39,0.1793653370271593,2.2642851055871303,1.4138297078946145,7.70279920026637,4.638144090382555,0.1634215531867999,0.1257249187820443,0.3824336815294884,0.20616005680160907
17,ia_a,40,-0.16863838065260334,0.5434146186792641,3.6519816004983605,4.206611880121484,4.933672412704661,0.1634215531867999,0.1257249187820443,0.3824336815294884,0.20616005680160907
17,ia_a,41,-0.6282959799831316,2.2120076951705534,3.6363858595306886,10.955429070025794,8.759329233023374,0.1634215531867999,0.1257249187820443,0.3824336815294884,0.20616005680160907
17,ia_a,42,0.13586827909350177,5.201612422059629,1.780244178234563,5.6824105520374415,6.522104723955689,0.1634215531867999,0.1257249187820443,0.3824336815294884,0.20616005680160907
17,ia_a,43,-0.1717687724308452,0.9251777080348221,0.8405089550973033,3.882843257218686,3.0505423169986834,0.1634215531867999,0.1257249187820443,0.3824336815294884,0.20616005680160907
17,ia_a,44,-0.18462901006676358,0.9635432614929098,1.5649768160079358,6.249731366771567,1.2855891041832728,0.1634215531867999,0.1257249187820443,0.3824336815294884,0.20616005680160907
17,ia_a,45,-0.7478285911618493,9.173475243058974,1.648984763473939,9.109478125031211,9.451159140110413,0.1634215531867999,0.1257249187820443,0.3824336815294884,0.20616005680160907
17,ia_a,46,-0.36661640498743925,2.4112722036483483,1.104444732378401,5.112397788255814,3.9333757507950953,0.1634215531867999,0.1257249187820443,0.3824336815294884,0.20616005680160907
17,ia_a,47,0.14681243839814254,1.1864324190081879,4.045067550796073,2.048170703217465,0.7844627519017089,0.1634215531867999,0.1257249187820443,0.3824336815294884,0.20616005680160907
17,ia_a,48,0.2926889722628155,2.769356506939599,4.641779365150677,2.4398628484630627,3.052422800082074,0.1634215531867999,0.1257249187820443,0.3824336815294884,0.20616005680160907
17,ia_a,49,-0.35725534454538266,2.1622663291818904,1.1491431660131934,8.967098862016035,3.9493008029599554,0.1634215531867999,0.1257249187820443,0.3824336815294884,0.20616005680160907
17,ia_a,50,-0.30176253190871305,3.75206400588205,3.7399391345740023,17.697980875170224,9.50396645512262,0.1634215531867999,0.1257249187820443,0.3824336815294884,0.20616005680160907
17,ia_a,51,0.04889139131387003,5.8427848815819,1.938614141012814,14.958066008924227,11.397006162291387,0.1634215531867999,0.1257249187820443,0.3824336815294884,0.20616005680160907
17,ia_a,52,-0.13965196111600986,2.3326319624491494,2.5409139449504288,6.065129577920114,6.98744792583632,0.1634215531867999,0.1257249187820443,0.3824336815294884,0.20616005680160907
17,ia_a,53,-0.20229781549076042,1.2312986412628724,0.4883595571429052,1.2211888462683038,1.1700904022736833,0.1634215531867999,0.1257249187820443,0.3824336815294884,0.20616005680160907
17,ia_a,54,0.3177227216007592,11.555030908748943,2.8469719138415335,8.798297878765428,8.87452232127215,0.1634215531867999,0.1257249187820443,0.3824336815294884,0.20616005680160907
17,ia_a,55,-0.05272814299648685,5.352952710860683,1.2246133200725582,0.9871577687313203,11.446144483889874,0.1634215531867999,0.1257249187820443,0.3824336815294884,0.20616005680160907
17,ia_a,56,-0.42842777949100513,1.218517600829981,0.7762354989628967,8.764918322369615,2.1242801854585385,0.1634215531867999,0.1257249187820443,0.3824336815294884,0.20616005680160907
17,ia_a,57,0.022887492403772136,2.715006932656148,1.2987197895150062,0.2325919857088391,1.4981090391742298,0.1634215531867999,0.1257249187820443,0.3824336815294884,0.20616005680160907
17,ia_a,58,0.13691579504273416,3.9993020338691943,4.761265376300479,1.6768128926818238,1.0723090077144672,0.1634215531867999,0.1257249187820443,0.3824336815294884,0.20616005680160907
17,ia_a,59,-0.2745070656293635,2.640761923915129,1.6795409366095093,15.175395196734888,5.00791473796622,0.1634215531867999,0.1257249187820443,0.3824336815294884,0.20616005680160907
17,ia_a,60,0.021172278000560627,3.8445919828202326,1.726364537772065,2.649960310018378,5.696199560915364,0.1634215531867999,0.1257249187820443,0.3824336815294884,0.20616005680160907
17,va_a,1,-0.0026669451117508017,3.176128934044923,1.4966613923602199,9.88520053968339,6.933121710780957,0.11735801304090739,0.14223189574395426,0.0936795955596704,0.18171296699179856
17,va_a,2,0.13813037148631668,7.419590984915236,2.80189407485901,3.7341665670228252,1.9048769957280665,0.11735801304090739,0.14223189574395426,0.0936795955596704,0.18171296699179856
17,va_a,3,0.09977701275191035,7.85962580739049,3.531349798015971,1.4959551371690412,7.607782378800409,0.11735801304090739,0.14223189574395426,0.0936795955596704,0.18171296699179856
17,va_a,4,0.06558449631823637,1.112337240270333,0.679783590238472,0.6038347092801345,2.268166186309999,0.11735801304090739,0.14223189574395426,0.0936795955596704,0.18171296699179856
17,va_a,5,-0.02842378878236408,5.098053718051466,2.2698213942073764,6.096631105451658,2.967886526112666,0.11735801304090739,0.14223189574395426,0.0936795955596704,0.18171296699179856
17,va_a,6,0.10043580354492818,3.121682983814646,1.1893424510448123,0.5933142827199579,1.0284442458733223,0.11735801304090739,0.14223189574395426,0.0936795955596704,0.18171296699179856
17,va_a,7,-0.056136094201646565,0.343702703716454,1.4728948341807253,2.7314823122825573,2.4054929775487564,0.11735801304090739,0.14223189574395426,0.0936795955596704,0.18171296699179856
17,va_a,8,-0.12714939724334193,1.1562510801568067,2.384235360310609,1.3153188908945248,2.3480843464306527,0.11735801304090739,0.14223189574395426,0.0936795955596704,0.18171296699179856
17,va_a,9,0.36820123839991037,1.0483994232660814,1.2812968565353757,10.098553896477844,5.226786508621192,0.11735801304090739,0.14223189574395426,0.0936795955596704,0.18171296699179856
17,va_a,10,-0.13302711199464123,6.964341858281583,3.0927975143008575,1.2502438859287064,0.7486455309751942,0.11735801304090739,0.14223189574395426,0.0936795955596704,0.18171296699179856
17,va_a,11,0.0319853666278249,1.907626970691573,1.3054015430341115,9.436129196094939,2.603458151410223,0.11735801304090739,0.14223189574395426,0.0936795955596704,0.18171296699179856
17,va_a,12,0.05528243691975912,7.667083143069128,1.0746567826185798,0.5791584824534534,1.524224433036146,0.11735801304090739,0.14223189574395426,0.0936795955596704,0.18171296699179856
17,va_a,13,-0.10862894047523626,0.3336284470668837,1.5277408779895894,3.590519794131411,2.451463087941581,0.11735801304090739,0.14223189574395426,0.0936795955596704,0.18171296699179856
17,va_a,14,0.34091348203980487,0.876417895537745,3.805607324880023,7.202234495331636,7.078151830811282,0.11735801304090739,0.14223189574395426,0.0936795955596704,0.18171296699179856
17,va_a,15,0.08180900376139978,1.3417350837013233,1.4297669854622297,1.60349345081743,2.3072999821656164,0.11735801304090739,0.14223189574395426,0.0936795955596704,0.18171296699179856
17,va_a,16,0.2761278086825148,3.9841403360688417,1.9116253109572716,26.66234088949508,8.025034882613001,0.11735801304090739,0.14223189574395426,0.0936795955596704,0.18171296699179856
17,va_a,17,-0.2366427840899279,8.313156007634303,3.6170691455105417,11.032278020663963,10.801841003925992,0.11735801304090739,0.14223189574395426,0.0936795955596704,0.18171296699179856
17,va_a,18,-0.1933128348626723,1.0702955795778626,3.6539993639643056,7.507737924646191,6.956539713952943,0.11735801304090739,0.14223189574395426,0.0936795955596704,0.18171296699179856
17,va_a,19,0.014627830916643247,5.787063217033729,2.8908545002775026,0.9096545229430956,0.7080288674829871,0.11735801304090739,0.14223189574395426,0.0936795955596704,0.18171296699179856
17,va_a,20,0.17758018301713482,2.689139802739789,0.7913193808862788,4.49781295604404,1.3896097471885267,0.11735801304090739,0.14223189574395426,0.0936795955596704,0.18171296699179856
17,va_a,21,-0.21917021861119976,2.8582156495952105,1.9498189059165858,0.9649854411808575,1.6065784729019879,0.11735801304090739,0.14223189574395426,0.0936795955596704,0.18171296699179856
17,va_a,22,0.09867162539996208,2.577690137060868,1.8920114879913787,13.249392572173424,8.02957878530969,0.11735801304090739,0.14223189574395426,0.0936795955596704,0.18171296699179856
17,va_a,23,-0.09551283104800351,6.647767688996804,4.4538663233484295,6.010582438844825,2.4799396852117583,0.11735801304090739,0.14223189574395426,0.0936795955596704,0.18171296699179856
17,va_a,24,0.09281216166743259,3.81310742771786,1.571647651215519,2.972250456012468,1.5941498222621011,0.11735801304090739,0.14223189574395426,0.0936795955596704,0.18171296699179856
17,va_a,25,0.3273598298074306,2.856009617994308,1.4980366800942344,5.39927148781609,6.42597560655226,0.11735801304090739,0.14223189574395426,0.0936795955596704,0.18171296699179856
17,va_a,26,-0.004484410871060222,1.318617806418846,4.520384255459433,1.1213477431276218,1.175356921321295,0.11735801304090739,0.14223189574395426,0.0936795955596704,0.18171296699179856
17,va_a,27,-0.3088502409360759,1.4221962126680523,1.4550705643045565,2.2230912578373436,1.5847672752110302,0.11735801304090739,0.14223189574395426,0.0936795955596704,0.18171296699179856
17,va_a,28,0.23319463185630904,1.904718186989482,2.11215229508621,5.584416596154624,1.782640636420341,0.11735801304090739,0.14223189574395426,0.0936795955596704,0.18171296699179856
17,va_a,29,-0.13381079252124342,2.680849335338955,1.3026899256434663,0.637252390796889,2.6926832653297206,0.11735801304090739,0.14223189574395426,0.0936795955596704,0.18171296699179856
17,va_a,30,0.33629817028384856,3.7955718609657962,1.2286297238504125,1.701516482319163,0.9646908107209808,0.11735801304090739,0.14223189574395426,0.0936795955596704,0.18171296699179856
17,va_a,31,-0.3973291888367487,6.473140803643076,8.025916734283474,11.230322639698613,12.526600049551595,0.11735801304090739,0.14223189574395426,0.0936795955596704,0.18171296699179856
17,va_a,32,-0.17871513616351264,3.8589512495442744,1.3960506818390994,3.718211807377234,2.777639431122574,0.11735801304090739,0.14223189574395426,0.0936795955596704,0.18171296699179856
17,va_a,33,0.3679385827403157,10.423020330826946,7.194840646254525,16.517691381920677,9.305851591083732,0.11735801304090739,0.14223189574395426,0.0936795955596704,0.18171296699179856
17,va_a,34,-0.022472067856766028,3.7391712972791513,4.253572884841024,3.194817518426212,1.886899698666348,0.11735801304090739,0.14223189574395426,0.0936795955596704,0.18171296699179856
17,va_a,35,-0.09923188376162052,2.628426419711124,1.073864436917064,17.055608450634665,6.16196061059111,0.11735801304090739,0.14223189574395426,0.0936795955596704,0.18171296699179856
17,va_a,36,0.2621752632233365,1.934675438079091,4.025448665283474,0.633682953592018,0.5195008955499468,0.11735801304090739,0.14223189574395426,0.0936795955596704,0.18171296699179856
17,va_a,37,-0.3360313155778434,1.4474710727999496,0.43976862483695756,2.097138774248409,2.08669793459144,0.11735801304090739,0.14223189574395426,0.0936795955596704,0.18171296699179856
17,va_a,38,-0.0920468552750712,0.8820578396921849,0.4993293333219593,7.396608900574471,1.9156790809140314,0.11735801304090739,0.14223189574395426,0.0936795955596704,0.18171296699179856
17,va_a,39,-0.11014358307134427,3.9591815763818947,2.4965912721605275,8.344997301558177,5.322189977240435,0.11735801304090739,0.14223189574395426,0.0936795955596704,0.18171296699179856
17,va_a,40,-0.1760837136570892,0.4585241798894554,0.4008317674286908,3.2916435654036817,1.3306010557384016,0.11735801304090739,0.14223189574395426,0.0936795955596704,0.18171296699179856
17,va_a,41,-0.04565473745522738,5.396081103960974,1.239394351237041,0.5444705411496187,4.797748442456018,0.11735801304090739,0.14223189574395426,0.0936795955596704,0.18171296699179856
17,va_a,42,-0.046756579294126785,2.493315952886611,1.717358241906901,9.326036104021192,1.5024437910995836,0.11735801304090739,0.14223189574395426,0.0936795955596704,0.18171296699179856
17,va_a,43,-0.08143871196442033,1.6786534308323313,2.5876788557271366,4.6969228203765985,4.232825776703327,0.11735801304090739,0.14223189574395426,0.0936795955596704,0.18171296699179856
17,va_a,44,-0.013936466825009432,0.3762959237568479,0.35665018680802824,3.2997843292332893,0.8314618928961154,0.11735801304090739,0.14223189574395426,0.0936795955596704,0.18171296699179856
17,va_a,45,-0.1324388754425668,2.216283893467902,3.2683369109362475,5.481420439262394,1.2195044637456551,0.11735801304090739,0.14223189574395426,0.0936795955596704,0.18171296699179856
17,va_a,46,0.16201532859241677,2.7498698445906435,1.7358339539966894,15.067292604516174,5.030028356101921,0.11735801304090739,0.14223189574395426,0.0936795955596704,0.18171296699179856
17,va_a,47,-0.19732510002476455,1.8897998514180452,2.413452342540823,14.69824580496323,4.625430936922887,0.11735801304090739,0.14223189574395426,0.0936795955596704,0.18171296699179856
17,va_a,48,0.2363978683741613,3.006693805649822,1.5454544371429373,1.0211255720667358,3.324871616711247,0.11735801304090739,0.14223189574395426,0.0936795955596704,0.18171296699179856
17,va_a,49,-0.053911526757357914,1.5683404405285513,0.9131779901183084,1.405136365459294,1.11576322719688,0.11735801304090739,0.14223189574395426,0.0936795955596704,0.18171296699179856
17,va_a,51,-0.3785207652089873,1.6748984477199842,4.46442379468152,1.3091267656395116,4.475087034346818,0.11735801304090739,0.14223189574395426,0.0936795955596704,0.18171296699179856
17,va_a,52,-0.19615800864445151,6.843662280786906,1.864635013020843,3.0132745967873773,5.005678145254801,0.11735801304090739,0.14223189574395426,0.0936795955596704,0.18171296699179856
17,va_a,53,-0.18641399372531364,1.911914088587283,1.6118121861873045,1.7240021652189055,1.6265811974443043,0.11735801304090739,0.14223189574395426,0.0936795955596704,0.18171296699179856
17,va_a,54,0.21549019045527246,0.9257074578063716,4.152543496782131,5.287168855272829,2.0188048975656336,0.11735801304090739,0.14223189574395426,0.0936795955596704,0.18171296699179856
17,va_a,55,-0.100674273179076,6.105430665906138,0.4392803864310019,0.5197845289846856,3.4443224402750134,0.11735801304090739,0.14223189574395426,0.0936795955596704,0.18171296699179856
17,va_a,56,-0.16639288797476687,4.732813396688133,4.452802071642354,0.34969267781779795,0.9668550666336007,0.11735801304090739,0.14223189574395426,0.0936795955596704,0.18171296699179856
17,va_a,57,0.06548590900838305,1.0269655270463696,0.8860639029941726,1.5628020379232312,0.9277220858220261,0.11735801304090739,0.14223189574395426,0.0936795955596704,0.18171296699179856
17,va_a,58,-0.26696971853871787,3.766779188027222,4.089565074601804,7.18337447832349,6.667785873210636,0.11735801304090739,0.14223189574395426,0.0936795955596704,0.18171296699179856
17,va_a,59,0.265160883910512,0.7560553761048764,1.6990293478115481,1.3577857032299927,2.646321908868225,0.11735801304090739,0.14223189574395426,0.0936795955596704,0.18171296699179856
17,va_a,60,0.0932509624842097,2.0590608731397477,0.5620906286045153,4.175055343514856,3.636553475715939,0.11735801304090739,0.14223189574395426,0.0936795955596704,0.18171296699179856
18,ia_a,1,-0.9217783053466932,2.3818788460489784,3.8393548524229084,40.580963186472964,18.78695084439226,0.2319033535534805,0.24556629885961107,0.3976571364555991,0.28651938481551487
18,ia_a,2,0.06305301120890187,0.7992421155503252,0.5022474104983086,2.6618875688509713,1.1061204562766147,0.2319033535534805,0.24556629885961107,0.3976571364555991,0.28651938481551487
18,ia_a,3,-0.007274358071528676,5.05462398316881,4.1099941416930745,2.456352303212971,1.9943510805298363,0.2319033535534805,0.24556629885961107,0.3976571364555991,0.28651938481551487
18,ia_a,4,-0.1714607715199949,4.344242938074202,4.530654172365285,8.38204340505826,3.7437205556171302,0.2319033535534805,0.24556629885961107,0.3976571364555991,0.28651938481551487
18,ia_a,5,-0.30730982886350455,0.7232192564036543,1.0334838004897549,6.63125952119444,3.53588619468302,0.2319033535534805,0.24556629885961107,0.3976571364555991,0.28651938481551487
18,ia_a,6,0.22136182104673896,7.544509292739068,1.6758969872400478,5.12338365172812,4.38932448905125,0.2319033535534805,0.24556629885961107,0.3976571364555991,0.28651938481551487
18,ia_a,7,-0.028448550974450593,3.4259144092621323,2.423105296062727,6.19573014097693,3.796350374903687,0.2319033535534805,0.24556629885961107,0.3976571364555991,0.28651938481551487
18,ia_a,8,-0.4060573143146011,4.269373145574135,2.3258270983690483,6.246750066745019,15.07909273338716,0.2319033535534805,0.24556629885961107,0.3976571364555991,0.28651938481551487
18,ia_a,9,-0.6723403074152314,3.2448624154119017,4.965724377988482,39.25644945461812,22.176657138644412,0.2319033535534805,0.24556629885961107,0.3976571364555991,0.28651938481551487
18,ia_a,10,0.08733607114034765,13.08809449659093,6.139205916056617,1.45819493701498,4.631604948229977,0.2319033535534805,0.24556629885961107,0.3976571364555991,0.28651938481551487
18,ia_a,11,-0.5188608205696722,4.605160968852917,4.607485724691075,36.073450399328564,6.698750381537452,0.2319033535534805,0.24556629885961107,0.3976571364555991,0.28651938481551487
18,ia_a,12,-0.2356614643213331,2.1626146235958266,1.0561569209411157,27.95334545254785,9.72973647291387,0.2319033535534805,0.24556629885961107,0.3976571364555991,0.28651938481551487
18,ia_a,13,0.02686381043835334,1.9733237356234865,5.129385857099764,22.894783512572545,5.946273286766589,0.2319033535534805,0.24556629885961107,0.3976571364555991,0.28651938481551487
18,ia_a,14,0.01893912044592644,5.732194372002031,3.413559409480979,5.3378028315659884,2.528936225975586,0.2319033535534805,0.24556629885961107,0.3976571364555991,0.28651938481551487
18,ia_a,15,-0.5770608684766236,6.51430380174556,6.878350390422792,12.58075702746047,8.25496711235282,0.2319033535534805,0.24556629885961107,0.3976571364555991,0.28651938481551487
18,ia_a,16,-0.3843343424823292,1.2879478512538147,2.1318846160205345,1.15842356691367,0.9536475477140939,0.2319033535534805,0.24556629885961107,0.3976571364555991,0.28651938481551487
18,ia_a,17,-0.38114236719127476,1.8855458356861896,1.1768686546130436,1.8557070325229428,1.3300626388154386,0.2319033535534805,0.24556629885961107,0.3976571364555991,0.28651938481551487
18,ia_a,18,0.4192173882789119,0.6569833991316342,9.384235129201002,4.830115597788537,2.152811942213583,0.2319033535534805,0.24556629885961107,0.3976571364555991,0.28651938481551487
18,ia_a,19,0.12970661301397168,2.667875742987352,2.517626331001554,17.057527256437012,2.6842943012228964,0.2319033535534805,0.24556629885961107,0.3976571364555991,0.28651938481551487
18,ia_a,20,0.28041657617955923,10.91771930479528,5.317543840256763,11.008143801711839,5.044910611571936,0.2319033535534805,0.24556629885961107,0.3976571364555991,0.28651938481551487
18,ia_a,21,-0.2736110613861969,4.731980111861439,7.097179753015054,60.10068185233199,29.177437850695057,0.2319033535534805,0.24556629885961107,0.3976571364555991,0.28651938481551487
18,ia_a,22,-0.14156410062721086,17.099059861585047,4.298885002582766,8.002503268659572,8.532524953645316,0.2319033535534805,0.24556629885961107,0.3976571364555991,0.28651938481551487
18,ia_a,23,0.20924580355604522,4.410968338029205,1.4706294334527412,1.0519800170757756,4.640463447160193,0.2319033535534805,0.24556629885961107,0.3976571364555991,0.28651938481551487
18,ia_a,24,-0.09416613992825894,2.75125917898149,3.757922171051204,1.3736397103994027,2.3556192083225107,0.2319033535534805,0.24556629885961107,0.3976571364555991,0.28651938481551487
18,ia_a,25,-0.16715227789607676,1.47448992295936,2.922925000996579,17.812554052454004,7.001882130133171,0.2319033535534805,0.24556629885961107,0.3976571364555991,0.28651938481551487
18,ia_a,26,0.10384581283856187,14.990524540015533,3.3256206776203556,2.2098834832732495,12.166414038395105,0.2319033535534805,0.24556629885961107,0.3976571364555991,0.28651938481551487
18,ia_a,27,-0.5866266246504824,3.6109475236458013,2.72972033893777,25.437753954397245,6.278442822791399,0.2319033535534805,0.24556629885961107,0.3976571364555991,0.28651938481551487
18,ia_a,29,0.4746063244895771,7.771724646747598,3.4569037746325426,5.009772597290303,4.223936296793687,0.2319033535534805,0.24556629885961107,0.3976571364555991,0.28651938481551487
18,ia_a,30,0.5087172696768801,8.01359423433005,12.464814313911264,15.079293779471682,4.536325403403962,0.2319033535534805,0.24556629885961107,0.3976571364555991,0.28651938481551487
18,ia_a,31,-0.6407510878844599,1.7560942490080556,2.9776775764918626,12.226866377807848,5.161436959718596,0.2319033535534805,0.24556629885961107,0.3976571364555991,0.28651938481551487
18,ia_a,32,-0.26961277205588907,0.8908129496709041,4.036951721466894,0.6994041032121631,0.8245700933230253,0.2319033535534805,0.24556629885961107,0.3976571364555991,0.28651938481551487
18,ia_a,33,0.2533624175346326,28.740265046891363,17.697378131328275,44.80098826820812,28.933558715064375,0.2319033535534805,0.24556629885961107,0.3976571364555991,0.28651938481551487
18,ia_a,34,-0.1480126801422217,2.2046503250512735,2.0043964415620525,11.484026917915319,1.3288159161516435,0.2319033535534805,0.24556629885961107,0.3976571364555991,0.28651938481551487
18,ia_a,35,0.036428679355847836,2.127388674984846,0.9792438465466319,3.8269569129083423,4.730758780589531,0.2319033535534805,0.24556629885961107,0.3976571364555991,0.28651938481551487
18,ia_a,36,0.12098180918743179,18.900720938781653,8.348806255897015,4.989563005074828,4.789901383349107,0.2319033535534805,0.24556629885961107,0.3976571364555991,0.28651938481551487
18,ia_a,37,0.005265188637621734,2.8814727173354875,1.160474253028267,1.4529046741691103,5.329447660115279,0.2319033535534805,0.24556629885961107,0.3976571364555991,0.28651938481551487
18,ia_a,38,-0.16480792310239023,2.4541599141396824,1.706781457680119,2.24357403883278,6.781018762429325,0.2319033535534805,0.24556629885961107,0.3976571364555991,0.28651938481551487
18,ia_a,39,-0.9369670098703007,3.1164902378608073,3.0282405205070653,60.480067238974605,20.893010895969873,0.2319033535534805,0.24556629885961107,0.3976571364555991,0.28651938481551487
18,ia_a,40,-0.09851027874565932,1.5304152830550912,3.5609093059025105,11.986159969652121,2.482512191286726,0.2319033535534805,0.24556629885961107,0.3976571364555991,0.28651938481551487
18,ia_a,41,0.19308830950640793,3.0500994742374954,7.795873235136901,9.196119557469201,9.863469606359207,0.2319033535534805,0.24556629885961107,0.3976571364555991,0.28651938481551487
18,ia_a,42,0.14378937640152636,2.4829060200431052,1.6928703981181874,10.93299919580704,5.073204489572656,0.2319033535534805,0.24556629885961107,0.3976571364555991,0.28651938481551487
18,ia_a,43,0.48743961590668095,4.084393874128101,1.6836734995605527,12.205455303339855,4.609817614220301,0.2319033535534805,0.24556629885961107,0.3976571364555991,0.28651938481551487
18,ia_a,44,-0.48110140358125697,4.159448224925888,2.902109225889941,6.154662326509776,4.285024050974129,0.2319033535534805,0.24556629885961107,0.3976571364555991,0.28651938481551487
18,ia_a,45,-0.31226431024506807,0.3954159189262561,1.4481620608076933,2.7695686266713855,1.702860164399134,0.2319033535534805,0.24556629885961107,0.3976571364555991,0.28651938481551487
18,ia_a,46,0.37852821377877294,2.1883489492043173,0.7523583894443487,8.133361123258267,13.44477854269297,0.2319033535534805,0.24556629885961107,0.3976571364555991,0.28651938481551487
18,ia_a,47,0.5303687968476117,1.1271513300536975,8.20548145516975,1.1365920235310591,1.9610915946978762,0.2319033535534805,0.24556629885961107,0.3976571364555991,0.28651938481551487
18,ia_a,48,0.2656083315162967,2.1758514456349047,3.17264562315843,4.678961831189771,7.931339131262955,0.2319033535534805,0.24556629885961107,0.3976571364555991,0.28651938481551487
18,ia_a,49,-0.3424995092487722,5.188704284970956,4.7148581498441455,1.601748368626216,5.2213909625330075,0.2319033535534805,0.24556629885961107,0.3976571364555991,0.28651938481551487
18,ia_a,50,0.08407321527740573,10.593066769270006,7.551456183675787,6.880838534930447,9.285771689252632,0.2319033535534805,0.24556629885961107,0.3976571364555991,0.28651938481551487
18,ia_a,51,-0.45953164925688433,1.0810299597842377,1.2705142057078946,6.334932625933692,3.400829163280836,0.2319033535534805,0.24556629885961107,0.3976571364555991,0.28651938481551487
18,ia_a,52,0.11305966635435685,2.091038555085461,3.6618005610179685,7.803922679469123,2.923740633276827,0.2319033535534805,0.24556629885961107,0.3976571364555991,0.28651938481551487
18,ia_a,53,0.15329028368522818,4.21216878524889,4.126708582112705,64.45529012154137,7.348114422835042,0.2319033535534805,0.24556629885961107,0.3976571364555991,0.28651938481551487
18,ia_a,54,0.1705906156012609,1.7330776987482435,0.9408722415332976,7.117727147638806,3.18069921180905,0.2319033535534805,0.24556629885961107,0.3976571364555991,0.28651938481551487
18,ia_a,55,0.8661617482710315,7.838699912505605,5.300524417360359,17.68393832245733,7.896164823990024,0.2319033535534805,0.24556629885961107,0.3976571364555991,0.28651938481551487
18,ia_a,56,-0.04600831286258778,3.383901439591075,6.371353768233049,39.081881313749115,5.0753200235395655,0.2319033535534805,0.24556629885961107,0.3976571364555991,0.28651938481551487
18,ia_a,57,0.06013451640945884,15.900031991226266,8.030681151654708,6.408198282497192,7.261635988767905,0.2319033535534805,0.24556629885961107,0.3976571364555991,0.28651938481551487
18,ia_a,58,0.41745159689189437,13.859482447179689,8.220873863026119,8.72273834092456,8.357561492031392,0.2319033535534805,0.24556629885961107,0.3976571364555991,0.28651938481551487
18,ia_a,59,-0.23219859381019678,2.7748580121176225,3.3766585086980716,11.284439262617592,3.618737250541065,0.2319033535534805,0.24556629885961107,0.3976571364555991,0.28651938481551487
18,ia_a,60,-0.06229425022247507,3.770638178514644,1.0145977883790047,11.775113065651977,1.5194509745352085,0.2319033535534805,0.24556629885961107,0.3976571364555991,0.28651938481551487
18,va_a,1,-0.21223781487511786,4.637717876679356,1.9256317053991012,5.710214615219506,3.7307137888724684,0.14022654628837417,0.13895621596899393,0.25012612133902845,0.08240921086689412
18,va_a,2,-0.070537879882476,13.751603601631272,4.9867860231270456,4.436002415323763,5.857693490772061,0.14022654628837417,0.13895621596899393,0.25012612133902845,0.08240921086689412
18,va_a,3,-0.3994102143485296,2.3401366864273316,6.797985984503951,19.716950850489795,3.9037128128928096,0.14022654628837417,0.13895621596899393,0.25012612133902845,0.08240921086689412
18,va_a,4,-0.2415037215818561,2.292781916156223,2.0069599921902816,12.052054485561134,4.332719308112051,0.14022654628837417,0.13895621596899393,0.25012612133902845,0.08240921086689412
18,va_a,5,0.28383557872119447,7.724174510140732,2.543226012400995,14.933417291247753,4.297989900779846,0.14022654628837417,0.13895621596899393,0.25012612133902845,0.08240921086689412
18,va_a,6,0.2833829222055303,2.5344970430720446,3.1407608242105836,6.690739321259806,8.262037570139242,0.14022654628837417,0.13895621596899393,0.25012612133902845,0.08240921086689412
18,va_a,7,-0.5865315268080163,11.304890764220998,11.700035944294136,2.215326570758942,2.509590115336328,0.14022654628837417,0.13895621596899393,0.25012612133902845,0.08240921086689412
18,va_a,8,-0.16606820915294906,0.4428785300724404,0.5421398055419279,3.647118560163822,1.2244583253904604,0.14022654628837417,0.13895621596899393,0.25012612133902845,0.08240921086689412
18,va_a,9,-0.041241964939510836,10.26852777367609,7.321386813620111,5.814535397498173,2.9518889401019495,0.14022654628837417,0.13895621596899393,0.25012612133902845,0.08240921086689412
18,va_a,10,-0.04680692876002663,1.9220377409643978,1.1056784843236203,26.045528280258495,8.331387372834351,0.14022654628837417,0.13895621596899393,0.25012612133902845,0.08240921086689412
18,va_a,11,-0.056134392522276526,4.908081159906356,6.332464713322492,9.125117448022117,1.6564256449469306,0.14022654628837417,0.13895621596899393,0.25012612133902845,0.08240921086689412
18,va_a,12,0.06923334803099117,1.8230027716102466,3.0226220365174887,0.8187714881649794,0.9551699723758391,0.14022654628837417,0.13895621596899393,0.25012612133902845,0.08240921086689412
18,va_a,13,-0.1862678673501361,7.366929714523668,6.269002417630904,2.3467731184687897,7.278089721267604,0.14022654628837417,0.13895621596899393,0.25012612133902845,0.08240921086689412
18,va_a,14,-0.004702148839397638,5.808181328081177,0.9422539529947208,0.5505791726042233,3.40679424221421,0.14022654628837417,0.13895621596899393,0.25012612133902845,0.08240921086689412
18,va_a,15,0.5942458198857873,3.0596397436834204,3.2130906291915386,1.917244388765581,4.464873824886404,0.14022654628837417,0.13895621596899393,0.25012612133902845,0.08240921086689412
18,va_a,16,-0.25503912907415105,5.349366408979728,4.829864933904373,23.982653699099163,4.145900566054847,0.14022654628837417,0.13895621596899393,0.25012612133902845,0.08240921086689412
18,va_a,17,-0.30750873965150327,1.4045430832617072,1.7978952012010319,18.63293248488504,8.941860449668479,0.14022654628837417,0.13895621596899393,0.25012612133902845,0.08240921086689412
18,va_a,18,-0.18306800169250664,15.972712972437842,6.8716492226691965,1.3778701632783157,4.047365377992124,0.14022654628837417,0.13895621596899393,0.25012612133902845,0.08240921086689412
18,va_a,19,-0.05074879535290118,1.1016895940845717,2.57156857267342,4.805493970533332,1.7303747329042103,0.14022654628837417,0.13895621596899393,0.25012612133902845,0.08240921086689412
18,va_a,20,0.06877519571618665,5.613885062413361,2.60987285803478,1.4823743877210374,10.087906908005014,0.14022654628837417,0.13895621596899393,0.25012612133902845,0.08240921086689412
18,va_a,21,-0.13687595912255895,18.02835455845036,3.461383602868056,0.3594388300570688,15.776594484002452,0.14022654628837417,0.13895621596899393,0.25012612133902845,0.08240921086689412
18,va_a,22,-0.21181003614919292,4.098164282512747,2.9606349001728747,20.677785994542585,15.653291299772826,0.14022654628837417,0.13895621596899393,0.25012612133902845,0.08240921086689412
18,va_a,23,-0.11097109342059122,5.6016913925652645,2.4045381400357386,11.210427279043286,6.964950711100458,0.14022654628837417,0.13895621596899393,0.25012612133902845,0.08240921086689412
18,va_a,24,0.0891439808581058,1.9142195649050366,1.8097076078441048,2.527600827278732,2.0925059420027448,0.14022654628837417,0.13895621596899393,0.25012612133902845,0.08240921086689412
18,va_a,25,0.07497992951006757,3.864549725048844,1.0764477988715482,6.340612514445187,3.466690061832713,0.14022654628837417,0.13895621596899393,0.25012612133902845,0.08240921086689412
18,va_a,26,-0.12305780192302611,2.98411053457186,4.712385594321385,66.70025199625537,16.376105379606116,0.14022654628837417,0.13895621596899393,0.25012612133902845,0.08240921086689412
18,va_a,27,-0.12232237258399443,2.5789243654848955,1.707397124846147,3.6096735374659215,8.669816433622021,0.14022654628837417,0.13895621596899393,0.25012612133902845,0.08240921086689412
18,va_a,28,-0.042605238955005134,1.92381024272445,4.484697422376588,5.1617801283058595,1.4622137346293511,0.14022654628837417,0.13895621596899393,0.25012612133902845,0.08240921086689412
18,va_a,29,0.08161268706024763,15.232381344930497,11.628123464043059,35.915326613273386,12.603018538179596,0.14022654628837417,0.13895621596899393,0.25012612133902845,0.08240921086689412
18,va_a,30,0.04930807444383913,11.453428849173305,20.01199706944924,2.5678326870411476,3.569392995761072,0.14022654628837417,0.13895621596899393,0.25012612133902845,0.08240921086689412
18,va_a,31,-0.8217644884319123,5.794040255404258,2.954152744060689,16.125377574328976,5.147873055875388,0.14022654628837417,0.13895621596899393,0.25012612133902845,0.08240921086689412
18,va_a,32,0.065237761623479,2.343106938258792,1.769197741092014,13.270755699467179,12.187223787625907,0.14022654628837417,0.13895621596899393,0.25012612133902845,0.08240921086689412
18,va_a,33,0.7715826338784494,2.4921029072592322,5.412118757597391,3.115850324735251,2.448456470854843,0.14022654628837417,0.13895621596899393,0.25012612133902845,0.08240921086689412
18,va_a,34,0.1281943912189098,5.011051849900473,1.3987644490836593,45.90252480122491,6.347962548196744,0.14022654628837417,0.13895621596899393,0.25012612133902845,0.08240921086689412
18,va_a,35,-0.3400929549548002,2.05949317654845,2.3026513622693914,6.146649122016286,4.149690956979728,0.14022654628837417,0.13895621596899393,0.25012612133902845,0.08240921086689412
18,va_a,36,-0.29065785547112216,8.190440705740077,3.8060316208518,6.943348016654039,10.859175462501618,0.14022654628837417,0.13895621596899393,0.25012612133902845,0.08240921086689412
18,va_a,37,0.126343974643107,5.823736794740244,3.571426978780395,8.407612802413523,6.685406977613228,0.14022654628837417,0.13895621596899393,0.25012612133902845,0.08240921086689412
18,va_a,38,0.020500996156203908,6.81707237243017,1.9268018888153704,1.9374525729731384,2.053644030790722,0.14022654628837417,0.13895621596899393,0.25012612133902845,0.08240921086689412
18,va_a,39,-0.4696189584514292,14.936592829251863,4.489756554495994,12.239689487810828,11.803389826327068,0.14022654628837417,0.13895621596899393,0.25012612133902845,0.08240921086689412
18,va_a,40,-0.5786855058904533,11.995422486685808,3.1333617620755687,43.238472190346556,21.795687911784736,0.14022654628837417,0.13895621596899393,0.25012612133902845,0.08240921086689412
18,va_a,41,-0.15478594348655822,15.807371977293139,2.2050140049083296,12.820609981249849,11.38669616873022,0.14022654628837417,0.13895621596899393,0.25012612133902845,0.08240921086689412
18,va_a,42,0.2738487519893085,14.326829266539479,2.4522290948464067,27.458700104954968,5.46681011230188,0.14022654628837417,0.13895621596899393,0.25012612133902845,0.08240921086689412
18,va_a,43,0.17251039079976685,1.2353567399304026,3.3480213249929407,2.8285760681755274,2.165195696864055,0.14022654628837417,0.13895621596899393,0.25012612133902845,0.08240921086689412
18,va_a,44,-0.017852014377357103,7.489127461109908,1.2589841929055676,1.0356514156570693,10.290257417385627,0.14022654628837417,0.13895621596899393,0.25012612133902845,0.08240921086689412
18,va_a,45,0.7676877821180846,2.1305147270695786,6.432962275836818,5.416036082090843,3.499613044593639,0.14022654628837417,0.13895621596899393,0.25012612133902845,0.08240921086689412
18,va_a,46,0.22615318542518023,4.969015616842142,2.7698871934578184,14.151301259578329,6.490264751962582,0.14022654628837417,0.13895621596899393,0.25012612133902845,0.08240921086689412
18,va_a,47,0.09136755510224466,1.9127657351258995,4.082560063315869,35.012384456620104,8.697393747417529,0.14022654628837417,0.13895621596899393,0.25012612133902845,0.08240921086689412
18,va_a,48,-0.35773589856480215,5.368224133866756,2.5573480822528833,5.447593669373503,2.348069021586475,0.14022654628837417,0.13895621596899393,0.25012612133902845,0.08240921086689412
18,va_a,49,-0.0009169141721177022,1.7247794022248197,3.093983789250754,16.55528651366892,4.464477534761768,0.14022654628837417,0.13895621596899393,0.25012612133902845,0.08240921086689412
18,va_a,50,-0.5776176270440126,6.2924961162957125,2.3638482452152596,102.8453169774878,34.60657345622991,0.14022654628837417,0.13895621596899393,0.25012612133902845,0.08240921086689412
18,va_a,51,0.1056205707602437,1.7828602564213536,2.3280563512632604,19.241526078594312,6.719660959284538,0.14022654628837417,0.13895621596899393,0.25012612133902845,0.08240921086689412
18,va_a,52,0.2923872972883597,1.6774789114762108,1.8909437444104356,1.2206543947579303,2.4646980848102396,0.14022654628837417,0.13895621596899393,0.25012612133902845,0.08240921086689412
18,va_a,53,-0.2809455538710731,4.346384192509128,4.796516024915329,25.56364572131964,11.988208519948278,0.14022654628837417,0.13895621596899393,0.25012612133902845,0.08240921086689412
18,va_a,54,0.0672322917775846,1.693200231930807,1.019418266519349,11.348446859992329,4.330463348913381,0.14022654628837417,0.13895621596899393,0.25012612133902845,0.08240921086689412
18,va_a,55,0.45819998346952073,12.284955484724643,4.016035166856783,7.846755064017904,7.2208201562784184,0.14022654628837417,0.13895621596899393,0.25012612133902845,0.08240921086689412
18,va_a,56,0.16085154613400976,3.7026111647883506,1.550492897140114,4.713237818199822,7.362215909610015,0.14022654628837417,0.13895621596899393,0.25012612133902845,0.08240921086689412
18,va_a,57,0.10529775860335626,1.6379803921335705,1.2735286969026054,1.0706854048639696,3.4560767532124332,0.14022654628837417,0.13895621596899393,0.25012612133902845,0.08240921086689412
18,va_a,58,-0.038628738364009436,0.20498224651074803,1.98083257249255,4.8618948248873295,0.32391475061452435,0.14022654628837417,0.13895621596899393,0.25012612133902845,0.08240921086689412
18,va_a,59,0.0017992199909619001,4.59401148460547,2.310349624269616,2.814974768228096,1.222692513327812,0.14022654628837417,0.13895621596899393,0.25012612133902845,0.08240921086689412
19,ia_a,1,-0.19501518246574953,3.6124968209054718,0.903904445427839,4.9927377883130095,3.145383290771691,0.14822701197638447,0.20259820349495067,0.08347806096389318,0.08239173399995463
19,ia_a,2,-0.17709693504223817,5.890320430550174,5.082041053632929,0.2912739756268046,0.4810181235995547,0.14822701197638447,0.20259820349495067,0.08347806096389318,0.08239173399995463
19,ia_a,3,-0.22924213772755797,1.4306360982650694,1.6111286169718602,29.396263201570058,15.458716548522366,0.14822701197638447,0.20259820349495067,0.08347806096389318,0.08239173399995463
19,ia_a,4,0.00937149482351848,0.5663253032441883,1.8352951043311845,6.544431939803812,5.185833692385368,0.14822701197638447,0.20259820349495067,0.08347806096389318,0.08239173399995463
19,ia_a,5,0.05242535157170235,2.14505816000942,1.3065725295306378,0.20655973314520598,1.4861019292532656,0.14822701197638447,0.20259820349495067,0.08347806096389318,0.08239173399995463
19,ia_a,6,-0.1608076530792061,2.5988246181276313,2.2798394318082766,2.144278736670737,4.693997417374236,0.14822701197638447,0.20259820349495067,0.08347806096389318,0.08239173399995463
19,ia_a,7,0.16861366819373702,1.2636059135647582,2.113531198152449,2.288676828866369,2.194450552558063,0.14822701197638447,0.20259820349495067,0.08347806096389318,0.08239173399995463
19,ia_a,8,-0.06331474022716664,6.153473697921478,2.1741907011554074,1.0288261738159759,4.616786389635747,0.14822701197638447,0.20259820349495067,0.08347806096389318,0.08239173399995463
19,ia_a,9,0.16908679790320608,1.5262587910223304,2.5102447658985074,7.202836944143423,6.707053624198344,0.14822701197638447,0.20259820349495067,0.08347806096389318,0.08239173399995463
19,ia_a,10,0.020839257448109393,0.8173226366906006,2.266153829679258,1.8293512967183623,3.2285367463916077,0.14822701197638447,0.20259820349495067,0.08347806096389318,0.08239173399995463
19,ia_a,11,-0.14010334152377538,7.957552513667899,5.408148748635563,0.8781224774482987,0.3517950002173441,0.14822701197638447,0.20259820349495067,0.08347806096389318,0.08239173399995463
19,ia_a,12,0.03639606079746304,2.1895452162210427,2.361781586287207,1.6569142948094602,1.5759927465752812,0.14822701197638447,0.20259820349495067,0.08347806096389318,0.08239173399995463
19,ia_a,13,0.007972326922752706,5.059901127875445,8.489644565119868,7.218798900079319,3.4266966928164275,0.14822701197638447,0.20259820349495067,0.08347806096389318,0.08239173399995463
19,ia_a,14,-0.18177456255172034,2.6227212579349617,7.061926061246321,2.6479757836196307,1.9584016961558008,0.14822701197638447,0.20259820349495067,0.08347806096389318,0.08239173399995463
19,ia_a,15,0.07579487894735965,3.500736766040149,5.3562885335890895,6.305330340728657,13.506513851139054,0.14822701197638447,0.20259820349495067,0.08347806096389318,0.08239173399995463
19,ia_a,16,-0.19146854901490798,1.134094301953937,1.2832442041035999,1.8815616183436892,0.9323180959309331,0.14822701197638447,0.20259820349495067,0.08347806096389318,0.08239173399995463
19,ia_a,17,0.017846109370629755,7.856893222772149,1.198327243884298,0.6614933849231148,4.381018287375155,0.14822701197638447,0.20259820349495067,0.08347806096389318,0.08239173399995463
19,ia_a,18,0.20900305154228965,1.6843122242163608,4.482920707556223,1.2491447855062106,4.128664498051894,0.14822701197638447,0.20259820349495067,0.08347806096389318,0.08239173399995463
19,ia_a,19,-0.17963435747966153,11.008146573571752,6.96311622781776,21.38424296843224,10.068256467966657,0.14822701197638447,0.20259820349495067,0.08347806096389318,0.08239173399995463
19,ia_a,20,0.13799184069285514,1.590744977140102,3.234904193803807,2.2366865516632144,3.2272882079971126,0.14822701197638447,0.20259820349495067,0.08347806096389318,0.08239173399995463
19,ia_a,21,-0.05783204411304682,0.39725587006273216,1.8026147061105056,11.313343380888936,6.930070380716097,0.14822701197638447,0.20259820349495067,0.08347806096389318,0.08239173399995463
19,ia_a,22,0.005863354553835307,4.798237127524477,2.0758083062527612,0.9479085236795327,3.274895255523215,0.14822701197638447,0.20259820349495067,0.08347806096389318,0.08239173399995463
19,ia_a,23,0.1383225589356056,9.11488711835279,0.761989198966854,16.75734569418926,5.991967768684684,0.14822701197638447,0.20259820349495067,0.08347806096389318,0.08239173399995463
19,ia_a,24,-0.06905775098305642,3.5386653361398377,3.322805197652725,3.291464318118043,3.831641141801188,0.14822701197638447,0.20259820349495067,0.08347806096389318,0.08239173399995463
19,ia_a,25,0.46225229356923286,4.934802908857765,4.294026927957057,14.005554333269489,6.372034618187186,0.14822701197638447,0.20259820349495067,0.08347806096389318,0.08239173399995463
19,ia_a,26,-0.16205969689823055,0.9470481353233715,1.3341312272815622,0.8417581573363064,0.7110959596550963,0.14822701197638447,0.20259820349495067,0.08347806096389318,0.08239173399995463
19,ia_a,27,0.2739083230116651,2.2386357774623753,1.9231819276134088,2.63482205443398,2.50595544249343,0.14822701197638447,0.20259820349495067,0.08347806096389318,0.08239173399995463
19,ia_a,28,-0.23846826233661186,12.037152245297335,1.2563540895877012,1.039962521093233,13.387814123761611,0.14822701197638447,0.20259820349495067,0.08347806096389318,0.08239173399995463
19,ia_a,29,0.22711228301662706,7.788104873664962,3.48494612653711,4.904292891912251,1.802135650924786,0.14822701197638447,0.20259820349495067,0.08347806096389318,0.08239173399995463
19,ia_a,30,-0.09672993693425234,1.3575563118404468,2.5429985738910843,24.95009047078684,9.660137135467256,0.14822701197638447,0.20259820349495067,0.08347806096389318,0.08239173399995463
19,ia_a,31,-0.26208214442100974,0.3076548934671239,1.8910845327919825,3.9797433656152212,2.020846715464227,0.14822701197638447,0.20259820349495067,0.08347806096389318,0.08239173399995463
19,ia_a,32,-0.31799776753771203,17.015206845707972,12.04724773580103,82.46661688354652,21.731751425765463,0.14822701197638447,0.20259820349495067,0.08347806096389318,0.08239173399995463
19,ia_a,33,0.1449205581199327,1.3170394460209287,1.52179786307877,7.199621219983836,3.080960227127927,0.14822701197638447,0.20259820349495067,0.08347806096389318,0.08239173399995463
19,ia_a,35,-0.02499450485818715,1.113967102384001,0.9542273841366851,1.9032795451868512,3.079854137937572,0.14822701197638447,0.20259820349495067,0.08347806096389318,0.08239173399995463
19,ia_a,36,-0.025882196686079176,7.010886492574534,3.4848188118253516,2.725538096395972,5.014957235709923,0.14822701197638447,0.20259820349495067,0.08347806096389318,0.08239173399995463
19,ia_a,37,-0.2964792638245296,3.7979504691464507,1.276608331281475,4.811771149526491,10.459720808766468,0.14822701197638447,0.20259820349495067,0.08347806096389318,0.08239173399995463
19,ia_a,38,-0.19210707707274186,1.502517919601384,2.3591419819559967,3.6008065915896013,2.6946865387539853,0.14822701197638447,0.20259820349495067,0.08347806096389318,0.08239173399995463
19,ia_a,39,0.27011106634289916,1.2715803280922446,1.4411826047477556,4.503922471701039,3.6363966503824745,0.14822701197638447,0.20259820349495067,0.08347806096389318,0.08239173399995463
19,ia_a,41,0.22915675781224293,3.653011022570065,2.0222497950091523,2.243052361968084,3.7976322076152393,0.14822701197638447,0.20259820349495067,0.08347806096389318,0.08239173399995463
19,ia_a,42,-0.014474403145620124,10.421486772184922,2.6416727617177704,22.753719013449707,5.431086409837116,0.14822701197638447,0.20259820349495067,0.08347806096389318,0.08239173399995463
19,ia_a,43,-0.2430537917307251,6.016438135544859,5.9185491985259935,22.856810376579382,9.267275576947668,0.14822701197638447,0.20259820349495067,0.08347806096389318,0.08239173399995463
19,ia_a,44,0.010666291752345474,4.874384501715413,2.733284372806885,29.92606399828069,10.937732217430641,0.14822701197638447,0.20259820349495067,0.08347806096389318,0.08239173399995463
19,ia_a,45,-0.27565804194044413,4.69227696235539,2.9278337048710776,1.3655621635018553,0.7764609129380624,0.14822701197638447,0.20259820349495067,0.08347806096389318,0.08239173399995463
19,ia_a,46,-0.306034904686606,1.184647035802644,1.35902405317887,7.462547746328782,5.682675853220189,0.14822701197638447,0.20259820349495067,0.08347806096389318,0.08239173399995463
19,ia_a,47,0.06467126337731156,3.260406772365795,1.6299383748915832,9.547400323671653,4.063648466295924,0.14822701197638447,0.20259820349495067,0.08347806096389318,0.08239173399995463
19,ia_a,48,-0.17237003809240692,1.8557204352632763,4.422838726035696,9.938181681071944,14.256429314719277,0.14822701197638447,0.20259820349495067,0.08347806096389318,0.08239173399995463
19,ia_a,49,-0.041653032029568826,3.8015976203954756,0.711765932192943,9.3629792818653,7.98729736515328,0.14822701197638447,0.20259820349495067,0.08347806096389318,0.08239173399995463
19,ia_a,50,-0.013582531579371258,1.070939266999854,1.7710935657995601,8.595369395212359,1.286055727486264,0.14822701197638447,0.20259820349495067,0.08347806096389318,0.08239173399995463
19,ia_a,51,-0.21172579192164792,20.51318995053134,11.117964007654178,5.039760656572866,6.621789094112532,0.14822701197638447,0.20259820349495067,0.08347806096389318,0.08239173399995463
19,ia_a,53,0.22406840080370108,1.2958737842433605,2.0462592522635266,5.383450985923698,1.2749411147477407,0.14822701197638447,0.20259820349495067,0.08347806096389318,0.08239173399995463
19,ia_a,54,-0.4046830586960271,1.037027362468311,2.142643094185662,6.849908668653392,2.652533941212797,0.14822701197638447,0.20259820349495067,0.08347806096389318,0.08239173399995463
19,ia_a,55,-0.5609133845834979,6.049315509322204,2.083573023380842,12.338694450662395,4.043528649789831,0.14822701197638447,0.20259820349495067,0.08347806096389318,0.08239173399995463
19,ia_a,56,-0.33231244704406443,1.1529870470062387,4.65405496753814,0.7402773583868977,4.878295326617588,0.14822701197638447,0.20259820349495067,0.08347806096389318,0.08239173399995463
19,ia_a,57,-0.10772188590592277,6.6131045176545316,2.7762961534726682,2.215346215773961,1.1794323648238378,0.14822701197638447,0.20259820349495067,0.08347806096389318,0.08239173399995463
19,ia_a,58,-0.3874414409732137,1.3274618067777628,1.5851147778845571,25.989768273261998,15.242287247457321,0.14822701197638447,0.20259820349495067,0.08347806096389318,0.08239173399995463
19,ia_a,60,-0.2066987183861508,5.9290817013249555,2.230755566207564,4.574598382536105,2.4765751584519786,0.14822701197638447,0.20259820349495067,0.08347806096389318,0.08239173399995463
19,va_a,1,0.16471241102956555,5.524091174685504,29.56733750626347,14.784168239788665,6.026272307590754,0.17633914180844418,0.1891981789570568,0.18630484985757803,0.1949166193040595
19,va_a,2,-0.10752355986771077,1.6858181685183404,3.2211810610547107,2.8832255064862338,2.124345871056886,0.17633914180844418,0.1891981789570568,0.18630484985757803,0.1949166193040595
19,va_a,3,-0.16465323027047957,1.6930556037204612,1.4799836850312185,3.166368665316888,4.862988660402128,0.17633914180844418,0.1891981789570568,0.18630484985757803,0.1949166193040595
19,va_a,4,-0.1677551619498713,1.7551229136336435,1.0851746108025515,4.3330143579342755,4.03021754382604,0.17633914180844418,0.1891981789570568,0.18630484985757803,0.1949166193040595
19,va_a,5,-0.004940249178914266,3.886696141649043,2.583637576355068,5.640311228999642,2.692517264060789,0.17633914180844418,0.1891981789570568,0.18630484985757803,0.1949166193040595
19,va_a,6,-0.14904146949378708,1.9928756967839465,1.2904653730892333,7.490540968698548,4.342295906602478,0.17633914180844418,0.1891981789570568,0.18630484985757803,0.1949166193040595
19,va_a,7,-0.2489169339656812,3.924513224765972,2.514045317722048,6.689711567934563,7.856803245040353,0.17633914180844418,0.1891981789570568,0.18630484985757803,0.1949166193040595
19,va_a,8,-0.18536822290024293,5.906229983650295,2.7549282292548023,1.9430315881275941,13.633262188667603,0.17633914180844418,0.1891981789570568,0.18630484985757803,0.1949166193040595
19,va_a,9,-0.04762129085234487,4.536865611034031,2.358404619237631,1.4491878813564312,3.8984365655250257,0.17633914180844418,0.1891981789570568,0.18630484985757803,0.1949166193040595
19,va_a,10,0.3566472687231565,31.772183545400846,5.475958997455951,12.84656069045581,3.1193285237638237,0.17633914180844418,0.1891981789570568,0.18630484985757803,0.1949166193040595
19,va_a,11,0.046950359750076956,3.943801406884769,3.0436121402275162,4.781175020465467,3.0737463813275157,0.17633914180844418,0.1891981789570568,0.18630484985757803,0.1949166193040595
19,va_a,12,0.5474355954909365,3.59716107441844,10.801399732017417,12.242953372151556,2.649390258453479,0.17633914180844418,0.1891981789570568,0.18630484985757803,0.1949166193040595
19,va_a,13,0.13960907904256717,3.9495971564233585,2.4454486076189785,2.459065025708713,2.15376652170719,0.17633914180844418,0.1891981789570568,0.18630484985757803,0.1949166193040595
19,va_a,14,-0.2802010006195738,1.6384912311880904,1.8602050332689246,2.6376703629993874,4.63445338219226,0.17633914180844418,0.1891981789570568,0.18630484985757803,0.1949166193040595
19,va_a,15,0.607955861361731,2.352603974364196,0.9140162074117191,3.2625471011608087,2.055124648390448,0.17633914180844418,0.1891981789570568,0.18630484985757803,0.1949166193040595
19,va_a,16,0.46145177318404645,5.80032713959943,2.1851720346299413,11.515611655348424,2.8990194219241414,0.17633914180844418,0.1891981789570568,0.18630484985757803,0.1949166193040595
19,va_a,17,0.5502530865854375,4.056638105493447,1.6329171836780176,57.22666323045614,35.674145519892114,0.17633914180844418,0.1891981789570568,0.18630484985757803,0.1949166193040595
19,va_a,18,-0.050031390403404014,6.014994235091798,2.481760443329131,2.706142386308698,11.537521689408432,0.17633914180844418,0.1891981789570568,0.18630484985757803,0.1949166193040595
19,va_a,19,0.07309867169748366,14.174325171890036,5.6709048745713515,4.142165499200547,10.574646999836192,0.17633914180844418,0.1891981789570568,0.18630484985757803,0.1949166193040595
19,va_a,20,-0.347549183188984,0.9990109034443451,1.8764233853441026,5.641947833695861,5.0088350756997935,0.17633914180844418,0.1891981789570568,0.18630484985757803,0.1949166193040595
19,va_a,21,-0.1790198162723306,11.664668863495667,3.552528313745978,4.576499561418034,18.684860147530426,0.17633914180844418,0.1891981789570568,0.18630484985757803,0.1949166193040595
19,va_a,22,-0.23402951681979625,1.469785744317234,1.7212278625138993,17.92284047867544,2.33089652346315,0.17633914180844418,0.1891981789570568,0.18630484985757803,0.1949166193040595
19,va_a,23,0.2265395936055353,3.3084454289438576,1.971760533375158,1.4480404169691812,3.1901969784893036,0.17633914180844418,0.1891981789570568,0.18630484985757803,0.1949166193040595
19,va_a,24,-0.07263020921823518,1.4065527873511208,2.526867389116754,12.944253791457262,6.145573753646738,0.17633914180844418,0.1891981789570568,0.18630484985757803,0.1949166193040595
19,va_a,25,0.2575289723725131,7.788916150771833,1.329821455424878,3.972759096546132,5.006527888178087,0.17633914180844418,0.1891981789570568,0.18630484985757803,0.1949166193040595
19,va_a,26,-0.16882380348873205,2.525373497630972,2.0822284946376515,1.0312857575442016,0.8938494095813402,0.17633914180844418,0.1891981789570568,0.18630484985757803,0.1949166193040595
19,va_a,27,-0.21086225635634723,4.922455294921865,4.135409868880609,1.233139678082907,5.0472846946012115,0.17633914180844418,0.1891981789570568,0.18630484985757803,0.1949166193040595
19,va_a,28,-0.23549685234491785,0.43314910564489495,0.8877523142664753,2.226730001525387,1.0195992471117157,0.17633914180844418,0.1891981789570568,0.18630484985757803,0.1949166193040595
19,va_a,29,0.0022476543849003707,4.85015792456598,1.4443781425960536,1.9902079553455314,0.748354684520242,0.17633914180844418,0.1891981789570568,0.18630484985757803,0.1949166193040595
19,va_a,30,-0.11024107463105134,1.9272756933008437,1.7621417035814,4.663354451229991,2.6974186472025306,0.17633914180844418,0.1891981789570568,0.18630484985757803,0.1949166193040595
19,va_a,31,-0.05505599838743172,1.183104039165997,1.0871484795744515,10.247753999802585,6.977374124912102,0.17633914180844418,0.1891981789570568,0.18630484985757803,0.1949166193040595
19,va_a,32,0.1529969268958321,1.9836932807122645,5.738280459841881,0.4032073249196648,1.335614402568325,0.17633914180844418,0.1891981789570568,0.18630484985757803,0.1949166193040595
19,va_a,33,0.312391995647143,3.070972089580967,1.3837169973741694,1.9230369128848124,1.1369387654837289,0.17633914180844418,0.1891981789570568,0.18630484985757803,0.1949166193040595
19,va_a,34,0.22663128513787437,4.622721713820768,2.1807574569300345,1.6401672218955172,2.7016824289838155,0.17633914180844418,0.1891981789570568,0.18630484985757803,0.1949166193040595
19,va_a,35,0.10994690497754041,2.0373386295766913,1.9245308278609483,4.510070711086203,4.19372679270307,0.17633914180844418,0.1891981789570568,0.18630484985757803,0.1949166193040595
19,va_a,36,-0.5507802198774379,2.40770482822268,1.2607331819020995,11.263101317369246,5.699993786199924,0.17633914180844418,0.1891981789570568,0.18630484985757803,0.1949166193040595
19,va_a,37,0.0301262072563968,2.4773918491713585,2.148856264633737,0.690317164251858,2.129618664592532,0.17633914180844418,0.1891981789570568,0.18630484985757803,0.1949166193040595
19,va_a,38,-0.2260098523837241,2.3251271915436975,2.226336983186791,3.056062722890727,2.401509968050359,0.17633914180844418,0.1891981789570568,0.18630484985757803,0.1949166193040595
19,va_a,39,-0.1767856379065019,2.9018079619856034,1.6657452841516625,6.676909253796219,1.9645641307054695,0.17633914180844418,0.1891981789570568,0.18630484985757803,0.1949166193040595
19,va_a,40,0.3752938955931445,6.0795012832705435,7.906302095394631,1.7442331916864653,11.430519840409795,0.17633914180844418,0.1891981789570568,0.18630484985757803,0.1949166193040595
19,va_a,41,0.04425032148288458,1.6004626368185193,2.7153153413044784,2.406151000575731,2.217130011695507,0.17633914180844418,0.1891981789570568,0.18630484985757803,0.1949166193040595
19,va_a,42,-0.15912922492104375,7.59611837136615,1.254901069540457,6.6558656338540665,9.271515086100095,0.17633914180844418,0.1891981789570568,0.18630484985757803,0.1949166193040595
19,va_a,45,-0.08089925101389664,1.4275602118121031,2.3083646156413056,4.222105726613607,1.8074317537514248,0.17633914180844418,0.1891981789570568,0.18630484985757803,0.1949166193040595
19,va_a,46,-0.013929556068352864,2.5258952379682587,3.317752536904049,3.3311962216027644,4.103870727508386,0.17633914180844418,0.1891981789570568,0.18630484985757803,0.1949166193040595
19,va_a,47,0.025799508604293774,2.194742540807918,1.6475004408107776,2.354419337901807,1.9174771825873267,0.17633914180844418,0.1891981789570568,0.18630484985757803,0.1949166193040595
19,va_a,48,0.36261420919964366,2.399509207769034,1.8209477912405712,5.263013996191859,4.461547954577424,0.17633914180844418,0.1891981789570568,0.18630484985757803,0.1949166193040595
19,va_a,49,0.3108147831698134,8.373013725846741,2.719219672868548,1.0965980574916496,2.833921838286187,0.17633914180844418,0.1891981789570568,0.18630484985757803,0.1949166193040595
19,va_a,50,-0.014232333554857635,4.781002262826841,1.5244478705948217,4.1201074408558345,0.8033609004127895,0.17633914180844418,0.1891981789570568,0.18630484985757803,0.1949166193040595
19,va_a,51,0.041108594697476145,0.5224587421243008,3.1625787421400986,2.328192557270543,0.6818617430820831,0.17633914180844418,0.1891981789570568,0.18630484985757803,0.1949166193040595
19,va_a,52,0.28277642633486477,3.4319142182897995,2.7145068898081415,5.2285955202956815,6.393217314904311,0.17633914180844418,0.1891981789570568,0.18630484985757803,0.1949166193040595
19,va_a,53,-0.039971357478658084,3.2901407004825334,1.325386606903757,11.662492071160235,1.7264175496140535,0.17633914180844418,0.1891981789570568,0.18630484985757803,0.1949166193040595
19,va_a,54,-0.0947572266961525,1.4265902888609094,5.032430021658054,1.9937719122345063,5.250875230258374,0.17633914180844418,0.1891981789570568,0.18630484985757803,0.1949166193040595
19,va_a,55,0.1444645260835479,8.39502821262634,2.9721981430451643,3.973364310086624,6.559112227239807,0.17633914180844418,0.1891981789570568,0.18630484985757803,0.1949166193040595
19,va_a,56,-0.16916921325580114,2.6545472509486117,1.117711419311894,3.662378518804189,4.471415671194087,0.17633914180844418,0.1891981789570568,0.18630484985757803,0.1949166193040595
19,va_a,57,0.5814555398410897,4.437945741328325,16.1337630308179,21.999351334070543,8.299178979007568,0.17633914180844418,0.1891981789570568,0.18630484985757803,0.1949166193040595
19,va_a,58,-0.3017568654423839,1.4083628998316682,1.5327088814723957,1.0754107926831893,1.3629900116100937,0.17633914180844418,0.1891981789570568,0.18630484985757803,0.1949166193040595
19,va_a,59,-0.17151272656985145,0.5759249065043928,2.64520386899517,2.0602235764209973,1.493916463851268,0.17633914180844418,0.1891981789570568,0.18630484985757803,0.1949166193040595
19,va_a,60,0.12314559976907932,1.2818119705830817,3.4836118498481112,2.0863176464152002,0.9785359647016088,0.17633914180844418,0.1891981789570568,0.18630484985757803,0.1949166193040595
20,ia_a,1,-0.09508651872442174,7.091636109726283,6.550550506716663,4.071019871838623,7.9694362544275,0.12531489090656184,0.2592191083515574,0.23720969398767486,0.1419780749135718
20,ia_a,2,0.22437992373298,22.56387672417681,5.313528863192244,21.974562757719546,30.647617711355462,0.12531489090656184,0.2592191083515574,0.23720969398767486,0.1419780749135718
20,ia_a,3,-0.18542700963456166,1.264307465217056,2.865980832380106,16.12547006010347,1.4767318965049967,0.12531489090656184,0.2592191083515574,0.23720969398767486,0.1419780749135718
20,ia_a,4,-0.0791137653310052,8.218284128894503,3.0366387188970636,4.323096189403622,8.44474216420057,0.12531489090656184,0.2592191083515574,0.23720969398767486,0.1419780749135718
20,ia_a,5,-0.06684681332355744,8.470952390711137,1.639894020519743,19.227521937975993,10.147175644531117,0.12531489090656184,0.2592191083515574,0.23720969398767486,0.1419780749135718
20,ia_a,6,-0.04509539975147396,3.4449078914045996,3.33596185826502,3.932941372951526,1.369747596806638,0.12531489090656184,0.2592191083515574,0.23720969398767486,0.1419780749135718
20,ia_a,7,-0.030728024730370923,2.148566494426611,1.4550359282399226,23.94814825434279,12.779995627578312,0.12531489090656184,0.2592191083515574,0.23720969398767486,0.1419780749135718
20,ia_a,8,-0.13228260820693244,2.1790083337388904,2.6642567048277535,6.676931140530008,2.747112643857111,0.12531489090656184,0.2592191083515574,0.23720969398767486,0.1419780749135718
20,ia_a,9,0.5885598464080395,4.7809783541923645,5.345819325429857,23.523824131872583,7.19335221900852,0.12531489090656184,0.2592191083515574,0.23720969398767486,0.1419780749135718
20,ia_a,10,-0.45162707686162984,10.762561765809618,3.2931598942902034,3.455176298500719,13.198574467674122,0.12531489090656184,0.2592191083515574,0.23720969398767486,0.1419780749135718
20,ia_a,11,-0.14555389597156446,1.5918678411780731,3.6198140970505936,25.976896607118697,14.930819014101427,0.12531489090656184,0.2592191083515574,0.23720969398767486,0.1419780749135718
20,ia_a,12,-0.979457136942369,14.117474984022683,5.292867153470184,97.09171311136572,21.148919131158912,0.12531489090656184,0.2592191083515574,0.23720969398767486,0.1419780749135718
20,ia_a,13,-0.14564786265747123,4.999697396159979,8.890953786640994,15.58523118717803,24.532564774194125,0.12531489090656184,0.2592191083515574,0.23720969398767486,0.1419780749135718
20,ia_a,14,-0.3520815375965577,4.154751514302965,2.054710861189898,38.49048718456442,7.756295247411002,0.12531489090656184,0.2592191083515574,0.23720969398767486,0.1419780749135718
20,ia_a,16,-0.09311297086635159,2.3590776615710087,6.340918332040589,17.372820705598734,12.571167022853956,0.12531489090656184,0.2592191083515574,0.23720969398767486,0.1419780749135718
20,ia_a,17,0.20659981688432708,14.650327424370738,4.759287718611485,2.46752507154981,7.918830286550656,0.12531489090656184,0.2592191083515574,0.23720969398767486,0.1419780749135718
20,ia_a,18,-0.27267684629632544,0.9928126647343269,1.543419998568964,3.9075390414938616,5.046658940804449,0.12531489090656184,0.2592191083515574,0.23720969398767486,0.1419780749135718
20,ia_a,19,-0.33395663023148764,1.95276817227611,8.317241989162596,30.875086956555556,7.641700176025438,0.12531489090656184,0.2592191083515574,0.23720969398767486,0.1419780749135718
20,ia_a,20,-0.5766777329232756,1.6440150236827225,3.4430806293276586,9.965956071374075,7.382793029925123,0.12531489090656184,0.2592191083515574,0.23720969398767486,0.1419780749135718
20,ia_a,21,0.7094324856092981,5.255924645331829,0.5562677187846617,24.516905069951584,14.12883894354608,0.12531489090656184,0.2592191083515574,0.23720969398767486,0.1419780749135718
20,ia_a,22,-0.27350047185059,4.140627214214578,4.345022584813097,7.709241231737662,4.774478501140082,0.12531489090656184,0.2592191083515574,0.23720969398767486,0.1419780749135718
20,ia_a,23,-0.9241141740813198,2.49647745044925,3.371337349204578,32.95458306604782,10.962712886826088,0.12531489090656184,0.2592191083515574,0.23720969398767486,0.1419780749135718
20,ia_a,24,-0.12709180744156637,6.786247122013513,3.8586365748057387,10.422755963597242,6.061001232673241,0.12531489090656184,0.2592191083515574,0.23720969398767486,0.1419780749135718
20,ia_a,25,-0.28813240849595567,2.5804112758371422,2.1541940526631835,7.687884322221855,3.5379271429269448,0.12531489090656184,0.2592191083515574,0.23720969398767486,0.1419780749135718
20,ia_a,26,-0.07528898497574207,1.0935302401320686,3.733172943146755,1.7312152474835563,1.6638866912745176,0.12531489090656184,0.2592191083515574,0.23720969398767486,0.1419780749135718
20,ia_a,27,-0.014370542973345236,13.374532821147225,2.111186716362343,13.222743740647964,28.323696322367045,0.12531489090656184,0.2592191083515574,0.23720969398767486,0.1419780749135718
20,ia_a,28,-0.3940759319392746,1.2982093929830765,5.469908266927061,10.6658448170732,1.7025763483552043,0.12531489090656184,0.2592191083515574,0.23720969398767486,0.1419780749135718
20,ia_a,29,-0.007422440870021587,8.893643565134521,3.3503477995204345,2.7545713763397925,5.422807239606858,0.12531489090656184,0.2592191083515574,0.23720969398767486,0.1419780749135718
20,ia_a,30,0.020657028890335914,1.2899649759986944,2.218880374835485,39.13219508246298,6.445118046643219,0.12531489090656184,0.2592191083515574,0.23720969398767486,0.1419780749135718
20,ia_a,31,-0.08818111929325505,2.8240631578352606,2.973732463889599,13.79019201234647,11.12653369612444,0.12531489090656184,0.2592191083515574,0.23720969398767486,0.1419780749135718
20,ia_a,32,0.1879143476511282,5.663987566110428,6.037863358034316,18.60381645063948,9.354939810186865,0.12531489090656184,0.2592191083515574,0.23720969398767486,0.1419780749135718
20,ia_a,33,-0.13657083454405175,2.1675327728348988,1.9007497560286497,25.775246960461494,19.157484057382888,0.12531489090656184,0.2592191083515574,0.23720969398767486,0.1419780749135718
20,ia_a,34,-0.8142296518717635,4.885683089486816,2.237807763753351,14.899030825744248,11.148040453245104,0.12531489090656184,0.2592191083515574,0.23720969398767486,0.1419780749135718
20,ia_a,35,0.07520246399006217,11.354032883694417,1.6518414843108444,1.7707763646143901,5.481553226171717,0.12531489090656184,0.2592191083515574,0.23720969398767486,0.1419780749135718
20,ia_a,36,-0.018605873471822718,4.006149958800094,4.892294524443957,3.41025731818012,1.5643218419008555,0.12531489090656184,0.2592191083515574,0.23720969398767486,0.1419780749135718
20,ia_a,37,-0.618339598713229,0.31752533387342924,1.2664726860323527,8.966526017425618,8.30441622592189,0.12531489090656184,0.2592191083515574,0.23720969398767486,0.1419780749135718
20,ia_a,38,-0.16221941422551575,18.09508820203439,4.535295521575133,5.587503245764896,8.668317528285462,0.12531489090656184,0.2592191083515574,0.23720969398767486,0.1419780749135718
20,ia_a,39,-0.21501329488031842,1.631727876660978,1.3598053275112119,16.789630962454023,11.300944153153232,0.12531489090656184,0.2592191083515574,0.23720969398767486,0.1419780749135718
20,ia_a,40,0.04964702684355115,2.2346549303555245,2.0448852702309126,8.74122122476748,0.5525972797989688,0.12531489090656184,0.2592191083515574,0.23720969398767486,0.1419780749135718
20,ia_a,41,0.15673530564366933,1.8839762926078998,1.727487868178434,17.258303756422325,3.9924757904282218,0.12531489090656184,0.2592191083515574,0.23720969398767486,0.1419780749135718
20,ia_a,42,-0.4415526568205601,12.599349867545625,5.90604155931848,54.22536319396897,22.31748401147529,0.12531489090656184,0.2592191083515574,0.23720969398767486,0.1419780749135718
20,ia_a,43,0.3650317872116966,3.474059164262028,3.913524263846978,27.196569890431558,18.341273765141374,0.12531489090656184,0.2592191083515574,0.23720969398767486,0.1419780749135718
20,ia_a,44,-0.46485573353738346,3.9207530875862604,1.6398221288489898,46.81445589584972,23.640711949929855,0.12531489090656184,0.2592191083515574,0.23720969398767486,0.1419780749135718
20,ia_a,45,0.007641501189352025,9.682572805045767,1.3134436202830502,12.081498882194257,5.123807039534558,0.12531489090656184,0.2592191083515574,0.23720969398767486,0.1419780749135718
20,ia_a,46,-0.44358699672940877,7.923974180562756,5.2754260377310445,1.9008668087170568,6.099713665674022,0.12531489090656184,0.2592191083515574,0.23720969398767486,0.1419780749135718
20,ia_a,47,0.4227227805683951,1.998926240283873,3.7301022325492394,36.761626086269764,12.635099478866557,0.12531489090656184,0.2592191083515574,0.23720969398767486,0.1419780749135718
20,ia_a,48,0.1873776940244189,3.8760572357489687,0.8798640153685492,32.61989082648027,12.019054095112848,0.12531489090656184,0.2592191083515574,0.23720969398767486,0.1419780749135718
20,ia_a,49,-0.515876659926433,6.788932858435357,2.1943540541778983,15.9759143612497,13.968950297981921,0.12531489090656184,0.2592191083515574,0.23720969398767486,0.1419780749135718
20,ia_a,51,-0.13837854382163434,0.8220833947048686,0.7736229514147593,11.385368713527333,6.158076568482076,0.12531489090656184,0.2592191083515574,0.23720969398767486,0.1419780749135718
20,ia_a,52,-0.18056593127144122,0.6441417118254948,3.918217832059207,9.147593367722383,4.467720247271011,0.12531489090656184,0.2592191083515574,0.23720969398767486,0.1419780749135718
20,ia_a,53,-0.07902054437929502,3.2500085756023633,1.5803474005406029,3.730555050639129,6.817919068821015,0.12531489090656184,0.2592191083515574,0.23720969398767486,0.1419780749135718
20,ia_a,54,0.20315544818656606,3.981427356271908,0.9721165835273352,79.00559275637313,23.884128476433624,0.12531489090656184,0.2592191083515574,0.23720969398767486,0.1419780749135718
20,ia_a,55,-0.0015234303063633317,3.143449722174707,1.51499118829579,14.498521463749297,13.44144908883166,0.12531489090656184,0.2592191083515574,0.23720969398767486,0.1419780749135718
20,ia_a,56,-0.17128881695700746,3.170917141690602,3.834482709639547,40.45315073979699,8.602300134096662,0.12531489090656184,0.2592191083515574,0.23720969398767486,0.1419780749135718
20,ia_a,57,0.09127316447774582,3.1880205092826315,2.2549222696026288,22.012972394445672,15.578823566031867,0.12531489090656184,0.2592191083515574,0.23720969398767486,0.1419780749135718
20,ia_a,58,0.4207572484158181,16.690450090399427,1.8192733605944735,22.696643768155504,22.79772160632983,0.12531489090656184,0.2592191083515574,0.23720969398767486,0.1419780749135718
20,ia_a,59,-0.2226505573649998,5.947467605405137,1.170055448449831,1.5057505501751849,1.0517437539344314,0.12531489090656184,0.2592191083515574,0.23720969398767486,0.1419780749135718
20,ia_a,60,-0.3877762476689648,4.2245492317196405,2.5031162718519155,10.738445700832123,9.602382208665333,0.12531489090656184,0.2592191083515574,0.23720969398767486,0.1419780749135718
20,va_a,2,0.30555325363412256,4.531426729192557,8.85367197458211,1.8308318218539732,2.22522430690552,0.23671072840253274,0.1996621020575585,0.20663769470808988,0.09942434124764152
20,va_a,3,0.37831041759760276,1.1982004526095547,2.2074140764319505,3.248284743264393,1.871244103021033,0.23671072840253274,0.1996621020575585,0.20663769470808988,0.09942434124764152
20,va_a,4,0.21829660148740415,2.2068470408687313,2.2221542711966475,5.4169044158052735,3.225072528670674,0.23671072840253274,0.1996621020575585,0.20663769470808988,0.09942434124764152
20,va_a,5,-0.013951993399426562,8.00955367355936,3.6515056034834608,55.280167768881974,13.071810438342633,0.23671072840253274,0.1996621020575585,0.20663769470808988,0.09942434124764152
20,va_a,6,0.32593055477082655,1.8039866077509055,5.935717897963814,9.476095257826849,11.842444299683008,0.23671072840253274,0.1996621020575585,0.20663769470808988,0.09942434124764152
20,va_a,7,0.32447012629993766,7.405230244231806,1.70536547970423,9.010457509241801,21.0136519072761,0.23671072840253274,0.1996621020575585,0.20663769470808988,0.09942434124764152
20,va_a,8,0.06427038294486842,8.814670635619386,5.30919393126893,16.060356776974515,15.49982298480142,0.23671072840253274,0.1996621020575585,0.20663769470808988,0.09942434124764152
20,va_a,9,0.5689878923972239,2.8727914110903154,3.2078697489930077,1.6899128289068694,0.9414355186134673,0.23671072840253274,0.1996621020575585,0.20663769470808988,0.09942434124764152
20,va_a,10,0.2024516776918324,6.573587242267223,4.119746521099086,8.31370596926953,6.036655020826428,0.23671072840253274,0.1996621020575585,0.20663769470808988,0.09942434124764152
20,va_a,11,0.14967426359186844,0.4455514875983043,1.560122642539756,1.8535733176395797,0.3679631010329559,0.23671072840253274,0.1996621020575585,0.20663769470808988,0.09942434124764152
20,va_a,12,0.7952497160119559,7.495372993200984,1.5984175829281302,4.963026117714389,6.524803882475235,0.23671072840253274,0.1996621020575585,0.20663769470808988,0.09942434124764152
20,va_a,13,-0.016734622541065634,10.465297537519701,4.730546647053044,20.782122714931667,13.932708421707698,0.23671072840253274,0.1996621020575585,0.20663769470808988,0.09942434124764152
20,va_a,14,-0.12916758406101092,4.2181367685762465,1.2461897143455996,13.00071963551147,15.0504721618287,0.23671072840253274,0.1996621020575585,0.20663769470808988,0.09942434124764152
20,va_a,15,0.4708626081868348,2.923259859056874,3.3484096898434825,13.64491366343583,3.668943200924851,0.23671072840253274,0.1996621020575585,0.20663769470808988,0.09942434124764152
20,va_a,16,0.10187773646499698,12.801430794976161,4.347715135508056,3.7022429645757424,4.86816289322707,0.23671072840253274,0.1996621020575585,0.20663769470808988,0.09942434124764152
20,va_a,17,0.08973496379306048,2.3782910309715746,1.6552775224673755,27.95261999279501,8.524673272857692,0.23671072840253274,0.1996621020575585,0.20663769470808988,0.09942434124764152
20,va_a,18,-0.010159161277153373,2.0204697977855823,1.664878797220207,11.86965348386827,4.317369194936274,0.23671072840253274,0.1996621020575585,0.20663769470808988,0.09942434124764152
20,va_a,19,0.23443324048290876,4.882402920212498,4.197007323383618,3.641875525319348,13.453843175213342,0.23671072840253274,0.1996621020575585,0.20663769470808988,0.09942434124764152
20,va_a,20,0.170483142690224,1.4287265326058083,1.424640327961382,0.4728291621548939,2.419321231246999,0.23671072840253274,0.1996621020575585,0.20663769470808988,0.09942434124764152
20,va_a,21,0.025594904833312913,2.824692417473375,3.11564876622635,6.275588178921352,1.110177202654071,0.23671072840253274,0.1996621020575585,0.20663769470808988,0.09942434124764152
20,va_a,22,-0.14796720209108882,9.910329410821868,8.35497997960303,34.629930558825755,2.9791380625094503,0.23671072840253274,0.1996621020575585,0.20663769470808988,0.09942434124764152
20,va_a,23,0.2368992689218955,6.2949680909927235,2.268475644003053,24.066135828890484,11.799565739230674,0.23671072840253274,0.1996621020575585,0.20663769470808988,0.09942434124764152
20,va_a,24,0.19130712698026406,5.05341604965575,6.774281164216372,15.747799691304559,12.712398200509506,0.23671072840253274,0.1996621020575585,0.20663769470808988,0.09942434124764152
20,va_a,25,0.196784032322088,1.2832203025148663,1.2625835990727479,3.152853327010343,1.3269495779816207,0.23671072840253274,0.1996621020575585,0.20663769470808988,0.09942434124764152
20,va_a,26,0.2622805874570101,3.837437656350711,1.4667406947065538,6.444668784237406,3.4011338797955273,0.23671072840253274,0.1996621020575585,0.20663769470808988,0.09942434124764152
20,va_a,27,0.6908030907954128,2.038049376737438,2.5779356969399854,0.7301326532394048,2.2336861199039237,0.23671072840253274,0.1996621020575585,0.20663769470808988,0.09942434124764152
20,va_a,28,0.21377806931571067,6.562433589173296,2.036788026956584,4.413816660248397,7.266977059590589,0.23671072840253274,0.1996621020575585,0.20663769470808988,0.09942434124764152
20,va_a,29,0.42205751447738193,1.648863436998128,1.589014080703041,5.768338589312813,2.384254814507063,0.23671072840253274,0.1996621020575585,0.20663769470808988,0.09942434124764152
20,va_a,30,-0.5550944917560956,0.8803641146136237,3.6639750585085333,49.350633388804894,7.505843528553328,0.23671072840253274,0.1996621020575585,0.20663769470808988,0.09942434124764152
20,va_a,31,0.10586469569099058,8.276060186861779,5.688063273718859,2.577335970473687,5.5384550944846715,0.23671072840253274,0.1996621020575585,0.20663769470808988,0.09942434124764152
20,va_a,32,0.3076315176609223,13.744122351326041,13.642467105729379,26.008597186260715,25.31176499495391,0.23671072840253274,0.1996621020575585,0.20663769470808988,0.09942434124764152
20,va_a,33,0.4680349384488598,1.5866587950955406,0.603535997459466,27.39929529000498,4.567825596754394,0.23671072840253274,0.1996621020575585,0.20663769470808988,0.09942434124764152
20,va_a,34,0.042383585251710994,3.2564369066366403,1.1063364530979862,0.5135894031539888,1.6613524527869736,0.23671072840253274,0.1996621020575585,0.20663769470808988,0.09942434124764152
20,va_a,35,0.3642947596249519,2.4586113035734862,1.945140232277734,22.016204222416658,4.142915283476085,0.23671072840253274,0.1996621020575585,0.20663769470808988,0.09942434124764152
20,va_a,36,-0.13885280406097708,3.4189472027232877,2.5639849307900713,22.845617203067057,8.948064369919438,0.23671072840253274,0.1996621020575585,0.20663769470808988,0.09942434124764152
20,va_a,37,0.21047783215428503,6.530440149245907,6.021379616862664,47.628990001712005,15.808139442605421,0.23671072840253274,0.1996621020575585,0.20663769470808988,0.09942434124764152
20,va_a,38,-0.20253837241271172,18.935229278767206,13.92182635018096,32.03733812413091,31.891069252645757,0.23671072840253274,0.1996621020575585,0.20663769470808988,0.09942434124764152
20,va_a,39,0.014175383216502161,0.572459356602475,4.503910291908754,66.55607214113577,10.3048452030349,0.23671072840253274,0.1996621020575585,0.20663769470808988,0.09942434124764152
20,va_a,40,0.6766793449852392,4.037998770076589,3.0119687422043295,44.53872644207566,11.3261119482322,0.23671072840253274,0.1996621020575585,0.20663769470808988,0.09942434124764152
20,va_a,41,0.7400565145243287,4.740889872503728,3.582762953121713,15.085643359620565,13.594338851969525,0.23671072840253274,0.1996621020575585,0.20663769470808988,0.09942434124764152
20,va_a,42,-0.10699052575484501,14.547786614300309,1.6096854063231332,13.92159152786393,17.760062740449445,0.23671072840253274,0.1996621020575585,0.20663769470808988,0.09942434124764152
20,va_a,43,-0.060285370657730784,2.153132767531416,1.7986759813044992,2.580010516131856,4.662080660511555,0.23671072840253274,0.1996621020575585,0.20663769470808988,0.09942434124764152
20,va_a,44,-0.008867315925370265,5.184711200795443,4.74716478453086,1.8969664658319536,1.137361676840194,0.23671072840253274,0.1996621020575585,0.20663769470808988,0.09942434124764152
20,va_a,45,0.10450651471562772,2.6905171908079777,1.9528765015817784,5.411593792074195,7.313286347516804,0.23671072840253274,0.1996621020575585,0.20663769470808988,0.09942434124764152
20,va_a,46,0.18135557468333113,2.4524708913830278,3.379526196441553,11.040335393228226,2.991396007548123,0.23671072840253274,0.1996621020575585,0.20663769470808988,0.09942434124764152
20,va_a,47,0.09532384696368831,4.017043059836057,4.0888257761440325,8.14943214563186,8.267995247059487,0.23671072840253274,0.1996621020575585,0.20663769470808988,0.09942434124764152
20,va_a,48,-0.24073858727017594,4.854116056118085,2.8621398845887374,2.1780633063842036,1.9101651000116424,0.23671072840253274,0.1996621020575585,0.20663769470808988,0.09942434124764152
20,va_a,49,0.15364438372624403,5.172856803175432,9.696051006189903,5.041531970927287,4.027327550568101,0.23671072840253274,0.1996621020575585,0.20663769470808988,0.09942434124764152
20,va_a,50,-0.12409881720564914,12.382614205648077,3.4436257872514404,1.7549759796522937,5.83723378542217,0.23671072840253274,0.1996621020575585,0.20663769470808988,0.09942434124764152
20,va_a,51,0.8247717054826695,10.969533551155582,6.339887564660576,10.097698313622367,5.547053799377658,0.23671072840253274,0.1996621020575585,0.20663769470808988,0.09942434124764152
20,va_a,52,0.036389853624083014,3.077015524248034,0.5350374530660034,1.298559891189999,1.0281368528073982,0.23671072840253274,0.1996621020575585,0.20663769470808988,0.09942434124764152
20,va_a,53,-0.014025910032968814,3.6838591879025557,4.1717902980030726,3.983107635929299,1.3172725973313826,0.23671072840253274,0.1996621020575585,0.20663769470808988,0.09942434124764152
20,va_a,54,0.7832381352535752,16.292703817990855,3.313311228823669,56.55654856611611,32.613747951354874,0.23671072840253274,0.1996621020575585,0.20663769470808988,0.09942434124764152
20,va_a,55,0.03275940767819023,4.154020780744466,2.4082341532202123,6.63816687849893,3.3039625204617646,0.23671072840253274,0.1996621020575585,0.20663769470808988,0.09942434124764152
20,va_a,56,0.18310628681475846,3.440773448142663,1.995512735760469,1.8988047254881089,10.318434402792015,0.23671072840253274,0.1996621020575585,0.20663769470808988,0.09942434124764152
20,va_a,60,0.08721584216425149,6.073804085927994,4.279913074065832,3.053306701529603,11.671977802808344,0.23671072840253274,0.1996621020575585,0.20663769470808988,0.09942434124764152
