subject,condition,trial,meanAmplitude,Alpha_bandPower,Beta_bandPower,Delta_bandPower,Theta_bandPower,Alpha_bandITPC,Beta_bandITPC,Delta_bandITPC,Theta_bandITPC
2,ia_a,1,-0.17199443159373748,8.17096664607147,2.2657503159805046,15.429384900184118,48.844721193803565,0.09773269115762132,0.1506402734518202,0.24750874444325838,0.13300893451953288
2,ia_a,2,0.02515134711181067,1.9047648212733082,2.7619123936831316,27.00226706232203,8.040338944150248,0.09773269115762132,0.1506402734518202,0.24750874444325838,0.13300893451953288
2,ia_a,3,-0.2155200917151244,1.7430450347833262,8.620625922859542,27.398388733956793,24.102862970792195,0.09773269115762132,0.1506402734518202,0.24750874444325838,0.13300893451953288
2,ia_a,4,-0.1474405928267589,12.775501060327493,1.5200683805317812,2.0608694663648164,26.92395434653808,0.09773269115762132,0.1506402734518202,0.24750874444325838,0.13300893451953288
2,ia_a,5,0.07156095659170657,1.4892266821410165,1.3785559631316842,27.007051189550165,8.942624212587145,0.09773269115762132,0.1506402734518202,0.24750874444325838,0.13300893451953288
2,ia_a,6,-0.03304015880786326,5.41034972092412,4.2559686966186545,5.015474760419465,3.1923149511161113,0.09773269115762132,0.1506402734518202,0.24750874444325838,0.13300893451953288
2,ia_a,7,0.1948072010463643,3.9071301638302596,4.847672191089668,0.5222922035368703,3.2954811041308343,0.09773269115762132,0.1506402734518202,0.24750874444325838,0.13300893451953288
2,ia_a,8,0.21874894514991963,2.712674483137026,15.909204941335448,4.918785729941374,1.0878925908158437,0.09773269115762132,0.1506402734518202,0.24750874444325838,0.13300893451953288
2,ia_a,9,-0.9101950113600306,10.696167604512837,12.844454366769504,10.409515855688863,12.371732679510012,0.09773269115762132,0.1506402734518202,0.24750874444325838,0.13300893451953288
2,ia_a,10,-0.5809462323549293,5.999040854271058,4.253364481904527,75.05019232933252,13.506442855989322,0.09773269115762132,0.1506402734518202,0.24750874444325838,0.13300893451953288
2,ia_a,11,0.020631908299475143,3.9094653186411836,5.4078806621112845,9.209875244838843,7.802098265844891,0.09773269115762132,0.1506402734518202,0.24750874444325838,0.13300893451953288
2,ia_a,12,-0.5208202517543503,18.00712443828151,18.39836527515232,366.7568434939901,81.56524341312827,0.09773269115762132,0.1506402734518202,0.24750874444325838,0.13300893451953288
2,ia_a,13,-0.20672123817304064,4.026129114729501,9.628303822418225,13.35817449066123,24.638675157632214,0.09773269115762132,0.1506402734518202,0.24750874444325838,0.13300893451953288
2,ia_a,14,-0.42802105853145705,12.48893677066078,6.413160830689471,6.435669078407563,35.522892545983595,0.09773269115762132,0.1506402734518202,0.24750874444325838,0.13300893451953288
2,ia_a,15,-0.0679679890414241,2.0815497664735156,6.890940073367365,7.66036445689911,1.9333252518119106,0.09773269115762132,0.1506402734518202,0.24750874444325838,0.13300893451953288
2,ia_a,16,0.16612046292915392,3.320086912838735,8.197659501058455,1.3061570994551952,7.459729734297653,0.09773269115762132,0.1506402734518202,0.24750874444325838,0.13300893451953288
2,ia_a,17,-0.8518822677406775,19.420751463258696,11.295837398730136,21.299444587877964,10.008098103268713,0.09773269115762132,0.1506402734518202,0.24750874444325838,0.13300893451953288
2,ia_a,18,-0.5321973858646039,14.403013820117458,4.50631823170564,32.171188025854896,11.44481261603756,0.09773269115762132,0.1506402734518202,0.24750874444325838,0.13300893451953288
2,ia_a,19,0.2489568952744164,1.8804042143461221,1.8136924123687872,43.27259810075325,4.8513849647248275,0.09773269115762132,0.1506402734518202,0.24750874444325838,0.13300893451953288
2,ia_a,20,0.286888823335904,2.3197585344444924,5.290906651163086,32.20184007083194,12.359416473543238,0.09773269115762132,0.1506402734518202,0.24750874444325838,0.13300893451953288
2,ia_a,21,-0.05728816386513096,0.7701969140609489,1.3328896272219104,1.0165705181325873,0.2824092531704648,0.09773269115762132,0.1506402734518202,0.24750874444325838,0.13300893451953288
2,ia_a,22,-0.5636759201956629,4.756599782438395,17.263734253870425,24.941182941188686,22.3543178509532,0.09773269115762132,0.1506402734518202,0.24750874444325838,0.13300893451953288
2,ia_a,23,0.3985515619739967,4.208041800106625,3.262938626960924,8.139895215212308,11.034294200091843,0.09773269115762132,0.1506402734518202,0.24750874444325838,0.13300893451953288
2,ia_a,24,0.22077360263417242,4.926336725904828,13.37881158942343,29.537859668398045,27.68943645408222,0.09773269115762132,0.1506402734518202,0.24750874444325838,0.13300893451953288
2,ia_a,25,-0.32039780444213384,13.051836854316523,7.182907997879837,3.8472777526211828,6.719165765158315,0.09773269115762132,0.1506402734518202,0.24750874444325838,0.13300893451953288
2,ia_a,26,-0.07916410980884174,7.907299300830903,7.139959343683615,14.306870866909987,8.099026426481043,0.09773269115762132,0.1506402734518202,0.24750874444325838,0.13300893451953288
2,ia_a,27,0.23719102413118928,12.726682921222253,7.118075275785069,8.932678979097826,35.25819912587396,0.09773269115762132,0.1506402734518202,0.24750874444325838,0.13300893451953288
2,ia_a,28,-0.6371543584314133,15.339849257566206,3.9987348285151247,82.99145787388235,26.61032370154358,0.09773269115762132,0.1506402734518202,0.24750874444325838,0.13300893451953288
2,ia_a,29,0.2221511910919859,0.850140962268698,8.242391534876127,16.5206826605226,5.566739505545684,0.09773269115762132,0.1506402734518202,0.24750874444325838,0.13300893451953288
2,ia_a,30,-0.46701160336369246,3.61478945029884,7.7328282110740565,41.8136363223949,17.526744369758944,0.09773269115762132,0.1506402734518202,0.24750874444325838,0.13300893451953288
2,ia_a,31,-0.22827653396648268,6.358985275365094,40.66110784960863,91.93596079469302,31.138915309259176,0.09773269115762132,0.1506402734518202,0.24750874444325838,0.13300893451953288
2,ia_a,32,0.4094714211344757,12.551853605373989,4.341122756002445,1.0157070589836632,5.264174826727962,0.09773269115762132,0.1506402734518202,0.24750874444325838,0.13300893451953288
2,ia_a,33,-0.9935543534764238,17.773179018095586,2.3129463060934046,9.989830273480543,6.904817049721779,0.09773269115762132,0.1506402734518202,0.24750874444325838,0.13300893451953288
2,ia_a,34,0.3176934549233241,1.335900252163877,4.368798235784768,10.464061115666889,1.038858231543106,0.09773269115762132,0.1506402734518202,0.24750874444325838,0.13300893451953288
2,ia_a,35,0.3096809432078799,1.2407227172317683,3.0052129206075513,0.21033982426933479,0.9344496105433181,0.09773269115762132,0.1506402734518202,0.24750874444325838,0.13300893451953288
2,ia_a,36,-0.08600125061670486,6.235693790777463,5.676501401388911,14.624103049813337,10.000909865268284,0.09773269115762132,0.1506402734518202,0.24750874444325838,0.13300893451953288
2,ia_a,37,0.43666555344333763,18.55828902458725,30.546291510499,32.13354541942065,66.9710112675843,0.09773269115762132,0.1506402734518202,0.24750874444325838,0.13300893451953288
2,ia_a,38,0.11461739517062254,0.8234621569165266,12.312859821778483,72.69727544732768,19.653671057621033,0.09773269115762132,0.1506402734518202,0.24750874444325838,0.13300893451953288
2,ia_a,39,-0.7143801625942651,5.748736539789779,2.6135986366395527,100.84643789438142,63.12225311089017,0.09773269115762132,0.1506402734518202,0.24750874444325838,0.13300893451953288
2,ia_a,40,-0.16973991037210898,9.995517052021253,4.671813198675783,45.748137188627304,15.628591887060491,0.09773269115762132,0.1506402734518202,0.24750874444325838,0.13300893451953288
2,ia_a,41,0.1728233424344227,21.706428949709924,20.589027243423047,117.4443496522405,14.387724932930483,0.09773269115762132,0.1506402734518202,0.24750874444325838,0.13300893451953288
2,ia_a,42,0.17781948556466604,8.364150764357943,4.320996766789237,7.133099321916069,28.24761040480521,0.09773269115762132,0.1506402734518202,0.24750874444325838,0.13300893451953288
2,ia_a,43,-0.44234306197824247,5.5836575332308085,1.4266429444284967,7.723939645685473,25.575169245403966,0.09773269115762132,0.1506402734518202,0.24750874444325838,0.13300893451953288
2,ia_a,44,-0.0430359108244321,8.668170042630281,1.2560529468199157,4.318951520104718,14.020721224447811,0.09773269115762132,0.1506402734518202,0.24750874444325838,0.13300893451953288
2,ia_a,45,-0.005160191026052801,1.4085641033157996,5.943942285351716,4.633154872206372,5.72088568076102,0.09773269115762132,0.1506402734518202,0.24750874444325838,0.13300893451953288
2,ia_a,46,0.12948978699980832,17.961193754833413,7.984292517210963,20.07548222354579,10.504005067243218,0.09773269115762132,0.1506402734518202,0.24750874444325838,0.13300893451953288
2,ia_a,47,-0.32227020668402956,5.240841447934054,3.7981830116367328,20.880639340594918,13.59129717439407,0.09773269115762132,0.1506402734518202,0.24750874444325838,0.13300893451953288
2,ia_a,48,-0.19031234328832072,5.660695344665844,3.255264562660982,95.24729632743667,22.64936177002592,0.09773269115762132,0.1506402734518202,0.24750874444325838,0.13300893451953288
2,ia_a,49,-1.938408010421477,4.472338660526694,21.441896892797395,69.59878770590126,17.27767893863683,0.09773269115762132,0.1506402734518202,0.24750874444325838,0.13300893451953288
2,ia_a,51,1.3202692235178703,2.9031626164804094,2.7491771928645177,11.143627274112147,16.57857051438645,0.09773269115762132,0.1506402734518202,0.24750874444325838,0.13300893451953288
2,ia_a,52,-0.3305513089771672,5.255325317504932,2.6869335272244426,18.30443629386254,7.657496085393456,0.09773269115762132,0.1506402734518202,0.24750874444325838,0.13300893451953288
2,ia_a,54,-0.047343637526748035,12.67681759151981,2.944771493425908,3.967446488133295,4.426114241116307,0.09773269115762132,0.1506402734518202,0.24750874444325838,0.13300893451953288
2,ia_a,55,-0.18696484923069207,1.2780470430246902,4.252181940662946,3.4755955619927916,3.8372739282679165,0.09773269115762132,0.1506402734518202,0.24750874444325838,0.13300893451953288
2,ia_a,56,0.033761893639051015,7.615383064258422,4.5983331195384265,52.7969493758469,26.151513739716474,0.09773269115762132,0.1506402734518202,0.24750874444325838,0.13300893451953288
2,ia_a,57,0.021769577729671693,2.78263412234089,1.0710926321403291,1.595948079597347,3.4054045879419514,0.09773269115762132,0.1506402734518202,0.24750874444325838,0.13300893451953288
2,ia_a,58,0.7260440768045894,11.684764659769515,1.0700433314823965,22.509561434144064,13.457966954122293,0.09773269115762132,0.1506402734518202,0.24750874444325838,0.13300893451953288
2,ia_a,59,0.5076672730511471,31.630115797977044,6.526612000181055,7.493526178196034,56.86791295483993,0.09773269115762132,0.1506402734518202,0.24750874444325838,0.13300893451953288
2,ia_a,60,-0.2849737899014454,2.01706583304331,7.9466465022815616,8.656792633899574,2.5884657808487477,0.09773269115762132,0.1506402734518202,0.24750874444325838,0.13300893451953288
2,va_a,1,-0.0700491739013673,9.423014182841992,1.6546431081242439,13.459881205416831,19.627210426911176,0.0854609161885582,0.10673127145832637,0.3525479137817699,0.23246175495603813
2,va_a,2,0.0885610539593941,3.58681224264447,0.8657166966295187,11.747123354535615,7.681048621405262,0.0854609161885582,0.10673127145832637,0.3525479137817699,0.23246175495603813
2,va_a,3,0.3266805169812976,9.9672225151452,15.357664019332816,4.216790352863833,15.509609563384558,0.0854609161885582,0.10673127145832637,0.3525479137817699,0.23246175495603813
2,va_a,4,0.2267807178634737,7.4086979134824675,3.815270476519981,31.231053115571633,5.726648036156925,0.0854609161885582,0.10673127145832637,0.3525479137817699,0.23246175495603813
2,va_a,5,0.7718667019180545,1.388575072153456,12.866436295276133,11.389855992960651,2.359225555295991,0.0854609161885582,0.10673127145832637,0.3525479137817699,0.23246175495603813
2,va_a,6,0.5979208440058545,3.120486992735313,6.994097810345914,46.493152597855676,16.815331445172635,0.0854609161885582,0.10673127145832637,0.3525479137817699,0.23246175495603813
2,va_a,7,0.024898745431452568,7.636767221811058,2.2939344169864104,16.378140397272112,12.219595301924462,0.0854609161885582,0.10673127145832637,0.3525479137817699,0.23246175495603813
2,va_a,8,0.07738637725473246,3.030801806425742,7.053252244435381,16.12039809535449,4.900791516182194,0.0854609161885582,0.10673127145832637,0.3525479137817699,0.23246175495603813
2,va_a,9,-0.7227287881412975,2.147274508262355,4.360889978482805,24.103184473917832,19.93495711271319,0.0854609161885582,0.10673127145832637,0.3525479137817699,0.23246175495603813
2,va_a,10,0.3679999060158111,2.1663694590312694,3.6740401805058616,5.913441317214133,6.340993304772911,0.0854609161885582,0.10673127145832637,0.3525479137817699,0.23246175495603813
2,va_a,11,-0.08206519438654593,2.8460396059666095,7.027681159072594,3.8022041398321846,10.168304869060123,0.0854609161885582,0.10673127145832637,0.3525479137817699,0.23246175495603813
2,va_a,12,-0.25855139552580747,2.3775852658352705,14.047118884928032,66.77361730545692,38.214098301217064,0.0854609161885582,0.10673127145832637,0.3525479137817699,0.23246175495603813
2,va_a,13,0.5162687061680536,3.980919028763875,1.9179821641957302,19.51249683589719,12.305850538805577,0.0854609161885582,0.10673127145832637,0.3525479137817699,0.23246175495603813
2,va_a,14,0.2161985640829312,0.7791524686444409,1.1153828913663726,44.440943981692406,2.7526278212045345,0.0854609161885582,0.10673127145832637,0.3525479137817699,0.23246175495603813
2,va_a,15,1.0195124889012035,30.7794016609032,17.774763064923903,7.768399353117637,5.294112196797298,0.0854609161885582,0.10673127145832637,0.3525479137817699,0.23246175495603813
2,va_a,16,0.0057700307810450244,4.462436036790695,11.431015870754278,2.2064884862757914,4.693769201085155,0.0854609161885582,0.10673127145832637,0.3525479137817699,0.23246175495603813
2,va_a,17,-0.6592319020480761,16.60125549333381,2.8815702650824684,16.72616207483977,29.189220021730407,0.0854609161885582,0.10673127145832637,0.3525479137817699,0.23246175495603813
2,va_a,18,-0.3245908666511771,2.6955429122447616,2.618440220860137,4.2683170269717365,2.4200738703906493,0.0854609161885582,0.10673127145832637,0.3525479137817699,0.23246175495603813
2,va_a,19,-0.8495521362088179,3.7931490546031323,1.8630027888816119,17.151792464979234,28.5462449835197,0.0854609161885582,0.10673127145832637,0.3525479137817699,0.23246175495603813
2,va_a,20,0.2630884877628225,1.119455798351656,6.229530849854946,13.540914120396344,9.89138493718277,0.0854609161885582,0.10673127145832637,0.3525479137817699,0.23246175495603813
2,va_a,21,0.09011636915016993,1.0887454155395397,3.668304776177593,5.094742992639139,6.998735667399053,0.0854609161885582,0.10673127145832637,0.3525479137817699,0.23246175495603813
2,va_a,22,0.6443226005527967,31.161997447704778,23.520163120754017,98.40283284390765,16.675969477349913,0.0854609161885582,0.10673127145832637,0.3525479137817699,0.23246175495603813
2,va_a,23,-1.1291093562527148,34.37832011162275,15.037293082182172,3.8915005332285233,9.327983992543361,0.0854609161885582,0.10673127145832637,0.3525479137817699,0.23246175495603813
2,va_a,24,-0.16086796582665544,2.6984655780519744,4.446551432435976,31.56521489885993,5.907224568109643,0.0854609161885582,0.10673127145832637,0.3525479137817699,0.23246175495603813
2,va_a,25,0.3973118267993357,14.907309424674736,4.827493765775734,7.8731970547650185,14.918264345594487,0.0854609161885582,0.10673127145832637,0.3525479137817699,0.23246175495603813
2,va_a,26,-0.038430504581338856,5.295146024738245,24.066025801919185,12.268280269578343,30.981731113710282,0.0854609161885582,0.10673127145832637,0.3525479137817699,0.23246175495603813
2,va_a,27,-0.12741863470027476,3.593297035714303,2.3579810837112456,3.5767446075848643,4.261110329781859,0.0854609161885582,0.10673127145832637,0.3525479137817699,0.23246175495603813
2,va_a,28,0.22912860003529384,2.2207316334848266,3.133522329496052,3.740065658473776,17.886890089063385,0.0854609161885582,0.10673127145832637,0.3525479137817699,0.23246175495603813
2,va_a,29,0.06175057458498487,3.6088639037540853,9.039350548849425,0.44588500035808665,5.429740613665068,0.0854609161885582,0.10673127145832637,0.3525479137817699,0.23246175495603813
2,va_a,30,-0.28397459055029484,4.546679780463718,5.8558152293305845,31.388124188017493,10.744082779877187,0.0854609161885582,0.10673127145832637,0.3525479137817699,0.23246175495603813
2,va_a,31,0.3707299392052763,6.857596952187238,2.7209512795522732,0.32291475791159097,2.686289098701784,0.0854609161885582,0.10673127145832637,0.3525479137817699,0.23246175495603813
2,va_a,32,-0.07218142670625988,3.9984694045099562,5.3936241284889,20.448087699971214,30.619364510896414,0.0854609161885582,0.10673127145832637,0.3525479137817699,0.23246175495603813
2,va_a,33,0.44013861978340546,1.6387952592121122,0.7726942834982526,4.187582769967405,2.344386811624451,0.0854609161885582,0.10673127145832637,0.3525479137817699,0.23246175495603813
2,va_a,34,-0.26957121149393454,10.779666886798392,7.021454272524677,2.5052487549271736,14.607079854634536,0.0854609161885582,0.10673127145832637,0.3525479137817699,0.23246175495603813
2,va_a,35,1.035506494511583,23.522105167789622,7.177415013802279,25.012262704772102,1.9978307317377966,0.0854609161885582,0.10673127145832637,0.3525479137817699,0.23246175495603813
2,va_a,36,-0.2773261068173208,4.186940308825154,6.897122964432498,53.565674239713324,15.748315533679612,0.0854609161885582,0.10673127145832637,0.3525479137817699,0.23246175495603813
2,va_a,37,0.14412156974037446,10.356036651615236,2.968164934586592,10.692560027974617,25.338046714339608,0.0854609161885582,0.10673127145832637,0.3525479137817699,0.23246175495603813
2,va_a,38,0.15309242685718774,10.147541650137613,3.50304310356555,16.979491951077552,14.507455455610192,0.0854609161885582,0.10673127145832637,0.3525479137817699,0.23246175495603813
2,va_a,39,-0.3317658452410829,6.1619393405968514,2.6125110783077257,35.133961635560745,16.55338302319176,0.0854609161885582,0.10673127145832637,0.3525479137817699,0.23246175495603813
2,va_a,40,-0.41866210818994676,0.7453112234993865,0.7833293302582315,9.930107945707256,5.973058511579082,0.0854609161885582,0.10673127145832637,0.3525479137817699,0.23246175495603813
2,va_a,41,0.5676856632486783,11.577708366791605,2.4036238963110717,22.727717984079067,73.7881165778401,0.0854609161885582,0.10673127145832637,0.3525479137817699,0.23246175495603813
2,va_a,42,0.27887411563326553,10.057231843395128,28.82972560409894,4.048588537053555,5.962178123394988,0.0854609161885582,0.10673127145832637,0.3525479137817699,0.23246175495603813
2,va_a,43,0.25403941429134314,2.982643064228692,2.60298404880267,9.399769213844502,2.4020464580397567,0.0854609161885582,0.10673127145832637,0.3525479137817699,0.23246175495603813
2,va_a,44,0.4507949201885091,3.3807685791584583,3.808198244225972,20.711056127056995,12.008771849494936,0.0854609161885582,0.10673127145832637,0.3525479137817699,0.23246175495603813
2,va_a,45,0.0900863917375755,12.736491989959585,7.593175358497863,22.077800837342924,35.991643656364495,0.0854609161885582,0.10673127145832637,0.3525479137817699,0.23246175495603813
2,va_a,46,-0.41076226160935697,0.6249696269462801,2.630469105989821,18.235314167215048,5.430063205046234,0.0854609161885582,0.10673127145832637,0.3525479137817699,0.23246175495603813
2,va_a,47,0.4020251554523033,2.1490960731469464,3.8969766378064747,23.25982272418177,17.434154411488358,0.0854609161885582,0.10673127145832637,0.3525479137817699,0.23246175495603813
2,va_a,48,0.2544454267544995,16.376854884527763,3.409236489852435,197.05371598741766,37.45075212168367,0.0854609161885582,0.10673127145832637,0.3525479137817699,0.23246175495603813
2,va_a,49,-0.14612767866999427,3.271740182101722,4.060537938184959,7.537102734818963,4.527358676053446,0.0854609161885582,0.10673127145832637,0.3525479137817699,0.23246175495603813
2,va_a,50,-0.8086217514304077,9.339111649033887,1.4177233603024042,84.4239791024511,36.55741895244901,0.0854609161885582,0.10673127145832637,0.3525479137817699,0.23246175495603813
2,va_a,51,-0.1797105084252821,2.304605719566722,0.8849667301974996,2.1868839707077794,4.712474527248762,0.0854609161885582,0.10673127145832637,0.3525479137817699,0.23246175495603813
2,va_a,52,0.17281543006574404,15.79634460541842,9.027845496820516,31.293846060605322,12.439574419547391,0.0854609161885582,0.10673127145832637,0.3525479137817699,0.23246175495603813
2,va_a,53,-0.02209504534072337,10.782662343392687,7.199472357943483,10.596093079013148,6.096591462780846,0.0854609161885582,0.10673127145832637,0.3525479137817699,0.23246175495603813
2,va_a,54,0.07256559685850715,12.343366779322979,9.000469388184998,9.217672020713405,0.9767744749848617,0.0854609161885582,0.10673127145832637,0.3525479137817699,0.23246175495603813
2,va_a,55,0.004283511761124947,11.049583794438021,14.410888743011041,26.513365122079495,10.140540876086416,0.0854609161885582,0.10673127145832637,0.3525479137817699,0.23246175495603813
2,va_a,56,0.049295651091198475,4.468957677170001,4.737890703678126,8.826000089267833,3.985098250805467,0.0854609161885582,0.10673127145832637,0.3525479137817699,0.23246175495603813
2,va_a,57,0.2988834021403465,1.261257669808236,3.8115570667114906,6.613516981524429,5.599303759770363,0.0854609161885582,0.10673127145832637,0.3525479137817699,0.23246175495603813
2,va_a,58,-0.07207803860459898,2.876974444720283,2.0198384163626586,4.061398135336504,9.38726691792094,0.0854609161885582,0.10673127145832637,0.3525479137817699,0.23246175495603813
2,va_a,59,0.04928408924297705,4.852667028296292,8.710990851415243,4.436505017801069,3.654059413698755,0.0854609161885582,0.10673127145832637,0.3525479137817699,0.23246175495603813
2,va_a,60,-0.7310305524981018,4.310053418702853,4.048595125050908,12.39045212369853,5.902486061179568,0.0854609161885582,0.10673127145832637,0.3525479137817699,0.23246175495603813
3,ia_a,2,-0.12678652238676613,25.327089440573932,13.36104017138865,5.056545900224649,5.466491879923311,0.2820239320080339,0.20250705871413374,0.6472103800859448,0.43135706415807035
3,ia_a,3,-2.275550639695967,21.15039929979889,9.208189406948394,233.76243186918973,107.47742694350781,0.2820239320080339,0.20250705871413374,0.6472103800859448,0.43135706415807035
3,ia_a,4,-0.06674185911598114,6.28267155072991,11.150001086645183,15.463042244634542,43.055293905106616,0.2820239320080339,0.20250705871413374,0.6472103800859448,0.43135706415807035
3,ia_a,5,-1.3125105521248541,13.68943940416471,1.4201178565373218,50.081504403209074,16.893473708819027,0.2820239320080339,0.20250705871413374,0.6472103800859448,0.43135706415807035
3,ia_a,6,-0.20578700470799735,6.883406052277301,9.207027288139827,3.9430242854353654,2.0643374026853367,0.2820239320080339,0.20250705871413374,0.6472103800859448,0.43135706415807035
3,ia_a,7,-1.412523730381764,17.88066739109677,5.399155033835452,54.34289300863207,11.085586386380655,0.2820239320080339,0.20250705871413374,0.6472103800859448,0.43135706415807035
3,ia_a,8,-1.1885626060643655,7.629868948464204,5.135852712424186,44.04813721952185,7.42632968139135,0.2820239320080339,0.20250705871413374,0.6472103800859448,0.43135706415807035
3,ia_a,9,-0.5485994218833398,24.87991766725183,4.530994202681509,292.5984600210904,92.22209624327617,0.2820239320080339,0.20250705871413374,0.6472103800859448,0.43135706415807035
3,ia_a,10,0.8512496659943928,4.187167027287515,10.029714425158597,237.43097925430368,74.41660288692832,0.2820239320080339,0.20250705871413374,0.6472103800859448,0.43135706415807035
3,ia_a,11,-0.38445015318454384,17.734735459891155,7.947592633244039,1.9891273772265097,8.88326933316724,0.2820239320080339,0.20250705871413374,0.6472103800859448,0.43135706415807035
3,ia_a,12,0.09921235673829439,66.98854182739824,40.80869779842486,16.395773752574332,24.316222791704266,0.2820239320080339,0.20250705871413374,0.6472103800859448,0.43135706415807035
3,ia_a,13,0.41216113490046274,11.376492230859878,6.044355319485147,22.69270944146531,34.82191579150595,0.2820239320080339,0.20250705871413374,0.6472103800859448,0.43135706415807035
3,ia_a,14,0.09611658857666071,6.090953033527463,2.9509421018585975,38.17346812436172,45.09342739399577,0.2820239320080339,0.20250705871413374,0.6472103800859448,0.43135706415807035
3,ia_a,15,-2.047433264986273,68.2191301062114,12.365610600137018,35.15018671249124,12.03560434100145,0.2820239320080339,0.20250705871413374,0.6472103800859448,0.43135706415807035
3,ia_a,16,-0.47966858860741246,7.950208685264795,12.254827463983776,22.84487377954617,4.728470794340927,0.2820239320080339,0.20250705871413374,0.6472103800859448,0.43135706415807035
3,ia_a,17,-1.79280247732996,15.814382742663673,15.99801734750264,182.00414543568533,123.16120946757661,0.2820239320080339,0.20250705871413374,0.6472103800859448,0.43135706415807035
3,ia_a,18,-0.08312466848782607,21.92418642031812,6.5628540986178585,15.842444722860725,31.4613744802772,0.2820239320080339,0.20250705871413374,0.6472103800859448,0.43135706415807035
3,ia_a,19,-1.1053811059426843,29.902796232761652,5.1892194674542225,166.12010976479812,20.047324089785853,0.2820239320080339,0.20250705871413374,0.6472103800859448,0.43135706415807035
3,ia_a,20,-1.3353461096461563,40.53987805786233,10.84887846318259,13.853845818497144,19.780205238862155,0.2820239320080339,0.20250705871413374,0.6472103800859448,0.43135706415807035
3,ia_a,21,-1.2255797563307667,5.289151461737433,5.314757992780693,59.213157098222624,14.729468596085752,0.2820239320080339,0.20250705871413374,0.6472103800859448,0.43135706415807035
3,ia_a,22,-1.4414010582278518,14.099361942452838,3.660903532193055,59.503397889640915,14.079805718871379,0.2820239320080339,0.20250705871413374,0.6472103800859448,0.43135706415807035
3,ia_a,23,-2.1512693823308973,11.800096109723206,19.08544996832193,220.9427862810801,17.533646130015295,0.2820239320080339,0.20250705871413374,0.6472103800859448,0.43135706415807035
3,ia_a,24,-0.12760161241843576,8.166593030562687,4.901456249613764,30.421893872322293,4.08792204774925,0.2820239320080339,0.20250705871413374,0.6472103800859448,0.43135706415807035
3,ia_a,25,-1.1142033800342317,6.2562287675720345,2.7672749248453656,23.0949477947449,8.587853138717529,0.2820239320080339,0.20250705871413374,0.6472103800859448,0.43135706415807035
3,ia_a,26,-0.5664159981643965,14.539914899015026,3.6678902826959536,23.983676527015746,24.948388930021082,0.2820239320080339,0.20250705871413374,0.6472103800859448,0.43135706415807035
3,ia_a,27,0.07977518085584344,11.601616748145238,12.13982847874996,7.38390483973296,34.132708324044934,0.2820239320080339,0.20250705871413374,0.6472103800859448,0.43135706415807035
3,ia_a,29,-1.5473495678053883,19.274853399249164,7.6681706334971365,162.6708942394536,136.9496686494157,0.2820239320080339,0.20250705871413374,0.6472103800859448,0.43135706415807035
3,ia_a,30,0.5274680207526105,31.97591294203638,4.785718216283798,107.676545533211,144.78879009452598,0.2820239320080339,0.20250705871413374,0.6472103800859448,0.43135706415807035
3,ia_a,32,-0.8525455505365246,3.0239407750544975,3.5104910583695124,115.55934619004798,23.32642634931648,0.2820239320080339,0.20250705871413374,0.6472103800859448,0.43135706415807035
3,ia_a,33,-0.5431218199040669,5.425381184029461,4.683032167543269,35.7469163157743,31.793948377127542,0.2820239320080339,0.20250705871413374,0.6472103800859448,0.43135706415807035
3,ia_a,34,-1.528425959593793,39.99502331582686,22.97949133985589,271.52728090098054,26.52571743836417,0.2820239320080339,0.20250705871413374,0.6472103800859448,0.43135706415807035
3,ia_a,35,-0.16137892097709644,4.262914745361169,4.379331112820613,6.112103435949797,7.7633449893145805,0.2820239320080339,0.20250705871413374,0.6472103800859448,0.43135706415807035
3,ia_a,36,-0.6672945204191063,11.187228552538404,4.0404919990527635,48.78228202665453,58.99796997647215,0.2820239320080339,0.20250705871413374,0.6472103800859448,0.43135706415807035
3,ia_a,37,-1.5697228640448928,44.32199728385349,2.993377581410315,98.99829803833623,61.14019567231295,0.2820239320080339,0.20250705871413374,0.6472103800859448,0.43135706415807035
3,ia_a,38,0.030750155732111175,32.03240216992131,6.737469881481251,12.938719933416895,22.98066873650258,0.2820239320080339,0.20250705871413374,0.6472103800859448,0.43135706415807035
3,ia_a,39,-0.39374562052025563,19.901832584503982,17.030109634118016,89.46653797439212,3.47451456567184,0.2820239320080339,0.20250705871413374,0.6472103800859448,0.43135706415807035
3,ia_a,40,-0.33830340791980434,10.685265326311256,6.063995447257002,7.9463898471005425,57.90979406469689,0.2820239320080339,0.20250705871413374,0.6472103800859448,0.43135706415807035
3,ia_a,41,-1.5336278000596233,12.088494858183928,12.710627731174547,18.32602005050547,4.805069552566519,0.2820239320080339,0.20250705871413374,0.6472103800859448,0.43135706415807035
3,ia_a,42,-1.3222834447092966,10.844603024555262,6.545760407224191,19.364104694312232,4.475610238008056,0.2820239320080339,0.20250705871413374,0.6472103800859448,0.43135706415807035
3,ia_a,43,-0.9019650321505759,29.919679478053315,3.9733083088657977,21.015570799888675,16.017963052061102,0.2820239320080339,0.20250705871413374,0.6472103800859448,0.43135706415807035
3,ia_a,44,0.25803227866222944,3.2365068942944983,10.163663911530715,243.45122040309593,39.32166246688603,0.2820239320080339,0.20250705871413374,0.6472103800859448,0.43135706415807035
3,ia_a,45,-1.2354428070347685,26.206652560641025,11.088617155376996,61.09014951620265,10.236614867388964,0.2820239320080339,0.20250705871413374,0.6472103800859448,0.43135706415807035
3,ia_a,46,-0.1717910005528891,79.79724027478848,32.12645903842606,12.450764518201083,1.7088625873473504,0.2820239320080339,0.20250705871413374,0.6472103800859448,0.43135706415807035
3,ia_a,47,-0.8235244591004202,17.31128995180545,4.539706966519821,21.072090721499826,2.241135708900247,0.2820239320080339,0.20250705871413374,0.6472103800859448,0.43135706415807035
3,ia_a,48,-0.13577592606299285,16.10732064461756,13.679855888069845,15.45369760705638,17.712070558846005,0.2820239320080339,0.20250705871413374,0.6472103800859448,0.43135706415807035
3,ia_a,49,-1.5347448117748719,32.58016134149861,8.797835003770299,40.78490265693403,54.723766263354946,0.2820239320080339,0.20250705871413374,0.6472103800859448,0.43135706415807035
3,ia_a,50,0.8823896388002006,6.220082806402145,12.870783631967209,195.96956083990497,110.98381758669535,0.2820239320080339,0.20250705871413374,0.6472103800859448,0.43135706415807035
3,ia_a,51,-0.8371554757431402,10.419664014202933,4.8909501292664785,26.399796863547365,7.012695801572591,0.2820239320080339,0.20250705871413374,0.6472103800859448,0.43135706415807035
3,ia_a,52,-0.4368345836498065,8.182210108301199,0.9553979804813757,11.952484462704158,12.719427820775017,0.2820239320080339,0.20250705871413374,0.6472103800859448,0.43135706415807035
3,ia_a,53,0.44241346062284426,54.700456557147945,9.194371621882093,221.08204359132986,67.16288631948527,0.2820239320080339,0.20250705871413374,0.6472103800859448,0.43135706415807035
3,ia_a,54,-0.49069606454326853,45.55836132880007,23.71688060958211,8.31416218300268,16.030803775611144,0.2820239320080339,0.20250705871413374,0.6472103800859448,0.43135706415807035
3,ia_a,55,-0.13920534114718683,1.0584779815670036,3.9276960451947387,19.340802388597254,5.356570869664127,0.2820239320080339,0.20250705871413374,0.6472103800859448,0.43135706415807035
3,ia_a,56,-0.7541785977033474,47.490973786607796,18.047638240953557,5.583072405761881,27.656894198540776,0.2820239320080339,0.20250705871413374,0.6472103800859448,0.43135706415807035
3,ia_a,57,-0.9105495976220797,8.062676703025799,8.18746564389102,86.41119685148841,29.408781025361332,0.2820239320080339,0.20250705871413374,0.6472103800859448,0.43135706415807035
3,ia_a,58,-0.813121680475233,23.356540778112375,5.1681853056230125,24.5096066330242,4.833901313872911,0.2820239320080339,0.20250705871413374,0.6472103800859448,0.43135706415807035
3,ia_a,59,-0.2815280777946633,6.046897337791172,7.1173769411582,1.8573437687588408,9.080988814859861,0.2820239320080339,0.20250705871413374,0.6472103800859448,0.43135706415807035
3,ia_a,60,-0.8874541712849338,9.571786074853245,7.4635558307846575,7.177546622089673,7.729871977235681,0.2820239320080339,0.20250705871413374,0.6472103800859448,0.43135706415807035
3,va_a,1,-1.1989036645066273,22.021501754419095,16.475581464493256,94.15741348210378,36.22190569651343,0.2816381984979155,0.24244015290038354,0.3348226322243144,0.15559665699935915
3,va_a,2,-0.20712218486521486,14.718100589763626,9.087834743212033,156.47926861744676,20.48991411739715,0.2816381984979155,0.24244015290038354,0.3348226322243144,0.15559665699935915
3,va_a,3,-1.1360344412394248,17.51363803435959,14.037125730717742,11.659145279410225,15.892851757280427,0.2816381984979155,0.24244015290038354,0.3348226322243144,0.15559665699935915
3,va_a,4,-0.45082184099204753,9.82830153647025,11.056782081030182,70.34869593071146,17.90958793621681,0.2816381984979155,0.24244015290038354,0.3348226322243144,0.15559665699935915
3,va_a,5,-0.38973341685833945,18.648212049794587,13.534087782326822,168.8839745971518,90.76602637587825,0.2816381984979155,0.24244015290038354,0.3348226322243144,0.15559665699935915
3,va_a,6,0.7696765776638491,15.520158934765394,13.163595018218,8.487981405532999,1.286940121969259,0.2816381984979155,0.24244015290038354,0.3348226322243144,0.15559665699935915
3,va_a,7,0.19924062358862388,10.999803612255233,15.399841812890728,4.092459754525861,13.555686832239196,0.2816381984979155,0.24244015290038354,0.3348226322243144,0.15559665699935915
3,va_a,8,-1.7266752695301053,85.75920573512022,12.674966010987609,57.679676397363934,147.6693749297116,0.2816381984979155,0.24244015290038354,0.3348226322243144,0.15559665699935915
3,va_a,9,-0.9512687073480642,5.652831801125669,5.780559362395104,30.891548372960614,7.997806209083229,0.2816381984979155,0.24244015290038354,0.3348226322243144,0.15559665699935915
3,va_a,10,0.8788732595327597,82.18256337458907,14.692924842848692,10.920476429465518,29.578322416990343,0.2816381984979155,0.24244015290038354,0.3348226322243144,0.15559665699935915
3,va_a,11,-0.7884884625147135,9.993460467140984,4.020452221777744,17.607405658514587,33.56490532470347,0.2816381984979155,0.24244015290038354,0.3348226322243144,0.15559665699935915
3,va_a,12,0.11932397892129994,19.48224006773318,16.7754540356995,58.55786089810348,15.853911045818293,0.2816381984979155,0.24244015290038354,0.3348226322243144,0.15559665699935915
3,va_a,13,-1.0920317968458049,22.76827558383942,24.237860273985344,46.926021142116745,13.207513732652837,0.2816381984979155,0.24244015290038354,0.3348226322243144,0.15559665699935915
3,va_a,14,-0.6003518663082776,23.162746903478077,7.003195592529238,62.126758512272204,30.28499520111976,0.2816381984979155,0.24244015290038354,0.3348226322243144,0.15559665699935915
3,va_a,15,-0.29719737043427524,10.87522831128631,8.533211767098162,31.595850203645472,31.394971491849383,0.2816381984979155,0.24244015290038354,0.3348226322243144,0.15559665699935915
3,va_a,16,-1.1363995903149426,19.335999725542138,14.593990059842573,134.3067117386532,25.382633558908157,0.2816381984979155,0.24244015290038354,0.3348226322243144,0.15559665699935915
3,va_a,17,-0.7466815094823199,7.507687893932261,17.127425597645505,92.5005236664492,25.460370475485245,0.2816381984979155,0.24244015290038354,0.3348226322243144,0.15559665699935915
3,va_a,18,0.14940932660496156,3.5933054720687188,3.088565411561864,2.051618324218924,2.4923469854135027,0.2816381984979155,0.24244015290038354,0.3348226322243144,0.15559665699935915
3,va_a,19,0.12640112105482565,15.35014499487971,5.517281309637966,5.146871276053988,6.179649387541237,0.2816381984979155,0.24244015290038354,0.3348226322243144,0.15559665699935915
3,va_a,20,0.21353838648671392,18.028117501359514,7.065337470631641,13.16529886846445,9.67573245975769,0.2816381984979155,0.24244015290038354,0.3348226322243144,0.15559665699935915
3,va_a,21,0.4383049464789337,17.574197556712246,5.631503709061238,3.3896975479298725,20.95545860804898,0.2816381984979155,0.24244015290038354,0.3348226322243144,0.15559665699935915
3,va_a,22,0.015050676280558518,28.507627894497404,7.5214170799939755,38.15780356803877,8.724793315379358,0.2816381984979155,0.24244015290038354,0.3348226322243144,0.15559665699935915
3,va_a,23,0.7882370030195891,12.414775573811566,14.797692260355014,9.513662811786864,25.80748398062972,0.2816381984979155,0.24244015290038354,0.3348226322243144,0.15559665699935915
3,va_a,24,-0.47562289021453485,46.35365599331303,8.733716980303845,23.837164477094813,39.353265638021746,0.2816381984979155,0.24244015290038354,0.3348226322243144,0.15559665699935915
3,va_a,25,1.0592468240092974,15.67606157258677,4.453195651073462,19.9701488550296,11.869303184397776,0.2816381984979155,0.24244015290038354,0.3348226322243144,0.15559665699935915
3,va_a,26,0.14296709178459532,20.823892116686107,6.944848716614461,13.455911729373057,2.671882767034733,0.2816381984979155,0.24244015290038354,0.3348226322243144,0.15559665699935915
3,va_a,27,1.3202320503119116,136.55585856360057,29.04497350290269,5.884269511589753,9.442604773193516,0.2816381984979155,0.24244015290038354,0.3348226322243144,0.15559665699935915
3,va_a,28,-0.32819789551572265,84.65409422506814,27.902503296374864,384.85713348519016,19.704099469750005,0.2816381984979155,0.24244015290038354,0.3348226322243144,0.15559665699935915
3,va_a,29,0.29415798795485837,15.909358587466011,5.975795443125988,5.59807597556023,4.266811185766204,0.2816381984979155,0.24244015290038354,0.3348226322243144,0.15559665699935915
3,va_a,30,1.5995604497209006,33.69050441066626,19.477838190269697,26.72615223504545,5.563418541065508,0.2816381984979155,0.24244015290038354,0.3348226322243144,0.15559665699935915
3,va_a,31,-0.43382234282135573,14.961254720686483,14.912936404668729,10.639484222096883,0.4457527169969243,0.2816381984979155,0.24244015290038354,0.3348226322243144,0.15559665699935915
3,va_a,32,0.7149114079475982,22.527704759873036,16.13297981777521,475.7105956170694,92.52598225282571,0.2816381984979155,0.24244015290038354,0.3348226322243144,0.15559665699935915
3,va_a,33,0.2337691052523963,51.756979960168714,12.776942335814224,50.75178414653039,31.935778873791605,0.2816381984979155,0.24244015290038354,0.3348226322243144,0.15559665699935915
3,va_a,34,-0.21647222671745947,13.91484959802654,3.0658016548277813,4.456373570756616,11.183067663793095,0.2816381984979155,0.24244015290038354,0.3348226322243144,0.15559665699935915
3,va_a,35,0.04634582848108667,1.9297228670594693,6.298264056919036,1.0225594909571527,7.865520874337478,0.2816381984979155,0.24244015290038354,0.3348226322243144,0.15559665699935915
3,va_a,36,0.42366448202828044,25.581980150290793,9.118857795823585,2.4669773867425353,7.225052110893699,0.2816381984979155,0.24244015290038354,0.3348226322243144,0.15559665699935915
3,va_a,37,-0.07114300335576851,114.27498874541166,41.304456031260045,144.18842322299835,160.82796570457356,0.2816381984979155,0.24244015290038354,0.3348226322243144,0.15559665699935915
3,va_a,38,-0.3158812403037996,66.86517026992055,11.563805373334938,51.47861988457993,34.516593821956555,0.2816381984979155,0.24244015290038354,0.3348226322243144,0.15559665699935915
3,va_a,39,1.639643349894038,3.51395887393803,3.6865203027426108,7.839447538202354,9.729910939382282,0.2816381984979155,0.24244015290038354,0.3348226322243144,0.15559665699935915
3,va_a,40,0.9806451150613663,14.856116147371166,8.365186243804747,40.30545979134721,42.034384359465705,0.2816381984979155,0.24244015290038354,0.3348226322243144,0.15559665699935915
3,va_a,41,-0.34987507740071444,4.786855172158009,8.457620320076567,10.263121392095748,9.16237950927722,0.2816381984979155,0.24244015290038354,0.3348226322243144,0.15559665699935915
3,va_a,42,0.6658524836728024,29.37370824784198,19.977519611413324,2.2036114334741423,5.517434388862321,0.2816381984979155,0.24244015290038354,0.3348226322243144,0.15559665699935915
3,va_a,43,0.4486078490020184,28.54128690178312,14.939956130101052,67.03426164200826,3.501835251126776,0.2816381984979155,0.24244015290038354,0.3348226322243144,0.15559665699935915
3,va_a,44,-1.0351420125851485,48.64590786319517,12.390071602654812,13.05347341860817,36.422857524404186,0.2816381984979155,0.24244015290038354,0.3348226322243144,0.15559665699935915
3,va_a,45,0.3940832506872029,75.50307336385889,4.8950072334584185,13.29425292849995,41.21533781704272,0.2816381984979155,0.24244015290038354,0.3348226322243144,0.15559665699935915
3,va_a,46,0.1326348231599822,18.70817925382862,8.580436456824712,3.9696206684784627,3.337298592880723,0.2816381984979155,0.24244015290038354,0.3348226322243144,0.15559665699935915
3,va_a,47,0.9400822844804888,20.191562743609502,4.835457442217299,16.673229755536134,50.117281008887744,0.2816381984979155,0.24244015290038354,0.3348226322243144,0.15559665699935915
3,va_a,48,-0.10678417183740303,34.74715786283918,3.386465780525037,3.4106832955542687,2.123246386481663,0.2816381984979155,0.24244015290038354,0.3348226322243144,0.15559665699935915
3,va_a,49,0.48384093168384035,12.832907384760665,22.881715148319486,29.76759766758166,23.861390302743164,0.2816381984979155,0.24244015290038354,0.3348226322243144,0.15559665699935915
3,va_a,50,0.40943065711690746,33.62815562829611,10.290582116517806,79.3222780315504,7.132166290095142,0.2816381984979155,0.24244015290038354,0.3348226322243144,0.15559665699935915
3,va_a,51,0.7484408041906137,19.9585546645633,7.002710230939069,2.8204374508236305,16.214357976600056,0.2816381984979155,0.24244015290038354,0.3348226322243144,0.15559665699935915
3,va_a,52,1.4585847857563456,10.301434413850528,6.819631819064122,76.69694531300054,28.391476761314557,0.2816381984979155,0.24244015290038354,0.3348226322243144,0.15559665699935915
3,va_a,53,-0.06075403350640064,26.653755980319033,3.2507194430115343,17.085304348964463,3.209358323711636,0.2816381984979155,0.24244015290038354,0.3348226322243144,0.15559665699935915
3,va_a,54,-0.2706334865547445,66.31534992554367,11.506320386357968,112.07911480185962,14.525910160799839,0.2816381984979155,0.24244015290038354,0.3348226322243144,0.15559665699935915
3,va_a,55,-0.23545313865818548,27.900172743953927,5.160615980184821,46.24911888209085,23.64708207580357,0.2816381984979155,0.24244015290038354,0.3348226322243144,0.15559665699935915
3,va_a,56,-0.6694060828694284,38.03711273116276,8.42264805238479,127.0439808595464,25.28895240847502,0.2816381984979155,0.24244015290038354,0.3348226322243144,0.15559665699935915
3,va_a,57,0.28932130426180214,53.93552305047909,4.715104366372389,10.094573422622984,25.425467551317716,0.2816381984979155,0.24244015290038354,0.3348226322243144,0.15559665699935915
3,va_a,58,0.3232542677350377,5.393037506278158,9.810021287295369,8.817446880949785,17.591925702879323,0.2816381984979155,0.24244015290038354,0.3348226322243144,0.15559665699935915
3,va_a,59,0.40924123864341583,18.902034176109275,5.189156754972451,2.63655180215672,15.803070017462584,0.2816381984979155,0.24244015290038354,0.3348226322243144,0.15559665699935915
3,va_a,60,0.3773548111848883,22.436377431760988,22.809716920641335,7.642853246200818,3.039417261872542,0.2816381984979155,0.24244015290038354,0.3348226322243144,0.15559665699935915
4,ia_a,3,0.27995318344812525,3.6868916282067046,8.952177725605019,107.24130303187161,98.40006072832163,0.21253904681623156,0.13208134730547447,0.1604653268013474,0.16798341937379085
4,ia_a,4,-0.20031469174722197,26.521797636120592,10.498135379104498,48.360805339836105,174.0737806975393,0.21253904681623156,0.13208134730547447,0.1604653268013474,0.16798341937379085
4,ia_a,5,-0.14266357470757957,16.532061065231364,8.811318851333233,10.893366315873752,13.293303327446218,0.21253904681623156,0.13208134730547447,0.1604653268013474,0.16798341937379085
4,ia_a,6,0.4928631277617289,8.106934519437372,6.1097990655029335,17.84383061404513,2.342120144914312,0.21253904681623156,0.13208134730547447,0.1604653268013474,0.16798341937379085
4,ia_a,7,-0.27558071121734673,34.4559477373891,9.740795878156693,185.44733858586568,87.29740044844853,0.21253904681623156,0.13208134730547447,0.1604653268013474,0.16798341937379085
4,ia_a,8,0.2393191419939356,8.11657874106641,4.6345728852030055,20.663452553006337,31.212255524901405,0.21253904681623156,0.13208134730547447,0.1604653268013474,0.16798341937379085
4,ia_a,10,-0.7074226105809895,8.04080027601693,4.076674165645937,2.8687967869257562,11.598244903723643,0.21253904681623156,0.13208134730547447,0.1604653268013474,0.16798341937379085
4,ia_a,11,0.20400923454365164,25.238709657984977,13.65493899825707,249.66016338616174,65.63420628424953,0.21253904681623156,0.13208134730547447,0.1604653268013474,0.16798341937379085
4,ia_a,12,-1.1163744146361791,18.52450859529413,12.375821501844106,28.52722409673478,55.450010798635866,0.21253904681623156,0.13208134730547447,0.1604653268013474,0.16798341937379085
4,ia_a,13,1.003560316924046,23.04370522574352,6.593944727657695,95.78209998857812,25.288417209099073,0.21253904681623156,0.13208134730547447,0.1604653268013474,0.16798341937379085
4,ia_a,14,-0.26408103337125843,17.872917116222574,16.061765763985772,45.903042667469904,27.205323772378122,0.21253904681623156,0.13208134730547447,0.1604653268013474,0.16798341937379085
4,ia_a,15,0.17512077819559213,16.049004787284872,8.35626462714144,66.47129798856699,45.02442865804343,0.21253904681623156,0.13208134730547447,0.1604653268013474,0.16798341937379085
4,ia_a,16,0.7563357400625967,15.891195999463104,5.847427832830816,16.80801031009305,22.34846223141253,0.21253904681623156,0.13208134730547447,0.1604653268013474,0.16798341937379085
4,ia_a,17,0.3487736599159267,1.2964733516726379,2.3145590967480447,89.02998779348383,22.20798224543888,0.21253904681623156,0.13208134730547447,0.1604653268013474,0.16798341937379085
4,ia_a,18,0.383095529780413,19.228851508438893,3.9764856756378473,20.2595300627895,14.483476369206404,0.21253904681623156,0.13208134730547447,0.1604653268013474,0.16798341937379085
4,ia_a,19,0.9429043181803287,10.126188550501642,8.999290391585854,8.291061528418393,15.783906453989232,0.21253904681623156,0.13208134730547447,0.1604653268013474,0.16798341937379085
4,ia_a,20,-0.6230951413646567,32.08296029417223,9.774712685427687,123.48617628117266,55.82151966725686,0.21253904681623156,0.13208134730547447,0.1604653268013474,0.16798341937379085
4,ia_a,21,-1.102937219519451,16.56917640802498,11.889409974022897,9.36178129189361,75.96762207479698,0.21253904681623156,0.13208134730547447,0.1604653268013474,0.16798341937379085
4,ia_a,22,-0.24114804050122068,7.410335416233488,6.2511469347343445,25.111782226579,25.853176893328346,0.21253904681623156,0.13208134730547447,0.1604653268013474,0.16798341937379085
4,ia_a,23,0.29397282918718226,71.86469847471179,19.150281256250864,477.61804108378624,267.1245431565109,0.21253904681623156,0.13208134730547447,0.1604653268013474,0.16798341937379085
4,ia_a,24,-2.27461029923037,47.85223325149337,26.711669753271455,254.75763034949168,314.94187494791646,0.21253904681623156,0.13208134730547447,0.1604653268013474,0.16798341937379085
4,ia_a,25,0.7520563075575063,12.798054881741566,19.91415612250652,45.89306718539728,9.172465509296911,0.21253904681623156,0.13208134730547447,0.1604653268013474,0.16798341937379085
4,ia_a,26,-0.9158514410692667,19.66619557947973,5.886442302750579,2.381023793904844,45.85731840774429,0.21253904681623156,0.13208134730547447,0.1604653268013474,0.16798341937379085
4,ia_a,27,-0.04646776351990957,24.137724252797085,9.855681373650771,1.0658910281460292,4.974442111441574,0.21253904681623156,0.13208134730547447,0.1604653268013474,0.16798341937379085
4,ia_a,28,0.02592654614680914,47.09633301022188,7.898599503831545,27.579889090064164,104.04377107256232,0.21253904681623156,0.13208134730547447,0.1604653268013474,0.16798341937379085
4,ia_a,29,-0.3545439331995978,9.606931789439741,2.962322685497056,34.83407864427455,11.676179177050036,0.21253904681623156,0.13208134730547447,0.1604653268013474,0.16798341937379085
4,ia_a,30,-0.2770036149205753,4.009475586542308,4.4761740650788555,142.69346375638537,77.42596613447779,0.21253904681623156,0.13208134730547447,0.1604653268013474,0.16798341937379085
4,ia_a,31,-0.3320530858057563,7.619389572281681,4.349450615667748,166.47065877305073,74.40126158264992,0.21253904681623156,0.13208134730547447,0.1604653268013474,0.16798341937379085
4,ia_a,32,0.9680789705662746,10.917419112039118,10.638644573715148,102.86147987279118,49.74117796052739,0.21253904681623156,0.13208134730547447,0.1604653268013474,0.16798341937379085
4,ia_a,33,-0.8593865160368281,2.1323784641146446,11.781990281659413,59.77267758845744,6.9874412368607155,0.21253904681623156,0.13208134730547447,0.1604653268013474,0.16798341937379085
4,ia_a,35,-0.14596832683041022,2.169462270181328,8.994899688832097,97.60833285016597,28.95627601136213,0.21253904681623156,0.13208134730547447,0.1604653268013474,0.16798341937379085
4,ia_a,36,-0.9457154522558504,3.884451288893324,7.1268547434246985,20.18068770076522,47.80711038658133,0.21253904681623156,0.13208134730547447,0.1604653268013474,0.16798341937379085
4,ia_a,37,0.14993405119390216,2.9323366287103396,3.905011325386792,34.246445660433494,17.89398970911029,0.21253904681623156,0.13208134730547447,0.1604653268013474,0.16798341937379085
4,ia_a,38,0.40506484587869096,5.828488080798034,7.141994450011508,589.3533993292782,62.130493682613846,0.21253904681623156,0.13208134730547447,0.1604653268013474,0.16798341937379085
4,ia_a,39,-1.2057444602080438,33.73541505202947,22.737715664211063,144.54085599252127,36.07169614564661,0.21253904681623156,0.13208134730547447,0.1604653268013474,0.16798341937379085
4,ia_a,40,-0.09873049650130604,29.19418278200833,26.228073764368364,13.327936907327386,14.056351329948074,0.21253904681623156,0.13208134730547447,0.1604653268013474,0.16798341937379085
4,ia_a,41,-0.3607857856273701,7.307323078598225,6.079025556458411,23.796292012996247,21.037684010823263,0.21253904681623156,0.13208134730547447,0.1604653268013474,0.16798341937379085
4,ia_a,42,-0.1624443111960079,22.67351256851066,23.2342336730695,289.5362574384693,64.56122656621265,0.21253904681623156,0.13208134730547447,0.1604653268013474,0.16798341937379085
4,ia_a,43,0.21045700982383694,2.48878546161769,3.0960811922125657,5.622990908072158,1.8585506090018813,0.21253904681623156,0.13208134730547447,0.1604653268013474,0.16798341937379085
4,ia_a,44,-0.275961506925907,70.5971438308528,6.487531632129157,142.36604371361258,48.65575853479164,0.21253904681623156,0.13208134730547447,0.1604653268013474,0.16798341937379085
4,ia_a,45,-0.9158052799819504,18.667972738398394,3.5155701790221374,60.86599786807981,47.479811244051675,0.21253904681623156,0.13208134730547447,0.1604653268013474,0.16798341937379085
4,ia_a,46,0.9037488443638347,6.436360538022834,5.35846727260444,20.410641891764595,8.340730911948354,0.21253904681623156,0.13208134730547447,0.1604653268013474,0.16798341937379085
4,ia_a,47,1.3441287781560178,10.6571304876252,9.139761848465106,180.34891825532938,163.43188625930838,0.21253904681623156,0.13208134730547447,0.1604653268013474,0.16798341937379085
4,ia_a,48,-0.013022899202858115,7.007108783646947,5.213696815244194,91.03589694791786,75.08026963087204,0.21253904681623156,0.13208134730547447,0.1604653268013474,0.16798341937379085
4,ia_a,49,-0.25443685599016597,13.391568557851087,10.669271656174875,45.7851804968728,3.2606152220190756,0.21253904681623156,0.13208134730547447,0.1604653268013474,0.16798341937379085
4,ia_a,50,0.22936860670247622,2.1358609444959207,4.884135318408524,47.958364920772034,9.427675134128197,0.21253904681623156,0.13208134730547447,0.1604653268013474,0.16798341937379085
4,ia_a,51,-0.9583690424531986,6.2857369154968445,5.178429726024714,57.74802717467513,16.922603521358152,0.21253904681623156,0.13208134730547447,0.1604653268013474,0.16798341937379085
4,ia_a,52,-0.27931095707728926,18.04532721113132,10.991808281109103,8.588022747572401,27.56023868959451,0.21253904681623156,0.13208134730547447,0.1604653268013474,0.16798341937379085
4,ia_a,53,-0.019093162820336348,18.20014463745311,5.718302237994602,16.387927501521766,44.51716553785899,0.21253904681623156,0.13208134730547447,0.1604653268013474,0.16798341937379085
4,ia_a,54,-0.1793465784770386,7.560061296091599,3.9259799856090387,10.135348730406314,21.087687013952834,0.21253904681623156,0.13208134730547447,0.1604653268013474,0.16798341937379085
4,ia_a,55,1.1147845343720826,26.8890526745932,21.611059537028996,256.6433645929714,83.0540629232193,0.21253904681623156,0.13208134730547447,0.1604653268013474,0.16798341937379085
4,ia_a,56,0.9794165969602512,4.150813201763403,10.021220311190904,14.296069748531043,25.02861682458437,0.21253904681623156,0.13208134730547447,0.1604653268013474,0.16798341937379085
4,ia_a,57,0.3801712986073728,9.615207899725574,12.807721023805898,8.572503651847878,29.361276757563388,0.21253904681623156,0.13208134730547447,0.1604653268013474,0.16798341937379085
4,ia_a,58,-1.417705140840213,7.0343082157010555,6.983030641210174,73.10745127265585,38.52086053899601,0.21253904681623156,0.13208134730547447,0.1604653268013474,0.16798341937379085
4,ia_a,59,-0.3821855947147218,4.693171819717801,4.672326579848104,42.172016493110185,13.511686867278645,0.21253904681623156,0.13208134730547447,0.1604653268013474,0.16798341937379085
4,va_a,1,2.12894142567526,15.466506699467905,13.878316461934324,218.23290001384035,49.03117797503059,0.11452801637132701,0.1985503098517437,0.19416298170522384,0.2344704033074269
4,va_a,2,-0.6376564428809512,11.012016185017167,6.362230007228343,18.745750004878232,34.905819019914915,0.11452801637132701,0.1985503098517437,0.19416298170522384,0.2344704033074269
4,va_a,3,-0.04773286923411352,14.294099069807775,3.7810479922821894,8.734642939151689,1.8045563911651088,0.11452801637132701,0.1985503098517437,0.19416298170522384,0.2344704033074269
4,va_a,4,0.0773652566963091,3.136442029059735,4.21453514999991,11.52146767128373,13.0705062977398,0.11452801637132701,0.1985503098517437,0.19416298170522384,0.2344704033074269
4,va_a,5,0.9279254336394339,56.475289936055674,11.302678383990635,76.70387694653307,151.28536318043825,0.11452801637132701,0.1985503098517437,0.19416298170522384,0.2344704033074269
4,va_a,6,-0.47928061118627635,1.3038998500099086,10.386433973807945,39.539717758497304,13.584611176771645,0.11452801637132701,0.1985503098517437,0.19416298170522384,0.2344704033074269
4,va_a,7,0.9428479417593564,10.214587435718954,45.06694998354593,11.744112324049631,18.88685956142596,0.11452801637132701,0.1985503098517437,0.19416298170522384,0.2344704033074269
4,va_a,8,-0.19391073521617003,16.08034216625209,8.001976645499838,132.5134304130038,17.818515368408946,0.11452801637132701,0.1985503098517437,0.19416298170522384,0.2344704033074269
4,va_a,9,0.04194615210319663,20.442649029436406,12.876491093739649,41.06875094849915,13.231671270708988,0.11452801637132701,0.1985503098517437,0.19416298170522384,0.2344704033074269
4,va_a,10,-0.8242170290069165,2.5779161360540006,22.100141932759517,33.563081773050996,23.302107615843966,0.11452801637132701,0.1985503098517437,0.19416298170522384,0.2344704033074269
4,va_a,11,-0.676134757310016,4.389522039624603,2.209756508237058,49.24496536342745,15.118545030862684,0.11452801637132701,0.1985503098517437,0.19416298170522384,0.2344704033074269
4,va_a,12,0.3875582005846671,12.830437747588766,17.848243204844973,20.022679473445947,7.522468298200703,0.11452801637132701,0.1985503098517437,0.19416298170522384,0.2344704033074269
4,va_a,13,-0.3779236624380484,28.741735644893012,5.2235501230337125,2.1994236082156817,8.60965614835155,0.11452801637132701,0.1985503098517437,0.19416298170522384,0.2344704033074269
4,va_a,14,-0.8134950393006576,43.05752167778714,23.645095870463578,5.343882432742243,35.52387779558736,0.11452801637132701,0.1985503098517437,0.19416298170522384,0.2344704033074269
4,va_a,15,-0.022755067918430676,8.439767168549288,13.895817815945044,3.8517291275196617,8.281217602054348,0.11452801637132701,0.1985503098517437,0.19416298170522384,0.2344704033074269
4,va_a,16,-0.5364846969839454,18.561194508726857,26.341818012968943,67.02989890889509,3.271246211003382,0.11452801637132701,0.1985503098517437,0.19416298170522384,0.2344704033074269
4,va_a,17,0.5295710770964381,24.162826290664217,7.918715309490544,43.67772159933836,131.04127896265905,0.11452801637132701,0.1985503098517437,0.19416298170522384,0.2344704033074269
4,va_a,18,0.9835154920131154,23.305946075451207,11.645867225812315,78.11887323194648,27.709487236295427,0.11452801637132701,0.1985503098517437,0.19416298170522384,0.2344704033074269
4,va_a,19,0.3264567618322625,3.779583358199575,18.439489789659845,144.97870617787586,46.865899413206364,0.11452801637132701,0.1985503098517437,0.19416298170522384,0.2344704033074269
4,va_a,20,0.31653550028526745,5.732505994110684,4.420175759388096,75.87762479103928,64.19794362487573,0.11452801637132701,0.1985503098517437,0.19416298170522384,0.2344704033074269
4,va_a,21,0.6488888066135327,3.1792617509168295,9.179004382142217,46.65723913016854,15.790337716419755,0.11452801637132701,0.1985503098517437,0.19416298170522384,0.2344704033074269
4,va_a,22,0.00727552141864763,12.905898846527528,3.12419785194169,59.31234656885078,64.25143289511482,0.11452801637132701,0.1985503098517437,0.19416298170522384,0.2344704033074269
4,va_a,23,1.1369388295460323,27.149735074686003,13.252241431979488,21.674219920928035,74.28936612311139,0.11452801637132701,0.1985503098517437,0.19416298170522384,0.2344704033074269
4,va_a,24,-0.24066759604344445,12.722199119341857,16.66976035337587,7.005051709791081,4.720630359722519,0.11452801637132701,0.1985503098517437,0.19416298170522384,0.2344704033074269
4,va_a,25,1.7453393609776233,38.33796886935119,17.811137841014045,7.955422587147825,15.481196957783025,0.11452801637132701,0.1985503098517437,0.19416298170522384,0.2344704033074269
4,va_a,26,-0.43961092858841305,137.144218081651,23.70336081247419,150.74904482232748,131.21301159480697,0.11452801637132701,0.1985503098517437,0.19416298170522384,0.2344704033074269
4,va_a,27,-0.10094097557536502,33.16163448826926,12.093039839869311,34.63067380665602,19.199557352457514,0.11452801637132701,0.1985503098517437,0.19416298170522384,0.2344704033074269
4,va_a,28,-0.6370774200074517,2.5355775214472214,5.281923622231701,6.9214325364585,5.859115811309471,0.11452801637132701,0.1985503098517437,0.19416298170522384,0.2344704033074269
4,va_a,29,-0.2902877757414301,19.4130549965425,9.733431201143176,98.73995129685449,43.00973576665953,0.11452801637132701,0.1985503098517437,0.19416298170522384,0.2344704033074269
4,va_a,30,0.6817829097798114,12.302265913042437,4.5642493582915975,8.815064553096166,2.9018241107197724,0.11452801637132701,0.1985503098517437,0.19416298170522384,0.2344704033074269
4,va_a,31,-0.12361632759860816,5.680322784727164,9.819508048913823,7.011575149649838,7.379874070814169,0.11452801637132701,0.1985503098517437,0.19416298170522384,0.2344704033074269
4,va_a,32,1.0263501309742382,6.549230231947105,8.93874986334102,25.734923832013923,14.46694034715072,0.11452801637132701,0.1985503098517437,0.19416298170522384,0.2344704033074269
4,va_a,33,0.8731609356975387,9.30937033367668,7.747367310163217,166.1184141874122,14.455248632850592,0.11452801637132701,0.1985503098517437,0.19416298170522384,0.2344704033074269
4,va_a,34,-0.000603579583484271,8.296566232163986,16.09284076898111,4.26463907972872,17.594846302909122,0.11452801637132701,0.1985503098517437,0.19416298170522384,0.2344704033074269
4,va_a,35,1.2909198026088373,15.62057086913833,4.296069012871331,107.35454558223462,48.207307290399484,0.11452801637132701,0.1985503098517437,0.19416298170522384,0.2344704033074269
4,va_a,36,0.7958688632200386,6.094674403994981,9.85737571910431,6.676222093331948,4.180479363919338,0.11452801637132701,0.1985503098517437,0.19416298170522384,0.2344704033074269
4,va_a,37,-0.1692535093667198,2.1137382729377774,5.034805085040762,6.119576871151709,22.02581541461245,0.11452801637132701,0.1985503098517437,0.19416298170522384,0.2344704033074269
4,va_a,38,0.44746819490219525,8.930915435689238,7.648150367788601,52.528773050430246,38.59912608864026,0.11452801637132701,0.1985503098517437,0.19416298170522384,0.2344704033074269
4,va_a,39,0.6382578557872183,12.581276716930082,14.059618390759864,37.320739589610405,44.21449229871234,0.11452801637132701,0.1985503098517437,0.19416298170522384,0.2344704033074269
4,va_a,40,0.11688685044434098,22.742826555940926,5.544819248111059,37.605149174975715,11.510828008129263,0.11452801637132701,0.1985503098517437,0.19416298170522384,0.2344704033074269
4,va_a,41,0.37432530957208143,6.949751339977979,4.490192778398423,16.48081681758222,5.1543127194694875,0.11452801637132701,0.1985503098517437,0.19416298170522384,0.2344704033074269
4,va_a,42,0.5216831566830806,12.912975707536617,16.184055992108174,58.32946390159219,23.408423033818206,0.11452801637132701,0.1985503098517437,0.19416298170522384,0.2344704033074269
4,va_a,43,0.33419601931930304,26.28123738727281,13.383198177176201,2.1120385015652565,28.89540834470449,0.11452801637132701,0.1985503098517437,0.19416298170522384,0.2344704033074269
4,va_a,44,-0.8875468765528792,53.86955367037125,37.4781347880669,131.39975073380216,36.734478226080604,0.11452801637132701,0.1985503098517437,0.19416298170522384,0.2344704033074269
4,va_a,45,-0.618264558917461,10.48790802142526,6.594453631716357,36.770247985318065,21.211533142170737,0.11452801637132701,0.1985503098517437,0.19416298170522384,0.2344704033074269
4,va_a,46,0.6339537232516684,8.718310322331929,5.79129466817836,53.707942938156506,42.33488039210619,0.11452801637132701,0.1985503098517437,0.19416298170522384,0.2344704033074269
4,va_a,47,-0.25765376923399363,53.05984785882558,11.815672656324871,17.350692744148446,6.191490843147149,0.11452801637132701,0.1985503098517437,0.19416298170522384,0.2344704033074269
4,va_a,48,0.2349142835508265,5.166147000716734,2.5304922231069686,15.123314299687294,2.7149944526949663,0.11452801637132701,0.1985503098517437,0.19416298170522384,0.2344704033074269
4,va_a,49,-0.37203173094856595,7.9420395111377555,1.9427236078519303,67.15114896198088,21.964662952715045,0.11452801637132701,0.1985503098517437,0.19416298170522384,0.2344704033074269
4,va_a,50,1.4789372713718478,82.34392766518022,16.517472038820024,197.33863615880998,131.21063910845092,0.11452801637132701,0.1985503098517437,0.19416298170522384,0.2344704033074269
4,va_a,51,0.934155520930656,32.69903918371312,5.108425311153396,129.49943191690667,97.95852551689069,0.11452801637132701,0.1985503098517437,0.19416298170522384,0.2344704033074269
4,va_a,52,0.1505683565857334,6.298770221733566,23.759171460905826,224.42155636291824,152.39123517371485,0.11452801637132701,0.1985503098517437,0.19416298170522384,0.2344704033074269
4,va_a,53,-0.1673918320608895,3.8205231772941497,8.332082823312078,132.50079853765476,18.650096614353945,0.11452801637132701,0.1985503098517437,0.19416298170522384,0.2344704033074269
4,va_a,54,1.3641472776314656,2.9708899358853436,6.099367182310102,35.649109228440004,29.816863468486986,0.11452801637132701,0.1985503098517437,0.19416298170522384,0.2344704033074269
4,va_a,55,0.2852106797920353,7.424274805933434,1.5979903779483604,32.08058631999176,11.201771110998243,0.11452801637132701,0.1985503098517437,0.19416298170522384,0.2344704033074269
4,va_a,56,-0.15331346339361415,2.0858281122957303,5.352956941891544,4.924505858352402,5.636897456901293,0.11452801637132701,0.1985503098517437,0.19416298170522384,0.2344704033074269
4,va_a,57,0.1646691252281248,1.1548882396865923,3.019381640432683,5.994706319673867,5.443755961578699,0.11452801637132701,0.1985503098517437,0.19416298170522384,0.2344704033074269
4,va_a,58,1.0876969650753276,29.354709127867093,10.871707694781113,180.02679930026684,76.65946712420977,0.11452801637132701,0.1985503098517437,0.19416298170522384,0.2344704033074269
4,va_a,59,0.49132318921829793,15.329597797542565,5.22904593028706,62.30844035613035,72.85661666168183,0.11452801637132701,0.1985503098517437,0.19416298170522384,0.2344704033074269
4,va_a,60,-1.1329219136135054,5.011971111808237,9.130320629945327,79.14041278412294,39.17936062974187,0.11452801637132701,0.1985503098517437,0.19416298170522384,0.2344704033074269
5,ia_a,1,0.19620287505326028,3.048265505347333,2.512415086236624,2.1485695701458107,1.7705091845924579,0.11289739660470569,0.133618607627964,0.10218391264493318,0.1441358109147176
5,ia_a,2,-0.05653651681879004,5.101372001324707,8.635585148776078,7.429297584069993,11.186670985396725,0.11289739660470569,0.133618607627964,0.10218391264493318,0.1441358109147176
5,ia_a,3,1.2318523431711221,70.99110969839016,13.557321278705325,140.344984777289,353.7297398234824,0.11289739660470569,0.133618607627964,0.10218391264493318,0.1441358109147176
5,ia_a,6,-0.4209070803410208,20.851276452790174,2.6289231626452874,10.471565458641928,12.689797261532618,0.11289739660470569,0.133618607627964,0.10218391264493318,0.1441358109147176
5,ia_a,7,-0.13462896543132793,6.905483541192261,7.364418470829434,22.366735931665012,49.53964378789429,0.11289739660470569,0.133618607627964,0.10218391264493318,0.1441358109147176
5,ia_a,8,0.6036381910551021,31.950534226451918,2.34612089527478,19.268327663232746,69.24897112907371,0.11289739660470569,0.133618607627964,0.10218391264493318,0.1441358109147176
5,ia_a,9,0.49400781057425114,68.50761295304417,7.680418914114073,28.20986989036652,150.814732507719,0.11289739660470569,0.133618607627964,0.10218391264493318,0.1441358109147176
5,ia_a,10,0.9249799721540918,118.60372016985623,9.493197551428743,6.91136744918819,16.940921536067723,0.11289739660470569,0.133618607627964,0.10218391264493318,0.1441358109147176
5,ia_a,12,-0.6127826345788747,18.371822655307955,2.193727404035368,84.60694809524794,90.72335867476325,0.11289739660470569,0.133618607627964,0.10218391264493318,0.1441358109147176
5,ia_a,15,-1.1905859552328195,11.87453344353721,7.371541230962403,74.47552086364337,58.515015799843425,0.11289739660470569,0.133618607627964,0.10218391264493318,0.1441358109147176
5,ia_a,16,-0.4180484199343704,32.73202524965845,2.8120832033018077,86.85547279560919,34.431192993623426,0.11289739660470569,0.133618607627964,0.10218391264493318,0.1441358109147176
5,ia_a,17,-1.171832269425627,45.60774858223715,13.89875294274385,49.20137233166733,94.40669697825085,0.11289739660470569,0.133618607627964,0.10218391264493318,0.1441358109147176
5,ia_a,20,-0.02061709373898348,0.764745162754107,2.3506027474183915,53.88479111805408,31.925224669418853,0.11289739660470569,0.133618607627964,0.10218391264493318,0.1441358109147176
5,ia_a,21,-0.2875324835104273,21.982046130785037,3.6373922819193085,12.94877808569824,15.612840205660595,0.11289739660470569,0.133618607627964,0.10218391264493318,0.1441358109147176
5,ia_a,22,-0.9781031558530537,33.55659410363409,14.252209501925122,429.2559733315008,156.86452811566267,0.11289739660470569,0.133618607627964,0.10218391264493318,0.1441358109147176
5,ia_a,23,-0.26636127133509363,51.16459428272964,8.65995769141371,55.39157096204942,54.23943268510293,0.11289739660470569,0.133618607627964,0.10218391264493318,0.1441358109147176
5,ia_a,25,-0.8187670909022908,20.206984653529798,3.433594003648896,18.679902118276377,35.93548422956697,0.11289739660470569,0.133618607627964,0.10218391264493318,0.1441358109147176
5,ia_a,27,0.5872902100145513,18.61497864300623,5.861242688972124,69.56116111317375,40.64836978898281,0.11289739660470569,0.133618607627964,0.10218391264493318,0.1441358109147176
5,ia_a,28,-0.7631796550363421,8.251605894911258,5.004076343555914,14.74819448695495,18.091476283393217,0.11289739660470569,0.133618607627964,0.10218391264493318,0.1441358109147176
5,ia_a,29,0.7869856175143357,22.435305179892975,8.63934391772401,111.24388042112874,133.70240395017933,0.11289739660470569,0.133618607627964,0.10218391264493318,0.1441358109147176
5,ia_a,30,-0.9240083827223365,40.9309563159977,6.680721680959984,21.198774004388014,30.581822929065385,0.11289739660470569,0.133618607627964,0.10218391264493318,0.1441358109147176
5,ia_a,32,0.38663923626456076,15.087416052572513,11.022451615289976,14.159946724585037,24.526213576256975,0.11289739660470569,0.133618607627964,0.10218391264493318,0.1441358109147176
5,ia_a,33,0.9434749728231674,29.633048323341043,11.42481061922792,64.39870593468821,55.44536399951582,0.11289739660470569,0.133618607627964,0.10218391264493318,0.1441358109147176
5,ia_a,34,-0.4217585440011881,21.741585035813998,6.013537846323235,79.06955404419604,21.754833295085913,0.11289739660470569,0.133618607627964,0.10218391264493318,0.1441358109147176
5,ia_a,35,-0.039983838727306084,137.88758046834695,7.970619518692897,10.766445245719263,81.89363389358022,0.11289739660470569,0.133618607627964,0.10218391264493318,0.1441358109147176
5,ia_a,36,-0.6385156719512959,19.122824400166454,5.229641596634795,33.65963518920429,40.99768790425151,0.11289739660470569,0.133618607627964,0.10218391264493318,0.1441358109147176
5,ia_a,37,-2.2388254909772196,7.242448642686364,20.630448850444967,16.01675547674011,12.899606423064222,0.11289739660470569,0.133618607627964,0.10218391264493318,0.1441358109147176
5,ia_a,38,0.3740432068787711,11.684363241627079,4.497588541193994,78.39638823465505,66.20595362163593,0.11289739660470569,0.133618607627964,0.10218391264493318,0.1441358109147176
5,ia_a,39,-1.0992749691020303,20.689175675404677,12.64061355818152,11.289154045920752,16.487709243753734,0.11289739660470569,0.133618607627964,0.10218391264493318,0.1441358109147176
5,ia_a,40,-0.3098489146043715,17.405303122730718,6.548040517058172,77.49989646430345,71.83945401256612,0.11289739660470569,0.133618607627964,0.10218391264493318,0.1441358109147176
5,ia_a,41,-0.6445244514375077,84.78473716279262,16.831228897185976,34.292310422844885,31.884250293767366,0.11289739660470569,0.133618607627964,0.10218391264493318,0.1441358109147176
5,ia_a,42,-0.9953770685193497,43.97472922868691,12.759477560781672,22.713929541209705,9.563504096328584,0.11289739660470569,0.133618607627964,0.10218391264493318,0.1441358109147176
5,ia_a,44,-0.9057551476029633,113.26385657838733,9.539869625453617,231.76170605074316,155.3481381738983,0.11289739660470569,0.133618607627964,0.10218391264493318,0.1441358109147176
5,ia_a,45,0.5335002347919283,89.7068296198225,8.2820619496515,57.967954642966085,134.04620277115674,0.11289739660470569,0.133618607627964,0.10218391264493318,0.1441358109147176
5,ia_a,46,-0.6987425336347566,5.068770060033977,4.522256001550731,67.80396916591765,69.23489699488465,0.11289739660470569,0.133618607627964,0.10218391264493318,0.1441358109147176
5,ia_a,47,-0.557593782406624,38.32153753544148,4.205533750469712,1.8790102164990337,7.685697408381903,0.11289739660470569,0.133618607627964,0.10218391264493318,0.1441358109147176
5,ia_a,48,1.0089318059778383,8.693290153650901,8.316093319274898,45.174530425722594,69.99904751426408,0.11289739660470569,0.133618607627964,0.10218391264493318,0.1441358109147176
5,ia_a,49,-1.274155352346552,59.95080543787562,12.309533388992229,25.99254933827986,93.72645270745248,0.11289739660470569,0.133618607627964,0.10218391264493318,0.1441358109147176
5,ia_a,50,-0.33104280240889483,201.00866287454394,58.11912561266059,345.49759519345645,331.6508494943854,0.11289739660470569,0.133618607627964,0.10218391264493318,0.1441358109147176
5,ia_a,51,0.5192239009269928,107.94905155602267,11.110230867623136,67.09147369120831,199.44992026513103,0.11289739660470569,0.133618607627964,0.10218391264493318,0.1441358109147176
5,ia_a,52,0.5355785165830786,27.045507836748794,5.133809780460971,61.77656849771153,250.87816221181308,0.11289739660470569,0.133618607627964,0.10218391264493318,0.1441358109147176
5,ia_a,53,-0.137735769934262,2.3390492405993912,0.9297622791655851,2.6344009063957268,8.243098035833574,0.11289739660470569,0.133618607627964,0.10218391264493318,0.1441358109147176
5,ia_a,54,-1.187483746562962,7.42391117483101,2.925555125127685,25.712560046179462,27.27454791064888,0.11289739660470569,0.133618607627964,0.10218391264493318,0.1441358109147176
5,ia_a,55,0.6050156518260893,7.805743935153791,0.9778943074235057,47.52264573752535,11.923675269739098,0.11289739660470569,0.133618607627964,0.10218391264493318,0.1441358109147176
5,ia_a,56,0.7350172804374547,34.04868461161286,13.90613103836922,27.676233089665878,20.583943188437296,0.11289739660470569,0.133618607627964,0.10218391264493318,0.1441358109147176
5,ia_a,57,0.019464796374310884,68.76348597108391,11.44329486990082,73.38594438312133,85.87323766919371,0.11289739660470569,0.133618607627964,0.10218391264493318,0.1441358109147176
5,ia_a,58,0.16134309194322988,15.889131264723195,13.030952848995353,59.12283947314899,56.57058596466808,0.11289739660470569,0.133618607627964,0.10218391264493318,0.1441358109147176
5,ia_a,59,1.5479128703304756,15.833959883539416,13.514557505101969,80.79529241990315,160.23158435471385,0.11289739660470569,0.133618607627964,0.10218391264493318,0.1441358109147176
5,va_a,1,-1.5727914806862278,11.732432912387454,9.404685582491338,118.10780516984823,86.17330288470728,0.1769707452001462,0.18976465803087428,0.2092467004347768,0.14468842316123728
5,va_a,2,-3.807649445653478,127.82580765367987,13.347631501369431,897.4047726305597,709.4525170477997,0.1769707452001462,0.18976465803087428,0.2092467004347768,0.14468842316123728
5,va_a,3,-0.7404088596189262,14.139257870662323,6.093348942465833,3.413126682947127,12.137177664489666,0.1769707452001462,0.18976465803087428,0.2092467004347768,0.14468842316123728
5,va_a,4,0.2665150176313981,39.5461729887237,14.225084796088368,6.553549665400372,7.557954810887676,0.1769707452001462,0.18976465803087428,0.2092467004347768,0.14468842316123728
5,va_a,5,-2.208818973263738,4.996075445871576,5.004815130825876,67.62783872555201,80.88544016408758,0.1769707452001462,0.18976465803087428,0.2092467004347768,0.14468842316123728
5,va_a,6,1.2595928658505797,42.33929807425037,7.7007190601718785,15.648761737155047,8.230368947870708,0.1769707452001462,0.18976465803087428,0.2092467004347768,0.14468842316123728
5,va_a,7,0.5767377732086705,4.060839447978808,2.4400820129257803,22.90751463082771,4.865019365040426,0.1769707452001462,0.18976465803087428,0.2092467004347768,0.14468842316123728
5,va_a,8,0.5041123690471876,13.898430533427094,5.365257369101476,100.20544797286878,98.00252885349873,0.1769707452001462,0.18976465803087428,0.2092467004347768,0.14468842316123728
5,va_a,9,-0.47854067049925064,38.910880769173545,10.019814936251123,30.94491183712683,92.82291044758692,0.1769707452001462,0.18976465803087428,0.2092467004347768,0.14468842316123728
5,va_a,10,-0.28562964806696006,2.668738345421871,2.3590870897996408,3.1569576721745283,6.834929823832752,0.1769707452001462,0.18976465803087428,0.2092467004347768,0.14468842316123728
5,va_a,11,-0.25124414075616625,23.405400380859337,9.182222775856758,10.170848350310749,29.66322068198791,0.1769707452001462,0.18976465803087428,0.2092467004347768,0.14468842316123728
5,va_a,12,0.1952928063384336,13.110729030887628,1.7756815050159545,20.879991282895443,38.881966230868215,0.1769707452001462,0.18976465803087428,0.2092467004347768,0.14468842316123728
5,va_a,13,0.012674939810961596,14.670226199371228,3.1107703510746902,32.98075084156691,32.97342028530253,0.1769707452001462,0.18976465803087428,0.2092467004347768,0.14468842316123728
5,va_a,14,-0.4862733992329326,36.70445079206326,6.0142063053559465,33.04549491733116,167.42123746072363,0.1769707452001462,0.18976465803087428,0.2092467004347768,0.14468842316123728
5,va_a,15,1.705508454376923,127.7670468525844,8.949631681074552,60.04237780706837,83.80447891758675,0.1769707452001462,0.18976465803087428,0.2092467004347768,0.14468842316123728
5,va_a,16,-0.5877976384108659,14.564706742168717,8.646430813099487,41.93819446870613,101.57983476707963,0.1769707452001462,0.18976465803087428,0.2092467004347768,0.14468842316123728
5,va_a,17,0.31717827427346723,16.239738972930297,4.705870250093386,11.6626949458952,81.73576108951193,0.1769707452001462,0.18976465803087428,0.2092467004347768,0.14468842316123728
5,va_a,18,-2.093036970621611,42.553105060561194,29.587649785146912,154.48550555114494,169.83544569745763,0.1769707452001462,0.18976465803087428,0.2092467004347768,0.14468842316123728
5,va_a,19,-0.948149185831443,50.60076988062297,15.197082663253935,286.70185360216993,83.72407242294136,0.1769707452001462,0.18976465803087428,0.2092467004347768,0.14468842316123728
5,va_a,20,-0.3202187950046134,9.598550314278128,2.9325041242628216,10.649728144037011,9.55722851808098,0.1769707452001462,0.18976465803087428,0.2092467004347768,0.14468842316123728
5,va_a,21,1.418052715645731,40.024342611683636,8.316445241450905,71.43110215905263,109.1675284044214,0.1769707452001462,0.18976465803087428,0.2092467004347768,0.14468842316123728
5,va_a,22,0.4018728260604971,14.288773773641768,2.970541014068092,47.80816310190473,10.163727961048071,0.1769707452001462,0.18976465803087428,0.2092467004347768,0.14468842316123728
5,va_a,23,-0.8325691430593547,14.31449983762991,8.033624386573122,118.29248258572726,12.052832155800418,0.1769707452001462,0.18976465803087428,0.2092467004347768,0.14468842316123728
5,va_a,24,-0.5990049606229405,7.205172835198417,4.1731516410267755,51.55011849736883,29.700167278436147,0.1769707452001462,0.18976465803087428,0.2092467004347768,0.14468842316123728
5,va_a,25,0.9630743442172218,44.93969164836316,13.628331551690769,15.122131025984464,18.41722013036623,0.1769707452001462,0.18976465803087428,0.2092467004347768,0.14468842316123728
5,va_a,26,0.040214827281380684,81.10535542334428,6.288350919308363,153.42404354423306,105.72014538345204,0.1769707452001462,0.18976465803087428,0.2092467004347768,0.14468842316123728
5,va_a,27,-0.7631531270637534,16.20543396616678,21.86368121463769,6.9493687327710685,12.138121253161428,0.1769707452001462,0.18976465803087428,0.2092467004347768,0.14468842316123728
5,va_a,28,-0.036523379534685124,23.09202221387264,5.175447763842694,28.69332063954278,17.896165865224198,0.1769707452001462,0.18976465803087428,0.2092467004347768,0.14468842316123728
5,va_a,29,0.3561421979451924,7.782916140280634,5.838681252460138,23.349461193066556,4.146364910489426,0.1769707452001462,0.18976465803087428,0.2092467004347768,0.14468842316123728
5,va_a,30,-1.4574347849803777,32.977983633168,4.247734291997707,115.3930338338405,26.048736361953054,0.1769707452001462,0.18976465803087428,0.2092467004347768,0.14468842316123728
5,va_a,31,-0.04242841263162957,55.51348122479701,18.161355981582094,37.74621555981435,198.48990363235845,0.1769707452001462,0.18976465803087428,0.2092467004347768,0.14468842316123728
5,va_a,32,0.43748525998128246,13.788999799989941,3.7589383221670074,3.42122392695962,7.883618194605285,0.1769707452001462,0.18976465803087428,0.2092467004347768,0.14468842316123728
5,va_a,33,1.9025294684267722,39.83510564250507,7.170936049631134,294.6929856539893,144.99840746448012,0.1769707452001462,0.18976465803087428,0.2092467004347768,0.14468842316123728
5,va_a,34,0.3119603058773602,18.03647667840082,5.176705387513446,8.962970680965087,6.760695705321423,0.1769707452001462,0.18976465803087428,0.2092467004347768,0.14468842316123728
5,va_a,35,-0.0425522012995132,4.854066880379412,3.676256579662527,8.571391154874785,2.8269180750870304,0.1769707452001462,0.18976465803087428,0.2092467004347768,0.14468842316123728
5,va_a,36,-0.3234554907552304,17.045516199144224,6.2472503504559045,9.653496113030346,5.803975294592466,0.1769707452001462,0.18976465803087428,0.2092467004347768,0.14468842316123728
5,va_a,37,-0.9527371986997292,12.376613877134425,10.598823184459738,3.8823460318190537,16.761338336515916,0.1769707452001462,0.18976465803087428,0.2092467004347768,0.14468842316123728
5,va_a,38,0.995831479990876,7.760033859196774,8.087021739597056,151.5054571302214,60.99111771368504,0.1769707452001462,0.18976465803087428,0.2092467004347768,0.14468842316123728
5,va_a,39,-0.07171269181448088,41.046688044289276,5.787679292827763,14.424198457111718,57.77660508114439,0.1769707452001462,0.18976465803087428,0.2092467004347768,0.14468842316123728
5,va_a,40,0.6064961608961479,13.560860123592178,14.550469755818673,1.3582156822857872,8.944510081397798,0.1769707452001462,0.18976465803087428,0.2092467004347768,0.14468842316123728
5,va_a,41,-0.6742686714796778,13.627246387419252,10.382979517211078,51.52233412618825,27.436673696930132,0.1769707452001462,0.18976465803087428,0.2092467004347768,0.14468842316123728
5,va_a,42,0.3320959122716383,55.983049611093726,9.452396814337517,245.95702815901035,99.63904308072652,0.1769707452001462,0.18976465803087428,0.2092467004347768,0.14468842316123728
5,va_a,43,-0.1409175176855354,3.2687616239433663,11.0393371451261,5.883431400058929,2.8572358984570374,0.1769707452001462,0.18976465803087428,0.2092467004347768,0.14468842316123728
5,va_a,44,-0.2604690823486401,5.931714368336419,10.485205163080956,125.16619044216554,18.681330983981212,0.1769707452001462,0.18976465803087428,0.2092467004347768,0.14468842316123728
5,va_a,46,0.22936017585899907,2.9641350251718888,4.562125073515881,28.754064976396222,33.058077837431455,0.1769707452001462,0.18976465803087428,0.2092467004347768,0.14468842316123728
5,va_a,47,-0.23194619733764288,49.587511223747036,8.118154300144388,79.12991047696592,91.45403112230706,0.1769707452001462,0.18976465803087428,0.2092467004347768,0.14468842316123728
5,va_a,48,-3.102528851177811,26.756926694220905,31.096466372135765,288.7446472620122,110.46543546303671,0.1769707452001462,0.18976465803087428,0.2092467004347768,0.14468842316123728
5,va_a,49,-0.08700151175922387,2.78981873689225,3.4710054750978916,6.33145122337602,12.514669506056514,0.1769707452001462,0.18976465803087428,0.2092467004347768,0.14468842316123728
5,va_a,50,-1.6143384458950043,29.574218867050273,11.47925582655681,9.308462196744527,24.200441633585008,0.1769707452001462,0.18976465803087428,0.2092467004347768,0.14468842316123728
5,va_a,51,-1.4045725866256569,33.817363463003076,9.161748080533219,297.4139757251783,83.07741277175556,0.1769707452001462,0.18976465803087428,0.2092467004347768,0.14468842316123728
5,va_a,52,0.50840798176936,14.943720074636479,11.977184517565581,201.02431073450612,80.71945427781799,0.1769707452001462,0.18976465803087428,0.2092467004347768,0.14468842316123728
5,va_a,53,-0.6959351520669755,30.663364595184024,6.368818392234434,192.83514881976868,35.85590111917397,0.1769707452001462,0.18976465803087428,0.2092467004347768,0.14468842316123728
5,va_a,54,0.4957361661771807,8.574056124322832,2.0256358552817377,18.116334047755323,3.9970153609076604,0.1769707452001462,0.18976465803087428,0.2092467004347768,0.14468842316123728
5,va_a,55,1.6626399741741227,26.77305381113014,7.184114572066227,67.20397404741081,50.25565738807932,0.1769707452001462,0.18976465803087428,0.2092467004347768,0.14468842316123728
5,va_a,56,-0.6094594243958223,79.69007668926665,13.106617517679581,146.43944489130487,157.26122137105298,0.1769707452001462,0.18976465803087428,0.2092467004347768,0.14468842316123728
5,va_a,57,-1.8054999876704358,30.61585279993476,11.243427482084458,163.20366105177834,88.17962788039723,0.1769707452001462,0.18976465803087428,0.2092467004347768,0.14468842316123728
5,va_a,58,-0.4338308372147052,12.977055891917857,2.3509896313472556,13.0544928299635,15.055867386462648,0.1769707452001462,0.18976465803087428,0.2092467004347768,0.14468842316123728
5,va_a,59,-0.4206773257249481,4.732789932878538,4.603196639101225,1.1262747604340277,6.9638454171297655,0.1769707452001462,0.18976465803087428,0.2092467004347768,0.14468842316123728
5,va_a,60,0.854424346979016,7.2048736139443665,16.184648724212728,18.9942495167034,5.523960943353711,0.1769707452001462,0.18976465803087428,0.2092467004347768,0.14468842316123728
6,ia_a,1,1.608984220929631,19.69198825513297,9.402237192063396,13.265847343262507,9.945802179394436,0.21244695244961762,0.20241624294348337,0.13718933772104042,0.20316400989398098
6,ia_a,2,-0.4641453984171074,4.158801104789667,7.703615919698785,115.15233146298604,37.59484858672681,0.21244695244961762,0.20241624294348337,0.13718933772104042,0.20316400989398098
6,ia_a,3,-0.14806933322335475,4.987885032307783,14.13087480275945,53.137135171160935,27.21449902011395,0.21244695244961762,0.20241624294348337,0.13718933772104042,0.20316400989398098
6,ia_a,4,0.2842168114729895,13.195919553882998,8.512938098919975,63.78920122460633,30.775984664954194,0.21244695244961762,0.20241624294348337,0.13718933772104042,0.20316400989398098
6,ia_a,5,0.9359959580162834,14.405839158862006,7.045892793716292,67.0977786556982,16.08006275816294,0.21244695244961762,0.20241624294348337,0.13718933772104042,0.20316400989398098
6,ia_a,6,0.1643916410072602,6.214684254554664,4.718046076399014,6.281971794081607,9.69173174319965,0.21244695244961762,0.20241624294348337,0.13718933772104042,0.20316400989398098
6,ia_a,7,0.42501884409183166,27.997167577277995,18.97666643576605,270.48624756419406,207.2374120065397,0.21244695244961762,0.20241624294348337,0.13718933772104042,0.20316400989398098
6,ia_a,8,0.31461776244609513,4.851087138473191,7.637831274525958,3.7691155929328697,2.451226176984427,0.21244695244961762,0.20241624294348337,0.13718933772104042,0.20316400989398098
6,ia_a,9,0.6749796560438676,5.933407537934102,6.795917401983517,22.451903071865917,14.549409197820754,0.21244695244961762,0.20241624294348337,0.13718933772104042,0.20316400989398098
6,ia_a,10,0.49825682040662234,8.227196497484755,9.325297977143578,116.16633000347686,46.13263541678389,0.21244695244961762,0.20241624294348337,0.13718933772104042,0.20316400989398098
6,ia_a,11,-0.2745807357648303,4.447814092092159,7.042954623387606,45.61306925085623,16.788403062631847,0.21244695244961762,0.20241624294348337,0.13718933772104042,0.20316400989398098
6,ia_a,12,0.5993707624251775,8.042373284429779,6.137421073514232,3.040083420175508,4.350421943347685,0.21244695244961762,0.20241624294348337,0.13718933772104042,0.20316400989398098
6,ia_a,13,0.7333652632220717,27.625565940458564,11.955851122836478,0.6196421700966794,1.3566318013477285,0.21244695244961762,0.20241624294348337,0.13718933772104042,0.20316400989398098
6,ia_a,15,0.025917292093699987,13.604580717733706,5.719218167422042,20.513970226338266,8.784624258020946,0.21244695244961762,0.20241624294348337,0.13718933772104042,0.20316400989398098
6,ia_a,16,0.18206105914315787,32.029796876045744,9.580789054352623,19.031130156603613,61.07709217703349,0.21244695244961762,0.20241624294348337,0.13718933772104042,0.20316400989398098
6,ia_a,17,0.8214325572884941,3.739759140497477,7.148147079138411,9.59558336896766,3.829542351723174,0.21244695244961762,0.20241624294348337,0.13718933772104042,0.20316400989398098
6,ia_a,18,0.9245546902490669,1.5457363773223014,9.588351782336892,174.50967299033874,45.3772097071693,0.21244695244961762,0.20241624294348337,0.13718933772104042,0.20316400989398098
6,ia_a,19,-0.8561943259113994,22.510836291768378,29.2785656835767,15.289934025568842,12.642462867045122,0.21244695244961762,0.20241624294348337,0.13718933772104042,0.20316400989398098
6,ia_a,20,-0.17650718117844327,35.03251103496598,9.21182854064866,11.537376220426552,9.231957559551223,0.21244695244961762,0.20241624294348337,0.13718933772104042,0.20316400989398098
6,ia_a,21,0.7416677327448556,9.684633511420316,2.201221555603548,25.994056001127493,40.97622535166746,0.21244695244961762,0.20241624294348337,0.13718933772104042,0.20316400989398098
6,ia_a,22,-0.4776919654019971,11.5990050921746,11.354536382693876,63.33462990372193,53.82166446438686,0.21244695244961762,0.20241624294348337,0.13718933772104042,0.20316400989398098
6,ia_a,23,0.31723603777449505,0.47342698966499513,2.5300661684986614,18.460836136614088,3.9402826500157566,0.21244695244961762,0.20241624294348337,0.13718933772104042,0.20316400989398098
6,ia_a,24,0.021700324633562685,0.4607654485049649,2.540311739037311,8.483404825731146,2.684723285756486,0.21244695244961762,0.20241624294348337,0.13718933772104042,0.20316400989398098
6,ia_a,25,0.25633101329133623,6.517461788333395,16.735780697056423,25.475165879134604,14.51839184812821,0.21244695244961762,0.20241624294348337,0.13718933772104042,0.20316400989398098
6,ia_a,26,-0.1136975326270049,7.688689990436358,4.760222646888176,18.759005683067937,25.53662179742864,0.21244695244961762,0.20241624294348337,0.13718933772104042,0.20316400989398098
6,ia_a,27,0.5373603101678461,17.711584188007976,13.428901710256287,130.11599638853062,23.947030006542352,0.21244695244961762,0.20241624294348337,0.13718933772104042,0.20316400989398098
6,ia_a,28,1.0578844157183032,12.131205366508325,10.467971404191534,30.34574079504892,30.42779880939612,0.21244695244961762,0.20241624294348337,0.13718933772104042,0.20316400989398098
6,ia_a,29,0.7227099804066253,9.475257700269088,8.945721082015226,10.19225765839484,8.540125992614078,0.21244695244961762,0.20241624294348337,0.13718933772104042,0.20316400989398098
6,ia_a,30,-0.5487617838360754,7.186355239146243,7.452333131656927,4.316832631279234,11.833847471416535,0.21244695244961762,0.20241624294348337,0.13718933772104042,0.20316400989398098
6,ia_a,31,1.9110185214310547,25.62525372699684,16.215678947337757,53.861339650343254,60.65815037054897,0.21244695244961762,0.20241624294348337,0.13718933772104042,0.20316400989398098
6,ia_a,32,0.07116875834979978,4.3490652545508945,8.207706315845266,2.851231126001317,12.75250581817242,0.21244695244961762,0.20241624294348337,0.13718933772104042,0.20316400989398098
6,ia_a,33,-0.2741321610671231,11.747879513893027,8.722666390946744,17.186093768390556,4.643949001071087,0.21244695244961762,0.20241624294348337,0.13718933772104042,0.20316400989398098
6,ia_a,34,-0.3489876263736121,7.27749744548445,9.426359352186497,26.26648338723358,21.86020030275683,0.21244695244961762,0.20241624294348337,0.13718933772104042,0.20316400989398098
6,ia_a,35,0.7955227888681946,12.59490236235578,11.21734365266649,7.911820548241165,11.58788586594991,0.21244695244961762,0.20241624294348337,0.13718933772104042,0.20316400989398098
6,ia_a,36,-0.6172438823771978,7.312015227556538,6.400191497370192,19.403576692358516,18.975513373406077,0.21244695244961762,0.20241624294348337,0.13718933772104042,0.20316400989398098
6,ia_a,37,-0.08011118032735275,3.996232981427429,3.876729905925657,14.225512087080139,22.240489152301503,0.21244695244961762,0.20241624294348337,0.13718933772104042,0.20316400989398098
6,ia_a,38,0.6342749196236868,11.05356230585392,5.025115006345513,35.48838482313718,28.88225800004803,0.21244695244961762,0.20241624294348337,0.13718933772104042,0.20316400989398098
6,ia_a,39,0.9976218825284953,17.739974821204736,81.644359787846,27.87588113394703,16.175336513774106,0.21244695244961762,0.20241624294348337,0.13718933772104042,0.20316400989398098
6,ia_a,41,-0.5505717363382302,54.377489983266535,29.70390023470518,140.49941916861368,23.931136186917453,0.21244695244961762,0.20241624294348337,0.13718933772104042,0.20316400989398098
6,ia_a,42,0.2464024988497988,20.866939024104525,6.043177980746203,44.34403178596778,31.18541969568018,0.21244695244961762,0.20241624294348337,0.13718933772104042,0.20316400989398098
6,ia_a,43,0.9032262185851212,36.805973902909535,22.38532069961767,133.45052407089742,70.50724782485902,0.21244695244961762,0.20241624294348337,0.13718933772104042,0.20316400989398098
6,ia_a,44,0.24296864340619911,31.167777292786166,7.7442405155644005,31.67232195938171,21.12135260588457,0.21244695244961762,0.20241624294348337,0.13718933772104042,0.20316400989398098
6,ia_a,45,-0.9856717276288586,3.3855588331109847,15.376318047151559,39.07511005287612,23.610794957932892,0.21244695244961762,0.20241624294348337,0.13718933772104042,0.20316400989398098
6,ia_a,46,-0.0856681729889935,8.4119943851922,4.767246572251572,15.459697918334285,6.582580652903214,0.21244695244961762,0.20241624294348337,0.13718933772104042,0.20316400989398098
6,ia_a,47,0.051783593367938266,7.3584249172440375,13.73457422634169,18.262999824118655,13.434884689657983,0.21244695244961762,0.20241624294348337,0.13718933772104042,0.20316400989398098
6,ia_a,48,-0.3993218479311918,3.5512862504062337,5.958592816297488,10.89573565123728,10.460646058070411,0.21244695244961762,0.20241624294348337,0.13718933772104042,0.20316400989398098
6,ia_a,50,0.22429410688137533,8.340244907164875,3.4150947462852415,6.051395158921077,7.94542449287018,0.21244695244961762,0.20241624294348337,0.13718933772104042,0.20316400989398098
6,ia_a,51,-0.8449755296565575,39.6978721149975,22.430822809874627,114.12423149907583,184.86077505395113,0.21244695244961762,0.20241624294348337,0.13718933772104042,0.20316400989398098
6,ia_a,52,0.7213193169147162,5.133617741308523,2.926934660925596,37.74454079664276,26.35051270147333,0.21244695244961762,0.20241624294348337,0.13718933772104042,0.20316400989398098
6,ia_a,53,0.9870734143731539,25.411641003184982,5.028665465716864,10.708884358424875,51.551524385658354,0.21244695244961762,0.20241624294348337,0.13718933772104042,0.20316400989398098
6,ia_a,54,-0.26228654239978705,6.590439655942054,22.414389628662466,0.8492312214249325,3.727143787023915,0.21244695244961762,0.20241624294348337,0.13718933772104042,0.20316400989398098
6,ia_a,56,0.8903860557017343,15.100896052845954,9.001255658830406,3.589911381659837,1.059442046003154,0.21244695244961762,0.20241624294348337,0.13718933772104042,0.20316400989398098
6,ia_a,58,-0.3645668932234832,1.2753766293562223,4.49720153319112,36.07210303640069,2.4805242611254164,0.21244695244961762,0.20241624294348337,0.13718933772104042,0.20316400989398098
6,ia_a,59,-0.9377434226947209,9.878760206409734,8.215572767923115,36.611186360037074,49.03167592191585,0.21244695244961762,0.20241624294348337,0.13718933772104042,0.20316400989398098
6,ia_a,60,0.7528692140211658,20.425711408800925,5.741192311100424,12.642319236753838,4.204104589476185,0.21244695244961762,0.20241624294348337,0.13718933772104042,0.20316400989398098
6,va_a,1,0.5151588483770814,28.181617921979402,7.521234602820126,37.86654188790493,24.625237756818404,0.1004371949231293,0.13009538495852285,0.36696592102517755,0.1100078533309788
6,va_a,2,0.26803336563480923,12.48035693331301,12.843115117909377,12.75691373097991,39.05736770676637,0.1004371949231293,0.13009538495852285,0.36696592102517755,0.1100078533309788
6,va_a,3,0.35571311270329475,3.7318192431108077,8.904530101325813,26.056780960470252,5.924077881047648,0.1004371949231293,0.13009538495852285,0.36696592102517755,0.1100078533309788
6,va_a,4,-0.16041214308216323,20.616204869139303,2.8818621067480885,8.774873543874365,34.28049484245052,0.1004371949231293,0.13009538495852285,0.36696592102517755,0.1100078533309788
6,va_a,5,2.5900282279230065,63.00524689102982,29.02693777337723,303.2200575732441,58.45239974337391,0.1004371949231293,0.13009538495852285,0.36696592102517755,0.1100078533309788
6,va_a,6,-0.7552118471314174,35.58022821168335,7.2817320015538645,10.60300003358785,42.85075541952233,0.1004371949231293,0.13009538495852285,0.36696592102517755,0.1100078533309788
6,va_a,7,-0.5753689400167632,15.807686928434034,8.340963853486764,24.118004736136132,14.796274101648104,0.1004371949231293,0.13009538495852285,0.36696592102517755,0.1100078533309788
6,va_a,8,-0.0020255736536069725,7.145452510035299,41.4100496278821,31.978606471192318,6.510990711021119,0.1004371949231293,0.13009538495852285,0.36696592102517755,0.1100078533309788
6,va_a,9,-0.21795002090657675,1.9031282212766296,13.980687370222471,26.329159600852506,7.177601925397988,0.1004371949231293,0.13009538495852285,0.36696592102517755,0.1100078533309788
6,va_a,10,1.2394553677325482,66.71730492112654,12.653905861514728,57.139727793956865,98.27943719721794,0.1004371949231293,0.13009538495852285,0.36696592102517755,0.1100078533309788
6,va_a,11,-1.8983462611277124,12.22545475458571,8.581091426187358,95.42128523255903,35.220990429394654,0.1004371949231293,0.13009538495852285,0.36696592102517755,0.1100078533309788
6,va_a,12,0.08564648571965537,9.933380394032316,6.948258248842413,9.658445990572813,42.35522260206988,0.1004371949231293,0.13009538495852285,0.36696592102517755,0.1100078533309788
6,va_a,13,0.23012668527024177,2.104227232080212,2.8131062858689235,0.21140347836962337,1.988509325584308,0.1004371949231293,0.13009538495852285,0.36696592102517755,0.1100078533309788
6,va_a,14,0.5411883885318016,24.69868307100024,3.1530644925314726,10.38482823449228,14.532685138172853,0.1004371949231293,0.13009538495852285,0.36696592102517755,0.1100078533309788
6,va_a,15,-0.7641959292236031,28.711604639200516,13.76522900828203,2.0799510246887043,5.610974169352704,0.1004371949231293,0.13009538495852285,0.36696592102517755,0.1100078533309788
6,va_a,16,-0.7896500067365221,21.811555715298855,15.710986531578213,63.873950701625546,16.61012378509933,0.1004371949231293,0.13009538495852285,0.36696592102517755,0.1100078533309788
6,va_a,17,-0.11151718264869921,69.97563563610683,14.146507548023067,92.61768154044243,96.54267164645178,0.1004371949231293,0.13009538495852285,0.36696592102517755,0.1100078533309788
6,va_a,18,0.4678227470644429,7.5493214576974035,4.320643556389754,22.765946341841698,13.956486565394894,0.1004371949231293,0.13009538495852285,0.36696592102517755,0.1100078533309788
6,va_a,19,-0.9485691812543241,8.332438672412644,5.993337560559614,53.61673712259597,5.144181607845117,0.1004371949231293,0.13009538495852285,0.36696592102517755,0.1100078533309788
6,va_a,20,0.9120247545680751,15.909839519245102,11.292357814957146,7.075858092910487,22.489973458766695,0.1004371949231293,0.13009538495852285,0.36696592102517755,0.1100078533309788
6,va_a,21,-0.34473215305320126,12.94470421445643,11.736150690304067,155.0789465043471,37.58489069306786,0.1004371949231293,0.13009538495852285,0.36696592102517755,0.1100078533309788
6,va_a,22,0.04430162105856964,3.751279633597501,13.121108102496017,31.129638713789948,4.91354196461835,0.1004371949231293,0.13009538495852285,0.36696592102517755,0.1100078533309788
6,va_a,23,-0.04817929499488109,4.125888837035143,3.645992300762908,1.0039864907604192,10.790249680476295,0.1004371949231293,0.13009538495852285,0.36696592102517755,0.1100078533309788
6,va_a,24,-0.013548311605467864,0.8290184577495777,3.0867308475138815,0.8769596380355321,2.5627069028095963,0.1004371949231293,0.13009538495852285,0.36696592102517755,0.1100078533309788
6,va_a,25,1.2995281268130974,8.55500771167599,9.120832303058576,217.77980816902698,64.22382303678356,0.1004371949231293,0.13009538495852285,0.36696592102517755,0.1100078533309788
6,va_a,26,-0.8814764403090399,34.55158752163854,17.935582730847862,1.0357118810918877,18.059942945021962,0.1004371949231293,0.13009538495852285,0.36696592102517755,0.1100078533309788
6,va_a,27,1.2319543922435956,3.3235917469888334,7.416613619668741,47.11195281356599,18.650891890943306,0.1004371949231293,0.13009538495852285,0.36696592102517755,0.1100078533309788
6,va_a,28,0.2481466184022223,20.841379153982437,37.49703873404238,38.15504603767509,42.68955861732583,0.1004371949231293,0.13009538495852285,0.36696592102517755,0.1100078533309788
6,va_a,29,0.13868142781822757,5.687422711420846,4.21759900148696,74.32538365057572,11.414795351224674,0.1004371949231293,0.13009538495852285,0.36696592102517755,0.1100078533309788
6,va_a,30,-0.640919507136605,12.155270843607491,13.52268086630056,231.56502292526068,54.65486233546866,0.1004371949231293,0.13009538495852285,0.36696592102517755,0.1100078533309788
6,va_a,31,0.8212222019017078,5.016401207016871,3.192521827664081,58.52920960184782,8.86430669083473,0.1004371949231293,0.13009538495852285,0.36696592102517755,0.1100078533309788
6,va_a,32,-0.11350645264173102,10.59274851541604,5.103527676734338,186.28862017214163,53.87374750532605,0.1004371949231293,0.13009538495852285,0.36696592102517755,0.1100078533309788
6,va_a,33,0.4491518409724535,25.760915836155643,7.698140536845317,103.19790334714209,61.18406514169285,0.1004371949231293,0.13009538495852285,0.36696592102517755,0.1100078533309788
6,va_a,34,0.5092399508791586,14.044379128701044,6.118049221650348,10.952509474680168,26.13389125689649,0.1004371949231293,0.13009538495852285,0.36696592102517755,0.1100078533309788
6,va_a,35,0.7518437179197307,5.339178531075989,13.56038905338934,105.55830199536346,36.64586835438591,0.1004371949231293,0.13009538495852285,0.36696592102517755,0.1100078533309788
6,va_a,36,1.5190371251776467,32.39062719089584,6.461025687986538,53.03812146237547,108.04992885059976,0.1004371949231293,0.13009538495852285,0.36696592102517755,0.1100078533309788
6,va_a,37,0.34261296692117,7.362117149130353,17.28520696994045,71.31689342991974,48.38747142844796,0.1004371949231293,0.13009538495852285,0.36696592102517755,0.1100078533309788
6,va_a,38,0.16324065039352134,0.636863894302392,1.7435315264893714,3.850843132451465,5.251974815248609,0.1004371949231293,0.13009538495852285,0.36696592102517755,0.1100078533309788
6,va_a,39,0.23243713483097297,3.4850013698525095,7.3149756890841635,23.97087868773921,7.340676577614402,0.1004371949231293,0.13009538495852285,0.36696592102517755,0.1100078533309788
6,va_a,40,0.9636216225079192,17.841685176257496,27.158000471544835,54.28417939684018,11.442530161272552,0.1004371949231293,0.13009538495852285,0.36696592102517755,0.1100078533309788
6,va_a,41,-0.11432640345124555,13.337016486113361,4.927055194600907,12.130047803189761,19.105731631520417,0.1004371949231293,0.13009538495852285,0.36696592102517755,0.1100078533309788
6,va_a,42,-0.04691691182616282,2.8785672584772874,7.598636948080534,44.464507449098164,13.848144141139201,0.1004371949231293,0.13009538495852285,0.36696592102517755,0.1100078533309788
6,va_a,43,1.4560990021699851,23.01774067179638,10.15397424662737,59.62557586410927,107.67726439247544,0.1004371949231293,0.13009538495852285,0.36696592102517755,0.1100078533309788
6,va_a,44,-0.4722150811307079,17.164406651371387,4.352332486630444,18.383355800584166,47.77325537488683,0.1004371949231293,0.13009538495852285,0.36696592102517755,0.1100078533309788
6,va_a,45,0.874822754923688,2.3522942954192674,40.49919389899514,22.63822778401257,4.218022353979439,0.1004371949231293,0.13009538495852285,0.36696592102517755,0.1100078533309788
6,va_a,46,1.2553624585975736,34.890425907743285,9.835028047249015,80.08729422176906,62.038835212640734,0.1004371949231293,0.13009538495852285,0.36696592102517755,0.1100078533309788
6,va_a,47,0.47058472525221695,29.20981318564145,26.93568686697532,86.60911338189004,16.090355023415377,0.1004371949231293,0.13009538495852285,0.36696592102517755,0.1100078533309788
6,va_a,48,0.052094700857300065,1.2767795707531822,3.6439280601354382,51.53683196956697,4.068892286082707,0.1004371949231293,0.13009538495852285,0.36696592102517755,0.1100078533309788
6,va_a,49,0.4506115747519863,6.85128947684058,3.635925674317681,106.46051405596374,64.73849850762953,0.1004371949231293,0.13009538495852285,0.36696592102517755,0.1100078533309788
6,va_a,50,0.11996790251422335,7.075361662946706,23.55716603971156,22.043269308478482,4.51263097074935,0.1004371949231293,0.13009538495852285,0.36696592102517755,0.1100078533309788
6,va_a,51,0.6170145160785693,2.351956508103409,4.55303761382378,46.53193251068611,10.59753158159176,0.1004371949231293,0.13009538495852285,0.36696592102517755,0.1100078533309788
6,va_a,52,0.814099763406192,4.78714857776386,4.4306917762944416,19.867880735060506,31.79986346291504,0.1004371949231293,0.13009538495852285,0.36696592102517755,0.1100078533309788
6,va_a,53,0.09339588899081117,5.383459038359379,6.948724165872103,5.988856498138259,5.143193186880834,0.1004371949231293,0.13009538495852285,0.36696592102517755,0.1100078533309788
6,va_a,54,0.46405144250992214,3.4871238677346548,12.673169609056357,51.04969827908825,26.6003120714169,0.1004371949231293,0.13009538495852285,0.36696592102517755,0.1100078533309788
6,va_a,55,-0.1450769956165009,5.0272424499515225,16.50059982826896,37.608147957399396,50.03839915034204,0.1004371949231293,0.13009538495852285,0.36696592102517755,0.1100078533309788
6,va_a,56,0.10888641933579819,2.9778774054558896,4.287786046013061,4.3135092199540415,6.51225830444689,0.1004371949231293,0.13009538495852285,0.36696592102517755,0.1100078533309788
6,va_a,57,-0.31376352460619233,15.905423075648844,15.706362354164952,7.997341637838564,22.897498467274502,0.1004371949231293,0.13009538495852285,0.36696592102517755,0.1100078533309788
6,va_a,58,-0.4661632668801564,9.383093436277358,5.231834392495445,20.720637798583645,8.795737301616581,0.1004371949231293,0.13009538495852285,0.36696592102517755,0.1100078533309788
6,va_a,59,0.6832635663383303,10.22981668958539,4.785655138663679,14.159605108457425,9.877504183787646,0.1004371949231293,0.13009538495852285,0.36696592102517755,0.1100078533309788
6,va_a,60,1.8091747928488453,10.621907037314008,10.685577601819816,71.88827405700326,57.45842437424191,0.1004371949231293,0.13009538495852285,0.36696592102517755,0.1100078533309788
7,ia_a,1,-0.964636104142182,6.683032870095161,9.351248406672118,52.39765595398102,62.27836067585355,0.2863924154861705,0.16454711716876408,0.1354904566549383,0.20679169275392065
7,ia_a,2,0.3316122854675299,5.781158128750784,2.972971815472136,6.041335051549836,11.86022387591572,0.2863924154861705,0.16454711716876408,0.1354904566549383,0.20679169275392065
7,ia_a,3,0.2644329550156522,12.549618682166424,16.902283383785225,14.497578348224396,6.448161161206422,0.2863924154861705,0.16454711716876408,0.1354904566549383,0.20679169275392065
7,ia_a,4,-0.2259900317512138,3.5490121111160557,1.762840571557695,4.784904379523472,8.657402123551423,0.2863924154861705,0.16454711716876408,0.1354904566549383,0.20679169275392065
7,ia_a,5,-0.5000806932312063,4.355112636796227,19.27475220581291,80.66083660852716,28.712576441925005,0.2863924154861705,0.16454711716876408,0.1354904566549383,0.20679169275392065
7,ia_a,6,0.4055652779108072,9.511747194046931,8.391233647240584,18.06397564070287,30.769014042922887,0.2863924154861705,0.16454711716876408,0.1354904566549383,0.20679169275392065
7,ia_a,7,-1.719794689503225,26.691436781779764,3.7077796449113176,6.44988327450296,19.132693992325024,0.2863924154861705,0.16454711716876408,0.1354904566549383,0.20679169275392065
7,ia_a,8,0.26496964315720045,9.333452774137841,8.891159867091014,11.59417161701095,5.180166952385108,0.2863924154861705,0.16454711716876408,0.1354904566549383,0.20679169275392065
7,ia_a,9,0.09338741700704271,10.135191022622475,3.92825558063541,15.007654237704402,17.09675938127652,0.2863924154861705,0.16454711716876408,0.1354904566549383,0.20679169275392065
7,ia_a,10,-0.6460666099277244,27.110893257037624,3.3271932734279734,2.117236456183003,19.1428270690864,0.2863924154861705,0.16454711716876408,0.1354904566549383,0.20679169275392065
7,ia_a,11,0.06463511995503686,13.105299032044362,11.905681874097887,59.07363726267455,7.836375106831677,0.2863924154861705,0.16454711716876408,0.1354904566549383,0.20679169275392065
7,ia_a,12,-0.5525249564346191,4.23882884919938,5.962055492187027,5.092434522117863,2.9041916303399677,0.2863924154861705,0.16454711716876408,0.1354904566549383,0.20679169275392065
7,ia_a,13,0.06998389725783102,10.392986082609537,21.18797805585249,12.685824659814864,49.64867404441371,0.2863924154861705,0.16454711716876408,0.1354904566549383,0.20679169275392065
7,ia_a,14,-0.3619953143819516,10.233796466112103,3.7884935188119964,7.593770146164878,13.43397780280509,0.2863924154861705,0.16454711716876408,0.1354904566549383,0.20679169275392065
7,ia_a,15,-0.41034586022775554,31.00886931583117,20.42101109092403,2.773252129726812,30.892127269538566,0.2863924154861705,0.16454711716876408,0.1354904566549383,0.20679169275392065
7,ia_a,16,-0.601759776927141,14.879167695622787,3.8557756610344773,21.278528613115174,21.673128243656667,0.2863924154861705,0.16454711716876408,0.1354904566549383,0.20679169275392065
7,ia_a,17,-0.24750652930301162,6.35851594481997,1.104679547625374,47.792669791391695,40.84739378008565,0.2863924154861705,0.16454711716876408,0.1354904566549383,0.20679169275392065
7,ia_a,18,-0.5366667348673837,27.478794407375307,17.945023312339792,24.227403173853865,10.467565823117884,0.2863924154861705,0.16454711716876408,0.1354904566549383,0.20679169275392065
7,ia_a,19,-0.12672519491994055,45.65735191056127,34.393587035212924,26.87346564108943,17.70611287928699,0.2863924154861705,0.16454711716876408,0.1354904566549383,0.20679169275392065
7,ia_a,20,-1.3024873211883947,25.003964616087444,5.8588049129180915,8.14829700229454,31.062426718480193,0.2863924154861705,0.16454711716876408,0.1354904566549383,0.20679169275392065
7,ia_a,21,-0.6365831650898577,205.46574982232585,58.261916014456965,43.10250689906292,104.75889995895346,0.2863924154861705,0.16454711716876408,0.1354904566549383,0.20679169275392065
7,ia_a,22,-0.5302896089531768,37.86271862226299,16.694133293790944,16.264190209187813,24.650300914788705,0.2863924154861705,0.16454711716876408,0.1354904566549383,0.20679169275392065
7,ia_a,23,0.5335945222319007,1.701784485836442,0.8649318671869887,3.6902322537377876,1.9573598794242602,0.2863924154861705,0.16454711716876408,0.1354904566549383,0.20679169275392065
7,ia_a,24,-0.9843274490924792,4.819449231729985,12.154662196866726,33.71859444955551,47.64208176009617,0.2863924154861705,0.16454711716876408,0.1354904566549383,0.20679169275392065
7,ia_a,25,-1.1244077456238897,21.772203187862498,19.51817810107807,21.09659633656056,24.01430970543406,0.2863924154861705,0.16454711716876408,0.1354904566549383,0.20679169275392065
7,ia_a,26,-1.7744874145007703,9.18004596157188,7.4474936282556055,47.04767061057908,79.18600555499178,0.2863924154861705,0.16454711716876408,0.1354904566549383,0.20679169275392065
7,ia_a,27,0.24453268104261816,17.91025931343089,12.832564892789307,25.473420705747234,26.853214298109933,0.2863924154861705,0.16454711716876408,0.1354904566549383,0.20679169275392065
7,ia_a,28,-1.3342034551003292,249.33187905457322,58.177813711379976,16.895197650431303,83.65429255518258,0.2863924154861705,0.16454711716876408,0.1354904566549383,0.20679169275392065
7,ia_a,29,-0.47520800512575506,51.62763675127268,46.65187457488276,125.56916660473922,28.660061393387554,0.2863924154861705,0.16454711716876408,0.1354904566549383,0.20679169275392065
7,ia_a,30,1.2290225077938564,4.353459939493183,7.1590400042575055,61.580389765296815,34.68406287503532,0.2863924154861705,0.16454711716876408,0.1354904566549383,0.20679169275392065
7,ia_a,31,-1.1833068806523488,35.55865602284264,5.893151080981431,47.073584371096324,86.42718251171353,0.2863924154861705,0.16454711716876408,0.1354904566549383,0.20679169275392065
7,ia_a,32,0.5867072111892085,5.685930880462699,2.6723452253153313,35.463696754167664,9.920090168588356,0.2863924154861705,0.16454711716876408,0.1354904566549383,0.20679169275392065
7,ia_a,33,0.6413200278567451,13.418630548604936,6.251064094647699,4.932438934581133,7.223536227554808,0.2863924154861705,0.16454711716876408,0.1354904566549383,0.20679169275392065
7,ia_a,34,0.6592851876923368,8.401459403397501,2.017724860359156,15.748389978541676,27.232090298160706,0.2863924154861705,0.16454711716876408,0.1354904566549383,0.20679169275392065
7,ia_a,35,0.55250768234094,3.2899693964862347,14.519320332829325,197.3089893133664,27.038147029338887,0.2863924154861705,0.16454711716876408,0.1354904566549383,0.20679169275392065
7,ia_a,36,-0.6478216942270684,4.534593078588661,10.992714761161398,44.271732890304804,13.316817045993117,0.2863924154861705,0.16454711716876408,0.1354904566549383,0.20679169275392065
7,ia_a,37,-0.2705517372701952,25.249973238973524,17.814030837220972,117.7460676112354,10.35994446691585,0.2863924154861705,0.16454711716876408,0.1354904566549383,0.20679169275392065
7,ia_a,38,-1.983668727203295,45.694881453725365,18.797705067812913,18.881828718648066,33.63398837882968,0.2863924154861705,0.16454711716876408,0.1354904566549383,0.20679169275392065
7,ia_a,39,0.9677700322572014,25.493828831270935,8.039891998581416,52.680755898438825,14.141500422562483,0.2863924154861705,0.16454711716876408,0.1354904566549383,0.20679169275392065
7,ia_a,40,-0.8258402701077106,24.714865644020964,17.32684560335044,279.52981564183904,85.17505903279725,0.2863924154861705,0.16454711716876408,0.1354904566549383,0.20679169275392065
7,ia_a,41,-0.6171820639632204,2.3638023618684456,6.01686467245857,24.46722463840489,29.73966593889952,0.2863924154861705,0.16454711716876408,0.1354904566549383,0.20679169275392065
7,ia_a,42,-1.316753361349212,23.2228945135724,24.716013223318818,23.160547930889372,2.4021166265752334,0.2863924154861705,0.16454711716876408,0.1354904566549383,0.20679169275392065
7,ia_a,43,-0.7170533025804824,15.93837882859642,9.562567539725016,66.9582501336042,102.68092180119604,0.2863924154861705,0.16454711716876408,0.1354904566549383,0.20679169275392065
7,ia_a,44,1.4466205160871515,127.6056839438492,22.31092784784159,130.6643817766431,46.30186391270339,0.2863924154861705,0.16454711716876408,0.1354904566549383,0.20679169275392065
7,ia_a,45,0.6231271425881396,16.489986450330402,5.388011136093976,142.1146515913796,23.04620853363781,0.2863924154861705,0.16454711716876408,0.1354904566549383,0.20679169275392065
7,ia_a,46,0.1192457831616858,6.016345764133076,3.548904295192397,22.480791717281008,8.100124066649784,0.2863924154861705,0.16454711716876408,0.1354904566549383,0.20679169275392065
7,ia_a,47,-1.4808332258959023,61.923620878687835,17.616319869794292,23.659957048085623,56.4026256197939,0.2863924154861705,0.16454711716876408,0.1354904566549383,0.20679169275392065
7,ia_a,48,-0.13523739520191597,29.64585934095219,46.16341334719461,34.17943909814232,22.02178319569786,0.2863924154861705,0.16454711716876408,0.1354904566549383,0.20679169275392065
7,ia_a,49,-1.361426236321883,17.21667157946135,51.87355658721521,15.278710514255625,2.3360897870583504,0.2863924154861705,0.16454711716876408,0.1354904566549383,0.20679169275392065
7,ia_a,50,-0.4140604968912269,5.335012440984275,4.708612543456255,8.608501369627813,3.641439543161672,0.2863924154861705,0.16454711716876408,0.1354904566549383,0.20679169275392065
7,ia_a,51,-0.2699510963815492,2.1396453269076856,2.056444602911969,3.4114510012712005,4.381027044124895,0.2863924154861705,0.16454711716876408,0.1354904566549383,0.20679169275392065
7,ia_a,52,-1.2227556716922103,9.856883722234622,21.13170073729413,82.00889855405525,11.123998149809209,0.2863924154861705,0.16454711716876408,0.1354904566549383,0.20679169275392065
7,ia_a,53,-0.7246621372629899,38.11821774532113,7.299752434024987,33.50472369627299,7.7836330554317,0.2863924154861705,0.16454711716876408,0.1354904566549383,0.20679169275392065
7,ia_a,54,-1.5028458157287559,52.661462321373385,55.888691673575444,17.982165203183083,14.636902182720128,0.2863924154861705,0.16454711716876408,0.1354904566549383,0.20679169275392065
7,ia_a,55,0.6020929624907188,17.84581447374954,12.916647816116704,6.657338867142229,9.79909269224324,0.2863924154861705,0.16454711716876408,0.1354904566549383,0.20679169275392065
7,ia_a,56,-0.029181285152661676,6.5529076604717025,1.9327692739262865,13.352637081465614,12.8347257729975,0.2863924154861705,0.16454711716876408,0.1354904566549383,0.20679169275392065
7,ia_a,57,0.15514268512924081,9.95242302451934,10.031427979109685,166.3037557354787,71.44060582852566,0.2863924154861705,0.16454711716876408,0.1354904566549383,0.20679169275392065
7,ia_a,58,-2.0636029380323038,20.254663889302204,23.992890452531434,81.99442023963229,30.81328094491172,0.2863924154861705,0.16454711716876408,0.1354904566549383,0.20679169275392065
7,ia_a,59,1.1426970369381089,43.88414862759266,7.854125412421843,33.108685414293134,18.922318577693957,0.2863924154861705,0.16454711716876408,0.1354904566549383,0.20679169275392065
7,ia_a,60,-1.6852657677335023,9.266893143464415,4.3922472945443936,13.437185481652161,13.599570533465823,0.2863924154861705,0.16454711716876408,0.1354904566549383,0.20679169275392065
7,va_a,1,-0.17084446781784235,41.976772299832675,10.588319043915945,19.530816903115554,26.842195024964827,0.2985054263367058,0.16680773733551446,0.28505904271772003,0.2828951532457534
7,va_a,2,0.43694432335337324,14.708982891676852,7.37474911952211,31.29646388193551,13.743064985429598,0.2985054263367058,0.16680773733551446,0.28505904271772003,0.2828951532457534
7,va_a,3,-0.03243578899322003,14.54486308492073,8.080606782146207,2.9186471251220016,23.202451257517986,0.2985054263367058,0.16680773733551446,0.28505904271772003,0.2828951532457534
7,va_a,4,-0.7239465450890619,104.63387749398804,16.37315000189064,70.34761965483465,133.78784912346293,0.2985054263367058,0.16680773733551446,0.28505904271772003,0.2828951532457534
7,va_a,5,0.6521622875821873,13.382480858743552,6.96221260746143,1.0134989732412962,8.303638760175348,0.2985054263367058,0.16680773733551446,0.28505904271772003,0.2828951532457534
7,va_a,6,-0.002924626054675452,17.809689512049257,8.249101574010623,3.06061416478321,11.861207036752829,0.2985054263367058,0.16680773733551446,0.28505904271772003,0.2828951532457534
7,va_a,7,0.3327125785087224,6.1953458016395455,5.413575732643667,17.47062115955103,17.52340075879965,0.2985054263367058,0.16680773733551446,0.28505904271772003,0.2828951532457534
7,va_a,8,1.3409240552395185,64.1288895267458,26.91499850892686,175.27646560277836,27.453016367408097,0.2985054263367058,0.16680773733551446,0.28505904271772003,0.2828951532457534
7,va_a,9,0.789849749554413,26.91970988913903,4.339632478271596,47.651890970004686,37.08826339786705,0.2985054263367058,0.16680773733551446,0.28505904271772003,0.2828951532457534
7,va_a,10,0.5892164013184703,11.779836708716603,3.3168180973347194,36.364426721303005,25.606050904158778,0.2985054263367058,0.16680773733551446,0.28505904271772003,0.2828951532457534
7,va_a,11,-1.0845477168197226,11.652518295084947,9.401540351301492,105.26950129540381,73.90235066152184,0.2985054263367058,0.16680773733551446,0.28505904271772003,0.2828951532457534
7,va_a,12,-0.16173347875259272,13.299733000976833,6.782847268139027,87.57829735045425,13.86567029476036,0.2985054263367058,0.16680773733551446,0.28505904271772003,0.2828951532457534
7,va_a,13,0.4719425112980045,5.914330244405936,6.575128427383345,34.560687269613176,15.67099588179991,0.2985054263367058,0.16680773733551446,0.28505904271772003,0.2828951532457534
7,va_a,14,0.5772905768825716,15.982382115185679,6.155152261220655,6.505216108893168,13.152534493911169,0.2985054263367058,0.16680773733551446,0.28505904271772003,0.2828951532457534
7,va_a,15,0.17934751018046208,7.880439612504322,4.5193199989140735,73.27448719146834,31.873091983163448,0.2985054263367058,0.16680773733551446,0.28505904271772003,0.2828951532457534
7,va_a,16,1.0864729299900853,9.723330604867682,14.011428291760218,28.4484016316072,56.8911942960342,0.2985054263367058,0.16680773733551446,0.28505904271772003,0.2828951532457534
7,va_a,17,0.5303387537675132,2.9434224021753304,3.8121940044677345,21.904927830808266,17.617070190674514,0.2985054263367058,0.16680773733551446,0.28505904271772003,0.2828951532457534
7,va_a,18,0.9364917867103753,19.012134855002497,8.889245123950026,7.997758041202176,7.711295661716475,0.2985054263367058,0.16680773733551446,0.28505904271772003,0.2828951532457534
7,va_a,19,-0.11440711708270696,26.155049923062275,3.938972449174917,45.09529706961158,57.97637329306447,0.2985054263367058,0.16680773733551446,0.28505904271772003,0.2828951532457534
7,va_a,21,-0.6693504183052337,22.470297355226403,15.477444615574804,2.4562683659401725,9.936460910897752,0.2985054263367058,0.16680773733551446,0.28505904271772003,0.2828951532457534
7,va_a,22,0.9833855006390528,4.8835985890566525,7.132263880137246,19.47012185310251,5.190831096850537,0.2985054263367058,0.16680773733551446,0.28505904271772003,0.2828951532457534
7,va_a,23,0.8778101838687008,16.297200670672204,7.607175468393044,48.43699589451506,56.61940137789352,0.2985054263367058,0.16680773733551446,0.28505904271772003,0.2828951532457534
7,va_a,24,0.4223730135517546,22.349235091806438,14.32405941420055,4.792129531318435,89.68375740153984,0.2985054263367058,0.16680773733551446,0.28505904271772003,0.2828951532457534
7,va_a,25,1.2121594756028686,126.12007700610897,11.412150103267697,9.585837691721235,28.871482440635184,0.2985054263367058,0.16680773733551446,0.28505904271772003,0.2828951532457534
7,va_a,26,-0.3126631734578154,1.9816010640136947,10.232630205312141,58.1939329977837,12.344081545217067,0.2985054263367058,0.16680773733551446,0.28505904271772003,0.2828951532457534
7,va_a,27,0.47405260372661207,6.151982848751639,3.0785609746009794,13.68716324130238,10.312118969250106,0.2985054263367058,0.16680773733551446,0.28505904271772003,0.2828951532457534
7,va_a,28,-0.41207858859524743,16.258972863503335,16.945120585860646,20.884469819211322,13.25185231843431,0.2985054263367058,0.16680773733551446,0.28505904271772003,0.2828951532457534
7,va_a,29,1.037854907959004,19.152807484529053,4.040216602963506,5.620438148367571,7.1286296276023,0.2985054263367058,0.16680773733551446,0.28505904271772003,0.2828951532457534
7,va_a,30,1.5557105039574242,51.82765974194298,15.960893775533323,95.07926492237536,69.26398580441881,0.2985054263367058,0.16680773733551446,0.28505904271772003,0.2828951532457534
7,va_a,31,-0.07269923181492238,18.441171721910724,18.04490392173325,259.14811540393947,60.10298923019899,0.2985054263367058,0.16680773733551446,0.28505904271772003,0.2828951532457534
7,va_a,32,0.34480219179065225,46.61976255161127,13.201849266291152,20.22347951011744,34.861804432073285,0.2985054263367058,0.16680773733551446,0.28505904271772003,0.2828951532457534
7,va_a,33,-0.4234929257956356,6.12035441963962,6.251623015643164,22.860455909450486,10.885792440965968,0.2985054263367058,0.16680773733551446,0.28505904271772003,0.2828951532457534
7,va_a,34,0.5231842249405317,9.256174667616243,6.970586930096224,2.98128835402972,7.320459967910214,0.2985054263367058,0.16680773733551446,0.28505904271772003,0.2828951532457534
7,va_a,35,0.6376901050691841,9.863044280346763,2.2763464864325593,3.2845221058888305,7.232819549657165,0.2985054263367058,0.16680773733551446,0.28505904271772003,0.2828951532457534
7,va_a,36,-0.60593952746062,10.606378622096996,9.08155547306624,183.6658424297579,38.72449921063298,0.2985054263367058,0.16680773733551446,0.28505904271772003,0.2828951532457534
7,va_a,37,0.45188281822708726,36.49978771680282,9.915399971056797,5.219048767289596,56.041917919740705,0.2985054263367058,0.16680773733551446,0.28505904271772003,0.2828951532457534
7,va_a,38,-0.55522970867298,32.456808975666654,10.495387446190584,105.77524951412194,25.99290180479945,0.2985054263367058,0.16680773733551446,0.28505904271772003,0.2828951532457534
7,va_a,39,0.1256188053486947,22.38120917720311,19.620824217652352,11.46842545366945,22.97027868747156,0.2985054263367058,0.16680773733551446,0.28505904271772003,0.2828951532457534
7,va_a,40,-0.7008042704750698,21.735516659391532,10.348104066416173,23.461190211173,47.7467721640656,0.2985054263367058,0.16680773733551446,0.28505904271772003,0.2828951532457534
7,va_a,41,-0.21602387279507648,19.621455208307566,5.870807027484724,113.47031723375552,61.03834909467683,0.2985054263367058,0.16680773733551446,0.28505904271772003,0.2828951532457534
7,va_a,42,0.21333336229885663,14.67242790459281,1.517880057618097,13.355580320933754,21.443697459214878,0.2985054263367058,0.16680773733551446,0.28505904271772003,0.2828951532457534
7,va_a,43,0.10316559674516622,2.5108617384685545,5.909852104799918,3.08741958353778,3.50589413941756,0.2985054263367058,0.16680773733551446,0.28505904271772003,0.2828951532457534
7,va_a,44,0.5731992506932494,1.8802623121947197,0.726862343716244,15.164058049533466,11.857417327656606,0.2985054263367058,0.16680773733551446,0.28505904271772003,0.2828951532457534
7,va_a,45,0.4673572884275133,4.0397148781070555,6.823835257256716,52.733196645497465,23.177021264140322,0.2985054263367058,0.16680773733551446,0.28505904271772003,0.2828951532457534
7,va_a,46,0.9540010798743992,64.24055420409461,7.408327586741183,43.23648753029422,58.20059951288758,0.2985054263367058,0.16680773733551446,0.28505904271772003,0.2828951532457534
7,va_a,47,-0.42754292117754994,19.273760538461882,6.03893089035574,52.21588935515596,37.229332736155435,0.2985054263367058,0.16680773733551446,0.28505904271772003,0.2828951532457534
7,va_a,48,-0.12627005741139946,74.5921512509075,10.706334082893905,2.1555491486809126,16.954418420160266,0.2985054263367058,0.16680773733551446,0.28505904271772003,0.2828951532457534
7,va_a,49,1.1484175992381391,9.772451542229426,8.263500886841685,59.16267955097886,39.26621441992493,0.2985054263367058,0.16680773733551446,0.28505904271772003,0.2828951532457534
7,va_a,50,1.0368309330949133,3.001452967518699,3.225733043258762,74.97397197339727,12.799775725564528,0.2985054263367058,0.16680773733551446,0.28505904271772003,0.2828951532457534
7,va_a,51,0.5462890655114828,33.05758670729632,50.27918062834498,42.555917474342316,147.3681407532423,0.2985054263367058,0.16680773733551446,0.28505904271772003,0.2828951532457534
7,va_a,52,1.0175931932179876,13.243601884265681,12.04120876760777,8.423451065805923,4.572554818571628,0.2985054263367058,0.16680773733551446,0.28505904271772003,0.2828951532457534
7,va_a,53,0.4966131415599561,67.58729091065474,16.097389230089558,369.4876084207003,39.268394423191516,0.2985054263367058,0.16680773733551446,0.28505904271772003,0.2828951532457534
7,va_a,54,0.24401851191720528,11.12926906949784,7.513856999856196,9.485861346632387,14.36004918853204,0.2985054263367058,0.16680773733551446,0.28505904271772003,0.2828951532457534
7,va_a,55,-0.06816878441519195,4.78854782461117,7.664572801578025,7.681417454973143,1.4315362581185922,0.2985054263367058,0.16680773733551446,0.28505904271772003,0.2828951532457534
7,va_a,56,1.8131138890336098,6.0886745304196515,6.9863938885910475,72.26030074326518,17.301887819403614,0.2985054263367058,0.16680773733551446,0.28505904271772003,0.2828951532457534
7,va_a,57,0.7304077346813979,11.076954920882647,1.2864945730710555,20.240611430323558,3.965856787940289,0.2985054263367058,0.16680773733551446,0.28505904271772003,0.2828951532457534
7,va_a,58,0.7154641745870293,51.56570625389386,11.508206985735404,17.746412065669105,32.768094944093384,0.2985054263367058,0.16680773733551446,0.28505904271772003,0.2828951532457534
7,va_a,59,1.1471333671095227,44.399198833457596,13.950624544712184,34.53922120599621,6.5468328343798685,0.2985054263367058,0.16680773733551446,0.28505904271772003,0.2828951532457534
7,va_a,60,0.219518010075782,19.88359735520541,3.1955595938732575,4.968802112648911,8.172085160973504,0.2985054263367058,0.16680773733551446,0.28505904271772003,0.2828951532457534
8,ia_a,1,-0.21820383029798812,25.721188596955493,13.044353214847268,295.8918119169188,79.50431358519488,0.16128893241807216,0.15394947661071814,0.11528663894424572,0.1579066803973099
8,ia_a,2,0.1141558661532519,8.175478383636102,4.428063013704551,9.567380483902852,1.5967198858562652,0.16128893241807216,0.15394947661071814,0.11528663894424572,0.1579066803973099
8,ia_a,3,0.09010746236572291,7.821617070837209,10.610360276866432,46.82680428551298,28.92910353782691,0.16128893241807216,0.15394947661071814,0.11528663894424572,0.1579066803973099
8,ia_a,4,-0.2007962388331334,13.375687034693252,12.236906707746682,34.8054675454505,20.059897137436053,0.16128893241807216,0.15394947661071814,0.11528663894424572,0.1579066803973099
8,ia_a,5,0.06599896358409561,3.7090414996943064,7.717789800527644,15.880089531752725,8.290166034707571,0.16128893241807216,0.15394947661071814,0.11528663894424572,0.1579066803973099
8,ia_a,6,0.5643805812236492,6.624599719078343,9.159481584503183,1.0965609245622483,5.827084312264672,0.16128893241807216,0.15394947661071814,0.11528663894424572,0.1579066803973099
8,ia_a,7,-0.031218771356364812,4.701882623448869,7.357106186023103,13.937875309229003,3.780584716286694,0.16128893241807216,0.15394947661071814,0.11528663894424572,0.1579066803973099
8,ia_a,8,-0.5803495103149661,13.710887341581602,13.789610972958958,33.59250119363397,19.950557825361113,0.16128893241807216,0.15394947661071814,0.11528663894424572,0.1579066803973099
8,ia_a,9,0.06439355197294416,2.30589531173993,3.312690912477697,0.9835743207274608,5.245751282535838,0.16128893241807216,0.15394947661071814,0.11528663894424572,0.1579066803973099
8,ia_a,10,0.61430431236598,61.41453948170826,154.39770478449228,381.0900081918034,54.48933610688608,0.16128893241807216,0.15394947661071814,0.11528663894424572,0.1579066803973099
8,ia_a,11,0.41715345022176814,3.4933885152955986,4.65552398464788,17.529026351158205,6.949890361351029,0.16128893241807216,0.15394947661071814,0.11528663894424572,0.1579066803973099
8,ia_a,12,0.18469821337444353,43.055766594844606,62.466510797222384,212.02926344722786,18.699835817421718,0.16128893241807216,0.15394947661071814,0.11528663894424572,0.1579066803973099
8,ia_a,13,-0.3520112477983731,25.79806404612671,10.136505322431447,2.0459834241030217,6.015624621488775,0.16128893241807216,0.15394947661071814,0.11528663894424572,0.1579066803973099
8,ia_a,14,0.006062970213518008,17.53815059296131,20.761669099919118,23.070297764080788,38.61557111488338,0.16128893241807216,0.15394947661071814,0.11528663894424572,0.1579066803973099
8,ia_a,15,-0.35183629534456845,37.54302770729112,34.876250066843696,125.15468898285886,176.70065931983703,0.16128893241807216,0.15394947661071814,0.11528663894424572,0.1579066803973099
8,ia_a,16,-1.0429164378723814,20.158185685974843,11.750465963594586,26.70728342600677,17.9311204506731,0.16128893241807216,0.15394947661071814,0.11528663894424572,0.1579066803973099
8,ia_a,17,-2.044964517055637,32.06760931241102,55.505595745336585,24.682762779827286,25.543118599469604,0.16128893241807216,0.15394947661071814,0.11528663894424572,0.1579066803973099
8,ia_a,18,0.6842337462512852,49.95380739103288,28.112100510085856,27.51283685089116,30.234488163767995,0.16128893241807216,0.15394947661071814,0.11528663894424572,0.1579066803973099
8,ia_a,19,-1.0298611978101073,1.7076800525266869,6.437336008759633,46.28514458095152,37.15782994238075,0.16128893241807216,0.15394947661071814,0.11528663894424572,0.1579066803973099
8,ia_a,20,-0.7446326937357441,62.03291669301038,51.17768807128682,14.945843679274262,6.488312625438441,0.16128893241807216,0.15394947661071814,0.11528663894424572,0.1579066803973099
8,ia_a,21,0.036785773686566686,46.54794856616107,22.674189413968197,40.5371315727696,17.061683193006346,0.16128893241807216,0.15394947661071814,0.11528663894424572,0.1579066803973099
8,ia_a,22,-0.6010430510307847,26.96152172247658,12.157088250664144,19.04094778126167,17.50706148649353,0.16128893241807216,0.15394947661071814,0.11528663894424572,0.1579066803973099
8,ia_a,23,-0.8967097732121222,46.79614159598311,12.640779986557654,11.54896038114338,40.12573484135452,0.16128893241807216,0.15394947661071814,0.11528663894424572,0.1579066803973099
8,ia_a,24,-0.49939826737622084,11.067053992001524,20.271980720612767,150.4339516465721,53.18151568122825,0.16128893241807216,0.15394947661071814,0.11528663894424572,0.1579066803973099
8,ia_a,25,-0.3719274646180282,7.709975109090388,11.593682492756248,35.75695148035011,12.485046337114373,0.16128893241807216,0.15394947661071814,0.11528663894424572,0.1579066803973099
8,ia_a,26,0.33892216864737434,12.750428466132782,17.05657421025276,2.5342352035692293,4.576597616112732,0.16128893241807216,0.15394947661071814,0.11528663894424572,0.1579066803973099
8,ia_a,27,-0.01839385072731793,53.66213048572415,30.357489163272167,5.030618636013416,14.25811164435022,0.16128893241807216,0.15394947661071814,0.11528663894424572,0.1579066803973099
8,ia_a,28,-0.3537591309862148,4.898462594446456,6.962679108443687,22.238497612984688,25.885562767443197,0.16128893241807216,0.15394947661071814,0.11528663894424572,0.1579066803973099
8,ia_a,29,-1.1282910427199864,34.76391083404853,7.94263398758965,22.858978770420144,10.700854570038286,0.16128893241807216,0.15394947661071814,0.11528663894424572,0.1579066803973099
8,ia_a,30,0.13350259925555533,8.210171372725677,11.360495363259828,32.86130741093509,12.07668536842223,0.16128893241807216,0.15394947661071814,0.11528663894424572,0.1579066803973099
8,ia_a,31,0.1128964633389239,45.38832684495427,16.11495740051675,2.6407959287013387,30.51087724867266,0.16128893241807216,0.15394947661071814,0.11528663894424572,0.1579066803973099
8,ia_a,32,0.010084823931066243,4.547579084081536,9.394231338586726,5.326409223517644,6.405840836401634,0.16128893241807216,0.15394947661071814,0.11528663894424572,0.1579066803973099
8,ia_a,33,-0.3624191976369696,15.583265372830624,10.881274050262771,7.173667199762852,18.73594947394787,0.16128893241807216,0.15394947661071814,0.11528663894424572,0.1579066803973099
8,ia_a,34,0.08532807810115259,18.534649887737473,7.283562068955754,21.41377931802238,27.87947837774895,0.16128893241807216,0.15394947661071814,0.11528663894424572,0.1579066803973099
8,ia_a,35,0.6777396259583237,2.9099010581136957,12.43240374241796,110.56194591899852,17.21446238811918,0.16128893241807216,0.15394947661071814,0.11528663894424572,0.1579066803973099
8,ia_a,36,-0.05259227537079906,79.74595876499771,87.39171521053056,37.49766691613601,80.72576185178579,0.16128893241807216,0.15394947661071814,0.11528663894424572,0.1579066803973099
8,ia_a,37,-2.060810970606796,17.33513680779569,20.758882745462035,174.93190488788844,35.6954139399279,0.16128893241807216,0.15394947661071814,0.11528663894424572,0.1579066803973099
8,ia_a,38,-0.6102052723412104,7.465918631049782,12.451871572024983,97.11541275256512,19.161367868851325,0.16128893241807216,0.15394947661071814,0.11528663894424572,0.1579066803973099
8,ia_a,39,-0.17716300692455828,2.3011954680354028,2.981186260303123,22.44993208240734,9.656889960573302,0.16128893241807216,0.15394947661071814,0.11528663894424572,0.1579066803973099
8,ia_a,40,-0.3642667082856861,13.121405855619706,11.00899694571085,73.12640203973795,6.83153157221001,0.16128893241807216,0.15394947661071814,0.11528663894424572,0.1579066803973099
8,ia_a,41,-0.8536569235530719,21.276920219938848,13.182769100670063,27.50928022936251,14.830758227025962,0.16128893241807216,0.15394947661071814,0.11528663894424572,0.1579066803973099
8,ia_a,42,-0.7914555731562671,47.19004244358862,11.537031939711014,27.924434308908086,29.307339002143113,0.16128893241807216,0.15394947661071814,0.11528663894424572,0.1579066803973099
8,ia_a,43,-0.5743079635483817,10.42114094156457,28.72121823642995,8.675095563467584,64.01613805110195,0.16128893241807216,0.15394947661071814,0.11528663894424572,0.1579066803973099
8,ia_a,44,0.30906601261620364,14.949252279841723,8.968373885754684,8.046203365655007,12.663305972073715,0.16128893241807216,0.15394947661071814,0.11528663894424572,0.1579066803973099
8,ia_a,45,1.1057800873800099,5.50045674301752,17.137755332682445,53.69256848192644,24.791541576090122,0.16128893241807216,0.15394947661071814,0.11528663894424572,0.1579066803973099
8,ia_a,47,0.5304696267531136,3.740584164668785,8.810999800059072,6.882653533162334,13.151173398008682,0.16128893241807216,0.15394947661071814,0.11528663894424572,0.1579066803973099
8,ia_a,49,-0.45474273267178567,69.07129937233762,52.161252120702386,38.457038906100806,21.013122493666646,0.16128893241807216,0.15394947661071814,0.11528663894424572,0.1579066803973099
8,ia_a,50,-0.28171927821064513,8.242850414942135,15.207757844449802,89.87538638153114,15.081321055886516,0.16128893241807216,0.15394947661071814,0.11528663894424572,0.1579066803973099
8,ia_a,51,-2.0090225968595297,21.40841307331646,41.352375826616026,60.15140811298738,24.827940596581477,0.16128893241807216,0.15394947661071814,0.11528663894424572,0.1579066803973099
8,ia_a,52,0.14926766321016663,39.76348922237204,67.47344629127853,60.51489055780562,81.74251836062335,0.16128893241807216,0.15394947661071814,0.11528663894424572,0.1579066803973099
8,ia_a,53,0.629179951807967,31.660025527223542,21.483377654752154,54.66206473533546,60.24307625747712,0.16128893241807216,0.15394947661071814,0.11528663894424572,0.1579066803973099
8,ia_a,54,0.3345367437596785,16.082949289420053,6.0399272484074835,115.57166058637881,22.311863106782774,0.16128893241807216,0.15394947661071814,0.11528663894424572,0.1579066803973099
8,ia_a,55,-0.22332866934773865,19.900567726047264,16.142981456542625,24.684354719374575,23.287545335653352,0.16128893241807216,0.15394947661071814,0.11528663894424572,0.1579066803973099
8,ia_a,56,-0.9728065448903416,2.9802230546879946,11.340816329994238,51.112538328678255,6.244281982658472,0.16128893241807216,0.15394947661071814,0.11528663894424572,0.1579066803973099
8,ia_a,57,-0.5221499029668913,35.46654657365356,20.848483342626096,40.95481259915086,20.52763835834518,0.16128893241807216,0.15394947661071814,0.11528663894424572,0.1579066803973099
8,ia_a,58,-1.0975785643057854,9.315660879133286,18.36174042679483,17.48773621657409,7.501438414732018,0.16128893241807216,0.15394947661071814,0.11528663894424572,0.1579066803973099
8,ia_a,59,-0.12021452112976252,22.6412398418405,15.379624725023064,40.28895595272625,14.987323179057698,0.16128893241807216,0.15394947661071814,0.11528663894424572,0.1579066803973099
8,ia_a,60,2.029398969362227,22.326564767033226,23.86208139592984,95.77691410965538,85.16874275845205,0.16128893241807216,0.15394947661071814,0.11528663894424572,0.1579066803973099
8,va_a,1,0.3948026887215659,7.307236341258416,5.550980222476531,9.183711200924382,19.175024368129865,0.10452980401177962,0.14805545132646925,0.0641519713116994,0.13083615891417477
8,va_a,2,0.9845950075329241,11.091101890375734,20.817499498543086,25.249395093246658,35.5930687367372,0.10452980401177962,0.14805545132646925,0.0641519713116994,0.13083615891417477
8,va_a,3,0.3668508131902721,5.061864318754491,28.386782581263738,52.19855465536839,6.072721729081091,0.10452980401177962,0.14805545132646925,0.0641519713116994,0.13083615891417477
8,va_a,4,0.7902308232088987,26.153186776032253,10.348637860174518,90.92042400785225,32.63729920467917,0.10452980401177962,0.14805545132646925,0.0641519713116994,0.13083615891417477
8,va_a,5,-0.20159036262081909,54.15718811002881,12.53299190500339,273.6831615844485,74.58780840135641,0.10452980401177962,0.14805545132646925,0.0641519713116994,0.13083615891417477
8,va_a,6,-0.1845173530158243,4.9251498859096285,21.794638054660403,87.96657407728294,37.824482666119586,0.10452980401177962,0.14805545132646925,0.0641519713116994,0.13083615891417477
8,va_a,7,2.165626516296797,11.201737555704849,31.09635502880534,18.79044902828857,8.363914117348644,0.10452980401177962,0.14805545132646925,0.0641519713116994,0.13083615891417477
8,va_a,8,-0.411976166321191,4.908064757075741,20.886673061745793,40.04494941731554,17.052002524587753,0.10452980401177962,0.14805545132646925,0.0641519713116994,0.13083615891417477
8,va_a,9,0.23503048496270826,22.462762864313667,10.373676998571492,68.05392503911152,32.02221494615916,0.10452980401177962,0.14805545132646925,0.0641519713116994,0.13083615891417477
8,va_a,10,1.2854163709537432,17.28676981568439,33.94008545882221,277.13882546865136,39.061716313861545,0.10452980401177962,0.14805545132646925,0.0641519713116994,0.13083615891417477
8,va_a,11,0.19809455099195492,37.62974914078179,50.11853806770097,155.80682458644998,129.3189203400902,0.10452980401177962,0.14805545132646925,0.0641519713116994,0.13083615891417477
8,va_a,12,0.396769739704244,4.746178306805515,15.058811213303862,1.389279482119416,12.514934378417767,0.10452980401177962,0.14805545132646925,0.0641519713116994,0.13083615891417477
8,va_a,13,0.0884410402943908,29.247781223959077,45.6499318324641,41.63484584869122,29.62066579773539,0.10452980401177962,0.14805545132646925,0.0641519713116994,0.13083615891417477
8,va_a,14,-0.5871096234579463,29.054237878111582,17.55758226494876,5.74265935552037,4.982349804040641,0.10452980401177962,0.14805545132646925,0.0641519713116994,0.13083615891417477
8,va_a,15,-2.104282117710965,80.40739564022824,34.77568407896962,5.144766828446841,39.33915787384879,0.10452980401177962,0.14805545132646925,0.0641519713116994,0.13083615891417477
8,va_a,16,0.16767637557911658,43.84784802859712,14.853236716519083,94.1002878698558,92.6482166907284,0.10452980401177962,0.14805545132646925,0.0641519713116994,0.13083615891417477
8,va_a,17,-0.398570791427419,27.620315541005233,10.838665387171915,68.880450255953,55.72079083214721,0.10452980401177962,0.14805545132646925,0.0641519713116994,0.13083615891417477
8,va_a,18,0.06791788939171266,4.326482105698655,13.840772688260495,2.093292367518978,11.223435911574056,0.10452980401177962,0.14805545132646925,0.0641519713116994,0.13083615891417477
8,va_a,19,0.5323882091024504,5.335506916654572,5.475861790381116,14.74931703837984,6.575295565390572,0.10452980401177962,0.14805545132646925,0.0641519713116994,0.13083615891417477
8,va_a,20,-0.07807276533087852,16.08921755285026,26.31303456485864,11.593233992308836,42.59432129684952,0.10452980401177962,0.14805545132646925,0.0641519713116994,0.13083615891417477
8,va_a,21,1.0030659152097363,2.915703684738228,10.086318244579282,8.839406906839374,1.4400818651835041,0.10452980401177962,0.14805545132646925,0.0641519713116994,0.13083615891417477
8,va_a,22,0.21132306355299535,2.478294152913554,14.036796604932999,28.553865615396468,3.2664930942635153,0.10452980401177962,0.14805545132646925,0.0641519713116994,0.13083615891417477
8,va_a,23,0.3817443870782163,9.612170103663077,7.844449255371189,2.6061575298042925,6.159245645319975,0.10452980401177962,0.14805545132646925,0.0641519713116994,0.13083615891417477
8,va_a,24,0.09508176078110199,38.3671190079117,11.849937492562857,15.959193764118641,27.659370496347208,0.10452980401177962,0.14805545132646925,0.0641519713116994,0.13083615891417477
8,va_a,25,-0.733549393469558,43.34998974337734,20.91594896062975,322.2089288709226,143.03685614770333,0.10452980401177962,0.14805545132646925,0.0641519713116994,0.13083615891417477
8,va_a,26,-1.6128311594850941,14.983618417302212,7.629785377919213,76.21187817618949,77.3403484123511,0.10452980401177962,0.14805545132646925,0.0641519713116994,0.13083615891417477
8,va_a,27,-0.19760929446964276,20.558397713019737,13.819631857506067,69.00035901149501,32.57124054034861,0.10452980401177962,0.14805545132646925,0.0641519713116994,0.13083615891417477
8,va_a,28,-0.14734615120513617,27.311701394297387,22.640565562059077,16.59756940303129,74.36350938136137,0.10452980401177962,0.14805545132646925,0.0641519713116994,0.13083615891417477
8,va_a,29,0.05295838498166948,11.378624608566653,7.511111687325111,23.816178149557146,28.861533234426712,0.10452980401177962,0.14805545132646925,0.0641519713116994,0.13083615891417477
8,va_a,30,1.6301271401838087,8.974374827884136,10.5296567364838,23.42490071036633,18.15807801123099,0.10452980401177962,0.14805545132646925,0.0641519713116994,0.13083615891417477
8,va_a,31,-2.1929108970744084,118.21292121007093,26.572812396890594,472.9363989263732,288.82909889143957,0.10452980401177962,0.14805545132646925,0.0641519713116994,0.13083615891417477
8,va_a,32,0.7078295146623366,14.03076982972607,11.868458485631674,96.62738109798914,27.284796911325827,0.10452980401177962,0.14805545132646925,0.0641519713116994,0.13083615891417477
8,va_a,33,0.3770203847702445,10.92461045534704,17.613090240662547,15.976166769714016,10.405828199202073,0.10452980401177962,0.14805545132646925,0.0641519713116994,0.13083615891417477
8,va_a,34,1.0254662482631582,17.932499682356507,15.973998042207526,219.41045980435607,49.04150270432142,0.10452980401177962,0.14805545132646925,0.0641519713116994,0.13083615891417477
8,va_a,35,-0.20997202736239334,29.51314233266559,4.7618219624166676,4.3113987579339765,21.63782745607699,0.10452980401177962,0.14805545132646925,0.0641519713116994,0.13083615891417477
8,va_a,36,0.4319414970848984,8.308144776184294,2.5211039515250655,13.381736339421892,2.797074889517551,0.10452980401177962,0.14805545132646925,0.0641519713116994,0.13083615891417477
8,va_a,37,-0.1539051062045044,14.475496138821578,9.829012546875386,21.483487368802102,19.82812737284506,0.10452980401177962,0.14805545132646925,0.0641519713116994,0.13083615891417477
8,va_a,38,0.6718709776814676,8.0874934100679,10.581879744372678,6.4637380523628,9.303847532017539,0.10452980401177962,0.14805545132646925,0.0641519713116994,0.13083615891417477
8,va_a,39,0.9083822904379929,15.44115370246494,13.48464618129245,2.746638443141771,21.606299311161127,0.10452980401177962,0.14805545132646925,0.0641519713116994,0.13083615891417477
8,va_a,40,-0.22525005968939227,25.827896257460512,13.302577612413087,11.610802821690113,40.19927748953592,0.10452980401177962,0.14805545132646925,0.0641519713116994,0.13083615891417477
8,va_a,41,-0.28467924128856803,1.537298788733701,4.854051431775129,14.295430554323282,7.792024553602683,0.10452980401177962,0.14805545132646925,0.0641519713116994,0.13083615891417477
8,va_a,42,0.023199107416290887,39.919687393801745,13.87389557900098,7.871303866137065,16.299179214919423,0.10452980401177962,0.14805545132646925,0.0641519713116994,0.13083615891417477
8,va_a,43,0.6456394889446797,28.016351271201017,10.149422607963482,3.030387633475404,5.6149169507827255,0.10452980401177962,0.14805545132646925,0.0641519713116994,0.13083615891417477
8,va_a,44,-1.8262331609007643,189.41200025993155,145.2003977011964,93.79368924771569,193.0346130882211,0.10452980401177962,0.14805545132646925,0.0641519713116994,0.13083615891417477
8,va_a,45,1.11341740516428,5.587261957217373,22.37503178500145,133.14811045847625,62.092670716151524,0.10452980401177962,0.14805545132646925,0.0641519713116994,0.13083615891417477
8,va_a,46,0.6376776939106854,1.8775905936820723,8.413238898025545,8.312609012199205,7.948064011818027,0.10452980401177962,0.14805545132646925,0.0641519713116994,0.13083615891417477
8,va_a,47,-0.07681834302572496,45.360599377358724,29.51251696018323,35.624108945749036,21.96789716395577,0.10452980401177962,0.14805545132646925,0.0641519713116994,0.13083615891417477
8,va_a,48,-0.518691159264877,28.868496500598322,21.52793828672746,16.93692547568897,27.27767707638033,0.10452980401177962,0.14805545132646925,0.0641519713116994,0.13083615891417477
8,va_a,49,1.1819205509451751,22.776685887894608,26.295118413301658,15.525994465066146,21.26018058450915,0.10452980401177962,0.14805545132646925,0.0641519713116994,0.13083615891417477
8,va_a,50,0.8390881907631973,4.206403499984629,5.998840725911782,5.824638298164417,9.497233748395892,0.10452980401177962,0.14805545132646925,0.0641519713116994,0.13083615891417477
8,va_a,51,0.9562927490421745,0.9370459644371093,3.279579705921036,6.546295458484271,0.48449762920837275,0.10452980401177962,0.14805545132646925,0.0641519713116994,0.13083615891417477
8,va_a,52,0.02051159731958669,46.80965459138233,9.786043450201394,152.14329597838028,34.017922504610546,0.10452980401177962,0.14805545132646925,0.0641519713116994,0.13083615891417477
8,va_a,53,-0.6722784214191464,17.76960466726849,5.741137800336288,52.8034656224053,14.561061948519058,0.10452980401177962,0.14805545132646925,0.0641519713116994,0.13083615891417477
8,va_a,54,-0.10205934787447196,14.229600889789255,35.25711302314065,2.6919541410207,5.363968579879346,0.10452980401177962,0.14805545132646925,0.0641519713116994,0.13083615891417477
8,va_a,55,-0.1210296819551259,28.697816451245487,17.216771926259273,140.40375973742096,57.3305486166165,0.10452980401177962,0.14805545132646925,0.0641519713116994,0.13083615891417477
8,va_a,56,-0.03536888854801635,6.880331478241195,16.382843983109623,128.7809142133521,35.99417257506272,0.10452980401177962,0.14805545132646925,0.0641519713116994,0.13083615891417477
8,va_a,57,-1.2642440265562314,20.09029094580556,31.624300278774623,40.54613798652581,52.55947048592102,0.10452980401177962,0.14805545132646925,0.0641519713116994,0.13083615891417477
8,va_a,58,-1.1463295989276854,75.25085887843188,50.66179170963061,34.608794437055074,39.65018737180682,0.10452980401177962,0.14805545132646925,0.0641519713116994,0.13083615891417477
8,va_a,59,-0.1809726182127964,13.310223136411278,40.016924369263094,207.00597403759124,65.3448468200488,0.10452980401177962,0.14805545132646925,0.0641519713116994,0.13083615891417477
8,va_a,60,0.7473611138252617,20.124138701642035,13.916296709468115,21.651968107271163,11.496997199807211,0.10452980401177962,0.14805545132646925,0.0641519713116994,0.13083615891417477
9,ia_a,1,0.6352119800526996,0.7291667933196289,8.15853338143241,98.31532953925868,31.587101754138,0.11598509727680846,0.13929840662238535,0.057329868136858544,0.05736463188709372
9,ia_a,2,0.6355124435070003,38.92276050442237,7.6832512700427475,60.99966740626831,21.576249075959137,0.11598509727680846,0.13929840662238535,0.057329868136858544,0.05736463188709372
9,ia_a,3,0.36852202542377444,6.95430153222839,2.464976190911729,19.28247067960958,20.499667428633856,0.11598509727680846,0.13929840662238535,0.057329868136858544,0.05736463188709372
9,ia_a,4,-0.6400429209318775,40.29398301498062,33.13629862644436,30.12034577425279,7.346258170474345,0.11598509727680846,0.13929840662238535,0.057329868136858544,0.05736463188709372
9,ia_a,5,0.5181511554231971,7.619260773071829,10.286615673359774,14.122923511310951,19.450886547801638,0.11598509727680846,0.13929840662238535,0.057329868136858544,0.05736463188709372
9,ia_a,6,0.2577962844199414,1.7146703856146541,4.583911681936357,9.513568651181904,12.709174736171805,0.11598509727680846,0.13929840662238535,0.057329868136858544,0.05736463188709372
9,ia_a,8,-0.05723242907235918,16.979913034154265,8.831761777617686,37.1340330596368,9.963233677899563,0.11598509727680846,0.13929840662238535,0.057329868136858544,0.05736463188709372
9,ia_a,9,0.8732014929514205,10.564126747968459,13.748028991993609,48.03987285966755,5.560800842874158,0.11598509727680846,0.13929840662238535,0.057329868136858544,0.05736463188709372
9,ia_a,11,-0.19943311161841548,3.9788838185818447,2.885881832245447,9.135681007836565,18.791620729663425,0.11598509727680846,0.13929840662238535,0.057329868136858544,0.05736463188709372
9,ia_a,13,-0.5643350512252032,19.424718859756965,8.676960496852251,105.54140705359656,46.525340810307625,0.11598509727680846,0.13929840662238535,0.057329868136858544,0.05736463188709372
9,ia_a,14,-0.7054879448288831,18.03368030421349,5.902778306633925,83.01128156587123,43.04884471503026,0.11598509727680846,0.13929840662238535,0.057329868136858544,0.05736463188709372
9,ia_a,15,0.9313712712579562,36.28636481929608,11.82103987068646,9.095878879467895,13.124405922798235,0.11598509727680846,0.13929840662238535,0.057329868136858544,0.05736463188709372
9,ia_a,16,-0.006074476006495965,4.644773993998552,12.804456446832322,14.358574928462952,4.291258270196864,0.11598509727680846,0.13929840662238535,0.057329868136858544,0.05736463188709372
9,ia_a,18,-0.20584797216329154,29.660760634517377,5.370516628089082,44.06709664150357,80.90347858245147,0.11598509727680846,0.13929840662238535,0.057329868136858544,0.05736463188709372
9,ia_a,19,1.1639157291140332,14.771809859073342,4.1251500771959,66.55976459627294,18.673902622654502,0.11598509727680846,0.13929840662238535,0.057329868136858544,0.05736463188709372
9,ia_a,20,-0.2587111483561743,0.2703971217761403,1.3991768789116146,14.04403128397289,5.440337769103531,0.11598509727680846,0.13929840662238535,0.057329868136858544,0.05736463188709372
9,ia_a,21,0.23401967032272683,10.733725798807477,2.71757997364238,433.5050491528306,102.82884254670086,0.11598509727680846,0.13929840662238535,0.057329868136858544,0.05736463188709372
9,ia_a,22,-0.7642482509754019,24.15087254749265,13.64059319111673,16.085186942729223,2.5802599215106303,0.11598509727680846,0.13929840662238535,0.057329868136858544,0.05736463188709372
9,ia_a,23,0.10376118458070563,15.842857678525144,14.898252332590442,3.9505038358954687,11.500851000923538,0.11598509727680846,0.13929840662238535,0.057329868136858544,0.05736463188709372
9,ia_a,24,-0.36941364414270517,16.525965319398487,17.3224693795112,166.98575606836636,83.58867001450153,0.11598509727680846,0.13929840662238535,0.057329868136858544,0.05736463188709372
9,ia_a,25,-0.9738923039581029,6.676880508251166,8.754391617834122,63.331667567695035,22.152589002057454,0.11598509727680846,0.13929840662238535,0.057329868136858544,0.05736463188709372
9,ia_a,26,-0.04118911469641775,4.842577526997032,9.809951085712848,2.258038822314777,5.990283184332027,0.11598509727680846,0.13929840662238535,0.057329868136858544,0.05736463188709372
9,ia_a,28,0.5232422645673219,3.4691405674938665,1.4330103571659623,4.646523765296375,7.74295323093342,0.11598509727680846,0.13929840662238535,0.057329868136858544,0.05736463188709372
9,ia_a,29,-0.5217431879410845,27.710874452939148,5.171949020135023,14.195621745180107,10.282279045292375,0.11598509727680846,0.13929840662238535,0.057329868136858544,0.05736463188709372
9,ia_a,30,0.11723357470308551,9.978883709482421,5.824516417817451,26.381564951261907,16.97608938340756,0.11598509727680846,0.13929840662238535,0.057329868136858544,0.05736463188709372
9,ia_a,31,0.4150949659166023,8.672104982533927,10.962704384297489,16.495643546038394,40.005937959950415,0.11598509727680846,0.13929840662238535,0.057329868136858544,0.05736463188709372
9,ia_a,32,-0.012280417154069665,3.062765753501374,3.1733987494250315,13.675000562144062,2.5031194009889286,0.11598509727680846,0.13929840662238535,0.057329868136858544,0.05736463188709372
9,ia_a,33,0.45879788358341383,7.6376627234814265,4.330507101339743,27.856682047203847,7.169945046374792,0.11598509727680846,0.13929840662238535,0.057329868136858544,0.05736463188709372
9,ia_a,34,-0.18005494497033464,3.014011283057168,7.0325346159346385,6.248715191375788,18.035042180651104,0.11598509727680846,0.13929840662238535,0.057329868136858544,0.05736463188709372
9,ia_a,35,0.450888304916421,4.290154466944865,3.0018487306222705,6.0119321306316404,6.076418165315424,0.11598509727680846,0.13929840662238535,0.057329868136858544,0.05736463188709372
9,ia_a,37,-0.07185799383974784,3.298444399242468,4.28121484953251,4.80355318690941,16.819196316036916,0.11598509727680846,0.13929840662238535,0.057329868136858544,0.05736463188709372
9,ia_a,38,-0.3511530729732333,4.830757423469089,6.6672607093680165,53.26921120814577,29.952844710973263,0.11598509727680846,0.13929840662238535,0.057329868136858544,0.05736463188709372
9,ia_a,39,0.38122135904660837,15.13725855724843,4.951826529812225,27.521140901125133,83.32327450763403,0.11598509727680846,0.13929840662238535,0.057329868136858544,0.05736463188709372
9,ia_a,40,-0.4806048461915335,33.983216742196255,6.800862564991276,33.93425465981623,57.65643696896274,0.11598509727680846,0.13929840662238535,0.057329868136858544,0.05736463188709372
9,ia_a,41,0.19181755271842918,25.138837069960225,5.271207037983738,12.274918405246714,45.26325278404551,0.11598509727680846,0.13929840662238535,0.057329868136858544,0.05736463188709372
9,ia_a,42,1.4213877729632214,11.749939417132094,7.228034303043944,13.711394108389417,55.89322001348106,0.11598509727680846,0.13929840662238535,0.057329868136858544,0.05736463188709372
9,ia_a,43,0.7073682964074283,80.25713665384987,59.15568001804667,1.3984302939619806,14.341491440480278,0.11598509727680846,0.13929840662238535,0.057329868136858544,0.05736463188709372
9,ia_a,44,0.14672079486072906,11.397705775649518,5.598522369875434,0.3772206537481103,3.7834719905857157,0.11598509727680846,0.13929840662238535,0.057329868136858544,0.05736463188709372
9,ia_a,45,0.7419213733559341,20.168985012981835,5.413993538880603,79.91017637491245,96.13970370510867,0.11598509727680846,0.13929840662238535,0.057329868136858544,0.05736463188709372
9,ia_a,46,-0.15901381175697252,0.7111428092663266,1.5481879268662846,3.213901937306732,5.2391827664447055,0.11598509727680846,0.13929840662238535,0.057329868136858544,0.05736463188709372
9,ia_a,47,0.7653259864692445,6.7155060282445955,3.980582474787318,1.8169941287760842,20.094045753125226,0.11598509727680846,0.13929840662238535,0.057329868136858544,0.05736463188709372
9,ia_a,48,0.22761075086167137,35.46618900198816,5.391861630776002,47.137738789625466,70.75534808472086,0.11598509727680846,0.13929840662238535,0.057329868136858544,0.05736463188709372
9,ia_a,49,0.26225272913199293,9.861493590245253,3.3756056221361876,16.668158908824307,8.114938050397239,0.11598509727680846,0.13929840662238535,0.057329868136858544,0.05736463188709372
9,ia_a,52,-0.21225808435499857,32.95145375310381,23.6554420740512,62.48350642248481,45.022339595709425,0.11598509727680846,0.13929840662238535,0.057329868136858544,0.05736463188709372
9,ia_a,53,-0.298592044882773,5.163963815205922,3.9265893212901197,8.135871039725508,12.759308719024533,0.11598509727680846,0.13929840662238535,0.057329868136858544,0.05736463188709372
9,ia_a,54,-0.711008146680311,10.049060057363581,3.137451360813376,8.194708111242718,4.21806669055504,0.11598509727680846,0.13929840662238535,0.057329868136858544,0.05736463188709372
9,ia_a,55,-0.7624435130603089,9.828976498123648,3.2412833063643993,24.35780272506471,57.537790470123056,0.11598509727680846,0.13929840662238535,0.057329868136858544,0.05736463188709372
9,ia_a,56,0.32414968830749114,16.60260271425911,17.39626544151778,56.23342830560192,48.23064518733312,0.11598509727680846,0.13929840662238535,0.057329868136858544,0.05736463188709372
9,ia_a,57,-0.6058912165589593,6.6615989286657795,7.908275425156555,9.897323520796093,6.042396737788993,0.11598509727680846,0.13929840662238535,0.057329868136858544,0.05736463188709372
9,ia_a,58,0.49631455516262235,6.528406138633782,9.072961178659968,0.2748502000579966,1.17021921898225,0.11598509727680846,0.13929840662238535,0.057329868136858544,0.05736463188709372
9,ia_a,59,-0.45814990598874666,45.25771538464801,5.853189135401764,35.00870450398897,15.05451082159399,0.11598509727680846,0.13929840662238535,0.057329868136858544,0.05736463188709372
9,ia_a,60,0.5976379201170129,11.746640300502303,4.319272544814134,5.0967971498183235,8.988759687363517,0.11598509727680846,0.13929840662238535,0.057329868136858544,0.05736463188709372
9,va_a,1,-0.6219368386581126,42.86477023059487,20.58762245623234,34.99173952930452,10.484551783135762,0.12537594299119562,0.19333063653003438,0.30996708563485803,0.36621886584666313
9,va_a,2,-1.2997869825955146,10.998980289344367,17.756006258531198,24.301754796593844,49.955795851074065,0.12537594299119562,0.19333063653003438,0.30996708563485803,0.36621886584666313
9,va_a,3,-0.18607349490447522,6.686395608834174,20.34758025984542,95.50085905148669,20.182056994746592,0.12537594299119562,0.19333063653003438,0.30996708563485803,0.36621886584666313
9,va_a,4,-0.03264903798449613,12.714902434373945,17.452371311331714,7.240772625482606,20.938519220783377,0.12537594299119562,0.19333063653003438,0.30996708563485803,0.36621886584666313
9,va_a,5,0.32424542643110477,5.317325579611712,8.867505556438623,24.874993989361744,13.923936557647192,0.12537594299119562,0.19333063653003438,0.30996708563485803,0.36621886584666313
9,va_a,6,-0.22782215101164927,5.993084732550875,4.229418004847706,41.91740012718307,27.925720331463125,0.12537594299119562,0.19333063653003438,0.30996708563485803,0.36621886584666313
9,va_a,7,0.3227361290053623,24.99346077028444,8.495895369966032,41.373508365396276,45.200151081138785,0.12537594299119562,0.19333063653003438,0.30996708563485803,0.36621886584666313
9,va_a,8,-0.31660495064799826,1.8866992304718642,5.583510236454666,20.581823901241044,24.19508700859631,0.12537594299119562,0.19333063653003438,0.30996708563485803,0.36621886584666313
9,va_a,9,-0.09096286779027934,4.35576987338324,2.812797830337346,0.13964263391749349,1.6707881625651324,0.12537594299119562,0.19333063653003438,0.30996708563485803,0.36621886584666313
9,va_a,10,0.19670611433007307,7.083435423839877,2.3305076649805256,3.9055256709183026,6.315764356413371,0.12537594299119562,0.19333063653003438,0.30996708563485803,0.36621886584666313
9,va_a,11,-0.24399816571797722,6.700242568902108,14.918102370382032,8.596129415366356,16.221201439900433,0.12537594299119562,0.19333063653003438,0.30996708563485803,0.36621886584666313
9,va_a,12,0.15927781328868645,5.36920256685395,6.760661439105737,3.5666321341427483,37.60960014291885,0.12537594299119562,0.19333063653003438,0.30996708563485803,0.36621886584666313
9,va_a,13,0.1270230237317081,3.447536077812712,4.934424525542998,37.34911284077423,6.1429621936597005,0.12537594299119562,0.19333063653003438,0.30996708563485803,0.36621886584666313
9,va_a,14,0.37070520864539025,5.498115035651751,8.081345615918583,11.095131916947361,20.73337163962452,0.12537594299119562,0.19333063653003438,0.30996708563485803,0.36621886584666313
9,va_a,15,-0.14486666119714728,2.1451240234917632,14.542698358740717,41.583435064961506,15.8081172234013,0.12537594299119562,0.19333063653003438,0.30996708563485803,0.36621886584666313
9,va_a,16,-0.05673850891841464,10.90374781357097,6.089967991994486,9.034826039965916,11.204853869671885,0.12537594299119562,0.19333063653003438,0.30996708563485803,0.36621886584666313
9,va_a,17,0.4954134907414933,6.362662351005152,7.661236881726738,32.90628557535477,24.439690874853007,0.12537594299119562,0.19333063653003438,0.30996708563485803,0.36621886584666313
9,va_a,18,-0.25196014149008933,12.324660809908435,1.4804561585946154,9.213084282547477,6.898025529894214,0.12537594299119562,0.19333063653003438,0.30996708563485803,0.36621886584666313
9,va_a,19,-0.715238294946789,0.8723141122462261,2.0949282077781373,7.424479511552936,8.196256323673662,0.12537594299119562,0.19333063653003438,0.30996708563485803,0.36621886584666313
9,va_a,20,0.2277186840369702,5.727097140465677,8.52159476214861,4.016606390870455,23.352088484710865,0.12537594299119562,0.19333063653003438,0.30996708563485803,0.36621886584666313
9,va_a,21,-0.5794177921568587,6.591026382073132,6.99135404245062,0.35383245427594784,6.3778277161528605,0.12537594299119562,0.19333063653003438,0.30996708563485803,0.36621886584666313
9,va_a,22,0.14326122575943429,0.6302346631801512,2.844121932300025,4.442759241648067,2.447647732604717,0.12537594299119562,0.19333063653003438,0.30996708563485803,0.36621886584666313
9,va_a,23,-0.016779681190173614,1.448182490213344,1.9067707458848275,23.517490468982853,3.620253130366271,0.12537594299119562,0.19333063653003438,0.30996708563485803,0.36621886584666313
9,va_a,24,-0.5103146919953936,1.6934472496325563,4.5440012100531035,35.32727503183317,3.2403358806118034,0.12537594299119562,0.19333063653003438,0.30996708563485803,0.36621886584666313
9,va_a,25,0.6303886881118909,18.310140599321567,8.98554885443666,118.82483101286388,24.018394295385313,0.12537594299119562,0.19333063653003438,0.30996708563485803,0.36621886584666313
9,va_a,26,0.25306826307282215,4.014342283883445,2.8533462815877524,52.92993658487146,3.661192918381012,0.12537594299119562,0.19333063653003438,0.30996708563485803,0.36621886584666313
9,va_a,27,0.4937811253441719,32.867135421031456,4.342094711714865,20.01316147583861,5.4813440413758165,0.12537594299119562,0.19333063653003438,0.30996708563485803,0.36621886584666313
9,va_a,28,-0.43647901087650126,11.03052980955137,4.018690506255252,25.7273662677934,12.257208986327829,0.12537594299119562,0.19333063653003438,0.30996708563485803,0.36621886584666313
9,va_a,29,0.28776196266664933,41.53788371295003,10.047776824151304,83.08866113072237,67.87588504695317,0.12537594299119562,0.19333063653003438,0.30996708563485803,0.36621886584666313
9,va_a,30,-0.18458878013031757,5.9367731160042325,2.1970836882166744,5.762060754193012,2.350762250800968,0.12537594299119562,0.19333063653003438,0.30996708563485803,0.36621886584666313
9,va_a,31,0.6265203887337538,7.100686420628802,3.4073948356072736,33.23355227850312,47.91860839911697,0.12537594299119562,0.19333063653003438,0.30996708563485803,0.36621886584666313
9,va_a,32,0.08560564379998817,12.360675628584357,4.887316018970483,7.171990369702983,7.119642426808617,0.12537594299119562,0.19333063653003438,0.30996708563485803,0.36621886584666313
9,va_a,33,-0.22093812796957538,11.74750338166572,7.714589504349557,15.549868137425658,9.801996504681435,0.12537594299119562,0.19333063653003438,0.30996708563485803,0.36621886584666313
9,va_a,34,-0.15000056549758445,6.063216493981061,12.298061725460151,25.036072257620873,11.529777766321594,0.12537594299119562,0.19333063653003438,0.30996708563485803,0.36621886584666313
9,va_a,35,0.07622701939877154,8.359577461994236,4.4085843802669675,2.7495067269969455,7.086029978542999,0.12537594299119562,0.19333063653003438,0.30996708563485803,0.36621886584666313
9,va_a,36,0.2651088030558616,2.4631243698295666,5.1002010027253615,4.541904653135566,0.8016563961212305,0.12537594299119562,0.19333063653003438,0.30996708563485803,0.36621886584666313
9,va_a,37,0.15977245703022716,7.979383295458043,10.985938423247585,16.05678573457525,11.009331404967668,0.12537594299119562,0.19333063653003438,0.30996708563485803,0.36621886584666313
9,va_a,38,-1.291128512932373,9.034541172107105,7.056521633751413,16.534254837819972,11.982341931361104,0.12537594299119562,0.19333063653003438,0.30996708563485803,0.36621886584666313
9,va_a,39,-0.43485765461390097,8.93961059284887,14.912207270451248,0.3235345664662349,8.347281847575994,0.12537594299119562,0.19333063653003438,0.30996708563485803,0.36621886584666313
9,va_a,40,-0.19126296506660168,14.935935117475797,2.454564294364022,2.4372846878786545,1.8115791504021217,0.12537594299119562,0.19333063653003438,0.30996708563485803,0.36621886584666313
9,va_a,41,0.2708427621872336,1.9189173064729723,4.3520563460243915,3.522815473343398,11.495556312253123,0.12537594299119562,0.19333063653003438,0.30996708563485803,0.36621886584666313
9,va_a,42,0.015669813289486908,6.471859808132704,1.754990531619977,20.163563609037517,7.443846779252639,0.12537594299119562,0.19333063653003438,0.30996708563485803,0.36621886584666313
9,va_a,43,-0.6400573361171623,3.1600254232344573,1.8037644538041657,12.744954719951913,1.491124089874046,0.12537594299119562,0.19333063653003438,0.30996708563485803,0.36621886584666313
9,va_a,44,0.48992237893067725,4.45815181068592,4.201661571192119,17.542086051172145,34.21895056757789,0.12537594299119562,0.19333063653003438,0.30996708563485803,0.36621886584666313
9,va_a,45,0.27818331148182496,1.7721873601741756,2.511988012550708,226.7057260747752,105.0010660855268,0.12537594299119562,0.19333063653003438,0.30996708563485803,0.36621886584666313
9,va_a,46,0.07317615696044807,3.885737085390862,4.71517108631572,23.944499133107463,1.8557585022280245,0.12537594299119562,0.19333063653003438,0.30996708563485803,0.36621886584666313
9,va_a,47,0.27636482914837857,2.0784100115536455,1.784590986265206,7.856503345765624,5.704541419420795,0.12537594299119562,0.19333063653003438,0.30996708563485803,0.36621886584666313
9,va_a,48,0.29434761571500667,5.9669302563996,9.362946574826914,10.925647688650422,9.568896369951135,0.12537594299119562,0.19333063653003438,0.30996708563485803,0.36621886584666313
9,va_a,49,-0.6850653606933458,6.949682510620821,6.6750770643042525,12.748492691160973,11.277063854003533,0.12537594299119562,0.19333063653003438,0.30996708563485803,0.36621886584666313
9,va_a,50,0.5170956407748704,7.23988077469233,8.44308765981034,7.11121307161481,13.915007086756077,0.12537594299119562,0.19333063653003438,0.30996708563485803,0.36621886584666313
9,va_a,51,-0.04209299322183474,15.367161350317359,3.7621741414564123,10.743716904304438,8.817256067887552,0.12537594299119562,0.19333063653003438,0.30996708563485803,0.36621886584666313
9,va_a,52,-0.7406959621537262,25.711722780755373,8.379852613000747,7.268089125988231,40.8606325001873,0.12537594299119562,0.19333063653003438,0.30996708563485803,0.36621886584666313
9,va_a,53,-0.01749193805376663,2.4285549971411498,4.311912834745795,3.0571189736105286,1.565865383597571,0.12537594299119562,0.19333063653003438,0.30996708563485803,0.36621886584666313
9,va_a,54,0.327737885354816,1.0439372236700981,3.24577762890712,3.1351271790634003,6.84529171037791,0.12537594299119562,0.19333063653003438,0.30996708563485803,0.36621886584666313
9,va_a,55,-1.0394498737326228,28.26763787087194,12.448623485398047,7.391514100475999,24.93189841179642,0.12537594299119562,0.19333063653003438,0.30996708563485803,0.36621886584666313
9,va_a,56,0.1769283727412079,7.5444723835627325,5.8239774071317525,16.35117684127689,22.913550633414605,0.12537594299119562,0.19333063653003438,0.30996708563485803,0.36621886584666313
9,va_a,57,-0.08786492014022976,19.36057611165951,1.9952536909460827,16.759410981046244,5.12532507022304,0.12537594299119562,0.19333063653003438,0.30996708563485803,0.36621886584666313
9,va_a,58,0.09355892611606809,5.6987611257853645,4.969564595411626,10.17805625653886,1.8546066524271851,0.12537594299119562,0.19333063653003438,0.30996708563485803,0.36621886584666313
9,va_a,59,-0.37365508404405445,42.22473604457855,15.048925102954811,13.857323446239254,11.237631699692884,0.12537594299119562,0.19333063653003438,0.30996708563485803,0.36621886584666313
9,va_a,60,-0.14541138126750844,0.5176927476999325,4.9989713987000455,5.699683290431034,2.4063376124480893,0.12537594299119562,0.19333063653003438,0.30996708563485803,0.36621886584666313
10,ia_a,1,0.5668835617313167,15.75778641344758,8.268980709660829,15.384737099560823,11.080135305848533,0.18479347081542466,0.15846762817739232,0.11595422224366478,0.17101573633610942
10,ia_a,2,0.22547576407819922,5.624217059175909,15.629784308656468,12.285495156902126,11.306537814561427,0.18479347081542466,0.15846762817739232,0.11595422224366478,0.17101573633610942
10,ia_a,3,-0.3088147668471596,0.9214116448675358,1.8153481302578818,37.81233077878265,6.388447045054954,0.18479347081542466,0.15846762817739232,0.11595422224366478,0.17101573633610942
10,ia_a,4,0.3874371744359299,2.9775933894920663,3.8605417521928143,20.8449669977178,11.094167521117074,0.18479347081542466,0.15846762817739232,0.11595422224366478,0.17101573633610942
10,ia_a,5,-0.26139486784904997,2.0340763867620635,0.3671003424313055,10.54354357049204,3.32439090513108,0.18479347081542466,0.15846762817739232,0.11595422224366478,0.17101573633610942
10,ia_a,6,0.08782277135244733,4.288955491238786,2.044130310079481,9.85263281055021,7.504628032103813,0.18479347081542466,0.15846762817739232,0.11595422224366478,0.17101573633610942
10,ia_a,7,0.10295674509084622,10.000275634265583,4.49175919891352,7.147588546569155,20.10557142635599,0.18479347081542466,0.15846762817739232,0.11595422224366478,0.17101573633610942
10,ia_a,8,-0.4058203085189922,2.8279974485296604,6.699100839480784,6.154469250199738,2.0497057191296686,0.18479347081542466,0.15846762817739232,0.11595422224366478,0.17101573633610942
10,ia_a,9,0.013181700177876645,12.167145807346698,4.490906557747382,1.072473309423966,13.552884040318194,0.18479347081542466,0.15846762817739232,0.11595422224366478,0.17101573633610942
10,ia_a,10,0.16649167499421985,7.954377131630334,4.224225578011636,27.75059135871088,7.530405080429248,0.18479347081542466,0.15846762817739232,0.11595422224366478,0.17101573633610942
10,ia_a,11,-0.257881138403961,1.7301723231782868,3.972945801601262,19.426364347162657,12.074241149344425,0.18479347081542466,0.15846762817739232,0.11595422224366478,0.17101573633610942
10,ia_a,12,0.4395406882509971,19.153937692904385,11.53681485592403,32.61415260786022,21.57142169358103,0.18479347081542466,0.15846762817739232,0.11595422224366478,0.17101573633610942
10,ia_a,13,1.182947828061705,16.07086892871437,7.33676380111235,51.50652386475911,83.87163859930872,0.18479347081542466,0.15846762817739232,0.11595422224366478,0.17101573633610942
10,ia_a,14,0.6954376463844556,13.840953909532093,5.120494703161198,7.968684966421086,17.981869447201316,0.18479347081542466,0.15846762817739232,0.11595422224366478,0.17101573633610942
10,ia_a,15,-0.28232044748468965,13.334848808298146,4.405336024261516,32.00040580872627,30.903846991925988,0.18479347081542466,0.15846762817739232,0.11595422224366478,0.17101573633610942
10,ia_a,16,0.4722497219054312,8.169617478814686,2.634722889766899,7.154444506529276,5.958277615511165,0.18479347081542466,0.15846762817739232,0.11595422224366478,0.17101573633610942
10,ia_a,17,-0.12964572927367188,11.465498367186171,2.8949668822836787,9.546000534697267,20.944594221682923,0.18479347081542466,0.15846762817739232,0.11595422224366478,0.17101573633610942
10,ia_a,18,-0.2803468726878869,2.4864112900787294,3.0439947386803894,0.44328477905027636,0.29157534157689835,0.18479347081542466,0.15846762817739232,0.11595422224366478,0.17101573633610942
10,ia_a,19,0.5798007255636964,4.251198037816595,9.657513400398562,41.735636148525074,23.999604662252587,0.18479347081542466,0.15846762817739232,0.11595422224366478,0.17101573633610942
10,ia_a,20,0.07066624641269605,2.540822211574873,1.680867452413797,1.9782761806126887,2.106886371825612,0.18479347081542466,0.15846762817739232,0.11595422224366478,0.17101573633610942
10,ia_a,21,1.209302106274159,1.6220566938439283,17.162052470411567,65.3340997212694,19.01563106176819,0.18479347081542466,0.15846762817739232,0.11595422224366478,0.17101573633610942
10,ia_a,22,-0.6940646733377218,4.312295872933795,7.071102432588422,13.811544281353196,7.911930907855474,0.18479347081542466,0.15846762817739232,0.11595422224366478,0.17101573633610942
10,ia_a,23,-0.4836698718312498,3.109852182919648,6.300980106725867,51.08041114098367,17.533185690673452,0.18479347081542466,0.15846762817739232,0.11595422224366478,0.17101573633610942
10,ia_a,24,-0.12856321339290516,1.1325478057501044,3.9143359635028436,9.900254692779809,2.1523642827813094,0.18479347081542466,0.15846762817739232,0.11595422224366478,0.17101573633610942
10,ia_a,25,1.11623172815559,9.880475071619552,10.868072110457353,54.61850492598064,55.48603659228739,0.18479347081542466,0.15846762817739232,0.11595422224366478,0.17101573633610942
10,ia_a,26,-0.6601114385451071,1.0312950896171102,2.382085655742095,0.9651906888024715,3.3012390525843927,0.18479347081542466,0.15846762817739232,0.11595422224366478,0.17101573633610942
10,ia_a,27,-0.04560683308586497,0.3962319815540154,7.472048751305163,4.974159940900045,0.7448329682965131,0.18479347081542466,0.15846762817739232,0.11595422224366478,0.17101573633610942
10,ia_a,28,0.60417155692056,6.933071014203691,1.4090595553378455,60.06984649759339,45.28274572087134,0.18479347081542466,0.15846762817739232,0.11595422224366478,0.17101573633610942
10,ia_a,29,0.5310514937493983,7.756229023939545,7.985094517003923,74.49747229753781,45.59836314976208,0.18479347081542466,0.15846762817739232,0.11595422224366478,0.17101573633610942
10,ia_a,30,-0.17033618107464313,2.8188941567980326,7.3513377076581845,0.5478212744553017,0.2627648490464418,0.18479347081542466,0.15846762817739232,0.11595422224366478,0.17101573633610942
10,ia_a,31,0.10806161536632028,1.8365915800214314,2.6513089521616906,0.9917650974149169,6.808379790815054,0.18479347081542466,0.15846762817739232,0.11595422224366478,0.17101573633610942
10,ia_a,32,0.2674411885034799,0.8929771134779269,3.9234335840821424,24.465767871538525,11.299254170712395,0.18479347081542466,0.15846762817739232,0.11595422224366478,0.17101573633610942
10,ia_a,33,-0.015686690771987942,3.065245304610337,2.991401998663332,3.7668646480225187,7.536776976224436,0.18479347081542466,0.15846762817739232,0.11595422224366478,0.17101573633610942
10,ia_a,34,0.10215696693878885,20.095860783737972,15.214935537108325,69.084144413684,78.24096200022667,0.18479347081542466,0.15846762817739232,0.11595422224366478,0.17101573633610942
10,ia_a,35,0.08157013680850458,3.4657714930323893,3.749683138871112,1.2847588825524159,5.103912922774386,0.18479347081542466,0.15846762817739232,0.11595422224366478,0.17101573633610942
10,ia_a,36,0.016159210271713593,6.551598050930352,3.9242886815937768,14.708808256696308,11.406059159377584,0.18479347081542466,0.15846762817739232,0.11595422224366478,0.17101573633610942
10,ia_a,37,-0.35087736536146547,1.6808233550166292,5.239527953140148,1.825798711750789,2.6851312515868386,0.18479347081542466,0.15846762817739232,0.11595422224366478,0.17101573633610942
10,ia_a,38,-0.1047590559325303,4.748212472449046,1.5141422460954042,0.38360242561252594,3.7039316965486,0.18479347081542466,0.15846762817739232,0.11595422224366478,0.17101573633610942
10,ia_a,39,-0.5163590009586052,3.649076605757526,5.432568885195667,19.838753688316352,20.373859390763904,0.18479347081542466,0.15846762817739232,0.11595422224366478,0.17101573633610942
10,ia_a,40,-0.30917682889313824,2.2407591449046946,7.322694392420423,10.300102437774907,6.014996296641096,0.18479347081542466,0.15846762817739232,0.11595422224366478,0.17101573633610942
10,ia_a,41,0.30285546074769365,11.623915215479478,8.471180656624547,8.958527931486701,7.789712519984168,0.18479347081542466,0.15846762817739232,0.11595422224366478,0.17101573633610942
10,ia_a,42,0.17602698829873592,5.744015830379371,6.667406037116574,67.29980526058252,11.07059442109974,0.18479347081542466,0.15846762817739232,0.11595422224366478,0.17101573633610942
10,ia_a,43,0.01341710016116462,2.3678045688166742,2.839432625517681,7.116747650455114,7.55375024593049,0.18479347081542466,0.15846762817739232,0.11595422224366478,0.17101573633610942
10,ia_a,44,0.508798670451838,3.9562781561390694,5.100251350308135,6.208272661127306,6.317586142459536,0.18479347081542466,0.15846762817739232,0.11595422224366478,0.17101573633610942
10,ia_a,45,0.6383292268327829,4.651940510461937,4.491616305658594,0.846597981904043,1.3934790348257562,0.18479347081542466,0.15846762817739232,0.11595422224366478,0.17101573633610942
10,ia_a,46,-0.8282026637569281,1.3176334437955939,3.151021905717243,10.346496000743402,3.1290593882825193,0.18479347081542466,0.15846762817739232,0.11595422224366478,0.17101573633610942
10,ia_a,47,-0.34741846087020045,4.577320626571781,2.9250607629333167,15.299654537912808,24.76437845373693,0.18479347081542466,0.15846762817739232,0.11595422224366478,0.17101573633610942
10,ia_a,48,-0.400647257592847,2.316320363024278,3.770596538856583,49.70374580116279,10.602423704112985,0.18479347081542466,0.15846762817739232,0.11595422224366478,0.17101573633610942
10,ia_a,49,-0.7683262092763271,8.57673405918035,4.473351307708036,16.454810587050307,6.806921210192718,0.18479347081542466,0.15846762817739232,0.11595422224366478,0.17101573633610942
10,ia_a,50,0.03054066055432906,2.878869680825829,4.719832979069124,9.78592805616086,2.7110448073804867,0.18479347081542466,0.15846762817739232,0.11595422224366478,0.17101573633610942
10,ia_a,51,-0.4548186284274742,6.850939640934569,2.2028887251791303,19.306913518932607,4.058642126471681,0.18479347081542466,0.15846762817739232,0.11595422224366478,0.17101573633610942
10,ia_a,52,-0.07506487543513543,19.742276334494473,11.992559403042875,3.3030306139414267,6.245752341175656,0.18479347081542466,0.15846762817739232,0.11595422224366478,0.17101573633610942
10,ia_a,53,0.0033950776951289716,7.339949888939055,12.527004078606428,4.867024551330454,14.304717588315556,0.18479347081542466,0.15846762817739232,0.11595422224366478,0.17101573633610942
10,ia_a,54,0.27579949836371376,3.371934606077946,9.882627966686849,1.7045297113601159,14.281415483506994,0.18479347081542466,0.15846762817739232,0.11595422224366478,0.17101573633610942
10,ia_a,55,0.6703669881827139,7.462499105719045,4.767201454179433,101.48003041636687,9.688957322996103,0.18479347081542466,0.15846762817739232,0.11595422224366478,0.17101573633610942
10,ia_a,56,-0.6478486937975103,1.2817466617170359,3.0036221187141403,8.672458419146734,7.488509859578587,0.18479347081542466,0.15846762817739232,0.11595422224366478,0.17101573633610942
10,ia_a,57,-0.015140345839215301,2.990156144311515,17.377314630924797,10.141130205436456,10.501357544921662,0.18479347081542466,0.15846762817739232,0.11595422224366478,0.17101573633610942
10,ia_a,58,0.3005504678342366,6.581816513189148,2.37168247011261,2.182668750857821,7.210228097065775,0.18479347081542466,0.15846762817739232,0.11595422224366478,0.17101573633610942
10,ia_a,59,-0.6396549262549887,15.75976680601082,8.060136226920683,27.35810961836069,28.393570287066556,0.18479347081542466,0.15846762817739232,0.11595422224366478,0.17101573633610942
10,ia_a,60,0.20511531470598135,4.318176004755418,2.7247931889564634,4.085905413008697,2.352764065259466,0.18479347081542466,0.15846762817739232,0.11595422224366478,0.17101573633610942
10,va_a,1,-0.09811898510057591,0.4607870371702049,3.040774184253392,36.12401578535131,3.887857947450367,0.0783487589696978,0.23092062779708106,0.27371730182732235,0.12130113912599218
10,va_a,2,-0.35555423839246164,6.017485570809748,4.724199245494166,2.5862482898271195,3.424718561295346,0.0783487589696978,0.23092062779708106,0.27371730182732235,0.12130113912599218
10,va_a,3,-0.6443821708608948,4.020103380138248,2.444507437829016,100.65866161253969,34.992606929250584,0.0783487589696978,0.23092062779708106,0.27371730182732235,0.12130113912599218
10,va_a,4,-0.07925823511952355,1.1801064444261058,7.0514353998836246,10.51997569047955,2.163921750890509,0.0783487589696978,0.23092062779708106,0.27371730182732235,0.12130113912599218
10,va_a,5,-0.6302766044027908,2.4877901226273966,6.5882950515814365,30.329561219809417,5.118392540996565,0.0783487589696978,0.23092062779708106,0.27371730182732235,0.12130113912599218
10,va_a,6,0.23984724031490787,3.225370836103961,6.132587526078066,10.017417524683887,8.706260000865598,0.0783487589696978,0.23092062779708106,0.27371730182732235,0.12130113912599218
10,va_a,8,-0.6297609665281713,0.8600855021283709,5.82565872787925,8.909208174801144,8.753848517389178,0.0783487589696978,0.23092062779708106,0.27371730182732235,0.12130113912599218
10,va_a,9,0.41145324944699835,1.0633092519134153,5.437889628094923,26.179874647137545,14.307847286920287,0.0783487589696978,0.23092062779708106,0.27371730182732235,0.12130113912599218
10,va_a,10,0.042307657896232136,6.299224272428171,3.980049608308148,5.738008256947179,9.999767666113904,0.0783487589696978,0.23092062779708106,0.27371730182732235,0.12130113912599218
10,va_a,11,-0.15036498173048474,1.5332294022431,4.3992010150425385,15.83607412448632,0.8253564789419041,0.0783487589696978,0.23092062779708106,0.27371730182732235,0.12130113912599218
10,va_a,12,0.4084448863782032,5.952657905386477,2.9483150038750607,0.33932742385334663,6.418000404731405,0.0783487589696978,0.23092062779708106,0.27371730182732235,0.12130113912599218
10,va_a,13,-1.351529063395543,10.553156302251207,5.500937616207808,11.507081916263381,21.20265407155453,0.0783487589696978,0.23092062779708106,0.27371730182732235,0.12130113912599218
10,va_a,14,0.4012989476657572,0.7338915249478142,1.1489363508032198,60.92200618083461,8.280627667225474,0.0783487589696978,0.23092062779708106,0.27371730182732235,0.12130113912599218
10,va_a,15,-0.1485264903810765,8.793459757633922,6.473810512668615,0.5534542001855765,12.311290610594503,0.0783487589696978,0.23092062779708106,0.27371730182732235,0.12130113912599218
10,va_a,16,0.2206549260225771,8.115791983253729,10.380722227846595,6.148673878853082,8.699657355355022,0.0783487589696978,0.23092062779708106,0.27371730182732235,0.12130113912599218
10,va_a,17,-0.08089983452576249,0.47470253359569825,3.294176858157953,0.17997861475305185,0.3233294157680987,0.0783487589696978,0.23092062779708106,0.27371730182732235,0.12130113912599218
10,va_a,18,0.32083565566301425,2.789165810072769,10.452814043707072,3.5099349936221325,0.8873463631841838,0.0783487589696978,0.23092062779708106,0.27371730182732235,0.12130113912599218
10,va_a,19,0.46194770693391835,2.6191768003769558,8.342472485476339,37.535763946312535,23.259454946774657,0.0783487589696978,0.23092062779708106,0.27371730182732235,0.12130113912599218
10,va_a,20,-0.16488929041614372,7.808217282952281,4.402816684910548,14.68281971699764,23.950975377464125,0.0783487589696978,0.23092062779708106,0.27371730182732235,0.12130113912599218
10,va_a,21,0.4795643493253896,3.2294339567405874,1.8033704179149128,10.448290939818344,23.475941738914074,0.0783487589696978,0.23092062779708106,0.27371730182732235,0.12130113912599218
10,va_a,22,-0.7424897110172933,2.238460696244164,2.4926108192224463,13.238216826424331,7.309849295280896,0.0783487589696978,0.23092062779708106,0.27371730182732235,0.12130113912599218
10,va_a,23,-0.9429549881211536,5.18024983861248,5.003231926325169,16.639979336802003,2.1456414189468753,0.0783487589696978,0.23092062779708106,0.27371730182732235,0.12130113912599218
10,va_a,24,0.13600424342351264,2.4454879456535026,11.938519487058043,10.361731871438822,19.33283356334297,0.0783487589696978,0.23092062779708106,0.27371730182732235,0.12130113912599218
10,va_a,25,-0.36919831915949686,1.652097935983822,0.9719798995499583,11.453381374663042,1.2326838402476286,0.0783487589696978,0.23092062779708106,0.27371730182732235,0.12130113912599218
10,va_a,26,-0.20932171186434578,4.477901740075663,5.672320937233415,12.998896729416742,10.170377352076494,0.0783487589696978,0.23092062779708106,0.27371730182732235,0.12130113912599218
10,va_a,27,-0.31894322592773783,1.7970243421484047,5.23053986371827,11.965195160497206,2.8601048926397934,0.0783487589696978,0.23092062779708106,0.27371730182732235,0.12130113912599218
10,va_a,28,-0.21789587063709115,1.299725106739484,3.0536113432042034,18.24566059826942,7.026687077649578,0.0783487589696978,0.23092062779708106,0.27371730182732235,0.12130113912599218
10,va_a,29,0.23143248166653063,2.981526462526278,6.337840455232625,5.944735080192011,1.3332180710000927,0.0783487589696978,0.23092062779708106,0.27371730182732235,0.12130113912599218
10,va_a,30,-0.37167614528245485,8.769564523916591,14.10353597166565,46.14665417550517,11.54699176702519,0.0783487589696978,0.23092062779708106,0.27371730182732235,0.12130113912599218
10,va_a,31,0.37976316576473995,2.724367467783089,11.654512658619435,5.322247046062996,2.690632863034793,0.0783487589696978,0.23092062779708106,0.27371730182732235,0.12130113912599218
10,va_a,32,-0.17745101356219153,1.0475214382196842,2.0390674916163807,20.895503263128507,11.648533170189278,0.0783487589696978,0.23092062779708106,0.27371730182732235,0.12130113912599218
10,va_a,33,-0.08517568200323974,2.177905550938383,2.5592167297101325,6.050217923885784,3.3120818592735044,0.0783487589696978,0.23092062779708106,0.27371730182732235,0.12130113912599218
10,va_a,34,0.6687178463492374,2.104171078494939,8.938730393815147,54.48480236161644,36.96519584077368,0.0783487589696978,0.23092062779708106,0.27371730182732235,0.12130113912599218
10,va_a,35,-0.45358755845691756,7.658948586824964,10.156438443655746,15.43678351926957,3.5906810647109264,0.0783487589696978,0.23092062779708106,0.27371730182732235,0.12130113912599218
10,va_a,36,0.30260143530676487,1.1968973004201744,3.6588958386710506,5.659552759635136,1.3099547101732731,0.0783487589696978,0.23092062779708106,0.27371730182732235,0.12130113912599218
10,va_a,37,0.019600997302471834,0.990821994393637,4.530581933193101,35.858248070992154,2.6649621494504343,0.0783487589696978,0.23092062779708106,0.27371730182732235,0.12130113912599218
10,va_a,38,-0.7941075244539912,1.9835609170451913,6.6858512556466145,46.76166138776207,20.421730085190326,0.0783487589696978,0.23092062779708106,0.27371730182732235,0.12130113912599218
10,va_a,39,-0.8930028740748513,3.1253116823199965,7.680920777746833,20.614541734212285,5.0332082636791915,0.0783487589696978,0.23092062779708106,0.27371730182732235,0.12130113912599218
10,va_a,40,0.1497823443070606,4.65518398965326,7.637672085703308,1.4699481056102828,6.689515118010845,0.0783487589696978,0.23092062779708106,0.27371730182732235,0.12130113912599218
10,va_a,41,-0.5784382358163379,10.142836366656779,10.348309944183715,9.814798080692821,15.526032562143985,0.0783487589696978,0.23092062779708106,0.27371730182732235,0.12130113912599218
10,va_a,42,-0.2719038507934685,0.7675669408369807,6.573047722503774,0.043955365331327795,1.3806121094677304,0.0783487589696978,0.23092062779708106,0.27371730182732235,0.12130113912599218
10,va_a,43,-0.9042680881550829,8.720429788365102,4.282230413742393,6.223333867914058,12.018685016929744,0.0783487589696978,0.23092062779708106,0.27371730182732235,0.12130113912599218
10,va_a,44,-0.0741242333560163,8.86111802458243,1.4492095940399397,6.2954801291198486,39.67802618519207,0.0783487589696978,0.23092062779708106,0.27371730182732235,0.12130113912599218
10,va_a,45,-0.9153610912390749,3.7680504323742094,9.925688631411987,39.53196222363036,6.772375256349428,0.0783487589696978,0.23092062779708106,0.27371730182732235,0.12130113912599218
10,va_a,46,-0.48676916467816356,2.4757370890795007,3.920669031939723,24.137296643780655,3.1971180428741315,0.0783487589696978,0.23092062779708106,0.27371730182732235,0.12130113912599218
10,va_a,47,-0.8130268549017914,2.476428295752273,11.055332377285437,37.93482743562889,14.25174837825842,0.0783487589696978,0.23092062779708106,0.27371730182732235,0.12130113912599218
10,va_a,48,0.40939061683727596,4.613526200069795,9.917506448134663,25.578153667662917,5.858055445928704,0.0783487589696978,0.23092062779708106,0.27371730182732235,0.12130113912599218
10,va_a,49,0.6496592142973862,3.8441107560065606,8.393542260716307,81.36721318448166,35.91295033736636,0.0783487589696978,0.23092062779708106,0.27371730182732235,0.12130113912599218
10,va_a,50,-0.16284993487267393,0.4847458157760726,3.2693166949644534,12.085994873440205,3.075994226791829,0.0783487589696978,0.23092062779708106,0.27371730182732235,0.12130113912599218
10,va_a,51,-0.13769636690586953,1.4900568279172195,5.802963238735986,1.937612748991548,7.615510234827674,0.0783487589696978,0.23092062779708106,0.27371730182732235,0.12130113912599218
10,va_a,52,0.29479133567204774,8.321267443617376,4.574530693006423,3.4146832548375876,2.383725442222205,0.0783487589696978,0.23092062779708106,0.27371730182732235,0.12130113912599218
10,va_a,53,0.9156272191814409,2.6294011605226872,2.6037525874547276,25.57803408951563,13.581906297217218,0.0783487589696978,0.23092062779708106,0.27371730182732235,0.12130113912599218
10,va_a,54,0.20684783101125356,4.478791502752329,2.470496091076664,20.63108909815479,9.041044606949264,0.0783487589696978,0.23092062779708106,0.27371730182732235,0.12130113912599218
10,va_a,55,-0.3386339510043709,8.252724678005492,5.178721000269418,9.151944039260997,15.299925412097222,0.0783487589696978,0.23092062779708106,0.27371730182732235,0.12130113912599218
10,va_a,56,0.79050704081963,2.2282855986398515,4.918004353204898,7.959766026891603,5.892759759523867,0.0783487589696978,0.23092062779708106,0.27371730182732235,0.12130113912599218
10,va_a,57,0.250009269246448,1.2189319739616238,10.465705499568346,48.66131087253929,10.409773339708535,0.0783487589696978,0.23092062779708106,0.27371730182732235,0.12130113912599218
10,va_a,58,-0.29989287146857674,1.9489262225946893,2.078425250911994,27.81387165554969,14.227970824620224,0.0783487589696978,0.23092062779708106,0.27371730182732235,0.12130113912599218
10,va_a,59,-0.12517926796284112,2.4746692858770993,2.659001550602926,8.392719067993928,2.197421787940002,0.0783487589696978,0.23092062779708106,0.27371730182732235,0.12130113912599218
10,va_a,60,-0.48713255985589776,1.1605506343304157,4.318485181081901,6.0620340475568435,8.208601912003616,0.0783487589696978,0.23092062779708106,0.27371730182732235,0.12130113912599218
11,ia_a,1,0.9144915694887366,20.36750769998031,14.019408400142948,96.86685677291491,169.80199882944282,0.10285584051694448,0.18497401297869095,0.2689761743454419,0.15231069660504085
11,ia_a,2,-0.00461105396410911,15.509975239363905,5.582243734705,22.239390666311863,6.636617731901244,0.10285584051694448,0.18497401297869095,0.2689761743454419,0.15231069660504085
11,ia_a,3,1.0215356020556934,9.708040107558997,4.2402783591802775,7.072370489150452,2.869218927469555,0.10285584051694448,0.18497401297869095,0.2689761743454419,0.15231069660504085
11,ia_a,4,0.2658329753632808,14.195859314885535,11.146281917991214,22.54996922634207,3.4033805211296597,0.10285584051694448,0.18497401297869095,0.2689761743454419,0.15231069660504085
11,ia_a,5,0.6595500011683691,12.147520811200774,5.891392438090112,6.490701711555372,21.986888427893987,0.10285584051694448,0.18497401297869095,0.2689761743454419,0.15231069660504085
11,ia_a,6,-0.7563604974312939,59.18337484684026,5.844223922861881,73.35504562303855,90.12086119113987,0.10285584051694448,0.18497401297869095,0.2689761743454419,0.15231069660504085
11,ia_a,7,0.20858548458122222,13.895823999064058,8.875685525537289,17.26497519984483,12.214186194497039,0.10285584051694448,0.18497401297869095,0.2689761743454419,0.15231069660504085
11,ia_a,8,0.8990935256958135,19.562586441086694,12.371261303851194,105.29532044246466,40.161183830125196,0.10285584051694448,0.18497401297869095,0.2689761743454419,0.15231069660504085
11,ia_a,9,-0.4122901368036086,2.7816442211788814,7.723261411048713,4.898933914858494,2.070144601251538,0.10285584051694448,0.18497401297869095,0.2689761743454419,0.15231069660504085
11,ia_a,10,-0.022384929366544373,22.410760344169535,20.42587444685164,99.96042119893114,24.87220635885643,0.10285584051694448,0.18497401297869095,0.2689761743454419,0.15231069660504085
11,ia_a,11,0.35631119764506464,27.7837047289256,5.803720713352454,17.969587855320107,16.489784056130688,0.10285584051694448,0.18497401297869095,0.2689761743454419,0.15231069660504085
11,ia_a,12,-0.11075572166116797,6.916455805410788,7.624944680989879,98.01387584153287,15.247116361868727,0.10285584051694448,0.18497401297869095,0.2689761743454419,0.15231069660504085
11,ia_a,13,0.8010369875675855,33.589601751615966,23.374246899046778,73.22709152104807,89.05541172024252,0.10285584051694448,0.18497401297869095,0.2689761743454419,0.15231069660504085
11,ia_a,14,0.08623066338279305,9.709270466765975,11.91304183796066,12.222575101245493,13.629992243679311,0.10285584051694448,0.18497401297869095,0.2689761743454419,0.15231069660504085
11,ia_a,15,0.2655530541513275,17.59541999078929,22.568782868847325,122.71900828139738,15.05694820525865,0.10285584051694448,0.18497401297869095,0.2689761743454419,0.15231069660504085
11,ia_a,16,0.10103771872828761,5.927911328539879,4.4012946600532015,63.475453547434924,17.985472479935495,0.10285584051694448,0.18497401297869095,0.2689761743454419,0.15231069660504085
11,ia_a,17,-0.31912936689696647,8.78125239555713,5.764564218776069,2.000841338716668,4.571806510922641,0.10285584051694448,0.18497401297869095,0.2689761743454419,0.15231069660504085
11,ia_a,18,0.44738639620029014,36.948432298641904,14.282078871041147,3.3391445883705355,38.32032243992236,0.10285584051694448,0.18497401297869095,0.2689761743454419,0.15231069660504085
11,ia_a,19,-0.5899407712128637,1.5118899085515678,4.146977320674207,14.932020265024804,1.998847956978928,0.10285584051694448,0.18497401297869095,0.2689761743454419,0.15231069660504085
11,ia_a,20,0.7950486140974851,25.92776881852919,3.8681960962518853,181.75695920510188,60.127346838108046,0.10285584051694448,0.18497401297869095,0.2689761743454419,0.15231069660504085
11,ia_a,21,-0.1968927254085844,36.76864036116739,11.828411584602383,37.44160255947523,31.634768172983446,0.10285584051694448,0.18497401297869095,0.2689761743454419,0.15231069660504085
11,ia_a,22,-0.4056117323004943,15.82156759006184,3.6067764969130085,17.456536955283276,7.52280077732607,0.10285584051694448,0.18497401297869095,0.2689761743454419,0.15231069660504085
11,ia_a,23,-0.2965950190253303,24.075544903131643,5.511248118346846,3.25277394847615,18.49397803225987,0.10285584051694448,0.18497401297869095,0.2689761743454419,0.15231069660504085
11,ia_a,24,-0.24525684196875622,2.032913554170261,5.9136669283408585,7.2037712145547586,14.392603656577785,0.10285584051694448,0.18497401297869095,0.2689761743454419,0.15231069660504085
11,ia_a,25,0.24193043146495408,8.000806728636165,10.88714650974497,25.904501233071127,5.966302124564696,0.10285584051694448,0.18497401297869095,0.2689761743454419,0.15231069660504085
11,ia_a,26,0.5080425786497385,3.6058755308981962,6.536637351990461,11.909474385116075,4.8009097655215,0.10285584051694448,0.18497401297869095,0.2689761743454419,0.15231069660504085
11,ia_a,27,1.772812305189578,12.581813661511124,14.456179183623476,132.56368942581082,77.03552367327595,0.10285584051694448,0.18497401297869095,0.2689761743454419,0.15231069660504085
11,ia_a,28,0.4226173164177791,2.1722778028742695,5.631169427072894,30.171001687363347,21.299666987293826,0.10285584051694448,0.18497401297869095,0.2689761743454419,0.15231069660504085
11,ia_a,29,-0.3371304891487371,29.598366792673307,4.9664321170392,63.33590566344583,8.518646617562691,0.10285584051694448,0.18497401297869095,0.2689761743454419,0.15231069660504085
11,ia_a,30,-0.6677404849442601,0.7837911007260229,13.698372355297812,19.525481259713953,28.1220846214909,0.10285584051694448,0.18497401297869095,0.2689761743454419,0.15231069660504085
11,ia_a,32,0.5199576984757351,2.697431878395494,14.220981972407621,111.13307868208635,33.33726717108132,0.10285584051694448,0.18497401297869095,0.2689761743454419,0.15231069660504085
11,ia_a,33,0.19726137348897546,13.666238321635912,12.338548957833122,45.76385720405135,18.964784086498366,0.10285584051694448,0.18497401297869095,0.2689761743454419,0.15231069660504085
11,ia_a,34,0.4138257825334592,5.208710028979239,1.554104724191193,16.349090737887455,9.050550992549475,0.10285584051694448,0.18497401297869095,0.2689761743454419,0.15231069660504085
11,ia_a,35,0.07947056655802819,5.923816546476361,17.916224715347187,38.46383117973433,14.628136789494464,0.10285584051694448,0.18497401297869095,0.2689761743454419,0.15231069660504085
11,ia_a,36,0.32572604877169625,7.85341121596045,7.766480262392549,14.91071341849556,50.36082449571805,0.10285584051694448,0.18497401297869095,0.2689761743454419,0.15231069660504085
11,ia_a,37,-0.5824133047804665,14.514273149255521,4.2716003022791265,6.492633553848549,27.74928412789062,0.10285584051694448,0.18497401297869095,0.2689761743454419,0.15231069660504085
11,ia_a,38,0.4022833833194996,13.618601403321245,11.584815827573648,38.761223752258964,42.68614869328635,0.10285584051694448,0.18497401297869095,0.2689761743454419,0.15231069660504085
11,ia_a,39,-1.9056403267230033,111.32531612716333,20.14641993635113,86.96417877172281,88.64557936542182,0.10285584051694448,0.18497401297869095,0.2689761743454419,0.15231069660504085
11,ia_a,40,0.7553842901644565,31.766066396397218,6.39365596135098,27.08982392252661,30.583470054202067,0.10285584051694448,0.18497401297869095,0.2689761743454419,0.15231069660504085
11,ia_a,41,0.8335158037804026,27.21475153194535,8.079259787709418,27.963595692371502,57.65336227014243,0.10285584051694448,0.18497401297869095,0.2689761743454419,0.15231069660504085
11,ia_a,42,-0.24255652260675423,45.7267599497404,14.91194464703211,40.16434367444427,22.946634455589233,0.10285584051694448,0.18497401297869095,0.2689761743454419,0.15231069660504085
11,ia_a,43,-0.47708160178570425,5.199124662060518,4.227086822514965,138.98228006173764,87.65232589857659,0.10285584051694448,0.18497401297869095,0.2689761743454419,0.15231069660504085
11,ia_a,44,-1.1497828754172863,1.700867237405963,9.774981709568687,150.73332965531876,45.475916274343284,0.10285584051694448,0.18497401297869095,0.2689761743454419,0.15231069660504085
11,ia_a,45,-0.5857675831667605,17.16079051775762,8.677673499636947,7.500646928497146,2.174574759074913,0.10285584051694448,0.18497401297869095,0.2689761743454419,0.15231069660504085
11,ia_a,46,0.4470467041750543,5.903603713999601,2.4208718424988613,26.273970839925408,24.223153911696095,0.10285584051694448,0.18497401297869095,0.2689761743454419,0.15231069660504085
11,ia_a,47,0.8210761631700357,2.7440314706511937,3.530732076971685,25.753317033722414,27.167393735273237,0.10285584051694448,0.18497401297869095,0.2689761743454419,0.15231069660504085
11,ia_a,48,-0.5566773679223237,45.729301805902296,29.274582723529335,94.350973245119,18.811193335497855,0.10285584051694448,0.18497401297869095,0.2689761743454419,0.15231069660504085
11,ia_a,49,-0.5520112663445215,4.669805906730798,8.284403346819216,17.907558388093182,10.462318967138009,0.10285584051694448,0.18497401297869095,0.2689761743454419,0.15231069660504085
11,ia_a,50,0.14966737739529523,5.702426656675457,6.652004635402892,32.11008909890701,63.20116278924137,0.10285584051694448,0.18497401297869095,0.2689761743454419,0.15231069660504085
11,ia_a,51,-0.6481139251893815,19.260538056434978,9.40307722866203,8.577639255874821,3.8932387849082115,0.10285584051694448,0.18497401297869095,0.2689761743454419,0.15231069660504085
11,ia_a,52,0.6469045508255437,5.33047244256014,9.456940601293768,50.42831655252338,39.49830068355985,0.10285584051694448,0.18497401297869095,0.2689761743454419,0.15231069660504085
11,ia_a,53,0.9201049094814682,17.590173806375066,12.063423515024288,52.55342853215875,73.14299713042605,0.10285584051694448,0.18497401297869095,0.2689761743454419,0.15231069660504085
11,ia_a,54,0.08169985534752937,10.80714043136994,21.765533222668573,12.530829325859619,15.172682919203213,0.10285584051694448,0.18497401297869095,0.2689761743454419,0.15231069660504085
11,ia_a,55,0.7766248445201026,29.62440951532987,23.003431606901366,25.905601485707265,31.362736123152988,0.10285584051694448,0.18497401297869095,0.2689761743454419,0.15231069660504085
11,ia_a,56,-0.32965682410371766,24.73269018712787,7.85651696701121,15.759654171744456,4.917068633426088,0.10285584051694448,0.18497401297869095,0.2689761743454419,0.15231069660504085
11,ia_a,57,0.5963253209155955,58.41654235152029,21.796600018534505,353.83367199625997,174.07988054293372,0.10285584051694448,0.18497401297869095,0.2689761743454419,0.15231069660504085
11,ia_a,58,0.5062965630931427,4.787692950980799,8.41544294673061,71.47414936822628,34.78951085110888,0.10285584051694448,0.18497401297869095,0.2689761743454419,0.15231069660504085
11,ia_a,59,0.21062301348233695,18.50586254387561,3.6992773128037855,62.51568414629066,16.561362056456865,0.10285584051694448,0.18497401297869095,0.2689761743454419,0.15231069660504085
11,ia_a,60,1.3958422126379217,9.410204024262534,6.078893289182012,5.307726367101341,12.90103607037934,0.10285584051694448,0.18497401297869095,0.2689761743454419,0.15231069660504085
11,va_a,1,1.2059622475619514,10.00819897530066,8.5416118044499,12.08823235097517,9.228236075110129,0.1248294041743426,0.1469586460042266,0.1844969424722526,0.27459532640287876
11,va_a,2,-0.13406823709500676,5.066707461476921,1.5830938681770172,26.81962941687739,9.181582310347643,0.1248294041743426,0.1469586460042266,0.1844969424722526,0.27459532640287876
11,va_a,3,0.5861779774648298,58.03271365177594,14.233655734769782,18.638118775547316,41.8935569589954,0.1248294041743426,0.1469586460042266,0.1844969424722526,0.27459532640287876
11,va_a,4,0.38518536160523786,6.021101279618283,14.50958534192463,10.88845545433194,10.68934460352709,0.1248294041743426,0.1469586460042266,0.1844969424722526,0.27459532640287876
11,va_a,5,1.4857960119894713,52.90761496650551,8.41526142735526,75.85620552265512,63.904990774257186,0.1248294041743426,0.1469586460042266,0.1844969424722526,0.27459532640287876
11,va_a,6,-0.1982470437184797,57.94298307414639,67.28252959680127,29.836482253805535,14.843816046691344,0.1248294041743426,0.1469586460042266,0.1844969424722526,0.27459532640287876
11,va_a,7,0.2624165243089509,33.65115202284017,10.600316212666218,67.09455338631126,77.44014155681346,0.1248294041743426,0.1469586460042266,0.1844969424722526,0.27459532640287876
11,va_a,8,1.2219827304361024,12.659076218540328,8.907202989423329,215.37951140805723,74.88073433614676,0.1248294041743426,0.1469586460042266,0.1844969424722526,0.27459532640287876
11,va_a,9,-0.9590750510195997,90.26642651095915,26.652756507421397,326.5839181460124,293.5557757050655,0.1248294041743426,0.1469586460042266,0.1844969424722526,0.27459532640287876
11,va_a,10,-0.8271892105210781,18.947188180838936,16.497231430271928,234.96927307750096,146.1214855231568,0.1248294041743426,0.1469586460042266,0.1844969424722526,0.27459532640287876
11,va_a,11,0.47454341301713365,2.869726764774356,6.0507209118904575,49.96029522298712,30.526381444469216,0.1248294041743426,0.1469586460042266,0.1844969424722526,0.27459532640287876
11,va_a,12,-0.29166957476154726,3.756221134717577,1.5028202406017188,31.463953425767333,5.325787421788292,0.1248294041743426,0.1469586460042266,0.1844969424722526,0.27459532640287876
11,va_a,13,0.20625258749363515,2.183502264566201,23.642915741496505,31.936227986009587,2.537383541914399,0.1248294041743426,0.1469586460042266,0.1844969424722526,0.27459532640287876
11,va_a,14,-0.06778895420075212,5.830363981049665,6.474735206424439,5.610057428132826,9.449096293161102,0.1248294041743426,0.1469586460042266,0.1844969424722526,0.27459532640287876
11,va_a,15,0.017278792651009067,17.479201854172164,14.204749409087054,59.22777497210005,11.356582048649125,0.1248294041743426,0.1469586460042266,0.1844969424722526,0.27459532640287876
11,va_a,16,0.8024301746930371,8.745065285288511,5.7947710270781645,15.174223098896714,55.45394336376687,0.1248294041743426,0.1469586460042266,0.1844969424722526,0.27459532640287876
11,va_a,17,-1.7116630650272375,6.124556364704516,20.446370966884267,134.57139464207216,28.828483193083834,0.1248294041743426,0.1469586460042266,0.1844969424722526,0.27459532640287876
11,va_a,18,0.8148555393837918,16.336930616349196,4.652124679499719,88.57377874580807,15.009314297499891,0.1248294041743426,0.1469586460042266,0.1844969424722526,0.27459532640287876
11,va_a,19,0.10450503425076489,0.5656557452897413,2.455721456757291,1.2484739254757662,1.8005799839214396,0.1248294041743426,0.1469586460042266,0.1844969424722526,0.27459532640287876
11,va_a,20,0.4565586607403565,5.929586603254525,9.544744843034817,39.58428077842079,31.35880126153576,0.1248294041743426,0.1469586460042266,0.1844969424722526,0.27459532640287876
11,va_a,21,-0.3733989267695313,59.84731756704645,5.691816866726282,55.53033330335031,105.21948149639607,0.1248294041743426,0.1469586460042266,0.1844969424722526,0.27459532640287876
11,va_a,22,0.9755132487851917,45.29891277868406,6.55409803601993,24.952691132977872,20.30642568099446,0.1248294041743426,0.1469586460042266,0.1844969424722526,0.27459532640287876
11,va_a,23,-0.18058919457092287,7.18889968344138,5.318537248925241,15.77320477950886,16.988816623841874,0.1248294041743426,0.1469586460042266,0.1844969424722526,0.27459532640287876
11,va_a,24,1.0259177007798859,3.760111146581659,4.51539610095679,31.609113197580186,32.11739864022286,0.1248294041743426,0.1469586460042266,0.1844969424722526,0.27459532640287876
11,va_a,25,-0.5967612713884998,5.899391600467886,7.210317757256979,11.377674352509723,10.276150407978971,0.1248294041743426,0.1469586460042266,0.1844969424722526,0.27459532640287876
11,va_a,26,0.04735171020919179,5.489583541941995,7.169552433266621,20.170714741757536,3.177819331572857,0.1248294041743426,0.1469586460042266,0.1844969424722526,0.27459532640287876
11,va_a,27,0.7901579404239697,1.193006526548695,10.594520867484917,38.83648207571975,32.52946534776398,0.1248294041743426,0.1469586460042266,0.1844969424722526,0.27459532640287876
11,va_a,28,-0.6064883656937488,2.785334251595523,7.085797894379193,1.9664519802222606,11.61931277030285,0.1248294041743426,0.1469586460042266,0.1844969424722526,0.27459532640287876
11,va_a,29,0.14154084002807304,19.914458759808326,4.634564036277479,14.70043250581948,75.98030722524462,0.1248294041743426,0.1469586460042266,0.1844969424722526,0.27459532640287876
11,va_a,30,0.0330523955610635,10.840297169524108,6.42405147491604,23.12157713704731,43.25195882014801,0.1248294041743426,0.1469586460042266,0.1844969424722526,0.27459532640287876
11,va_a,31,-0.33302356673838457,10.965144996521428,4.3564195195719675,8.887413251398401,7.835118812149961,0.1248294041743426,0.1469586460042266,0.1844969424722526,0.27459532640287876
11,va_a,32,-0.0530277998243137,12.658163815937954,9.729132993883825,26.22959977827906,23.83964856115594,0.1248294041743426,0.1469586460042266,0.1844969424722526,0.27459532640287876
11,va_a,33,1.132675341074862,10.60964330106096,22.970420514287742,113.57350441841538,7.235233634475813,0.1248294041743426,0.1469586460042266,0.1844969424722526,0.27459532640287876
11,va_a,34,-0.6039574187017611,6.493149767068861,8.261329775358401,39.219814730986734,28.360601399552383,0.1248294041743426,0.1469586460042266,0.1844969424722526,0.27459532640287876
11,va_a,35,-0.17285024864066745,17.841527203213175,9.358419116492566,3.2015903238233703,21.753440295057022,0.1248294041743426,0.1469586460042266,0.1844969424722526,0.27459532640287876
11,va_a,36,0.21701819332570738,4.178347365470335,6.095466978963731,13.979788642422694,20.200303764185687,0.1248294041743426,0.1469586460042266,0.1844969424722526,0.27459532640287876
11,va_a,37,-0.16560300471905828,36.60101949288465,6.617039342694584,51.586332203533814,16.695277549190603,0.1248294041743426,0.1469586460042266,0.1844969424722526,0.27459532640287876
11,va_a,38,-1.1006999937412068,29.074866895956852,10.131184751636285,53.26954084972998,21.71915133320041,0.1248294041743426,0.1469586460042266,0.1844969424722526,0.27459532640287876
11,va_a,39,0.3594342829565153,9.34907534809961,8.19939792153142,18.843696335469872,28.03811201428048,0.1248294041743426,0.1469586460042266,0.1844969424722526,0.27459532640287876
11,va_a,40,0.01743592229865276,6.295120092697653,4.729466294381024,64.95321290932148,41.16121026992275,0.1248294041743426,0.1469586460042266,0.1844969424722526,0.27459532640287876
11,va_a,41,0.4146236734339495,7.978737158592002,7.458912817052679,4.007578701655931,15.334685949963935,0.1248294041743426,0.1469586460042266,0.1844969424722526,0.27459532640287876
11,va_a,42,0.6001315388715124,2.5000277225265077,14.367781247494591,7.098357181585157,7.627394356102706,0.1248294041743426,0.1469586460042266,0.1844969424722526,0.27459532640287876
11,va_a,43,-0.037175912501880654,7.488203934504654,7.341408519012705,6.15873598305123,20.562804089544372,0.1248294041743426,0.1469586460042266,0.1844969424722526,0.27459532640287876
11,va_a,44,-1.7679957503221517,46.25122210446837,20.52369930379168,82.31204828348439,19.93272184150346,0.1248294041743426,0.1469586460042266,0.1844969424722526,0.27459532640287876
11,va_a,45,-0.46705984330028905,3.9101047082800613,5.3399917948995075,4.70606825684093,11.920072617181738,0.1248294041743426,0.1469586460042266,0.1844969424722526,0.27459532640287876
11,va_a,46,-0.12203862371689632,10.42780179158433,13.229227114945957,258.8807794971655,139.57704732687904,0.1248294041743426,0.1469586460042266,0.1844969424722526,0.27459532640287876
11,va_a,47,0.08348625728522031,10.302700089429575,5.975423031013451,9.037547970124194,1.4845893036339386,0.1248294041743426,0.1469586460042266,0.1844969424722526,0.27459532640287876
11,va_a,48,0.28333807813441536,4.789619476915965,1.8476063664066802,24.537048073183527,4.86583257307108,0.1248294041743426,0.1469586460042266,0.1844969424722526,0.27459532640287876
11,va_a,49,0.419372132276119,1.7686670953856365,6.483615215893806,29.73661375614199,2.3754292707265994,0.1248294041743426,0.1469586460042266,0.1844969424722526,0.27459532640287876
11,va_a,50,0.07833090842519974,15.763502686922472,5.01801108965205,9.71864531000597,10.046101116823262,0.1248294041743426,0.1469586460042266,0.1844969424722526,0.27459532640287876
11,va_a,51,0.4917578089798242,25.514618863190236,13.32789931243633,39.83453424125601,126.95367859943438,0.1248294041743426,0.1469586460042266,0.1844969424722526,0.27459532640287876
11,va_a,52,0.11145002006835705,10.910159857239028,4.870964485390888,5.719773872706041,25.837469769085562,0.1248294041743426,0.1469586460042266,0.1844969424722526,0.27459532640287876
11,va_a,53,0.14290178291812317,8.559497392728442,3.2690054651012566,2.812416478589176,16.10551510942748,0.1248294041743426,0.1469586460042266,0.1844969424722526,0.27459532640287876
11,va_a,54,-1.3192440817461515,2.29817272867507,5.529924345066439,257.33542135458254,26.730715905097462,0.1248294041743426,0.1469586460042266,0.1844969424722526,0.27459532640287876
11,va_a,55,0.6091050158471493,32.60910229869402,16.18474446290555,42.929566250467836,53.96653938667702,0.1248294041743426,0.1469586460042266,0.1844969424722526,0.27459532640287876
11,va_a,56,0.5991975131510654,4.223511165102972,16.522094066733132,13.693301702859312,8.139067097397938,0.1248294041743426,0.1469586460042266,0.1844969424722526,0.27459532640287876
11,va_a,57,0.20814813126405235,4.330771599913122,3.133378632701736,78.3687662603098,32.6970809550777,0.1248294041743426,0.1469586460042266,0.1844969424722526,0.27459532640287876
11,va_a,58,0.8780665725035579,21.906747421551568,27.111346457601712,9.149124246980618,15.554507541909304,0.1248294041743426,0.1469586460042266,0.1844969424722526,0.27459532640287876
11,va_a,59,0.5328920518892094,11.952523595751385,6.504276234218737,270.4999719195473,91.0164727354934,0.1248294041743426,0.1469586460042266,0.1844969424722526,0.27459532640287876
11,va_a,60,0.3933835040547769,17.094115283183452,6.192180632144543,11.897482474504498,15.620972139369282,0.1248294041743426,0.1469586460042266,0.1844969424722526,0.27459532640287876
12,ia_a,1,0.7658913132457674,57.84329430262114,5.5896485375876255,113.17457936936344,100.91659024094051,0.26715526922105604,0.17611516468341235,0.44414885287816414,0.36301442273599416
12,ia_a,2,-0.3872256914232064,16.996203952914122,12.396617729632077,79.61452684122874,49.4475636693795,0.26715526922105604,0.17611516468341235,0.44414885287816414,0.36301442273599416
12,ia_a,3,-0.3581691912178396,13.61285283374718,3.4638482744278174,2.7484608349629123,7.762417565341616,0.26715526922105604,0.17611516468341235,0.44414885287816414,0.36301442273599416
12,ia_a,4,0.009326540404249645,12.98169791513709,4.553136951755601,141.80226942354807,20.826732286291247,0.26715526922105604,0.17611516468341235,0.44414885287816414,0.36301442273599416
12,ia_a,6,-1.058369032109584,20.023498227824394,25.84085825839162,97.35530299189918,37.926467452817285,0.26715526922105604,0.17611516468341235,0.44414885287816414,0.36301442273599416
12,ia_a,7,0.7285765259000263,47.95021439697958,13.119003757663778,20.40145706819681,69.11260390692743,0.26715526922105604,0.17611516468341235,0.44414885287816414,0.36301442273599416
12,ia_a,8,0.6541327615454537,6.5131177340802635,5.826984870882483,6.115740331683156,14.900394220484374,0.26715526922105604,0.17611516468341235,0.44414885287816414,0.36301442273599416
12,ia_a,9,0.11974290865724734,12.00439332599996,4.886044762873772,7.7362234592442585,5.048005544637966,0.26715526922105604,0.17611516468341235,0.44414885287816414,0.36301442273599416
12,ia_a,10,0.7546299426622197,12.659837264364425,47.94322473800826,149.6928741494144,100.63450880296874,0.26715526922105604,0.17611516468341235,0.44414885287816414,0.36301442273599416
12,ia_a,11,0.11796972082951329,8.282696538749887,4.553812328649596,108.15792554830672,5.073743865114837,0.26715526922105604,0.17611516468341235,0.44414885287816414,0.36301442273599416
12,ia_a,12,0.037686728930931494,7.750492345081673,8.766375877823203,4.864233459457174,52.91433004959026,0.26715526922105604,0.17611516468341235,0.44414885287816414,0.36301442273599416
12,ia_a,13,-0.6513763935615188,11.087278226478729,0.9699611341366344,90.31797903460546,42.23170938047077,0.26715526922105604,0.17611516468341235,0.44414885287816414,0.36301442273599416
12,ia_a,14,-0.3526611660839099,2.364318418119336,1.973531759072563,220.72852938339102,67.7393708083514,0.26715526922105604,0.17611516468341235,0.44414885287816414,0.36301442273599416
12,ia_a,15,-0.35566496178016505,14.42950582352075,3.770949063075265,0.9345047563110294,10.426708557473184,0.26715526922105604,0.17611516468341235,0.44414885287816414,0.36301442273599416
12,ia_a,16,0.3211860208906699,9.070420877060966,7.201325071179816,36.01887041336465,18.065981841639772,0.26715526922105604,0.17611516468341235,0.44414885287816414,0.36301442273599416
12,ia_a,17,0.24433146126817887,6.595204449543472,1.9579515915306955,33.7463312634568,36.22155143348467,0.26715526922105604,0.17611516468341235,0.44414885287816414,0.36301442273599416
12,ia_a,18,0.37786333756645696,27.531971166062878,37.81872694065618,58.11731784057412,16.366350672625124,0.26715526922105604,0.17611516468341235,0.44414885287816414,0.36301442273599416
12,ia_a,19,-0.4266740440171706,11.738617132136888,5.652587892935714,55.57749538287379,11.236246783079945,0.26715526922105604,0.17611516468341235,0.44414885287816414,0.36301442273599416
12,ia_a,20,-0.6082171598187117,1.8875786062123179,3.7100909611749686,46.71265230638205,22.60701731297946,0.26715526922105604,0.17611516468341235,0.44414885287816414,0.36301442273599416
12,ia_a,21,0.8796003844371504,25.526623090364772,10.51780786270796,16.052267454856324,68.22103039079745,0.26715526922105604,0.17611516468341235,0.44414885287816414,0.36301442273599416
12,ia_a,22,-0.024296282830411756,4.054537370273888,1.8856038954432834,17.44240947309416,7.108283853168719,0.26715526922105604,0.17611516468341235,0.44414885287816414,0.36301442273599416
12,ia_a,23,-0.22049303609612178,24.45890900935534,4.2305490900274165,24.724275254082347,47.328259404445475,0.26715526922105604,0.17611516468341235,0.44414885287816414,0.36301442273599416
12,ia_a,24,-0.7183911422707564,23.163469463433195,5.942337612006647,20.877006093341663,14.484339458128224,0.26715526922105604,0.17611516468341235,0.44414885287816414,0.36301442273599416
12,ia_a,25,-0.4167562873521708,17.86980114211485,14.34224699777864,46.40628938832749,23.56641493831065,0.26715526922105604,0.17611516468341235,0.44414885287816414,0.36301442273599416
12,ia_a,26,-0.5347738682388236,1.9475529554191275,4.095100121726652,19.955432253449914,6.945839385581003,0.26715526922105604,0.17611516468341235,0.44414885287816414,0.36301442273599416
12,ia_a,27,0.6896082374707931,40.97459977270612,15.477908815923028,10.569518672542925,4.5920229327111635,0.26715526922105604,0.17611516468341235,0.44414885287816414,0.36301442273599416
12,ia_a,28,-1.2869753555304693,8.906530834506508,3.9133086445710665,44.668300160467574,8.516760468964684,0.26715526922105604,0.17611516468341235,0.44414885287816414,0.36301442273599416
12,ia_a,29,-0.3651211007182658,3.6877091960659123,5.058343542685022,48.76092289775587,25.155826094696916,0.26715526922105604,0.17611516468341235,0.44414885287816414,0.36301442273599416
12,ia_a,30,0.2663062414409336,10.33934115164774,10.252025653351774,34.26421833375973,36.00847399851701,0.26715526922105604,0.17611516468341235,0.44414885287816414,0.36301442273599416
12,ia_a,31,-0.8633877390702434,4.323780321293027,3.7668728685770243,39.70474665181318,10.592616208994063,0.26715526922105604,0.17611516468341235,0.44414885287816414,0.36301442273599416
12,ia_a,32,0.01924937079268185,8.940219462097668,4.0735501668607546,0.6980672540575898,4.027228426887984,0.26715526922105604,0.17611516468341235,0.44414885287816414,0.36301442273599416
12,ia_a,33,0.46657332991226275,5.4196437565316735,5.5319196205615135,109.06429499916857,42.655152759401346,0.26715526922105604,0.17611516468341235,0.44414885287816414,0.36301442273599416
12,ia_a,34,-0.9196265146723152,92.17752726566862,35.84022211238507,105.19086132693252,146.08647936233515,0.26715526922105604,0.17611516468341235,0.44414885287816414,0.36301442273599416
12,ia_a,35,0.45286679635525956,2.6985416926465575,9.446689928348647,30.225153851523217,12.962751741870823,0.26715526922105604,0.17611516468341235,0.44414885287816414,0.36301442273599416
12,ia_a,36,0.2772952413386103,7.577987044293503,3.1275488815277197,33.235899433332406,8.189160813996699,0.26715526922105604,0.17611516468341235,0.44414885287816414,0.36301442273599416
12,ia_a,37,0.6085931630430438,4.21329530775248,4.969940244357487,0.6023240030415608,2.3055485026095077,0.26715526922105604,0.17611516468341235,0.44414885287816414,0.36301442273599416
12,ia_a,38,1.1195799823501882,76.0022431978081,50.10894991468147,444.59611019130256,86.0787216459813,0.26715526922105604,0.17611516468341235,0.44414885287816414,0.36301442273599416
12,ia_a,39,-0.21867448351211147,4.868672235015882,9.160998316474823,125.59927101933944,11.464479512049529,0.26715526922105604,0.17611516468341235,0.44414885287816414,0.36301442273599416
12,ia_a,40,0.24200337910121422,11.212998210387541,6.504814167626977,87.91594321844862,62.644806277783076,0.26715526922105604,0.17611516468341235,0.44414885287816414,0.36301442273599416
12,ia_a,41,-0.2946625692416915,3.7187162148596027,0.8343799237333136,22.530308384317276,8.598816806810987,0.26715526922105604,0.17611516468341235,0.44414885287816414,0.36301442273599416
12,ia_a,42,0.0342417224747484,23.79364179280153,11.394204925474794,62.508725856932735,38.68382132649869,0.26715526922105604,0.17611516468341235,0.44414885287816414,0.36301442273599416
12,ia_a,43,-0.4516593139835622,4.853507296682117,5.73420682267729,27.760480544605432,27.451563795772806,0.26715526922105604,0.17611516468341235,0.44414885287816414,0.36301442273599416
12,ia_a,44,0.10877212253720406,7.278717653521028,3.707221830414447,47.614944418718444,20.239107528102966,0.26715526922105604,0.17611516468341235,0.44414885287816414,0.36301442273599416
12,ia_a,45,-1.296070964342115,1.9654369009283994,8.056921185237309,137.8025707732349,10.220812302900454,0.26715526922105604,0.17611516468341235,0.44414885287816414,0.36301442273599416
12,ia_a,46,0.14302077216747774,8.704413514959203,3.6754247378268685,119.49887647080915,57.60834374151422,0.26715526922105604,0.17611516468341235,0.44414885287816414,0.36301442273599416
12,ia_a,47,0.47292230044671635,49.875065140771575,17.24693937582174,54.509099415945755,42.18718398966795,0.26715526922105604,0.17611516468341235,0.44414885287816414,0.36301442273599416
12,ia_a,48,-0.4441594960091014,2.166583211991608,8.386490102612104,19.32947428818237,8.803894406068167,0.26715526922105604,0.17611516468341235,0.44414885287816414,0.36301442273599416
12,ia_a,49,0.22980417324625338,16.146829688177874,17.376438578088024,563.8845324463956,36.52423604677144,0.26715526922105604,0.17611516468341235,0.44414885287816414,0.36301442273599416
12,ia_a,50,-0.011834133345714386,5.841269476174908,1.102110719978163,31.668439063137065,9.391160185838878,0.26715526922105604,0.17611516468341235,0.44414885287816414,0.36301442273599416
12,ia_a,51,-1.0222521741997963,3.5931724364909536,11.04981085731496,46.0043037182762,6.401810312651657,0.26715526922105604,0.17611516468341235,0.44414885287816414,0.36301442273599416
12,ia_a,52,-0.42488331444364025,18.69853037755978,7.612617859578851,135.64294871377786,28.378942423639423,0.26715526922105604,0.17611516468341235,0.44414885287816414,0.36301442273599416
12,ia_a,53,-0.09752852028262993,17.64979251709605,5.886791424883075,54.59003389503521,39.97940848039085,0.26715526922105604,0.17611516468341235,0.44414885287816414,0.36301442273599416
12,ia_a,54,-0.7039512441078295,16.729137537882085,11.770873855972097,4.9875721411291485,11.9291911284824,0.26715526922105604,0.17611516468341235,0.44414885287816414,0.36301442273599416
12,ia_a,55,1.021102081676115,10.411067840832645,2.2409722554184266,14.414243053675223,1.3524765640179364,0.26715526922105604,0.17611516468341235,0.44414885287816414,0.36301442273599416
12,ia_a,56,1.5596045633532059,59.60256285908744,19.743396385295874,289.71832022667434,391.9533606411413,0.26715526922105604,0.17611516468341235,0.44414885287816414,0.36301442273599416
12,ia_a,57,1.3357009048125221,14.478911820369808,9.890486208130788,7.039589521518139,15.94033663502887,0.26715526922105604,0.17611516468341235,0.44414885287816414,0.36301442273599416
12,ia_a,58,-0.7600599839578348,16.946871344898078,3.753185134759658,56.38514108494705,48.55304054043872,0.26715526922105604,0.17611516468341235,0.44414885287816414,0.36301442273599416
12,ia_a,59,-0.011603899464417398,24.599252128983704,10.403218358109307,4.50029976873561,30.977996064943973,0.26715526922105604,0.17611516468341235,0.44414885287816414,0.36301442273599416
12,ia_a,60,-0.8671738774378783,7.793822853577975,14.0665823872378,42.45080867420168,24.877073936464786,0.26715526922105604,0.17611516468341235,0.44414885287816414,0.36301442273599416
12,va_a,1,0.5169625377902978,30.34016126234546,12.150949948505964,80.81950076875513,103.96210472790727,0.27392331214103527,0.22340713947934573,0.19348264886108943,0.31127998913726945
12,va_a,2,-0.4113621498501871,24.47849406545414,7.60813050340382,39.63056480598583,9.403525934994084,0.27392331214103527,0.22340713947934573,0.19348264886108943,0.31127998913726945
12,va_a,3,-0.14646865275120696,40.4928546212872,22.377762041126267,68.63016954933808,87.78216490663193,0.27392331214103527,0.22340713947934573,0.19348264886108943,0.31127998913726945
12,va_a,4,-0.5561927487470997,9.92477295478032,3.9892901802333323,27.097262220119063,8.81219037221737,0.27392331214103527,0.22340713947934573,0.19348264886108943,0.31127998913726945
12,va_a,5,0.07152411459797949,9.000099993558667,6.750063714444633,4.209318054945337,26.258663598136632,0.27392331214103527,0.22340713947934573,0.19348264886108943,0.31127998913726945
12,va_a,6,-1.193500691308179,11.845495190560925,2.832279715810381,127.02246328310673,54.55972099926279,0.27392331214103527,0.22340713947934573,0.19348264886108943,0.31127998913726945
12,va_a,7,-0.80211759744188,14.737873774479741,5.680648424778885,15.624338698422049,15.324107828079502,0.27392331214103527,0.22340713947934573,0.19348264886108943,0.31127998913726945
12,va_a,8,0.172971711399242,2.8899603868847095,8.143045378820574,41.47905150040157,27.18737342352815,0.27392331214103527,0.22340713947934573,0.19348264886108943,0.31127998913726945
12,va_a,9,0.58055917729453,30.711779846361246,14.489287975872715,55.12669752570123,21.204946270029193,0.27392331214103527,0.22340713947934573,0.19348264886108943,0.31127998913726945
12,va_a,10,0.007766037838330401,14.058934742731926,5.910993582937414,116.61084721446889,57.22576839502468,0.27392331214103527,0.22340713947934573,0.19348264886108943,0.31127998913726945
12,va_a,11,0.5290392705400083,3.6930721353253766,4.394874634600956,22.22797322473159,12.800215801564637,0.27392331214103527,0.22340713947934573,0.19348264886108943,0.31127998913726945
12,va_a,12,0.4763281537188047,1.1833708658987692,7.513552208840672,73.96784195577736,3.2043571244372235,0.27392331214103527,0.22340713947934573,0.19348264886108943,0.31127998913726945
12,va_a,13,0.037548197814740766,7.156865510963455,3.002754191384205,22.664338245415774,14.01752387287483,0.27392331214103527,0.22340713947934573,0.19348264886108943,0.31127998913726945
12,va_a,14,-0.14278714539342444,21.780283248816765,2.900372603599751,8.184764397466886,14.600785693092439,0.27392331214103527,0.22340713947934573,0.19348264886108943,0.31127998913726945
12,va_a,15,-1.3880507047715966,9.785937706994781,5.669102046719403,108.20682254691538,37.504115151683884,0.27392331214103527,0.22340713947934573,0.19348264886108943,0.31127998913726945
12,va_a,16,-1.2417656144931604,8.892207796079072,31.401270896974935,227.80250661182504,29.803227588448053,0.27392331214103527,0.22340713947934573,0.19348264886108943,0.31127998913726945
12,va_a,17,-1.6087942554796852,24.42467528478377,12.087184303499438,5.268391208182841,17.24395347235527,0.27392331214103527,0.22340713947934573,0.19348264886108943,0.31127998913726945
12,va_a,18,0.40562405570240423,11.090807377200132,2.794891068842615,46.82355118933889,13.394075119920798,0.27392331214103527,0.22340713947934573,0.19348264886108943,0.31127998913726945
12,va_a,19,-0.2347853225662215,4.474617551402963,7.165802958390455,9.452422439388728,9.107169440428358,0.27392331214103527,0.22340713947934573,0.19348264886108943,0.31127998913726945
12,va_a,20,-0.1825683786091491,10.27220275643077,3.1433815415950295,12.348175759923393,2.1530125566069684,0.27392331214103527,0.22340713947934573,0.19348264886108943,0.31127998913726945
12,va_a,21,-0.06315201030003063,13.911193472434478,9.143906240831589,7.347031607700855,13.440227131973668,0.27392331214103527,0.22340713947934573,0.19348264886108943,0.31127998913726945
12,va_a,22,-0.16188698115462294,5.983431689150966,3.1192637068004934,1.8960798043137774,8.340958783455408,0.27392331214103527,0.22340713947934573,0.19348264886108943,0.31127998913726945
12,va_a,23,-2.604453585154785,9.241222116235177,10.326430658795877,104.25075387675778,55.41661480347183,0.27392331214103527,0.22340713947934573,0.19348264886108943,0.31127998913726945
12,va_a,24,-0.6400841786732177,50.082082724421234,10.95758297329402,1.3937291701415842,17.093331051344368,0.27392331214103527,0.22340713947934573,0.19348264886108943,0.31127998913726945
12,va_a,25,-0.5203607554205772,5.620161733895876,7.255508256993126,42.2392812760557,7.706449435790703,0.27392331214103527,0.22340713947934573,0.19348264886108943,0.31127998913726945
12,va_a,26,-0.7220144844090703,4.091622212437118,4.519370137222843,27.71120082796139,23.168304133885155,0.27392331214103527,0.22340713947934573,0.19348264886108943,0.31127998913726945
12,va_a,27,-0.5992665416951353,1.4612815679501552,3.051350887375602,14.758242190874753,3.101359667086915,0.27392331214103527,0.22340713947934573,0.19348264886108943,0.31127998913726945
12,va_a,28,-0.6023213526565758,1.782867558723162,8.729672546311114,102.65843391214712,39.831804621565986,0.27392331214103527,0.22340713947934573,0.19348264886108943,0.31127998913726945
12,va_a,29,0.5873741558117848,13.37697445222978,5.596230400911918,5.026877435182939,26.419792783415623,0.27392331214103527,0.22340713947934573,0.19348264886108943,0.31127998913726945
12,va_a,30,-0.6294931691912707,67.03128014181024,11.507996094202143,116.5068838192125,21.38962510281557,0.27392331214103527,0.22340713947934573,0.19348264886108943,0.31127998913726945
12,va_a,31,0.5529333981295635,3.7879835209106143,11.895897170177717,411.7404562061079,43.66451763311916,0.27392331214103527,0.22340713947934573,0.19348264886108943,0.31127998913726945
12,va_a,32,-1.186039238406357,2.745853258484815,26.955347974929055,51.071882667625395,30.841996878393108,0.27392331214103527,0.22340713947934573,0.19348264886108943,0.31127998913726945
12,va_a,33,-0.13288887585464754,4.020079708493504,4.780935088277539,39.42786125190056,22.626858684435568,0.27392331214103527,0.22340713947934573,0.19348264886108943,0.31127998913726945
12,va_a,34,0.05626318864422589,44.19295789262186,6.876337972569152,16.166411810598966,90.25998155126179,0.27392331214103527,0.22340713947934573,0.19348264886108943,0.31127998913726945
12,va_a,35,-0.2034456569033199,10.768236421138328,14.545939204183455,27.28792405813754,33.05858645242883,0.27392331214103527,0.22340713947934573,0.19348264886108943,0.31127998913726945
12,va_a,36,-0.7668660284137236,0.3160850063008679,8.971786323868987,64.72066754893306,21.30106196157131,0.27392331214103527,0.22340713947934573,0.19348264886108943,0.31127998913726945
12,va_a,37,1.2538823507629289,35.35014842633233,19.007460744116205,40.62895232658918,25.23165715951558,0.27392331214103527,0.22340713947934573,0.19348264886108943,0.31127998913726945
12,va_a,38,-0.7628419647184781,3.5992129778903994,5.358990276025971,12.369022447141536,18.869849574210534,0.27392331214103527,0.22340713947934573,0.19348264886108943,0.31127998913726945
12,va_a,39,0.21008752666557096,3.4157375344089838,3.5227667281177792,4.779028041021835,7.530419413152039,0.27392331214103527,0.22340713947934573,0.19348264886108943,0.31127998913726945
12,va_a,40,-0.19647149930838648,48.15684732101887,13.885159542534296,10.725171816944554,8.518104864299769,0.27392331214103527,0.22340713947934573,0.19348264886108943,0.31127998913726945
12,va_a,41,-0.6026162115865722,10.807619462499279,2.8658572463676566,21.9313040802482,28.563802744634316,0.27392331214103527,0.22340713947934573,0.19348264886108943,0.31127998913726945
12,va_a,42,0.0632466154408784,26.21545151327031,8.039904162278532,1.120748742589168,17.192717886967515,0.27392331214103527,0.22340713947934573,0.19348264886108943,0.31127998913726945
12,va_a,43,-0.5233375963321324,2.5462445344858753,23.060359292703165,142.98491757964166,67.57644426602135,0.27392331214103527,0.22340713947934573,0.19348264886108943,0.31127998913726945
12,va_a,44,-0.2840052785173491,6.2348911934381475,1.818905172551289,35.76016253600492,30.900704933786542,0.27392331214103527,0.22340713947934573,0.19348264886108943,0.31127998913726945
12,va_a,45,0.7926185758925257,54.05369110522053,49.21815631897011,11.165447357486064,24.366049987293223,0.27392331214103527,0.22340713947934573,0.19348264886108943,0.31127998913726945
12,va_a,46,0.6178640624632332,11.184591756348834,8.755836169153415,23.782365619708557,14.259379703294524,0.27392331214103527,0.22340713947934573,0.19348264886108943,0.31127998913726945
12,va_a,47,-0.4336065365097168,31.566749284138325,17.887853812425778,5.746228865189655,4.739030560455304,0.27392331214103527,0.22340713947934573,0.19348264886108943,0.31127998913726945
12,va_a,48,0.3574384410177007,7.820101998206264,5.59810234731657,9.826059284082097,19.27569866216434,0.27392331214103527,0.22340713947934573,0.19348264886108943,0.31127998913726945
12,va_a,49,0.4905220815023358,2.8569317532173875,7.527602321884344,16.829198899206194,16.446133211648856,0.27392331214103527,0.22340713947934573,0.19348264886108943,0.31127998913726945
12,va_a,50,0.030244463441323498,4.066389790590012,4.225534962500215,12.408851849035544,22.660190803887822,0.27392331214103527,0.22340713947934573,0.19348264886108943,0.31127998913726945
12,va_a,51,0.6544266050492961,2.660388644465318,6.06462527243964,32.589526443766445,3.003181194079561,0.27392331214103527,0.22340713947934573,0.19348264886108943,0.31127998913726945
12,va_a,52,-0.38693838766001265,3.6246072640527935,9.521903817865374,171.48950130775677,69.13009515207159,0.27392331214103527,0.22340713947934573,0.19348264886108943,0.31127998913726945
12,va_a,53,0.21181635559760792,10.99332502511082,7.475955957610697,16.3351543151915,6.284678709693141,0.27392331214103527,0.22340713947934573,0.19348264886108943,0.31127998913726945
12,va_a,54,0.6470593580036919,10.139207008875582,16.173893806687715,30.9870520623211,6.252170287990955,0.27392331214103527,0.22340713947934573,0.19348264886108943,0.31127998913726945
12,va_a,55,-0.6849029854588701,8.882038872987398,4.541133964970305,10.874136047258014,47.48181288844726,0.27392331214103527,0.22340713947934573,0.19348264886108943,0.31127998913726945
12,va_a,56,0.5192749739278165,3.433160739383631,9.281375863997251,57.150848517904144,11.766353420963096,0.27392331214103527,0.22340713947934573,0.19348264886108943,0.31127998913726945
12,va_a,58,-0.04466814708695075,26.23633463034628,8.206757869083937,18.314054771494355,20.108939739418705,0.27392331214103527,0.22340713947934573,0.19348264886108943,0.31127998913726945
12,va_a,59,-0.8292284073017954,8.132453613198905,1.7415523606609513,43.49284259073226,58.84441000361234,0.27392331214103527,0.22340713947934573,0.19348264886108943,0.31127998913726945
12,va_a,60,0.004281767228288889,7.906865999433666,12.91804501182422,121.86845861571747,31.35749222227576,0.27392331214103527,0.22340713947934573,0.19348264886108943,0.31127998913726945
13,ia_a,1,0.9266909778126766,13.065091355928583,6.327209797985002,34.4265289931142,11.426444968418693,0.1888784783477083,0.11582348975466941,0.4290368597922277,0.2866164500060335
13,ia_a,2,-0.3722355617172956,51.82695019058059,3.782069642509115,30.400897429093714,19.327570851153283,0.1888784783477083,0.11582348975466941,0.4290368597922277,0.2866164500060335
13,ia_a,3,-0.1475995315462498,33.81120541779413,4.303155211136565,332.72021020508095,137.23261556510676,0.1888784783477083,0.11582348975466941,0.4290368597922277,0.2866164500060335
13,ia_a,4,0.0011179651325336501,4.06378025137646,2.817264391111767,7.929212966978843,17.619418714007942,0.1888784783477083,0.11582348975466941,0.4290368597922277,0.2866164500060335
13,ia_a,5,0.3503228094560348,13.053193397239497,3.161175462334049,43.7239339309207,31.9742807963273,0.1888784783477083,0.11582348975466941,0.4290368597922277,0.2866164500060335
13,ia_a,6,-0.5054191363537748,3.5833196065433808,3.7645317555503346,28.13076718430964,13.526252489764047,0.1888784783477083,0.11582348975466941,0.4290368597922277,0.2866164500060335
13,ia_a,7,-0.3721227085881518,1.7158797432066795,10.211768300295253,20.91748493071872,4.399944875310419,0.1888784783477083,0.11582348975466941,0.4290368597922277,0.2866164500060335
13,ia_a,8,-0.4069006887613653,8.409573850360598,2.2690875074581593,15.360845058720502,16.974308776603863,0.1888784783477083,0.11582348975466941,0.4290368597922277,0.2866164500060335
13,ia_a,9,-0.3987694073874562,5.283760801639003,0.8094743817260572,4.227870513370814,2.3478725958235236,0.1888784783477083,0.11582348975466941,0.4290368597922277,0.2866164500060335
13,ia_a,10,-0.9502797525880102,12.070646827932343,3.21126127052964,69.36874342628833,18.131205424099992,0.1888784783477083,0.11582348975466941,0.4290368597922277,0.2866164500060335
13,ia_a,11,0.20281775401142937,26.423464909174836,11.915517411817785,39.74646518401605,14.730833399910244,0.1888784783477083,0.11582348975466941,0.4290368597922277,0.2866164500060335
13,ia_a,12,-0.9438225424443709,24.321716692902342,9.243929175130384,125.85051615565241,35.44989849991752,0.1888784783477083,0.11582348975466941,0.4290368597922277,0.2866164500060335
13,ia_a,13,-0.17751833173620576,5.09389457548281,12.26330427160183,23.6737952172854,29.913743420631654,0.1888784783477083,0.11582348975466941,0.4290368597922277,0.2866164500060335
13,ia_a,14,-0.3884658108780397,13.52522860872936,1.270399528896394,21.15944766019601,27.531762934184094,0.1888784783477083,0.11582348975466941,0.4290368597922277,0.2866164500060335
13,ia_a,15,0.9612633399114134,34.583632420941285,9.856585717230066,16.510571405431,17.236875395372554,0.1888784783477083,0.11582348975466941,0.4290368597922277,0.2866164500060335
13,ia_a,16,0.6772047550024373,29.739552805089225,10.894260554916297,10.619216068397657,21.31505600583807,0.1888784783477083,0.11582348975466941,0.4290368597922277,0.2866164500060335
13,ia_a,17,-1.1164415238718584,2.78580585744637,4.450770874558789,7.900405276474908,6.520294158949045,0.1888784783477083,0.11582348975466941,0.4290368597922277,0.2866164500060335
13,ia_a,18,-0.21810640200296733,1.7140167568118028,1.2320048783312325,10.396963805759873,8.917032600226435,0.1888784783477083,0.11582348975466941,0.4290368597922277,0.2866164500060335
13,ia_a,19,0.9802667390468695,4.044113076013248,5.591098642456196,47.73943969475469,21.396399952347323,0.1888784783477083,0.11582348975466941,0.4290368597922277,0.2866164500060335
13,ia_a,20,-0.13828990601046226,3.5043435539408603,2.360329533137409,5.976312379845529,2.1508148838526893,0.1888784783477083,0.11582348975466941,0.4290368597922277,0.2866164500060335
13,ia_a,21,0.010487349623107064,51.83712782123864,15.579317715816147,39.307917159110026,61.621106326752624,0.1888784783477083,0.11582348975466941,0.4290368597922277,0.2866164500060335
13,ia_a,22,-0.41568521867520103,32.426908868194296,7.29878946254285,9.083976016266798,67.69336922216355,0.1888784783477083,0.11582348975466941,0.4290368597922277,0.2866164500060335
13,ia_a,23,-0.0021460826161484765,1.112320904687401,2.3743670144671736,17.472131086422785,24.459585673725975,0.1888784783477083,0.11582348975466941,0.4290368597922277,0.2866164500060335
13,ia_a,24,0.4598724814854271,14.179565824609496,3.611030025062044,33.77577401179283,16.42669408913127,0.1888784783477083,0.11582348975466941,0.4290368597922277,0.2866164500060335
13,ia_a,25,0.36873892395483726,3.988180108719015,3.548236097907528,17.210527510929868,4.0011924740556095,0.1888784783477083,0.11582348975466941,0.4290368597922277,0.2866164500060335
13,ia_a,26,-0.14132278194823258,4.272766427131109,4.487579371951802,8.013127336598664,9.36020799583458,0.1888784783477083,0.11582348975466941,0.4290368597922277,0.2866164500060335
13,ia_a,27,-0.34551544250342753,3.9133728722933614,4.025999482217863,6.21129364579434,10.40203000686964,0.1888784783477083,0.11582348975466941,0.4290368597922277,0.2866164500060335
13,ia_a,28,-0.11517081897211823,6.898827135288247,2.4071669734910097,10.175723122741909,22.13609156831676,0.1888784783477083,0.11582348975466941,0.4290368597922277,0.2866164500060335
13,ia_a,29,-0.235345650599484,4.673157749860154,2.8276062266854907,5.79064519704913,16.61268373566516,0.1888784783477083,0.11582348975466941,0.4290368597922277,0.2866164500060335
13,ia_a,30,0.7441002513428878,13.541220926794127,1.9668473443547039,82.86470309283095,43.943513230704646,0.1888784783477083,0.11582348975466941,0.4290368597922277,0.2866164500060335
13,ia_a,31,-0.06613524589768187,5.076549523907264,3.1278674211432795,37.126419025983886,8.973327033834034,0.1888784783477083,0.11582348975466941,0.4290368597922277,0.2866164500060335
13,ia_a,32,-0.8979433337226068,11.003954212212056,4.520893686950271,62.22551041395204,23.896020197482006,0.1888784783477083,0.11582348975466941,0.4290368597922277,0.2866164500060335
13,ia_a,33,0.9075621900755491,27.712245606984148,6.447976664578616,9.058470186428988,29.29324556695076,0.1888784783477083,0.11582348975466941,0.4290368597922277,0.2866164500060335
13,ia_a,34,0.7411062774351623,7.231301656976558,3.411241465714762,5.332991432657067,16.614600759977787,0.1888784783477083,0.11582348975466941,0.4290368597922277,0.2866164500060335
13,ia_a,35,0.06752430467004163,41.31668817160024,14.134435180377935,41.53746335138742,21.4959689692815,0.1888784783477083,0.11582348975466941,0.4290368597922277,0.2866164500060335
13,ia_a,36,0.10550761901407199,2.8002946092203667,1.9430903712066458,8.509116189669726,10.316481658616928,0.1888784783477083,0.11582348975466941,0.4290368597922277,0.2866164500060335
13,ia_a,37,0.04324471993304413,13.377273695658099,3.8797216405219572,8.425560488910945,14.650430899653148,0.1888784783477083,0.11582348975466941,0.4290368597922277,0.2866164500060335
13,ia_a,39,0.6618146394564581,39.36299973383195,15.31935764381049,77.08057315355353,92.2944390647931,0.1888784783477083,0.11582348975466941,0.4290368597922277,0.2866164500060335
13,ia_a,40,0.4104088097294664,3.4427470567540204,3.78035240475613,6.5132870103479465,6.946858409743433,0.1888784783477083,0.11582348975466941,0.4290368597922277,0.2866164500060335
13,ia_a,41,0.108779501340766,5.559558733419957,2.835276360478274,1.5163652743528602,4.5086955448568835,0.1888784783477083,0.11582348975466941,0.4290368597922277,0.2866164500060335
13,ia_a,42,-0.396487831597901,24.701218943360278,3.830514129956106,10.42981140295875,4.263733504735884,0.1888784783477083,0.11582348975466941,0.4290368597922277,0.2866164500060335
13,ia_a,43,-0.43325415947123247,5.893637068943994,7.120018725953305,35.674111461986314,49.27321189054997,0.1888784783477083,0.11582348975466941,0.4290368597922277,0.2866164500060335
13,ia_a,44,0.33094893362826566,15.62354598897026,3.1129497769200847,91.52164817767091,46.11531796196229,0.1888784783477083,0.11582348975466941,0.4290368597922277,0.2866164500060335
13,ia_a,45,-0.3860068550340372,1.608578246028845,3.1128846971951876,3.935974886093169,1.7042343218496372,0.1888784783477083,0.11582348975466941,0.4290368597922277,0.2866164500060335
13,ia_a,46,0.009975298940403637,9.4671372652593,1.4420638552668983,2.2163840804057933,17.783412233132253,0.1888784783477083,0.11582348975466941,0.4290368597922277,0.2866164500060335
13,ia_a,47,0.7539165708708262,15.124457039114604,2.5446733974408198,45.404943430276475,81.05352773667062,0.1888784783477083,0.11582348975466941,0.4290368597922277,0.2866164500060335
13,ia_a,48,-0.34270973624544365,65.18294454859193,8.161542007765092,58.500687534799354,67.08733069234141,0.1888784783477083,0.11582348975466941,0.4290368597922277,0.2866164500060335
13,ia_a,49,-0.39719252944345046,1.0019895971055788,2.806381350421316,10.041358722556325,12.60643944429874,0.1888784783477083,0.11582348975466941,0.4290368597922277,0.2866164500060335
13,ia_a,50,0.1523325373906394,9.34089385936099,7.162470638399104,25.69950689081348,15.16093252043505,0.1888784783477083,0.11582348975466941,0.4290368597922277,0.2866164500060335
13,ia_a,51,-0.30979815284421586,22.136921734862945,3.7932040616624625,22.562494141855232,29.93576508406824,0.1888784783477083,0.11582348975466941,0.4290368597922277,0.2866164500060335
13,ia_a,52,-0.3816120280587852,24.451228338703523,7.990455809003995,9.031709141331952,40.034746855801004,0.1888784783477083,0.11582348975466941,0.4290368597922277,0.2866164500060335
13,ia_a,53,-0.1869030560269261,22.349862140632588,2.9435175795741246,2.722155714750914,65.69871741327488,0.1888784783477083,0.11582348975466941,0.4290368597922277,0.2866164500060335
13,ia_a,54,-0.2710813971989009,13.197954455800819,2.154679199940865,8.091656629413434,22.483818271849323,0.1888784783477083,0.11582348975466941,0.4290368597922277,0.2866164500060335
13,ia_a,55,-0.3551344688225468,7.413208602524475,7.006801684837881,26.679909685595213,22.73468060529133,0.1888784783477083,0.11582348975466941,0.4290368597922277,0.2866164500060335
13,ia_a,56,0.6314410741583357,6.451891614301407,2.0683895896229627,1.254153765146516,10.91317847965147,0.1888784783477083,0.11582348975466941,0.4290368597922277,0.2866164500060335
13,ia_a,57,0.07575013566463665,47.99731272691165,6.973168666999387,23.166613028742994,14.03922041720571,0.1888784783477083,0.11582348975466941,0.4290368597922277,0.2866164500060335
13,ia_a,58,-0.04953716543619424,1.5291612171769937,2.467080095556863,5.978375556840813,6.788185639525622,0.1888784783477083,0.11582348975466941,0.4290368597922277,0.2866164500060335
13,ia_a,59,0.12803047923649727,31.5165854840597,5.379852851611612,2.238903138322403,1.4048160795209286,0.1888784783477083,0.11582348975466941,0.4290368597922277,0.2866164500060335
13,ia_a,60,0.7479152322515972,27.449137268483323,4.780240604870427,11.518751142253898,8.252208310899071,0.1888784783477083,0.11582348975466941,0.4290368597922277,0.2866164500060335
13,va_a,1,-0.42396646825729173,65.34140910254179,4.72617832637726,14.612089026975408,115.1907071470625,0.09417062675006987,0.13227979786490643,0.3189991800490144,0.12995958633885174
13,va_a,2,-0.23991509348902543,9.760297079184058,1.0035921521909141,7.8148572376730385,14.191781767585507,0.09417062675006987,0.13227979786490643,0.3189991800490144,0.12995958633885174
13,va_a,3,0.32107100445147496,4.500349411082142,0.672407302884037,19.67868665599516,8.572217659263119,0.09417062675006987,0.13227979786490643,0.3189991800490144,0.12995958633885174
13,va_a,4,0.9849548666485733,0.932636952922789,3.2498383316740145,48.73797070273281,2.1680766793930704,0.09417062675006987,0.13227979786490643,0.3189991800490144,0.12995958633885174
13,va_a,5,-0.0895744448315825,24.643605472835052,6.482597256518896,209.33857744193628,143.3904963659843,0.09417062675006987,0.13227979786490643,0.3189991800490144,0.12995958633885174
13,va_a,6,0.551660320020884,2.5393438278991534,3.1703078517418106,2.1081657702017353,2.322820143289282,0.09417062675006987,0.13227979786490643,0.3189991800490144,0.12995958633885174
13,va_a,7,0.3039534970799687,7.480560919082471,8.384046189654555,5.150868710402728,12.827359616749343,0.09417062675006987,0.13227979786490643,0.3189991800490144,0.12995958633885174
13,va_a,8,1.2848921247298133,47.08372875558075,7.622522973629544,40.00417677166232,35.43124735340532,0.09417062675006987,0.13227979786490643,0.3189991800490144,0.12995958633885174
13,va_a,9,0.23674328537035408,17.42339587845587,5.99222445876594,1.0864124705837976,2.594742922330898,0.09417062675006987,0.13227979786490643,0.3189991800490144,0.12995958633885174
13,va_a,10,0.38563083204123555,22.181095033734895,3.3791036015610483,3.301221601905072,22.290377554543042,0.09417062675006987,0.13227979786490643,0.3189991800490144,0.12995958633885174
13,va_a,11,0.4486015624730136,5.657227410078119,1.5200833251855772,62.480216173680596,9.998800254931563,0.09417062675006987,0.13227979786490643,0.3189991800490144,0.12995958633885174
13,va_a,12,0.3626940568491607,3.6060167870943527,4.877564315704289,25.59369678820676,6.892110049366252,0.09417062675006987,0.13227979786490643,0.3189991800490144,0.12995958633885174
13,va_a,13,0.5113524250454339,16.777388151251202,5.299950093810327,36.86837086692217,21.654481833707326,0.09417062675006987,0.13227979786490643,0.3189991800490144,0.12995958633885174
13,va_a,14,0.6042314556081523,3.78213779804092,3.3686539422583115,2.169424194435343,1.503901301600238,0.09417062675006987,0.13227979786490643,0.3189991800490144,0.12995958633885174
13,va_a,15,1.5070588141992802,20.84377623567926,7.781657141860713,20.744918982144082,30.667944277613795,0.09417062675006987,0.13227979786490643,0.3189991800490144,0.12995958633885174
13,va_a,16,-0.34376024335035243,2.8399560479327235,3.7241593447294443,6.916479553970207,7.092687623863235,0.09417062675006987,0.13227979786490643,0.3189991800490144,0.12995958633885174
13,va_a,17,0.7240973625772796,3.1373507184619154,1.3559179121951885,9.962717214827089,9.612852382341407,0.09417062675006987,0.13227979786490643,0.3189991800490144,0.12995958633885174
13,va_a,18,-0.31228383115551767,16.8791968294133,4.359380298599962,74.7298177450883,115.16900023364931,0.09417062675006987,0.13227979786490643,0.3189991800490144,0.12995958633885174
13,va_a,19,0.3378863156340279,2.074914313699064,1.2995755486589171,5.983394363850316,6.542084817224026,0.09417062675006987,0.13227979786490643,0.3189991800490144,0.12995958633885174
13,va_a,20,-0.870027848549833,242.5867217989411,10.141361673892353,323.2545667400937,102.54389655895137,0.09417062675006987,0.13227979786490643,0.3189991800490144,0.12995958633885174
13,va_a,21,0.4951426989223567,32.21943873593209,3.2431925602337506,19.578711839255888,46.80195625830638,0.09417062675006987,0.13227979786490643,0.3189991800490144,0.12995958633885174
13,va_a,22,0.4786330595152275,9.110799428527823,5.445998224760945,0.8204212642695572,1.9329001872370142,0.09417062675006987,0.13227979786490643,0.3189991800490144,0.12995958633885174
13,va_a,23,-0.1817467848482064,8.043380665427804,3.622122035183018,6.378809713159275,17.58997813651421,0.09417062675006987,0.13227979786490643,0.3189991800490144,0.12995958633885174
13,va_a,24,1.9087716615851078,11.843365866380816,6.963617695745979,307.7984578388007,48.510320814187885,0.09417062675006987,0.13227979786490643,0.3189991800490144,0.12995958633885174
13,va_a,25,-0.1337909216823187,30.32914369613004,1.8582377428713066,6.2928540436343345,8.397291262201168,0.09417062675006987,0.13227979786490643,0.3189991800490144,0.12995958633885174
13,va_a,26,0.7433425789063076,3.6200587496506924,3.9532884400397417,26.181089520186074,31.024426903760368,0.09417062675006987,0.13227979786490643,0.3189991800490144,0.12995958633885174
13,va_a,27,0.6837962405854433,5.405470067115782,2.4394252975317006,9.957982551916729,17.803710306977955,0.09417062675006987,0.13227979786490643,0.3189991800490144,0.12995958633885174
13,va_a,28,0.5928287934018283,13.543178476324108,2.683538089750596,15.563384975543274,27.185735334419796,0.09417062675006987,0.13227979786490643,0.3189991800490144,0.12995958633885174
13,va_a,29,-0.3520394558869476,6.107740801965537,2.8762598753976913,90.37699555116906,27.17444088314573,0.09417062675006987,0.13227979786490643,0.3189991800490144,0.12995958633885174
13,va_a,30,0.29054465974062293,7.07351502365301,7.331727577757739,31.95659417096815,38.75268311148102,0.09417062675006987,0.13227979786490643,0.3189991800490144,0.12995958633885174
13,va_a,31,0.3557885368718773,26.453253267309627,18.622327418776493,31.49995744434533,48.225125324028596,0.09417062675006987,0.13227979786490643,0.3189991800490144,0.12995958633885174
13,va_a,32,1.3297359331086194,42.25941630931863,11.47209214886038,96.3972680306548,56.835596165172184,0.09417062675006987,0.13227979786490643,0.3189991800490144,0.12995958633885174
13,va_a,33,1.5300357236531936,15.949955285443112,19.3729032773263,102.92627779364668,13.216116868122107,0.09417062675006987,0.13227979786490643,0.3189991800490144,0.12995958633885174
13,va_a,34,0.27029919823828774,10.182438336873304,5.311071420677805,84.57565102218456,39.69032411448427,0.09417062675006987,0.13227979786490643,0.3189991800490144,0.12995958633885174
13,va_a,35,0.9670834616229591,13.491810476664398,4.645675213318574,23.772367585945467,22.323396677580995,0.09417062675006987,0.13227979786490643,0.3189991800490144,0.12995958633885174
13,va_a,36,0.40692005607276216,9.224837479208086,8.673880843843143,81.42774849608202,26.37454364859787,0.09417062675006987,0.13227979786490643,0.3189991800490144,0.12995958633885174
13,va_a,37,0.45318938022665817,6.602010581973324,3.6461947802226136,28.44200444111618,6.89932995296726,0.09417062675006987,0.13227979786490643,0.3189991800490144,0.12995958633885174
13,va_a,38,0.20059071181379184,29.830890473130875,14.573374438548873,217.71099432613065,111.8351556708583,0.09417062675006987,0.13227979786490643,0.3189991800490144,0.12995958633885174
13,va_a,39,0.3155340711182436,10.59469999278376,7.1908632812346776,15.80058665426555,31.97378402357137,0.09417062675006987,0.13227979786490643,0.3189991800490144,0.12995958633885174
13,va_a,40,0.3066675002070796,15.244743650554861,3.221614506338957,14.589138585220983,17.211555962176362,0.09417062675006987,0.13227979786490643,0.3189991800490144,0.12995958633885174
13,va_a,41,0.09223268378350763,5.4557697079118075,3.799526987635321,12.439888730947656,4.639866433627224,0.09417062675006987,0.13227979786490643,0.3189991800490144,0.12995958633885174
13,va_a,42,1.0534748671267975,25.797255261801652,7.472161329480822,142.20377118691704,14.251207843109183,0.09417062675006987,0.13227979786490643,0.3189991800490144,0.12995958633885174
13,va_a,43,0.20776083956252528,13.156781843333903,2.3245552373983567,13.281248977568081,2.713675466088162,0.09417062675006987,0.13227979786490643,0.3189991800490144,0.12995958633885174
13,va_a,44,0.8942277706146149,12.545732559867933,1.4470126631355218,31.9941195170463,7.563184924475385,0.09417062675006987,0.13227979786490643,0.3189991800490144,0.12995958633885174
13,va_a,45,-0.6645165634997656,30.50158266268898,12.703142515279009,38.48308992069552,75.94354988324385,0.09417062675006987,0.13227979786490643,0.3189991800490144,0.12995958633885174
13,va_a,46,-0.3604858405854761,5.3734655435293535,3.279861953249111,10.598760310317164,16.571740637992928,0.09417062675006987,0.13227979786490643,0.3189991800490144,0.12995958633885174
13,va_a,47,0.028714806455794075,6.234862525472369,1.5920964322444437,6.907161164393122,20.530828209452682,0.09417062675006987,0.13227979786490643,0.3189991800490144,0.12995958633885174
13,va_a,48,-0.044121692412634285,16.02478898584071,3.980865553833946,1.5179341401707063,8.81103682431389,0.09417062675006987,0.13227979786490643,0.3189991800490144,0.12995958633885174
13,va_a,49,1.0096920513003818,16.493954037445462,16.71395300242189,39.975535359679476,19.86424235238222,0.09417062675006987,0.13227979786490643,0.3189991800490144,0.12995958633885174
13,va_a,50,0.3788110672957432,11.490937173741562,4.051839261850526,39.20326919350399,37.81034888455339,0.09417062675006987,0.13227979786490643,0.3189991800490144,0.12995958633885174
13,va_a,51,1.6140880185073352,22.83256756815082,9.808918707115573,114.31471720743872,83.54207477930755,0.09417062675006987,0.13227979786490643,0.3189991800490144,0.12995958633885174
13,va_a,52,1.104252706998738,6.93152537961484,5.965302276549326,57.06299358106981,30.206140731891455,0.09417062675006987,0.13227979786490643,0.3189991800490144,0.12995958633885174
13,va_a,53,0.02700163718163246,6.242802167566275,8.153032887900672,3.950666331612268,21.164445802837573,0.09417062675006987,0.13227979786490643,0.3189991800490144,0.12995958633885174
13,va_a,54,-0.20879841408354646,11.799259467757897,2.9184938151195996,95.04345223971242,32.03126352051815,0.09417062675006987,0.13227979786490643,0.3189991800490144,0.12995958633885174
13,va_a,55,-0.42023904046614236,18.96375635362998,18.1635344600992,73.53407115767018,27.723807105369776,0.09417062675006987,0.13227979786490643,0.3189991800490144,0.12995958633885174
13,va_a,56,-0.06108034475874314,13.305771048509557,6.645583196477326,64.17908158435048,22.630674954407265,0.09417062675006987,0.13227979786490643,0.3189991800490144,0.12995958633885174
13,va_a,57,0.535667744344071,21.292647207201465,5.932358012978002,11.497373639208197,25.556069496652388,0.09417062675006987,0.13227979786490643,0.3189991800490144,0.12995958633885174
13,va_a,58,0.33729922851911204,25.131932979378284,9.186531531862109,111.93394318372489,51.74242157472733,0.09417062675006987,0.13227979786490643,0.3189991800490144,0.12995958633885174
13,va_a,59,-0.3195243680926609,9.537744961539342,6.3868206534694485,8.31773077793242,5.7279672780326365,0.09417062675006987,0.13227979786490643,0.3189991800490144,0.12995958633885174
13,va_a,60,0.6032504352798304,6.913284634471516,1.397053910218566,10.649432049596752,9.63180435988316,0.09417062675006987,0.13227979786490643,0.3189991800490144,0.12995958633885174
14,ia_a,1,0.47418826832266864,2.4158852349606565,4.693611188256882,4.914679199016481,6.083061250796536,0.1651925691336671,0.1604274091605359,0.13485559189833746,0.21325286093608348
14,ia_a,2,0.41240405031947214,13.541993571702651,8.08049217013144,34.01589277879416,24.028545063966313,0.1651925691336671,0.1604274091605359,0.13485559189833746,0.21325286093608348
14,ia_a,3,0.03752580647868105,11.866375523693357,18.8576780332704,6.894691096263288,7.577119860379042,0.1651925691336671,0.1604274091605359,0.13485559189833746,0.21325286093608348
14,ia_a,4,0.7440597298156776,10.554596418803186,24.465407851140426,108.38035009352808,52.94915462311354,0.1651925691336671,0.1604274091605359,0.13485559189833746,0.21325286093608348
14,ia_a,5,-0.9918079863612057,47.50268746407517,12.018554537961009,17.276376289782455,23.144171566238647,0.1651925691336671,0.1604274091605359,0.13485559189833746,0.21325286093608348
14,ia_a,6,0.1705121404440951,11.852933088172506,6.151981523312787,5.904926313439785,6.137991185834016,0.1651925691336671,0.1604274091605359,0.13485559189833746,0.21325286093608348
14,ia_a,7,0.16497235015065848,17.478887321057346,15.783103214857691,131.92566370990662,18.12418852268733,0.1651925691336671,0.1604274091605359,0.13485559189833746,0.21325286093608348
14,ia_a,8,-0.6936737586895947,41.892602984414225,29.467636223447755,52.06416903547122,36.49350470611452,0.1651925691336671,0.1604274091605359,0.13485559189833746,0.21325286093608348
14,ia_a,9,0.32520631239833336,56.42787567928607,21.130528799849166,17.286612379648744,36.19261061498404,0.1651925691336671,0.1604274091605359,0.13485559189833746,0.21325286093608348
14,ia_a,10,0.3988239124615674,19.31360048897593,7.396109660093563,0.8463225476994686,22.340281610345276,0.1651925691336671,0.1604274091605359,0.13485559189833746,0.21325286093608348
14,ia_a,11,0.13647269806450926,17.03894800191685,12.133806584917107,9.428363747393911,12.381801022385929,0.1651925691336671,0.1604274091605359,0.13485559189833746,0.21325286093608348
14,ia_a,12,-1.5960016241285733,7.634046651691443,32.346109636684524,48.85952466687591,42.827134326075125,0.1651925691336671,0.1604274091605359,0.13485559189833746,0.21325286093608348
14,ia_a,13,-0.04187743038986337,4.078766731416073,4.898516133429571,8.966447636122744,6.419687211619679,0.1651925691336671,0.1604274091605359,0.13485559189833746,0.21325286093608348
14,ia_a,14,1.0179988648103493,16.648395930491105,12.198277035670815,11.926078325554688,9.999371541355027,0.1651925691336671,0.1604274091605359,0.13485559189833746,0.21325286093608348
14,ia_a,15,0.36465241115657504,39.00241859996721,20.38684351016521,0.8985806912995044,3.5907533605844546,0.1651925691336671,0.1604274091605359,0.13485559189833746,0.21325286093608348
14,ia_a,16,-0.06531583420423827,19.418862018044997,25.02073495631924,2.7080235302359568,20.03141392286643,0.1651925691336671,0.1604274091605359,0.13485559189833746,0.21325286093608348
14,ia_a,17,-0.8403325650249991,3.5087541030223206,20.059987166552737,56.546262709125195,12.66056179224935,0.1651925691336671,0.1604274091605359,0.13485559189833746,0.21325286093608348
14,ia_a,18,0.0981983717789542,8.891785717683593,5.416080591972857,9.943199198680771,8.651144103248537,0.1651925691336671,0.1604274091605359,0.13485559189833746,0.21325286093608348
14,ia_a,19,0.15306729796259624,23.96783233310158,12.856740236217998,46.120278934384864,51.25874501320529,0.1651925691336671,0.1604274091605359,0.13485559189833746,0.21325286093608348
14,ia_a,20,-0.06382407279874343,38.93590518491195,34.796938528248035,36.80840406779789,10.558705961815559,0.1651925691336671,0.1604274091605359,0.13485559189833746,0.21325286093608348
14,ia_a,21,0.22065532405697144,66.23169490201622,15.356910582595189,245.1785002173632,116.3534055657255,0.1651925691336671,0.1604274091605359,0.13485559189833746,0.21325286093608348
14,ia_a,22,0.6289708849976408,64.01339451752752,35.22396050325611,5.902003971455507,39.72614182199893,0.1651925691336671,0.1604274091605359,0.13485559189833746,0.21325286093608348
14,ia_a,23,0.5695713741147888,11.0452338171235,22.909547333064207,21.054876706502156,26.910936053827307,0.1651925691336671,0.1604274091605359,0.13485559189833746,0.21325286093608348
14,ia_a,24,-0.12144325109173441,2.5910480797883704,7.866990796276063,8.352637796640005,9.529196606682016,0.1651925691336671,0.1604274091605359,0.13485559189833746,0.21325286093608348
14,ia_a,25,-0.591826116560071,18.100245039511908,13.51821670082352,3.6882547118037112,12.608530371584854,0.1651925691336671,0.1604274091605359,0.13485559189833746,0.21325286093608348
14,ia_a,26,-0.06390804696283255,7.400703641462276,8.146305107901819,21.279321900575532,45.52890701259913,0.1651925691336671,0.1604274091605359,0.13485559189833746,0.21325286093608348
14,ia_a,27,-0.4966434810402368,2.8635185782469446,12.020448670686068,6.7317963918664105,11.622684182107776,0.1651925691336671,0.1604274091605359,0.13485559189833746,0.21325286093608348
14,ia_a,28,-0.0015214814520720385,55.573654232829305,10.76221863796234,42.21873128386776,12.906746607461965,0.1651925691336671,0.1604274091605359,0.13485559189833746,0.21325286093608348
14,ia_a,29,0.005538930429035141,41.29808534799027,11.115814181180664,61.20317999293594,75.53422094792367,0.1651925691336671,0.1604274091605359,0.13485559189833746,0.21325286093608348
14,ia_a,30,0.8163426412317168,42.39992602503386,6.500392999328043,40.95813794468435,96.94399624958518,0.1651925691336671,0.1604274091605359,0.13485559189833746,0.21325286093608348
14,ia_a,31,0.37037616069248785,23.705599580695562,11.823995436422504,32.30861644399766,34.46612525365903,0.1651925691336671,0.1604274091605359,0.13485559189833746,0.21325286093608348
14,ia_a,32,-0.9686913539293807,3.845990164874916,11.135513850858839,96.35283467844997,38.01475040608091,0.1651925691336671,0.1604274091605359,0.13485559189833746,0.21325286093608348
14,ia_a,33,0.5230009236539829,3.6854812570216113,3.8397975693392454,12.008044668488898,22.32483455681703,0.1651925691336671,0.1604274091605359,0.13485559189833746,0.21325286093608348
14,ia_a,34,1.0952924803029898,27.410722592247826,11.985117345282733,142.49086664395875,35.80348658209551,0.1651925691336671,0.1604274091605359,0.13485559189833746,0.21325286093608348
14,ia_a,35,0.30290043189918625,25.51264730226228,17.496961328605536,24.4465449796564,39.36107147170665,0.1651925691336671,0.1604274091605359,0.13485559189833746,0.21325286093608348
14,ia_a,36,0.33522748159775934,7.796661470745174,13.054871137727435,35.40063131417232,10.635659082408678,0.1651925691336671,0.1604274091605359,0.13485559189833746,0.21325286093608348
14,ia_a,37,0.5236299593321107,20.642379896269063,17.305270808490373,39.77424780902352,7.5350140360443305,0.1651925691336671,0.1604274091605359,0.13485559189833746,0.21325286093608348
14,ia_a,38,1.086947600617619,41.60895784644513,11.574027282634662,28.410319395089516,66.83536723168108,0.1651925691336671,0.1604274091605359,0.13485559189833746,0.21325286093608348
14,ia_a,39,0.20256731878363496,5.72771702975695,1.235168476125277,0.5935944428495924,0.9357785303565492,0.1651925691336671,0.1604274091605359,0.13485559189833746,0.21325286093608348
14,ia_a,40,0.023861443787912964,12.546441329829305,20.407019893615793,0.2071120540174042,7.3202618445387335,0.1651925691336671,0.1604274091605359,0.13485559189833746,0.21325286093608348
14,ia_a,41,-0.917771865428311,60.86341554331016,50.45458565497556,52.45147997062126,59.55237744064201,0.1651925691336671,0.1604274091605359,0.13485559189833746,0.21325286093608348
14,ia_a,42,0.3584183457406354,18.313249546087565,6.214305874620056,26.107025852344226,5.9880216091916845,0.1651925691336671,0.1604274091605359,0.13485559189833746,0.21325286093608348
14,ia_a,43,0.9117931362265642,27.023068035796324,4.511587404211519,16.67603766173877,55.181843002642694,0.1651925691336671,0.1604274091605359,0.13485559189833746,0.21325286093608348
14,ia_a,44,0.21561833916413625,6.311350558160465,25.75308553355977,13.65578360795258,28.83189164017243,0.1651925691336671,0.1604274091605359,0.13485559189833746,0.21325286093608348
14,ia_a,45,-0.032307185106247985,28.59394922702179,5.154578215155916,9.210861184123152,35.45117662148373,0.1651925691336671,0.1604274091605359,0.13485559189833746,0.21325286093608348
14,ia_a,46,0.4993145993119623,12.084551089829084,25.89756473494554,12.73302024164294,37.0688748939331,0.1651925691336671,0.1604274091605359,0.13485559189833746,0.21325286093608348
14,ia_a,47,0.6366301592041077,6.255732757331462,10.107389196982698,17.782158360332474,13.09282215411432,0.1651925691336671,0.1604274091605359,0.13485559189833746,0.21325286093608348
14,ia_a,48,0.76400610220404,10.422468964549605,5.272594875736857,42.56317692167947,11.543249238885961,0.1651925691336671,0.1604274091605359,0.13485559189833746,0.21325286093608348
14,ia_a,49,0.3943069097868787,9.43412553626942,6.002960768986367,9.83572555066847,6.25120148087896,0.1651925691336671,0.1604274091605359,0.13485559189833746,0.21325286093608348
14,ia_a,50,-0.006536837961477391,40.94551702157906,47.297685404976555,0.9804939532397815,3.5371524617320294,0.1651925691336671,0.1604274091605359,0.13485559189833746,0.21325286093608348
14,ia_a,51,0.10220280456220637,14.405987548507866,9.768372018188943,61.2376698190341,21.597595469711983,0.1651925691336671,0.1604274091605359,0.13485559189833746,0.21325286093608348
14,ia_a,52,0.12768283134181468,31.23689585178291,7.445750900554798,7.508688086913964,11.069996019499845,0.1651925691336671,0.1604274091605359,0.13485559189833746,0.21325286093608348
14,ia_a,53,0.06755491134731707,4.6256545409723095,15.310500655022896,16.53800000250036,8.942403751595435,0.1651925691336671,0.1604274091605359,0.13485559189833746,0.21325286093608348
14,ia_a,54,0.1940674122856828,14.306374660316616,47.80437762417713,23.796445437894707,8.037765225973125,0.1651925691336671,0.1604274091605359,0.13485559189833746,0.21325286093608348
14,ia_a,55,0.9226895926654322,9.514984409263857,22.034096553522268,32.75913889140865,8.450582337236732,0.1651925691336671,0.1604274091605359,0.13485559189833746,0.21325286093608348
14,ia_a,56,-0.08425323059591965,9.718805813277823,6.528439684826591,2.556397105934262,19.190506687250647,0.1651925691336671,0.1604274091605359,0.13485559189833746,0.21325286093608348
14,ia_a,57,1.1963453589474253,34.93978154069242,30.223027325603116,63.764515151300834,26.90948040875465,0.1651925691336671,0.1604274091605359,0.13485559189833746,0.21325286093608348
14,ia_a,58,1.2263360454592864,24.4625298604091,26.242462586557817,37.335103529399596,27.379561068104625,0.1651925691336671,0.1604274091605359,0.13485559189833746,0.21325286093608348
14,ia_a,59,0.4032950212275029,10.929412845327901,12.258128578900614,151.80501192277427,41.87671433839543,0.1651925691336671,0.1604274091605359,0.13485559189833746,0.21325286093608348
14,ia_a,60,-1.5547201815850566,47.746158586610825,31.419146385595056,135.77920021340418,41.737927606606796,0.1651925691336671,0.1604274091605359,0.13485559189833746,0.21325286093608348
14,va_a,1,0.4660674146248083,2.7737218848324807,6.114573789311518,16.438875075802542,5.814306470848013,0.16359120231927185,0.27014674427116525,0.17920923079430556,0.2130807656531328
14,va_a,2,-0.5398601962434749,7.909681186140581,18.701621921938322,6.866417586502629,0.8798701031825457,0.16359120231927185,0.27014674427116525,0.17920923079430556,0.2130807656531328
14,va_a,3,0.12240353070885208,7.626814162613921,2.305872010100267,6.186888888259028,9.49078802885487,0.16359120231927185,0.27014674427116525,0.17920923079430556,0.2130807656531328
14,va_a,4,0.12100346780068763,35.33361357007372,6.425591517170889,77.45470512272138,28.982478548960884,0.16359120231927185,0.27014674427116525,0.17920923079430556,0.2130807656531328
14,va_a,5,-0.018468416890560755,1.6153410659054814,7.589411421610035,5.174986886603539,5.529620560521474,0.16359120231927185,0.27014674427116525,0.17920923079430556,0.2130807656531328
14,va_a,6,1.1402231742053222,34.21953366436734,21.98291096131282,12.174632209293845,86.392096007658,0.16359120231927185,0.27014674427116525,0.17920923079430556,0.2130807656531328
14,va_a,7,-0.24150055252128244,8.08414085331807,5.825490268006695,14.330992601532758,13.044054372654397,0.16359120231927185,0.27014674427116525,0.17920923079430556,0.2130807656531328
14,va_a,8,-0.23050276226734612,6.302626430462321,12.85455221698986,2.928407562239659,4.093941861530932,0.16359120231927185,0.27014674427116525,0.17920923079430556,0.2130807656531328
14,va_a,9,-0.22236872457985823,13.040407564217759,9.110164451457969,23.93077519993595,26.83134671611068,0.16359120231927185,0.27014674427116525,0.17920923079430556,0.2130807656531328
14,va_a,10,-0.14407519748600653,19.24100995724947,11.178610478725712,14.186690943869367,14.735139996256674,0.16359120231927185,0.27014674427116525,0.17920923079430556,0.2130807656531328
14,va_a,11,-0.5662553018143969,99.27851529432569,68.08225032396744,55.64687509240632,65.0262942267802,0.16359120231927185,0.27014674427116525,0.17920923079430556,0.2130807656531328
14,va_a,12,0.3462828875691648,0.6635386107889877,2.5823695511652023,8.621291789769232,0.8574401293190044,0.16359120231927185,0.27014674427116525,0.17920923079430556,0.2130807656531328
14,va_a,13,-1.131266504643776,7.301478041484271,12.176596418393006,18.042422349131925,29.522954242335196,0.16359120231927185,0.27014674427116525,0.17920923079430556,0.2130807656531328
14,va_a,14,0.40368108580817175,11.2908455006399,2.1762908957419187,29.78368651230192,5.121083292905347,0.16359120231927185,0.27014674427116525,0.17920923079430556,0.2130807656531328
14,va_a,15,0.043018775836595524,7.620676570791889,11.482724597600283,57.58215456676269,19.010561032268637,0.16359120231927185,0.27014674427116525,0.17920923079430556,0.2130807656531328
14,va_a,16,-0.6085913813421032,18.12694409781077,18.237633585639152,54.24763256388959,95.30934521175422,0.16359120231927185,0.27014674427116525,0.17920923079430556,0.2130807656531328
14,va_a,17,0.5201451305543839,12.433194847825133,5.687930427057949,4.753718735902957,13.417162405697033,0.16359120231927185,0.27014674427116525,0.17920923079430556,0.2130807656531328
14,va_a,18,0.612724517443419,58.584858419618485,25.578508429864897,463.7910092627472,102.18806748726564,0.16359120231927185,0.27014674427116525,0.17920923079430556,0.2130807656531328
14,va_a,19,-0.6192413906983488,24.42370606132826,13.408467560976288,6.6639295648814825,14.759993761070646,0.16359120231927185,0.27014674427116525,0.17920923079430556,0.2130807656531328
14,va_a,20,-0.22591946288712855,19.97740294452203,5.223697573136027,0.7649983231007106,0.4709940485860098,0.16359120231927185,0.27014674427116525,0.17920923079430556,0.2130807656531328
14,va_a,21,0.5480641891232408,6.76459825626239,5.512793706063383,17.664775420868022,20.034368378927606,0.16359120231927185,0.27014674427116525,0.17920923079430556,0.2130807656531328
14,va_a,22,0.682929546235392,25.48612879589111,7.147199404477748,21.89373739426793,25.18500468397854,0.16359120231927185,0.27014674427116525,0.17920923079430556,0.2130807656531328
14,va_a,23,0.10987061851313112,2.6585953513246583,4.188534532299719,5.518333637225767,1.996100672327233,0.16359120231927185,0.27014674427116525,0.17920923079430556,0.2130807656531328
14,va_a,24,-1.2510956388742356,4.525079776486733,12.119241779289004,28.05216999062522,6.718297248906307,0.16359120231927185,0.27014674427116525,0.17920923079430556,0.2130807656531328
14,va_a,25,-0.3582187351875871,26.203695607740066,4.399357154250207,7.6899909460196305,50.42764671681826,0.16359120231927185,0.27014674427116525,0.17920923079430556,0.2130807656531328
14,va_a,26,0.2041591708835357,24.926423691354408,26.539214496754653,28.39572248911881,44.823587457437434,0.16359120231927185,0.27014674427116525,0.17920923079430556,0.2130807656531328
14,va_a,27,-0.6923903621782538,25.936972335366846,9.007729276676406,3.842854341000551,31.691941987985377,0.16359120231927185,0.27014674427116525,0.17920923079430556,0.2130807656531328
14,va_a,28,-0.33960411282693953,2.634972568734381,9.645475634601254,4.878013511927151,3.7525533648762286,0.16359120231927185,0.27014674427116525,0.17920923079430556,0.2130807656531328
14,va_a,29,-0.10016322023495906,7.665272680273806,3.5147630707529762,5.531747506225827,25.79261610390627,0.16359120231927185,0.27014674427116525,0.17920923079430556,0.2130807656531328
14,va_a,30,0.6777244122382212,3.4449576441645555,11.376421580500445,28.48769724471867,13.987447231802019,0.16359120231927185,0.27014674427116525,0.17920923079430556,0.2130807656531328
14,va_a,31,0.4765043400459419,11.946233677352533,21.270997517572486,15.022914898178641,16.594698809737917,0.16359120231927185,0.27014674427116525,0.17920923079430556,0.2130807656531328
14,va_a,32,-0.05373302065447839,7.030487520589474,11.84792385239529,5.790863635353261,12.471124688383707,0.16359120231927185,0.27014674427116525,0.17920923079430556,0.2130807656531328
14,va_a,33,0.18946769428971827,3.4508882645940115,1.3840766871624863,15.884061326877967,9.461542350352465,0.16359120231927185,0.27014674427116525,0.17920923079430556,0.2130807656531328
14,va_a,34,0.8286513653208678,1.7639842795172231,7.702635381052848,15.507736994059504,4.535562265031716,0.16359120231927185,0.27014674427116525,0.17920923079430556,0.2130807656531328
14,va_a,35,0.8172375837575384,30.077151515680058,2.6555970692098696,38.954131479269,10.912132340662419,0.16359120231927185,0.27014674427116525,0.17920923079430556,0.2130807656531328
14,va_a,36,0.2962749368297026,43.10711152887895,21.51673725506575,20.365042719738113,29.19408361658964,0.16359120231927185,0.27014674427116525,0.17920923079430556,0.2130807656531328
14,va_a,37,0.6192862756777032,10.224510052692812,12.528016736434086,12.304208596455524,10.915059325960389,0.16359120231927185,0.27014674427116525,0.17920923079430556,0.2130807656531328
14,va_a,38,0.6126018295019157,46.30499639816065,48.22367762819251,15.496055821901818,32.363165889272736,0.16359120231927185,0.27014674427116525,0.17920923079430556,0.2130807656531328
14,va_a,39,0.13252076974585747,119.55669750090048,8.88448534422034,7.6808764246008465,116.57236574537767,0.16359120231927185,0.27014674427116525,0.17920923079430556,0.2130807656531328
14,va_a,40,0.16251728623282527,19.850793344987913,5.418045864366399,6.892112286162159,5.808096224693634,0.16359120231927185,0.27014674427116525,0.17920923079430556,0.2130807656531328
14,va_a,41,-0.2759661231091121,19.72446111653121,55.190188476060996,36.25419339037728,6.039446734070261,0.16359120231927185,0.27014674427116525,0.17920923079430556,0.2130807656531328
14,va_a,42,0.2364296481743915,39.04629435889921,23.68751039337567,141.1565138872539,12.507607721524213,0.16359120231927185,0.27014674427116525,0.17920923079430556,0.2130807656531328
14,va_a,43,-0.7652307569865676,48.74364785722553,10.189319259645575,117.38167257498915,7.315136513758617,0.16359120231927185,0.27014674427116525,0.17920923079430556,0.2130807656531328
14,va_a,44,0.36806387727886086,63.558598152033625,10.949367307571626,73.99397151303366,82.61664114017537,0.16359120231927185,0.27014674427116525,0.17920923079430556,0.2130807656531328
14,va_a,45,-1.573788120107597,15.924529579020989,15.92566530351807,86.91926705659412,39.8919074300954,0.16359120231927185,0.27014674427116525,0.17920923079430556,0.2130807656531328
14,va_a,46,-0.23065337736805386,13.857757444438509,20.999942909452606,157.70421786008603,33.30556500892134,0.16359120231927185,0.27014674427116525,0.17920923079430556,0.2130807656531328
14,va_a,47,0.00179343700041117,8.996419163571648,32.22695598660209,1.5310281557086554,14.63578003382819,0.16359120231927185,0.27014674427116525,0.17920923079430556,0.2130807656531328
14,va_a,48,0.20662835900756102,56.8992530861158,13.668520662993883,25.60820952286405,24.883646857241697,0.16359120231927185,0.27014674427116525,0.17920923079430556,0.2130807656531328
14,va_a,49,0.18783033915365677,7.701511799782531,5.562893194381318,7.4446772209207674,27.943777148861095,0.16359120231927185,0.27014674427116525,0.17920923079430556,0.2130807656531328
14,va_a,50,0.3084427270329978,27.56514931224254,15.469905343585776,18.42995471056611,21.895623973343504,0.16359120231927185,0.27014674427116525,0.17920923079430556,0.2130807656531328
14,va_a,51,0.06400227423380143,11.811428272341164,14.306121613371538,28.993442258122208,21.79456708616798,0.16359120231927185,0.27014674427116525,0.17920923079430556,0.2130807656531328
14,va_a,52,0.40567021804953435,24.89432706002612,37.57915034661245,48.76334893934516,26.883759882133653,0.16359120231927185,0.27014674427116525,0.17920923079430556,0.2130807656531328
14,va_a,53,0.5360281243507548,10.889304500282638,8.197207365321987,11.899294461778243,16.574944920341775,0.16359120231927185,0.27014674427116525,0.17920923079430556,0.2130807656531328
14,va_a,54,-0.808188682755013,27.838582437671356,9.999931063606319,13.215412622104765,48.73767199257948,0.16359120231927185,0.27014674427116525,0.17920923079430556,0.2130807656531328
14,va_a,55,1.6028481966839174,59.417807254369784,48.03950009124829,124.20281472785476,37.80526513452358,0.16359120231927185,0.27014674427116525,0.17920923079430556,0.2130807656531328
14,va_a,56,-0.8953035997845455,14.875785839900283,6.402242508363373,1.6562917447269878,15.657162229549442,0.16359120231927185,0.27014674427116525,0.17920923079430556,0.2130807656531328
14,va_a,57,-0.5014433128682808,16.65864491550178,4.995074939400771,51.74971780292591,3.8850904097553047,0.16359120231927185,0.27014674427116525,0.17920923079430556,0.2130807656531328
14,va_a,58,0.12936808747820924,5.822590442055908,16.48993488909922,85.39374954051843,18.296884657234695,0.16359120231927185,0.27014674427116525,0.17920923079430556,0.2130807656531328
14,va_a,59,-1.221583607559713,32.294551439692185,15.63179268583942,35.57586364537439,28.223983153483996,0.16359120231927185,0.27014674427116525,0.17920923079430556,0.2130807656531328
14,va_a,60,0.8280829124406254,26.007856328558052,25.85982075937212,30.27647622026475,39.33708521915298,0.16359120231927185,0.27014674427116525,0.17920923079430556,0.2130807656531328
15,ia_a,1,0.8244033248987318,1.7209546222664207,4.551435070797856,19.632672930119863,29.76114213752687,0.19376066030437414,0.11924935133772117,0.1995113282641277,0.17687588373243746
15,ia_a,2,0.655970948827643,4.552407391977649,3.5770039765985566,86.43240607407017,23.124579035671797,0.19376066030437414,0.11924935133772117,0.1995113282641277,0.17687588373243746
15,ia_a,3,0.8863841595003689,2.0717436177930075,3.2610762123976675,140.14279830711925,14.152434849338393,0.19376066030437414,0.11924935133772117,0.1995113282641277,0.17687588373243746
15,ia_a,4,-0.13555112634902,6.933316957913675,7.392709115891879,4.006346501875416,9.267662871943307,0.19376066030437414,0.11924935133772117,0.1995113282641277,0.17687588373243746
15,ia_a,5,1.6831629402869903,1.9273582645743181,9.432987443633811,138.80075105778397,65.613641755529,0.19376066030437414,0.11924935133772117,0.1995113282641277,0.17687588373243746
15,ia_a,6,-0.13309577128359426,6.584969472725374,3.8081669321923983,27.031768572874054,3.4702918710628503,0.19376066030437414,0.11924935133772117,0.1995113282641277,0.17687588373243746
15,ia_a,7,-0.16906461583525326,1.1805271084069497,1.6513140740905452,13.15956576188365,10.447361112934486,0.19376066030437414,0.11924935133772117,0.1995113282641277,0.17687588373243746
15,ia_a,8,0.7809182318232426,2.075131422559379,3.824828390313566,14.941626492864605,16.4759354735151,0.19376066030437414,0.11924935133772117,0.1995113282641277,0.17687588373243746
15,ia_a,9,-0.6456887237134904,2.755428627544104,7.25809246508941,21.031177770419653,24.01035395563512,0.19376066030437414,0.11924935133772117,0.1995113282641277,0.17687588373243746
15,ia_a,10,-0.6375713704394272,39.02558758498688,9.54081766010076,48.02725316110171,46.49886674917078,0.19376066030437414,0.11924935133772117,0.1995113282641277,0.17687588373243746
15,ia_a,11,0.8898189121304095,4.268796208447871,2.450730346255106,14.804705689581306,12.960057187492398,0.19376066030437414,0.11924935133772117,0.1995113282641277,0.17687588373243746
15,ia_a,12,-0.6162428365827152,1.7332669700974181,3.293752872596352,30.433723674813074,9.394773156097818,0.19376066030437414,0.11924935133772117,0.1995113282641277,0.17687588373243746
15,ia_a,13,0.2322597131324725,12.803371124689118,4.768922321836059,70.30081079030943,33.298191141989626,0.19376066030437414,0.11924935133772117,0.1995113282641277,0.17687588373243746
15,ia_a,14,-0.5133793249719096,3.382679159600486,2.880152617766424,25.899918215947086,6.790642064936171,0.19376066030437414,0.11924935133772117,0.1995113282641277,0.17687588373243746
15,ia_a,15,0.3663021997959052,0.876030615074965,1.3341213124760998,2.8466920757187775,5.691095914158066,0.19376066030437414,0.11924935133772117,0.1995113282641277,0.17687588373243746
15,ia_a,16,0.6277355837577047,1.27363441339274,1.2690064191616621,15.180221618131455,3.592315590789598,0.19376066030437414,0.11924935133772117,0.1995113282641277,0.17687588373243746
15,ia_a,17,-0.8135649136836278,17.955091233679763,3.9798119619037253,9.8057530398493,22.324886456650933,0.19376066030437414,0.11924935133772117,0.1995113282641277,0.17687588373243746
15,ia_a,18,0.8062160046944791,1.9578864525197073,1.9453911920549416,6.830765499224261,5.90392044026044,0.19376066030437414,0.11924935133772117,0.1995113282641277,0.17687588373243746
15,ia_a,19,0.2769121078029511,6.036433921215787,5.132523239071112,14.866790783906158,3.2431716296331303,0.19376066030437414,0.11924935133772117,0.1995113282641277,0.17687588373243746
15,ia_a,20,0.08919066063606057,0.6942568868146675,0.7078053879820769,22.605121432616784,11.419565873536584,0.19376066030437414,0.11924935133772117,0.1995113282641277,0.17687588373243746
15,ia_a,21,0.07445175797256223,8.393174625906772,3.9090979920675535,6.553095526557352,39.685776459509185,0.19376066030437414,0.11924935133772117,0.1995113282641277,0.17687588373243746
15,ia_a,22,0.5961751193802529,3.8430013698330527,6.9673988204793575,24.49160330822817,10.572487464322807,0.19376066030437414,0.11924935133772117,0.1995113282641277,0.17687588373243746
15,ia_a,23,0.3283475683187974,6.977309843875914,1.1460645713301036,6.375840502060846,14.984037497442365,0.19376066030437414,0.11924935133772117,0.1995113282641277,0.17687588373243746
15,ia_a,24,0.12997685212389834,12.23882441142498,3.214112943701277,48.035618071788804,6.176220230003597,0.19376066030437414,0.11924935133772117,0.1995113282641277,0.17687588373243746
15,ia_a,25,0.40072881300779684,5.823631540374835,2.008147451769131,8.123675171633243,3.062921438534726,0.19376066030437414,0.11924935133772117,0.1995113282641277,0.17687588373243746
15,ia_a,26,-0.7900523950763539,4.22225625103044,7.999121058559925,56.565231430259594,4.110659544270842,0.19376066030437414,0.11924935133772117,0.1995113282641277,0.17687588373243746
15,ia_a,27,0.1105725839037921,4.967374737171146,4.669317472056449,13.518271456482502,35.040024333895886,0.19376066030437414,0.11924935133772117,0.1995113282641277,0.17687588373243746
15,ia_a,28,-0.0010144661747965326,15.092814173673487,2.2376492961797254,29.86844443079796,2.8912132006555393,0.19376066030437414,0.11924935133772117,0.1995113282641277,0.17687588373243746
15,ia_a,29,0.4919875379978464,0.606637923695529,2.11389697350356,0.8999492803503001,10.60966781530289,0.19376066030437414,0.11924935133772117,0.1995113282641277,0.17687588373243746
15,ia_a,30,-0.5570723379032907,8.041407746232021,4.375047303533332,17.330924701206527,40.36500058810427,0.19376066030437414,0.11924935133772117,0.1995113282641277,0.17687588373243746
15,ia_a,31,-1.7888899708936141,10.604913295083291,26.14028237147438,68.37429614988692,32.10200521664514,0.19376066030437414,0.11924935133772117,0.1995113282641277,0.17687588373243746
15,ia_a,33,-0.845113727718276,9.924931441224775,2.641806169928903,93.75627561074849,13.167756778015592,0.19376066030437414,0.11924935133772117,0.1995113282641277,0.17687588373243746
15,ia_a,34,0.5976214532907362,9.096458649495737,4.658679724788227,16.577789469328252,21.7791600319903,0.19376066030437414,0.11924935133772117,0.1995113282641277,0.17687588373243746
15,ia_a,35,-0.20149777216883458,5.541558541425714,2.8794402525723313,3.822510239669092,2.9921052202708793,0.19376066030437414,0.11924935133772117,0.1995113282641277,0.17687588373243746
15,ia_a,36,0.6109286817765665,31.233773873478853,6.6126491003351235,3.9079981753053885,16.334385363739113,0.19376066030437414,0.11924935133772117,0.1995113282641277,0.17687588373243746
15,ia_a,37,0.5520423716712347,1.169833768239899,1.3609157487223278,14.484901493239729,6.327887556269375,0.19376066030437414,0.11924935133772117,0.1995113282641277,0.17687588373243746
15,ia_a,38,-0.03704266999304205,16.349165381223745,5.191136303561668,1.5434409455039357,6.927249502116426,0.19376066030437414,0.11924935133772117,0.1995113282641277,0.17687588373243746
15,ia_a,39,-0.782254111533223,12.516293039163608,7.379724440720066,18.682526597065635,19.11367675250185,0.19376066030437414,0.11924935133772117,0.1995113282641277,0.17687588373243746
15,ia_a,40,0.09368569498727475,12.909522968057196,1.9881402448694994,9.494942098447014,6.239055671758777,0.19376066030437414,0.11924935133772117,0.1995113282641277,0.17687588373243746
15,ia_a,41,-1.0965344624575446,27.050151158195682,10.1382998729462,98.98298115361116,43.387012613504865,0.19376066030437414,0.11924935133772117,0.1995113282641277,0.17687588373243746
15,ia_a,42,0.2503550069095272,0.8318699998069174,1.186538383683509,49.494238778961645,14.236491690348542,0.19376066030437414,0.11924935133772117,0.1995113282641277,0.17687588373243746
15,ia_a,43,0.3979822343146054,8.982660536467742,1.3429356221173228,5.910474484502329,1.2995412884218096,0.19376066030437414,0.11924935133772117,0.1995113282641277,0.17687588373243746
15,ia_a,44,0.7711105219787416,1.7918609702069501,2.533244389811873,16.937419443901593,12.571528809723866,0.19376066030437414,0.11924935133772117,0.1995113282641277,0.17687588373243746
15,ia_a,45,-0.3097375695098848,27.90348828694107,2.706688625555256,3.8694930944958554,26.69089378207223,0.19376066030437414,0.11924935133772117,0.1995113282641277,0.17687588373243746
15,ia_a,46,0.7748758305919478,15.153583440478863,5.622223552737247,38.762462567086686,45.262240097455354,0.19376066030437414,0.11924935133772117,0.1995113282641277,0.17687588373243746
15,ia_a,47,0.08742786576239685,7.5379624071892675,1.7415309209740149,19.4387248149971,8.724112874152196,0.19376066030437414,0.11924935133772117,0.1995113282641277,0.17687588373243746
15,ia_a,48,0.50595513570781,4.315720051443276,8.224773532640269,7.690513901260403,5.423771912104267,0.19376066030437414,0.11924935133772117,0.1995113282641277,0.17687588373243746
15,ia_a,49,0.16204358060717672,9.151589598443863,8.187365236429303,10.129916053214037,17.253120809598894,0.19376066030437414,0.11924935133772117,0.1995113282641277,0.17687588373243746
15,ia_a,50,0.07082093088157031,2.122742479011908,4.2372001724379285,5.939217055545068,6.013234728236224,0.19376066030437414,0.11924935133772117,0.1995113282641277,0.17687588373243746
15,ia_a,51,-0.5952406568419728,21.72043815933187,2.8214583498570027,28.275420632320905,11.186407896256583,0.19376066030437414,0.11924935133772117,0.1995113282641277,0.17687588373243746
15,ia_a,52,-0.0070450431272745945,4.438580707286992,5.317743031723465,16.39321177819614,3.399823107067407,0.19376066030437414,0.11924935133772117,0.1995113282641277,0.17687588373243746
15,ia_a,54,-0.011445756655710942,3.0880953152587427,4.461813470643087,20.552336122940027,12.965400845170274,0.19376066030437414,0.11924935133772117,0.1995113282641277,0.17687588373243746
15,ia_a,55,0.12397424137434611,2.0146194317225428,0.6287609907954147,0.6408969277571206,5.800579523780188,0.19376066030437414,0.11924935133772117,0.1995113282641277,0.17687588373243746
15,ia_a,56,1.2171629239631705,20.764135294963697,3.8589137930668893,5.0999531868148225,18.84415338341501,0.19376066030437414,0.11924935133772117,0.1995113282641277,0.17687588373243746
15,ia_a,57,-0.4830980003458521,2.222429745951423,0.8689911723288609,5.495940442179974,5.336707496935929,0.19376066030437414,0.11924935133772117,0.1995113282641277,0.17687588373243746
15,ia_a,58,0.3924864912910511,9.053757035517346,7.297335840107914,81.21444554934715,23.56722595724478,0.19376066030437414,0.11924935133772117,0.1995113282641277,0.17687588373243746
15,ia_a,59,0.8605591926292466,12.752242748699405,9.665662566996337,90.2462221558391,38.9706965893134,0.19376066030437414,0.11924935133772117,0.1995113282641277,0.17687588373243746
15,ia_a,60,0.036137245847496446,1.4674862907876611,3.358052244128574,36.06131120644582,55.69045101314757,0.19376066030437414,0.11924935133772117,0.1995113282641277,0.17687588373243746
15,va_a,1,0.06958698855638083,13.615239241120156,6.606365426500104,7.931930593780726,18.62363236159962,0.11821768258392963,0.1383046943167425,0.19906372198029681,0.21264331360162683
15,va_a,2,-0.23440968323958472,13.986256144870618,9.066760461285968,79.77748462915868,46.40697649780801,0.11821768258392963,0.1383046943167425,0.19906372198029681,0.21264331360162683
15,va_a,3,0.3982992063184852,2.7538627303213845,4.502073517867227,53.65111472154862,10.55299299590516,0.11821768258392963,0.1383046943167425,0.19906372198029681,0.21264331360162683
15,va_a,4,-0.09610126453815122,8.472832539337146,2.132378627729347,10.059251326729195,26.163125468890204,0.11821768258392963,0.1383046943167425,0.19906372198029681,0.21264331360162683
15,va_a,5,0.4294330469927231,6.199431240848293,3.5238096926829114,10.563894412441249,30.954440802537267,0.11821768258392963,0.1383046943167425,0.19906372198029681,0.21264331360162683
15,va_a,6,0.19797332469797765,10.06590057658794,7.9944799174187855,12.541945883430182,31.618748127894047,0.11821768258392963,0.1383046943167425,0.19906372198029681,0.21264331360162683
15,va_a,7,0.3903899555720966,2.600005412082294,1.3109961288986303,5.908860749470797,11.760537013770115,0.11821768258392963,0.1383046943167425,0.19906372198029681,0.21264331360162683
15,va_a,8,0.3978107245414568,20.359259849850734,7.642450407148712,15.168486784907241,23.53471870082287,0.11821768258392963,0.1383046943167425,0.19906372198029681,0.21264331360162683
15,va_a,9,1.0830678019012172,0.8055486999603623,2.5177232683775386,34.93763807859487,15.707024107579254,0.11821768258392963,0.1383046943167425,0.19906372198029681,0.21264331360162683
15,va_a,10,-0.4078152054045166,10.070738110903134,4.784245067371975,27.19749862537941,6.249370422609328,0.11821768258392963,0.1383046943167425,0.19906372198029681,0.21264331360162683
15,va_a,11,0.36977076545426857,21.808915496118907,4.658162484285583,45.25734820416515,37.373824472741724,0.11821768258392963,0.1383046943167425,0.19906372198029681,0.21264331360162683
15,va_a,12,-0.3704618624271369,28.74287965297551,13.925176906599052,20.739879595917547,24.405190132254226,0.11821768258392963,0.1383046943167425,0.19906372198029681,0.21264331360162683
15,va_a,13,0.39462067417319674,5.082700218792046,1.6938998380564183,14.409982433777344,7.426060873138679,0.11821768258392963,0.1383046943167425,0.19906372198029681,0.21264331360162683
15,va_a,14,0.36403378730674774,5.339483564802939,3.0621545911889414,19.15265682144066,5.258409875533958,0.11821768258392963,0.1383046943167425,0.19906372198029681,0.21264331360162683
15,va_a,15,-0.39532098253540604,2.358445140143053,2.8516805289245153,32.04140523202611,20.401766848908046,0.11821768258392963,0.1383046943167425,0.19906372198029681,0.21264331360162683
15,va_a,16,0.04245786584973854,6.854829575243767,1.83711575410605,16.546799455486262,1.4322321129490279,0.11821768258392963,0.1383046943167425,0.19906372198029681,0.21264331360162683
15,va_a,17,-0.09450176695810482,1.6583958030691308,1.6117893796556677,46.617034593562536,8.786473783116607,0.11821768258392963,0.1383046943167425,0.19906372198029681,0.21264331360162683
15,va_a,18,-0.07025130117364527,1.8931332902325175,5.476844703624659,7.169046655521499,7.959564188089824,0.11821768258392963,0.1383046943167425,0.19906372198029681,0.21264331360162683
15,va_a,19,0.7439223570079605,4.6182051218432285,0.49930515111586155,3.252938799399493,3.713994548656557,0.11821768258392963,0.1383046943167425,0.19906372198029681,0.21264331360162683
15,va_a,20,0.6429661025335416,26.00703453635722,13.174604872353592,46.581181003982074,135.97466185928235,0.11821768258392963,0.1383046943167425,0.19906372198029681,0.21264331360162683
15,va_a,21,0.5485120025729145,13.344772274110614,4.89853723099857,29.076743174860074,51.85214616154943,0.11821768258392963,0.1383046943167425,0.19906372198029681,0.21264331360162683
15,va_a,22,0.14094608656291394,7.610241876938605,2.601084878775756,7.307239050231326,11.900123871922553,0.11821768258392963,0.1383046943167425,0.19906372198029681,0.21264331360162683
15,va_a,23,-0.03718824023320716,1.1740310104818057,0.45391364395121164,0.37784541135987326,2.540421559965618,0.11821768258392963,0.1383046943167425,0.19906372198029681,0.21264331360162683
15,va_a,24,-0.35426633755474657,3.0050804567101657,4.22667790620078,3.136845028590525,14.646510720706361,0.11821768258392963,0.1383046943167425,0.19906372198029681,0.21264331360162683
15,va_a,25,0.11209615812864286,14.092796699892466,2.3805047840075884,27.48289092209777,8.635658929556142,0.11821768258392963,0.1383046943167425,0.19906372198029681,0.21264331360162683
15,va_a,26,-0.03714399700645889,2.2071813312985733,4.228839846720848,18.417175153401818,33.369529007677926,0.11821768258392963,0.1383046943167425,0.19906372198029681,0.21264331360162683
15,va_a,27,0.2770026336718137,1.4973124216388567,2.0083207588242655,28.553919074923716,7.731571582465823,0.11821768258392963,0.1383046943167425,0.19906372198029681,0.21264331360162683
15,va_a,28,0.07955947195325026,35.49233677205083,18.404110245216348,55.373956040242575,51.40017327646729,0.11821768258392963,0.1383046943167425,0.19906372198029681,0.21264331360162683
15,va_a,29,0.4090052271395106,1.9448931460501409,1.897651444987567,50.54433263772287,23.978612946077487,0.11821768258392963,0.1383046943167425,0.19906372198029681,0.21264331360162683
15,va_a,30,-0.023793833017607548,18.496624976060627,5.533985409023676,67.93894983040784,23.352924884602277,0.11821768258392963,0.1383046943167425,0.19906372198029681,0.21264331360162683
15,va_a,31,-0.5256288097156742,5.856306300340042,6.4874248655147575,35.05055950151445,16.961642113876817,0.11821768258392963,0.1383046943167425,0.19906372198029681,0.21264331360162683
15,va_a,32,-0.5930077730920887,6.999659945776145,1.9757610739206994,30.99938378541295,36.1312320240232,0.11821768258392963,0.1383046943167425,0.19906372198029681,0.21264331360162683
15,va_a,33,0.5273489371238095,0.6457276410647597,2.3576053972428737,21.478787165440828,13.806289227022805,0.11821768258392963,0.1383046943167425,0.19906372198029681,0.21264331360162683
15,va_a,34,1.096524654043603,5.752898674470569,2.090493067531311,16.46560020232172,13.953369517388511,0.11821768258392963,0.1383046943167425,0.19906372198029681,0.21264331360162683
15,va_a,35,0.16409569294246465,1.938531901845714,13.85841771550088,26.82685827597683,37.74582779934175,0.11821768258392963,0.1383046943167425,0.19906372198029681,0.21264331360162683
15,va_a,36,0.32553152266397334,6.321365281916581,4.933992743380348,8.230892682501144,9.815127322546061,0.11821768258392963,0.1383046943167425,0.19906372198029681,0.21264331360162683
15,va_a,37,0.4502011401539142,37.6027130989915,17.003190241258416,20.2129776619767,11.381212477770715,0.11821768258392963,0.1383046943167425,0.19906372198029681,0.21264331360162683
15,va_a,38,-0.30281981171562317,7.065863553447105,15.064391320656197,32.390592862427376,15.233532306076285,0.11821768258392963,0.1383046943167425,0.19906372198029681,0.21264331360162683
15,va_a,39,0.1446956587766539,5.584823477276931,11.140516751023476,8.846291244333337,2.6395538871979136,0.11821768258392963,0.1383046943167425,0.19906372198029681,0.21264331360162683
15,va_a,41,-0.22318103273654788,2.689232931364808,1.4166774907113429,14.597092442560495,6.967875342262359,0.11821768258392963,0.1383046943167425,0.19906372198029681,0.21264331360162683
15,va_a,42,-0.2367971253169026,14.419176204673887,8.85792624887437,2.2158579132188225,2.326404792780723,0.11821768258392963,0.1383046943167425,0.19906372198029681,0.21264331360162683
15,va_a,43,0.1187807120889097,4.267001864829353,3.775700231268058,10.488291130162448,11.168367461873192,0.11821768258392963,0.1383046943167425,0.19906372198029681,0.21264331360162683
15,va_a,44,0.82014827718498,6.908741418610679,1.0433484350614706,7.099231324413653,22.465728398375372,0.11821768258392963,0.1383046943167425,0.19906372198029681,0.21264331360162683
15,va_a,45,0.432254517169846,17.328981745995698,3.033838049327091,14.775349140152446,29.502426661265094,0.11821768258392963,0.1383046943167425,0.19906372198029681,0.21264331360162683
15,va_a,46,-0.15408892485743614,8.824678896347006,4.3429796243799395,12.436158473671384,10.29793482470446,0.11821768258392963,0.1383046943167425,0.19906372198029681,0.21264331360162683
15,va_a,47,-0.20897124207127935,2.955643033581407,4.802419292808445,2.314553485681103,2.5489099128377295,0.11821768258392963,0.1383046943167425,0.19906372198029681,0.21264331360162683
15,va_a,48,0.5693633842565365,0.8164254160152388,0.8545149663420434,12.097128326242862,0.7590756204899035,0.11821768258392963,0.1383046943167425,0.19906372198029681,0.21264331360162683
15,va_a,49,0.09026299723104941,5.056138251588081,3.000716917501656,0.689952498692027,1.1320909887707151,0.11821768258392963,0.1383046943167425,0.19906372198029681,0.21264331360162683
15,va_a,50,0.3235001811609476,11.613731752858188,2.5648507296697027,3.2334760261751447,3.6400518972488434,0.11821768258392963,0.1383046943167425,0.19906372198029681,0.21264331360162683
15,va_a,51,-0.30665160236912203,4.830297793390322,4.656089714345866,32.07696857190789,9.59093503221946,0.11821768258392963,0.1383046943167425,0.19906372198029681,0.21264331360162683
15,va_a,52,0.570887478706043,4.579713260666476,2.861753799080662,28.424722387867323,11.282552640522702,0.11821768258392963,0.1383046943167425,0.19906372198029681,0.21264331360162683
15,va_a,53,1.3039098148636623,23.729985873577544,10.861769248525516,24.974565521554467,52.551451874933186,0.11821768258392963,0.1383046943167425,0.19906372198029681,0.21264331360162683
15,va_a,54,0.2556656511131982,42.17103781786679,12.974551974614581,33.389626142184596,21.183078431802798,0.11821768258392963,0.1383046943167425,0.19906372198029681,0.21264331360162683
15,va_a,55,0.28512249606993234,7.553704599777213,5.888546072797797,5.100203311593487,16.877852984869683,0.11821768258392963,0.1383046943167425,0.19906372198029681,0.21264331360162683
15,va_a,56,1.0273512485401453,1.7231588329753114,1.6161130626495444,11.570972755296138,3.3001810165004892,0.11821768258392963,0.1383046943167425,0.19906372198029681,0.21264331360162683
15,va_a,57,-0.005463700715275112,5.315804041672427,1.29824605732169,1.7690000128458772,1.775182698584499,0.11821768258392963,0.1383046943167425,0.19906372198029681,0.21264331360162683
15,va_a,58,0.7595018183393685,16.331042191824448,0.903826025883192,21.322499892436046,26.010854673568204,0.11821768258392963,0.1383046943167425,0.19906372198029681,0.21264331360162683
15,va_a,59,1.0136537110199024,3.2492872073139254,3.662271277131345,15.626378301811323,5.4230206201538325,0.11821768258392963,0.1383046943167425,0.19906372198029681,0.21264331360162683
15,va_a,60,0.3882376688756041,1.5366923548112266,2.645002010091936,44.83925539138135,11.03529075600335,0.11821768258392963,0.1383046943167425,0.19906372198029681,0.21264331360162683
16,ia_a,1,-0.8469847339425299,117.74053385958962,21.158135231828243,633.5452483388873,256.50983273872015,0.21398548100030454,0.1391174665048946,0.2077309487783662,0.21917609738778518
16,ia_a,2,0.07503613119378938,14.664744734643413,10.051298719569413,43.92019946325225,24.05592498414762,0.21398548100030454,0.1391174665048946,0.2077309487783662,0.21917609738778518
16,ia_a,3,-0.8209598284870551,11.533452136271045,4.771488700207623,11.276780948238578,4.486005628483653,0.21398548100030454,0.1391174665048946,0.2077309487783662,0.21917609738778518
16,ia_a,4,-0.25354019506274084,10.662496361231904,5.250218347872725,5.972121518433707,3.846470289375519,0.21398548100030454,0.1391174665048946,0.2077309487783662,0.21917609738778518
16,ia_a,5,0.4076326114803207,18.580436307777116,6.66321434534137,102.6367508570422,31.237335060467394,0.21398548100030454,0.1391174665048946,0.2077309487783662,0.21917609738778518
16,ia_a,6,-0.7154566215053568,9.879329730144336,10.961637578044666,12.074175461132576,23.931161076967395,0.21398548100030454,0.1391174665048946,0.2077309487783662,0.21917609738778518
16,ia_a,7,0.36704843118562164,26.890785323750865,12.375424507601128,82.95578958925736,55.79090521761767,0.21398548100030454,0.1391174665048946,0.2077309487783662,0.21917609738778518
16,ia_a,8,-0.006183728546125738,10.940381540637965,3.106982319846862,45.50975687778655,21.04979077057936,0.21398548100030454,0.1391174665048946,0.2077309487783662,0.21917609738778518
16,ia_a,9,-0.2699449113796742,24.222334790430807,7.852893819119329,43.73941010126059,43.79262089897143,0.21398548100030454,0.1391174665048946,0.2077309487783662,0.21917609738778518
16,ia_a,10,0.9842283124740288,4.089851203253005,5.524537572956061,15.610137511341184,5.198776472711734,0.21398548100030454,0.1391174665048946,0.2077309487783662,0.21917609738778518
16,ia_a,11,-0.5434243955111396,4.9019649110705075,1.8037325021111885,28.136548792628815,17.49015388623709,0.21398548100030454,0.1391174665048946,0.2077309487783662,0.21917609738778518
16,ia_a,12,-1.0107585099989422,7.51336022924377,10.07472952042728,72.6435977092124,42.096920485730585,0.21398548100030454,0.1391174665048946,0.2077309487783662,0.21917609738778518
16,ia_a,13,-0.0781194256046934,13.03790504440829,2.617253070968581,77.56888176437674,44.55780980016493,0.21398548100030454,0.1391174665048946,0.2077309487783662,0.21917609738778518
16,ia_a,14,0.8269534719233989,6.916679891106813,4.154651344247165,5.768821820576506,4.323692711919098,0.21398548100030454,0.1391174665048946,0.2077309487783662,0.21917609738778518
16,ia_a,15,-0.2846054014276681,5.073127685874692,2.3267515021690732,10.740486621906307,8.840756557449515,0.21398548100030454,0.1391174665048946,0.2077309487783662,0.21917609738778518
16,ia_a,16,0.08311842019827434,6.61592572029469,11.171547216374847,23.614946406186927,38.803171129099816,0.21398548100030454,0.1391174665048946,0.2077309487783662,0.21917609738778518
16,ia_a,17,0.26326887353837936,9.61619237143492,5.89650454481308,3.0930935891853135,21.134273521960505,0.21398548100030454,0.1391174665048946,0.2077309487783662,0.21917609738778518
16,ia_a,18,-0.6497080339034581,11.947808572855303,4.5646672010582865,2.531760982950696,4.219193653613751,0.21398548100030454,0.1391174665048946,0.2077309487783662,0.21917609738778518
16,ia_a,19,-0.009316373331266559,9.992844523737238,3.7819880586340955,12.917477008149381,18.441090737095756,0.21398548100030454,0.1391174665048946,0.2077309487783662,0.21917609738778518
16,ia_a,20,0.2350238513184085,8.086123874555641,7.674171149158595,27.339824285484497,6.480033782619795,0.21398548100030454,0.1391174665048946,0.2077309487783662,0.21917609738778518
16,ia_a,21,-0.896624613300054,5.471370835589301,9.10138357567614,41.64636096232137,26.553787069944967,0.21398548100030454,0.1391174665048946,0.2077309487783662,0.21917609738778518
16,ia_a,22,0.762652997514832,5.99798266837847,8.068493044794323,42.39432871242294,15.089336302935717,0.21398548100030454,0.1391174665048946,0.2077309487783662,0.21917609738778518
16,ia_a,23,-0.5086341820211386,14.096136608523096,5.750023963485531,21.31960654029575,20.333248727714302,0.21398548100030454,0.1391174665048946,0.2077309487783662,0.21917609738778518
16,ia_a,24,0.662942850376701,15.035898830588383,2.872433487823101,25.570673227066717,20.704214947628504,0.21398548100030454,0.1391174665048946,0.2077309487783662,0.21917609738778518
16,ia_a,25,-7.075315274773025e-05,11.9183201350313,4.433393367321814,6.044948109003775,14.766294692856826,0.21398548100030454,0.1391174665048946,0.2077309487783662,0.21917609738778518
16,ia_a,26,-0.037077955598042514,18.930364302711297,4.771882736061559,26.229346033703266,58.09343205917448,0.21398548100030454,0.1391174665048946,0.2077309487783662,0.21917609738778518
16,ia_a,28,-0.1958045871089494,5.876493101760543,9.292821221789511,15.018315092056216,4.007991046061515,0.21398548100030454,0.1391174665048946,0.2077309487783662,0.21917609738778518
16,ia_a,29,0.15268635534818387,4.305902712825435,7.71550928800401,18.3500585266507,26.880457233094337,0.21398548100030454,0.1391174665048946,0.2077309487783662,0.21917609738778518
16,ia_a,30,-0.7167461516646338,7.494764299976675,6.361548852320197,17.041761140399487,23.163470147148516,0.21398548100030454,0.1391174665048946,0.2077309487783662,0.21917609738778518
16,ia_a,31,-0.31201852746820624,35.17288925953438,20.93907312653793,126.33157595872224,61.761639290013555,0.21398548100030454,0.1391174665048946,0.2077309487783662,0.21917609738778518
16,ia_a,32,-0.25621334013760394,14.994696451075736,2.326884024837518,2.6409155556632777,27.297100311695754,0.21398548100030454,0.1391174665048946,0.2077309487783662,0.21917609738778518
16,ia_a,33,-0.35222971003278813,2.8059486305964993,4.358963897771597,1.6289290712471363,6.195376450018377,0.21398548100030454,0.1391174665048946,0.2077309487783662,0.21917609738778518
16,ia_a,34,0.43008217290677897,16.65873914858727,7.418755615489715,18.483509004950676,9.819185944917384,0.21398548100030454,0.1391174665048946,0.2077309487783662,0.21917609738778518
16,ia_a,35,0.09135912439101244,19.216369740188448,10.465253938498057,182.20729700559048,59.064046020308126,0.21398548100030454,0.1391174665048946,0.2077309487783662,0.21917609738778518
16,ia_a,36,0.7283661124308578,14.574246290835944,11.010223088271976,43.20859920423288,17.222025893746878,0.21398548100030454,0.1391174665048946,0.2077309487783662,0.21917609738778518
16,ia_a,37,-0.6251208212933701,18.314230314716056,7.313137723849233,106.32153630947374,18.017013018912547,0.21398548100030454,0.1391174665048946,0.2077309487783662,0.21917609738778518
16,ia_a,38,-0.20609048870896476,7.65943311970264,4.524956033453372,5.0492982049361625,9.808297959130423,0.21398548100030454,0.1391174665048946,0.2077309487783662,0.21917609738778518
16,ia_a,39,-0.41562849576922517,2.519197530238813,3.641251208282766,24.477684431019583,9.281679468024766,0.21398548100030454,0.1391174665048946,0.2077309487783662,0.21917609738778518
16,ia_a,40,0.44726066863338304,7.823595467607391,4.600286570379754,36.22488899413793,18.966457563895005,0.21398548100030454,0.1391174665048946,0.2077309487783662,0.21917609738778518
16,ia_a,41,-0.36925323158304246,31.19135910826169,16.456085959606614,3.062322731667066,20.90013871943748,0.21398548100030454,0.1391174665048946,0.2077309487783662,0.21917609738778518
16,ia_a,42,-1.5484310699835797,18.157334542838857,2.47941801620573,56.61640974728412,48.77620752464988,0.21398548100030454,0.1391174665048946,0.2077309487783662,0.21917609738778518
16,ia_a,43,0.028471954023238363,29.313010890917443,7.60440418937497,4.027561926459995,1.173246310878514,0.21398548100030454,0.1391174665048946,0.2077309487783662,0.21917609738778518
16,ia_a,44,-0.2670406381636455,17.626192596161836,6.226335669082231,13.05283754246585,23.84806544805543,0.21398548100030454,0.1391174665048946,0.2077309487783662,0.21917609738778518
16,ia_a,46,-0.3940516950233961,19.19230757981394,4.718620137747709,3.36182004024605,7.7253983244766395,0.21398548100030454,0.1391174665048946,0.2077309487783662,0.21917609738778518
16,ia_a,47,0.8188065986676247,4.693631103745681,5.3054300082478125,23.863703446660207,23.59011761601293,0.21398548100030454,0.1391174665048946,0.2077309487783662,0.21917609738778518
16,ia_a,48,-0.29878090590849626,26.22935642241454,5.938088066728278,8.060294104069417,32.01961423933525,0.21398548100030454,0.1391174665048946,0.2077309487783662,0.21917609738778518
16,ia_a,49,-0.43443553756807407,23.341096253457312,5.473983324088774,11.967336951992129,14.593504308762068,0.21398548100030454,0.1391174665048946,0.2077309487783662,0.21917609738778518
16,ia_a,50,0.16907577326277776,1.6877449080311202,2.2428511010470022,9.032071620167292,15.770588994135398,0.21398548100030454,0.1391174665048946,0.2077309487783662,0.21917609738778518
16,ia_a,51,-0.708974838261885,8.187529442524522,4.8488913302170324,25.989939883520023,20.83913546953958,0.21398548100030454,0.1391174665048946,0.2077309487783662,0.21917609738778518
16,ia_a,52,-0.2784552870176248,7.086789457329069,11.451544683440789,14.315089682050587,22.20885885583407,0.21398548100030454,0.1391174665048946,0.2077309487783662,0.21917609738778518
16,ia_a,53,-0.0031899296069889073,6.819770838237636,4.718987266074556,4.6135487329164695,4.6117777500380175,0.21398548100030454,0.1391174665048946,0.2077309487783662,0.21917609738778518
16,ia_a,54,0.39508530534592057,10.967378554468265,1.5494275956455337,32.372675724789005,16.179662194611282,0.21398548100030454,0.1391174665048946,0.2077309487783662,0.21917609738778518
16,ia_a,55,-0.5732175917480702,14.61943326661495,3.0170744249456094,27.396706294367405,16.43661193862886,0.21398548100030454,0.1391174665048946,0.2077309487783662,0.21917609738778518
16,ia_a,56,0.07079131478924093,7.983254064546278,2.3649596551520795,3.0503124768486654,11.397848484768316,0.21398548100030454,0.1391174665048946,0.2077309487783662,0.21917609738778518
16,ia_a,57,-0.20664449157348772,2.736644956920451,8.239112924916233,2.8930385356257413,7.79413795821843,0.21398548100030454,0.1391174665048946,0.2077309487783662,0.21917609738778518
16,ia_a,58,-0.19468984666182848,3.7782352661707534,1.2614905005673667,9.579351406140505,5.353230224343075,0.21398548100030454,0.1391174665048946,0.2077309487783662,0.21917609738778518
16,ia_a,59,0.1173622394514486,10.180369453259104,2.5403338037773553,1.4129075591816065,2.3800666863565643,0.21398548100030454,0.1391174665048946,0.2077309487783662,0.21917609738778518
16,ia_a,60,0.03642843009634339,1.515454569861032,5.81566266212323,1.06111538177026,1.542864932652649,0.21398548100030454,0.1391174665048946,0.2077309487783662,0.21917609738778518
16,va_a,1,1.7999708591561685,54.596109690260626,27.43175961260543,87.177657361246,136.7613317052621,0.09994279594690797,0.13896557498694093,0.13820400117583495,0.11703008684986843
16,va_a,2,-0.628602873998866,0.6878767124341099,3.871129228736585,64.31819288097478,20.202586151979773,0.09994279594690797,0.13896557498694093,0.13820400117583495,0.11703008684986843
16,va_a,3,-1.094528168129329,17.061473642497056,4.937238287082297,12.591176553316595,23.994073039368125,0.09994279594690797,0.13896557498694093,0.13820400117583495,0.11703008684986843
16,va_a,4,-0.23212043543873356,2.223809174289958,2.0652912992044663,27.182714102715174,4.360770613590277,0.09994279594690797,0.13896557498694093,0.13820400117583495,0.11703008684986843
16,va_a,5,0.464341442245726,7.625528023769624,2.3775613155514432,9.897657004762882,9.887003453999412,0.09994279594690797,0.13896557498694093,0.13820400117583495,0.11703008684986843
16,va_a,6,0.3667656228929997,6.346134317383184,5.089112206164791,27.05334446093322,5.0161450539113295,0.09994279594690797,0.13896557498694093,0.13820400117583495,0.11703008684986843
16,va_a,7,-0.10806115927573479,9.817479448058995,1.358300411832189,48.73400829559908,38.1842451486323,0.09994279594690797,0.13896557498694093,0.13820400117583495,0.11703008684986843
16,va_a,8,0.10180340958457496,12.769019840828967,4.168842887586635,6.025421005398001,19.023686058202767,0.09994279594690797,0.13896557498694093,0.13820400117583495,0.11703008684986843
16,va_a,9,-0.5501548325855449,13.221088558758632,9.036113417914999,51.81457489792938,27.26425480392267,0.09994279594690797,0.13896557498694093,0.13820400117583495,0.11703008684986843
16,va_a,10,0.49049521493982834,0.926392827490151,1.7869524540429023,6.777842177805774,2.251872525291744,0.09994279594690797,0.13896557498694093,0.13820400117583495,0.11703008684986843
16,va_a,11,0.22127759009433012,22.670468976705376,4.95911616597965,7.681922412848003,32.59677496007624,0.09994279594690797,0.13896557498694093,0.13820400117583495,0.11703008684986843
16,va_a,12,0.03274817819597652,7.892582381713971,6.688833438089142,0.861124331761199,10.371131792610646,0.09994279594690797,0.13896557498694093,0.13820400117583495,0.11703008684986843
16,va_a,13,-1.845181944746627,24.337059078038706,20.701763371696394,50.18444341781336,26.66141555132845,0.09994279594690797,0.13896557498694093,0.13820400117583495,0.11703008684986843
16,va_a,14,0.7767925805901966,14.077040275682803,7.871353881835229,50.493747636396,23.64227616919301,0.09994279594690797,0.13896557498694093,0.13820400117583495,0.11703008684986843
16,va_a,15,0.04805986701669411,11.609908936323075,3.690170478472621,3.7465007910538213,6.399977796656544,0.09994279594690797,0.13896557498694093,0.13820400117583495,0.11703008684986843
16,va_a,16,-0.5448232046459903,32.747023766170834,11.921014976943558,47.29561157575818,14.439912960293945,0.09994279594690797,0.13896557498694093,0.13820400117583495,0.11703008684986843
16,va_a,17,-0.20492890311286693,1.96520176928751,3.3729191519381247,89.92066295208863,33.91485979518162,0.09994279594690797,0.13896557498694093,0.13820400117583495,0.11703008684986843
16,va_a,18,-0.16971525580420674,2.624078541451172,3.712657459876486,21.457990306178562,12.547733929266263,0.09994279594690797,0.13896557498694093,0.13820400117583495,0.11703008684986843
16,va_a,19,-0.42013094536234774,33.499077795483686,17.61098563771933,94.29746441971385,37.26574124213755,0.09994279594690797,0.13896557498694093,0.13820400117583495,0.11703008684986843
16,va_a,20,-0.32669165248481974,13.721633137576168,8.70271520799165,107.9204520675533,22.040617403684582,0.09994279594690797,0.13896557498694093,0.13820400117583495,0.11703008684986843
16,va_a,21,-1.0098442816859228,16.938096657737557,5.079510407061309,9.325375716554298,19.752740867422503,0.09994279594690797,0.13896557498694093,0.13820400117583495,0.11703008684986843
16,va_a,22,0.2302825208400485,16.914357082641235,8.40615789878802,171.95658604128167,14.25675894265044,0.09994279594690797,0.13896557498694093,0.13820400117583495,0.11703008684986843
16,va_a,23,-0.1724402946058229,12.29794228250464,12.168430189498034,4.987436448637095,7.427545814045921,0.09994279594690797,0.13896557498694093,0.13820400117583495,0.11703008684986843
16,va_a,24,1.092476418439223,19.6704957265749,2.6862209681029845,63.0671051334499,20.49409384149132,0.09994279594690797,0.13896557498694093,0.13820400117583495,0.11703008684986843
16,va_a,26,0.8028557594235969,8.01703719313581,3.1601743839592418,28.023734736357493,10.031531373009651,0.09994279594690797,0.13896557498694093,0.13820400117583495,0.11703008684986843
16,va_a,27,0.514595399376699,31.923283617786165,17.95555145930525,53.55375135779818,37.395326271037064,0.09994279594690797,0.13896557498694093,0.13820400117583495,0.11703008684986843
16,va_a,28,-1.3408636309435378,2.905612931031382,1.684324808949172,95.9829355466612,71.35486265088883,0.09994279594690797,0.13896557498694093,0.13820400117583495,0.11703008684986843
16,va_a,29,-0.5589855762577555,4.262975364874014,3.1578798003833355,65.1174977808028,61.87745566296399,0.09994279594690797,0.13896557498694093,0.13820400117583495,0.11703008684986843
16,va_a,30,0.4036885847447474,25.96622424937429,5.0189423895300855,55.20510671667595,17.592107844892514,0.09994279594690797,0.13896557498694093,0.13820400117583495,0.11703008684986843
16,va_a,31,0.07554756107797253,1.3851688003516747,2.734443145753612,10.059773218744914,1.6536900639661427,0.09994279594690797,0.13896557498694093,0.13820400117583495,0.11703008684986843
16,va_a,32,0.2076386021917668,7.971527273859137,8.964661509497981,11.644058279515644,4.2485363587233245,0.09994279594690797,0.13896557498694093,0.13820400117583495,0.11703008684986843
16,va_a,33,0.3130522103603178,4.14740072183435,11.972566095168043,25.010604707235974,5.77455574822076,0.09994279594690797,0.13896557498694093,0.13820400117583495,0.11703008684986843
16,va_a,34,-0.7440648544973628,15.999998723258095,10.25002704006228,54.93541293849229,41.538535893900274,0.09994279594690797,0.13896557498694093,0.13820400117583495,0.11703008684986843
16,va_a,35,0.5827748988412055,7.227422668168974,8.382333839599859,42.79780789371928,16.205191967210038,0.09994279594690797,0.13896557498694093,0.13820400117583495,0.11703008684986843
16,va_a,36,-0.14297327634823484,10.13471530721162,7.269889849344952,1.4486230086673813,10.098652095874094,0.09994279594690797,0.13896557498694093,0.13820400117583495,0.11703008684986843
16,va_a,37,0.3761491942802484,22.490708932173217,3.0724409730934856,37.80192226710173,35.61993975616828,0.09994279594690797,0.13896557498694093,0.13820400117583495,0.11703008684986843
16,va_a,38,-0.024674440110120082,3.3037362386157176,7.913882879998639,14.442543239241003,8.82165103499481,0.09994279594690797,0.13896557498694093,0.13820400117583495,0.11703008684986843
16,va_a,39,-0.6576470728972118,1.1177795860306015,4.277450724652398,6.842197323271898,4.582388075001641,0.09994279594690797,0.13896557498694093,0.13820400117583495,0.11703008684986843
16,va_a,40,0.3061084067525122,3.8748528260904984,17.152666773826258,78.35121075831123,22.68742239879984,0.09994279594690797,0.13896557498694093,0.13820400117583495,0.11703008684986843
16,va_a,41,-0.2481008848280114,7.92031257318618,13.389794131197304,16.198794063142465,6.29075000887536,0.09994279594690797,0.13896557498694093,0.13820400117583495,0.11703008684986843
16,va_a,42,-0.2646285382524049,1.8099629671714565,3.2896970712281903,31.336228295826096,17.364011338962793,0.09994279594690797,0.13896557498694093,0.13820400117583495,0.11703008684986843
16,va_a,43,-0.5331353967365055,7.105740075170792,1.3031795414501854,50.73582930788178,20.319962833609065,0.09994279594690797,0.13896557498694093,0.13820400117583495,0.11703008684986843
16,va_a,44,-1.05899346576641,20.373430383284283,11.655499066148586,18.337874643375446,37.07733559767917,0.09994279594690797,0.13896557498694093,0.13820400117583495,0.11703008684986843
16,va_a,45,0.22291753431081052,8.555578917009566,11.974045860911144,26.542646442573883,6.335720312881546,0.09994279594690797,0.13896557498694093,0.13820400117583495,0.11703008684986843
16,va_a,46,0.33145477200115714,15.372904018479048,13.794387394435157,13.54514478601383,12.205904358062877,0.09994279594690797,0.13896557498694093,0.13820400117583495,0.11703008684986843
16,va_a,47,-0.5623189270672606,24.49241170655276,5.349977876314619,15.58657954518881,10.410024141885286,0.09994279594690797,0.13896557498694093,0.13820400117583495,0.11703008684986843
16,va_a,48,0.5484761158762742,1.934829737744406,4.2489941132365345,3.101224471259399,2.448550766159814,0.09994279594690797,0.13896557498694093,0.13820400117583495,0.11703008684986843
16,va_a,49,-0.12627287692982975,5.231689500474249,11.40547567243462,1.5767891370608489,9.1974547289399,0.09994279594690797,0.13896557498694093,0.13820400117583495,0.11703008684986843
16,va_a,50,-0.3319379773868278,14.508330054703382,16.4224095625376,158.02727851417524,24.035440065800724,0.09994279594690797,0.13896557498694093,0.13820400117583495,0.11703008684986843
16,va_a,51,0.18354720087539186,8.490909686281004,2.699909453042783,22.232822759592434,32.69321420654595,0.09994279594690797,0.13896557498694093,0.13820400117583495,0.11703008684986843
16,va_a,52,0.48413516010562024,9.170976742467264,5.0058473633688125,6.951382374079531,3.3212647456359035,0.09994279594690797,0.13896557498694093,0.13820400117583495,0.11703008684986843
16,va_a,53,0.47336073283143437,3.1657190824841726,2.4309119847435503,7.1622506196069375,1.3963886974266988,0.09994279594690797,0.13896557498694093,0.13820400117583495,0.11703008684986843
16,va_a,54,-0.5397087127944079,36.751074526810854,21.86694595046952,4.64552935862626,37.71422199133652,0.09994279594690797,0.13896557498694093,0.13820400117583495,0.11703008684986843
16,va_a,55,-0.5887602964142377,1.8410256642817278,4.947916138119481,48.13350025333589,38.84586779409223,0.09994279594690797,0.13896557498694093,0.13820400117583495,0.11703008684986843
16,va_a,56,-0.006229613677177017,11.064142435597688,3.5562608725077895,337.22415841645443,22.926544097335494,0.09994279594690797,0.13896557498694093,0.13820400117583495,0.11703008684986843
16,va_a,57,0.8138523054983365,3.6388043470048586,9.430594815903051,6.315978476674741,6.479316646227318,0.09994279594690797,0.13896557498694093,0.13820400117583495,0.11703008684986843
16,va_a,58,0.488114690028879,19.74621523487583,10.659162428877101,21.548155304853353,39.542399533298344,0.09994279594690797,0.13896557498694093,0.13820400117583495,0.11703008684986843
16,va_a,59,1.2577540341585631,15.03205389194217,5.836385222387151,9.484278210921504,8.423329262460964,0.09994279594690797,0.13896557498694093,0.13820400117583495,0.11703008684986843
16,va_a,60,-0.9208748553394182,14.465447243423188,12.866790800758022,37.388657898154285,54.253869590293725,0.09994279594690797,0.13896557498694093,0.13820400117583495,0.11703008684986843
17,ia_a,1,-0.18896271770302467,9.070558740728679,2.5359048309748586,33.65300867742277,24.298366233537976,0.2412353446730531,0.12861256679428654,0.28482074084706493,0.3876249658391142
17,ia_a,2,0.5151814197907983,36.29572306315086,7.433826956612537,15.11808911402784,14.069291300462869,0.2412353446730531,0.12861256679428654,0.28482074084706493,0.3876249658391142
17,ia_a,3,0.15923332342167046,23.319797516429745,1.534928510230282,16.103131010020928,19.491614143835644,0.2412353446730531,0.12861256679428654,0.28482074084706493,0.3876249658391142
17,ia_a,4,0.6098919568509438,15.105175842391738,3.219024576404885,7.97470819797295,2.421198309477255,0.2412353446730531,0.12861256679428654,0.28482074084706493,0.3876249658391142
17,ia_a,5,-0.3297607446411816,31.05604129931985,5.282356745100649,28.76079548825738,25.063258816965188,0.2412353446730531,0.12861256679428654,0.28482074084706493,0.3876249658391142
17,ia_a,6,1.0970595615154919,2.3107687723317643,4.768241125458763,28.117906014940854,22.52856556384981,0.2412353446730531,0.12861256679428654,0.28482074084706493,0.3876249658391142
17,ia_a,7,-0.11674497090428734,5.14233866285458,2.072130178114299,35.63168537902971,21.85581726401078,0.2412353446730531,0.12861256679428654,0.28482074084706493,0.3876249658391142
17,ia_a,8,-0.6462414789658043,63.843420223565516,7.783941867000119,1.3762945332065084,34.34121406760609,0.2412353446730531,0.12861256679428654,0.28482074084706493,0.3876249658391142
17,ia_a,9,-1.6649722885717915,25.467627696079724,17.926194137958646,63.495228603634644,50.411810348496005,0.2412353446730531,0.12861256679428654,0.28482074084706493,0.3876249658391142
17,ia_a,10,-0.5576174014848423,18.00652799981827,10.95071753165705,65.87838422180097,47.71036919682832,0.2412353446730531,0.12861256679428654,0.28482074084706493,0.3876249658391142
17,ia_a,11,-0.09131401991812292,12.711598300985674,14.747449930751943,6.102650404945374,14.363370386726675,0.2412353446730531,0.12861256679428654,0.28482074084706493,0.3876249658391142
17,ia_a,12,1.3447402496785033,133.85173260020588,14.683963273480916,15.680341240969906,94.90122219006504,0.2412353446730531,0.12861256679428654,0.28482074084706493,0.3876249658391142
17,ia_a,13,-0.014623568483213945,24.526954618768684,7.302101096063405,3.402034659854284,9.505887226691424,0.2412353446730531,0.12861256679428654,0.28482074084706493,0.3876249658391142
17,ia_a,14,1.0183842596373087,7.474567260993159,13.098150716419694,16.575188885148314,18.937514287208007,0.2412353446730531,0.12861256679428654,0.28482074084706493,0.3876249658391142
17,ia_a,15,-0.48571325940594196,6.509017200520423,5.57911546611389,33.03395816852016,32.099933738105804,0.2412353446730531,0.12861256679428654,0.28482074084706493,0.3876249658391142
17,ia_a,16,-0.2187335421597577,9.321831218851882,12.05263515984633,42.16011049321496,36.503123969842115,0.2412353446730531,0.12861256679428654,0.28482074084706493,0.3876249658391142
17,ia_a,17,-0.5103972859928493,26.581167267510597,15.455192072097166,33.267310888439475,33.28375858136529,0.2412353446730531,0.12861256679428654,0.28482074084706493,0.3876249658391142
17,ia_a,18,-0.004284674909170385,2.327263661549344,3.197838811067531,60.46944628345819,4.322100074660854,0.2412353446730531,0.12861256679428654,0.28482074084706493,0.3876249658391142
17,ia_a,19,0.18785574165131858,2.326542048888621,2.167273531159475,27.121243688838103,21.987385825133725,0.2412353446730531,0.12861256679428654,0.28482074084706493,0.3876249658391142
17,ia_a,20,0.44026481624260017,18.35548660156084,6.639161766001327,5.002065285031726,8.395475211951794,0.2412353446730531,0.12861256679428654,0.28482074084706493,0.3876249658391142
17,ia_a,21,-0.4198070370958249,27.650591064758444,9.708924362316315,5.403620170331709,2.7656251263217198,0.2412353446730531,0.12861256679428654,0.28482074084706493,0.3876249658391142
17,ia_a,22,-0.1079250101456134,7.517491654164266,3.412543624719361,36.11100147528087,21.1152941705472,0.2412353446730531,0.12861256679428654,0.28482074084706493,0.3876249658391142
17,ia_a,23,-0.35956750649286195,9.21091649630654,4.245629993110748,16.523137804876164,37.181821292479064,0.2412353446730531,0.12861256679428654,0.28482074084706493,0.3876249658391142
17,ia_a,24,-1.5531655418410255,99.78228507661855,19.212722098330378,81.60390386538398,50.89903919090967,0.2412353446730531,0.12861256679428654,0.28482074084706493,0.3876249658391142
17,ia_a,26,-0.24863135743982628,4.721530824909468,6.208979039016099,6.37367597955684,19.877865221765372,0.2412353446730531,0.12861256679428654,0.28482074084706493,0.3876249658391142
17,ia_a,27,0.10009966633639782,8.278875410958603,1.0534809346046734,2.5022472089303482,5.786305220661471,0.2412353446730531,0.12861256679428654,0.28482074084706493,0.3876249658391142
17,ia_a,28,-1.5104325742861764,30.889658823693413,13.603633577333559,46.61858578935592,64.27821178035121,0.2412353446730531,0.12861256679428654,0.28482074084706493,0.3876249658391142
17,ia_a,29,-0.46716169664345464,7.953530423568022,6.722706473512266,11.02175484938812,6.21395895987116,0.2412353446730531,0.12861256679428654,0.28482074084706493,0.3876249658391142
17,ia_a,30,-0.7451584539284717,3.332167091072342,3.095518878177665,105.41906790353593,99.73163988452623,0.2412353446730531,0.12861256679428654,0.28482074084706493,0.3876249658391142
17,ia_a,31,0.7719797576381453,10.10110788642048,5.858199230115506,24.40799909403467,32.84315052441047,0.2412353446730531,0.12861256679428654,0.28482074084706493,0.3876249658391142
17,ia_a,32,-0.5612140004893555,6.000705886461452,9.319900936641659,1.0337305079758852,1.7116276752528359,0.2412353446730531,0.12861256679428654,0.28482074084706493,0.3876249658391142
17,ia_a,33,0.3512092764407097,29.875561405993366,31.025654095822503,78.97974481039215,23.560163882273855,0.2412353446730531,0.12861256679428654,0.28482074084706493,0.3876249658391142
17,ia_a,34,-0.16420577093321984,2.9494551019463833,12.499062288357665,12.845827275673267,9.427516862508352,0.2412353446730531,0.12861256679428654,0.28482074084706493,0.3876249658391142
17,ia_a,35,0.5064646107076628,1.128676669866848,1.212551503775664,24.21887921173992,11.591925642670008,0.2412353446730531,0.12861256679428654,0.28482074084706493,0.3876249658391142
17,ia_a,36,-0.24158779407160536,5.266865417033367,1.7763806539913758,14.306659517942894,18.022685930457346,0.2412353446730531,0.12861256679428654,0.28482074084706493,0.3876249658391142
17,ia_a,37,0.022501293870054683,53.35990474024116,11.58992683696345,16.59325866539195,45.834190196160236,0.2412353446730531,0.12861256679428654,0.28482074084706493,0.3876249658391142
17,ia_a,38,0.4538156659912624,12.728864541069663,10.724701428406199,27.000482700230204,3.7467942011299553,0.2412353446730531,0.12861256679428654,0.28482074084706493,0.3876249658391142
17,ia_a,39,0.9315175698239849,102.65443213699675,21.17668932770536,4.031533923510607,16.36543752233168,0.2412353446730531,0.12861256679428654,0.28482074084706493,0.3876249658391142
17,ia_a,40,0.7059376162182402,19.116707066257433,12.669806615556187,5.048065712026771,14.247161878707521,0.2412353446730531,0.12861256679428654,0.28482074084706493,0.3876249658391142
17,ia_a,41,0.016497417579714593,29.478076880030713,7.49948109867821,3.452354519678074,12.59474174694267,0.2412353446730531,0.12861256679428654,0.28482074084706493,0.3876249658391142
17,ia_a,42,0.9215534240762875,36.04095538339104,6.066545810047951,78.01509158525253,82.09982107071798,0.2412353446730531,0.12861256679428654,0.28482074084706493,0.3876249658391142
17,ia_a,43,-0.6777841291260253,16.026687444170076,4.0965700897328166,32.24365194052272,7.438097804446734,0.2412353446730531,0.12861256679428654,0.28482074084706493,0.3876249658391142
17,ia_a,44,-0.34177754825675466,4.597335731420586,18.545028564466932,76.89238968186794,108.7626632094613,0.2412353446730531,0.12861256679428654,0.28482074084706493,0.3876249658391142
17,ia_a,45,1.3811791379468883,67.90935822519349,4.235169840128657,55.47917981552508,59.079941086041764,0.2412353446730531,0.12861256679428654,0.28482074084706493,0.3876249658391142
17,ia_a,46,0.5203154442276211,7.281265250381229,10.134509345970732,3.5377619538153455,17.54102166424983,0.2412353446730531,0.12861256679428654,0.28482074084706493,0.3876249658391142
17,ia_a,47,0.9607094396937059,48.29831962993758,28.130052691878493,111.0131496758705,16.403475713963434,0.2412353446730531,0.12861256679428654,0.28482074084706493,0.3876249658391142
17,ia_a,48,-0.34009310298068596,23.194867429448955,17.431155941276682,11.772819076329336,59.05715995337465,0.2412353446730531,0.12861256679428654,0.28482074084706493,0.3876249658391142
17,ia_a,49,-0.11549048556848114,6.81524110596085,4.045205233811623,4.072007091591335,19.83445762838315,0.2412353446730531,0.12861256679428654,0.28482074084706493,0.3876249658391142
17,ia_a,50,0.32239668541664057,6.204957032643673,2.047278940588413,33.89538171228846,18.342719147865026,0.2412353446730531,0.12861256679428654,0.28482074084706493,0.3876249658391142
17,ia_a,51,-0.5514787581466081,7.843505276766693,7.421076177649331,15.787973657921517,23.945594978116503,0.2412353446730531,0.12861256679428654,0.28482074084706493,0.3876249658391142
17,ia_a,52,-0.333978373969652,15.288772974099631,3.4686481481481493,12.725836790593794,26.43972958120523,0.2412353446730531,0.12861256679428654,0.28482074084706493,0.3876249658391142
17,ia_a,53,-0.254857460734297,9.68795379230492,6.134443775671321,4.864123313289093,1.132327002316554,0.2412353446730531,0.12861256679428654,0.28482074084706493,0.3876249658391142
17,ia_a,54,-0.43576096567907174,10.360276239803055,4.590621688794141,10.599883149950296,6.658416798132281,0.2412353446730531,0.12861256679428654,0.28482074084706493,0.3876249658391142
17,ia_a,55,0.13030191133978106,13.127230028373095,8.196038978951435,25.19206926959172,21.63456808836767,0.2412353446730531,0.12861256679428654,0.28482074084706493,0.3876249658391142
17,ia_a,56,0.8109647543224621,6.304365259435756,6.986239934750487,11.401760766095716,14.250922999045455,0.2412353446730531,0.12861256679428654,0.28482074084706493,0.3876249658391142
17,ia_a,57,-0.3626197286452727,5.1760536177529,5.346759565938553,117.041065169818,39.46452128643787,0.2412353446730531,0.12861256679428654,0.28482074084706493,0.3876249658391142
17,ia_a,58,0.8257606940523851,21.865688253030598,19.228298285274008,46.792141226286766,63.01033087779777,0.2412353446730531,0.12861256679428654,0.28482074084706493,0.3876249658391142
17,ia_a,59,-0.19806028961014288,9.156904039908545,15.00941029601404,12.20131219258577,5.716492040055982,0.2412353446730531,0.12861256679428654,0.28482074084706493,0.3876249658391142
17,ia_a,60,-0.44548373214143416,16.085049639389673,0.8900091240421182,9.658401607777819,7.765783977893373,0.2412353446730531,0.12861256679428654,0.28482074084706493,0.3876249658391142
17,va_a,1,-0.24053816232003408,3.6526099062361177,13.094402184809537,4.068160432436413,11.777850418561844,0.13505725598583243,0.1334464592064715,0.08902122071539768,0.0807423780756798
17,va_a,2,0.7151463757283827,4.54368889574959,4.739832044088877,24.240115396975344,16.74073318880309,0.13505725598583243,0.1334464592064715,0.08902122071539768,0.0807423780756798
17,va_a,3,0.5333217461998336,11.65121737828118,9.218894988819248,21.25034703453371,9.959764455694657,0.13505725598583243,0.1334464592064715,0.08902122071539768,0.0807423780756798
17,va_a,4,0.17995109542184667,29.462875518199738,6.4460180846751705,32.67778745365211,8.766088092565811,0.13505725598583243,0.1334464592064715,0.08902122071539768,0.0807423780756798
17,va_a,5,0.4260353151371384,7.6622704560957855,3.5714545499067407,4.6424341370805635,4.632978380705972,0.13505725598583243,0.1334464592064715,0.08902122071539768,0.0807423780756798
17,va_a,6,-0.30716745217798214,1.807908121195514,3.0665818429644367,85.02205745566202,15.910283838614168,0.13505725598583243,0.1334464592064715,0.08902122071539768,0.0807423780756798
17,va_a,7,0.1432217340650933,9.956455191493312,35.51232848772286,14.075160515875275,26.99087103097516,0.13505725598583243,0.1334464592064715,0.08902122071539768,0.0807423780756798
17,va_a,8,0.6704934797214762,42.23193827241026,4.49920400167658,119.48963009618983,16.506684748971352,0.13505725598583243,0.1334464592064715,0.08902122071539768,0.0807423780756798
17,va_a,9,-0.40234896225190664,5.577116108485784,8.90495770424775,43.36807927955906,3.5502277013167176,0.13505725598583243,0.1334464592064715,0.08902122071539768,0.0807423780756798
17,va_a,10,1.0986217120954214,42.899860769825416,18.365437554151626,31.489675935861282,5.16287928676153,0.13505725598583243,0.1334464592064715,0.08902122071539768,0.0807423780756798
17,va_a,11,0.4629246106648027,6.600960939031532,5.283920003413239,78.81123723669639,10.408943241460555,0.13505725598583243,0.1334464592064715,0.08902122071539768,0.0807423780756798
17,va_a,12,-0.5925313757005677,19.82889953303867,3.900901772924675,54.25711631374266,52.9118349048547,0.13505725598583243,0.1334464592064715,0.08902122071539768,0.0807423780756798
17,va_a,13,-0.06791159479414388,8.39167614954497,6.724308634525754,40.91698825051601,16.246485408495396,0.13505725598583243,0.1334464592064715,0.08902122071539768,0.0807423780756798
17,va_a,14,-0.6332612214192419,13.665154233885511,10.516669220692917,7.7071735494352795,6.304196277118849,0.13505725598583243,0.1334464592064715,0.08902122071539768,0.0807423780756798
17,va_a,15,0.2210169767097663,36.64128726256119,26.864673428310105,4.819177240174275,34.63949591408804,0.13505725598583243,0.1334464592064715,0.08902122071539768,0.0807423780756798
17,va_a,16,-0.81348891125038,15.406784569847522,9.310519212472515,80.72918286539081,22.58844903687781,0.13505725598583243,0.1334464592064715,0.08902122071539768,0.0807423780756798
17,va_a,17,-0.022021985974508884,4.902071177045401,1.3119917931662084,3.0612592778710903,3.7448802095881772,0.13505725598583243,0.1334464592064715,0.08902122071539768,0.0807423780756798
17,va_a,18,0.3442342641705376,6.155354093255356,3.359132574674762,37.40755789545468,10.983244688891915,0.13505725598583243,0.1334464592064715,0.08902122071539768,0.0807423780756798
17,va_a,19,-0.6237065183044169,1.0504606811119552,6.41543898526491,32.15411636177956,4.422608679069011,0.13505725598583243,0.1334464592064715,0.08902122071539768,0.0807423780756798
17,va_a,20,0.2187034945004407,4.716493121984214,3.8431504726178862,58.24697883027148,10.256916845223122,0.13505725598583243,0.1334464592064715,0.08902122071539768,0.0807423780756798
17,va_a,21,0.26010479876702836,21.252199210580407,22.71614656229531,11.78455639212857,15.092638068844106,0.13505725598583243,0.1334464592064715,0.08902122071539768,0.0807423780756798
17,va_a,22,0.6402872403592117,46.84940265138954,17.159697751108407,26.19891730285343,22.45375683311401,0.13505725598583243,0.1334464592064715,0.08902122071539768,0.0807423780756798
17,va_a,23,0.3611671053114777,14.584276537549812,5.0713216810535595,4.335510558607716,8.372818049186202,0.13505725598583243,0.1334464592064715,0.08902122071539768,0.0807423780756798
17,va_a,24,0.41848083648060447,11.021493694309012,5.915201600564545,171.65886807306902,26.12389544744548,0.13505725598583243,0.1334464592064715,0.08902122071539768,0.0807423780756798
17,va_a,25,0.38587732112691314,13.311925276955586,25.033825124220996,5.854833937555232,6.230169450550561,0.13505725598583243,0.1334464592064715,0.08902122071539768,0.0807423780756798
17,va_a,26,0.6369553837796167,41.63642778125981,11.592121158688194,77.43381523223434,27.588478271957037,0.13505725598583243,0.1334464592064715,0.08902122071539768,0.0807423780756798
17,va_a,27,0.08582486078877444,53.22361696392319,8.426233053110012,22.89035438836084,7.318286897883662,0.13505725598583243,0.1334464592064715,0.08902122071539768,0.0807423780756798
17,va_a,28,-1.0524545278863249,17.785236427796292,16.69435332716374,30.27357599189268,21.859690565672103,0.13505725598583243,0.1334464592064715,0.08902122071539768,0.0807423780756798
17,va_a,29,0.34427205464142685,18.73992049858167,3.3103123721580103,1.349060294408936,3.405682021856998,0.13505725598583243,0.1334464592064715,0.08902122071539768,0.0807423780756798
17,va_a,30,-0.37976384484632647,15.556533063118444,5.877281524501676,4.647548810343393,3.428940259887109,0.13505725598583243,0.1334464592064715,0.08902122071539768,0.0807423780756798
17,va_a,31,-1.5492266161781056,56.34837820084968,8.073464449732148,43.20411314613266,81.73136499678264,0.13505725598583243,0.1334464592064715,0.08902122071539768,0.0807423780756798
17,va_a,32,0.56323591317927,7.618340283119347,5.58080021638355,4.6669966727613845,12.908621719497633,0.13505725598583243,0.1334464592064715,0.08902122071539768,0.0807423780756798
17,va_a,33,0.0987109688119338,9.046613018462399,5.444209354790451,12.023850585173856,12.921267303065383,0.13505725598583243,0.1334464592064715,0.08902122071539768,0.0807423780756798
17,va_a,34,0.47601194875835856,15.662569662503877,28.524531124462676,113.42061560227515,14.098405330490865,0.13505725598583243,0.1334464592064715,0.08902122071539768,0.0807423780756798
17,va_a,35,1.1092331728653857,31.33533594959236,4.3469889673080155,16.16933351034237,3.3477201982899016,0.13505725598583243,0.1334464592064715,0.08902122071539768,0.0807423780756798
17,va_a,36,-0.12938906983045595,41.9677079222755,40.62345357381267,20.111129744129776,12.229784553604876,0.13505725598583243,0.1334464592064715,0.08902122071539768,0.0807423780756798
17,va_a,37,0.8514290878819386,16.061293254439924,10.004212349626519,62.92465157830702,50.97037929361305,0.13505725598583243,0.1334464592064715,0.08902122071539768,0.0807423780756798
17,va_a,38,-0.3024207406905926,25.623789467728315,7.408590561663728,5.675672231226237,6.005023059687595,0.13505725598583243,0.1334464592064715,0.08902122071539768,0.0807423780756798
17,va_a,39,-0.2340433141754904,14.93418807632356,6.748646530612698,0.9500243734175089,2.697038303551962,0.13505725598583243,0.1334464592064715,0.08902122071539768,0.0807423780756798
17,va_a,40,-0.2915981491956112,6.934792822512658,11.879711697634738,37.74278397868456,18.74558703120554,0.13505725598583243,0.1334464592064715,0.08902122071539768,0.0807423780756798
17,va_a,41,-0.20528328981157476,7.174498863815563,9.815629504757064,43.142593836137806,9.72519124792259,0.13505725598583243,0.1334464592064715,0.08902122071539768,0.0807423780756798
17,va_a,42,-0.10267914693444764,59.24150646418104,3.685545923630003,103.6044350256818,25.710435261185655,0.13505725598583243,0.1334464592064715,0.08902122071539768,0.0807423780756798
17,va_a,43,0.47549172887772806,7.06322849454647,23.112170275091245,16.289987381297866,20.962434313956912,0.13505725598583243,0.1334464592064715,0.08902122071539768,0.0807423780756798
17,va_a,44,-1.0658112691372352,19.576500208811115,8.410733945482056,0.9378686999723942,12.059916493662785,0.13505725598583243,0.1334464592064715,0.08902122071539768,0.0807423780756798
17,va_a,45,0.6302017419136036,5.10572160262198,3.383167605280095,12.19776510497863,11.626055700113387,0.13505725598583243,0.1334464592064715,0.08902122071539768,0.0807423780756798
17,va_a,46,0.7648552924363939,19.779960879350227,5.205466139108139,10.02790906828625,6.866407904738093,0.13505725598583243,0.1334464592064715,0.08902122071539768,0.0807423780756798
17,va_a,47,0.27736054655126446,14.132945718851891,9.822212382698817,5.088578997756705,3.7348283592009084,0.13505725598583243,0.1334464592064715,0.08902122071539768,0.0807423780756798
17,va_a,48,-0.5241474364326808,20.201769771632197,12.864427631523025,34.50852501258103,26.725735164973457,0.13505725598583243,0.1334464592064715,0.08902122071539768,0.0807423780756798
17,va_a,49,-0.592655290241797,35.24556612252621,7.490309769637652,19.520934475903005,16.720759782646393,0.13505725598583243,0.1334464592064715,0.08902122071539768,0.0807423780756798
17,va_a,51,-0.8729777434547178,107.06664237459896,37.517867213090874,39.96132865444088,11.370865230318056,0.13505725598583243,0.1334464592064715,0.08902122071539768,0.0807423780756798
17,va_a,52,-0.5006479198432134,12.987262728175047,9.642617226355176,8.509722860528923,13.565662450613111,0.13505725598583243,0.1334464592064715,0.08902122071539768,0.0807423780756798
17,va_a,53,0.15123826252173517,6.343447001479731,6.242609042212199,15.232588561655355,5.93000212302455,0.13505725598583243,0.1334464592064715,0.08902122071539768,0.0807423780756798
17,va_a,54,0.8344250478086084,57.71587561510286,15.772510039080801,47.17243102796213,92.24896910140909,0.13505725598583243,0.1334464592064715,0.08902122071539768,0.0807423780756798
17,va_a,55,-0.19540260313843769,26.802889956321856,23.760159817115937,4.146834720884783,14.196489527987842,0.13505725598583243,0.1334464592064715,0.08902122071539768,0.0807423780756798
17,va_a,56,-0.43317106429906255,9.703442863962483,3.638017449232914,30.730546159732036,17.66422499182686,0.13505725598583243,0.1334464592064715,0.08902122071539768,0.0807423780756798
17,va_a,57,-0.6437433520672355,25.747243723271698,3.8279725037158308,8.8848855715214,10.913710338759863,0.13505725598583243,0.1334464592064715,0.08902122071539768,0.0807423780756798
17,va_a,58,-1.278842078678439,7.06022620123099,2.31155706788297,3.005346800043703,20.593113797197926,0.13505725598583243,0.1334464592064715,0.08902122071539768,0.0807423780756798
17,va_a,59,0.24144606171140706,21.760825322080258,4.77237522834128,40.59301715075688,131.89513059800376,0.13505725598583243,0.1334464592064715,0.08902122071539768,0.0807423780756798
17,va_a,60,0.2663228542196159,5.464279495899207,6.365176855658409,10.409004460367992,1.6550032605727851,0.13505725598583243,0.1334464592064715,0.08902122071539768,0.0807423780756798
18,ia_a,1,0.7677727799352156,13.758339443750067,7.348701007551944,126.7418438122232,163.0630367466157,0.08702676189395846,0.14660942406916094,0.10788936052507365,0.15287048605817816
18,ia_a,2,-0.3183684231914359,10.222408053329545,4.88323408715511,14.539121592191234,32.07456055321762,0.08702676189395846,0.14660942406916094,0.10788936052507365,0.15287048605817816
18,ia_a,3,-0.8718033635024991,11.12318011829756,3.4689874330231767,29.93904790446725,10.535431705899713,0.08702676189395846,0.14660942406916094,0.10788936052507365,0.15287048605817816
18,ia_a,4,-0.8026571046013867,5.497716792415408,6.113439745735974,69.94153781649484,9.9886141985693,0.08702676189395846,0.14660942406916094,0.10788936052507365,0.15287048605817816
18,ia_a,5,-0.14671345358971857,5.279115272733297,2.987305962682229,10.199653594290403,12.724098388995063,0.08702676189395846,0.14660942406916094,0.10788936052507365,0.15287048605817816
18,ia_a,6,0.29302061949033137,10.55898369183218,11.501873031181772,18.844762550672602,4.810619770320908,0.08702676189395846,0.14660942406916094,0.10788936052507365,0.15287048605817816
18,ia_a,7,-0.03786874163724355,23.090001379154337,13.717319908168758,28.510184073503744,4.970965768452447,0.08702676189395846,0.14660942406916094,0.10788936052507365,0.15287048605817816
18,ia_a,8,-0.5125497884175724,3.7197195973385826,3.568624051469799,2.178539564826189,6.437582855112989,0.08702676189395846,0.14660942406916094,0.10788936052507365,0.15287048605817816
18,ia_a,9,-0.36717925344431607,30.0020507478055,7.355232027605443,8.284250087293456,27.514648299249576,0.08702676189395846,0.14660942406916094,0.10788936052507365,0.15287048605817816
18,ia_a,10,-0.9915257156559792,6.409525822133917,9.199326359963601,8.77339554593878,4.786141609709376,0.08702676189395846,0.14660942406916094,0.10788936052507365,0.15287048605817816
18,ia_a,11,-0.21354764609493793,2.8286211297355064,1.878099447188919,22.847719147719868,2.659239145310936,0.08702676189395846,0.14660942406916094,0.10788936052507365,0.15287048605817816
18,ia_a,12,-0.6473171098008796,9.53273478565057,1.5674922503490296,35.91215614349432,5.954010975096167,0.08702676189395846,0.14660942406916094,0.10788936052507365,0.15287048605817816
18,ia_a,13,1.0836827557913054,32.359707156845054,10.007827051631432,64.76563840738875,25.41942546319158,0.08702676189395846,0.14660942406916094,0.10788936052507365,0.15287048605817816
18,ia_a,14,0.4472521530829907,13.567850356961353,5.062495970065942,21.732791123968013,31.636511425832165,0.08702676189395846,0.14660942406916094,0.10788936052507365,0.15287048605817816
18,ia_a,15,-0.5804045199859518,6.961737808624173,5.749404815683392,4.397688368752771,7.563041664476937,0.08702676189395846,0.14660942406916094,0.10788936052507365,0.15287048605817816
18,ia_a,16,1.4241306710956365,5.982169026014131,4.826107369425278,38.24038333856845,26.62289279599979,0.08702676189395846,0.14660942406916094,0.10788936052507365,0.15287048605817816
18,ia_a,17,0.007869047790435313,6.310121943038137,4.309317941037098,4.019077960670945,4.58015070887746,0.08702676189395846,0.14660942406916094,0.10788936052507365,0.15287048605817816
18,ia_a,18,-0.7849711574911349,10.028152494148479,8.272919715106632,53.55502446095445,16.26048662586297,0.08702676189395846,0.14660942406916094,0.10788936052507365,0.15287048605817816
18,ia_a,19,-0.21703492633904115,0.849310585975599,14.277434480265406,6.195101586992512,2.244726094147449,0.08702676189395846,0.14660942406916094,0.10788936052507365,0.15287048605817816
18,ia_a,20,-0.42438621440887025,11.787445210351196,7.004311802298612,30.9314446586276,3.734603926780895,0.08702676189395846,0.14660942406916094,0.10788936052507365,0.15287048605817816
18,ia_a,21,-0.3943473432757741,12.553381834518248,3.101537143258852,17.75044631311793,7.132195796804835,0.08702676189395846,0.14660942406916094,0.10788936052507365,0.15287048605817816
18,ia_a,22,-1.094161643429436,21.754456297637294,2.979350259640159,27.938738328061802,35.8177752420148,0.08702676189395846,0.14660942406916094,0.10788936052507365,0.15287048605817816
18,ia_a,23,0.023289471698256823,1.5417166645733862,3.6148454688326543,38.46941607879943,14.02553335559899,0.08702676189395846,0.14660942406916094,0.10788936052507365,0.15287048605817816
18,ia_a,24,0.6078697439970011,8.553289607843599,11.94540973872009,2.749767899788418,2.194614877854758,0.08702676189395846,0.14660942406916094,0.10788936052507365,0.15287048605817816
18,ia_a,25,-0.0016721991791931224,18.88616645087173,4.373445153359867,9.619319059776767,5.999277328552061,0.08702676189395846,0.14660942406916094,0.10788936052507365,0.15287048605817816
18,ia_a,26,-1.1412687892014937,10.806395065511062,3.3577431405199043,75.58285682075363,23.01827567084688,0.08702676189395846,0.14660942406916094,0.10788936052507365,0.15287048605817816
18,ia_a,27,-0.21163014286168616,4.884199671400201,8.547815893492784,19.578669061928036,49.822066197286816,0.08702676189395846,0.14660942406916094,0.10788936052507365,0.15287048605817816
18,ia_a,29,-0.22093169267701965,11.572618730651534,8.262446653772566,2.294767871900374,2.950172542794994,0.08702676189395846,0.14660942406916094,0.10788936052507365,0.15287048605817816
18,ia_a,30,-0.5393566728441231,11.470240453331666,3.1392885617323865,20.334831357133194,16.913969621653614,0.08702676189395846,0.14660942406916094,0.10788936052507365,0.15287048605817816
18,ia_a,31,-0.18570162052893743,3.476821410321672,6.37876666661476,13.895533240402946,7.5074960292023265,0.08702676189395846,0.14660942406916094,0.10788936052507365,0.15287048605817816
18,ia_a,32,-0.08280002376316221,5.3416339277666856,6.258859829783583,42.80976151000752,8.036282055839312,0.08702676189395846,0.14660942406916094,0.10788936052507365,0.15287048605817816
18,ia_a,33,-0.27515322258136016,17.653260951054545,4.957815092837452,15.878303051905501,3.9068825926388846,0.08702676189395846,0.14660942406916094,0.10788936052507365,0.15287048605817816
18,ia_a,34,-0.23443432219162255,36.563567267545004,19.388143391606118,10.26327669020565,39.20848880334576,0.08702676189395846,0.14660942406916094,0.10788936052507365,0.15287048605817816
18,ia_a,35,-1.3027079919315236,4.915502214131494,4.8244444059684595,83.64739041693194,21.031277235427964,0.08702676189395846,0.14660942406916094,0.10788936052507365,0.15287048605817816
18,ia_a,36,0.15775094161934686,5.0481411996846095,3.8011745121882776,4.146051793312394,4.1338401623573,0.08702676189395846,0.14660942406916094,0.10788936052507365,0.15287048605817816
18,ia_a,37,-0.48241330416215245,6.533903605602654,5.0292919286841204,10.030884925085202,6.406929700654297,0.08702676189395846,0.14660942406916094,0.10788936052507365,0.15287048605817816
18,ia_a,38,0.5280693548814608,3.95070557404889,11.554701804048415,89.1850582990632,35.59087129639996,0.08702676189395846,0.14660942406916094,0.10788936052507365,0.15287048605817816
18,ia_a,39,0.28299269630495666,11.207045093326377,4.435707496032412,18.6594302525964,17.264284646668205,0.08702676189395846,0.14660942406916094,0.10788936052507365,0.15287048605817816
18,ia_a,40,0.08900804374879727,2.0392580827434736,0.6022425353350296,3.4168970330429818,7.48211998154804,0.08702676189395846,0.14660942406916094,0.10788936052507365,0.15287048605817816
18,ia_a,41,-0.8101306022622109,3.825691245221009,1.942875048432977,16.742311224193568,22.43945909948959,0.08702676189395846,0.14660942406916094,0.10788936052507365,0.15287048605817816
18,ia_a,42,0.7458288342069064,5.962781465052849,8.673057511252027,19.516890815477254,12.452409304134012,0.08702676189395846,0.14660942406916094,0.10788936052507365,0.15287048605817816
18,ia_a,43,0.036996796671245495,13.347288432597717,6.156560504714564,97.91455347878109,29.825261311372856,0.08702676189395846,0.14660942406916094,0.10788936052507365,0.15287048605817816
18,ia_a,44,-0.1656417982594714,2.6752215140224265,1.9160738685611538,3.7056024071502742,4.6836435279700765,0.08702676189395846,0.14660942406916094,0.10788936052507365,0.15287048605817816
18,ia_a,45,-0.5153712898133561,6.174180363120184,9.809650845307843,12.594277434851183,21.759487917987524,0.08702676189395846,0.14660942406916094,0.10788936052507365,0.15287048605817816
18,ia_a,46,-0.4795555941524313,2.0504168939567733,8.176738124191187,7.234273923875499,0.8710985276758245,0.08702676189395846,0.14660942406916094,0.10788936052507365,0.15287048605817816
18,ia_a,47,-0.1965778261413728,5.9600113996607185,10.213703674891402,32.751026253985266,39.937940446698406,0.08702676189395846,0.14660942406916094,0.10788936052507365,0.15287048605817816
18,ia_a,48,0.8376762080248655,25.543312694940706,11.275469347615545,18.82347936218801,22.815853183676676,0.08702676189395846,0.14660942406916094,0.10788936052507365,0.15287048605817816
18,ia_a,49,-0.2143689774608418,5.8123560239243,2.2649184814171752,8.347127215463514,7.795008914559916,0.08702676189395846,0.14660942406916094,0.10788936052507365,0.15287048605817816
18,ia_a,50,0.2118656180620276,3.553983594119355,8.569869577486742,98.33069242503267,55.83122532114238,0.08702676189395846,0.14660942406916094,0.10788936052507365,0.15287048605817816
18,ia_a,51,-0.22619660080500084,0.3413810567183382,2.180038846547338,0.4160781143109587,3.0399291744620394,0.08702676189395846,0.14660942406916094,0.10788936052507365,0.15287048605817816
18,ia_a,52,-0.49276834867691277,16.19169420016394,7.871170666658425,97.47154276489978,9.979008823336788,0.08702676189395846,0.14660942406916094,0.10788936052507365,0.15287048605817816
18,ia_a,53,-0.37990041216235615,9.210438175420247,4.368151691429021,22.96346677180995,24.57730371352516,0.08702676189395846,0.14660942406916094,0.10788936052507365,0.15287048605817816
18,ia_a,54,0.06668133144150465,5.64723250937706,2.168927828129434,12.716077309947966,3.5172390895010586,0.08702676189395846,0.14660942406916094,0.10788936052507365,0.15287048605817816
18,ia_a,55,0.49310524194591004,22.963528457542438,7.849088374120873,35.8427993802982,28.57451324613007,0.08702676189395846,0.14660942406916094,0.10788936052507365,0.15287048605817816
18,ia_a,56,0.025375839607390763,9.283652726019643,4.975415536501228,66.22741581942694,10.40673106325493,0.08702676189395846,0.14660942406916094,0.10788936052507365,0.15287048605817816
18,ia_a,57,-0.24799597397464404,6.876910666715428,4.350414340189825,8.872411347587308,0.8719008191465288,0.08702676189395846,0.14660942406916094,0.10788936052507365,0.15287048605817816
18,ia_a,58,0.09674650132728457,13.539179791415117,3.281776345627296,6.216182846745647,31.5532875734682,0.08702676189395846,0.14660942406916094,0.10788936052507365,0.15287048605817816
18,ia_a,59,-0.3834817463160412,18.48226911899029,6.272287370655242,9.044416828092007,47.211462918490724,0.08702676189395846,0.14660942406916094,0.10788936052507365,0.15287048605817816
18,ia_a,60,-1.057560868697767,9.600124715273374,5.196964424063829,60.2133630607516,39.96066307006034,0.08702676189395846,0.14660942406916094,0.10788936052507365,0.15287048605817816
18,va_a,1,0.6008388168717738,24.398914972184873,19.66855657540275,10.000357920270266,4.801501300055313,0.07559074941387595,0.15478883663281132,0.15389520726236486,0.13143398282812924
18,va_a,2,1.418796140838842,7.246758300283837,3.881794996901838,102.50413487275947,14.798916991713101,0.07559074941387595,0.15478883663281132,0.15389520726236486,0.13143398282812924
18,va_a,3,0.43548373298206416,9.603695042171475,5.261201685072945,13.112608387468622,4.834811956717617,0.07559074941387595,0.15478883663281132,0.15389520726236486,0.13143398282812924
18,va_a,4,0.7435067035208334,17.510648677021184,14.820595891375227,84.90914459556423,14.045333843112312,0.07559074941387595,0.15478883663281132,0.15389520726236486,0.13143398282812924
18,va_a,5,-0.41852213006766975,0.3033173571362832,0.9890793725008659,18.608984843308175,4.003797085367363,0.07559074941387595,0.15478883663281132,0.15389520726236486,0.13143398282812924
18,va_a,6,-0.17499695843415064,1.5212488835783267,1.5331741996281634,0.9634545650424425,3.598007073681821,0.07559074941387595,0.15478883663281132,0.15389520726236486,0.13143398282812924
18,va_a,7,-1.2678081097019467,47.236134842383166,16.834354037709897,72.57397205720606,119.02194451362219,0.07559074941387595,0.15478883663281132,0.15389520726236486,0.13143398282812924
18,va_a,8,-0.9980710639665863,19.879990068058483,2.573626423300608,139.7375074667507,19.9756163030253,0.07559074941387595,0.15478883663281132,0.15389520726236486,0.13143398282812924
18,va_a,9,-0.13231378629655885,3.2148576620233307,1.7923411837586474,5.721986083616521,1.9542909868611538,0.07559074941387595,0.15478883663281132,0.15389520726236486,0.13143398282812924
18,va_a,10,-0.6121009745700896,7.120962701312909,2.7066632352536475,0.7362652831015607,1.6838646220258973,0.07559074941387595,0.15478883663281132,0.15389520726236486,0.13143398282812924
18,va_a,11,-0.07439036147720655,28.211808993868875,9.150729040105169,86.5885294196652,31.353393362773073,0.07559074941387595,0.15478883663281132,0.15389520726236486,0.13143398282812924
18,va_a,12,-0.6376120205978852,10.279143581021277,1.7982821254285315,75.50968362878142,11.567143966554191,0.07559074941387595,0.15478883663281132,0.15389520726236486,0.13143398282812924
18,va_a,13,0.023697473783989724,10.399197464115133,13.32176915410965,10.826067166283645,22.76054897919217,0.07559074941387595,0.15478883663281132,0.15389520726236486,0.13143398282812924
18,va_a,14,-0.05254805444217554,3.291933085345918,3.632584755604824,7.997113058894206,8.609573054625274,0.07559074941387595,0.15478883663281132,0.15389520726236486,0.13143398282812924
18,va_a,15,-0.7878131701583099,31.039758954765087,8.54957586049569,16.536437155571722,16.834236691194135,0.07559074941387595,0.15478883663281132,0.15389520726236486,0.13143398282812924
18,va_a,16,0.3656778012899425,7.733558115213832,4.187718390648787,14.1105904064664,26.495699140582012,0.07559074941387595,0.15478883663281132,0.15389520726236486,0.13143398282812924
18,va_a,17,0.03316967461468124,9.64872960859517,6.564083130788216,97.29167746116944,21.3233724244051,0.07559074941387595,0.15478883663281132,0.15389520726236486,0.13143398282812924
18,va_a,18,-0.5791088576237243,3.695159673361795,5.128350617642292,36.75466424660741,18.621806003458932,0.07559074941387595,0.15478883663281132,0.15389520726236486,0.13143398282812924
18,va_a,19,-0.14620979265690087,10.643825530549996,3.760761213189021,2.216374235824264,8.561444294877989,0.07559074941387595,0.15478883663281132,0.15389520726236486,0.13143398282812924
18,va_a,20,-0.38316105341904794,4.56459174662876,4.467121756615297,110.8545426893598,47.20573104343363,0.07559074941387595,0.15478883663281132,0.15389520726236486,0.13143398282812924
18,va_a,21,-0.3550612825131696,11.137068721148136,16.69074336785468,19.262291574294267,4.594973038363605,0.07559074941387595,0.15478883663281132,0.15389520726236486,0.13143398282812924
18,va_a,22,0.3488408918129297,28.82877334132407,5.520143914036988,0.491652926092162,7.800250841375491,0.07559074941387595,0.15478883663281132,0.15389520726236486,0.13143398282812924
18,va_a,23,-0.17969293723763144,5.159934369564256,2.5952914659201562,9.91523574485906,14.373403963844268,0.07559074941387595,0.15478883663281132,0.15389520726236486,0.13143398282812924
18,va_a,24,0.012844463483651513,9.276457639413268,5.195661093687678,8.053885166727756,47.73634542352948,0.07559074941387595,0.15478883663281132,0.15389520726236486,0.13143398282812924
18,va_a,25,-2.122356559552072,30.200708285462593,19.203454625666772,70.83682241420887,83.05108727711496,0.07559074941387595,0.15478883663281132,0.15389520726236486,0.13143398282812924
18,va_a,26,0.7903710470776928,14.595188425828214,7.0356636245534085,32.20527705109189,12.762616267814913,0.07559074941387595,0.15478883663281132,0.15389520726236486,0.13143398282812924
18,va_a,27,0.16964862360583213,4.978406577561739,6.208568989850259,9.204169644132394,13.808605772226828,0.07559074941387595,0.15478883663281132,0.15389520726236486,0.13143398282812924
18,va_a,28,-0.45226316583956067,2.6274994019778677,2.286367494484596,19.018419090900057,9.716689761350803,0.07559074941387595,0.15478883663281132,0.15389520726236486,0.13143398282812924
18,va_a,29,0.049552076440309484,5.637222910524642,4.813574010779567,11.94924253279478,10.896058491762517,0.07559074941387595,0.15478883663281132,0.15389520726236486,0.13143398282812924
18,va_a,30,-0.062211610893609805,9.074192734238073,5.1272919576011775,32.31780572376284,20.933491364472793,0.07559074941387595,0.15478883663281132,0.15389520726236486,0.13143398282812924
18,va_a,31,0.15960009191163022,4.1659081620602665,3.8530861911507785,56.506158884985915,10.864513993402745,0.07559074941387595,0.15478883663281132,0.15389520726236486,0.13143398282812924
18,va_a,32,0.597952842262625,6.121802371872275,8.004832078557765,62.021492698267224,23.76103367775371,0.07559074941387595,0.15478883663281132,0.15389520726236486,0.13143398282812924
18,va_a,33,0.44334054050233673,31.99687528922341,6.520651467342649,110.91640232486283,33.61435648082925,0.07559074941387595,0.15478883663281132,0.15389520726236486,0.13143398282812924
18,va_a,34,0.01249850206110381,11.669428515555428,2.5676994461108062,21.16688852356994,4.812640709476548,0.07559074941387595,0.15478883663281132,0.15389520726236486,0.13143398282812924
18,va_a,35,-0.27403647513020046,3.188382968385203,5.2229264103777995,5.290847794927034,3.7333460627523416,0.07559074941387595,0.15478883663281132,0.15389520726236486,0.13143398282812924
18,va_a,36,0.8825473407032222,29.552381672662516,6.699695789517494,24.087495666757462,20.63217761272613,0.07559074941387595,0.15478883663281132,0.15389520726236486,0.13143398282812924
18,va_a,37,0.7039048335558121,5.036552181591117,7.197574164440452,71.97706744687277,14.70360153699156,0.07559074941387595,0.15478883663281132,0.15389520726236486,0.13143398282812924
18,va_a,38,-0.35631563415199885,21.14114053482922,4.401370860014541,8.4586749060905,12.205023220414098,0.07559074941387595,0.15478883663281132,0.15389520726236486,0.13143398282812924
18,va_a,39,-0.6779765848803064,15.38424337545938,7.3636026382210185,153.1221147363929,61.620718521908415,0.07559074941387595,0.15478883663281132,0.15389520726236486,0.13143398282812924
18,va_a,40,-0.6464541424638155,10.83654637163972,3.296282227241473,76.85036253191402,70.3442638515118,0.07559074941387595,0.15478883663281132,0.15389520726236486,0.13143398282812924
18,va_a,41,-0.9605724968596832,20.71964125565637,3.607944837109074,11.944057194170552,12.052112977584155,0.07559074941387595,0.15478883663281132,0.15389520726236486,0.13143398282812924
18,va_a,42,1.5401343752294963,23.089175032969482,17.897509996128896,86.2629053859384,47.43733151869092,0.07559074941387595,0.15478883663281132,0.15389520726236486,0.13143398282812924
18,va_a,43,0.5679328316108353,2.0725693875340214,4.574768796574655,12.624658481816907,10.033892937049442,0.07559074941387595,0.15478883663281132,0.15389520726236486,0.13143398282812924
18,va_a,44,0.1055401266268712,6.258960505135444,5.948799418176896,6.771082111383796,24.131903847623704,0.07559074941387595,0.15478883663281132,0.15389520726236486,0.13143398282812924
18,va_a,45,-0.4680769893160424,12.525737357158487,8.20868328550986,10.15348036701629,9.060021906825217,0.07559074941387595,0.15478883663281132,0.15389520726236486,0.13143398282812924
18,va_a,46,0.09923950666814783,2.1797241266454064,0.9273606194991321,6.598607745960517,3.9996297101785783,0.07559074941387595,0.15478883663281132,0.15389520726236486,0.13143398282812924
18,va_a,47,1.8353749256582546,26.588633409376637,30.738831662876564,9.752887785635348,47.807789778841276,0.07559074941387595,0.15478883663281132,0.15389520726236486,0.13143398282812924
18,va_a,48,0.4421131006829889,6.6600282964268445,6.856273308090219,7.173043688291398,20.885049269951768,0.07559074941387595,0.15478883663281132,0.15389520726236486,0.13143398282812924
18,va_a,49,-0.7895661175628494,6.832605755605658,5.8460922518048095,92.94367167063977,14.137659691379481,0.07559074941387595,0.15478883663281132,0.15389520726236486,0.13143398282812924
18,va_a,50,1.215693230145419,3.8482236885660464,6.9245453453402295,14.10760465329187,5.967193709797795,0.07559074941387595,0.15478883663281132,0.15389520726236486,0.13143398282812924
18,va_a,51,0.6104283113625534,5.850821980422313,2.335180470943486,3.193874128129906,7.381016198453693,0.07559074941387595,0.15478883663281132,0.15389520726236486,0.13143398282812924
18,va_a,52,-0.7208447145476775,7.920342015954139,5.006091231034572,1.842182982383163,2.8757717502199642,0.07559074941387595,0.15478883663281132,0.15389520726236486,0.13143398282812924
18,va_a,53,0.2784015708769308,1.1954128225587666,1.128474063240521,4.884765506534257,2.5729037080689863,0.07559074941387595,0.15478883663281132,0.15389520726236486,0.13143398282812924
18,va_a,54,-0.09229851037070853,6.996442541993279,9.584581312255283,20.861970588008877,3.750051554952155,0.07559074941387595,0.15478883663281132,0.15389520726236486,0.13143398282812924
18,va_a,55,-0.14580225294248444,4.989652192882342,5.287661054930651,11.772623542004773,10.85502420067167,0.07559074941387595,0.15478883663281132,0.15389520726236486,0.13143398282812924
18,va_a,56,-1.3114516255006654,4.83490440238212,4.8725515725821005,56.214913309235925,5.987672550695481,0.07559074941387595,0.15478883663281132,0.15389520726236486,0.13143398282812924
18,va_a,57,-0.6704835508031692,2.471872115107128,2.617772720221105,16.206136524353514,5.1180452791935,0.07559074941387595,0.15478883663281132,0.15389520726236486,0.13143398282812924
18,va_a,58,-1.1157086940749987,4.937762118294299,4.805763574997088,52.86515470926994,13.330389052321683,0.07559074941387595,0.15478883663281132,0.15389520726236486,0.13143398282812924
18,va_a,59,0.24678003497102857,5.3766551268042395,9.007028824502786,28.081887736970085,43.51026665189119,0.07559074941387595,0.15478883663281132,0.15389520726236486,0.13143398282812924
20,ia_a,1,0.009957604578700405,8.784379280043312,3.0078376912013804,7.43265632082827,11.76134872391806,0.06444338005188804,0.1505133301174282,0.10249749642667018,0.1465516322140137
20,ia_a,2,0.5507630099606682,9.36686087338902,17.59452361169837,33.10721924168638,37.514749389840105,0.06444338005188804,0.1505133301174282,0.10249749642667018,0.1465516322140137
20,ia_a,3,0.35859784664985256,6.899734424048054,1.5436601063099171,26.543763106260677,15.555396940729938,0.06444338005188804,0.1505133301174282,0.10249749642667018,0.1465516322140137
20,ia_a,4,0.2837795620156367,14.727220694487226,2.3692024847182336,2.273534071299498,12.100725185317478,0.06444338005188804,0.1505133301174282,0.10249749642667018,0.1465516322140137
20,ia_a,5,0.9936530025813715,121.86194975948153,5.872526604770617,86.34785970952619,182.05201338369216,0.06444338005188804,0.1505133301174282,0.10249749642667018,0.1465516322140137
20,ia_a,6,-0.05306485451736518,3.1344374632997987,2.852163491851029,20.866301531045806,3.180945873122906,0.06444338005188804,0.1505133301174282,0.10249749642667018,0.1465516322140137
20,ia_a,7,-0.12509124933457316,12.994664506302428,6.648575858973602,18.385901529411836,3.270931499529714,0.06444338005188804,0.1505133301174282,0.10249749642667018,0.1465516322140137
20,ia_a,8,-0.13987471073310326,12.129960078803714,4.3684616968898995,56.98759495641459,8.551044306251361,0.06444338005188804,0.1505133301174282,0.10249749642667018,0.1465516322140137
20,ia_a,9,-0.2132786899846431,6.141612968088398,3.6880203972429855,51.604216601876274,26.09949342354566,0.06444338005188804,0.1505133301174282,0.10249749642667018,0.1465516322140137
20,ia_a,10,0.2447677139158804,4.413730484914031,5.783317560924568,120.13818558795587,143.94624879825034,0.06444338005188804,0.1505133301174282,0.10249749642667018,0.1465516322140137
20,ia_a,11,0.43686527572088474,16.95770466813094,3.5424996459970615,55.09613788440538,53.7670018698483,0.06444338005188804,0.1505133301174282,0.10249749642667018,0.1465516322140137
20,ia_a,12,0.3358286407066706,6.7779849514162045,3.3624817933137194,131.86611960505198,79.6601273829665,0.06444338005188804,0.1505133301174282,0.10249749642667018,0.1465516322140137
20,ia_a,13,-0.5354167036303982,16.764465216838182,5.220436561572767,28.872628534947182,25.667129275519848,0.06444338005188804,0.1505133301174282,0.10249749642667018,0.1465516322140137
20,ia_a,14,-0.8059671963210421,23.43643285896791,5.399072152947725,0.7034651566485636,14.469572983430163,0.06444338005188804,0.1505133301174282,0.10249749642667018,0.1465516322140137
20,ia_a,16,-0.1702149338122332,33.57548383839173,4.898850546359391,19.868221412293867,22.72732374977456,0.06444338005188804,0.1505133301174282,0.10249749642667018,0.1465516322140137
20,ia_a,17,-1.184838587993991,13.2824240636378,4.465280868388392,56.535325118778026,48.64704020802949,0.06444338005188804,0.1505133301174282,0.10249749642667018,0.1465516322140137
20,ia_a,18,0.551212418790935,5.078102766830657,2.1513676648054547,55.10606920240556,24.749350949187995,0.06444338005188804,0.1505133301174282,0.10249749642667018,0.1465516322140137
20,ia_a,19,-0.2215269038077048,4.103816392128811,1.8883857070779504,8.528883473144809,5.5693243175300395,0.06444338005188804,0.1505133301174282,0.10249749642667018,0.1465516322140137
20,ia_a,20,-1.6961732216693124,16.556984028839036,13.131885149914469,42.043496035417746,76.6141988442814,0.06444338005188804,0.1505133301174282,0.10249749642667018,0.1465516322140137
20,ia_a,21,2.027839263081453,11.028482028155208,11.24191858209014,192.3936183163418,130.26135540006806,0.06444338005188804,0.1505133301174282,0.10249749642667018,0.1465516322140137
20,ia_a,22,0.05966745466271374,1.2507977206153547,1.0983047309818905,25.96886004216719,8.052833521919608,0.06444338005188804,0.1505133301174282,0.10249749642667018,0.1465516322140137
20,ia_a,23,-0.031029440710103474,18.143062228926397,5.718124945634517,23.77703127588381,40.702050314549815,0.06444338005188804,0.1505133301174282,0.10249749642667018,0.1465516322140137
20,ia_a,24,0.7491530417911666,10.274903910456539,16.73800448061533,42.848736991679765,29.14758529772544,0.06444338005188804,0.1505133301174282,0.10249749642667018,0.1465516322140137
20,ia_a,25,0.6789129339029149,9.914080260020219,1.5411940700756297,28.05861338415354,33.307080252487204,0.06444338005188804,0.1505133301174282,0.10249749642667018,0.1465516322140137
20,ia_a,26,-0.03549474278474233,2.863171670387349,6.316705404490603,13.080626225161481,7.862176146540918,0.06444338005188804,0.1505133301174282,0.10249749642667018,0.1465516322140137
20,ia_a,27,-0.4505620273543532,69.98949743626733,12.265748196642528,17.6810628846365,106.13439536561383,0.06444338005188804,0.1505133301174282,0.10249749642667018,0.1465516322140137
20,ia_a,28,0.19748261743347809,6.510143076381666,2.302477238920724,6.999751849437049,40.60173754234179,0.06444338005188804,0.1505133301174282,0.10249749642667018,0.1465516322140137
20,ia_a,29,-0.6162320109524789,10.161388676029762,4.194791407585716,6.251235616518724,10.718229760759863,0.06444338005188804,0.1505133301174282,0.10249749642667018,0.1465516322140137
20,ia_a,30,-0.22915024008961807,2.438168311359234,2.879664483260812,34.4741999831126,16.851499653690457,0.06444338005188804,0.1505133301174282,0.10249749642667018,0.1465516322140137
20,ia_a,31,0.043649680347078765,4.578152011987097,9.092327308211873,25.263848860779472,12.06255984854649,0.06444338005188804,0.1505133301174282,0.10249749642667018,0.1465516322140137
20,ia_a,32,0.3123812277711603,172.0480228279803,18.04413522426061,33.75763147057695,166.4350849056114,0.06444338005188804,0.1505133301174282,0.10249749642667018,0.1465516322140137
20,ia_a,33,-0.6151090431865484,3.9466878410380533,16.43323420295017,77.64878187011259,66.83544938438884,0.06444338005188804,0.1505133301174282,0.10249749642667018,0.1465516322140137
20,ia_a,34,-0.8737824444744603,9.44329544121282,2.6947944528452794,25.620289751849203,11.661477952526598,0.06444338005188804,0.1505133301174282,0.10249749642667018,0.1465516322140137
20,ia_a,35,-0.6100246527159117,15.606135203834501,8.926295663571636,41.93163278342624,12.548398191810982,0.06444338005188804,0.1505133301174282,0.10249749642667018,0.1465516322140137
20,ia_a,36,0.694288088730576,3.9637549063484703,2.315454565220066,21.7884489294433,34.06105791178764,0.06444338005188804,0.1505133301174282,0.10249749642667018,0.1465516322140137
20,ia_a,37,-1.0657999019550108,3.9403127057805456,3.9778934110564,32.81331977436067,22.48160851617693,0.06444338005188804,0.1505133301174282,0.10249749642667018,0.1465516322140137
20,ia_a,38,0.5220394651208483,23.132318317515026,5.555055573460553,12.268325046795866,22.7099289728898,0.06444338005188804,0.1505133301174282,0.10249749642667018,0.1465516322140137
20,ia_a,39,-0.22062821314590836,17.328210477476116,3.6408004882541367,5.957301024023,7.302197604456405,0.06444338005188804,0.1505133301174282,0.10249749642667018,0.1465516322140137
20,ia_a,40,1.1638100554986965,6.730048790914671,11.160296283933784,124.68308884526759,34.79078584693496,0.06444338005188804,0.1505133301174282,0.10249749642667018,0.1465516322140137
20,ia_a,41,1.0503992609064108,147.74416085130724,21.49307374856676,86.02547820649629,138.05085137030935,0.06444338005188804,0.1505133301174282,0.10249749642667018,0.1465516322140137
20,ia_a,42,-0.061284619222712555,9.36546358145185,5.7853018882786085,62.9203670814642,71.24878629801378,0.06444338005188804,0.1505133301174282,0.10249749642667018,0.1465516322140137
20,ia_a,43,-1.1084746907700496,12.202539999890272,4.432273128903496,102.92601844039275,38.35343732350361,0.06444338005188804,0.1505133301174282,0.10249749642667018,0.1465516322140137
20,ia_a,44,-0.2779989147553832,67.63006155712928,10.274195532817433,0.7641946525370612,54.56494865152736,0.06444338005188804,0.1505133301174282,0.10249749642667018,0.1465516322140137
20,ia_a,45,-0.9179650549046362,20.91168559116768,6.219225679818783,44.02140512814363,31.607531176058465,0.06444338005188804,0.1505133301174282,0.10249749642667018,0.1465516322140137
20,ia_a,46,0.47200969954777994,45.432897049595645,3.5053662133440073,41.18039088593575,14.207297551207546,0.06444338005188804,0.1505133301174282,0.10249749642667018,0.1465516322140137
20,ia_a,47,-0.436044699006731,15.902893610076049,22.122898758962506,18.19642472907526,57.87791117378444,0.06444338005188804,0.1505133301174282,0.10249749642667018,0.1465516322140137
20,ia_a,48,0.7337119736783856,5.893538183754615,2.39284420628363,10.156267228718281,16.13450030602482,0.06444338005188804,0.1505133301174282,0.10249749642667018,0.1465516322140137
20,ia_a,49,0.9978513763020006,53.985356786530524,5.451695791049465,45.49057780838662,82.91178622229363,0.06444338005188804,0.1505133301174282,0.10249749642667018,0.1465516322140137
20,ia_a,51,1.047302916353236,13.127867601445349,1.515223488767798,27.80729523409151,21.583534073383273,0.06444338005188804,0.1505133301174282,0.10249749642667018,0.1465516322140137
20,ia_a,52,0.0181969654519032,6.585610047528991,5.780821571844668,3.420266402510514,20.17671590267771,0.06444338005188804,0.1505133301174282,0.10249749642667018,0.1465516322140137
20,ia_a,53,-1.3929693329086097,14.013455751225004,1.6497028845007538,81.31416062648412,67.17521613994619,0.06444338005188804,0.1505133301174282,0.10249749642667018,0.1465516322140137
20,ia_a,54,0.49325962514913985,29.681819106917597,18.520868029589675,187.76613555562582,130.5969756816673,0.06444338005188804,0.1505133301174282,0.10249749642667018,0.1465516322140137
20,ia_a,55,-0.7329297599060808,51.29189545562941,7.672910404257531,200.2073005359709,73.73584184942224,0.06444338005188804,0.1505133301174282,0.10249749642667018,0.1465516322140137
20,ia_a,56,0.2541789851620309,21.30149878091282,7.926574995519665,24.60730864450689,61.9875733736089,0.06444338005188804,0.1505133301174282,0.10249749642667018,0.1465516322140137
20,ia_a,57,1.0352966324676667,7.450723992997833,2.685478460653594,68.54081114578017,48.76923168071818,0.06444338005188804,0.1505133301174282,0.10249749642667018,0.1465516322140137
20,ia_a,58,0.14556790403695472,16.471657116001943,3.8005354058690184,7.857419810569197,20.36888151226291,0.06444338005188804,0.1505133301174282,0.10249749642667018,0.1465516322140137
20,ia_a,59,0.9957578446563977,2.342358347786299,1.0307455817032434,62.8632227264151,28.751742552815507,0.06444338005188804,0.1505133301174282,0.10249749642667018,0.1465516322140137
20,ia_a,60,-0.1931085442510359,22.785922891596574,2.8016257548098604,180.4400576978172,70.59867773966188,0.06444338005188804,0.1505133301174282,0.10249749642667018,0.1465516322140137
20,va_a,2,0.03700749915444492,8.61352506861142,6.903749883018715,10.734663449604078,13.098538324743133,0.2922878090511884,0.20049263362912426,0.26232530081405886,0.2109330217469579
20,va_a,3,-0.25314997911428505,32.99510218731521,9.134235318520401,11.682839825573533,9.344849382849683,0.2922878090511884,0.20049263362912426,0.26232530081405886,0.2109330217469579
20,va_a,4,-0.06605795565189115,12.113694643471785,5.069373853081275,12.470133401007306,26.390927961657596,0.2922878090511884,0.20049263362912426,0.26232530081405886,0.2109330217469579
20,va_a,5,-0.2502693339839707,30.47474262297812,7.506581238411241,13.612394137149737,8.641301742511798,0.2922878090511884,0.20049263362912426,0.26232530081405886,0.2109330217469579
20,va_a,6,0.4783318485857146,2.500708397564956,1.7542856038072152,1.1691594725589791,3.811384876907052,0.2922878090511884,0.20049263362912426,0.26232530081405886,0.2109330217469579
20,va_a,7,-1.0604774776444814,46.012102858878116,4.78120583537178,199.4664465351379,39.37958920266383,0.2922878090511884,0.20049263362912426,0.26232530081405886,0.2109330217469579
20,va_a,8,-0.6031568991150831,18.49266242267305,3.079182776821171,33.6245456985349,18.507339435497066,0.2922878090511884,0.20049263362912426,0.26232530081405886,0.2109330217469579
20,va_a,9,-0.4803527829117795,5.26212988396772,17.595812940149024,41.797942289364265,15.53800701958563,0.2922878090511884,0.20049263362912426,0.26232530081405886,0.2109330217469579
20,va_a,10,-0.9523151351373768,8.224961567072778,9.119178058998617,84.66370588214538,39.54421743948703,0.2922878090511884,0.20049263362912426,0.26232530081405886,0.2109330217469579
20,va_a,11,0.7350629368185324,19.160214205878376,12.426333345248867,28.642057811546692,8.529422680315776,0.2922878090511884,0.20049263362912426,0.26232530081405886,0.2109330217469579
20,va_a,12,-1.4601137848857557,9.729749566784308,2.6685956074035317,107.81890506030146,38.73448170133289,0.2922878090511884,0.20049263362912426,0.26232530081405886,0.2109330217469579
20,va_a,13,-0.08537898382887818,22.889152258802195,4.090931684351476,39.09760302051543,20.7640557316766,0.2922878090511884,0.20049263362912426,0.26232530081405886,0.2109330217469579
20,va_a,14,0.054304987632287145,15.91485273953786,4.768373156091324,25.572509476715567,11.609716850827347,0.2922878090511884,0.20049263362912426,0.26232530081405886,0.2109330217469579
20,va_a,15,-0.3568335245264825,19.89610819992861,18.212130945584786,40.582586703398405,43.19753746186976,0.2922878090511884,0.20049263362912426,0.26232530081405886,0.2109330217469579
20,va_a,16,-1.201644113329203,6.273290042372558,4.310671749542867,67.38397296254702,31.675828639118134,0.2922878090511884,0.20049263362912426,0.26232530081405886,0.2109330217469579
20,va_a,17,1.8091811152397594,22.042513273980287,9.104867583394055,120.39611960691691,65.44005678204186,0.2922878090511884,0.20049263362912426,0.26232530081405886,0.2109330217469579
20,va_a,18,-0.023343394901844314,31.680904316393327,4.348818574687407,15.129574361036594,31.448386023014958,0.2922878090511884,0.20049263362912426,0.26232530081405886,0.2109330217469579
20,va_a,19,0.06986453862106703,28.345309551358554,9.183872802385103,36.85628914230149,7.285143424717192,0.2922878090511884,0.20049263362912426,0.26232530081405886,0.2109330217469579
20,va_a,20,0.6906013486031829,0.9639432067278375,1.8470702403992567,46.27995672647062,2.4954963851082765,0.2922878090511884,0.20049263362912426,0.26232530081405886,0.2109330217469579
20,va_a,21,-0.9025585266838354,16.26374613429154,9.70100174960332,109.63782329152104,49.14306154449583,0.2922878090511884,0.20049263362912426,0.26232530081405886,0.2109330217469579
20,va_a,22,0.20347348499921114,1.8834220203468819,1.0182105121245135,28.85448795011684,10.136993572274218,0.2922878090511884,0.20049263362912426,0.26232530081405886,0.2109330217469579
20,va_a,23,0.04216596264703187,0.5450792787448427,0.8064795530828939,21.45931880390336,5.2664721135862935,0.2922878090511884,0.20049263362912426,0.26232530081405886,0.2109330217469579
20,va_a,24,-0.290306660061399,94.68912462908264,11.36444428107642,31.706269302806653,91.9575511765462,0.2922878090511884,0.20049263362912426,0.26232530081405886,0.2109330217469579
20,va_a,25,0.33469865157499673,9.286905150670728,3.3432329814754245,10.453415145968654,12.035463795328743,0.2922878090511884,0.20049263362912426,0.26232530081405886,0.2109330217469579
20,va_a,26,0.5772197264231802,14.016373767647003,6.301213517941289,27.110258851741467,41.246031061564544,0.2922878090511884,0.20049263362912426,0.26232530081405886,0.2109330217469579
20,va_a,27,-0.3007328270199365,22.48693128303879,5.4095733263819685,29.092777698073526,21.64143424550472,0.2922878090511884,0.20049263362912426,0.26232530081405886,0.2109330217469579
20,va_a,28,0.312613839321777,37.197019333957925,8.686743272610892,7.7699464164444265,41.27095811247143,0.2922878090511884,0.20049263362912426,0.26232530081405886,0.2109330217469579
20,va_a,29,2.3535158020560387,15.915200819803406,7.058175312851819,149.3991282014278,80.94430893850625,0.2922878090511884,0.20049263362912426,0.26232530081405886,0.2109330217469579
20,va_a,30,0.4639434595183134,10.828316470213466,11.026069905754564,159.30839130735993,50.49912519055879,0.2922878090511884,0.20049263362912426,0.26232530081405886,0.2109330217469579
20,va_a,31,1.0914112340276254,14.05450349707923,3.440240868557826,96.22867814388644,42.62612107400998,0.2922878090511884,0.20049263362912426,0.26232530081405886,0.2109330217469579
20,va_a,32,0.10571236200144184,3.803386345450629,7.684817131881604,37.152965043680354,2.9313663376928942,0.2922878090511884,0.20049263362912426,0.26232530081405886,0.2109330217469579
20,va_a,33,0.9337761917221524,1.4742775769999934,8.016385572243873,33.50671332554391,52.32322932630538,0.2922878090511884,0.20049263362912426,0.26232530081405886,0.2109330217469579
20,va_a,34,-0.2560079090881758,2.565097651161086,4.469951953710798,29.43246834346732,26.227822150366833,0.2922878090511884,0.20049263362912426,0.26232530081405886,0.2109330217469579
20,va_a,35,0.2046104611040127,22.73448180708117,7.966936049059005,13.738532519983226,10.401168037018351,0.2922878090511884,0.20049263362912426,0.26232530081405886,0.2109330217469579
20,va_a,36,0.33813829025346626,3.5976678754864717,2.0135759207592483,38.9516682113681,10.736212469959023,0.2922878090511884,0.20049263362912426,0.26232530081405886,0.2109330217469579
20,va_a,37,-0.10463572982114953,67.92903595265909,5.2038882731991905,14.692400223961094,71.33209106047934,0.2922878090511884,0.20049263362912426,0.26232530081405886,0.2109330217469579
20,va_a,38,0.14947322884698336,35.10627327539615,5.331198081815044,8.08417045191791,22.471561829852163,0.2922878090511884,0.20049263362912426,0.26232530081405886,0.2109330217469579
20,va_a,39,0.4223037930814196,2.5417660151733514,0.9989158847443864,12.457153412276224,10.633038764444295,0.2922878090511884,0.20049263362912426,0.26232530081405886,0.2109330217469579
20,va_a,40,0.7701894855104505,32.58886824838302,11.329665913482387,222.40217973262335,184.54307919184077,0.2922878090511884,0.20049263362912426,0.26232530081405886,0.2109330217469579
20,va_a,41,0.5597832162301098,13.02052638362784,3.7022013906309907,67.05648373032534,34.06900984354551,0.2922878090511884,0.20049263362912426,0.26232530081405886,0.2109330217469579
20,va_a,42,-0.05036533506157085,15.27328349612029,6.80660838671761,6.815851919119612,13.549367439919788,0.2922878090511884,0.20049263362912426,0.26232530081405886,0.2109330217469579
20,va_a,43,0.6090519380530675,1.7625088527720694,3.1537881822294227,119.13132148732467,22.044264765461598,0.2922878090511884,0.20049263362912426,0.26232530081405886,0.2109330217469579
20,va_a,44,-0.23498167528338115,2.91529877612856,9.84907360109067,52.1912383131818,10.36341937661473,0.2922878090511884,0.20049263362912426,0.26232530081405886,0.2109330217469579
20,va_a,45,-0.32349787002332137,1.4225387287490177,3.224925074203408,13.262497088995405,7.2388313900236945,0.2922878090511884,0.20049263362912426,0.26232530081405886,0.2109330217469579
20,va_a,46,-0.4750385771900325,31.126839869473223,2.5953131989275686,4.124212958974727,5.501371037374996,0.2922878090511884,0.20049263362912426,0.26232530081405886,0.2109330217469579
20,va_a,47,0.1073253608431652,9.496143533334966,10.14490022205144,71.15356219447855,73.11075252960703,0.2922878090511884,0.20049263362912426,0.26232530081405886,0.2109330217469579
20,va_a,48,0.5908873812537119,15.16703801534943,13.393817469400593,61.43960142859219,32.264394721443786,0.2922878090511884,0.20049263362912426,0.26232530081405886,0.2109330217469579
20,va_a,49,0.3251738934616112,4.354594229126233,2.1362761784738664,117.11228866721144,9.883972800947241,0.2922878090511884,0.20049263362912426,0.26232530081405886,0.2109330217469579
20,va_a,50,-0.5136277749178652,9.84721933690979,3.178630736485202,85.83169472743336,31.5535415641867,0.2922878090511884,0.20049263362912426,0.26232530081405886,0.2109330217469579
20,va_a,51,-0.1650354973486017,10.057616486808783,5.478517925727101,28.49012187269336,6.3460298368887305,0.2922878090511884,0.20049263362912426,0.26232530081405886,0.2109330217469579
20,va_a,52,1.2016228117583008,39.31466295426332,12.260962986162658,17.245752173508414,15.415827409983555,0.2922878090511884,0.20049263362912426,0.26232530081405886,0.2109330217469579
20,va_a,53,0.7548700487663602,16.93777542001264,2.4730822221707878,29.780912506182695,19.021716471092546,0.2922878090511884,0.20049263362912426,0.26232530081405886,0.2109330217469579
20,va_a,54,0.1587106522658049,13.222732539895963,6.165703914498122,31.59576805477672,33.05691689192944,0.2922878090511884,0.20049263362912426,0.26232530081405886,0.2109330217469579
20,va_a,55,0.3408866178427089,21.859524156563687,8.530183599362998,15.821284752476975,25.32679592042857,0.2922878090511884,0.20049263362912426,0.26232530081405886,0.2109330217469579
20,va_a,56,-0.03829429274762879,7.108973223399665,2.810414831218521,38.31022360308194,9.58844273401565,0.2922878090511884,0.20049263362912426,0.26232530081405886,0.2109330217469579
20,va_a,60,0.9113813687242635,53.44646597732125,5.825157461964537,22.332603406959812,45.06872503021471,0.2922878090511884,0.20049263362912426,0.26232530081405886,0.2109330217469579
