subject,condition,trial,band,angle_rad
10,a50_an,1,Delta,3.151158236076356
10,a50_an,2,Delta,2.497830149557833
10,a50_an,3,Delta,2.9975479058594416
10,a50_an,4,Delta,4.4906008270785405
10,a50_an,5,Delta,2.1179294378768607
10,a50_an,6,Delta,2.3553255763953755
10,a50_an,7,Delta,6.077537798574982
10,a50_an,8,Delta,5.555280637865334
10,a50_an,9,Delta,1.260427142888784
10,a50_an,10,Delta,2.222060256842134
10,a50_an,11,Delta,1.6920348851888771
10,a50_an,12,Delta,4.532048842224108
10,a50_an,13,Delta,1.4264953817034254
10,a50_an,14,Delta,1.642085762608221
10,a50_an,15,Delta,3.09472918578456
10,a50_an,16,Delta,1.889409924641044
10,a50_an,17,Delta,4.875695069503452
10,a50_an,18,Delta,5.006321889609415
10,a50_an,19,Delta,2.36045612796025
10,a50_an,20,Delta,1.587896673754656
10,a50_an,21,Delta,5.762996603569853
10,a50_an,22,Delta,1.6335839800499445
10,a50_an,23,Delta,3.839745590579851
10,a50_an,24,Delta,2.679883148774741
10,a50_an,25,Delta,3.8757319567668422
10,a50_an,26,Delta,1.5515555879041207
10,a50_an,27,Delta,6.260126018841675
10,a50_an,28,Delta,1.676965903554219
10,a50_an,29,Delta,5.380534931199157
10,a50_an,30,Delta,2.9532588482194453
10,a50_an,1,Theta,3.8190386619887366
10,a50_an,2,Theta,3.825216309635319
10,a50_an,3,Theta,2.60124347351123
10,a50_an,4,Theta,4.573305010334524
10,a50_an,5,Theta,1.8717769112032152
10,a50_an,6,Theta,3.7699166478003754
10,a50_an,7,Theta,1.2935798238868461
10,a50_an,8,Theta,5.239818362725481
10,a50_an,9,Theta,0.5782685562230421
10,a50_an,10,Theta,3.8639601845313303
10,a50_an,11,Theta,1.827069794147449
10,a50_an,12,Theta,4.526650588271121
10,a50_an,13,Theta,1.4791718950670825
10,a50_an,14,Theta,0.6804477430502669
10,a50_an,15,Theta,3.3445018305431597
10,a50_an,16,Theta,2.3472518332129213
10,a50_an,17,Theta,5.54600343034763
10,a50_an,18,Theta,5.354998045092441
10,a50_an,19,Theta,2.5266861137723127
10,a50_an,20,Theta,1.2636144468960073
10,a50_an,21,Theta,5.611740244571988
10,a50_an,22,Theta,5.033871566890715
10,a50_an,23,Theta,1.8576753936556867
10,a50_an,24,Theta,2.8585594086305504
10,a50_an,25,Theta,4.082806846108154
10,a50_an,26,Theta,1.4560136218401174
10,a50_an,27,Theta,0.02203715534221843
10,a50_an,28,Theta,1.5831011424451564
10,a50_an,29,Theta,5.151439372535864
10,a50_an,30,Theta,2.8556164058437643
10,a50_an,1,Alpha,3.473841865027867
10,a50_an,2,Alpha,4.306712423607996
10,a50_an,3,Alpha,1.6852491314386804
10,a50_an,4,Alpha,3.6008816676057083
10,a50_an,5,Alpha,2.55709237158371
10,a50_an,6,Alpha,4.906799116383565
10,a50_an,7,Alpha,1.7576616626604518
10,a50_an,8,Alpha,2.3124922398361267
10,a50_an,9,Alpha,2.3347704887337932
10,a50_an,10,Alpha,5.956830728448493
10,a50_an,11,Alpha,1.0139401100193663
10,a50_an,12,Alpha,5.835460709017547
10,a50_an,13,Alpha,3.3127217090919783
10,a50_an,14,Alpha,0.04214279431832176
10,a50_an,15,Alpha,3.0060098603967544
10,a50_an,16,Alpha,1.2735655958804326
10,a50_an,17,Alpha,0.3247788280970989
10,a50_an,18,Alpha,6.057786058710223
10,a50_an,19,Alpha,0.8010422985523437
10,a50_an,20,Alpha,1.433497551592329
10,a50_an,21,Alpha,3.6168654912362816
10,a50_an,22,Alpha,5.24214714507603
10,a50_an,23,Alpha,0.9580338901038891
10,a50_an,24,Alpha,2.948909057735017
10,a50_an,25,Alpha,4.667536309867869
10,a50_an,26,Alpha,4.704890071249993
10,a50_an,27,Alpha,0.03977275590636935
10,a50_an,28,Alpha,2.2326232790609994
10,a50_an,29,Alpha,1.788057015332035
10,a50_an,30,Alpha,0.7313136758878475
10,a50_an,1,Beta,5.650055107883598
10,a50_an,2,Beta,5.020606926566749
10,a50_an,3,Beta,0.8592206353222406
10,a50_an,4,Beta,1.6387290579919327
10,a50_an,5,Beta,0.4356578442665539
10,a50_an,6,Beta,5.720045876517368
10,a50_an,7,Beta,5.2500138887291685
10,a50_an,8,Beta,0.9819331686472524
10,a50_an,9,Beta,1.7283326273951545
10,a50_an,10,Beta,5.530515847874405
10,a50_an,11,Beta,1.0276988703304142
10,a50_an,12,Beta,0.6455048730493014
10,a50_an,13,Beta,3.914619835512364
10,a50_an,14,Beta,2.6448157807569674
10,a50_an,15,Beta,1.6522443383858976
10,a50_an,16,Beta,0.4738224188836005
10,a50_an,17,Beta,5.824243015307133
10,a50_an,18,Beta,1.2894938013363406
10,a50_an,19,Beta,2.811040831272569
10,a50_an,20,Beta,0.5455077398343162
10,a50_an,21,Beta,2.425943505048692
10,a50_an,22,Beta,1.4250028128383776
10,a50_an,23,Beta,2.203887152046879
10,a50_an,24,Beta,2.8717311640908303
10,a50_an,25,Beta,1.8278621839465703
10,a50_an,26,Beta,4.592411384875584
10,a50_an,27,Beta,0.017975268360100754
10,a50_an,28,Beta,6.042285704650283
10,a50_an,29,Beta,1.101357665905544
10,a50_an,30,Beta,0.49571645419833166
10,a75_an,1,Delta,2.9621005476261972
10,a75_an,2,Delta,2.060575227073575
10,a75_an,3,Delta,3.110370137806211
10,a75_an,4,Delta,2.2021018325039154
10,a75_an,5,Delta,3.0873708022769564
10,a75_an,6,Delta,4.988361029822017
10,a75_an,7,Delta,4.804624046302726
10,a75_an,8,Delta,1.5041758258289493
10,a75_an,9,Delta,1.1818426927433687
10,a75_an,10,Delta,5.827456414952287
10,a75_an,11,Delta,3.254139115448455
10,a75_an,12,Delta,4.196086942149558
10,a75_an,13,Delta,5.185922061570162
10,a75_an,15,Delta,4.995541248382686
10,a75_an,1,Theta,3.2171826759959754
10,a75_an,2,Theta,2.2286326718966447
10,a75_an,3,Theta,3.4956202974540314
10,a75_an,4,Theta,0.12028007128989339
10,a75_an,5,Theta,3.547092080611148
10,a75_an,6,Theta,5.047953977417906
10,a75_an,7,Theta,4.400291838303351
10,a75_an,8,Theta,0.017873578026265494
10,a75_an,9,Theta,0.781429822725772
10,a75_an,10,Theta,5.676403322234059
10,a75_an,11,Theta,3.3575206837987923
10,a75_an,12,Theta,4.061469749452656
10,a75_an,13,Theta,5.420471283943441
10,a75_an,15,Theta,5.051397806184475
10,a75_an,1,Alpha,1.3377079828200524
10,a75_an,2,Alpha,0.622064437416557
10,a75_an,3,Alpha,6.093080481751414
10,a75_an,4,Alpha,0.00035378796220964816
10,a75_an,5,Alpha,0.36025319849072185
10,a75_an,6,Alpha,2.921251795058909
10,a75_an,7,Alpha,2.3078810482849628
10,a75_an,8,Alpha,3.626517397744777
10,a75_an,9,Alpha,3.0387557030533845
10,a75_an,10,Alpha,3.1284176060530764
10,a75_an,11,Alpha,5.875014439796055
10,a75_an,12,Alpha,1.3336184097818446
10,a75_an,13,Alpha,3.151829006114278
10,a75_an,15,Alpha,2.808651295572643
10,a75_an,1,Beta,2.7540498396152078
10,a75_an,2,Beta,5.949366516919685
10,a75_an,3,Beta,5.597981960456125
10,a75_an,4,Beta,1.629612726961693
10,a75_an,5,Beta,3.0749833957841464
10,a75_an,6,Beta,4.120198724105381
10,a75_an,7,Beta,2.4986980183487018
10,a75_an,8,Beta,3.8566142380734183
10,a75_an,9,Beta,1.6819593792955896
10,a75_an,10,Beta,1.8188838275401098
10,a75_an,11,Beta,5.497552336828068
10,a75_an,12,Beta,2.015375980538248
10,a75_an,13,Beta,4.7953654843416444
10,a75_an,15,Beta,3.2739893549975667
11,a50_an,1,Delta,2.359123491943993
11,a50_an,2,Delta,2.314000371460466
11,a50_an,3,Delta,0.9594246012609263
11,a50_an,4,Delta,2.3539910768076617
11,a50_an,5,Delta,5.321377838321382
11,a50_an,6,Delta,4.534342334577473
11,a50_an,7,Delta,2.1445600948167347
11,a50_an,8,Delta,4.592041861334581
11,a50_an,9,Delta,2.1606923127666193
11,a50_an,10,Delta,3.059873088009374
11,a50_an,11,Delta,5.867344403689701
11,a50_an,12,Delta,5.093937578506773
11,a50_an,13,Delta,0.8416923570730556
11,a50_an,14,Delta,5.520205483780285
11,a50_an,15,Delta,3.9796183063960475
11,a50_an,16,Delta,4.005486931523596
11,a50_an,17,Delta,4.501986865852244
11,a50_an,18,Delta,4.724113176833193
11,a50_an,19,Delta,2.684427228737234
11,a50_an,20,Delta,4.511570759270641
11,a50_an,21,Delta,5.268705942845889
11,a50_an,22,Delta,4.586981204641949
11,a50_an,23,Delta,1.8967823491986135
11,a50_an,24,Delta,3.3195557961665676
11,a50_an,25,Delta,2.749463060749827
11,a50_an,26,Delta,3.7683331772381683
11,a50_an,27,Delta,4.189170309178564
11,a50_an,28,Delta,2.995044015953717
11,a50_an,29,Delta,3.088512156977937
11,a50_an,30,Delta,1.5081140980881484
11,a50_an,1,Theta,2.8881952702605385
11,a50_an,2,Theta,5.359733193623408
11,a50_an,3,Theta,0.006262327510096027
11,a50_an,4,Theta,2.1513786126266075
11,a50_an,5,Theta,5.507432760624381
11,a50_an,6,Theta,4.17529009129019
11,a50_an,7,Theta,2.19469200503161
11,a50_an,8,Theta,6.118445454369028
11,a50_an,9,Theta,2.0310281045592147
11,a50_an,10,Theta,2.9452257643703073
11,a50_an,11,Theta,1.6589165140676632
11,a50_an,12,Theta,5.304394070952519
11,a50_an,13,Theta,0.9166083201300473
11,a50_an,14,Theta,0.602205884276659
11,a50_an,15,Theta,4.116415928386135
11,a50_an,16,Theta,4.0792764761848765
11,a50_an,17,Theta,3.6774680907433464
11,a50_an,18,Theta,4.952583799632011
11,a50_an,19,Theta,2.052881917408991
11,a50_an,20,Theta,4.423893957392217
11,a50_an,21,Theta,0.0825157989032539
11,a50_an,22,Theta,4.909491885524529
11,a50_an,23,Theta,2.0485841741303936
11,a50_an,24,Theta,4.083309363817122
11,a50_an,25,Theta,2.656581845738847
11,a50_an,26,Theta,2.557889017126223
11,a50_an,27,Theta,4.460821743201206
11,a50_an,28,Theta,2.8652722590541635
11,a50_an,29,Theta,3.139668360368274
11,a50_an,30,Theta,2.2854262805174046
11,a50_an,1,Alpha,1.017469145638239
11,a50_an,2,Alpha,2.921029832423399
11,a50_an,3,Alpha,1.976417239967171
11,a50_an,4,Alpha,1.3544858399163382
11,a50_an,5,Alpha,2.9099210673889813
11,a50_an,6,Alpha,2.708089704242748
11,a50_an,7,Alpha,1.5881713058104117
11,a50_an,8,Alpha,5.04107580488986
11,a50_an,9,Alpha,1.4162453551683558
11,a50_an,10,Alpha,6.00888555984755
11,a50_an,11,Alpha,4.170684706303135
11,a50_an,12,Alpha,0.8394982152236259
11,a50_an,13,Alpha,4.882996031472008
11,a50_an,14,Alpha,4.353878959179445
11,a50_an,15,Alpha,3.5422927441023617
11,a50_an,16,Alpha,2.6387573195638474
11,a50_an,17,Alpha,4.620194546417886
11,a50_an,18,Alpha,3.02938246394046
11,a50_an,19,Alpha,4.276978647352276
11,a50_an,20,Alpha,1.9590122464522468
11,a50_an,21,Alpha,1.575186678910932
11,a50_an,22,Alpha,3.2662467006508233
11,a50_an,23,Alpha,3.7975693675553224
11,a50_an,24,Alpha,4.999845256484354
11,a50_an,25,Alpha,4.479337538801479
11,a50_an,26,Alpha,2.538177786968107
11,a50_an,27,Alpha,1.743456315342396
11,a50_an,28,Alpha,3.7170949370888393
11,a50_an,29,Alpha,5.932348292304699
11,a50_an,30,Alpha,4.196709216342792
11,a50_an,1,Beta,1.1438318137904042
11,a50_an,2,Beta,2.016240345814416
11,a50_an,3,Beta,4.115270469786301
11,a50_an,4,Beta,5.377370463900469
11,a50_an,5,Beta,3.0566605295291622
11,a50_an,6,Beta,4.9240337058384895
11,a50_an,7,Beta,2.151328022703104
11,a50_an,8,Beta,5.932238410947248
11,a50_an,9,Beta,1.7890938647076444
11,a50_an,10,Beta,5.359390075698057
11,a50_an,11,Beta,2.8287885603451874
11,a50_an,12,Beta,2.7315405482732706
11,a50_an,13,Beta,5.377352019421538
11,a50_an,14,Beta,5.089602827120018
11,a50_an,15,Beta,4.623726894927417
11,a50_an,16,Beta,4.04591515173195
11,a50_an,17,Beta,4.9598915031908914
11,a50_an,18,Beta,4.069457707171167
11,a50_an,19,Beta,3.0601514446487617
11,a50_an,20,Beta,3.4119330313632057
11,a50_an,21,Beta,5.584670984964826
11,a50_an,22,Beta,3.3033004458394855
11,a50_an,23,Beta,4.430244526241641
11,a50_an,24,Beta,3.4105136134271663
11,a50_an,25,Beta,4.981888319202016
11,a50_an,26,Beta,6.1830877792495
11,a50_an,27,Beta,1.4100660405142567
11,a50_an,28,Beta,4.999377187785484
11,a50_an,29,Beta,3.4893962653282835
11,a50_an,30,Beta,5.004343339162072
11,a75_an,1,Delta,1.061325242720572
11,a75_an,2,Delta,4.397533890412782
11,a75_an,3,Delta,3.909185550098287
11,a75_an,4,Delta,3.5292192210621125
11,a75_an,5,Delta,5.860447488041442
11,a75_an,6,Delta,2.6716061213860764
11,a75_an,7,Delta,1.6623449308326361
11,a75_an,8,Delta,2.020147596593659
11,a75_an,9,Delta,5.883327295064963
11,a75_an,10,Delta,5.133789374820437
11,a75_an,11,Delta,5.0514774936547004
11,a75_an,12,Delta,5.3729552957927345
11,a75_an,13,Delta,1.4375287225536102
11,a75_an,14,Delta,0.6988196925117847
11,a75_an,15,Delta,1.704568060005819
11,a75_an,1,Theta,0.797077717927864
11,a75_an,2,Theta,4.458372827629414
11,a75_an,3,Theta,3.3267834590074017
11,a75_an,4,Theta,3.6005818183415212
11,a75_an,5,Theta,5.705786776974413
11,a75_an,6,Theta,2.2350283247654326
11,a75_an,7,Theta,2.28051983238583
11,a75_an,8,Theta,1.297090793111708
11,a75_an,9,Theta,6.072245085015192
11,a75_an,10,Theta,4.892830632931275
11,a75_an,11,Theta,1.6439234649097596
11,a75_an,12,Theta,6.173836360393924
11,a75_an,13,Theta,0.9060123200322558
11,a75_an,14,Theta,0.7028135195084746
11,a75_an,15,Theta,1.9129827366155918
11,a75_an,1,Alpha,3.500016259067173
11,a75_an,2,Alpha,3.2777196588034316
11,a75_an,3,Alpha,2.0307762713888287
11,a75_an,4,Alpha,4.77260246281171
11,a75_an,5,Alpha,5.748971077562527
11,a75_an,6,Alpha,3.964262297202031
11,a75_an,7,Alpha,2.6146201960190654
11,a75_an,8,Alpha,1.3472634743202752
11,a75_an,9,Alpha,5.851392546661965
11,a75_an,10,Alpha,4.528904661202667
11,a75_an,11,Alpha,6.243588255693557
11,a75_an,12,Alpha,0.25534596585617947
11,a75_an,13,Alpha,0.5148131582087306
11,a75_an,14,Alpha,0.5488945176270278
11,a75_an,15,Alpha,2.100625311036365
11,a75_an,1,Beta,2.443360717632254
11,a75_an,2,Beta,2.7986121987063095
11,a75_an,3,Beta,5.147942477621499
11,a75_an,4,Beta,5.069304468467979
11,a75_an,5,Beta,0.9042038729300759
11,a75_an,6,Beta,2.8753608025150137
11,a75_an,7,Beta,4.600887838931647
11,a75_an,8,Beta,0.8853734521332131
11,a75_an,9,Beta,5.784907974886932
11,a75_an,10,Beta,3.572378008566235
11,a75_an,11,Beta,6.282713583835795
11,a75_an,12,Beta,4.233593027845107
11,a75_an,13,Beta,0.4109468615270101
11,a75_an,14,Beta,5.494956503196225
11,a75_an,15,Beta,2.315076267545233
12,a50_an,1,Delta,0.8669139240267122
12,a50_an,2,Delta,1.1123892014486563
12,a50_an,3,Delta,1.7814537161009358
12,a50_an,4,Delta,2.3490676957261245
12,a50_an,5,Delta,4.870827904589042
12,a50_an,6,Delta,5.209995274986776
12,a50_an,7,Delta,3.009741361499039
12,a50_an,8,Delta,4.732633556139524
12,a50_an,9,Delta,5.08677620527374
12,a50_an,10,Delta,4.295165484054546
12,a50_an,12,Delta,4.554388354944966
12,a50_an,13,Delta,4.481419413464096
12,a50_an,14,Delta,4.565364615218662
12,a50_an,15,Delta,1.7859011824036828
12,a50_an,16,Delta,0.6505869720083719
12,a50_an,17,Delta,1.2888358759072585
12,a50_an,18,Delta,4.865939899636318
12,a50_an,19,Delta,3.9104178728578463
12,a50_an,20,Delta,4.131149461618268
12,a50_an,21,Delta,5.128781341710349
12,a50_an,22,Delta,4.729028767483782
12,a50_an,23,Delta,1.6526695857061144
12,a50_an,24,Delta,0.054320284938608104
12,a50_an,25,Delta,3.429412125558904
12,a50_an,26,Delta,0.6760747643473144
12,a50_an,27,Delta,0.4756400173579172
12,a50_an,28,Delta,1.0146363412769226
12,a50_an,29,Delta,4.481501387267602
12,a50_an,30,Delta,5.032045026352989
12,a50_an,1,Theta,0.2588083135856877
12,a50_an,2,Theta,0.9420121225166419
12,a50_an,3,Theta,1.6025414625593302
12,a50_an,4,Theta,2.6503082843727883
12,a50_an,5,Theta,0.21065520597721363
12,a50_an,6,Theta,4.872642162286596
12,a50_an,7,Theta,2.716735748102534
12,a50_an,8,Theta,4.3334303780757955
12,a50_an,9,Theta,5.729701393629862
12,a50_an,10,Theta,1.995026053389517
12,a50_an,12,Theta,0.042595976551682235
12,a50_an,13,Theta,3.9176767049231005
12,a50_an,14,Theta,3.172701023684481
12,a50_an,15,Theta,2.032960634334496
12,a50_an,16,Theta,0.537652620207279
12,a50_an,17,Theta,1.4984950407512543
12,a50_an,18,Theta,5.266803857074789
12,a50_an,19,Theta,3.112345294766588
12,a50_an,20,Theta,4.587013183462097
12,a50_an,21,Theta,5.013483168216571
12,a50_an,22,Theta,4.414118563534141
12,a50_an,23,Theta,2.376063228121583
12,a50_an,24,Theta,0.12998114872710298
12,a50_an,25,Theta,2.710678531011456
12,a50_an,26,Theta,5.608191028149809
12,a50_an,27,Theta,6.154355383528822
12,a50_an,28,Theta,5.398351502697523
12,a50_an,29,Theta,3.6633739006225845
12,a50_an,30,Theta,4.598170264760603
12,a50_an,1,Alpha,4.271859420660273
12,a50_an,2,Alpha,0.16551765979788652
12,a50_an,3,Alpha,1.021281384904217
12,a50_an,4,Alpha,1.2221480337631692
12,a50_an,5,Alpha,4.893409030424964
12,a50_an,6,Alpha,3.993064628718468
12,a50_an,7,Alpha,6.1684672046795415
12,a50_an,8,Alpha,1.0129520748509346
12,a50_an,9,Alpha,1.825881010531884
12,a50_an,10,Alpha,4.142509659880748
12,a50_an,12,Alpha,0.36158683912984607
12,a50_an,13,Alpha,4.381915424415001
12,a50_an,14,Alpha,1.0735169437405974
12,a50_an,15,Alpha,5.506104448265347
12,a50_an,16,Alpha,3.8728774319743446
12,a50_an,17,Alpha,0.06503995580784941
12,a50_an,18,Alpha,5.036796558955665
12,a50_an,19,Alpha,3.6398010354598824
12,a50_an,20,Alpha,5.952487220468828
12,a50_an,21,Alpha,5.4610893044894055
12,a50_an,22,Alpha,1.2895249073080088
12,a50_an,23,Alpha,4.977068946363416
12,a50_an,24,Alpha,5.8586814251197055
12,a50_an,25,Alpha,1.7350825102891179
12,a50_an,26,Alpha,5.758272580771396
12,a50_an,27,Alpha,0.4962546752842064
12,a50_an,28,Alpha,4.498827736988723
12,a50_an,29,Alpha,3.5225191371872655
12,a50_an,30,Alpha,4.673302296602689
12,a50_an,1,Beta,5.570166590928691
12,a50_an,2,Beta,5.322013429368553
12,a50_an,3,Beta,0.37722951001030275
12,a50_an,4,Beta,4.319184484341226
12,a50_an,5,Beta,0.6431848222093902
12,a50_an,6,Beta,3.4620498490930536
12,a50_an,7,Beta,1.7802424372278374
12,a50_an,8,Beta,0.50448116484842
12,a50_an,9,Beta,3.240726394089098
12,a50_an,10,Beta,3.5581514245858306
12,a50_an,12,Beta,0.5357114469401676
12,a50_an,13,Beta,5.609663399162551
12,a50_an,14,Beta,2.575320995317577
12,a50_an,15,Beta,3.090555644308351
12,a50_an,16,Beta,2.6945758160225166
12,a50_an,17,Beta,1.3871361291053161
12,a50_an,18,Beta,0.48519900583406367
12,a50_an,19,Beta,1.535549572721555
12,a50_an,20,Beta,4.1988020381373925
12,a50_an,21,Beta,3.6615906281503103
12,a50_an,22,Beta,6.07051254375419
12,a50_an,23,Beta,2.3506836849165467
12,a50_an,24,Beta,4.191926426140133
12,a50_an,25,Beta,0.14572768898226207
12,a50_an,26,Beta,0.5482126245858399
12,a50_an,27,Beta,4.536644182005438
12,a50_an,28,Beta,0.8597615496548362
12,a50_an,29,Beta,1.7967364398134447
12,a50_an,30,Beta,5.272730994186704
12,a75_an,1,Delta,5.204587792176808
12,a75_an,2,Delta,5.612863698371645
12,a75_an,3,Delta,3.690978059403576
12,a75_an,4,Delta,4.725403297154477
12,a75_an,5,Delta,0.037290087857955
12,a75_an,6,Delta,2.23342298529847
12,a75_an,7,Delta,0.47236012020232293
12,a75_an,8,Delta,2.957501852132346
12,a75_an,9,Delta,5.478783624475482
12,a75_an,10,Delta,4.418704638968493
12,a75_an,11,Delta,2.0906913658660864
12,a75_an,12,Delta,5.996722799570656
12,a75_an,13,Delta,5.122589799424289
12,a75_an,14,Delta,3.827909233257591
12,a75_an,15,Delta,1.074112769286268
12,a75_an,1,Theta,3.2146957092163113
12,a75_an,2,Theta,1.1783199574319403
12,a75_an,3,Theta,3.813656666319724
12,a75_an,4,Theta,4.452435606068137
12,a75_an,5,Theta,0.8631966412147986
12,a75_an,6,Theta,2.6703268576939876
12,a75_an,7,Theta,5.161890181590697
12,a75_an,8,Theta,2.7323888190408
12,a75_an,9,Theta,5.528478683925756
12,a75_an,10,Theta,4.329893032436148
12,a75_an,11,Theta,2.3263637038302765
12,a75_an,12,Theta,6.18742690200544
12,a75_an,13,Theta,4.7610660093991415
12,a75_an,14,Theta,3.7384163719947967
12,a75_an,15,Theta,1.5853987117786008
12,a75_an,1,Alpha,5.863677452358087
12,a75_an,2,Alpha,4.3904859025538165
12,a75_an,3,Alpha,5.567196947102533
12,a75_an,4,Alpha,3.030244586544339
12,a75_an,5,Alpha,3.9886980134391985
12,a75_an,6,Alpha,4.7657188968119675
12,a75_an,7,Alpha,0.32933454394927303
12,a75_an,8,Alpha,6.063768962067068
12,a75_an,9,Alpha,5.647235465819253
12,a75_an,10,Alpha,2.245670691513238
12,a75_an,11,Alpha,3.748948756424102
12,a75_an,12,Alpha,3.5206832001847586
12,a75_an,13,Alpha,3.448944539652961
12,a75_an,14,Alpha,3.547609566074295
12,a75_an,15,Alpha,4.9804845655450745
12,a75_an,1,Beta,3.33138828355777
12,a75_an,2,Beta,4.047701120723171
12,a75_an,3,Beta,1.0977896912035272
12,a75_an,4,Beta,0.688316962362746
12,a75_an,5,Beta,4.055963565417232
12,a75_an,6,Beta,4.778028682625448
12,a75_an,7,Beta,6.08293332201586
12,a75_an,8,Beta,5.830264227676316
12,a75_an,9,Beta,4.880086125389348
12,a75_an,10,Beta,2.1114002425327887
12,a75_an,11,Beta,3.6263081546279436
12,a75_an,12,Beta,3.2798443639586665
12,a75_an,13,Beta,3.641275442107073
12,a75_an,14,Beta,4.729644733973043
12,a75_an,15,Beta,5.834991270510366
13,a75_an,1,Delta,1.1840952616615528
13,a75_an,2,Delta,4.511564434117378
13,a75_an,3,Delta,4.070487603168093
13,a75_an,4,Delta,0.008227445246137373
13,a75_an,5,Delta,2.774693988133503
13,a75_an,6,Delta,2.436377777949233
13,a75_an,7,Delta,3.7079212167809477
13,a75_an,8,Delta,3.4562894391476378
13,a75_an,9,Delta,1.7691603999324526
13,a75_an,10,Delta,5.890886795691113
13,a75_an,11,Delta,4.653732342146114
13,a75_an,12,Delta,2.0213338840779467
13,a75_an,13,Delta,3.120421373280773
13,a75_an,14,Delta,5.842267553718582
13,a75_an,15,Delta,3.2937522877447103
13,a75_an,1,Theta,1.2066242174334831
13,a75_an,2,Theta,4.561876322345639
13,a75_an,3,Theta,3.6884944255399303
13,a75_an,4,Theta,0.25862365563060824
13,a75_an,5,Theta,2.391874035550537
13,a75_an,6,Theta,2.672107525922036
13,a75_an,7,Theta,3.2637371508467483
13,a75_an,8,Theta,3.9074541544265258
13,a75_an,9,Theta,1.1049788885125156
13,a75_an,10,Theta,5.650698781443816
13,a75_an,11,Theta,1.4790250832695664
13,a75_an,12,Theta,3.117796968364116
13,a75_an,13,Theta,3.12462574648792
13,a75_an,14,Theta,0.34601614738794395
13,a75_an,15,Theta,3.2143129552976584
13,a75_an,1,Alpha,5.91687254234656
13,a75_an,2,Alpha,2.5108511703843592
13,a75_an,3,Alpha,1.0178526545278381
13,a75_an,4,Alpha,6.27073510583134
13,a75_an,5,Alpha,5.604414477790613
13,a75_an,6,Alpha,5.986373066186015
13,a75_an,7,Alpha,4.078903368741434
13,a75_an,8,Alpha,3.36564867011051
13,a75_an,9,Alpha,1.0974196818978346
13,a75_an,10,Alpha,4.738135858320314
13,a75_an,11,Alpha,0.9237459316539268
13,a75_an,12,Alpha,6.191097843339359
13,a75_an,13,Alpha,3.3070069601013707
13,a75_an,14,Alpha,0.8592847698970328
13,a75_an,15,Alpha,1.6310945223253162
13,a75_an,1,Beta,0.3544635331723763
13,a75_an,2,Beta,4.784144157313216
13,a75_an,3,Beta,0.25237864760443984
13,a75_an,4,Beta,3.873326743784326
13,a75_an,5,Beta,6.247692189205936
13,a75_an,6,Beta,4.41507187356401
13,a75_an,7,Beta,5.0131369534428085
13,a75_an,8,Beta,4.253144468755792
13,a75_an,9,Beta,5.747842939988796
13,a75_an,10,Beta,0.0031532583282025796
13,a75_an,11,Beta,5.337908816413628
13,a75_an,12,Beta,2.6074611810055353
13,a75_an,13,Beta,2.683375719402546
13,a75_an,14,Beta,3.9818191184125293
13,a75_an,15,Beta,0.9170287510682437
13,a50_an,1,Delta,2.2273368034259984
13,a50_an,2,Delta,2.827153622937167
13,a50_an,3,Delta,4.297866253489554
13,a50_an,4,Delta,3.67735251449851
13,a50_an,5,Delta,1.6620409425658567
13,a50_an,6,Delta,4.941797291392777
13,a50_an,7,Delta,3.2630820523740627
13,a50_an,8,Delta,3.846411636921838
13,a50_an,9,Delta,0.125021790709195
13,a50_an,10,Delta,5.380226227301507
13,a50_an,11,Delta,3.173703656349404
13,a50_an,12,Delta,4.9035800618700796
13,a50_an,13,Delta,4.844581024181512
13,a50_an,14,Delta,4.697631414717006
13,a50_an,15,Delta,1.3413453745145272
13,a50_an,16,Delta,4.4830849086018345
13,a50_an,17,Delta,5.690484620570271
13,a50_an,18,Delta,1.5416675752227411
13,a50_an,19,Delta,1.361261019956028
13,a50_an,20,Delta,2.282470801973748
13,a50_an,21,Delta,4.620438929549869
13,a50_an,22,Delta,4.501582766720501
13,a50_an,23,Delta,2.0096425727654648
13,a50_an,24,Delta,1.4764640104795326
13,a50_an,25,Delta,2.6329079176971857
13,a50_an,26,Delta,4.452956758869309
13,a50_an,27,Delta,5.8661028479451005
13,a50_an,28,Delta,1.6158364173128017
13,a50_an,29,Delta,1.6017135932705822
13,a50_an,30,Delta,0.7575095635272244
13,a50_an,1,Theta,2.465454175852335
13,a50_an,2,Theta,4.980039415232836
13,a50_an,3,Theta,4.977593002623423
13,a50_an,4,Theta,3.8367417676531876
13,a50_an,5,Theta,1.7652742749023973
13,a50_an,6,Theta,4.006017398987157
13,a50_an,7,Theta,2.635910568288587
13,a50_an,8,Theta,4.180088977410615
13,a50_an,9,Theta,5.945059491686866
13,a50_an,10,Theta,5.291343568599008
13,a50_an,11,Theta,3.523052146214674
13,a50_an,12,Theta,4.856734963219305
13,a50_an,13,Theta,2.2785740933577614
13,a50_an,14,Theta,4.9225744420854705
13,a50_an,15,Theta,0.9567382716833878
13,a50_an,16,Theta,5.305049099623699
13,a50_an,17,Theta,5.083135593101777
13,a50_an,18,Theta,1.6338718157830525
13,a50_an,19,Theta,1.225232748275098
13,a50_an,20,Theta,1.8320020112895457
13,a50_an,21,Theta,4.348172274838741
13,a50_an,22,Theta,4.27835615512582
13,a50_an,23,Theta,2.49614591495634
13,a50_an,24,Theta,1.8451012813369287
13,a50_an,25,Theta,2.1817130232017976
13,a50_an,26,Theta,2.160078313264874
13,a50_an,27,Theta,5.681548626770253
13,a50_an,28,Theta,1.2671893902368092
13,a50_an,29,Theta,1.7172624230307871
13,a50_an,30,Theta,1.0011528525440725
13,a50_an,1,Alpha,3.3406080979591786
13,a50_an,2,Alpha,3.814214502231698
13,a50_an,3,Alpha,0.1305410859790283
13,a50_an,4,Alpha,4.165203885856531
13,a50_an,5,Alpha,1.74646081983133
13,a50_an,6,Alpha,2.8120863464478467
13,a50_an,7,Alpha,2.223591135959697
13,a50_an,8,Alpha,5.166250778953749
13,a50_an,9,Alpha,3.8628739727181176
13,a50_an,10,Alpha,4.840849685414332
13,a50_an,11,Alpha,3.872690491566124
13,a50_an,12,Alpha,3.3113257383524095
13,a50_an,13,Alpha,1.8614159361762967
13,a50_an,14,Alpha,0.12404754328440173
13,a50_an,15,Alpha,0.32927962037486336
13,a50_an,16,Alpha,4.191072556287263
13,a50_an,17,Alpha,2.2901294233951206
13,a50_an,18,Alpha,2.6278608162556383
13,a50_an,19,Alpha,2.5016219352454576
13,a50_an,20,Alpha,4.503246744277771
13,a50_an,21,Alpha,5.6368569064653204
13,a50_an,22,Alpha,3.146177547885387
13,a50_an,23,Alpha,0.2857750141431096
13,a50_an,24,Alpha,0.30221321852949945
13,a50_an,25,Alpha,4.0399117380046725
13,a50_an,26,Alpha,0.9209861272087796
13,a50_an,27,Alpha,0.13224438811639574
13,a50_an,28,Alpha,3.3854004516281706
13,a50_an,29,Alpha,1.3368401817307087
13,a50_an,30,Alpha,2.3141308558822535
13,a50_an,1,Beta,0.06880094080098173
13,a50_an,2,Beta,2.940018536497224
13,a50_an,3,Beta,0.19134901023629133
13,a50_an,4,Beta,1.7346701577494568
13,a50_an,5,Beta,4.09427644207706
13,a50_an,6,Beta,2.838682575606059
13,a50_an,7,Beta,0.04710419984707087
13,a50_an,8,Beta,4.8406731480122405
13,a50_an,9,Beta,2.0985784168293944
13,a50_an,10,Beta,4.463721535225611
13,a50_an,11,Beta,2.1693287209710386
13,a50_an,12,Beta,3.6886183974295084
13,a50_an,13,Beta,1.5153635342457388
13,a50_an,14,Beta,0.3154866191086695
13,a50_an,15,Beta,4.541363330548379
13,a50_an,16,Beta,5.703622509498249
13,a50_an,17,Beta,1.4597482542246465
13,a50_an,18,Beta,2.1986942473630284
13,a50_an,19,Beta,2.427502584310019
13,a50_an,20,Beta,1.2497267744354348
13,a50_an,21,Beta,6.000570438404377
13,a50_an,22,Beta,5.3840070977381576
13,a50_an,23,Beta,6.014423254060823
13,a50_an,24,Beta,6.117821218131605
13,a50_an,25,Beta,4.801313347418733
13,a50_an,26,Beta,1.6720584503999762
13,a50_an,27,Beta,5.074152426860015
13,a50_an,28,Beta,3.671089812886646
13,a50_an,29,Beta,5.659210692048453
13,a50_an,30,Beta,3.4417880321709022
14,a75_an,1,Delta,1.1977399691325503
14,a75_an,2,Delta,1.9523906408266005
14,a75_an,3,Delta,3.8030941685891864
14,a75_an,4,Delta,5.246944242130453
14,a75_an,5,Delta,3.1500547753970194
14,a75_an,6,Delta,5.559719856376033
14,a75_an,7,Delta,1.4876308116044674
14,a75_an,8,Delta,4.271552843824654
14,a75_an,9,Delta,4.502507972554138
14,a75_an,10,Delta,2.097572387881647
14,a75_an,11,Delta,4.7208842157117346
14,a75_an,12,Delta,4.7001773717324955
14,a75_an,13,Delta,0.12792393858690274
14,a75_an,14,Delta,2.2328141972869795
14,a75_an,15,Delta,4.687943401690343
14,a75_an,1,Theta,0.11803980897062451
14,a75_an,2,Theta,2.4189752273729823
14,a75_an,3,Theta,3.415518047077757
14,a75_an,4,Theta,4.887136578116143
14,a75_an,5,Theta,3.669050685099422
14,a75_an,6,Theta,5.550960753528792
14,a75_an,7,Theta,1.5603338056324092
14,a75_an,8,Theta,3.7088815134447395
14,a75_an,9,Theta,4.882394486045224
14,a75_an,10,Theta,3.048112504009538
14,a75_an,11,Theta,3.053354438462254
14,a75_an,12,Theta,4.508071232137309
14,a75_an,13,Theta,6.103850010005185
14,a75_an,14,Theta,2.905136319472516
14,a75_an,15,Theta,5.052309498281094
14,a75_an,1,Alpha,5.032450689072641
14,a75_an,2,Alpha,5.812690777473029
14,a75_an,3,Alpha,5.72858311772352
14,a75_an,4,Alpha,6.050745345284202
14,a75_an,5,Alpha,1.2613340618095557
14,a75_an,6,Alpha,1.1121770436992953
14,a75_an,7,Alpha,1.5185636137192324
14,a75_an,8,Alpha,1.4099839161855217
14,a75_an,9,Alpha,4.085638443945156
14,a75_an,10,Alpha,4.34530872546202
14,a75_an,11,Alpha,4.925001558645838
14,a75_an,12,Alpha,1.3373048970666177
14,a75_an,13,Alpha,0.1179168830096527
14,a75_an,14,Alpha,1.2020370916503857
14,a75_an,15,Alpha,4.989252430050701
14,a75_an,1,Beta,0.22462976048292513
14,a75_an,2,Beta,5.85134454101397
14,a75_an,3,Beta,4.662824541290198
14,a75_an,4,Beta,5.920975765489571
14,a75_an,5,Beta,4.109291036485918
14,a75_an,6,Beta,0.7076438644635044
14,a75_an,7,Beta,3.608331576403897
14,a75_an,8,Beta,1.814506190368752
14,a75_an,9,Beta,4.101915411177541
14,a75_an,10,Beta,5.415813340169411
14,a75_an,11,Beta,5.830458479677288
14,a75_an,12,Beta,2.2261201744960855
14,a75_an,13,Beta,3.0838968138233516
14,a75_an,14,Beta,3.7068517782029904
14,a75_an,15,Beta,0.383483816191971
14,a50_an,1,Delta,2.5815644475140913
14,a50_an,2,Delta,1.745742811488111
14,a50_an,3,Delta,2.173476316667642
14,a50_an,4,Delta,4.92394427687711
14,a50_an,5,Delta,2.320966354596096
14,a50_an,6,Delta,1.1792651853853175
14,a50_an,7,Delta,4.04507540601705
14,a50_an,8,Delta,1.6839373621907472
14,a50_an,9,Delta,1.2093817335137065
14,a50_an,10,Delta,0.16852153061827368
14,a50_an,11,Delta,1.689354865481098
14,a50_an,12,Delta,4.036596836367085
14,a50_an,13,Delta,1.8095409482567115
14,a50_an,14,Delta,2.000746168699015
14,a50_an,15,Delta,4.068292249157176
14,a50_an,16,Delta,5.161655103951039
14,a50_an,17,Delta,2.158349919577758
14,a50_an,18,Delta,4.613725586575991
14,a50_an,19,Delta,5.515966795787562
14,a50_an,20,Delta,2.695975004498265
14,a50_an,21,Delta,2.0394258745464358
14,a50_an,22,Delta,1.811141594047735
14,a50_an,23,Delta,4.469675332362733
14,a50_an,24,Delta,3.653191304678358
14,a50_an,25,Delta,4.876058070417544
14,a50_an,26,Delta,1.9101764359985505
14,a50_an,27,Delta,1.5050812210388738
14,a50_an,28,Delta,1.3205110116829577
14,a50_an,29,Delta,1.3028360315742828
14,a50_an,30,Delta,3.868873989274631
14,a50_an,1,Theta,3.890523204891908
14,a50_an,2,Theta,1.3754035055536016
14,a50_an,3,Theta,2.2948527340002403
14,a50_an,4,Theta,1.2791718682160187
14,a50_an,5,Theta,2.461004581011219
14,a50_an,6,Theta,1.4533938633330385
14,a50_an,7,Theta,4.074806406187109
14,a50_an,8,Theta,2.5085770947159993
14,a50_an,9,Theta,1.1424908349787868
14,a50_an,10,Theta,0.27943495048618455
14,a50_an,11,Theta,5.915339640393718
14,a50_an,12,Theta,3.724069803915972
14,a50_an,13,Theta,1.1581451339292117
14,a50_an,14,Theta,2.479427892587854
14,a50_an,15,Theta,5.833338522188371
14,a50_an,16,Theta,4.653697013734603
14,a50_an,17,Theta,2.2030028689508523
14,a50_an,18,Theta,5.133749821330179
14,a50_an,19,Theta,5.860285812532902
14,a50_an,20,Theta,3.1760209920567584
14,a50_an,21,Theta,1.9602740481608671
14,a50_an,22,Theta,2.148226276125849
14,a50_an,23,Theta,3.898888512166089
14,a50_an,24,Theta,4.199935048146177
14,a50_an,25,Theta,4.834998000741656
14,a50_an,26,Theta,3.2898482052260776
14,a50_an,27,Theta,2.541568986849351
14,a50_an,28,Theta,0.8900947925931451
14,a50_an,29,Theta,1.6999296410815299
14,a50_an,30,Theta,4.534728325109688
14,a50_an,1,Alpha,2.288079012377362
14,a50_an,2,Alpha,0.7365050159836427
14,a50_an,3,Alpha,3.7259486122865852
14,a50_an,4,Alpha,1.7344731214889095
14,a50_an,5,Alpha,1.4443613331650935
14,a50_an,6,Alpha,0.2277823466220762
14,a50_an,7,Alpha,2.160526427754688
14,a50_an,8,Alpha,2.9674387414768275
14,a50_an,9,Alpha,4.246014122521935
14,a50_an,10,Alpha,5.082328741122816
14,a50_an,11,Alpha,0.40327972795775047
14,a50_an,12,Alpha,2.0925328727056964
14,a50_an,13,Alpha,6.230367325967907
14,a50_an,14,Alpha,4.023865375865322
14,a50_an,15,Alpha,3.463087930470468
14,a50_an,16,Alpha,4.184738272573238
14,a50_an,17,Alpha,0.0340917968846177
14,a50_an,18,Alpha,5.654382381726988
14,a50_an,19,Alpha,2.11030647349998
14,a50_an,20,Alpha,6.282638683163681
14,a50_an,21,Alpha,5.791195402691362
14,a50_an,22,Alpha,4.280784170409502
14,a50_an,23,Alpha,4.1552623613124355
14,a50_an,24,Alpha,5.919037052323338
14,a50_an,25,Alpha,0.44937148787707254
14,a50_an,26,Alpha,5.00291494978794
14,a50_an,27,Alpha,2.286541884318133
14,a50_an,28,Alpha,0.12310161742068615
14,a50_an,29,Alpha,0.40877501182531206
14,a50_an,30,Alpha,5.053496399986635
14,a50_an,1,Beta,6.142106530142259
14,a50_an,2,Beta,4.500597876972391
14,a50_an,3,Beta,1.051428546573024
14,a50_an,4,Beta,0.10413480299139367
14,a50_an,5,Beta,5.810333505556607
14,a50_an,6,Beta,4.788258309222851
14,a50_an,7,Beta,1.2566331316955166
14,a50_an,8,Beta,2.3008489519963904
14,a50_an,9,Beta,3.713375073538598
14,a50_an,10,Beta,0.5666326881183779
14,a50_an,11,Beta,0.6787266511169918
14,a50_an,12,Beta,2.431131751787698
14,a50_an,13,Beta,2.9174053898728753
14,a50_an,14,Beta,4.674800751703106
14,a50_an,15,Beta,1.723365103768547
14,a50_an,16,Beta,4.930690216140281
14,a50_an,17,Beta,6.1999772524269705
14,a50_an,18,Beta,4.3156339430903525
14,a50_an,19,Beta,3.493695335289108
14,a50_an,20,Beta,1.6822841830501218
14,a50_an,21,Beta,5.399210287693095
14,a50_an,22,Beta,4.094399862489251
14,a50_an,23,Beta,4.297571222134295
14,a50_an,24,Beta,2.6387324687861793
14,a50_an,25,Beta,5.457184131859305
14,a50_an,26,Beta,5.035442147434488
14,a50_an,27,Beta,0.16885203831656814
14,a50_an,28,Beta,4.927880328139435
14,a50_an,29,Beta,4.657074713894342
14,a50_an,30,Beta,4.924767302506312
15,a75_an,1,Delta,4.7587590690582395
15,a75_an,2,Delta,1.6515722731838418
15,a75_an,3,Delta,4.5955388528347205
15,a75_an,4,Delta,0.6673755580910214
15,a75_an,5,Delta,4.506749261443322
15,a75_an,6,Delta,1.1111252950976456
15,a75_an,7,Delta,1.531100473218779
15,a75_an,8,Delta,2.2420320523647495
15,a75_an,9,Delta,4.610195118696332
15,a75_an,10,Delta,1.2255990460112445
15,a75_an,11,Delta,4.8430391505148505
15,a75_an,12,Delta,1.1080112069655306
15,a75_an,13,Delta,3.698194405305073
15,a75_an,14,Delta,4.3807489164528
15,a75_an,15,Delta,3.2514847823444515
15,a75_an,1,Theta,2.848333028141397
15,a75_an,2,Theta,2.276681531435925
15,a75_an,3,Theta,4.361658679557009
15,a75_an,4,Theta,0.3526429154033169
15,a75_an,5,Theta,2.372924286130123
15,a75_an,6,Theta,0.8287961111452868
15,a75_an,7,Theta,1.4257228506389692
15,a75_an,8,Theta,2.8424297429749497
15,a75_an,9,Theta,1.4613582437539188
15,a75_an,10,Theta,1.152992196169577
15,a75_an,11,Theta,4.980149637601736
15,a75_an,12,Theta,0.02600292631918562
15,a75_an,13,Theta,2.7579922449597056
15,a75_an,14,Theta,2.42098186752734
15,a75_an,15,Theta,2.789930172646345
15,a75_an,1,Alpha,3.4532946330247283
15,a75_an,2,Alpha,4.082969458715727
15,a75_an,3,Alpha,0.2192889912348069
15,a75_an,4,Alpha,4.108905718347703
15,a75_an,5,Alpha,0.20927849262923615
15,a75_an,6,Alpha,0.6973032973526456
15,a75_an,7,Alpha,0.5904359320066693
15,a75_an,8,Alpha,4.591856759749858
15,a75_an,9,Alpha,3.2409997074065897
15,a75_an,10,Alpha,5.204927190613175
15,a75_an,11,Alpha,6.030448883386608
15,a75_an,12,Alpha,6.069472723431671
15,a75_an,13,Alpha,4.89615636600668
15,a75_an,14,Alpha,1.0736102349914642
15,a75_an,15,Alpha,1.3566870373134723
15,a75_an,1,Beta,0.48680552473811933
15,a75_an,2,Beta,5.083047328926534
15,a75_an,3,Beta,4.186014315672065
15,a75_an,4,Beta,1.441123950903914
15,a75_an,5,Beta,1.6764253371440008
15,a75_an,6,Beta,1.3744612836341839
15,a75_an,7,Beta,1.8142433039343897
15,a75_an,8,Beta,4.89480394878209
15,a75_an,9,Beta,0.7793851353602322
15,a75_an,10,Beta,5.156209608161633
15,a75_an,11,Beta,0.9580455678702543
15,a75_an,12,Beta,5.034174327910408
15,a75_an,13,Beta,3.1640163033076165
15,a75_an,14,Beta,0.8438633358461456
15,a75_an,15,Beta,1.68949520870633
15,a50_an,1,Delta,1.8222059210313633
15,a50_an,2,Delta,1.2095921700267864
15,a50_an,3,Delta,5.507185166694249
15,a50_an,4,Delta,5.010375701194959
15,a50_an,5,Delta,5.645615039692521
15,a50_an,6,Delta,3.747220825037982
15,a50_an,7,Delta,1.3047928364827601
15,a50_an,8,Delta,4.362833026211813
15,a50_an,9,Delta,1.9721674518878765
15,a50_an,10,Delta,5.095452523425645
15,a50_an,11,Delta,4.134751925835305
15,a50_an,12,Delta,6.048854272176255
15,a50_an,13,Delta,0.9101543119004878
15,a50_an,14,Delta,0.720095032272921
15,a50_an,15,Delta,0.13871895077965257
15,a50_an,16,Delta,1.0289728808295384
15,a50_an,17,Delta,1.477854314951563
15,a50_an,18,Delta,0.36994056222705085
15,a50_an,19,Delta,1.424867363572284
15,a50_an,20,Delta,1.5568671557622857
15,a50_an,21,Delta,2.7339362419403725
15,a50_an,22,Delta,1.453527444426509
15,a50_an,23,Delta,2.94172781343037
15,a50_an,24,Delta,4.757415653390454
15,a50_an,25,Delta,1.3204535826760897
15,a50_an,26,Delta,5.463330079320071
15,a50_an,27,Delta,4.753707632819895
15,a50_an,28,Delta,2.9987672112948474
15,a50_an,29,Delta,1.7838660362387961
15,a50_an,30,Delta,1.227259242157671
15,a50_an,1,Theta,2.2060060068306595
15,a50_an,2,Theta,0.11885434176807068
15,a50_an,3,Theta,2.398651914602003
15,a50_an,4,Theta,0.675878296458266
15,a50_an,5,Theta,5.853103880698762
15,a50_an,6,Theta,3.0122693995700573
15,a50_an,7,Theta,1.2947512305320217
15,a50_an,8,Theta,5.107446060546855
15,a50_an,9,Theta,2.1400292736862867
15,a50_an,10,Theta,5.737072193436574
15,a50_an,11,Theta,4.212226484510127
15,a50_an,12,Theta,0.5489669405280303
15,a50_an,13,Theta,1.3468648064593853
15,a50_an,14,Theta,0.9560014094792416
15,a50_an,15,Theta,5.447863282122331
15,a50_an,16,Theta,1.494962249837498
15,a50_an,17,Theta,1.3604552321998067
15,a50_an,18,Theta,0.34291814175023455
15,a50_an,19,Theta,1.289262150732364
15,a50_an,20,Theta,1.80587430787444
15,a50_an,21,Theta,3.4927027762835956
15,a50_an,22,Theta,1.4819126863344971
15,a50_an,23,Theta,2.7643338294272053
15,a50_an,24,Theta,5.672247904979287
15,a50_an,25,Theta,1.7265579124868595
15,a50_an,26,Theta,5.211927229710646
15,a50_an,27,Theta,5.520445349761276
15,a50_an,28,Theta,3.123487985417038
15,a50_an,29,Theta,1.3266239740955907
15,a50_an,30,Theta,0.9104118210364873
15,a50_an,1,Alpha,1.073093292057598
15,a50_an,2,Alpha,2.3793351438963484
15,a50_an,3,Alpha,1.6464616429909498
15,a50_an,4,Alpha,1.001722668828509
15,a50_an,5,Alpha,2.68657182801294
15,a50_an,6,Alpha,2.075590342996292
15,a50_an,7,Alpha,1.2568123582682436
15,a50_an,8,Alpha,1.0726648916121797
15,a50_an,9,Alpha,0.3040009716578713
15,a50_an,10,Alpha,3.3374404499386587
15,a50_an,11,Alpha,3.9041860472442687
15,a50_an,12,Alpha,1.541041384757523
15,a50_an,13,Alpha,1.8234022654253925
15,a50_an,14,Alpha,1.0397236159969847
15,a50_an,15,Alpha,3.4086214902875205
15,a50_an,16,Alpha,1.9352135997923896
15,a50_an,17,Alpha,0.6173303551672429
15,a50_an,18,Alpha,1.8797694497303277
15,a50_an,19,Alpha,1.6802333025791447
15,a50_an,20,Alpha,4.271071889440346
15,a50_an,21,Alpha,5.32427565440695
15,a50_an,22,Alpha,3.239989328850251
15,a50_an,23,Alpha,2.8865629611637957
15,a50_an,24,Alpha,0.03399589037118278
15,a50_an,25,Alpha,2.0391320460507614
15,a50_an,26,Alpha,0.429597776991213
15,a50_an,27,Alpha,5.694177803278299
15,a50_an,28,Alpha,0.002405011154378467
15,a50_an,29,Alpha,1.1458090421399836
15,a50_an,30,Alpha,1.3174595338184854
15,a50_an,1,Beta,1.0076296496411392
15,a50_an,2,Beta,4.414915135931721
15,a50_an,3,Beta,3.217802083510347
15,a50_an,4,Beta,3.1421841826328567
15,a50_an,5,Beta,2.6174137467761067
15,a50_an,6,Beta,1.8553764037465221
15,a50_an,7,Beta,1.3318808978765269
15,a50_an,8,Beta,4.272635289653926
15,a50_an,9,Beta,1.1029414393005401
15,a50_an,10,Beta,2.55536035897391
15,a50_an,11,Beta,5.29237946959568
15,a50_an,12,Beta,1.563883481710013
15,a50_an,13,Beta,2.7728952908050135
15,a50_an,14,Beta,1.1275209206589416
15,a50_an,15,Beta,1.4741740210229983
15,a50_an,16,Beta,5.6624088992601775
15,a50_an,17,Beta,5.029628914688911
15,a50_an,18,Beta,1.0813769098354502
15,a50_an,19,Beta,1.6586735490094406
15,a50_an,20,Beta,0.5225434751672712
15,a50_an,21,Beta,5.275592314480961
15,a50_an,22,Beta,3.3773548015573085
15,a50_an,23,Beta,5.190515866108937
15,a50_an,24,Beta,1.9687695710155946
15,a50_an,25,Beta,3.6635254149472325
15,a50_an,26,Beta,5.931978273303233
15,a50_an,27,Beta,5.613092357431394
15,a50_an,28,Beta,3.964714497693362
15,a50_an,29,Beta,6.155016489421288
15,a50_an,30,Beta,5.793434642582534
16,a75_an,1,Delta,0.7439840005589585
16,a75_an,2,Delta,1.244139052653383
16,a75_an,3,Delta,2.6782928546123825
16,a75_an,4,Delta,6.134164683773888
16,a75_an,5,Delta,0.592441087324099
16,a75_an,6,Delta,1.123393422383794
16,a75_an,8,Delta,1.4414032362126024
16,a75_an,9,Delta,3.8322764477415014
16,a75_an,10,Delta,0.7814087077866663
16,a75_an,11,Delta,0.5875618082373686
16,a75_an,12,Delta,3.8641900742651205
16,a75_an,13,Delta,5.787721924001474
16,a75_an,14,Delta,0.08072241730095554
16,a75_an,15,Delta,1.4939482549420802
16,a75_an,1,Theta,0.8035445175791994
16,a75_an,2,Theta,3.224752318182064
16,a75_an,3,Theta,5.159336142833351
16,a75_an,4,Theta,6.116769546186413
16,a75_an,5,Theta,6.101489045512579
16,a75_an,6,Theta,0.9711723151406355
16,a75_an,8,Theta,1.4103177883348113
16,a75_an,9,Theta,4.244310626005843
16,a75_an,10,Theta,6.13840600212786
16,a75_an,11,Theta,0.7222842800520596
16,a75_an,12,Theta,4.730981019265777
16,a75_an,13,Theta,0.021234329191235402
16,a75_an,14,Theta,0.2146509612737432
16,a75_an,15,Theta,0.7949964625989645
16,a75_an,1,Alpha,5.9023100675805225
16,a75_an,2,Alpha,5.712832448315919
16,a75_an,3,Alpha,5.526677361684716
16,a75_an,4,Alpha,6.255042073865504
16,a75_an,5,Alpha,5.304870044723422
16,a75_an,6,Alpha,2.841548018551987
16,a75_an,8,Alpha,0.8194512697830454
16,a75_an,9,Alpha,3.618851934369377
16,a75_an,10,Alpha,5.497954570772869
16,a75_an,11,Alpha,3.2468489457961542
16,a75_an,12,Alpha,5.245450702522607
16,a75_an,13,Alpha,5.203232863298263
16,a75_an,14,Alpha,1.3002152300533019
16,a75_an,15,Alpha,6.0565809755447155
16,a75_an,1,Beta,0.2205911269053407
16,a75_an,2,Beta,2.6480709589745928
16,a75_an,3,Beta,2.468746497067466
16,a75_an,4,Beta,5.633467291240021
16,a75_an,5,Beta,2.7764009485761725
16,a75_an,6,Beta,0.501715348069227
16,a75_an,8,Beta,1.6368604424603628
16,a75_an,9,Beta,4.525956701599811
16,a75_an,10,Beta,5.463154511166552
16,a75_an,11,Beta,4.473018826515659
16,a75_an,12,Beta,5.18862717292524
16,a75_an,13,Beta,5.108435187667306
16,a75_an,14,Beta,2.2929600036001503
16,a75_an,15,Beta,4.418583503621463
16,a50_an,1,Delta,5.935614686287569
16,a50_an,2,Delta,4.157667552767684
16,a50_an,3,Delta,2.19096330334926
16,a50_an,4,Delta,5.377157188045811
16,a50_an,5,Delta,5.397686606208774
16,a50_an,6,Delta,1.0813388012620777
16,a50_an,7,Delta,0.9527814822005792
16,a50_an,8,Delta,5.261700781323828
16,a50_an,10,Delta,3.8233722413169247
16,a50_an,11,Delta,4.741104182618046
16,a50_an,12,Delta,4.5565683767078
16,a50_an,13,Delta,5.0722964848540135
16,a50_an,14,Delta,1.6577456216563071
16,a50_an,15,Delta,5.607085060293266
16,a50_an,16,Delta,1.9898002828766048
16,a50_an,17,Delta,5.253123051961927
16,a50_an,18,Delta,4.992479814716377
16,a50_an,19,Delta,4.131870982177061
16,a50_an,20,Delta,5.460957746182549
16,a50_an,21,Delta,6.068351899610413
16,a50_an,22,Delta,0.636841271806679
16,a50_an,23,Delta,1.6503242080258198
16,a50_an,24,Delta,0.7728243092551537
16,a50_an,25,Delta,2.255893064789111
16,a50_an,26,Delta,5.057255779473303
16,a50_an,27,Delta,4.0753894289825645
16,a50_an,28,Delta,4.411083776011457
16,a50_an,29,Delta,0.8848106457619068
16,a50_an,30,Delta,3.356680670623719
16,a50_an,1,Theta,5.711226569080688
16,a50_an,2,Theta,2.727740503125904
16,a50_an,3,Theta,2.3900379591889886
16,a50_an,4,Theta,5.440768869862443
16,a50_an,5,Theta,5.149612561425001
16,a50_an,6,Theta,0.829714661300202
16,a50_an,7,Theta,0.9989692053514686
16,a50_an,8,Theta,5.434265929501381
16,a50_an,10,Theta,3.6821179297248614
16,a50_an,11,Theta,5.275111296263434
16,a50_an,12,Theta,4.909043670707339
16,a50_an,13,Theta,5.896639152239485
16,a50_an,14,Theta,5.305091829012953
16,a50_an,15,Theta,5.390787052079619
16,a50_an,16,Theta,0.9389367815545431
16,a50_an,17,Theta,4.927832511431307
16,a50_an,18,Theta,4.958463553239075
16,a50_an,19,Theta,4.2002529619543605
16,a50_an,20,Theta,5.685666247786335
16,a50_an,21,Theta,6.080216213049611
16,a50_an,22,Theta,0.2831731036788276
16,a50_an,23,Theta,2.846310897209229
16,a50_an,24,Theta,4.444010666112488
16,a50_an,25,Theta,1.2708661101748482
16,a50_an,26,Theta,5.209047906220801
16,a50_an,27,Theta,3.6438566332017106
16,a50_an,28,Theta,4.211379312970832
16,a50_an,29,Theta,0.8713409868818547
16,a50_an,30,Theta,2.7187242809997203
16,a50_an,1,Alpha,5.90671294568044
16,a50_an,2,Alpha,2.8328149310161788
16,a50_an,3,Alpha,3.2085468500058054
16,a50_an,4,Alpha,5.998116895269584
16,a50_an,5,Alpha,3.7973626803279728
16,a50_an,6,Alpha,4.369925674574926
16,a50_an,7,Alpha,2.5855147510288035
16,a50_an,8,Alpha,6.116851962242515
16,a50_an,10,Alpha,2.184931407060597
16,a50_an,11,Alpha,5.9496214869549995
16,a50_an,12,Alpha,5.177515454079731
16,a50_an,13,Alpha,5.307135339056053
16,a50_an,14,Alpha,4.882107405465544
16,a50_an,15,Alpha,0.2518288482235578
16,a50_an,16,Alpha,5.67589540766838
16,a50_an,17,Alpha,1.6180247912581498
16,a50_an,18,Alpha,0.319505058335972
16,a50_an,19,Alpha,4.769760471871244
16,a50_an,20,Alpha,0.6244675319843672
16,a50_an,21,Alpha,4.31685552056801
16,a50_an,22,Alpha,4.800120892824822
16,a50_an,23,Alpha,3.376646363709412
16,a50_an,24,Alpha,4.469302144109821
16,a50_an,25,Alpha,3.1143987631432615
16,a50_an,26,Alpha,5.982097602040975
16,a50_an,27,Alpha,2.142969801928621
16,a50_an,28,Alpha,2.8500921348548087
16,a50_an,29,Alpha,3.0016527161697133
16,a50_an,30,Alpha,2.5526712828053757
16,a50_an,1,Beta,4.9656562101731
16,a50_an,2,Beta,2.735781641669909
16,a50_an,3,Beta,3.5643836222290055
16,a50_an,4,Beta,6.147192146398467
16,a50_an,5,Beta,4.759058956594117
16,a50_an,6,Beta,3.7735659892043807
16,a50_an,7,Beta,2.830093543783715
16,a50_an,8,Beta,2.675829823862652
16,a50_an,10,Beta,3.6773959420989044
16,a50_an,11,Beta,1.695578509688356
16,a50_an,12,Beta,3.4228827027148965
16,a50_an,13,Beta,4.525999235324853
16,a50_an,14,Beta,5.672260217077791
16,a50_an,15,Beta,6.129343923842899
16,a50_an,16,Beta,1.1244352869442549
16,a50_an,17,Beta,1.0793639600750364
16,a50_an,18,Beta,0.04347539968059988
16,a50_an,19,Beta,3.9846996013320277
16,a50_an,20,Beta,0.43938731826493416
16,a50_an,21,Beta,0.9789223482419893
16,a50_an,22,Beta,5.509340637512245
16,a50_an,23,Beta,3.6219087477217076
16,a50_an,24,Beta,6.007688382821164
16,a50_an,25,Beta,1.2849595214517018
16,a50_an,26,Beta,5.952612789928109
16,a50_an,27,Beta,3.3873278998279632
16,a50_an,28,Beta,4.121063428566429
16,a50_an,29,Beta,1.1934949875442384
16,a50_an,30,Beta,3.519111230127295
17,a75_an,1,Delta,3.7801538276150017
17,a75_an,2,Delta,5.464134839285555
17,a75_an,3,Delta,5.893806404720291
17,a75_an,4,Delta,5.126577506505846
17,a75_an,5,Delta,4.120074072816038
17,a75_an,6,Delta,0.031047267633381906
17,a75_an,7,Delta,4.467874729003458
17,a75_an,8,Delta,4.844425481242897
17,a75_an,9,Delta,4.205471608327924
17,a75_an,10,Delta,5.733374184091789
17,a75_an,11,Delta,6.270172427554479
17,a75_an,12,Delta,1.8092502732477227
17,a75_an,13,Delta,2.0953928724160518
17,a75_an,14,Delta,4.8294763409696415
17,a75_an,15,Delta,4.129490130016645
17,a75_an,1,Theta,3.0288657885421877
17,a75_an,2,Theta,5.587618493534127
17,a75_an,3,Theta,0.09809317309394151
17,a75_an,4,Theta,4.819202890044016
17,a75_an,5,Theta,3.8865678792130627
17,a75_an,6,Theta,6.192608312932661
17,a75_an,7,Theta,3.747525660119578
17,a75_an,8,Theta,4.50634373935743
17,a75_an,9,Theta,4.326595678411769
17,a75_an,10,Theta,6.063607798668788
17,a75_an,11,Theta,6.157764450690851
17,a75_an,12,Theta,2.439870707011709
17,a75_an,13,Theta,1.5011644680572431
17,a75_an,14,Theta,5.338525571483064
17,a75_an,15,Theta,4.201963160606737
17,a75_an,1,Alpha,3.7742364109616027
17,a75_an,2,Alpha,4.7324030637539085
17,a75_an,3,Alpha,1.5085372305231237
17,a75_an,4,Alpha,3.233751782020118
17,a75_an,5,Alpha,5.096500537386288
17,a75_an,6,Alpha,3.4274499300414787
17,a75_an,7,Alpha,1.6724508097390476
17,a75_an,8,Alpha,4.913043220045191
17,a75_an,9,Alpha,0.04039045038880101
17,a75_an,10,Alpha,0.7276650273549854
17,a75_an,11,Alpha,3.86697377257056
17,a75_an,12,Alpha,4.065596548701345
17,a75_an,13,Alpha,4.907156815774416
17,a75_an,14,Alpha,5.790975873005261
17,a75_an,15,Alpha,6.120809280916964
17,a75_an,1,Beta,3.612802276924117
17,a75_an,2,Beta,5.170564295728072
17,a75_an,3,Beta,5.8831757589066
17,a75_an,4,Beta,5.076867552413079
17,a75_an,5,Beta,0.14779248599166572
17,a75_an,6,Beta,5.4376759049592955
17,a75_an,7,Beta,1.1593120537491257
17,a75_an,8,Beta,4.778103887591879
17,a75_an,9,Beta,5.283514588245959
17,a75_an,10,Beta,0.3918582810114774
17,a75_an,11,Beta,4.98353278990539
17,a75_an,12,Beta,3.7073395725155156
17,a75_an,13,Beta,2.950440982788861
17,a75_an,14,Beta,6.267071089140962
17,a75_an,15,Beta,1.1287542262467771
17,a50_an,1,Delta,2.096170725369535
17,a50_an,2,Delta,4.806398346794059
17,a50_an,3,Delta,5.540794673634048
17,a50_an,4,Delta,1.9711447057442724
17,a50_an,5,Delta,1.9307876081406088
17,a50_an,6,Delta,5.782723088666035
17,a50_an,7,Delta,5.967054488415349
17,a50_an,8,Delta,5.418154820236027
17,a50_an,9,Delta,0.9982291999996462
17,a50_an,10,Delta,4.3861614876229815
17,a50_an,11,Delta,1.5506388583761346
17,a50_an,12,Delta,3.1159428437367818
17,a50_an,13,Delta,0.6056014395579568
17,a50_an,14,Delta,1.236387445511068
17,a50_an,16,Delta,2.371382851164762
17,a50_an,17,Delta,4.472696803392005
17,a50_an,18,Delta,0.09436301022606212
17,a50_an,19,Delta,3.702116008065415
17,a50_an,20,Delta,4.323859085504877
17,a50_an,21,Delta,4.845285678703802
17,a50_an,22,Delta,0.21223584844947743
17,a50_an,23,Delta,5.154808120391808
17,a50_an,24,Delta,0.4491539608806383
17,a50_an,25,Delta,1.2541206008714472
17,a50_an,26,Delta,5.432581318560359
17,a50_an,27,Delta,0.864076352901844
17,a50_an,28,Delta,2.57725040025132
17,a50_an,29,Delta,5.781103441177863
17,a50_an,30,Delta,1.6010245059712698
17,a50_an,1,Theta,1.339338417814236
17,a50_an,2,Theta,4.955372452530876
17,a50_an,3,Theta,5.79735987175011
17,a50_an,4,Theta,2.707431714478937
17,a50_an,5,Theta,2.069990680247241
17,a50_an,6,Theta,6.215512631660952
17,a50_an,7,Theta,6.02807120006881
17,a50_an,8,Theta,6.216935767054691
17,a50_an,9,Theta,0.4398546515721874
17,a50_an,10,Theta,4.136388504686398
17,a50_an,11,Theta,2.0976567760272893
17,a50_an,12,Theta,2.578422356028558
17,a50_an,13,Theta,0.5204866221427908
17,a50_an,14,Theta,1.3903116250114393
17,a50_an,16,Theta,2.378841247726478
17,a50_an,17,Theta,4.414640998004711
17,a50_an,18,Theta,0.6759538862460034
17,a50_an,19,Theta,3.2156770819896274
17,a50_an,20,Theta,4.040686907857442
17,a50_an,21,Theta,4.986774464863191
17,a50_an,22,Theta,6.188049076947737
17,a50_an,23,Theta,5.432910540316136
17,a50_an,24,Theta,0.6510302914670455
17,a50_an,25,Theta,0.3129946109441639
17,a50_an,26,Theta,6.006129714278245
17,a50_an,27,Theta,0.3574054747843112
17,a50_an,28,Theta,1.765506498041549
17,a50_an,29,Theta,6.211088968582529
17,a50_an,30,Theta,2.53119607837398
17,a50_an,1,Alpha,0.6503624074790861
17,a50_an,2,Alpha,1.885700918519437
17,a50_an,3,Alpha,2.211258733966326
17,a50_an,4,Alpha,5.470843418988296
17,a50_an,5,Alpha,0.7044756202553164
17,a50_an,6,Alpha,4.233020724860975
17,a50_an,7,Alpha,5.801531598758727
17,a50_an,8,Alpha,1.4114964353175508
17,a50_an,9,Alpha,3.482615751465585
17,a50_an,10,Alpha,3.8743499627512947
17,a50_an,11,Alpha,2.5750440051572356
17,a50_an,12,Alpha,2.2119019888289158
17,a50_an,13,Alpha,6.239374782916762
17,a50_an,14,Alpha,1.1659443482294918
17,a50_an,16,Alpha,2.3872868685541517
17,a50_an,17,Alpha,5.09511059748363
17,a50_an,18,Alpha,5.563117516090331
17,a50_an,19,Alpha,5.590319951162845
17,a50_an,20,Alpha,4.628582378256271
17,a50_an,21,Alpha,0.08557189900348393
17,a50_an,22,Alpha,0.17406073575949987
17,a50_an,23,Alpha,5.307959493656842
17,a50_an,24,Alpha,3.65579658037985
17,a50_an,25,Alpha,5.803020250751583
17,a50_an,26,Alpha,5.845300557756925
17,a50_an,27,Alpha,5.199061408374027
17,a50_an,28,Alpha,0.400148591456337
17,a50_an,29,Alpha,2.0782888336643475
17,a50_an,30,Alpha,2.3210089319664156
17,a50_an,1,Beta,4.4859867833963065
17,a50_an,2,Beta,0.7591976830657382
17,a50_an,3,Beta,3.9884990328686736
17,a50_an,4,Beta,5.56471951501226
17,a50_an,5,Beta,0.14828893478552838
17,a50_an,6,Beta,4.5783779026111056
17,a50_an,7,Beta,1.4049284639879829
17,a50_an,8,Beta,1.8616673413830516
17,a50_an,9,Beta,4.14010513741928
17,a50_an,10,Beta,2.560123804541694
17,a50_an,11,Beta,0.14434925797519096
17,a50_an,12,Beta,0.41466316668155384
17,a50_an,13,Beta,1.8898231401104277
17,a50_an,14,Beta,4.034161974054099
17,a50_an,16,Beta,3.417391759802191
17,a50_an,17,Beta,4.3218638922144965
17,a50_an,18,Beta,5.6218301947441525
17,a50_an,19,Beta,1.2532580877841557
17,a50_an,20,Beta,3.9150807476174507
17,a50_an,21,Beta,5.2674143900686925
17,a50_an,22,Beta,1.0221338124011847
17,a50_an,23,Beta,2.309983544244895
17,a50_an,24,Beta,4.3633069418594275
17,a50_an,25,Beta,4.516266194453085
17,a50_an,26,Beta,2.8285919200012133
17,a50_an,27,Beta,1.4107389843634701
17,a50_an,28,Beta,5.790837994511208
17,a50_an,29,Beta,5.617003853509734
17,a50_an,30,Beta,2.539560847605283
18,a50_an,1,Delta,1.5989032522721203
18,a50_an,2,Delta,4.733237000199172
18,a50_an,3,Delta,5.210634499367611
18,a50_an,4,Delta,4.417810425041603
18,a50_an,5,Delta,4.99021598411703
18,a50_an,6,Delta,1.6854164790924042
18,a50_an,7,Delta,1.8485507574143323
18,a50_an,8,Delta,5.558450127583562
18,a50_an,9,Delta,6.025535630752191
18,a50_an,10,Delta,4.878321911856049
18,a50_an,11,Delta,0.11601401559357977
18,a50_an,12,Delta,3.2104887420334425
18,a50_an,13,Delta,4.208816364083448
18,a50_an,14,Delta,1.3831697124388358
18,a50_an,15,Delta,1.1604316522627203
18,a50_an,16,Delta,0.21295973124611914
18,a50_an,17,Delta,0.7493324494711321
18,a50_an,18,Delta,6.110706037815044
18,a50_an,19,Delta,2.1922943170990297
18,a50_an,20,Delta,2.033989849580749
18,a50_an,21,Delta,1.0528219944075135
18,a50_an,22,Delta,4.380808147507505
18,a50_an,23,Delta,2.9823716830198976
18,a50_an,24,Delta,5.536751294604151
18,a50_an,25,Delta,1.842568558743351
18,a50_an,26,Delta,1.5127570552046998
18,a50_an,27,Delta,2.0246607323093655
18,a50_an,28,Delta,0.7560506273888612
18,a50_an,29,Delta,5.781502466605082
18,a50_an,30,Delta,0.9277249374387239
18,a50_an,1,Theta,6.006709158818803
18,a50_an,2,Theta,5.060739769130955
18,a50_an,3,Theta,5.075104239084937
18,a50_an,4,Theta,3.9826384401759434
18,a50_an,5,Theta,5.141400917104738
18,a50_an,6,Theta,1.6526862088536822
18,a50_an,7,Theta,1.6216613266111368
18,a50_an,8,Theta,5.812859998457226
18,a50_an,9,Theta,0.18339916338942855
18,a50_an,10,Theta,1.824307310324703
18,a50_an,11,Theta,0.3864685156504148
18,a50_an,12,Theta,4.031654227435991
18,a50_an,13,Theta,4.1993220446235275
18,a50_an,14,Theta,1.6089891305416877
18,a50_an,15,Theta,0.6650874259227704
18,a50_an,16,Theta,0.694994537710011
18,a50_an,17,Theta,0.7809232488457329
18,a50_an,18,Theta,6.07786084371537
18,a50_an,19,Theta,2.2557438356185573
18,a50_an,20,Theta,1.013380532388567
18,a50_an,21,Theta,5.7945461311933855
18,a50_an,22,Theta,3.804234029226202
18,a50_an,23,Theta,2.8531048756433783
18,a50_an,24,Theta,5.833311121582727
18,a50_an,25,Theta,2.1411419482031877
18,a50_an,26,Theta,1.3487603499969125
18,a50_an,27,Theta,2.486519242004119
18,a50_an,28,Theta,0.6785836573844463
18,a50_an,29,Theta,0.6202449583669813
18,a50_an,30,Theta,0.7876262109010331
18,a50_an,1,Alpha,0.6744622041236846
18,a50_an,2,Alpha,0.3550346351527875
18,a50_an,3,Alpha,2.9030099293105596
18,a50_an,4,Alpha,3.8714641715926277
18,a50_an,5,Alpha,2.706960534107159
18,a50_an,6,Alpha,3.9638561873490823
18,a50_an,7,Alpha,0.9255649912679245
18,a50_an,8,Alpha,4.188423771695303
18,a50_an,9,Alpha,4.150704580174464
18,a50_an,10,Alpha,1.6998996987671497
18,a50_an,11,Alpha,1.2089683300848966
18,a50_an,12,Alpha,4.1881695710001265
18,a50_an,13,Alpha,1.8996503011856716
18,a50_an,14,Alpha,4.977572421558873
18,a50_an,15,Alpha,3.1585646872867166
18,a50_an,16,Alpha,0.5133423253598044
18,a50_an,17,Alpha,3.7827778185525474
18,a50_an,18,Alpha,2.2903055577207856
18,a50_an,19,Alpha,3.212534384414507
18,a50_an,20,Alpha,0.5442811523967708
18,a50_an,21,Alpha,2.751309060939861
18,a50_an,22,Alpha,2.1190115868774066
18,a50_an,23,Alpha,6.043066738316719
18,a50_an,24,Alpha,4.037392876413769
18,a50_an,25,Alpha,4.006926695978101
18,a50_an,26,Alpha,2.50598902619293
18,a50_an,27,Alpha,3.8963365914709827
18,a50_an,28,Alpha,4.884837409354567
18,a50_an,29,Alpha,2.621771346346559
18,a50_an,30,Alpha,2.285074368785936
18,a50_an,1,Beta,0.13853064266158469
18,a50_an,2,Beta,3.0167472970203812
18,a50_an,3,Beta,0.4710989856154254
18,a50_an,4,Beta,4.719214224692112
18,a50_an,5,Beta,1.5113670822050762
18,a50_an,6,Beta,3.088830299953059
18,a50_an,7,Beta,4.971754455850106
18,a50_an,8,Beta,1.9172055033679443
18,a50_an,9,Beta,0.6564656186426399
18,a50_an,10,Beta,2.61872853821725
18,a50_an,11,Beta,4.7089521337624305
18,a50_an,12,Beta,4.50866953716454
18,a50_an,13,Beta,2.0812151424313172
18,a50_an,14,Beta,2.5503112039738176
18,a50_an,15,Beta,4.431253417198874
18,a50_an,16,Beta,2.691899744873804
18,a50_an,17,Beta,4.581326330184195
18,a50_an,18,Beta,5.0410482142146575
18,a50_an,19,Beta,5.057077502475535
18,a50_an,20,Beta,5.032110495368484
18,a50_an,21,Beta,2.5652904210110554
18,a50_an,22,Beta,3.4172931375716886
18,a50_an,23,Beta,0.152541031260684
18,a50_an,24,Beta,3.6974012953717836
18,a50_an,25,Beta,1.6727168116012343
18,a50_an,26,Beta,5.981949437387029
18,a50_an,27,Beta,4.249237727957636
18,a50_an,28,Beta,5.507986742956926
18,a50_an,29,Beta,3.683187076421047
18,a50_an,30,Beta,2.846105019313882
18,a75_an,1,Delta,0.34033367975613515
18,a75_an,2,Delta,0.4358324152078818
18,a75_an,3,Delta,1.4296984743723606
18,a75_an,4,Delta,4.575849986313171
18,a75_an,5,Delta,0.9196587450593386
18,a75_an,6,Delta,1.2969209904909824
18,a75_an,7,Delta,5.5448375767461515
18,a75_an,8,Delta,0.2787572303571818
18,a75_an,9,Delta,0.31254652493316015
18,a75_an,10,Delta,0.20127842647287567
18,a75_an,11,Delta,0.7315311204843425
18,a75_an,12,Delta,1.2608736537678795
18,a75_an,13,Delta,2.4885236513549334
18,a75_an,14,Delta,3.0420127259557983
18,a75_an,15,Delta,1.5094114493168607
18,a75_an,1,Theta,0.7970481639518027
18,a75_an,2,Theta,0.4345620920251922
18,a75_an,3,Theta,1.4852409760197243
18,a75_an,4,Theta,3.287671628754038
18,a75_an,5,Theta,1.0519706867768237
18,a75_an,6,Theta,1.215740768055343
18,a75_an,7,Theta,5.136540909976563
18,a75_an,8,Theta,6.183468794504311
18,a75_an,9,Theta,0.21237507108880901
18,a75_an,10,Theta,0.2777241332680292
18,a75_an,11,Theta,0.3526943563599354
18,a75_an,12,Theta,6.277811935951492
18,a75_an,13,Theta,2.381818431405693
18,a75_an,14,Theta,2.135650956098905
18,a75_an,15,Theta,1.181069444616678
18,a75_an,1,Alpha,2.492842059647144
18,a75_an,2,Alpha,0.11094333858480741
18,a75_an,3,Alpha,5.637532252708876
18,a75_an,4,Alpha,2.813860858497155
18,a75_an,5,Alpha,3.3733752976986127
18,a75_an,6,Alpha,0.1471481612678636
18,a75_an,7,Alpha,3.675071113413175
18,a75_an,8,Alpha,6.0333628677000135
18,a75_an,9,Alpha,5.23144915539367
18,a75_an,10,Alpha,0.29485534640131045
18,a75_an,11,Alpha,6.176432173757869
18,a75_an,12,Alpha,2.6774354185009206
18,a75_an,13,Alpha,2.4237283674955057
18,a75_an,14,Alpha,0.12120337782436165
18,a75_an,15,Alpha,4.515258773635365
18,a75_an,1,Beta,3.3655272221550634
18,a75_an,2,Beta,3.6602595368230446
18,a75_an,3,Beta,5.246950407626107
18,a75_an,4,Beta,2.2551066311076977
18,a75_an,5,Beta,3.3581147080919522
18,a75_an,6,Beta,5.878282245367906
18,a75_an,7,Beta,2.591248098772982
18,a75_an,8,Beta,5.525533452230339
18,a75_an,9,Beta,1.8278520424582836
18,a75_an,10,Beta,5.484405933496522
18,a75_an,11,Beta,4.521876926541427
18,a75_an,12,Beta,3.9894304159790726
18,a75_an,13,Beta,4.310525021577463
18,a75_an,14,Beta,0.5146515487040773
18,a75_an,15,Beta,3.3964392180355705
19,a75_an,1,Delta,5.178700508373038
19,a75_an,3,Delta,0.8487600125750961
19,a75_an,4,Delta,5.1772482071642285
19,a75_an,5,Delta,4.457827442234963
19,a75_an,6,Delta,4.508676462345714
19,a75_an,7,Delta,2.401206842860281
19,a75_an,8,Delta,5.421113769415464
19,a75_an,9,Delta,4.524808310090879
19,a75_an,10,Delta,4.626961935390204
19,a75_an,11,Delta,1.8491068983925703
19,a75_an,12,Delta,1.2286567555377572
19,a75_an,13,Delta,2.1516641796770526
19,a75_an,14,Delta,5.0187440188854335
19,a75_an,15,Delta,4.150587822501263
19,a75_an,1,Theta,5.252459050079119
19,a75_an,3,Theta,6.194543724406565
19,a75_an,4,Theta,0.34990630769403974
19,a75_an,5,Theta,3.7015030872124624
19,a75_an,6,Theta,4.239946999902626
19,a75_an,7,Theta,2.728746251899725
19,a75_an,8,Theta,0.26145299217916473
19,a75_an,9,Theta,4.3572572586739895
19,a75_an,10,Theta,4.833612373718726
19,a75_an,11,Theta,2.4919729088696445
19,a75_an,12,Theta,0.9595941482502355
19,a75_an,13,Theta,3.14422266459496
19,a75_an,14,Theta,5.2787702507000605
19,a75_an,15,Theta,3.9686323481699075
19,a75_an,1,Alpha,4.214321132873485
19,a75_an,3,Alpha,5.386559798247436
19,a75_an,4,Alpha,4.765908039650915
19,a75_an,5,Alpha,3.285991256807047
19,a75_an,6,Alpha,3.977360547930462
19,a75_an,7,Alpha,4.174404475986601
19,a75_an,8,Alpha,3.0462637400997123
19,a75_an,9,Alpha,1.1065022527694048
19,a75_an,10,Alpha,0.669896823062576
19,a75_an,11,Alpha,1.6420749382385198
19,a75_an,12,Alpha,4.266150385681115
19,a75_an,13,Alpha,4.347942219036619
19,a75_an,14,Alpha,5.124478575994619
19,a75_an,15,Alpha,0.5166134298238728
19,a75_an,1,Beta,2.368085647572658
19,a75_an,3,Beta,0.8534558301357752
19,a75_an,4,Beta,0.569632695073369
19,a75_an,5,Beta,2.264949692586071
19,a75_an,6,Beta,1.5317269072835036
19,a75_an,7,Beta,5.350815954538569
19,a75_an,8,Beta,0.3084049774858497
19,a75_an,9,Beta,5.644908930560671
19,a75_an,10,Beta,4.912346375888082
19,a75_an,11,Beta,3.5145024664459146
19,a75_an,12,Beta,0.06625977554248774
19,a75_an,13,Beta,3.9586509235790293
19,a75_an,14,Beta,3.425646329137141
19,a75_an,15,Beta,3.320318385575954
19,a50_an,1,Delta,4.8799459247317785
19,a50_an,3,Delta,0.6494996952837051
19,a50_an,4,Delta,4.455726334727552
19,a50_an,5,Delta,4.398870280786499
19,a50_an,6,Delta,4.223838145707733
19,a50_an,7,Delta,4.62547880803084
19,a50_an,8,Delta,2.593142314009249
19,a50_an,9,Delta,5.261342650486709
19,a50_an,10,Delta,2.680202476817425
19,a50_an,11,Delta,2.187233541445784
19,a50_an,12,Delta,2.238441762479798
19,a50_an,13,Delta,4.950980436345161
19,a50_an,14,Delta,1.4016550294369448
19,a50_an,15,Delta,1.0677554839606342
19,a50_an,16,Delta,4.554446816093873
19,a50_an,17,Delta,1.238594430880034
19,a50_an,18,Delta,1.5953449305866316
19,a50_an,19,Delta,0.617537655273896
19,a50_an,20,Delta,1.0412527822679964
19,a50_an,21,Delta,1.47395880365315
19,a50_an,22,Delta,4.206001539916196
19,a50_an,23,Delta,5.525955537481324
19,a50_an,24,Delta,1.347207941522649
19,a50_an,25,Delta,5.262774006009547
19,a50_an,26,Delta,0.4770376363369432
19,a50_an,27,Delta,5.467818861991883
19,a50_an,28,Delta,5.005236269263365
19,a50_an,29,Delta,1.9098314523793112
19,a50_an,30,Delta,5.383028316030738
19,a50_an,1,Theta,4.666364255524665
19,a50_an,3,Theta,0.1691418680061167
19,a50_an,4,Theta,1.1899712843541026
19,a50_an,5,Theta,4.9779338650928135
19,a50_an,6,Theta,3.9065704229067357
19,a50_an,7,Theta,5.9355202920275225
19,a50_an,8,Theta,2.2959918631666425
19,a50_an,9,Theta,0.28225921827112666
19,a50_an,10,Theta,3.293831532127131
19,a50_an,11,Theta,2.8374064774761143
19,a50_an,12,Theta,2.2068419700173103
19,a50_an,13,Theta,5.0747894198070185
19,a50_an,14,Theta,0.49198901122988475
19,a50_an,15,Theta,1.3227932417601982
19,a50_an,16,Theta,0.02434477144978134
19,a50_an,17,Theta,1.7958868274064093
19,a50_an,18,Theta,1.9997690356458462
19,a50_an,19,Theta,1.0027028256983233
19,a50_an,20,Theta,0.28176558032974464
19,a50_an,21,Theta,1.544985630626592
19,a50_an,22,Theta,4.378881660884623
19,a50_an,23,Theta,6.236496356863182
19,a50_an,24,Theta,1.6621662370467765
19,a50_an,25,Theta,5.079545303223192
19,a50_an,26,Theta,0.37626412560482536
19,a50_an,27,Theta,5.810659284489544
19,a50_an,28,Theta,5.031474777193029
19,a50_an,29,Theta,1.7681498019558692
19,a50_an,30,Theta,0.3457997184286951
19,a50_an,1,Alpha,3.5315047430954047
19,a50_an,3,Alpha,3.046990795156889
19,a50_an,4,Alpha,0.8951012055518528
19,a50_an,5,Alpha,6.134700041481285
19,a50_an,6,Alpha,4.513364590742407
19,a50_an,7,Alpha,5.103349346404235
19,a50_an,8,Alpha,2.499279714843437
19,a50_an,9,Alpha,2.464867566846057
19,a50_an,10,Alpha,3.3787466352143474
19,a50_an,11,Alpha,2.174262052089147
19,a50_an,12,Alpha,1.5004866706594162
19,a50_an,13,Alpha,4.323378286896368
19,a50_an,14,Alpha,1.8395506390301732
19,a50_an,15,Alpha,5.250152954544355
19,a50_an,16,Alpha,1.1203169118388494
19,a50_an,17,Alpha,4.343344981163648
19,a50_an,18,Alpha,3.5953575817733503
19,a50_an,19,Alpha,1.706201664258
19,a50_an,20,Alpha,1.6498282722165483
19,a50_an,21,Alpha,2.7732358676643982
19,a50_an,22,Alpha,5.138679560346714
19,a50_an,23,Alpha,1.1393887220159733
19,a50_an,24,Alpha,0.5001589942823987
19,a50_an,25,Alpha,3.07260315628277
19,a50_an,26,Alpha,1.6324491242873571
19,a50_an,27,Alpha,5.043742724893216
19,a50_an,28,Alpha,2.374979138480939
19,a50_an,29,Alpha,4.402637896305481
19,a50_an,30,Alpha,2.9519103431346405
19,a50_an,1,Beta,2.714818055845729
19,a50_an,3,Beta,2.1583678697592363
19,a50_an,4,Beta,5.594248743702167
19,a50_an,5,Beta,3.1088954951946812
19,a50_an,6,Beta,5.36398086109667
19,a50_an,7,Beta,4.606975378440612
19,a50_an,8,Beta,2.145979940492977
19,a50_an,9,Beta,1.9364926037500527
19,a50_an,10,Beta,2.9907236507862947
19,a50_an,11,Beta,1.7429268156405915
19,a50_an,12,Beta,3.051093995725376
19,a50_an,13,Beta,4.461603361003484
19,a50_an,14,Beta,1.2257481800756713
19,a50_an,15,Beta,1.8043379268108708
19,a50_an,16,Beta,2.8561996696652825
19,a50_an,17,Beta,5.91417687396525
19,a50_an,18,Beta,1.9609056852801316
19,a50_an,19,Beta,1.7387027534404196
19,a50_an,20,Beta,1.5219888439331892
19,a50_an,21,Beta,0.8469909033451842
19,a50_an,22,Beta,5.857957856996775
19,a50_an,23,Beta,5.130617709539292
19,a50_an,24,Beta,6.182014864519619
19,a50_an,25,Beta,2.9355587563829344
19,a50_an,26,Beta,1.1431380655228502
19,a50_an,27,Beta,2.026602346457656
19,a50_an,28,Beta,1.766889456352929
19,a50_an,29,Beta,1.8988154418917373
19,a50_an,30,Beta,5.944785977412966
2,a75_an,1,Delta,5.003767299847198
2,a75_an,2,Delta,6.083298433159643
2,a75_an,3,Delta,1.6986381427095625
2,a75_an,4,Delta,4.304047337847699
2,a75_an,5,Delta,1.0479460120776418
2,a75_an,6,Delta,3.274702144260046
2,a75_an,7,Delta,4.500800375492433
2,a75_an,8,Delta,0.4780937166330531
2,a75_an,9,Delta,0.9689991726353278
2,a75_an,10,Delta,1.459546885249058
2,a75_an,11,Delta,3.3544250744961506
2,a75_an,12,Delta,1.3496944703828082
2,a75_an,13,Delta,0.9972293922562858
2,a75_an,14,Delta,5.408506688377207
2,a75_an,15,Delta,1.7420637760450848
2,a75_an,1,Theta,4.47104044449598
2,a75_an,2,Theta,5.901433536678604
2,a75_an,3,Theta,1.8566189858173183
2,a75_an,4,Theta,3.8783784877115712
2,a75_an,5,Theta,0.7177022626011027
2,a75_an,6,Theta,2.859912512856851
2,a75_an,7,Theta,2.5564116550265092
2,a75_an,8,Theta,0.06526223759140723
2,a75_an,9,Theta,0.7408718991696114
2,a75_an,10,Theta,1.597719557153156
2,a75_an,11,Theta,3.764569774465416
2,a75_an,12,Theta,1.2603274818866574
2,a75_an,13,Theta,5.7489524575473645
2,a75_an,14,Theta,5.947283154880801
2,a75_an,15,Theta,1.6940669488557056
2,a75_an,1,Alpha,3.057247280876067
2,a75_an,2,Alpha,0.35519052703108805
2,a75_an,3,Alpha,0.5861207092090589
2,a75_an,4,Alpha,3.571929816237545
2,a75_an,5,Alpha,5.8951587210622725
2,a75_an,6,Alpha,3.095512703915659
2,a75_an,7,Alpha,1.5423664929145824
2,a75_an,8,Alpha,0.9154052834386833
2,a75_an,9,Alpha,2.0122092361798005
2,a75_an,10,Alpha,4.001267130296179
2,a75_an,11,Alpha,3.8386806400968854
2,a75_an,12,Alpha,5.444024020226939
2,a75_an,13,Alpha,0.17478166522274274
2,a75_an,14,Alpha,0.34553632622095676
2,a75_an,15,Alpha,5.660221546481769
2,a75_an,1,Beta,3.736300352894785
2,a75_an,2,Beta,4.3001930856953345
2,a75_an,3,Beta,2.6561030599775046
2,a75_an,4,Beta,4.088944414868337
2,a75_an,5,Beta,0.19471195322195864
2,a75_an,6,Beta,1.736138199703227
2,a75_an,7,Beta,2.842392717209892
2,a75_an,8,Beta,4.586571717953704
2,a75_an,9,Beta,0.15162573947828484
2,a75_an,10,Beta,3.06312390125434
2,a75_an,11,Beta,2.5967653497442527
2,a75_an,12,Beta,0.3577890251522776
2,a75_an,13,Beta,3.621959413576504
2,a75_an,14,Beta,2.234891348884482
2,a75_an,15,Beta,4.32991089991733
2,a50_an,1,Delta,2.0257697291813614
2,a50_an,2,Delta,3.850994795609145
2,a50_an,3,Delta,5.638314664371924
2,a50_an,4,Delta,4.738136130732206
2,a50_an,5,Delta,3.464357823994489
2,a50_an,6,Delta,6.036556114319074
2,a50_an,7,Delta,5.241351346981425
2,a50_an,8,Delta,2.019635065682901
2,a50_an,9,Delta,1.6480630255176134
2,a50_an,10,Delta,4.127616827923027
2,a50_an,11,Delta,1.8853801079579773
2,a50_an,12,Delta,0.8571399089103685
2,a50_an,13,Delta,1.5131155707817543
2,a50_an,14,Delta,4.87108610002007
2,a50_an,15,Delta,5.184631399406616
2,a50_an,16,Delta,1.7601860084593035
2,a50_an,17,Delta,4.706619034710116
2,a50_an,18,Delta,1.1338644450300122
2,a50_an,19,Delta,2.2351912727342853
2,a50_an,20,Delta,1.918061671358427
2,a50_an,21,Delta,1.407106490981898
2,a50_an,22,Delta,3.3871651151699194
2,a50_an,23,Delta,3.549637777012116
2,a50_an,24,Delta,4.46430897145673
2,a50_an,25,Delta,1.6656457685382748
2,a50_an,26,Delta,5.085319529813179
2,a50_an,27,Delta,1.2835224463378256
2,a50_an,28,Delta,2.276823461164198
2,a50_an,29,Delta,1.930631271987151
2,a50_an,30,Delta,1.7459544335898087
2,a50_an,1,Theta,2.04359092015332
2,a50_an,2,Theta,4.617991177931954
2,a50_an,3,Theta,6.258613740123715
2,a50_an,4,Theta,6.070439171724115
2,a50_an,5,Theta,3.2557856554708393
2,a50_an,6,Theta,6.15067549983217
2,a50_an,7,Theta,4.608209590499754
2,a50_an,8,Theta,2.3499787813822413
2,a50_an,9,Theta,1.0567333527401024
2,a50_an,10,Theta,1.865100775765247
2,a50_an,11,Theta,1.9796278418829352
2,a50_an,12,Theta,1.4395537110095793
2,a50_an,13,Theta,2.2315518124698386
2,a50_an,14,Theta,1.8122287556878973
2,a50_an,15,Theta,0.5954611643208959
2,a50_an,16,Theta,1.5108338875381448
2,a50_an,17,Theta,4.920133214494252
2,a50_an,18,Theta,0.6889948511347952
2,a50_an,19,Theta,2.9289867566468306
2,a50_an,20,Theta,1.6577158567977068
2,a50_an,21,Theta,1.1681017947823011
2,a50_an,22,Theta,3.9164422659588167
2,a50_an,23,Theta,3.8531515350952548
2,a50_an,24,Theta,3.982988386283628
2,a50_an,25,Theta,1.5127609392430013
2,a50_an,26,Theta,5.263121450243736
2,a50_an,27,Theta,0.9220410036092108
2,a50_an,28,Theta,1.8798085469071195
2,a50_an,29,Theta,1.9752969467739303
2,a50_an,30,Theta,1.867309863141703
2,a50_an,1,Alpha,4.900650520797039
2,a50_an,2,Alpha,1.2588609251216132
2,a50_an,3,Alpha,4.846582468762534
2,a50_an,4,Alpha,5.1135001412526835
2,a50_an,5,Alpha,3.276044585854231
2,a50_an,6,Alpha,0.6075331212671269
2,a50_an,7,Alpha,3.5329200794541338
2,a50_an,8,Alpha,4.134251659511946
2,a50_an,9,Alpha,0.6773790310314342
2,a50_an,10,Alpha,0.27646695791262577
2,a50_an,11,Alpha,5.296675389191902
2,a50_an,12,Alpha,3.52979479050249
2,a50_an,13,Alpha,4.810247805261923
2,a50_an,14,Alpha,5.819495826601342
2,a50_an,15,Alpha,1.053055677449274
2,a50_an,16,Alpha,1.8950905046870528
2,a50_an,17,Alpha,3.87702209079051
2,a50_an,18,Alpha,4.901537327498508
2,a50_an,19,Alpha,2.35189967548846
2,a50_an,20,Alpha,5.540357683460267
2,a50_an,21,Alpha,0.6406251311275402
2,a50_an,22,Alpha,4.181277358745245
2,a50_an,23,Alpha,4.103934600308175
2,a50_an,24,Alpha,3.7732747804374873
2,a50_an,25,Alpha,1.4901771322593684
2,a50_an,26,Alpha,3.7835471225989146
2,a50_an,27,Alpha,5.003270383855774
2,a50_an,28,Alpha,1.6723822509566961
2,a50_an,29,Alpha,5.795147705227807
2,a50_an,30,Alpha,5.263743679017953
2,a50_an,1,Beta,5.155679516322804
2,a50_an,2,Beta,2.487946228511694
2,a50_an,3,Beta,0.8387015492133763
2,a50_an,4,Beta,3.558519557436363
2,a50_an,5,Beta,2.3429678794311948
2,a50_an,6,Beta,1.6493636600446377
2,a50_an,7,Beta,0.41196147256588267
2,a50_an,8,Beta,3.370062559023226
2,a50_an,9,Beta,2.2576048564028217
2,a50_an,10,Beta,1.7516783674875278
2,a50_an,11,Beta,1.939027621698157
2,a50_an,12,Beta,4.019459413128343
2,a50_an,13,Beta,5.705647905642937
2,a50_an,14,Beta,2.1203750721435366
2,a50_an,15,Beta,1.7243778931459135
2,a50_an,16,Beta,0.9120022656590457
2,a50_an,17,Beta,0.28937144365249595
2,a50_an,18,Beta,2.4129357413778676
2,a50_an,19,Beta,5.666011651369872
2,a50_an,20,Beta,3.8554097304637116
2,a50_an,21,Beta,5.702734781552576
2,a50_an,22,Beta,2.2427680988603007
2,a50_an,23,Beta,2.674938483059273
2,a50_an,24,Beta,2.785316092897428
2,a50_an,25,Beta,2.6721766578725465
2,a50_an,26,Beta,3.72192029435815
2,a50_an,27,Beta,2.910226590266449
2,a50_an,28,Beta,4.466795929953204
2,a50_an,29,Beta,4.875638553837272
2,a50_an,30,Beta,1.1782136024438852
20,a75_an,1,Delta,2.4832915480819544
20,a75_an,2,Delta,3.666603562696368
20,a75_an,3,Delta,1.8511219345801586
20,a75_an,4,Delta,4.968540005252309
20,a75_an,5,Delta,4.382678742411743
20,a75_an,6,Delta,5.55957766692083
20,a75_an,7,Delta,3.253413979590752
20,a75_an,8,Delta,1.993786153146227
20,a75_an,9,Delta,2.1315169062134727
20,a75_an,10,Delta,2.5732578024735915
20,a75_an,12,Delta,3.663067984177699
20,a75_an,13,Delta,1.1395578576402743
20,a75_an,14,Delta,3.7870839033077703
20,a75_an,15,Delta,4.518609618131957
20,a75_an,1,Theta,2.9434340437428514
20,a75_an,2,Theta,4.021722996235228
20,a75_an,3,Theta,1.4299776755208258
20,a75_an,4,Theta,5.613429182825968
20,a75_an,5,Theta,2.882347900510363
20,a75_an,6,Theta,0.30294066923793417
20,a75_an,7,Theta,3.2816482242930656
20,a75_an,8,Theta,2.2553474805344713
20,a75_an,9,Theta,1.8756045174680616
20,a75_an,10,Theta,2.559217867426333
20,a75_an,12,Theta,3.8525792746490723
20,a75_an,13,Theta,0.8713231450992655
20,a75_an,14,Theta,3.625652105110823
20,a75_an,15,Theta,4.1346977482834415
20,a75_an,1,Alpha,3.4419455381612147
20,a75_an,2,Alpha,3.4308590271738195
20,a75_an,3,Alpha,3.6351855706891434
20,a75_an,4,Alpha,4.292248407304829
20,a75_an,5,Alpha,3.5733249129351763
20,a75_an,6,Alpha,4.382796261728211
20,a75_an,7,Alpha,2.1027781099745244
20,a75_an,8,Alpha,5.334942146495236
20,a75_an,9,Alpha,4.77575711847652
20,a75_an,10,Alpha,3.8416555145247715
20,a75_an,12,Alpha,4.102163030701606
20,a75_an,13,Alpha,6.247578023717433
20,a75_an,14,Alpha,1.0538814355993222
20,a75_an,15,Alpha,3.5358592516076373
20,a75_an,1,Beta,1.6093029004009114
20,a75_an,2,Beta,2.4177955827527464
20,a75_an,3,Beta,1.4006096917010735
20,a75_an,4,Beta,5.217673511286438
20,a75_an,5,Beta,2.7385732914588514
20,a75_an,6,Beta,3.592754093950116
20,a75_an,7,Beta,0.2721752178219602
20,a75_an,8,Beta,3.582808368470918
20,a75_an,9,Beta,1.6176888743125253
20,a75_an,10,Beta,3.206936453822955
20,a75_an,12,Beta,3.209574593147945
20,a75_an,13,Beta,2.3091623349355435
20,a75_an,14,Beta,1.6643733228440694
20,a75_an,15,Beta,2.9196757537747184
20,a50_an,1,Delta,3.6889557507672603
20,a50_an,2,Delta,3.4790144428604255
20,a50_an,3,Delta,1.6909158801324558
20,a50_an,4,Delta,5.578380936210719
20,a50_an,5,Delta,0.8345893926315504
20,a50_an,6,Delta,4.703236026169119
20,a50_an,7,Delta,1.628699514027189
20,a50_an,8,Delta,4.335098723398685
20,a50_an,9,Delta,3.769539168070381
20,a50_an,10,Delta,4.6665297115936895
20,a50_an,12,Delta,4.260613736191992
20,a50_an,13,Delta,1.7870483157824621
20,a50_an,14,Delta,3.459834800303871
20,a50_an,15,Delta,4.7285140104728445
20,a50_an,16,Delta,2.823954000347534
20,a50_an,17,Delta,2.4533014397908284
20,a50_an,18,Delta,1.7188615562353133
20,a50_an,19,Delta,4.4065151686133675
20,a50_an,20,Delta,2.5813268428189997
20,a50_an,21,Delta,5.220014602327356
20,a50_an,22,Delta,1.6714577676225297
20,a50_an,23,Delta,4.637712267077574
20,a50_an,24,Delta,5.9764054129866375
20,a50_an,25,Delta,4.777750394012296
20,a50_an,26,Delta,0.8758304108940959
20,a50_an,27,Delta,3.7564366862800034
20,a50_an,28,Delta,0.0731070060350397
20,a50_an,29,Delta,4.007570028956344
20,a50_an,30,Delta,0.26655200737159174
20,a50_an,1,Theta,3.2509480049207773
20,a50_an,2,Theta,2.817237328519788
20,a50_an,3,Theta,2.147439336541765
20,a50_an,4,Theta,5.746030669348764
20,a50_an,5,Theta,0.5415837033114729
20,a50_an,6,Theta,4.879823587140374
20,a50_an,7,Theta,1.8068032826182459
20,a50_an,8,Theta,3.0386989331822103
20,a50_an,9,Theta,2.8333556217408957
20,a50_an,10,Theta,4.9821302110693395
20,a50_an,12,Theta,2.728995422588826
20,a50_an,13,Theta,2.3148571795621384
20,a50_an,14,Theta,3.468545213393139
20,a50_an,15,Theta,4.407445709401788
20,a50_an,16,Theta,2.626600286223089
20,a50_an,17,Theta,1.622466982597096
20,a50_an,18,Theta,0.7975536339664981
20,a50_an,19,Theta,4.3258626623045675
20,a50_an,20,Theta,2.205642107304114
20,a50_an,21,Theta,6.091310453098611
20,a50_an,22,Theta,1.5681197116561993
20,a50_an,23,Theta,0.6197210457914365
20,a50_an,24,Theta,0.37351256158726376
20,a50_an,25,Theta,5.448378078877053
20,a50_an,26,Theta,0.24526463096237427
20,a50_an,27,Theta,2.9597038094885475
20,a50_an,28,Theta,6.247531427140632
20,a50_an,29,Theta,4.213455662142978
20,a50_an,30,Theta,0.5984945968364679
20,a50_an,1,Alpha,2.2993702815673327
20,a50_an,2,Alpha,6.273678349655389
20,a50_an,3,Alpha,3.3526665034439542
20,a50_an,4,Alpha,0.6002428429564944
20,a50_an,5,Alpha,1.9495140692203599
20,a50_an,6,Alpha,2.4857190781588856
20,a50_an,7,Alpha,4.6173715704662355
20,a50_an,8,Alpha,3.6793195252364175
20,a50_an,9,Alpha,4.587487771701591
20,a50_an,10,Alpha,1.2336956872499405
20,a50_an,12,Alpha,2.6583610885374314
20,a50_an,13,Alpha,3.0382616545200056
20,a50_an,14,Alpha,5.967430142622928
20,a50_an,15,Alpha,5.511305257800564
20,a50_an,16,Alpha,2.717231717704193
20,a50_an,17,Alpha,5.708378860016146
20,a50_an,18,Alpha,0.8789975111867314
20,a50_an,19,Alpha,3.731356462930585
20,a50_an,20,Alpha,1.8694871377029307
20,a50_an,21,Alpha,2.2015050363430286
20,a50_an,22,Alpha,5.858519612491774
20,a50_an,23,Alpha,3.9174484795149507
20,a50_an,24,Alpha,4.7608949772484115
20,a50_an,25,Alpha,0.12933922095245623
20,a50_an,26,Alpha,0.6949557731523899
20,a50_an,27,Alpha,5.57734502827839
20,a50_an,28,Alpha,1.583324631448583
20,a50_an,29,Alpha,5.440348909959348
20,a50_an,30,Alpha,3.6622072525416294
20,a50_an,1,Beta,3.0205512770238263
20,a50_an,2,Beta,6.013455213494075
20,a50_an,3,Beta,5.811752189876294
20,a50_an,4,Beta,6.045038258458373
20,a50_an,5,Beta,0.6600788319393249
20,a50_an,6,Beta,3.4009525592392675
20,a50_an,7,Beta,4.614380520889042
20,a50_an,8,Beta,1.3054715273490727
20,a50_an,9,Beta,3.9628223617350278
20,a50_an,10,Beta,1.4187594310214005
20,a50_an,12,Beta,1.6120453593665707
20,a50_an,13,Beta,5.204188873350979
20,a50_an,14,Beta,4.87272996246865
20,a50_an,15,Beta,3.9405377331627367
20,a50_an,16,Beta,6.107037050581356
20,a50_an,17,Beta,0.2647038084005687
20,a50_an,18,Beta,1.0403417219379907
20,a50_an,19,Beta,4.66131344785149
20,a50_an,20,Beta,2.725747333220637
20,a50_an,21,Beta,1.4074041595292288
20,a50_an,22,Beta,2.3019212970899687
20,a50_an,23,Beta,2.167007135588088
20,a50_an,24,Beta,4.9972655779099995
20,a50_an,25,Beta,0.7498244341549017
20,a50_an,26,Beta,1.5112704046074958
20,a50_an,27,Beta,4.924793251333686
20,a50_an,28,Beta,1.921375652491974
20,a50_an,29,Beta,5.296032870384354
20,a50_an,30,Beta,1.3115869325290321
3,a75_an,1,Delta,2.742425019415709
3,a75_an,2,Delta,1.230021881193868
3,a75_an,3,Delta,1.87711562096121
3,a75_an,4,Delta,5.317393716898513
3,a75_an,5,Delta,3.4684171831237025
3,a75_an,6,Delta,2.9932051554000596
3,a75_an,7,Delta,3.8322587454382586
3,a75_an,8,Delta,5.153378132220146
3,a75_an,9,Delta,4.177965955746817
3,a75_an,11,Delta,4.930201366465123
3,a75_an,12,Delta,1.7389558996782282
3,a75_an,13,Delta,5.21395457612862
3,a75_an,14,Delta,0.5804817714851269
3,a75_an,15,Delta,5.033292452039485
3,a75_an,1,Theta,2.156637296006093
3,a75_an,2,Theta,1.307809625499024
3,a75_an,3,Theta,4.775719178825916
3,a75_an,4,Theta,5.356889092550293
3,a75_an,5,Theta,3.6326179552450117
3,a75_an,6,Theta,2.7730567997007682
3,a75_an,7,Theta,3.839639823342573
3,a75_an,8,Theta,5.5025911563212695
3,a75_an,9,Theta,3.604204377681221
3,a75_an,11,Theta,5.0297238216868525
3,a75_an,12,Theta,1.4024590687834553
3,a75_an,13,Theta,5.25584238889165
3,a75_an,14,Theta,0.595406245930022
3,a75_an,15,Theta,5.1231170018319085
3,a75_an,1,Alpha,0.9877314857389387
3,a75_an,2,Alpha,5.695969191258982
3,a75_an,3,Alpha,5.332967311067883
3,a75_an,4,Alpha,4.691825989336602
3,a75_an,5,Alpha,1.2141270353071552
3,a75_an,6,Alpha,2.6774040701445876
3,a75_an,7,Alpha,5.005784702776814
3,a75_an,8,Alpha,3.8240050112081634
3,a75_an,9,Alpha,5.250472439650957
3,a75_an,11,Alpha,3.1074715954877505
3,a75_an,12,Alpha,0.35709332484814116
3,a75_an,13,Alpha,0.9575924985057254
3,a75_an,14,Alpha,1.4220343875637698
3,a75_an,15,Alpha,1.912987733742155
3,a75_an,1,Beta,1.8799757574285327
3,a75_an,2,Beta,4.683038706342401
3,a75_an,3,Beta,3.6439883273626403
3,a75_an,4,Beta,0.9662826839547659
3,a75_an,5,Beta,1.4377112110177432
3,a75_an,6,Beta,4.41897711496521
3,a75_an,7,Beta,6.04302798828032
3,a75_an,8,Beta,2.0944680930560233
3,a75_an,9,Beta,5.6422844747198875
3,a75_an,11,Beta,2.0618914531718624
3,a75_an,12,Beta,1.435097329896891
3,a75_an,13,Beta,4.5174992774660305
3,a75_an,14,Beta,1.5073067874744959
3,a75_an,15,Beta,3.086963270675236
3,a50_an,1,Delta,0.7070501728847532
3,a50_an,2,Delta,5.879444903199176
3,a50_an,3,Delta,5.128387413268429
3,a50_an,4,Delta,1.930056240825724
3,a50_an,5,Delta,2.5725066166631927
3,a50_an,6,Delta,4.728796248404602
3,a50_an,7,Delta,2.0895031743233115
3,a50_an,8,Delta,1.9193749896974874
3,a50_an,9,Delta,4.992090887486193
3,a50_an,10,Delta,5.546036018164123
3,a50_an,11,Delta,6.125572099396239
3,a50_an,12,Delta,5.447357040222671
3,a50_an,13,Delta,0.463722571392785
3,a50_an,14,Delta,5.363035503642456
3,a50_an,15,Delta,4.578484037958987
3,a50_an,16,Delta,4.815300726193569
3,a50_an,17,Delta,4.875816760754949
3,a50_an,18,Delta,4.972053357526086
3,a50_an,19,Delta,0.5432703643693753
3,a50_an,20,Delta,5.598092006014454
3,a50_an,21,Delta,0.7827188454912737
3,a50_an,22,Delta,3.2876841490590225
3,a50_an,23,Delta,4.061229240470387
3,a50_an,24,Delta,5.207033864762264
3,a50_an,25,Delta,0.06594024203154492
3,a50_an,26,Delta,5.776007847127789
3,a50_an,27,Delta,1.1071224601730594
3,a50_an,28,Delta,4.032658426456669
3,a50_an,29,Delta,0.0014793712746020034
3,a50_an,30,Delta,2.4071220671564952
3,a50_an,1,Theta,0.6879069059622952
3,a50_an,2,Theta,0.36654572457612655
3,a50_an,3,Theta,5.5414224712717735
3,a50_an,4,Theta,1.4861734675793354
3,a50_an,5,Theta,2.245487836805857
3,a50_an,6,Theta,4.459853601812823
3,a50_an,7,Theta,2.9447429726815435
3,a50_an,8,Theta,3.2072573954173147
3,a50_an,9,Theta,4.589437269657287
3,a50_an,10,Theta,5.425443032377909
3,a50_an,11,Theta,6.066347371665682
3,a50_an,12,Theta,0.08986952993366394
3,a50_an,13,Theta,5.984898006844969
3,a50_an,14,Theta,5.924152484247382
3,a50_an,15,Theta,4.468141324637719
3,a50_an,16,Theta,1.0554077258852825
3,a50_an,17,Theta,5.052701771783322
3,a50_an,18,Theta,5.2436120073771
3,a50_an,19,Theta,0.944374171797501
3,a50_an,20,Theta,5.5721775046531254
3,a50_an,21,Theta,0.7694051385679096
3,a50_an,22,Theta,2.666990962339811
3,a50_an,23,Theta,4.472736575008924
3,a50_an,24,Theta,5.380219252546361
3,a50_an,25,Theta,0.22721641466780737
3,a50_an,26,Theta,6.174466229770317
3,a50_an,27,Theta,3.3862806056101302
3,a50_an,28,Theta,3.9706506808924624
3,a50_an,29,Theta,0.08307171821871841
3,a50_an,30,Theta,1.925584392445983
3,a50_an,1,Alpha,4.101690065627592
3,a50_an,2,Alpha,2.0178685635836797
3,a50_an,3,Alpha,2.5150244129735086
3,a50_an,4,Alpha,3.2899502955947404
3,a50_an,5,Alpha,4.491917941127505
3,a50_an,6,Alpha,0.8648255726115273
3,a50_an,7,Alpha,5.584728323806089
3,a50_an,8,Alpha,5.647316621813657
3,a50_an,9,Alpha,3.4663650745139667
3,a50_an,10,Alpha,5.485343974553616
3,a50_an,11,Alpha,2.8195407918410607
3,a50_an,12,Alpha,1.3588180345227951
3,a50_an,13,Alpha,4.22993491889012
3,a50_an,14,Alpha,5.253057784462497
3,a50_an,15,Alpha,5.569850150565396
3,a50_an,16,Alpha,1.6884065518537448
3,a50_an,17,Alpha,4.788741246698937
3,a50_an,18,Alpha,4.995190006850708
3,a50_an,19,Alpha,2.5209441925804508
3,a50_an,20,Alpha,5.9846157372357265
3,a50_an,21,Alpha,2.8045026594084432
3,a50_an,22,Alpha,1.2456957890495228
3,a50_an,23,Alpha,1.0659031043636047
3,a50_an,24,Alpha,4.631977200837566
3,a50_an,25,Alpha,2.1996678998320367
3,a50_an,26,Alpha,4.4070325764986515
3,a50_an,27,Alpha,3.360577819236094
3,a50_an,28,Alpha,2.0819221886569292
3,a50_an,29,Alpha,4.826262278348024
3,a50_an,30,Alpha,1.3376577271058567
3,a50_an,1,Beta,3.3874711040066567
3,a50_an,2,Beta,1.1634816652739846
3,a50_an,3,Beta,1.393677557404616
3,a50_an,4,Beta,2.9356420947293054
3,a50_an,5,Beta,0.9491680301670273
3,a50_an,6,Beta,0.16689981596020126
3,a50_an,7,Beta,1.704646915751427
3,a50_an,8,Beta,0.5899925823231628
3,a50_an,9,Beta,1.424270260872338
3,a50_an,10,Beta,0.7638803845551486
3,a50_an,11,Beta,2.673131728183375
3,a50_an,12,Beta,6.015777310819494
3,a50_an,13,Beta,4.671417742308259
3,a50_an,14,Beta,6.282311721319817
3,a50_an,15,Beta,0.1918639672567793
3,a50_an,16,Beta,2.2923133559734343
3,a50_an,17,Beta,0.7898813820631664
3,a50_an,18,Beta,0.4876133091068322
3,a50_an,19,Beta,6.231954162243274
3,a50_an,20,Beta,2.9006214829453056
3,a50_an,21,Beta,5.901498083837411
3,a50_an,22,Beta,1.5802202350484948
3,a50_an,23,Beta,4.014774558318987
3,a50_an,24,Beta,5.058398047870677
3,a50_an,25,Beta,2.5301096927445825
3,a50_an,26,Beta,0.8298675963042664
3,a50_an,27,Beta,2.184458305017533
3,a50_an,28,Beta,1.224445754467715
3,a50_an,29,Beta,5.15997253471675
3,a50_an,30,Beta,1.7613665211508522
4,a50_an,1,Delta,6.179753083984215
4,a50_an,2,Delta,6.258188187987084
4,a50_an,3,Delta,0.1803743411485033
4,a50_an,4,Delta,6.192369424397159
4,a50_an,5,Delta,3.48663380725725
4,a50_an,6,Delta,4.816748301609584
4,a50_an,7,Delta,2.5234602576155307
4,a50_an,8,Delta,4.128069159486513
4,a50_an,9,Delta,1.5461742570217623
4,a50_an,10,Delta,0.3848373931835705
4,a50_an,11,Delta,4.387339051694962
4,a50_an,13,Delta,5.254778730758003
4,a50_an,14,Delta,0.0399032048622603
4,a50_an,15,Delta,5.380518984340466
4,a50_an,16,Delta,6.11762663360216
4,a50_an,17,Delta,0.46712882681074286
4,a50_an,18,Delta,4.485147164655652
4,a50_an,19,Delta,3.2201703345090493
4,a50_an,20,Delta,4.197336114319411
4,a50_an,21,Delta,4.712047701895797
4,a50_an,22,Delta,3.6318238273328944
4,a50_an,23,Delta,5.394024368383294
4,a50_an,24,Delta,4.2671553672676605
4,a50_an,25,Delta,1.069093292357367
4,a50_an,26,Delta,3.465835522310015
4,a50_an,27,Delta,4.607277506146537
4,a50_an,28,Delta,4.359560911977382
4,a50_an,29,Delta,0.7448693758869597
4,a50_an,30,Delta,2.9087654241061305
4,a50_an,1,Theta,5.848549415571738
4,a50_an,2,Theta,0.7527557395178899
4,a50_an,3,Theta,6.251232068915311
4,a50_an,4,Theta,0.22722568038786375
4,a50_an,5,Theta,3.1236800620539045
4,a50_an,6,Theta,4.840813264591608
4,a50_an,7,Theta,2.128844197093433
4,a50_an,8,Theta,4.253333113692898
4,a50_an,9,Theta,1.7639868610391387
4,a50_an,10,Theta,1.196386952018318
4,a50_an,11,Theta,4.198554753190422
4,a50_an,13,Theta,5.9475067737045535
4,a50_an,14,Theta,1.3366429302348686
4,a50_an,15,Theta,4.4308193115710415
4,a50_an,16,Theta,0.25642764860593015
4,a50_an,17,Theta,1.0566923223383393
4,a50_an,18,Theta,4.091595007755343
4,a50_an,19,Theta,2.6062610603802394
4,a50_an,20,Theta,4.179851240591255
4,a50_an,21,Theta,4.845959964876936
4,a50_an,22,Theta,3.440063467303384
4,a50_an,23,Theta,5.054209112652046
4,a50_an,24,Theta,1.981430345514951
4,a50_an,25,Theta,0.7806523076988157
4,a50_an,26,Theta,3.490156952884018
4,a50_an,27,Theta,4.4161490443527
4,a50_an,28,Theta,4.429890016058483
4,a50_an,29,Theta,0.3221870660521849
4,a50_an,30,Theta,3.2585177581903335
4,a50_an,1,Alpha,5.340790953645778
4,a50_an,2,Alpha,3.8641304851424816
4,a50_an,3,Alpha,4.132143442239748
4,a50_an,4,Alpha,0.2457974047957505
4,a50_an,5,Alpha,3.634549939012015
4,a50_an,6,Alpha,0.034432581188155356
4,a50_an,7,Alpha,5.832604703772825
4,a50_an,8,Alpha,5.193427302991738
4,a50_an,9,Alpha,0.9780865212322634
4,a50_an,10,Alpha,3.3391799296143745
4,a50_an,11,Alpha,4.165780033069427
4,a50_an,13,Alpha,6.047012024272341
4,a50_an,14,Alpha,2.0525720320835488
4,a50_an,15,Alpha,2.2020473759840624
4,a50_an,16,Alpha,3.0884647213813117
4,a50_an,17,Alpha,5.110734300552586
4,a50_an,18,Alpha,0.5498072100419255
4,a50_an,19,Alpha,3.2922700116523353
4,a50_an,20,Alpha,2.455143494995618
4,a50_an,21,Alpha,4.364351971553116
4,a50_an,22,Alpha,3.9942919257599128
4,a50_an,23,Alpha,0.4599481222364892
4,a50_an,24,Alpha,1.9196986410497956
4,a50_an,25,Alpha,0.8592403389986486
4,a50_an,26,Alpha,5.307348307546979
4,a50_an,27,Alpha,3.1222665806498604
4,a50_an,28,Alpha,2.9011311589949216
4,a50_an,29,Alpha,2.4923095788871605
4,a50_an,30,Alpha,5.013441334209677
4,a50_an,1,Beta,3.34370168413754
4,a50_an,2,Beta,1.0871445862775766
4,a50_an,3,Beta,1.8178805343626845
4,a50_an,4,Beta,0.7430456653438846
4,a50_an,5,Beta,2.7370527406462455
4,a50_an,6,Beta,3.473011695909097
4,a50_an,7,Beta,1.897251521211282
4,a50_an,8,Beta,4.601425455097738
4,a50_an,9,Beta,3.966098880703843
4,a50_an,10,Beta,1.8571183093601888
4,a50_an,11,Beta,5.607298497565762
4,a50_an,13,Beta,0.41384940203279913
4,a50_an,14,Beta,1.769165938605724
4,a50_an,15,Beta,1.5189968196483472
4,a50_an,16,Beta,4.055663834685712
4,a50_an,17,Beta,2.967823218813276
4,a50_an,18,Beta,0.5071519457878633
4,a50_an,19,Beta,4.295955575538649
4,a50_an,20,Beta,0.33145974292102426
4,a50_an,21,Beta,3.9786968242809726
4,a50_an,22,Beta,5.136135144159325
4,a50_an,23,Beta,0.21091899813564668
4,a50_an,24,Beta,6.0900763085653535
4,a50_an,25,Beta,0.517739378669337
4,a50_an,26,Beta,1.3666686027007346
4,a50_an,27,Beta,0.5387295640231945
4,a50_an,28,Beta,1.682751491098139
4,a50_an,29,Beta,2.029618122347555
4,a50_an,30,Beta,4.119066369205813
4,a75_an,2,Delta,1.023745817502728
4,a75_an,3,Delta,1.045522241475062
4,a75_an,4,Delta,4.5642824749222
4,a75_an,5,Delta,4.870877789045265
4,a75_an,6,Delta,1.104863440194109
4,a75_an,7,Delta,3.028752078961001
4,a75_an,8,Delta,0.5542139673394786
4,a75_an,9,Delta,2.576937998001063
4,a75_an,10,Delta,4.1338312950824525
4,a75_an,11,Delta,3.364624253279192
4,a75_an,12,Delta,4.835120003066777
4,a75_an,13,Delta,0.3713773366695336
4,a75_an,14,Delta,4.2849401468882515
4,a75_an,15,Delta,1.775459104698067
4,a75_an,2,Theta,0.5334474061607934
4,a75_an,3,Theta,0.7415793535646019
4,a75_an,4,Theta,5.003942808489041
4,a75_an,5,Theta,4.462733147913561
4,a75_an,6,Theta,0.8447779059793197
4,a75_an,7,Theta,2.4599116916944515
4,a75_an,8,Theta,0.1732042852947298
4,a75_an,9,Theta,3.1797440212981085
4,a75_an,10,Theta,2.735327066619312
4,a75_an,11,Theta,2.4041903697988594
4,a75_an,12,Theta,4.496859314877184
4,a75_an,13,Theta,0.7026128633589463
4,a75_an,14,Theta,3.8300168091426454
4,a75_an,15,Theta,1.8142628789548991
4,a75_an,2,Alpha,3.2684043427862117
4,a75_an,3,Alpha,5.988584394320824
4,a75_an,4,Alpha,5.708541130168695
4,a75_an,5,Alpha,4.437274960060531
4,a75_an,6,Alpha,0.8201503494578336
4,a75_an,7,Alpha,3.323522737232414
4,a75_an,8,Alpha,5.65472556919304
4,a75_an,9,Alpha,1.5523648217822752
4,a75_an,10,Alpha,2.0299291226986256
4,a75_an,11,Alpha,5.273200197598658
4,a75_an,12,Alpha,4.898716520604733
4,a75_an,13,Alpha,5.567072783511195
4,a75_an,14,Alpha,3.968147549357342
4,a75_an,15,Alpha,4.6032269007072975
4,a75_an,2,Beta,1.9728071276464507
4,a75_an,3,Beta,1.4483991669344407
4,a75_an,4,Beta,5.840392750200772
4,a75_an,5,Beta,2.9877421035893756
4,a75_an,6,Beta,3.2775696293589056
4,a75_an,7,Beta,0.35827485624952154
4,a75_an,8,Beta,1.3305629453906238
4,a75_an,9,Beta,1.1830586081043006
4,a75_an,10,Beta,2.6514686801468046
4,a75_an,11,Beta,4.950060393461773
4,a75_an,12,Beta,5.760470427031535
4,a75_an,13,Beta,4.378111970479152
4,a75_an,14,Beta,5.075972442467115
4,a75_an,15,Beta,1.0051599817177606
5,a50_an,1,Delta,4.872663393980776
5,a50_an,2,Delta,0.8340173732107706
5,a50_an,3,Delta,4.563751450436572
5,a50_an,4,Delta,4.337878442565082
5,a50_an,5,Delta,1.3675090529976381
5,a50_an,6,Delta,4.4552442057556725
5,a50_an,7,Delta,3.8119224462123373
5,a50_an,8,Delta,4.797206319047384
5,a50_an,9,Delta,4.107339849170557
5,a50_an,10,Delta,3.7222100569342627
5,a50_an,11,Delta,1.0521968712328227
5,a50_an,12,Delta,1.724749602639355
5,a50_an,13,Delta,2.290263412056102
5,a50_an,14,Delta,4.83734445522069
5,a50_an,15,Delta,5.269451121170748
5,a50_an,17,Delta,0.4776044874482655
5,a50_an,18,Delta,4.079545648009512
5,a50_an,19,Delta,5.057335246653073
5,a50_an,20,Delta,4.3945124475062896
5,a50_an,21,Delta,4.972585262955969
5,a50_an,22,Delta,3.5153136850296907
5,a50_an,23,Delta,5.917999747877811
5,a50_an,24,Delta,2.7841768726632012
5,a50_an,25,Delta,4.723500833054771
5,a50_an,26,Delta,4.145619273313092
5,a50_an,27,Delta,5.107457817890406
5,a50_an,28,Delta,3.8651677118202796
5,a50_an,29,Delta,5.352851641962268
5,a50_an,30,Delta,5.243477454256061
5,a50_an,1,Theta,0.24287899274777391
5,a50_an,2,Theta,0.3279110628456715
5,a50_an,3,Theta,4.599505573340456
5,a50_an,4,Theta,4.414461240569723
5,a50_an,5,Theta,2.110651331221888
5,a50_an,6,Theta,5.028584240071164
5,a50_an,7,Theta,3.6690183838536163
5,a50_an,8,Theta,5.201561608160846
5,a50_an,9,Theta,3.9671215577027032
5,a50_an,10,Theta,4.307156458940979
5,a50_an,11,Theta,0.848336107984819
5,a50_an,12,Theta,0.9223670635971002
5,a50_an,13,Theta,1.7370896970631153
5,a50_an,14,Theta,5.1792876187772725
5,a50_an,15,Theta,6.215491709697879
5,a50_an,17,Theta,4.703677670276312
5,a50_an,18,Theta,3.1565232101746945
5,a50_an,19,Theta,4.852465028911012
5,a50_an,20,Theta,1.2609723573442186
5,a50_an,21,Theta,6.269459049656804
5,a50_an,22,Theta,3.1962945162848007
5,a50_an,23,Theta,6.208232389092998
5,a50_an,24,Theta,1.8288369692062585
5,a50_an,25,Theta,4.879074318424858
5,a50_an,26,Theta,3.4273976752998867
5,a50_an,27,Theta,5.388189924595364
5,a50_an,28,Theta,4.49528785029664
5,a50_an,29,Theta,6.266859250329473
5,a50_an,30,Theta,0.1719143513777375
5,a50_an,1,Alpha,4.23830727783667
5,a50_an,2,Alpha,2.9826518354891625
5,a50_an,3,Alpha,1.4959392604011734
5,a50_an,4,Alpha,2.071624215240402
5,a50_an,5,Alpha,2.7769454583879356
5,a50_an,6,Alpha,2.7208759234989857
5,a50_an,7,Alpha,5.5114253026681705
5,a50_an,8,Alpha,6.180934057341625
5,a50_an,9,Alpha,2.3689850944435014
5,a50_an,10,Alpha,3.943800299529837
5,a50_an,11,Alpha,5.952939169885451
5,a50_an,12,Alpha,2.863312659354635
5,a50_an,13,Alpha,4.676303063266131
5,a50_an,14,Alpha,3.6702018620145287
5,a50_an,15,Alpha,2.3655340974703742
5,a50_an,17,Alpha,3.376571491896128
5,a50_an,18,Alpha,1.988210872251122
5,a50_an,19,Alpha,1.8810780654104409
5,a50_an,20,Alpha,1.626158698773119
5,a50_an,21,Alpha,0.6967427560029171
5,a50_an,22,Alpha,1.5546137990309947
5,a50_an,23,Alpha,2.770886553033926
5,a50_an,24,Alpha,3.810236924035783
5,a50_an,25,Alpha,5.71860077304319
5,a50_an,26,Alpha,0.5402831011726414
5,a50_an,27,Alpha,4.3125635477085575
5,a50_an,28,Alpha,4.537908763055525
5,a50_an,29,Alpha,1.4734567121319921
5,a50_an,30,Alpha,4.869931391897512
5,a50_an,1,Beta,2.7536605181035068
5,a50_an,2,Beta,1.4262424292060565
5,a50_an,3,Beta,1.3695922089765697
5,a50_an,4,Beta,0.9984430587786377
5,a50_an,5,Beta,2.785150895084418
5,a50_an,6,Beta,4.066728114548043
5,a50_an,7,Beta,4.148332404955893
5,a50_an,8,Beta,4.244013591194416
5,a50_an,9,Beta,1.6005268283868925
5,a50_an,10,Beta,1.1589523090160712
5,a50_an,11,Beta,6.269953640723729
5,a50_an,12,Beta,5.054781467509073
5,a50_an,13,Beta,1.1291638574009861
5,a50_an,14,Beta,4.083235292282304
5,a50_an,15,Beta,2.9536263673557506
5,a50_an,17,Beta,2.1288634300710845
5,a50_an,18,Beta,0.9833776423162031
5,a50_an,19,Beta,1.5706774099392045
5,a50_an,20,Beta,5.9380314724175705
5,a50_an,21,Beta,1.1096805738684292
5,a50_an,22,Beta,0.7394847126598801
5,a50_an,23,Beta,3.2254975849853094
5,a50_an,24,Beta,3.5666389781817496
5,a50_an,25,Beta,5.448000349124956
5,a50_an,26,Beta,5.984444574328701
5,a50_an,27,Beta,4.155533355179099
5,a50_an,28,Beta,5.074191044744763
5,a50_an,29,Beta,3.1716124183741394
5,a50_an,30,Beta,5.507158296427662
5,a75_an,1,Delta,4.008795741840995
5,a75_an,2,Delta,4.83269592935703
5,a75_an,3,Delta,3.896579148404433
5,a75_an,4,Delta,4.105746965810129
5,a75_an,5,Delta,5.076629572029413
5,a75_an,6,Delta,0.4097404813099107
5,a75_an,7,Delta,1.2337092387221849
5,a75_an,8,Delta,5.210775241696116
5,a75_an,9,Delta,5.035980841381145
5,a75_an,10,Delta,4.561162968436141
5,a75_an,11,Delta,4.411486669465958
5,a75_an,12,Delta,4.612235181391569
5,a75_an,13,Delta,1.1865628788349654
5,a75_an,14,Delta,0.23295565029713713
5,a75_an,15,Delta,4.555916178871481
5,a75_an,1,Theta,3.477596518127088
5,a75_an,2,Theta,5.305744662350736
5,a75_an,3,Theta,4.484998731710609
5,a75_an,4,Theta,3.3557342837208757
5,a75_an,5,Theta,5.510372625729764
5,a75_an,6,Theta,5.228743112442293
5,a75_an,7,Theta,0.8472292766007314
5,a75_an,8,Theta,5.359815397722196
5,a75_an,9,Theta,4.700008047931055
5,a75_an,10,Theta,4.382974595161144
5,a75_an,11,Theta,1.3093656632328796
5,a75_an,12,Theta,4.592768194601574
5,a75_an,13,Theta,1.3286794075066004
5,a75_an,14,Theta,0.6066631752041434
5,a75_an,15,Theta,4.784689685640965
5,a75_an,1,Alpha,3.937515608738848
5,a75_an,2,Alpha,2.242980978974023
5,a75_an,3,Alpha,4.971618582547521
5,a75_an,4,Alpha,0.9446576253052817
5,a75_an,5,Alpha,0.2778802146055124
5,a75_an,6,Alpha,4.574249496117134
5,a75_an,7,Alpha,5.7946199723895075
5,a75_an,8,Alpha,3.893413289123835
5,a75_an,9,Alpha,3.075155638813443
5,a75_an,10,Alpha,4.298670931524015
5,a75_an,11,Alpha,3.5424021187246177
5,a75_an,12,Alpha,3.632885569894903
5,a75_an,13,Alpha,1.6023782685259145
5,a75_an,14,Alpha,5.140393174861951
5,a75_an,15,Alpha,6.020959184478199
5,a75_an,1,Beta,3.9694935303464454
5,a75_an,2,Beta,2.480969968686691
5,a75_an,3,Beta,1.9858218237087744
5,a75_an,4,Beta,5.839926041402403
5,a75_an,5,Beta,3.393185005002327
5,a75_an,6,Beta,5.492059910731303
5,a75_an,7,Beta,4.247942367387238
5,a75_an,8,Beta,4.347968326803039
5,a75_an,9,Beta,0.9011490011095337
5,a75_an,10,Beta,5.604123700588811
5,a75_an,11,Beta,5.546223257137455
5,a75_an,12,Beta,1.630772179150394
5,a75_an,13,Beta,1.7794905693756895
5,a75_an,14,Beta,4.0159835522721625
5,a75_an,15,Beta,5.8532535062174444
6,a75_an,1,Delta,0.8427636972351551
6,a75_an,2,Delta,4.953204510020593
6,a75_an,3,Delta,2.934079673695394
6,a75_an,4,Delta,2.3509265688651793
6,a75_an,5,Delta,4.498078750533788
6,a75_an,6,Delta,2.434173820887312
6,a75_an,7,Delta,1.0319388511717629
6,a75_an,8,Delta,4.764842045526766
6,a75_an,9,Delta,4.975209533404298
6,a75_an,10,Delta,5.056336233013302
6,a75_an,11,Delta,0.40343213975402387
6,a75_an,12,Delta,6.189728606104414
6,a75_an,13,Delta,4.60378150771669
6,a75_an,14,Delta,0.8719210954209663
6,a75_an,15,Delta,4.897337677065504
6,a75_an,1,Theta,0.488183933753884
6,a75_an,2,Theta,5.385891795580443
6,a75_an,3,Theta,2.228530211082334
6,a75_an,4,Theta,3.01484359601781
6,a75_an,5,Theta,4.386223738722075
6,a75_an,6,Theta,1.1224688052093985
6,a75_an,7,Theta,0.7047223560117498
6,a75_an,8,Theta,4.718226058459955
6,a75_an,9,Theta,4.867277554735127
6,a75_an,10,Theta,5.723688877383181
6,a75_an,11,Theta,0.5857565843674729
6,a75_an,12,Theta,5.651089996078324
6,a75_an,13,Theta,2.725413385156902
6,a75_an,14,Theta,5.6787236866034405
6,a75_an,15,Theta,1.7062916498656022
6,a75_an,1,Alpha,5.3731409768626115
6,a75_an,2,Alpha,1.9115272883962195
6,a75_an,3,Alpha,2.1685696046735963
6,a75_an,4,Alpha,0.8847205304543284
6,a75_an,5,Alpha,3.433405863576058
6,a75_an,6,Alpha,1.0666094156168129
6,a75_an,7,Alpha,6.068687049952718
6,a75_an,8,Alpha,1.3293878439885947
6,a75_an,9,Alpha,0.0556431375839346
6,a75_an,10,Alpha,0.9151280780729344
6,a75_an,11,Alpha,5.142200560906289
6,a75_an,12,Alpha,5.582453290656047
6,a75_an,13,Alpha,3.5063526657126216
6,a75_an,14,Alpha,0.9664551533166855
6,a75_an,15,Alpha,3.538046506654007
6,a75_an,1,Beta,1.401188301155506
6,a75_an,2,Beta,4.48278119356962
6,a75_an,3,Beta,5.924078696933178
6,a75_an,4,Beta,5.928478078544316
6,a75_an,5,Beta,2.064582716600068
6,a75_an,6,Beta,1.8683027751983179
6,a75_an,7,Beta,2.4494849931407816
6,a75_an,8,Beta,1.3325469997986437
6,a75_an,9,Beta,0.3096091788881618
6,a75_an,10,Beta,0.7041110309362631
6,a75_an,11,Beta,2.2262623809989996
6,a75_an,12,Beta,1.2151733844561023
6,a75_an,13,Beta,0.9468842713217513
6,a75_an,14,Beta,0.6012379051214696
6,a75_an,15,Beta,5.494683269181162
6,a50_an,1,Delta,5.412764250694402
6,a50_an,2,Delta,4.5601886780396725
6,a50_an,3,Delta,4.818854258773326
6,a50_an,4,Delta,6.225828314892458
6,a50_an,5,Delta,3.5159569332568053
6,a50_an,6,Delta,2.9647154618180473
6,a50_an,7,Delta,2.791675649309206
6,a50_an,8,Delta,5.386447694026536
6,a50_an,9,Delta,3.518920897901434
6,a50_an,10,Delta,6.21256877937124
6,a50_an,11,Delta,5.63782895797773
6,a50_an,12,Delta,4.673372904304006
6,a50_an,13,Delta,4.244071651553339
6,a50_an,14,Delta,5.648834849623129
6,a50_an,15,Delta,1.2821348460625004
6,a50_an,16,Delta,1.352784563611069
6,a50_an,17,Delta,5.014414407818993
6,a50_an,18,Delta,5.920277845068748
6,a50_an,19,Delta,2.929473949128975
6,a50_an,20,Delta,6.125472778363279
6,a50_an,21,Delta,1.0170928824098826
6,a50_an,22,Delta,4.630824146770542
6,a50_an,23,Delta,4.465059475386754
6,a50_an,24,Delta,0.9559208313557364
6,a50_an,25,Delta,2.371888910820222
6,a50_an,26,Delta,2.298329041532991
6,a50_an,27,Delta,4.569935743131365
6,a50_an,28,Delta,0.47613811124504984
6,a50_an,29,Delta,5.369775683059197
6,a50_an,30,Delta,1.7207602246188176
6,a50_an,1,Theta,5.339424363266961
6,a50_an,2,Theta,4.988068560188254
6,a50_an,3,Theta,4.951139087578572
6,a50_an,4,Theta,5.149124207611891
6,a50_an,5,Theta,2.926639993666113
6,a50_an,6,Theta,3.424361996610606
6,a50_an,7,Theta,2.235806287779878
6,a50_an,8,Theta,5.602518181861643
6,a50_an,9,Theta,4.127716138435257
6,a50_an,10,Theta,0.5484987467391859
6,a50_an,11,Theta,5.839233166119672
6,a50_an,12,Theta,5.01642008488429
6,a50_an,13,Theta,3.888953962281968
6,a50_an,14,Theta,5.567988978350039
6,a50_an,15,Theta,0.7398804815114912
6,a50_an,16,Theta,1.3284966596861298
6,a50_an,17,Theta,4.745931086006401
6,a50_an,18,Theta,5.929063163432988
6,a50_an,19,Theta,2.8951762904550207
6,a50_an,20,Theta,5.909554446383034
6,a50_an,21,Theta,2.02069866845966
6,a50_an,22,Theta,5.277145442834931
6,a50_an,23,Theta,4.033111792410908
6,a50_an,24,Theta,0.5104740195831218
6,a50_an,25,Theta,3.268088101074464
6,a50_an,26,Theta,2.5557654146239743
6,a50_an,27,Theta,4.342187118607589
6,a50_an,28,Theta,5.538695335973997
6,a50_an,29,Theta,5.003675604059422
6,a50_an,30,Theta,2.575232710754471
6,a50_an,1,Alpha,1.6003890055675316
6,a50_an,2,Alpha,5.796518551079455
6,a50_an,3,Alpha,3.7617732520822837
6,a50_an,4,Alpha,3.801012677437879
6,a50_an,5,Alpha,1.6694416515396746
6,a50_an,6,Alpha,1.6797785979134545
6,a50_an,7,Alpha,2.2650325504333795
6,a50_an,8,Alpha,0.027025122246823425
6,a50_an,9,Alpha,4.751112517807211
6,a50_an,10,Alpha,3.65868342072578
6,a50_an,11,Alpha,2.1209983363320912
6,a50_an,12,Alpha,0.9029490780578795
6,a50_an,13,Alpha,4.925163577859021
6,a50_an,14,Alpha,2.829268449478345
6,a50_an,15,Alpha,6.098333404011798
6,a50_an,16,Alpha,2.186565456939969
6,a50_an,17,Alpha,3.773479941397444
6,a50_an,18,Alpha,0.5067437707309218
6,a50_an,19,Alpha,3.1726086540269836
6,a50_an,20,Alpha,2.105044048864599
6,a50_an,21,Alpha,2.852506529022398
6,a50_an,22,Alpha,0.5319628464079788
6,a50_an,23,Alpha,0.37789532645892093
6,a50_an,24,Alpha,5.333213965788008
6,a50_an,25,Alpha,3.413584186384786
6,a50_an,26,Alpha,5.568413827420387
6,a50_an,27,Alpha,1.117560054207988
6,a50_an,28,Alpha,4.540753990663943
6,a50_an,29,Alpha,1.7471011733675401
6,a50_an,30,Alpha,4.503224898938215
6,a50_an,1,Beta,3.243152554912008
6,a50_an,2,Beta,6.201652072344563
6,a50_an,3,Beta,1.5415543873884165
6,a50_an,4,Beta,3.107977143954469
6,a50_an,5,Beta,5.308305516721855
6,a50_an,6,Beta,2.5798550940410916
6,a50_an,7,Beta,1.0450315798435699
6,a50_an,8,Beta,1.578370369077514
6,a50_an,9,Beta,1.7540331500354418
6,a50_an,10,Beta,4.257143107967316
6,a50_an,11,Beta,4.83802546875014
6,a50_an,12,Beta,0.0996382193221317
6,a50_an,13,Beta,1.5690842959435483
6,a50_an,14,Beta,3.8182945388093605
6,a50_an,15,Beta,5.989999352980219
6,a50_an,16,Beta,4.015278364864079
6,a50_an,17,Beta,5.1133279237323315
6,a50_an,18,Beta,0.5771005485999179
6,a50_an,19,Beta,4.770437317217767
6,a50_an,20,Beta,5.558498810768596
6,a50_an,21,Beta,5.801987564641041
6,a50_an,22,Beta,0.2436845061728482
6,a50_an,23,Beta,5.734652238282179
6,a50_an,24,Beta,5.462272784399833
6,a50_an,25,Beta,4.808077297212338
6,a50_an,26,Beta,5.050875473215537
6,a50_an,27,Beta,5.655440010339939
6,a50_an,28,Beta,4.014574421259642
6,a50_an,29,Beta,4.035453778151422
6,a50_an,30,Beta,4.5835062587904964
7,a50_an,1,Delta,3.1507706977076806
7,a50_an,2,Delta,1.924522467575723
7,a50_an,3,Delta,4.845138991501213
7,a50_an,4,Delta,1.467491351313264
7,a50_an,5,Delta,2.1605720741684085
7,a50_an,6,Delta,4.075301056987024
7,a50_an,7,Delta,0.8133146190096276
7,a50_an,8,Delta,2.519313176971448
7,a50_an,9,Delta,4.681124860514837
7,a50_an,10,Delta,1.459255112014873
7,a50_an,11,Delta,5.133866724013304
7,a50_an,13,Delta,5.577226368675707
7,a50_an,14,Delta,3.5336971387035754
7,a50_an,15,Delta,1.3977867439064966
7,a50_an,16,Delta,1.6378129036994198
7,a50_an,17,Delta,6.188159424682405
7,a50_an,18,Delta,0.9542469937650803
7,a50_an,19,Delta,4.935784529695635
7,a50_an,20,Delta,2.019119199839515
7,a50_an,21,Delta,4.988853436130032
7,a50_an,22,Delta,1.35538496041063
7,a50_an,23,Delta,2.3627990860474846
7,a50_an,24,Delta,0.3193447266050812
7,a50_an,25,Delta,3.6737886004998974
7,a50_an,26,Delta,4.307786397644149
7,a50_an,27,Delta,1.8436399697187453
7,a50_an,28,Delta,0.8492179851900953
7,a50_an,29,Delta,5.435581062712827
7,a50_an,30,Delta,1.6659636461192098
7,a50_an,1,Theta,2.6033200459820254
7,a50_an,2,Theta,2.1937736047713186
7,a50_an,3,Theta,5.59150090011757
7,a50_an,4,Theta,6.13592463234185
7,a50_an,5,Theta,2.266229906319291
7,a50_an,6,Theta,3.1678003204922285
7,a50_an,7,Theta,0.24732535019712795
7,a50_an,8,Theta,3.223788050647109
7,a50_an,9,Theta,3.8582094700033065
7,a50_an,10,Theta,1.2106125166404131
7,a50_an,11,Theta,5.120980985677827
7,a50_an,13,Theta,0.6271719939634107
7,a50_an,14,Theta,3.650121954468383
7,a50_an,15,Theta,1.226087734846521
7,a50_an,16,Theta,1.6268756117261534
7,a50_an,17,Theta,6.041254887278187
7,a50_an,18,Theta,0.7323443808902014
7,a50_an,19,Theta,4.992703902019004
7,a50_an,20,Theta,2.5587988116368137
7,a50_an,21,Theta,4.914375323353223
7,a50_an,22,Theta,1.22868295387905
7,a50_an,23,Theta,3.445934445722181
7,a50_an,24,Theta,5.019251516806993
7,a50_an,25,Theta,4.317910506563126
7,a50_an,26,Theta,4.291637315514725
7,a50_an,27,Theta,2.528924461327946
7,a50_an,28,Theta,0.8605802462275043
7,a50_an,29,Theta,5.50729674380305
7,a50_an,30,Theta,1.615307833898766
7,a50_an,1,Alpha,2.677075242087153
7,a50_an,2,Alpha,2.578719300016187
7,a50_an,3,Alpha,4.689943344012483
7,a50_an,4,Alpha,4.0773335909919695
7,a50_an,5,Alpha,1.8074661056055825
7,a50_an,6,Alpha,4.005732947069854
7,a50_an,7,Alpha,2.9413948310583526
7,a50_an,8,Alpha,6.0781361016782505
7,a50_an,9,Alpha,4.057633543285926
7,a50_an,10,Alpha,4.338557703452232
7,a50_an,11,Alpha,5.959910411469352
7,a50_an,13,Alpha,0.7497887533917342
7,a50_an,14,Alpha,3.3253186841967803
7,a50_an,15,Alpha,1.589813493318393
7,a50_an,16,Alpha,2.3897319003567192
7,a50_an,17,Alpha,3.7797129606001927
7,a50_an,18,Alpha,2.515697565691086
7,a50_an,19,Alpha,2.697394196187133
7,a50_an,20,Alpha,3.2498525635022832
7,a50_an,21,Alpha,3.725383892298296
7,a50_an,22,Alpha,2.297547671429683
7,a50_an,23,Alpha,3.898015337844371
7,a50_an,24,Alpha,2.0596426168838904
7,a50_an,25,Alpha,4.237659283014339
7,a50_an,26,Alpha,4.594510752427588
7,a50_an,27,Alpha,2.1787352805685627
7,a50_an,28,Alpha,1.5333683391821364
7,a50_an,29,Alpha,3.198916989646275
7,a50_an,30,Alpha,4.284518627220319
7,a50_an,1,Beta,2.6278862609459117
7,a50_an,2,Beta,0.704924237712048
7,a50_an,3,Beta,3.475801428265747
7,a50_an,4,Beta,3.801686583445254
7,a50_an,5,Beta,4.602776890302177
7,a50_an,6,Beta,2.4574913346367886
7,a50_an,7,Beta,3.712894806480545
7,a50_an,8,Beta,1.0655597955118552
7,a50_an,9,Beta,4.442290807437056
7,a50_an,10,Beta,5.962279631976079
7,a50_an,11,Beta,0.07467701042391725
7,a50_an,13,Beta,3.179731085017266
7,a50_an,14,Beta,2.933864351182301
7,a50_an,15,Beta,2.023926106945771
7,a50_an,16,Beta,0.9867341541524959
7,a50_an,17,Beta,3.7084575929803925
7,a50_an,18,Beta,4.677097614157718
7,a50_an,19,Beta,0.4382896254146897
7,a50_an,20,Beta,2.327940277991076
7,a50_an,21,Beta,4.846875682373225
7,a50_an,22,Beta,2.443145664640585
7,a50_an,23,Beta,5.014489024721369
7,a50_an,24,Beta,6.160434631794413
7,a50_an,25,Beta,6.209356459094221
7,a50_an,26,Beta,4.457818559175879
7,a50_an,27,Beta,2.2548807285265773
7,a50_an,28,Beta,1.654715666024275
7,a50_an,29,Beta,4.238958410937448
7,a50_an,30,Beta,4.490412983451066
7,a75_an,1,Delta,3.413947577070524
7,a75_an,2,Delta,0.09704774323288042
7,a75_an,3,Delta,1.4024879780684234
7,a75_an,4,Delta,4.4862557913201
7,a75_an,5,Delta,1.6743069481647361
7,a75_an,6,Delta,0.08296011811510937
7,a75_an,7,Delta,2.415951334587168
7,a75_an,9,Delta,0.8430591372252308
7,a75_an,10,Delta,1.7489505861082633
7,a75_an,11,Delta,0.7980350378498066
7,a75_an,12,Delta,3.0880450920939904
7,a75_an,13,Delta,0.4952934515284803
7,a75_an,15,Delta,4.335620468696202
7,a75_an,1,Theta,3.190893634110358
7,a75_an,2,Theta,4.943397921465877
7,a75_an,3,Theta,1.2289815150348424
7,a75_an,4,Theta,2.1094374703376193
7,a75_an,5,Theta,2.074753277848531
7,a75_an,6,Theta,0.002968467664816713
7,a75_an,7,Theta,0.5760210026041799
7,a75_an,9,Theta,6.281121102380144
7,a75_an,10,Theta,0.6680843325609314
7,a75_an,11,Theta,0.5783801830260371
7,a75_an,12,Theta,3.285909447831138
7,a75_an,13,Theta,0.807001048257099
7,a75_an,15,Theta,1.4440711661761834
7,a75_an,1,Alpha,5.758808257225539
7,a75_an,2,Alpha,0.34331400093071973
7,a75_an,3,Alpha,0.22493240193727695
7,a75_an,4,Alpha,2.1110593909534052
7,a75_an,5,Alpha,3.1881382994603706
7,a75_an,6,Alpha,3.680548123674159
7,a75_an,7,Alpha,3.575625698604918
7,a75_an,9,Alpha,5.004842397926031
7,a75_an,10,Alpha,4.481816797217682
7,a75_an,11,Alpha,5.102233857166503
7,a75_an,12,Alpha,4.044822835944704
7,a75_an,13,Alpha,1.8924902696438912
7,a75_an,15,Alpha,5.656509872666061
7,a75_an,1,Beta,2.854627625828478
7,a75_an,2,Beta,0.203218423262154
7,a75_an,3,Beta,5.76315304870851
7,a75_an,4,Beta,2.6323556783547217
7,a75_an,5,Beta,4.23711458615767
7,a75_an,6,Beta,3.6501678367700316
7,a75_an,7,Beta,3.850892705213593
7,a75_an,9,Beta,4.401127083761837
7,a75_an,10,Beta,5.805501392491088
7,a75_an,11,Beta,3.532788750411507
7,a75_an,12,Beta,2.0189275837402803
7,a75_an,13,Beta,2.408303428158699
7,a75_an,15,Beta,3.5526341849075993
8,a75_an,1,Delta,5.204406110712237
8,a75_an,2,Delta,4.781942249330735
8,a75_an,3,Delta,1.2280210153989115
8,a75_an,4,Delta,3.9164656815055525
8,a75_an,5,Delta,0.7878589258490664
8,a75_an,6,Delta,2.2749550479466754
8,a75_an,7,Delta,3.3248620396495276
8,a75_an,8,Delta,5.62667216770507
8,a75_an,9,Delta,4.975688717055568
8,a75_an,10,Delta,5.460221595122438
8,a75_an,11,Delta,1.2133115656362765
8,a75_an,12,Delta,0.2814859019046324
8,a75_an,13,Delta,0.9931457455434901
8,a75_an,14,Delta,3.8108816147474704
8,a75_an,15,Delta,4.637760421700178
8,a75_an,1,Theta,0.022734483182355797
8,a75_an,2,Theta,6.1434974181527995
8,a75_an,3,Theta,0.9472202514223639
8,a75_an,4,Theta,3.923038818774658
8,a75_an,5,Theta,1.125963208035195
8,a75_an,6,Theta,3.1869846992531805
8,a75_an,7,Theta,3.1282629797004256
8,a75_an,8,Theta,5.816980742730556
8,a75_an,9,Theta,0.8206627133506414
8,a75_an,10,Theta,6.269528695652742
8,a75_an,11,Theta,1.3732366311342152
8,a75_an,12,Theta,0.005272853957242944
8,a75_an,13,Theta,4.878181031923386
8,a75_an,14,Theta,3.7350775268907235
8,a75_an,15,Theta,4.763407666313939
8,a75_an,1,Alpha,4.060062865265879
8,a75_an,2,Alpha,3.005541229611453
8,a75_an,3,Alpha,3.487220226020796
8,a75_an,4,Alpha,4.822909341988304
8,a75_an,5,Alpha,4.328597762250918
8,a75_an,6,Alpha,2.9746055666328486
8,a75_an,7,Alpha,2.717925513318566
8,a75_an,8,Alpha,4.732588818045294
8,a75_an,9,Alpha,0.81979104035975
8,a75_an,10,Alpha,1.827929850599138
8,a75_an,11,Alpha,4.683234102866386
8,a75_an,12,Alpha,1.7070094285322401
8,a75_an,13,Alpha,0.981749722668535
8,a75_an,14,Alpha,6.086750569117713
8,a75_an,15,Alpha,2.239489434195737
8,a75_an,1,Beta,2.7020607323506
8,a75_an,2,Beta,5.532127514064627
8,a75_an,3,Beta,3.6533936931540345
8,a75_an,4,Beta,5.138985341629784
8,a75_an,5,Beta,4.028398122455623
8,a75_an,6,Beta,2.6763532878476974
8,a75_an,7,Beta,3.150381779320462
8,a75_an,8,Beta,4.27858378942616
8,a75_an,9,Beta,3.6549056912507076
8,a75_an,10,Beta,0.9760565344445906
8,a75_an,11,Beta,5.614832039385475
8,a75_an,12,Beta,2.213904055249358
8,a75_an,13,Beta,1.878891108119245
8,a75_an,14,Beta,3.3713013914803747
8,a75_an,15,Beta,1.2507971071806323
8,a50_an,1,Delta,0.0014076161486038313
8,a50_an,2,Delta,1.2744540106542768
8,a50_an,3,Delta,4.906858684546419
8,a50_an,4,Delta,6.2695958979927084
8,a50_an,5,Delta,1.2294492680116245
8,a50_an,6,Delta,1.943457829264573
8,a50_an,7,Delta,1.0053436725671898
8,a50_an,8,Delta,1.3212632600983474
8,a50_an,9,Delta,0.6657462240065773
8,a50_an,10,Delta,4.945639155257028
8,a50_an,11,Delta,0.4182994595789155
8,a50_an,12,Delta,4.663122080527006
8,a50_an,13,Delta,0.6331211096845372
8,a50_an,14,Delta,1.208690977576308
8,a50_an,15,Delta,4.138324172048965
8,a50_an,16,Delta,5.852998358951021
8,a50_an,17,Delta,1.3731775642261443
8,a50_an,18,Delta,5.907255168458198
8,a50_an,19,Delta,4.675614862854845
8,a50_an,20,Delta,2.4049761004296903
8,a50_an,21,Delta,1.5531709743840585
8,a50_an,22,Delta,1.8771316902438344
8,a50_an,23,Delta,0.8146010585141247
8,a50_an,24,Delta,2.16849496564385
8,a50_an,25,Delta,4.292421712134626
8,a50_an,26,Delta,4.421008717082753
8,a50_an,27,Delta,4.29725815505514
8,a50_an,28,Delta,1.5953140411013012
8,a50_an,29,Delta,4.23129447450764
8,a50_an,30,Delta,2.4767707104873486
8,a50_an,1,Theta,0.23487369848744974
8,a50_an,2,Theta,2.2265670582177512
8,a50_an,3,Theta,4.96453182269116
8,a50_an,4,Theta,0.4636407978468894
8,a50_an,5,Theta,4.226457454511214
8,a50_an,6,Theta,4.250688898400172
8,a50_an,7,Theta,1.929502507148293
8,a50_an,8,Theta,5.8336467698097065
8,a50_an,9,Theta,6.041801213897854
8,a50_an,10,Theta,4.739505798488132
8,a50_an,11,Theta,0.7416846389120718
8,a50_an,12,Theta,4.297494946680951
8,a50_an,13,Theta,1.0608847245120305
8,a50_an,14,Theta,1.2009924624589574
8,a50_an,15,Theta,1.798540055730929
8,a50_an,16,Theta,5.949814963800105
8,a50_an,17,Theta,1.6022201299188177
8,a50_an,18,Theta,1.7014525572663497
8,a50_an,19,Theta,4.364455211007153
8,a50_an,20,Theta,2.688578871831079
8,a50_an,21,Theta,2.66223136965074
8,a50_an,22,Theta,1.7902733323719613
8,a50_an,23,Theta,0.8001549696516229
8,a50_an,24,Theta,2.255772326888314
8,a50_an,25,Theta,4.344399607159275
8,a50_an,26,Theta,3.8205093612512204
8,a50_an,27,Theta,6.2429741726889425
8,a50_an,28,Theta,1.9317490206699
8,a50_an,29,Theta,5.509009375590261
8,a50_an,30,Theta,2.6774513481011177
8,a50_an,1,Alpha,5.562063881204973
8,a50_an,2,Alpha,2.920473238787301
8,a50_an,3,Alpha,3.1512873945090787
8,a50_an,4,Alpha,1.1126851518174243
8,a50_an,5,Alpha,6.163143391421737
8,a50_an,6,Alpha,6.124131482159593
8,a50_an,7,Alpha,3.596948795877708
8,a50_an,8,Alpha,2.3373172241279794
8,a50_an,9,Alpha,5.800526413164361
8,a50_an,10,Alpha,3.8460807271751634
8,a50_an,11,Alpha,4.954879340203552
8,a50_an,12,Alpha,4.170954026665834
8,a50_an,13,Alpha,2.6560055012599704
8,a50_an,14,Alpha,5.960305734508488
8,a50_an,15,Alpha,0.7396735086180529
8,a50_an,16,Alpha,3.475117357993044
8,a50_an,17,Alpha,3.9436206063060517
8,a50_an,18,Alpha,2.3710295123376546
8,a50_an,19,Alpha,4.788453980730036
8,a50_an,20,Alpha,1.4558032585074994
8,a50_an,21,Alpha,1.0931694788020268
8,a50_an,22,Alpha,0.2342205387206484
8,a50_an,23,Alpha,2.055731303291674
8,a50_an,24,Alpha,6.123466658707101
8,a50_an,25,Alpha,0.1884262458264364
8,a50_an,26,Alpha,4.125418605330408
8,a50_an,27,Alpha,0.13737984499083797
8,a50_an,28,Alpha,2.705271942318262
8,a50_an,29,Alpha,1.9456216412918874
8,a50_an,30,Alpha,2.8016134900713743
8,a50_an,1,Beta,4.356424634266768
8,a50_an,2,Beta,3.3388201400347044
8,a50_an,3,Beta,4.306112622543047
8,a50_an,4,Beta,3.169170768102889
8,a50_an,5,Beta,2.05222653523592
8,a50_an,6,Beta,2.6339193329557613
8,a50_an,7,Beta,3.362369670364846
8,a50_an,8,Beta,2.8360414812544983
8,a50_an,9,Beta,0.15049521922269535
8,a50_an,10,Beta,0.6081392921836782
8,a50_an,11,Beta,0.8911414124266344
8,a50_an,12,Beta,3.4090028510458135
8,a50_an,13,Beta,1.2998371806772293
8,a50_an,14,Beta,3.6294741167051545
8,a50_an,15,Beta,1.4698919672705362
8,a50_an,16,Beta,3.61450485197601
8,a50_an,17,Beta,1.7988971605653077
8,a50_an,18,Beta,2.6872004113644627
8,a50_an,19,Beta,6.146364127219423
8,a50_an,20,Beta,0.02228045805816096
8,a50_an,21,Beta,1.6382539936034122
8,a50_an,22,Beta,0.7470284035102321
8,a50_an,23,Beta,4.463944807483812
8,a50_an,24,Beta,4.698146307597219
8,a50_an,25,Beta,0.3062217799473911
8,a50_an,26,Beta,1.678293986456068
8,a50_an,27,Beta,1.6225325276823264
8,a50_an,28,Beta,3.4568273803054868
8,a50_an,29,Beta,2.487082059545786
8,a50_an,30,Beta,2.2597686961937877
9,a50_an,1,Delta,6.191313187105099
9,a50_an,2,Delta,1.086874778642082
9,a50_an,3,Delta,1.1167731672075907
9,a50_an,4,Delta,1.8496889458261088
9,a50_an,5,Delta,3.7070237473123604
9,a50_an,6,Delta,1.6459247727075232
9,a50_an,7,Delta,1.8844548668905519
9,a50_an,8,Delta,3.1245270569989487
9,a50_an,9,Delta,1.1101448836845549
9,a50_an,10,Delta,4.801796742418589
9,a50_an,11,Delta,1.3438081360536154
9,a50_an,12,Delta,5.378654555379713
9,a50_an,13,Delta,1.2325649879768155
9,a50_an,14,Delta,4.595149691747865
9,a50_an,15,Delta,2.6921210042752666
9,a50_an,16,Delta,1.840767494500058
9,a50_an,17,Delta,1.8848693427397247
9,a50_an,18,Delta,2.2304566778399275
9,a50_an,19,Delta,5.798264176248409
9,a50_an,20,Delta,0.9176906355880295
9,a50_an,21,Delta,1.4518006442892186
9,a50_an,22,Delta,0.23317660911430815
9,a50_an,23,Delta,1.8810031890351644
9,a50_an,24,Delta,0.054701752897765396
9,a50_an,25,Delta,0.9962939898645592
9,a50_an,26,Delta,1.1740132849537848
9,a50_an,27,Delta,0.16605643999563452
9,a50_an,28,Delta,2.778265839828285
9,a50_an,29,Delta,5.7145156916983755
9,a50_an,30,Delta,1.6422775526072055
9,a50_an,1,Theta,5.197927129327309
9,a50_an,2,Theta,0.8543712345509863
9,a50_an,3,Theta,1.5352424113382102
9,a50_an,4,Theta,4.441357849940777
9,a50_an,5,Theta,2.8699700661016636
9,a50_an,6,Theta,1.6713372626729792
9,a50_an,7,Theta,2.226095750566427
9,a50_an,8,Theta,3.736585396613321
9,a50_an,9,Theta,1.6171675626414452
9,a50_an,10,Theta,4.79694887492187
9,a50_an,11,Theta,5.23575845401837
9,a50_an,12,Theta,0.6882530127426181
9,a50_an,13,Theta,1.509620170774587
9,a50_an,14,Theta,3.658771580606291
9,a50_an,15,Theta,2.730929063842199
9,a50_an,16,Theta,1.6905466391479196
9,a50_an,17,Theta,2.157386276417238
9,a50_an,18,Theta,2.6022490005586247
9,a50_an,19,Theta,5.462721531074834
9,a50_an,20,Theta,1.167657998775895
9,a50_an,21,Theta,4.102470188272445
9,a50_an,22,Theta,0.682426551465996
9,a50_an,23,Theta,2.9877277573816086
9,a50_an,24,Theta,6.249896260699537
9,a50_an,25,Theta,1.0593945567916032
9,a50_an,26,Theta,1.508554019259066
9,a50_an,27,Theta,0.7171115994068554
9,a50_an,28,Theta,3.5151419216452124
9,a50_an,29,Theta,2.8181158591187483
9,a50_an,30,Theta,1.39125929509474
9,a50_an,1,Alpha,3.885251764570512
9,a50_an,2,Alpha,5.307031202793698
9,a50_an,3,Alpha,4.2550421714510325
9,a50_an,4,Alpha,1.9243050492155702
9,a50_an,5,Alpha,4.5575644503727215
9,a50_an,6,Alpha,5.778394640439338
9,a50_an,7,Alpha,2.3311538966260206
9,a50_an,8,Alpha,5.8248405678476916
9,a50_an,9,Alpha,2.66047701274597
9,a50_an,10,Alpha,5.6744779762176565
9,a50_an,11,Alpha,0.043250958717551254
9,a50_an,12,Alpha,5.945472105608561
9,a50_an,13,Alpha,0.10100812486515273
9,a50_an,14,Alpha,1.777281397429845
9,a50_an,15,Alpha,2.731074368443886
9,a50_an,16,Alpha,3.9326836694068485
9,a50_an,17,Alpha,1.8656030407167794
9,a50_an,18,Alpha,0.3223885368430088
9,a50_an,19,Alpha,3.0765794180236425
9,a50_an,20,Alpha,0.050934718624914874
9,a50_an,21,Alpha,4.154804965202724
9,a50_an,22,Alpha,2.444140003646462
9,a50_an,23,Alpha,2.1416367847674653
9,a50_an,24,Alpha,2.577956111014113
9,a50_an,25,Alpha,3.806894144687716
9,a50_an,26,Alpha,5.924267888933808
9,a50_an,27,Alpha,5.316734766366065
9,a50_an,28,Alpha,6.111508972582379
9,a50_an,29,Alpha,2.4032219358590488
9,a50_an,30,Alpha,0.5997220467479069
9,a50_an,1,Beta,4.267033532213673
9,a50_an,2,Beta,2.0721777357912323
9,a50_an,3,Beta,1.621517280970499
9,a50_an,4,Beta,2.7265519024032336
9,a50_an,5,Beta,0.5641491150312907
9,a50_an,6,Beta,0.5600107408749541
9,a50_an,7,Beta,1.7217139234646714
9,a50_an,8,Beta,3.1013621885993485
9,a50_an,9,Beta,0.7754247143042156
9,a50_an,10,Beta,3.4110849157809096
9,a50_an,11,Beta,1.0624916834419635
9,a50_an,12,Beta,3.553294694846872
9,a50_an,13,Beta,0.4670052154176626
9,a50_an,14,Beta,2.9170326164503546
9,a50_an,15,Beta,4.295417086803985
9,a50_an,16,Beta,2.001201006859682
9,a50_an,17,Beta,0.2986013397385826
9,a50_an,18,Beta,1.5313501510341345
9,a50_an,19,Beta,3.8844567227472226
9,a50_an,20,Beta,4.863555895081747
9,a50_an,21,Beta,4.315627914598899
9,a50_an,22,Beta,0.5489297195560757
9,a50_an,23,Beta,3.870530692901495
9,a50_an,24,Beta,3.11957693294049
9,a50_an,25,Beta,0.031790176229643675
9,a50_an,26,Beta,6.057663941967265
9,a50_an,27,Beta,5.495228536682195
9,a50_an,28,Beta,2.2934179962904713
9,a50_an,29,Beta,2.39058884888976
9,a50_an,30,Beta,4.695469864048558
9,a75_an,1,Delta,4.602247873915301
9,a75_an,2,Delta,4.339873346221364
9,a75_an,3,Delta,1.6521648226396473
9,a75_an,4,Delta,2.354082882339186
9,a75_an,5,Delta,4.860884577243426
9,a75_an,6,Delta,5.318008595155155
9,a75_an,7,Delta,0.5800468188666691
9,a75_an,8,Delta,1.8154922936451954
9,a75_an,10,Delta,0.5403828097526726
9,a75_an,11,Delta,1.611192410625481
9,a75_an,12,Delta,1.7137202299750158
9,a75_an,13,Delta,1.3511789545915383
9,a75_an,14,Delta,4.427853910528503
9,a75_an,15,Delta,4.8557557871061965
9,a75_an,1,Theta,5.327817049954507
9,a75_an,2,Theta,4.334000520341819
9,a75_an,3,Theta,1.8959904409651214
9,a75_an,4,Theta,3.2821253249409845
9,a75_an,5,Theta,4.107277807740811
9,a75_an,6,Theta,5.090849147316349
9,a75_an,7,Theta,5.997778841198252
9,a75_an,8,Theta,2.0357520901971182
9,a75_an,10,Theta,0.13663751981814248
9,a75_an,11,Theta,1.7641194272231933
9,a75_an,12,Theta,2.1559662499383383
9,a75_an,13,Theta,1.8889948959836795
9,a75_an,14,Theta,4.99818502972521
9,a75_an,15,Theta,5.267447089488568
9,a75_an,1,Alpha,5.104922125806079
9,a75_an,2,Alpha,2.487874027669821
9,a75_an,3,Alpha,2.784187622689128
9,a75_an,4,Alpha,5.003209270739043
9,a75_an,5,Alpha,4.086655733694219
9,a75_an,6,Alpha,4.482672768528758
9,a75_an,7,Alpha,3.4360647822550257
9,a75_an,8,Alpha,3.8844055481052626
9,a75_an,10,Alpha,5.793845544740518
9,a75_an,11,Alpha,1.8637643493578215
9,a75_an,12,Alpha,4.5144704506519435
9,a75_an,13,Alpha,1.0594334003065868
9,a75_an,14,Alpha,5.851049859974315
9,a75_an,15,Alpha,3.3593633900541153
9,a75_an,1,Beta,0.7466314752415659
9,a75_an,2,Beta,6.2711170846394
9,a75_an,3,Beta,4.738498795598088
9,a75_an,4,Beta,6.211785732026102
9,a75_an,5,Beta,5.5116795549449575
9,a75_an,6,Beta,1.5869966138628062
9,a75_an,7,Beta,3.6499047413911003
9,a75_an,8,Beta,2.6592671240654733
9,a75_an,10,Beta,0.21092820324995773
9,a75_an,11,Beta,1.0365431785860761
9,a75_an,12,Beta,0.5089999005733166
9,a75_an,13,Beta,1.5073120430129692
9,a75_an,14,Beta,2.059169561089425
9,a75_an,15,Beta,2.6864077703358906
