subject,condition,trial,band,angle_rad
10,a50_an,1,Delta,4.5495167060852175
10,a50_an,2,Delta,0.6409114020652609
10,a50_an,3,Delta,1.8891347233942328
10,a50_an,4,Delta,0.8796516102257617
10,a50_an,5,Delta,1.9250531969092965
10,a50_an,6,Delta,3.228234985902068
10,a50_an,7,Delta,3.3107827660984066
10,a50_an,8,Delta,0.13728428561173192
10,a50_an,9,Delta,4.351488997403293
10,a50_an,10,Delta,3.8157569573072045
10,a50_an,11,Delta,1.7955767995627951
10,a50_an,12,Delta,4.321294668478523
10,a50_an,13,Delta,5.084619461350879
10,a50_an,14,Delta,4.768101921144853
10,a50_an,15,Delta,2.2911753789760447
10,a50_an,16,Delta,1.771969995801714
10,a50_an,17,Delta,4.488708597852301
10,a50_an,18,Delta,2.5974372419981075
10,a50_an,19,Delta,4.925172654709799
10,a50_an,20,Delta,0.30744016340055064
10,a50_an,21,Delta,4.4879267942242365
10,a50_an,22,Delta,4.526115955146352
10,a50_an,23,Delta,4.931447119250019
10,a50_an,24,Delta,1.515402672674514
10,a50_an,25,Delta,6.037650018481428
10,a50_an,26,Delta,4.468996977360223
10,a50_an,27,Delta,4.475670662620141
10,a50_an,28,Delta,4.669644998212445
10,a50_an,29,Delta,1.1725915188178544
10,a50_an,30,Delta,2.8886877757972846
10,a50_an,1,Theta,2.726427265603764
10,a50_an,2,Theta,0.316027172054877
10,a50_an,3,Theta,6.256396061879524
10,a50_an,4,Theta,0.796097331223978
10,a50_an,5,Theta,1.0798154179432589
10,a50_an,6,Theta,3.534661770912892
10,a50_an,7,Theta,0.8524592872186739
10,a50_an,8,Theta,1.4532958526282644
10,a50_an,9,Theta,1.9935958189691956
10,a50_an,10,Theta,4.658899393938816
10,a50_an,11,Theta,2.2183676782496033
10,a50_an,12,Theta,4.551768805477496
10,a50_an,13,Theta,0.4210703135910302
10,a50_an,14,Theta,0.6087092582022428
10,a50_an,15,Theta,3.9249671253742004
10,a50_an,16,Theta,2.430672302913831
10,a50_an,17,Theta,3.1799269540498423
10,a50_an,18,Theta,2.5578173030142723
10,a50_an,19,Theta,4.719787930218215
10,a50_an,20,Theta,0.17891476858285194
10,a50_an,21,Theta,5.193557259485006
10,a50_an,22,Theta,4.897214782859493
10,a50_an,23,Theta,5.611719428758881
10,a50_an,24,Theta,0.6249065389171233
10,a50_an,25,Theta,5.994982098772117
10,a50_an,26,Theta,2.302243351598189
10,a50_an,27,Theta,4.064562118787485
10,a50_an,28,Theta,0.6692143897700019
10,a50_an,29,Theta,1.333727521611099
10,a50_an,30,Theta,1.9103001042971237
10,a50_an,1,Alpha,0.7663150033415338
10,a50_an,2,Alpha,5.756998702305779
10,a50_an,3,Alpha,0.2443053306275445
10,a50_an,4,Alpha,0.38892071284552554
10,a50_an,5,Alpha,4.29556255741339
10,a50_an,6,Alpha,5.447147289285347
10,a50_an,7,Alpha,0.24131935236718743
10,a50_an,8,Alpha,2.284184820560871
10,a50_an,9,Alpha,1.380085835624578
10,a50_an,10,Alpha,0.2740571671006541
10,a50_an,11,Alpha,4.158746233799065
10,a50_an,12,Alpha,5.783941944158725
10,a50_an,13,Alpha,1.0096254619634264
10,a50_an,14,Alpha,0.7210983686112736
10,a50_an,15,Alpha,3.8416703215100196
10,a50_an,16,Alpha,2.007084490203708
10,a50_an,17,Alpha,2.3867313322198247
10,a50_an,18,Alpha,2.0337437289220053
10,a50_an,19,Alpha,3.728231197680947
10,a50_an,20,Alpha,4.116136342881294
10,a50_an,21,Alpha,5.344499259857793
10,a50_an,22,Alpha,0.27112479968098857
10,a50_an,23,Alpha,5.705883494317203
10,a50_an,24,Alpha,3.335451054537093
10,a50_an,25,Alpha,5.066823851692918
10,a50_an,26,Alpha,2.1025861744477354
10,a50_an,27,Alpha,3.718237416693713
10,a50_an,28,Alpha,0.5966429788611881
10,a50_an,29,Alpha,3.0541786392372305
10,a50_an,30,Alpha,1.3008514654457686
10,a50_an,1,Beta,6.201132199026986
10,a50_an,2,Beta,5.659015283148827
10,a50_an,3,Beta,0.15705234998369338
10,a50_an,4,Beta,5.193900622072402
10,a50_an,5,Beta,4.362987806669108
10,a50_an,6,Beta,0.0733553068330024
10,a50_an,7,Beta,0.5970215182295325
10,a50_an,8,Beta,3.7108645210645963
10,a50_an,9,Beta,0.7324132961903962
10,a50_an,10,Beta,3.369094407573533
10,a50_an,11,Beta,1.076876527958676
10,a50_an,12,Beta,4.852382478431559
10,a50_an,13,Beta,2.886910225031055
10,a50_an,14,Beta,3.7565683370568776
10,a50_an,15,Beta,3.663156528436859
10,a50_an,16,Beta,1.1560038502547634
10,a50_an,17,Beta,6.018036107104046
10,a50_an,18,Beta,0.8940678562145903
10,a50_an,19,Beta,3.6450119522072577
10,a50_an,20,Beta,1.5113654428202563
10,a50_an,21,Beta,1.3742513390011557
10,a50_an,22,Beta,0.2230203024007223
10,a50_an,23,Beta,1.4482289145905058
10,a50_an,24,Beta,0.46500130013630314
10,a50_an,25,Beta,3.825092481417686
10,a50_an,26,Beta,3.8160403347658995
10,a50_an,27,Beta,4.786927775135558
10,a50_an,28,Beta,2.624590087697982
10,a50_an,29,Beta,2.577039450429811
10,a50_an,30,Beta,5.230775194199934
10,a75_an,1,Delta,1.899209596713745
10,a75_an,2,Delta,1.6106084338439532
10,a75_an,3,Delta,1.8791959757548977
10,a75_an,4,Delta,3.008407014213679
10,a75_an,5,Delta,4.46935733291986
10,a75_an,6,Delta,0.43218500084011374
10,a75_an,7,Delta,5.775624584908723
10,a75_an,8,Delta,1.6805541542647466
10,a75_an,9,Delta,5.409548057848662
10,a75_an,10,Delta,2.1487029462956464
10,a75_an,11,Delta,2.9964720296724026
10,a75_an,12,Delta,4.746353104296251
10,a75_an,13,Delta,1.9409704097894522
10,a75_an,15,Delta,3.7107914889908553
10,a75_an,1,Theta,2.29930210222982
10,a75_an,2,Theta,0.9014940058008593
10,a75_an,3,Theta,2.680045180287907
10,a75_an,4,Theta,3.6224260560090875
10,a75_an,5,Theta,5.486889671818614
10,a75_an,6,Theta,1.0517352911886995
10,a75_an,7,Theta,5.410262679755147
10,a75_an,8,Theta,1.2142580707176032
10,a75_an,9,Theta,1.2241644246226322
10,a75_an,10,Theta,1.780785032892937
10,a75_an,11,Theta,2.374063030804142
10,a75_an,12,Theta,4.668480871493603
10,a75_an,13,Theta,2.8198488707863727
10,a75_an,15,Theta,4.1685645647289675
10,a75_an,1,Alpha,2.06605706732153
10,a75_an,2,Alpha,5.911557792096797
10,a75_an,3,Alpha,4.089104400383552
10,a75_an,4,Alpha,3.7783021414641254
10,a75_an,5,Alpha,6.166770538933867
10,a75_an,6,Alpha,3.673014026785428
10,a75_an,7,Alpha,3.5280606133820926
10,a75_an,8,Alpha,5.83877092567148
10,a75_an,9,Alpha,2.2141177076925636
10,a75_an,10,Alpha,2.7832300547363964
10,a75_an,11,Alpha,2.291605883844766
10,a75_an,12,Alpha,4.96230783529655
10,a75_an,13,Alpha,5.170693683908186
10,a75_an,15,Alpha,0.022082659150701876
10,a75_an,1,Beta,6.035417908594079
10,a75_an,2,Beta,0.9417437695378188
10,a75_an,3,Beta,3.567794506689883
10,a75_an,4,Beta,0.48535458731188885
10,a75_an,5,Beta,4.430384831140613
10,a75_an,6,Beta,1.8547661949010152
10,a75_an,7,Beta,5.110033763632098
10,a75_an,8,Beta,3.5974888636804767
10,a75_an,9,Beta,6.209409147626656
10,a75_an,10,Beta,2.161191660964885
10,a75_an,11,Beta,3.429127206702066
10,a75_an,12,Beta,1.1384202973909365
10,a75_an,13,Beta,5.34059195329218
10,a75_an,15,Beta,0.7689357447919951
11,a50_an,1,Delta,3.5736975223087644
11,a50_an,2,Delta,5.129992098974303
11,a50_an,3,Delta,2.3750885595294413
11,a50_an,4,Delta,5.208712813728081
11,a50_an,5,Delta,4.816952867383234
11,a50_an,6,Delta,0.05970064352892433
11,a50_an,7,Delta,5.241701896649111
11,a50_an,8,Delta,1.7092981812503956
11,a50_an,9,Delta,4.818815920937514
11,a50_an,10,Delta,6.035489441260831
11,a50_an,11,Delta,4.507008019313195
11,a50_an,12,Delta,5.761996518991749
11,a50_an,13,Delta,1.5098756985607527
11,a50_an,14,Delta,4.943220891718401
11,a50_an,15,Delta,0.872567304291474
11,a50_an,16,Delta,5.244082614432556
11,a50_an,17,Delta,2.5891331991609934
11,a50_an,18,Delta,3.961066259982962
11,a50_an,19,Delta,2.2797927494500314
11,a50_an,20,Delta,3.284701947980874
11,a50_an,21,Delta,1.9577760268746898
11,a50_an,22,Delta,5.069077805036509
11,a50_an,23,Delta,2.4868209321543118
11,a50_an,24,Delta,4.983294605957883
11,a50_an,25,Delta,2.5171586099537357
11,a50_an,26,Delta,1.8826702471183954
11,a50_an,27,Delta,3.9089463909141586
11,a50_an,28,Delta,0.26892285429169005
11,a50_an,29,Delta,3.6403576183066106
11,a50_an,30,Delta,6.032602141770839
11,a50_an,1,Theta,4.169304706638469
11,a50_an,2,Theta,1.3566540533955693
11,a50_an,3,Theta,1.2870037451762113
11,a50_an,4,Theta,5.141226230692684
11,a50_an,5,Theta,5.000894965950877
11,a50_an,6,Theta,0.08311693560921729
11,a50_an,7,Theta,2.8060565608103474
11,a50_an,8,Theta,0.6606515412920835
11,a50_an,9,Theta,5.811388323292993
11,a50_an,10,Theta,5.323577186964114
11,a50_an,11,Theta,4.002541072550493
11,a50_an,12,Theta,0.6928872538239466
11,a50_an,13,Theta,1.6356130736230698
11,a50_an,14,Theta,5.620421519326029
11,a50_an,15,Theta,0.5687249050604507
11,a50_an,16,Theta,5.345227882285741
11,a50_an,17,Theta,3.2068044746611566
11,a50_an,18,Theta,2.9409423826854
11,a50_an,19,Theta,2.8385079495623273
11,a50_an,20,Theta,2.2232446358659503
11,a50_an,21,Theta,1.9116887241221117
11,a50_an,22,Theta,6.125549697319071
11,a50_an,23,Theta,2.365430157034078
11,a50_an,24,Theta,1.4372560356142412
11,a50_an,25,Theta,4.214265249727096
11,a50_an,26,Theta,2.0576540102002716
11,a50_an,27,Theta,4.581254756970484
11,a50_an,28,Theta,0.05953040419925793
11,a50_an,29,Theta,1.022437107943254
11,a50_an,30,Theta,5.762715292268154
11,a50_an,1,Alpha,5.755674878899966
11,a50_an,2,Alpha,1.6093869341974312
11,a50_an,3,Alpha,0.9478547590292835
11,a50_an,4,Alpha,5.304710869227902
11,a50_an,5,Alpha,3.824711449785123
11,a50_an,6,Alpha,0.17150814941108566
11,a50_an,7,Alpha,5.3330504961364245
11,a50_an,8,Alpha,0.5671143525005934
11,a50_an,9,Alpha,6.087398141484517
11,a50_an,10,Alpha,4.789498600087647
11,a50_an,11,Alpha,3.2743857888516374
11,a50_an,12,Alpha,0.9048463612493718
11,a50_an,13,Alpha,1.966133055954906
11,a50_an,14,Alpha,6.200940233976798
11,a50_an,15,Alpha,4.04973077107215
11,a50_an,16,Alpha,4.884845931646049
11,a50_an,17,Alpha,1.8652658890695115
11,a50_an,18,Alpha,2.987235137552103
11,a50_an,19,Alpha,2.0752208143810495
11,a50_an,20,Alpha,1.7917295987384605
11,a50_an,21,Alpha,1.4293408328451929
11,a50_an,22,Alpha,0.8079954781189351
11,a50_an,23,Alpha,1.194350960746145
11,a50_an,24,Alpha,1.168423086248991
11,a50_an,25,Alpha,4.463773260030804
11,a50_an,26,Alpha,1.196651655618481
11,a50_an,27,Alpha,2.550920685681867
11,a50_an,28,Alpha,1.725646870944982
11,a50_an,29,Alpha,0.037678602321785555
11,a50_an,30,Alpha,4.6242487433704245
11,a50_an,1,Beta,5.2080440632710605
11,a50_an,2,Beta,2.0652807604100842
11,a50_an,3,Beta,0.2048533857565773
11,a50_an,4,Beta,3.1450344098513536
11,a50_an,5,Beta,3.436068096453063
11,a50_an,6,Beta,0.9695405465587423
11,a50_an,7,Beta,4.826852585323383
11,a50_an,8,Beta,1.1596531744929044
11,a50_an,9,Beta,0.27094181562335407
11,a50_an,10,Beta,5.916897115241332
11,a50_an,11,Beta,3.7607686997292173
11,a50_an,12,Beta,5.860931366997061
11,a50_an,13,Beta,1.7885634880325125
11,a50_an,14,Beta,1.0553875190342994
11,a50_an,15,Beta,2.349105741494006
11,a50_an,16,Beta,4.871349917592719
11,a50_an,17,Beta,2.1906272080006177
11,a50_an,18,Beta,2.8639737632516784
11,a50_an,19,Beta,3.665685708263245
11,a50_an,20,Beta,4.5280237124889515
11,a50_an,21,Beta,5.318072921118256
11,a50_an,22,Beta,0.4411222511904454
11,a50_an,23,Beta,1.8852412395103229
11,a50_an,24,Beta,5.653284914675293
11,a50_an,25,Beta,4.145619815433982
11,a50_an,26,Beta,2.8595110316131325
11,a50_an,27,Beta,1.134710866175821
11,a50_an,28,Beta,0.8409962491718083
11,a50_an,29,Beta,0.7941798655634803
11,a50_an,30,Beta,2.4288317415008347
11,a75_an,1,Delta,4.811283260096008
11,a75_an,2,Delta,4.104647612563335
11,a75_an,3,Delta,3.116608067026957
11,a75_an,4,Delta,3.283409628153253
11,a75_an,5,Delta,5.153045572561671
11,a75_an,6,Delta,3.5219007991078497
11,a75_an,7,Delta,3.807102621090413
11,a75_an,8,Delta,4.7330684672678816
11,a75_an,9,Delta,0.3008104973882084
11,a75_an,10,Delta,3.447242413565856
11,a75_an,11,Delta,4.391217577033215
11,a75_an,12,Delta,1.0588385650204335
11,a75_an,13,Delta,4.403257325222164
11,a75_an,14,Delta,1.651712087070293
11,a75_an,15,Delta,5.57866056136743
11,a75_an,1,Theta,5.115818911018148
11,a75_an,2,Theta,3.7282548925791312
11,a75_an,3,Theta,3.4446711676822095
11,a75_an,4,Theta,3.7379010936448767
11,a75_an,5,Theta,5.206212287479573
11,a75_an,6,Theta,3.031546898985368
11,a75_an,7,Theta,2.911867248843883
11,a75_an,8,Theta,5.089689967295882
11,a75_an,9,Theta,6.01568657063138
11,a75_an,10,Theta,4.391458707289909
11,a75_an,11,Theta,0.9612302197030317
11,a75_an,12,Theta,5.440389029800504
11,a75_an,13,Theta,2.83514539241496
11,a75_an,14,Theta,1.2322575894451075
11,a75_an,15,Theta,6.275987087524255
11,a75_an,1,Alpha,5.992442044015739
11,a75_an,2,Alpha,4.026208003244156
11,a75_an,3,Alpha,4.328407219584317
11,a75_an,4,Alpha,5.1311166277351745
11,a75_an,5,Alpha,5.638591406544798
11,a75_an,6,Alpha,2.5519290117161195
11,a75_an,7,Alpha,1.731237945725112
11,a75_an,8,Alpha,5.122186488367568
11,a75_an,9,Alpha,0.7642847659168608
11,a75_an,10,Alpha,5.887240964430774
11,a75_an,11,Alpha,0.9869475607123901
11,a75_an,12,Alpha,4.994205842648855
11,a75_an,13,Alpha,2.231688052821699
11,a75_an,14,Alpha,0.09482688008672609
11,a75_an,15,Alpha,5.534043847591835
11,a75_an,1,Beta,4.307377718055458
11,a75_an,2,Beta,0.15158411293260335
11,a75_an,3,Beta,3.5760827293033706
11,a75_an,4,Beta,4.5244130276086185
11,a75_an,5,Beta,5.015071528310541
11,a75_an,6,Beta,5.41196482714661
11,a75_an,7,Beta,3.718864107091886
11,a75_an,8,Beta,4.77390396743367
11,a75_an,9,Beta,3.4051511735348012
11,a75_an,10,Beta,1.6909993340489957
11,a75_an,11,Beta,2.815130767981291
11,a75_an,12,Beta,3.9456580622577797
11,a75_an,13,Beta,1.2769938816225748
11,a75_an,14,Beta,2.2170203585425496
11,a75_an,15,Beta,4.8853825405285445
12,a50_an,1,Delta,1.8498471562707393
12,a50_an,2,Delta,1.1453657149079517
12,a50_an,3,Delta,4.856445233535667
12,a50_an,4,Delta,1.5395490082709586
12,a50_an,5,Delta,5.707944704693392
12,a50_an,6,Delta,3.5186562516397295
12,a50_an,7,Delta,0.10055275194488726
12,a50_an,8,Delta,1.018714534854528
12,a50_an,9,Delta,5.0875562694893555
12,a50_an,10,Delta,4.6734770410020445
12,a50_an,12,Delta,1.2145180590599776
12,a50_an,13,Delta,1.5085596350115156
12,a50_an,14,Delta,5.900599022277292
12,a50_an,15,Delta,5.0771499890799525
12,a50_an,16,Delta,3.0286433806536324
12,a50_an,17,Delta,4.1653292479248165
12,a50_an,18,Delta,1.4815139327348241
12,a50_an,19,Delta,2.3201421812630527
12,a50_an,20,Delta,2.4451266021591165
12,a50_an,21,Delta,5.100928283439627
12,a50_an,22,Delta,4.290546000213135
12,a50_an,23,Delta,1.8546545490650026
12,a50_an,24,Delta,1.1281961981950221
12,a50_an,25,Delta,4.566205321411244
12,a50_an,26,Delta,4.520538124248624
12,a50_an,27,Delta,3.885015872337257
12,a50_an,28,Delta,2.5219362778289374
12,a50_an,29,Delta,4.274994455301686
12,a50_an,30,Delta,3.9598316644325293
12,a50_an,1,Theta,2.2655638719555817
12,a50_an,2,Theta,3.825185113546062
12,a50_an,3,Theta,0.5155925279112238
12,a50_an,4,Theta,1.8693293063507808
12,a50_an,5,Theta,5.989499138694134
12,a50_an,6,Theta,4.128418232802203
12,a50_an,7,Theta,0.07921167265465695
12,a50_an,8,Theta,6.092307787556214
12,a50_an,9,Theta,4.967740441345563
12,a50_an,10,Theta,2.627279244389374
12,a50_an,12,Theta,1.4390911653215195
12,a50_an,13,Theta,5.730446617611735
12,a50_an,14,Theta,0.13474441439818066
12,a50_an,15,Theta,5.211656164550186
12,a50_an,16,Theta,1.8835053520726117
12,a50_an,17,Theta,4.9217586298187905
12,a50_an,18,Theta,0.3827532203997489
12,a50_an,19,Theta,2.6431668690875645
12,a50_an,20,Theta,0.8161312311070318
12,a50_an,21,Theta,5.55945850878039
12,a50_an,22,Theta,4.283339882166809
12,a50_an,23,Theta,5.245102970735593
12,a50_an,24,Theta,1.0072429181847562
12,a50_an,25,Theta,3.1911352363292584
12,a50_an,26,Theta,3.658887538606664
12,a50_an,27,Theta,6.154011806523311
12,a50_an,28,Theta,0.89814877951921
12,a50_an,29,Theta,1.9279237570903307
12,a50_an,30,Theta,3.5531217718340677
12,a50_an,1,Alpha,2.4517181260283856
12,a50_an,2,Alpha,5.021124459134957
12,a50_an,3,Alpha,0.3301120704587346
12,a50_an,4,Alpha,2.215597465126946
12,a50_an,5,Alpha,0.5411446976044211
12,a50_an,6,Alpha,5.362013687959316
12,a50_an,7,Alpha,5.655834569543469
12,a50_an,8,Alpha,5.297885100247061
12,a50_an,9,Alpha,2.6376156355107905
12,a50_an,10,Alpha,1.6504599852923756
12,a50_an,12,Alpha,1.3192919189118324
12,a50_an,13,Alpha,3.531776949279818
12,a50_an,14,Alpha,1.182368766318857
12,a50_an,15,Alpha,5.083708441273821
12,a50_an,16,Alpha,0.37536312154658336
12,a50_an,17,Alpha,5.379728421476399
12,a50_an,18,Alpha,6.135901319833108
12,a50_an,19,Alpha,0.2228337032137172
12,a50_an,20,Alpha,5.984512803249545
12,a50_an,21,Alpha,4.39387874861223
12,a50_an,22,Alpha,3.6739353804556587
12,a50_an,23,Alpha,2.4665816157335474
12,a50_an,24,Alpha,0.803225252162027
12,a50_an,25,Alpha,2.6897822337495687
12,a50_an,26,Alpha,3.0430844611395194
12,a50_an,27,Alpha,4.964112237492744
12,a50_an,28,Alpha,2.032949331541751
12,a50_an,29,Alpha,0.4905743449228406
12,a50_an,30,Alpha,3.1912587345299
12,a50_an,1,Beta,1.6585479650557955
12,a50_an,2,Beta,4.623784465266819
12,a50_an,3,Beta,3.2027007885934577
12,a50_an,4,Beta,0.10776288535503847
12,a50_an,5,Beta,5.476635350707142
12,a50_an,6,Beta,1.872178868138716
12,a50_an,7,Beta,0.5399113549163658
12,a50_an,8,Beta,2.380674784242796
12,a50_an,9,Beta,3.4877049907916797
12,a50_an,10,Beta,4.004123512796239
12,a50_an,12,Beta,4.3185905018300295
12,a50_an,13,Beta,4.076615176268212
12,a50_an,14,Beta,3.6439716231478636
12,a50_an,15,Beta,2.562584172182586
12,a50_an,16,Beta,1.7167035940362447
12,a50_an,17,Beta,4.578947193107858
12,a50_an,18,Beta,1.7514688096265498
12,a50_an,19,Beta,1.0018171871094104
12,a50_an,20,Beta,1.4043882937084682
12,a50_an,21,Beta,4.559460060424137
12,a50_an,22,Beta,3.468951439134146
12,a50_an,23,Beta,4.643804056745751
12,a50_an,24,Beta,3.0013130073344723
12,a50_an,25,Beta,0.1712733007093096
12,a50_an,26,Beta,3.8812468821924546
12,a50_an,27,Beta,3.4635287001051998
12,a50_an,28,Beta,3.6477402097462375
12,a50_an,29,Beta,3.5422110390705313
12,a50_an,30,Beta,5.03927071792795
12,a75_an,1,Delta,2.9702223562384003
12,a75_an,2,Delta,3.7485935749010593
12,a75_an,3,Delta,3.9305944895079974
12,a75_an,4,Delta,0.8595618739557965
12,a75_an,5,Delta,4.714389785862226
12,a75_an,6,Delta,1.9695582384914627
12,a75_an,7,Delta,1.3524424190815139
12,a75_an,8,Delta,3.030308829450945
12,a75_an,9,Delta,1.3673176512353187
12,a75_an,10,Delta,1.6580363315288176
12,a75_an,11,Delta,4.435242062612895
12,a75_an,12,Delta,0.2126252883065088
12,a75_an,13,Delta,2.9696681607674966
12,a75_an,14,Delta,4.911402412236285
12,a75_an,15,Delta,4.506093754054371
12,a75_an,1,Theta,2.8111853836929406
12,a75_an,2,Theta,3.411114296397066
12,a75_an,3,Theta,4.565230361441139
12,a75_an,4,Theta,1.3795594394401178
12,a75_an,5,Theta,5.9484361893260935
12,a75_an,6,Theta,1.0502467588707645
12,a75_an,7,Theta,6.160859305993319
12,a75_an,8,Theta,3.913465555041424
12,a75_an,9,Theta,2.0617745012665445
12,a75_an,10,Theta,2.0811281310415284
12,a75_an,11,Theta,4.279598497983642
12,a75_an,12,Theta,3.378873022589968
12,a75_an,13,Theta,4.426616982664965
12,a75_an,14,Theta,3.730019819180744
12,a75_an,15,Theta,4.508505301775491
12,a75_an,1,Alpha,3.3436952146411576
12,a75_an,2,Alpha,0.8214530266285389
12,a75_an,3,Alpha,4.920116717103101
12,a75_an,4,Alpha,0.8853073528293248
12,a75_an,5,Alpha,6.044461155031272
12,a75_an,6,Alpha,1.0945326144597163
12,a75_an,7,Alpha,5.848444877093301
12,a75_an,8,Alpha,4.252216351863436
12,a75_an,9,Alpha,2.587986165909447
12,a75_an,10,Alpha,3.5478123222640727
12,a75_an,11,Alpha,5.115404371311888
12,a75_an,12,Alpha,2.9189889508115185
12,a75_an,13,Alpha,0.4814199488669487
12,a75_an,14,Alpha,3.069590384286509
12,a75_an,15,Alpha,4.315205092322696
12,a75_an,1,Beta,4.410772042594834
12,a75_an,2,Beta,0.37988312723544265
12,a75_an,3,Beta,0.5755894097711557
12,a75_an,4,Beta,0.9778094989056159
12,a75_an,5,Beta,5.42973413879128
12,a75_an,6,Beta,4.135544087965933
12,a75_an,7,Beta,5.133086074396839
12,a75_an,8,Beta,2.7170702105063578
12,a75_an,9,Beta,5.366681464524905
12,a75_an,10,Beta,2.4260096921744094
12,a75_an,11,Beta,5.3209225025116496
12,a75_an,12,Beta,3.9913198434621737
12,a75_an,13,Beta,0.8346438333678876
12,a75_an,14,Beta,2.4914852383767454
12,a75_an,15,Beta,4.269483360137617
13,a75_an,1,Delta,2.677838685500385
13,a75_an,2,Delta,3.570511463456236
13,a75_an,3,Delta,1.1228733676314056
13,a75_an,4,Delta,1.0905563989467575
13,a75_an,5,Delta,1.570204982471626
13,a75_an,6,Delta,5.090479608555629
13,a75_an,7,Delta,5.016264403491906
13,a75_an,8,Delta,4.992489030480277
13,a75_an,9,Delta,1.1273026981442664
13,a75_an,10,Delta,1.839786770551648
13,a75_an,11,Delta,1.4029472403411174
13,a75_an,12,Delta,1.5434297224655154
13,a75_an,13,Delta,0.724566807899312
13,a75_an,14,Delta,3.3954161884452576
13,a75_an,15,Delta,2.141345928695704
13,a75_an,1,Theta,3.0528427708391805
13,a75_an,2,Theta,3.14492065567914
13,a75_an,3,Theta,6.248816700925615
13,a75_an,4,Theta,6.104608351819712
13,a75_an,5,Theta,1.7636707299053855
13,a75_an,6,Theta,4.8858323549857685
13,a75_an,7,Theta,4.006811709678832
13,a75_an,8,Theta,0.6735047348177474
13,a75_an,9,Theta,0.18785374121335516
13,a75_an,10,Theta,2.3803902475405407
13,a75_an,11,Theta,0.21282131731209325
13,a75_an,12,Theta,5.959105809637587
13,a75_an,13,Theta,1.3569598321505278
13,a75_an,14,Theta,4.228566630313805
13,a75_an,15,Theta,3.5139065582581517
13,a75_an,1,Alpha,3.6511384405582605
13,a75_an,2,Alpha,0.9759588858085539
13,a75_an,3,Alpha,4.234673869674502
13,a75_an,4,Alpha,5.749039760048978
13,a75_an,5,Alpha,2.485549128959199
13,a75_an,6,Alpha,4.588827090110098
13,a75_an,7,Alpha,3.602802251943994
13,a75_an,8,Alpha,5.718111988683601
13,a75_an,9,Alpha,5.185491845376964
13,a75_an,10,Alpha,2.7776035276243887
13,a75_an,11,Alpha,0.07590753878754607
13,a75_an,12,Alpha,4.812252217138001
13,a75_an,13,Alpha,2.095992535186167
13,a75_an,14,Alpha,4.50571049962252
13,a75_an,15,Alpha,3.3069424306819566
13,a75_an,1,Beta,4.123034246231068
13,a75_an,2,Beta,5.718250141514495
13,a75_an,3,Beta,4.841213315268663
13,a75_an,4,Beta,4.446892427345165
13,a75_an,5,Beta,1.3412583039832633
13,a75_an,6,Beta,2.0642094837733143
13,a75_an,7,Beta,5.258592719545563
13,a75_an,8,Beta,3.3414572388039496
13,a75_an,9,Beta,5.31141055244776
13,a75_an,10,Beta,5.743674927068544
13,a75_an,11,Beta,4.877192121047386
13,a75_an,12,Beta,0.34044570889964865
13,a75_an,13,Beta,5.215305227831018
13,a75_an,14,Beta,4.4511009331397835
13,a75_an,15,Beta,1.3252992924648117
13,a50_an,1,Delta,1.3027874201670264
13,a50_an,2,Delta,4.874151512803875
13,a50_an,3,Delta,0.5572704507466785
13,a50_an,4,Delta,3.638826048808842
13,a50_an,5,Delta,1.9036074930922429
13,a50_an,6,Delta,4.869374459614331
13,a50_an,7,Delta,4.55242031126934
13,a50_an,8,Delta,0.7884347960677743
13,a50_an,9,Delta,5.379279464518725
13,a50_an,10,Delta,2.3817107890415308
13,a50_an,11,Delta,4.218693804493022
13,a50_an,12,Delta,1.2942556747573437
13,a50_an,13,Delta,1.624113233897474
13,a50_an,14,Delta,1.3837549592429599
13,a50_an,15,Delta,0.9177043285561052
13,a50_an,16,Delta,2.0199216862408456
13,a50_an,17,Delta,1.2811719659312686
13,a50_an,18,Delta,5.004193127350639
13,a50_an,19,Delta,2.4188148886134075
13,a50_an,20,Delta,3.3881922258770256
13,a50_an,21,Delta,1.5114686343518422
13,a50_an,22,Delta,0.734670571473386
13,a50_an,23,Delta,1.9586822348073296
13,a50_an,24,Delta,1.7733061220439044
13,a50_an,25,Delta,4.513308045424841
13,a50_an,26,Delta,0.6303775003105538
13,a50_an,27,Delta,3.1729469654148086
13,a50_an,28,Delta,4.939077799102276
13,a50_an,29,Delta,5.323697468262456
13,a50_an,30,Delta,4.668631869340861
13,a50_an,1,Theta,1.1544642404151209
13,a50_an,2,Theta,3.800209162157023
13,a50_an,3,Theta,1.901691397452334
13,a50_an,4,Theta,3.359070416086988
13,a50_an,5,Theta,0.04430971085185822
13,a50_an,6,Theta,2.541786575285968
13,a50_an,7,Theta,3.9835270069417015
13,a50_an,8,Theta,1.864553097657538
13,a50_an,9,Theta,0.16521073395905614
13,a50_an,10,Theta,2.450555517103691
13,a50_an,11,Theta,4.853628110066965
13,a50_an,12,Theta,0.5443440644868496
13,a50_an,13,Theta,1.2131648309954997
13,a50_an,14,Theta,1.1721579919214062
13,a50_an,15,Theta,0.19719652969047013
13,a50_an,16,Theta,3.0398827717255315
13,a50_an,17,Theta,2.158027867092224
13,a50_an,18,Theta,5.1020920167579416
13,a50_an,19,Theta,3.006996672765629
13,a50_an,20,Theta,2.707486003393244
13,a50_an,21,Theta,1.292411157038638
13,a50_an,22,Theta,0.12718039194793365
13,a50_an,23,Theta,1.9394444224286211
13,a50_an,24,Theta,2.7693038866066035
13,a50_an,25,Theta,4.037363237190994
13,a50_an,26,Theta,0.8211723013436949
13,a50_an,27,Theta,2.8245097518341615
13,a50_an,28,Theta,3.795660801634481
13,a50_an,29,Theta,5.463455269017196
13,a50_an,30,Theta,4.089890962743421
13,a50_an,1,Alpha,2.3987770681828122
13,a50_an,2,Alpha,4.59254461343674
13,a50_an,3,Alpha,2.428877003419254
13,a50_an,4,Alpha,3.161346589068428
13,a50_an,5,Alpha,4.952026727531921
13,a50_an,6,Alpha,2.095015981858406
13,a50_an,7,Alpha,1.5972083465669717
13,a50_an,8,Alpha,2.6519197123693576
13,a50_an,9,Alpha,0.9571443039695696
13,a50_an,10,Alpha,4.24365778006262
13,a50_an,11,Alpha,5.072841332442012
13,a50_an,12,Alpha,5.075457413583379
13,a50_an,13,Alpha,0.6399269319433587
13,a50_an,14,Alpha,0.14221718994024776
13,a50_an,15,Alpha,0.03435694411038282
13,a50_an,16,Alpha,3.567976106252705
13,a50_an,17,Alpha,2.691816648431157
13,a50_an,18,Alpha,5.075759058076856
13,a50_an,19,Alpha,3.6617940876884356
13,a50_an,20,Alpha,3.7699792183490373
13,a50_an,21,Alpha,1.1749318462790133
13,a50_an,22,Alpha,5.509793018833502
13,a50_an,23,Alpha,1.4785300021652694
13,a50_an,24,Alpha,3.022422088234828
13,a50_an,25,Alpha,2.3316620957216854
13,a50_an,26,Alpha,0.22864800417004003
13,a50_an,27,Alpha,5.997804444355937
13,a50_an,28,Alpha,2.4702017813653923
13,a50_an,29,Alpha,2.809704127099987
13,a50_an,30,Alpha,2.761178483199086
13,a50_an,1,Beta,4.159608441191488
13,a50_an,2,Beta,0.40500376786415176
13,a50_an,3,Beta,3.5159969963495414
13,a50_an,4,Beta,1.6306732004592388
13,a50_an,5,Beta,4.065262275483174
13,a50_an,6,Beta,3.9871703568687855
13,a50_an,7,Beta,1.2927419190159628
13,a50_an,8,Beta,3.4266360941817053
13,a50_an,9,Beta,0.3700600986411998
13,a50_an,10,Beta,2.78088649170545
13,a50_an,11,Beta,3.7924537659326867
13,a50_an,12,Beta,1.5502666787651735
13,a50_an,13,Beta,5.355020394730052
13,a50_an,14,Beta,5.6021535810085465
13,a50_an,15,Beta,4.072044990287026
13,a50_an,16,Beta,6.176680973838384
13,a50_an,17,Beta,4.239683941482716
13,a50_an,18,Beta,2.500038515887304
13,a50_an,19,Beta,2.1899526895167445
13,a50_an,20,Beta,4.159886320947437
13,a50_an,21,Beta,1.7300258241547177
13,a50_an,22,Beta,3.4934648177527152
13,a50_an,23,Beta,5.237786094075427
13,a50_an,24,Beta,4.410449519158574
13,a50_an,25,Beta,5.247458766625727
13,a50_an,26,Beta,0.25084686919272636
13,a50_an,27,Beta,1.3428600540585207
13,a50_an,28,Beta,4.1070365894149266
13,a50_an,29,Beta,5.678796144570411
13,a50_an,30,Beta,4.776476383982069
14,a75_an,1,Delta,4.465608173279781
14,a75_an,2,Delta,4.292847959839778
14,a75_an,3,Delta,5.066352324203979
14,a75_an,4,Delta,1.4601905768325785
14,a75_an,5,Delta,2.652975572182401
14,a75_an,6,Delta,4.398943424979885
14,a75_an,7,Delta,4.8158862550995485
14,a75_an,8,Delta,4.412441449165879
14,a75_an,9,Delta,2.541242384537005
14,a75_an,10,Delta,5.291328993499015
14,a75_an,11,Delta,2.6807990536330255
14,a75_an,12,Delta,1.8788997000414744
14,a75_an,13,Delta,1.325349617366261
14,a75_an,14,Delta,4.972782535659591
14,a75_an,15,Delta,3.993754026958121
14,a75_an,1,Theta,4.498807159590215
14,a75_an,2,Theta,6.269692027725661
14,a75_an,3,Theta,5.599880053265955
14,a75_an,4,Theta,4.850276393076589
14,a75_an,5,Theta,2.2463788838722873
14,a75_an,6,Theta,5.171944253268832
14,a75_an,7,Theta,4.346354921805626
14,a75_an,8,Theta,3.937072129890917
14,a75_an,9,Theta,2.0695136351971817
14,a75_an,10,Theta,6.199367266512134
14,a75_an,11,Theta,3.5859021093791923
14,a75_an,12,Theta,0.6685905261491105
14,a75_an,13,Theta,0.19657571556799164
14,a75_an,14,Theta,5.930815608739714
14,a75_an,15,Theta,2.880156778771178
14,a75_an,1,Alpha,4.3898269418325535
14,a75_an,2,Alpha,4.645366468330257
14,a75_an,3,Alpha,6.2643982668411375
14,a75_an,4,Alpha,5.703760471805642
14,a75_an,5,Alpha,2.5325688908639408
14,a75_an,6,Alpha,6.181736759262937
14,a75_an,7,Alpha,2.8519623149956006
14,a75_an,8,Alpha,4.197905885861958
14,a75_an,9,Alpha,3.247912900149123
14,a75_an,10,Alpha,0.12794903634483504
14,a75_an,11,Alpha,6.078270297611456
14,a75_an,12,Alpha,0.6865958991718903
14,a75_an,13,Alpha,3.0383668269128634
14,a75_an,14,Alpha,6.135667866963359
14,a75_an,15,Alpha,5.295641793438991
14,a75_an,1,Beta,0.7862800546507243
14,a75_an,2,Beta,5.312654093487266
14,a75_an,3,Beta,3.4468190775116954
14,a75_an,4,Beta,3.212472582484126
14,a75_an,5,Beta,3.3541617860666073
14,a75_an,6,Beta,4.025402790148875
14,a75_an,7,Beta,1.9407017928957235
14,a75_an,8,Beta,0.11232278237859317
14,a75_an,9,Beta,1.7457765245326446
14,a75_an,10,Beta,4.2446982350447175
14,a75_an,11,Beta,0.5288898242996849
14,a75_an,12,Beta,5.62784988670855
14,a75_an,13,Beta,0.37662148910569093
14,a75_an,14,Beta,0.9745100250161276
14,a75_an,15,Beta,4.851726892745377
14,a50_an,1,Delta,1.104332680414236
14,a50_an,2,Delta,0.8882940560517081
14,a50_an,3,Delta,1.6769989693161287
14,a50_an,4,Delta,4.459048158553161
14,a50_an,5,Delta,2.047672703893578
14,a50_an,6,Delta,4.748185071820855
14,a50_an,7,Delta,1.5367223813397297
14,a50_an,8,Delta,2.193955490360984
14,a50_an,9,Delta,3.66895328865062
14,a50_an,10,Delta,4.613011660635671
14,a50_an,11,Delta,3.8124545647256785
14,a50_an,12,Delta,5.589280368941481
14,a50_an,13,Delta,4.457710803990136
14,a50_an,14,Delta,4.150443599700873
14,a50_an,15,Delta,1.3927688428851162
14,a50_an,16,Delta,4.777899277376057
14,a50_an,17,Delta,4.039569203944714
14,a50_an,18,Delta,4.761843126671593
14,a50_an,19,Delta,4.946010231847909
14,a50_an,20,Delta,5.321507096995146
14,a50_an,21,Delta,4.773125540596934
14,a50_an,22,Delta,4.580382488715739
14,a50_an,23,Delta,5.236125574806732
14,a50_an,24,Delta,4.68339679548871
14,a50_an,25,Delta,6.1254744212089
14,a50_an,26,Delta,0.9291861120610113
14,a50_an,27,Delta,3.307113729977517
14,a50_an,28,Delta,2.7314245250438374
14,a50_an,29,Delta,5.274675135103867
14,a50_an,30,Delta,4.622257062469471
14,a50_an,1,Theta,0.6115026664031554
14,a50_an,2,Theta,0.7532038148174407
14,a50_an,3,Theta,1.333753951048574
14,a50_an,4,Theta,5.046875558715788
14,a50_an,5,Theta,3.2885282188550025
14,a50_an,6,Theta,4.607568095040936
14,a50_an,7,Theta,1.8836985611241908
14,a50_an,8,Theta,1.674586914569801
14,a50_an,9,Theta,2.89191483606958
14,a50_an,10,Theta,5.62258284453484
14,a50_an,11,Theta,3.420122348094169
14,a50_an,12,Theta,6.173148151251697
14,a50_an,13,Theta,4.368419486732061
14,a50_an,14,Theta,4.294331858654775
14,a50_an,15,Theta,1.429027044116422
14,a50_an,16,Theta,4.605327492717516
14,a50_an,17,Theta,2.320348275585033
14,a50_an,18,Theta,5.005821954331634
14,a50_an,19,Theta,0.13184960459968362
14,a50_an,20,Theta,2.525392120601974
14,a50_an,21,Theta,4.9445585962657255
14,a50_an,22,Theta,6.210481337210378
14,a50_an,23,Theta,2.3409260397352503
14,a50_an,24,Theta,2.5219219607232324
14,a50_an,25,Theta,0.8418125127189651
14,a50_an,26,Theta,1.3520336299493494
14,a50_an,27,Theta,4.875221835735802
14,a50_an,28,Theta,1.6187028619383663
14,a50_an,29,Theta,0.8597709845567169
14,a50_an,30,Theta,4.354545837154891
14,a50_an,1,Alpha,0.45571659979648216
14,a50_an,2,Alpha,0.06539471023653874
14,a50_an,3,Alpha,5.70928552244497
14,a50_an,4,Alpha,5.422000702971534
14,a50_an,5,Alpha,3.2119653041153287
14,a50_an,6,Alpha,3.538583751429294
14,a50_an,7,Alpha,4.025376148779509
14,a50_an,8,Alpha,0.18832230882301104
14,a50_an,9,Alpha,2.880812770307273
14,a50_an,10,Alpha,0.39840467898592496
14,a50_an,11,Alpha,6.025912870419087
14,a50_an,12,Alpha,0.09420657894544938
14,a50_an,13,Alpha,4.830508202894543
14,a50_an,14,Alpha,1.023482868071284
14,a50_an,15,Alpha,1.1779927542834498
14,a50_an,16,Alpha,4.247343873803159
14,a50_an,17,Alpha,1.7333050662139216
14,a50_an,18,Alpha,5.4979426637817115
14,a50_an,19,Alpha,0.6678720772084725
14,a50_an,20,Alpha,4.588428237947604
14,a50_an,21,Alpha,4.150865806678523
14,a50_an,22,Alpha,0.17846394002049684
14,a50_an,23,Alpha,2.667303715771109
14,a50_an,24,Alpha,2.2533546592656486
14,a50_an,25,Alpha,1.781829467783038
14,a50_an,26,Alpha,2.041930582300257
14,a50_an,27,Alpha,6.140882286581877
14,a50_an,28,Alpha,0.4731962744138402
14,a50_an,29,Alpha,0.5677903509909215
14,a50_an,30,Alpha,3.8178728922609952
14,a50_an,1,Beta,0.8018892204992949
14,a50_an,2,Beta,1.7005230770416981
14,a50_an,3,Beta,0.1813457875146078
14,a50_an,4,Beta,0.17801916066785303
14,a50_an,5,Beta,1.4885497632000122
14,a50_an,6,Beta,4.825652554919502
14,a50_an,7,Beta,4.434547362473628
14,a50_an,8,Beta,3.128479507837
14,a50_an,9,Beta,5.588862724090568
14,a50_an,10,Beta,1.8943175675057022
14,a50_an,11,Beta,5.955975613199813
14,a50_an,12,Beta,1.48040099139081
14,a50_an,13,Beta,5.646499491169984
14,a50_an,14,Beta,1.9009113455005013
14,a50_an,15,Beta,1.5449646830421497
14,a50_an,16,Beta,5.236248989353287
14,a50_an,17,Beta,1.536238058324416
14,a50_an,18,Beta,5.311004440538784
14,a50_an,19,Beta,1.0002972933454972
14,a50_an,20,Beta,3.4759377948188916
14,a50_an,21,Beta,5.200511410609613
14,a50_an,22,Beta,4.1457293585086585
14,a50_an,23,Beta,6.273226526213432
14,a50_an,24,Beta,5.516743754060489
14,a50_an,25,Beta,3.0577687443097057
14,a50_an,26,Beta,2.8989628938363197
14,a50_an,27,Beta,3.9978746324367256
14,a50_an,28,Beta,0.24535478445183562
14,a50_an,29,Beta,2.6365634944534198
14,a50_an,30,Beta,5.432421495779525
15,a75_an,1,Delta,1.0373511807901816
15,a75_an,2,Delta,5.8722876651607505
15,a75_an,3,Delta,0.979810890186178
15,a75_an,4,Delta,1.0286251728792584
15,a75_an,5,Delta,4.060008563545897
15,a75_an,6,Delta,4.901380720855499
15,a75_an,7,Delta,5.769929030946391
15,a75_an,8,Delta,4.012577794272863
15,a75_an,9,Delta,5.325119412447973
15,a75_an,10,Delta,4.059785112442435
15,a75_an,11,Delta,5.087309764032903
15,a75_an,12,Delta,0.06971198203720964
15,a75_an,13,Delta,3.9323205590934576
15,a75_an,14,Delta,3.236126161255733
15,a75_an,15,Delta,3.642186759614185
15,a75_an,1,Theta,0.944673661033372
15,a75_an,2,Theta,0.4319771582566177
15,a75_an,3,Theta,0.005159088435819343
15,a75_an,4,Theta,0.3702281621489554
15,a75_an,5,Theta,2.6165430419832254
15,a75_an,6,Theta,4.716906922100806
15,a75_an,7,Theta,6.191597813832791
15,a75_an,8,Theta,5.049917887981255
15,a75_an,9,Theta,5.866100773877101
15,a75_an,10,Theta,3.487586763306433
15,a75_an,11,Theta,4.82931979888367
15,a75_an,12,Theta,4.623215642528962
15,a75_an,13,Theta,3.834858177922696
15,a75_an,14,Theta,3.0968850305618822
15,a75_an,15,Theta,3.775003752168366
15,a75_an,1,Alpha,1.5680591583254282
15,a75_an,2,Alpha,0.48260181212349446
15,a75_an,3,Alpha,5.023221300366664
15,a75_an,4,Alpha,6.096426180394572
15,a75_an,5,Alpha,2.6737335408038962
15,a75_an,6,Alpha,2.509472046653577
15,a75_an,7,Alpha,0.660952948856104
15,a75_an,8,Alpha,6.028748812402995
15,a75_an,9,Alpha,5.574841834866817
15,a75_an,10,Alpha,4.146260231477345
15,a75_an,11,Alpha,3.778235170467475
15,a75_an,12,Alpha,4.149835354774037
15,a75_an,13,Alpha,4.828455574435348
15,a75_an,14,Alpha,2.9150754253917017
15,a75_an,15,Alpha,3.8549550288284156
15,a75_an,1,Beta,0.3563556501035339
15,a75_an,2,Beta,0.1299062762697164
15,a75_an,3,Beta,5.853855932646773
15,a75_an,4,Beta,4.8764177524394965
15,a75_an,5,Beta,1.1148355732302273
15,a75_an,6,Beta,4.949271943405534
15,a75_an,7,Beta,6.107167300733183
15,a75_an,8,Beta,3.201469428197979
15,a75_an,9,Beta,5.0598901512609675
15,a75_an,10,Beta,4.6428499038577105
15,a75_an,11,Beta,2.816221712392052
15,a75_an,12,Beta,2.41997166251178
15,a75_an,13,Beta,0.9678874299392768
15,a75_an,14,Beta,2.864220013301025
15,a75_an,15,Beta,6.0249512797184
15,a50_an,1,Delta,4.051494072779192
15,a50_an,2,Delta,5.249280516658341
15,a50_an,3,Delta,4.981819127093452
15,a50_an,4,Delta,2.3049971792659543
15,a50_an,5,Delta,2.841746780070507
15,a50_an,6,Delta,3.0103262524072876
15,a50_an,7,Delta,4.768695991947888
15,a50_an,8,Delta,1.7047995544311416
15,a50_an,9,Delta,4.796498930405416
15,a50_an,10,Delta,2.046707283723453
15,a50_an,11,Delta,2.8619320819143885
15,a50_an,12,Delta,4.563036747141894
15,a50_an,13,Delta,0.9072361619621502
15,a50_an,14,Delta,1.8799420845983565
15,a50_an,15,Delta,4.894510219714438
15,a50_an,16,Delta,4.71989843757388
15,a50_an,17,Delta,4.455109764985705
15,a50_an,18,Delta,4.513185981009963
15,a50_an,19,Delta,4.598912127561058
15,a50_an,20,Delta,4.837039168769216
15,a50_an,21,Delta,1.7920896025754025
15,a50_an,22,Delta,4.465950359270751
15,a50_an,23,Delta,4.645492495251119
15,a50_an,24,Delta,4.74723309703524
15,a50_an,25,Delta,4.464642506905152
15,a50_an,26,Delta,4.664940865017581
15,a50_an,27,Delta,5.939939350084248
15,a50_an,28,Delta,1.307772730892994
15,a50_an,29,Delta,3.3884779557785114
15,a50_an,30,Delta,4.213189991246358
15,a50_an,1,Theta,3.4483244857422406
15,a50_an,2,Theta,1.1305332744122625
15,a50_an,3,Theta,6.0591861341835225
15,a50_an,4,Theta,1.1357631695294614
15,a50_an,5,Theta,3.780759610736602
15,a50_an,6,Theta,2.7439870750714475
15,a50_an,7,Theta,5.680641525201145
15,a50_an,8,Theta,1.999643956590234
15,a50_an,9,Theta,5.133864140711545
15,a50_an,10,Theta,1.2579534153673222
15,a50_an,11,Theta,5.083516378302912
15,a50_an,12,Theta,0.5042180230027126
15,a50_an,13,Theta,5.425628095496379
15,a50_an,14,Theta,1.9406097482925602
15,a50_an,15,Theta,4.712870704535898
15,a50_an,16,Theta,3.9202472510397097
15,a50_an,17,Theta,4.402007498688507
15,a50_an,18,Theta,4.834330605437334
15,a50_an,19,Theta,4.714170615561643
15,a50_an,20,Theta,5.262374199367394
15,a50_an,21,Theta,1.9662502748091488
15,a50_an,22,Theta,4.952359437286141
15,a50_an,23,Theta,5.657643856976098
15,a50_an,24,Theta,4.813159555415919
15,a50_an,25,Theta,4.541545879552729
15,a50_an,26,Theta,4.350782196615233
15,a50_an,27,Theta,5.5097777291876255
15,a50_an,28,Theta,2.3429232565996045
15,a50_an,29,Theta,3.097509049041711
15,a50_an,30,Theta,1.6675984432832214
15,a50_an,1,Alpha,0.2280777989282125
15,a50_an,2,Alpha,1.1631020439498376
15,a50_an,3,Alpha,6.257804649620362
15,a50_an,4,Alpha,5.3728283292076044
15,a50_an,5,Alpha,3.010588206271553
15,a50_an,6,Alpha,5.9268882398537475
15,a50_an,7,Alpha,6.042666170392168
15,a50_an,8,Alpha,2.486573533336125
15,a50_an,9,Alpha,4.206817543088157
15,a50_an,10,Alpha,0.45763544339362966
15,a50_an,11,Alpha,5.959364079245499
15,a50_an,12,Alpha,0.9642968051389524
15,a50_an,13,Alpha,3.82042083423462
15,a50_an,14,Alpha,5.639488892241553
15,a50_an,15,Alpha,4.338165515536704
15,a50_an,16,Alpha,3.607025063323764
15,a50_an,17,Alpha,4.996941643819917
15,a50_an,18,Alpha,5.303448978087868
15,a50_an,19,Alpha,5.16847266657115
15,a50_an,20,Alpha,1.7571083800150995
15,a50_an,21,Alpha,0.27660362302123925
15,a50_an,22,Alpha,5.754687658198244
15,a50_an,23,Alpha,0.08539250473723962
15,a50_an,24,Alpha,4.253362993983913
15,a50_an,25,Alpha,5.007327047931576
15,a50_an,26,Alpha,3.88554716894992
15,a50_an,27,Alpha,5.517070434611627
15,a50_an,28,Alpha,3.3407451801900736
15,a50_an,29,Alpha,2.865058495870522
15,a50_an,30,Alpha,0.55669087822356
15,a50_an,1,Beta,6.103507317870195
15,a50_an,2,Beta,5.990172639052087
15,a50_an,3,Beta,2.8985660485047386
15,a50_an,4,Beta,4.620881389305734
15,a50_an,5,Beta,3.5881983890055587
15,a50_an,6,Beta,5.382218689957519
15,a50_an,7,Beta,4.870728069491092
15,a50_an,8,Beta,1.120065686986672
15,a50_an,9,Beta,2.012283011931155
15,a50_an,10,Beta,3.5909434433074283
15,a50_an,11,Beta,0.5614291388027324
15,a50_an,12,Beta,4.609760911526809
15,a50_an,13,Beta,1.9404667448118138
15,a50_an,14,Beta,1.6795580625477748
15,a50_an,15,Beta,3.202350537406939
15,a50_an,16,Beta,0.08969515192060222
15,a50_an,17,Beta,2.3477252780660693
15,a50_an,18,Beta,4.741527172663837
15,a50_an,19,Beta,5.392188036220522
15,a50_an,20,Beta,0.015419050575837956
15,a50_an,21,Beta,4.604157753485034
15,a50_an,22,Beta,2.4329969943863547
15,a50_an,23,Beta,2.3685227951587247
15,a50_an,24,Beta,1.7620081858324166
15,a50_an,25,Beta,3.473851053968673
15,a50_an,26,Beta,5.676123993547919
15,a50_an,27,Beta,3.482190486063374
15,a50_an,28,Beta,0.8969487132110102
15,a50_an,29,Beta,2.546363196207201
15,a50_an,30,Beta,1.6158972350291647
16,a75_an,1,Delta,0.17020025965613922
16,a75_an,2,Delta,3.5945301505113365
16,a75_an,3,Delta,3.2115405740139007
16,a75_an,4,Delta,2.0028313849343125
16,a75_an,5,Delta,4.997148462101569
16,a75_an,6,Delta,2.7741626801404244
16,a75_an,8,Delta,4.714950453539892
16,a75_an,9,Delta,3.992027033751894
16,a75_an,10,Delta,5.099833585715566
16,a75_an,11,Delta,4.0841348422085035
16,a75_an,12,Delta,5.118615753380881
16,a75_an,13,Delta,1.279739063781819
16,a75_an,14,Delta,1.1621437649842334
16,a75_an,15,Delta,5.334383123758121
16,a75_an,1,Theta,5.6449111374852174
16,a75_an,2,Theta,2.8052814978392333
16,a75_an,3,Theta,3.5874561109820076
16,a75_an,4,Theta,3.032239569683436
16,a75_an,5,Theta,4.847811513578668
16,a75_an,6,Theta,4.335805029659996
16,a75_an,8,Theta,3.6950889777885854
16,a75_an,9,Theta,3.2444585826271957
16,a75_an,10,Theta,0.9489209142542194
16,a75_an,11,Theta,4.0285550577133575
16,a75_an,12,Theta,4.827092509198955
16,a75_an,13,Theta,1.5011731386808593
16,a75_an,14,Theta,1.1664336720478439
16,a75_an,15,Theta,5.534271220102962
16,a75_an,1,Alpha,5.608350569261896
16,a75_an,2,Alpha,2.717626798867538
16,a75_an,3,Alpha,0.14014308262224462
16,a75_an,4,Alpha,4.84391915517738
16,a75_an,5,Alpha,2.4797776853452707
16,a75_an,6,Alpha,3.568447952375252
16,a75_an,8,Alpha,2.268012946138644
16,a75_an,9,Alpha,4.499551193675572
16,a75_an,10,Alpha,1.2867429976842744
16,a75_an,11,Alpha,4.169111924753237
16,a75_an,12,Alpha,5.618779155823087
16,a75_an,13,Alpha,1.8663742316718879
16,a75_an,14,Alpha,3.2489740455392178
16,a75_an,15,Alpha,3.0662688279510206
16,a75_an,1,Beta,4.608852261327011
16,a75_an,2,Beta,2.8214584306079957
16,a75_an,3,Beta,3.418152269933494
16,a75_an,4,Beta,5.890588701950377
16,a75_an,5,Beta,5.68943625788625
16,a75_an,6,Beta,4.4269238809475
16,a75_an,8,Beta,1.8443181189147142
16,a75_an,9,Beta,1.3978810830912487
16,a75_an,10,Beta,5.418149473843869
16,a75_an,11,Beta,2.452129018844248
16,a75_an,12,Beta,2.9735685003004106
16,a75_an,13,Beta,6.089576883928631
16,a75_an,14,Beta,2.2185089977250794
16,a75_an,15,Beta,3.229756308620139
16,a50_an,1,Delta,3.4095253382666857
16,a50_an,2,Delta,3.956375013996641
16,a50_an,3,Delta,4.0465697676835735
16,a50_an,4,Delta,4.184464973591577
16,a50_an,5,Delta,4.687658498468857
16,a50_an,6,Delta,2.7168181426214164
16,a50_an,7,Delta,4.8854341473452685
16,a50_an,8,Delta,1.1249609045124278
16,a50_an,10,Delta,5.917094660276812
16,a50_an,11,Delta,2.486336470261345
16,a50_an,12,Delta,6.2051697093286435
16,a50_an,13,Delta,2.2874498823574525
16,a50_an,14,Delta,1.079471213016348
16,a50_an,15,Delta,1.8290460908574686
16,a50_an,16,Delta,4.517944462240715
16,a50_an,17,Delta,5.312656960146983
16,a50_an,18,Delta,0.02078072925824494
16,a50_an,19,Delta,4.902717500025354
16,a50_an,20,Delta,2.833484266485039
16,a50_an,21,Delta,2.3893114621914986
16,a50_an,22,Delta,1.71952761666487
16,a50_an,23,Delta,4.195881195994003
16,a50_an,24,Delta,5.434012260095588
16,a50_an,25,Delta,0.28326024961617435
16,a50_an,26,Delta,0.7369255668842262
16,a50_an,27,Delta,4.607974549653537
16,a50_an,28,Delta,1.59845735685028
16,a50_an,29,Delta,4.849490798333796
16,a50_an,30,Delta,2.203867171162475
16,a50_an,1,Theta,2.5146774053384444
16,a50_an,2,Theta,1.6595913600516472
16,a50_an,3,Theta,3.506854446186694
16,a50_an,4,Theta,3.866171089667092
16,a50_an,5,Theta,5.181931575846744
16,a50_an,6,Theta,0.6995803232756324
16,a50_an,7,Theta,4.114838800159045
16,a50_an,8,Theta,0.3281729979400101
16,a50_an,10,Theta,0.4288162255270661
16,a50_an,11,Theta,2.8128249710004805
16,a50_an,12,Theta,4.098367176921
16,a50_an,13,Theta,2.785165320279727
16,a50_an,14,Theta,0.6332801572241612
16,a50_an,15,Theta,5.8521412157088
16,a50_an,16,Theta,3.943736192108901
16,a50_an,17,Theta,4.816180382862131
16,a50_an,18,Theta,5.911425000267848
16,a50_an,19,Theta,5.14807648214528
16,a50_an,20,Theta,3.0824862284599255
16,a50_an,21,Theta,2.9293275209262037
16,a50_an,22,Theta,5.037577075269216
16,a50_an,23,Theta,4.863547590329171
16,a50_an,24,Theta,6.151093385123463
16,a50_an,25,Theta,1.1788489080140123
16,a50_an,26,Theta,1.257741828228725
16,a50_an,27,Theta,2.6277286524882837
16,a50_an,28,Theta,2.8906200843121623
16,a50_an,29,Theta,4.686057658567813
16,a50_an,30,Theta,1.8399730162453083
16,a50_an,1,Alpha,2.396036367134032
16,a50_an,2,Alpha,1.260803374756288
16,a50_an,3,Alpha,3.2675521281079947
16,a50_an,4,Alpha,3.124244668807602
16,a50_an,5,Alpha,4.090015532279856
16,a50_an,6,Alpha,0.19510160478681735
16,a50_an,7,Alpha,2.0466097490294812
16,a50_an,8,Alpha,1.0206822520747192
16,a50_an,10,Alpha,1.2357627771137731
16,a50_an,11,Alpha,3.520338571185175
16,a50_an,12,Alpha,2.7925730062641323
16,a50_an,13,Alpha,2.4039761940340276
16,a50_an,14,Alpha,5.476980999436749
16,a50_an,15,Alpha,0.5843908254036468
16,a50_an,16,Alpha,3.4994213021480443
16,a50_an,17,Alpha,3.9546967986990724
16,a50_an,18,Alpha,5.320715935131939
16,a50_an,19,Alpha,4.388551477408023
16,a50_an,20,Alpha,3.503340929477608
16,a50_an,21,Alpha,2.5400198549249717
16,a50_an,22,Alpha,5.654802196495319
16,a50_an,23,Alpha,3.1258268984745223
16,a50_an,24,Alpha,3.1631901828035813
16,a50_an,25,Alpha,2.015059766477184
16,a50_an,26,Alpha,2.7913404599432337
16,a50_an,27,Alpha,1.7707553983413953
16,a50_an,28,Alpha,3.321243489992337
16,a50_an,29,Alpha,4.569892054717138
16,a50_an,30,Alpha,0.833201368487539
16,a50_an,1,Beta,4.454897534037573
16,a50_an,2,Beta,1.343051422582532
16,a50_an,3,Beta,1.2161240320080318
16,a50_an,4,Beta,2.4894258621291407
16,a50_an,5,Beta,3.178550000694278
16,a50_an,6,Beta,0.8870002902878172
16,a50_an,7,Beta,4.433030963444997
16,a50_an,8,Beta,5.743982596714965
16,a50_an,10,Beta,1.4385652654603263
16,a50_an,11,Beta,3.373360831780468
16,a50_an,12,Beta,5.52649209444199
16,a50_an,13,Beta,2.415725098082329
16,a50_an,14,Beta,3.859690041081749
16,a50_an,15,Beta,1.0495452256934796
16,a50_an,16,Beta,3.080170157575005
16,a50_an,17,Beta,1.0961315047839804
16,a50_an,18,Beta,0.8700437270463058
16,a50_an,19,Beta,2.571709058604783
16,a50_an,20,Beta,3.397260785832499
16,a50_an,21,Beta,3.9936279881821766
16,a50_an,22,Beta,5.628067343148258
16,a50_an,23,Beta,6.134468671423606
16,a50_an,24,Beta,2.3522903320097726
16,a50_an,25,Beta,5.452830414164912
16,a50_an,26,Beta,6.139843778834942
16,a50_an,27,Beta,3.0190544043246086
16,a50_an,28,Beta,3.561518584002859
16,a50_an,29,Beta,3.8502703478555085
16,a50_an,30,Beta,5.853278294236233
17,a75_an,1,Delta,3.4968368761899793
17,a75_an,2,Delta,4.333811419257034
17,a75_an,3,Delta,4.196281400482437
17,a75_an,4,Delta,0.5949811873339312
17,a75_an,5,Delta,5.34345621475516
17,a75_an,6,Delta,5.54821278738078
17,a75_an,7,Delta,2.3284573353750715
17,a75_an,8,Delta,5.552817323727302
17,a75_an,9,Delta,4.327544111584565
17,a75_an,10,Delta,1.8498113057080379
17,a75_an,11,Delta,5.5416708590713855
17,a75_an,12,Delta,0.08977630304230068
17,a75_an,13,Delta,3.4627349865647776
17,a75_an,14,Delta,2.0366942294912516
17,a75_an,15,Delta,3.1336037865743713
17,a75_an,1,Theta,3.2066237620674123
17,a75_an,2,Theta,4.378577681265674
17,a75_an,3,Theta,3.4490883677932294
17,a75_an,4,Theta,1.5595925566075337
17,a75_an,5,Theta,4.684547985636249
17,a75_an,6,Theta,4.4728338880808876
17,a75_an,7,Theta,2.4959456822808437
17,a75_an,8,Theta,4.215278955123193
17,a75_an,9,Theta,3.152034740565653
17,a75_an,10,Theta,3.3016754779829203
17,a75_an,11,Theta,0.18270441762958112
17,a75_an,12,Theta,0.25736195690969665
17,a75_an,13,Theta,2.5805325272868815
17,a75_an,14,Theta,2.4615758350837615
17,a75_an,15,Theta,3.2020128591950296
17,a75_an,1,Alpha,3.305815263309364
17,a75_an,2,Alpha,0.14054991806294456
17,a75_an,3,Alpha,3.1362077579234118
17,a75_an,4,Alpha,2.706511993435926
17,a75_an,5,Alpha,1.2515347862094843
17,a75_an,6,Alpha,3.6520865794262316
17,a75_an,7,Alpha,2.786587416614057
17,a75_an,8,Alpha,3.145884927578076
17,a75_an,9,Alpha,3.0034934670340525
17,a75_an,10,Alpha,4.991549041100961
17,a75_an,11,Alpha,1.0161133008206606
17,a75_an,12,Alpha,1.9755168327168469
17,a75_an,13,Alpha,2.104932229468886
17,a75_an,14,Alpha,3.667734847844942
17,a75_an,15,Alpha,1.684834576804962
17,a75_an,1,Beta,4.745137436082382
17,a75_an,2,Beta,6.14956200306948
17,a75_an,3,Beta,2.39279322641634
17,a75_an,4,Beta,5.847181705499976
17,a75_an,5,Beta,5.622937310996798
17,a75_an,6,Beta,5.068128907247977
17,a75_an,7,Beta,5.641044597850125
17,a75_an,8,Beta,4.76502593181399
17,a75_an,9,Beta,4.026116767564667
17,a75_an,10,Beta,1.6354247655723892
17,a75_an,11,Beta,0.6180522638165975
17,a75_an,12,Beta,1.1906930245834797
17,a75_an,13,Beta,5.770308716573329
17,a75_an,14,Beta,5.402048429776919
17,a75_an,15,Beta,4.092367868273515
17,a50_an,1,Delta,1.50078860114835
17,a50_an,2,Delta,6.158811735445405
17,a50_an,3,Delta,1.2501417026906867
17,a50_an,4,Delta,1.6737433753150972
17,a50_an,5,Delta,1.4425862198353872
17,a50_an,6,Delta,1.871281479294905
17,a50_an,7,Delta,5.4261422965822685
17,a50_an,8,Delta,1.7111387599543049
17,a50_an,9,Delta,1.0772013184812275
17,a50_an,10,Delta,1.9591074642219974
17,a50_an,11,Delta,6.1835112449833725
17,a50_an,12,Delta,5.433482115687655
17,a50_an,13,Delta,4.050676107202572
17,a50_an,14,Delta,0.22311472252495598
17,a50_an,16,Delta,5.628517644330535
17,a50_an,17,Delta,1.7046293223696134
17,a50_an,18,Delta,2.39593541952881
17,a50_an,19,Delta,4.486929482294936
17,a50_an,20,Delta,5.400532997336455
17,a50_an,21,Delta,4.525136330466348
17,a50_an,22,Delta,4.959583355495601
17,a50_an,23,Delta,5.107046219449208
17,a50_an,24,Delta,0.6986980348239487
17,a50_an,25,Delta,5.238053665033149
17,a50_an,26,Delta,5.4236149892061025
17,a50_an,27,Delta,0.3977314589448648
17,a50_an,28,Delta,5.162291643890801
17,a50_an,29,Delta,5.725844938004227
17,a50_an,30,Delta,4.3669296774349995
17,a50_an,1,Theta,5.163081750080758
17,a50_an,2,Theta,6.270629655888961
17,a50_an,3,Theta,1.1565761085873154
17,a50_an,4,Theta,0.22474456521588282
17,a50_an,5,Theta,0.9193005214919729
17,a50_an,6,Theta,3.9722016240847466
17,a50_an,7,Theta,0.7144064633182802
17,a50_an,8,Theta,2.777377342413772
17,a50_an,9,Theta,0.40264574511742135
17,a50_an,10,Theta,0.6911042687419849
17,a50_an,11,Theta,1.2844428892570356
17,a50_an,12,Theta,5.742325764466862
17,a50_an,13,Theta,0.35824880038375023
17,a50_an,14,Theta,5.717493504442791
17,a50_an,16,Theta,5.68484036997844
17,a50_an,17,Theta,2.3538027874433984
17,a50_an,18,Theta,1.8122190587098586
17,a50_an,19,Theta,1.7164142271439373
17,a50_an,20,Theta,2.2532332500300636
17,a50_an,21,Theta,4.52201251527701
17,a50_an,22,Theta,5.682121631442776
17,a50_an,23,Theta,5.219484797512335
17,a50_an,24,Theta,6.22955288436812
17,a50_an,25,Theta,0.01465801518229313
17,a50_an,26,Theta,4.656401804405608
17,a50_an,27,Theta,0.8167365674110577
17,a50_an,28,Theta,5.998244756923775
17,a50_an,29,Theta,5.431488582482652
17,a50_an,30,Theta,4.392696623819144
17,a50_an,1,Alpha,4.366659847526617
17,a50_an,2,Alpha,5.679958870259451
17,a50_an,3,Alpha,1.2104625763029617
17,a50_an,4,Alpha,3.461367692072192
17,a50_an,5,Alpha,0.6558697182795752
17,a50_an,6,Alpha,4.324729240385501
17,a50_an,7,Alpha,1.0229114807044322
17,a50_an,8,Alpha,3.910826717700329
17,a50_an,9,Alpha,0.29834748198911804
17,a50_an,10,Alpha,1.3241214487606774
17,a50_an,11,Alpha,1.5626376353810811
17,a50_an,12,Alpha,5.330795839598752
17,a50_an,13,Alpha,0.28450568943990556
17,a50_an,14,Alpha,6.117080141980176
17,a50_an,16,Alpha,1.4478019289030126
17,a50_an,17,Alpha,2.9620639833848945
17,a50_an,18,Alpha,5.530055601200343
17,a50_an,19,Alpha,2.314903810996285
17,a50_an,20,Alpha,3.328715632280778
17,a50_an,21,Alpha,5.489706803304873
17,a50_an,22,Alpha,5.1858649175111236
17,a50_an,23,Alpha,5.248062595097223
17,a50_an,24,Alpha,0.3203239126560067
17,a50_an,25,Alpha,5.15101985042967
17,a50_an,26,Alpha,4.249791110935636
17,a50_an,27,Alpha,2.7127661684469944
17,a50_an,28,Alpha,5.54669008548643
17,a50_an,29,Alpha,2.5482214736330557
17,a50_an,30,Alpha,4.058466003379469
17,a50_an,1,Beta,0.9473212872437915
17,a50_an,2,Beta,4.2147739070368395
17,a50_an,3,Beta,2.1169394878076435
17,a50_an,4,Beta,6.084448469987104
17,a50_an,5,Beta,5.771600386806212
17,a50_an,6,Beta,1.3036748509654315
17,a50_an,7,Beta,3.4752643709716504
17,a50_an,8,Beta,0.7110036482028328
17,a50_an,9,Beta,1.5500741702214271
17,a50_an,10,Beta,2.220322335813362
17,a50_an,11,Beta,0.007388889875035826
17,a50_an,12,Beta,2.243480185770513
17,a50_an,13,Beta,3.151969327127761
17,a50_an,14,Beta,4.31559105512632
17,a50_an,16,Beta,1.354429395608201
17,a50_an,17,Beta,2.3152738540278395
17,a50_an,18,Beta,3.7804419429774025
17,a50_an,19,Beta,0.27066343597560416
17,a50_an,20,Beta,1.238568325895855
17,a50_an,21,Beta,3.3150122246432714
17,a50_an,22,Beta,5.82750373055849
17,a50_an,23,Beta,3.1904090747728553
17,a50_an,24,Beta,1.318933023025295
17,a50_an,25,Beta,4.136974868915017
17,a50_an,26,Beta,2.754466639383093
17,a50_an,27,Beta,5.237196627958302
17,a50_an,28,Beta,4.435646042948692
17,a50_an,29,Beta,4.2508295948714885
17,a50_an,30,Beta,3.968108892332526
18,a50_an,1,Delta,5.848417055276506
18,a50_an,2,Delta,5.831066235877075
18,a50_an,3,Delta,3.175369435520264
18,a50_an,4,Delta,5.040148113809572
18,a50_an,5,Delta,4.41599737229671
18,a50_an,6,Delta,1.3322380343467297
18,a50_an,7,Delta,2.543591486030905
18,a50_an,8,Delta,1.2859879231512756
18,a50_an,9,Delta,0.7526538679072524
18,a50_an,10,Delta,0.132350519778603
18,a50_an,11,Delta,4.393129277696389
18,a50_an,12,Delta,4.157807849953555
18,a50_an,13,Delta,5.20944419697785
18,a50_an,14,Delta,4.794315689625826
18,a50_an,15,Delta,5.027211183911216
18,a50_an,16,Delta,1.7327688960328935
18,a50_an,17,Delta,0.5988755895068978
18,a50_an,18,Delta,0.20244450509020068
18,a50_an,19,Delta,4.8188671567437975
18,a50_an,20,Delta,0.7402434761728398
18,a50_an,21,Delta,1.6684867085722046
18,a50_an,22,Delta,1.0039003943306017
18,a50_an,23,Delta,0.9528758899758575
18,a50_an,24,Delta,5.118401009074187
18,a50_an,25,Delta,1.4962234869978492
18,a50_an,26,Delta,0.021215462355122037
18,a50_an,27,Delta,1.3344474611795856
18,a50_an,28,Delta,5.610445164799866
18,a50_an,29,Delta,1.116204394706736
18,a50_an,30,Delta,1.4071536815302497
18,a50_an,1,Theta,5.828843230020012
18,a50_an,2,Theta,0.9783776292536929
18,a50_an,3,Theta,2.151691374163298
18,a50_an,4,Theta,5.246992767900164
18,a50_an,5,Theta,3.9632020845687164
18,a50_an,6,Theta,6.025579644295208
18,a50_an,7,Theta,2.3084800450586487
18,a50_an,8,Theta,2.042757477401054
18,a50_an,9,Theta,0.5862077519088648
18,a50_an,10,Theta,6.223791274780672
18,a50_an,11,Theta,1.3446701014393703
18,a50_an,12,Theta,3.9626499937393027
18,a50_an,13,Theta,0.12493181096546246
18,a50_an,14,Theta,1.0514368421595097
18,a50_an,15,Theta,4.830536610946216
18,a50_an,16,Theta,2.038660457351028
18,a50_an,17,Theta,5.607103695748077
18,a50_an,18,Theta,0.49732359605953075
18,a50_an,19,Theta,4.975293765518014
18,a50_an,20,Theta,0.3670172350139525
18,a50_an,21,Theta,1.574924874321474
18,a50_an,22,Theta,1.0026431048233917
18,a50_an,23,Theta,5.807694451549057
18,a50_an,24,Theta,5.592793503348906
18,a50_an,25,Theta,0.20108132923703156
18,a50_an,26,Theta,6.017094713934779
18,a50_an,27,Theta,2.152659351349334
18,a50_an,28,Theta,5.883979716515482
18,a50_an,29,Theta,0.748798903428489
18,a50_an,30,Theta,0.10694609411637378
18,a50_an,1,Alpha,4.740588220754891
18,a50_an,2,Alpha,0.5332380057777487
18,a50_an,3,Alpha,1.763769088010376
18,a50_an,4,Alpha,5.576528166515862
18,a50_an,5,Alpha,4.341006238522626
18,a50_an,6,Alpha,5.638727332301304
18,a50_an,7,Alpha,3.0349253882565135
18,a50_an,8,Alpha,2.388467201431937
18,a50_an,9,Alpha,6.220403261327773
18,a50_an,10,Alpha,0.30382044624273846
18,a50_an,11,Alpha,0.7914321264842773
18,a50_an,12,Alpha,0.5204810175970707
18,a50_an,13,Alpha,5.639751787289013
18,a50_an,14,Alpha,6.277845640429609
18,a50_an,15,Alpha,3.242075823988215
18,a50_an,16,Alpha,1.5370230786548742
18,a50_an,17,Alpha,5.995235012355153
18,a50_an,18,Alpha,4.2424789986099265
18,a50_an,19,Alpha,4.670588206947698
18,a50_an,20,Alpha,5.045178861356646
18,a50_an,21,Alpha,2.7158855870636374
18,a50_an,22,Alpha,2.075519347930943
18,a50_an,23,Alpha,4.391145550633155
18,a50_an,24,Alpha,5.770917307607676
18,a50_an,25,Alpha,4.193050499675607
18,a50_an,26,Alpha,2.457490150745706
18,a50_an,27,Alpha,4.903512602787417
18,a50_an,28,Alpha,0.41327756059646564
18,a50_an,29,Alpha,0.638126702925891
18,a50_an,30,Alpha,0.40326194570588264
18,a50_an,1,Beta,2.692918675643947
18,a50_an,2,Beta,1.9976508492225025
18,a50_an,3,Beta,4.767650681741088
18,a50_an,4,Beta,5.630693072000468
18,a50_an,5,Beta,1.1386533868061415
18,a50_an,6,Beta,4.80486584091612
18,a50_an,7,Beta,4.831146666503627
18,a50_an,8,Beta,2.8838236891313946
18,a50_an,9,Beta,0.6857403572537759
18,a50_an,10,Beta,5.4683959141095455
18,a50_an,11,Beta,3.4322429838079427
18,a50_an,12,Beta,3.354411031269902
18,a50_an,13,Beta,2.0372285245770203
18,a50_an,14,Beta,5.692960061775608
18,a50_an,15,Beta,3.334122642621327
18,a50_an,16,Beta,1.7613119575066383
18,a50_an,17,Beta,3.1195516066377866
18,a50_an,18,Beta,2.326348268242229
18,a50_an,19,Beta,6.067075290608321
18,a50_an,20,Beta,0.651864188616652
18,a50_an,21,Beta,3.3653662619201534
18,a50_an,22,Beta,3.9877245797556897
18,a50_an,23,Beta,6.1134569978896005
18,a50_an,24,Beta,2.3758783136375294
18,a50_an,25,Beta,3.9438562286460903
18,a50_an,26,Beta,6.055154479809175
18,a50_an,27,Beta,2.2141782862664914
18,a50_an,28,Beta,0.8184780047006622
18,a50_an,29,Beta,4.087666775937896
18,a50_an,30,Beta,1.9323495254846959
18,a75_an,1,Delta,1.5977016011060245
18,a75_an,2,Delta,3.619677672024167
18,a75_an,3,Delta,2.1153599844487756
18,a75_an,4,Delta,4.470302018073935
18,a75_an,5,Delta,1.6128320879962224
18,a75_an,6,Delta,1.2928677213074249
18,a75_an,7,Delta,5.110158218868086
18,a75_an,8,Delta,1.3495468968917044
18,a75_an,9,Delta,2.4987513989599845
18,a75_an,10,Delta,1.025681532783258
18,a75_an,11,Delta,1.2793221099847603
18,a75_an,12,Delta,1.229048299053845
18,a75_an,13,Delta,2.347773835771456
18,a75_an,14,Delta,4.07675849567377
18,a75_an,15,Delta,0.9115981875831164
18,a75_an,1,Theta,1.3805614365191572
18,a75_an,2,Theta,4.6401106869785576
18,a75_an,3,Theta,2.752738366707875
18,a75_an,4,Theta,4.468389078171365
18,a75_an,5,Theta,2.3430850998111117
18,a75_an,6,Theta,1.3643792633838745
18,a75_an,7,Theta,1.0494612708499145
18,a75_an,8,Theta,1.995939226112538
18,a75_an,9,Theta,4.29214757794786
18,a75_an,10,Theta,1.4347646647226715
18,a75_an,11,Theta,5.938576724808512
18,a75_an,12,Theta,1.0401667388478173
18,a75_an,13,Theta,0.9285352836694116
18,a75_an,14,Theta,4.280276814474512
18,a75_an,15,Theta,0.4325286242086424
18,a75_an,1,Alpha,4.022714764518621
18,a75_an,2,Alpha,5.338186693164668
18,a75_an,3,Alpha,2.6837299096508405
18,a75_an,4,Alpha,4.488434040876212
18,a75_an,5,Alpha,3.34306261644283
18,a75_an,6,Alpha,4.298702886642595
18,a75_an,7,Alpha,1.426014757267888
18,a75_an,8,Alpha,2.273291290837444
18,a75_an,9,Alpha,4.941659547537462
18,a75_an,10,Alpha,2.3009175460265485
18,a75_an,11,Alpha,4.372443303134295
18,a75_an,12,Alpha,1.1578239290634946
18,a75_an,13,Alpha,4.9467955635803404
18,a75_an,14,Alpha,3.632725761106629
18,a75_an,15,Alpha,0.19529997914719646
18,a75_an,1,Beta,1.9698133053074054
18,a75_an,2,Beta,2.0451166079880836
18,a75_an,3,Beta,1.983456715070318
18,a75_an,4,Beta,3.267325416258477
18,a75_an,5,Beta,3.751732430040087
18,a75_an,6,Beta,0.637339947092746
18,a75_an,7,Beta,2.6969463422296163
18,a75_an,8,Beta,2.368670560496302
18,a75_an,9,Beta,0.003993986835858454
18,a75_an,10,Beta,1.0254959455180586
18,a75_an,11,Beta,3.8276657749379903
18,a75_an,12,Beta,5.094225354431283
18,a75_an,13,Beta,1.6235364716325849
18,a75_an,14,Beta,3.5359107308468998
18,a75_an,15,Beta,0.21318806768201265
19,a75_an,1,Delta,1.7647530491224959
19,a75_an,3,Delta,3.9213433058345672
19,a75_an,4,Delta,5.8637275094514605
19,a75_an,5,Delta,4.825824815646324
19,a75_an,6,Delta,4.324070364457049
19,a75_an,7,Delta,4.902957632658634
19,a75_an,8,Delta,1.3169541540028247
19,a75_an,9,Delta,3.8869149830446044
19,a75_an,10,Delta,4.204616304352907
19,a75_an,11,Delta,3.474448444315892
19,a75_an,12,Delta,4.235524776002714
19,a75_an,13,Delta,5.170557262873713
19,a75_an,14,Delta,0.733992955285477
19,a75_an,15,Delta,1.4417571005097454
19,a75_an,1,Theta,2.5543530448627965
19,a75_an,3,Theta,3.597979104000397
19,a75_an,4,Theta,3.6286445251061163
19,a75_an,5,Theta,5.181025147518332
19,a75_an,6,Theta,5.599350906221176
19,a75_an,7,Theta,5.471704928508262
19,a75_an,8,Theta,1.9948032583560593
19,a75_an,9,Theta,2.295661515807073
19,a75_an,10,Theta,2.8835831999833608
19,a75_an,11,Theta,3.5273896177949955
19,a75_an,12,Theta,4.2440956776969365
19,a75_an,13,Theta,4.522347421314215
19,a75_an,14,Theta,1.5524841761065225
19,a75_an,15,Theta,3.7613038872601394
19,a75_an,1,Alpha,2.9031931613102606
19,a75_an,3,Alpha,4.519834874341662
19,a75_an,4,Alpha,4.030667679857719
19,a75_an,5,Alpha,5.091717131083916
19,a75_an,6,Alpha,5.756028032475036
19,a75_an,7,Alpha,3.0990219466685773
19,a75_an,8,Alpha,2.0686003916399573
19,a75_an,9,Alpha,1.6844738473576362
19,a75_an,10,Alpha,2.5078534977614564
19,a75_an,11,Alpha,5.215375455718389
19,a75_an,12,Alpha,5.416230301284214
19,a75_an,13,Alpha,4.357489337136558
19,a75_an,14,Alpha,0.3934754598389828
19,a75_an,15,Alpha,4.052181831986944
19,a75_an,1,Beta,3.939548996105807
19,a75_an,3,Beta,2.2886493616481838
19,a75_an,4,Beta,2.653442664670393
19,a75_an,5,Beta,4.403641210396401
19,a75_an,6,Beta,1.8988901505194833
19,a75_an,7,Beta,4.4811113084597185
19,a75_an,8,Beta,3.0516566393864104
19,a75_an,9,Beta,4.04613128917487
19,a75_an,10,Beta,3.294533893238483
19,a75_an,11,Beta,3.7131384188743266
19,a75_an,12,Beta,3.3128085559863605
19,a75_an,13,Beta,3.827893221676616
19,a75_an,14,Beta,3.5975970906650345
19,a75_an,15,Beta,4.519155936203527
19,a50_an,1,Delta,4.501838070838674
19,a50_an,3,Delta,0.5518546350541871
19,a50_an,4,Delta,5.008378316708709
19,a50_an,5,Delta,2.9157207093524193
19,a50_an,6,Delta,5.289582463119147
19,a50_an,7,Delta,3.8947347828873244
19,a50_an,8,Delta,1.5760380583607363
19,a50_an,9,Delta,3.970059810843056
19,a50_an,10,Delta,1.2741021140769222
19,a50_an,11,Delta,3.950501568864179
19,a50_an,12,Delta,2.1168949189517186
19,a50_an,13,Delta,1.2529742758130893
19,a50_an,14,Delta,1.2299694714388933
19,a50_an,15,Delta,4.83383996822312
19,a50_an,16,Delta,1.323959653338847
19,a50_an,17,Delta,2.544505563235551
19,a50_an,18,Delta,5.049047509422122
19,a50_an,19,Delta,0.38111077040956376
19,a50_an,20,Delta,3.5694521743840433
19,a50_an,21,Delta,1.5043590645155567
19,a50_an,22,Delta,4.111432015671694
19,a50_an,23,Delta,6.281268744221981
19,a50_an,24,Delta,1.042703767994526
19,a50_an,25,Delta,2.2668025547985686
19,a50_an,26,Delta,5.827433223590533
19,a50_an,27,Delta,4.846124545468735
19,a50_an,28,Delta,3.3047609401185576
19,a50_an,29,Delta,4.804562754756598
19,a50_an,30,Delta,5.424796651427533
19,a50_an,1,Theta,4.119290668987912
19,a50_an,3,Theta,1.7792826185764645
19,a50_an,4,Theta,0.2584339788438664
19,a50_an,5,Theta,2.0886382251677835
19,a50_an,6,Theta,6.161446379286115
19,a50_an,7,Theta,3.5216245303495888
19,a50_an,8,Theta,1.7179594095874877
19,a50_an,9,Theta,2.9238695621936506
19,a50_an,10,Theta,2.406215928532456
19,a50_an,11,Theta,4.003481464120351
19,a50_an,12,Theta,1.6011543879963195
19,a50_an,13,Theta,0.31237170206418446
19,a50_an,14,Theta,0.6481221550292802
19,a50_an,15,Theta,3.618293034701184
19,a50_an,16,Theta,4.626984289842548
19,a50_an,17,Theta,2.619699945793347
19,a50_an,18,Theta,5.038875095275537
19,a50_an,19,Theta,0.2846063083327657
19,a50_an,20,Theta,3.822731755546918
19,a50_an,21,Theta,1.9609111868247595
19,a50_an,22,Theta,3.1923233841025365
19,a50_an,23,Theta,0.8190993882352645
19,a50_an,24,Theta,5.343807517759778
19,a50_an,25,Theta,3.2767452091836815
19,a50_an,26,Theta,0.8027359394318362
19,a50_an,27,Theta,5.2802462651677455
19,a50_an,28,Theta,3.2497084175842845
19,a50_an,29,Theta,5.198393845944157
19,a50_an,30,Theta,4.815235792186753
19,a50_an,1,Alpha,4.465796567463709
19,a50_an,3,Alpha,3.2883022579528567
19,a50_an,4,Alpha,6.265995896604341
19,a50_an,5,Alpha,0.69865752327265
19,a50_an,6,Alpha,0.31925261672326605
19,a50_an,7,Alpha,3.2041617300265495
19,a50_an,8,Alpha,0.2675220135333499
19,a50_an,9,Alpha,3.2664025220423722
19,a50_an,10,Alpha,2.7438952927932228
19,a50_an,11,Alpha,6.26819689700362
19,a50_an,12,Alpha,5.594006202714099
19,a50_an,13,Alpha,5.965885074035283
19,a50_an,14,Alpha,4.939784879410946
19,a50_an,15,Alpha,2.4972221413728373
19,a50_an,16,Alpha,5.228650914307331
19,a50_an,17,Alpha,3.5484046909819265
19,a50_an,18,Alpha,5.735539855441561
19,a50_an,19,Alpha,5.652336321310359
19,a50_an,20,Alpha,4.400642880822866
19,a50_an,21,Alpha,1.9135724270202783
19,a50_an,22,Alpha,3.5807685326092806
19,a50_an,23,Alpha,1.8690130483370837
19,a50_an,24,Alpha,5.137666046445444
19,a50_an,25,Alpha,2.788427306615518
19,a50_an,26,Alpha,1.6380392063417597
19,a50_an,27,Alpha,5.319648457460846
19,a50_an,28,Alpha,4.090674959505236
19,a50_an,29,Alpha,5.561916176748086
19,a50_an,30,Alpha,3.6931452453806637
19,a50_an,1,Beta,0.9437038629042979
19,a50_an,3,Beta,3.326107210057777
19,a50_an,4,Beta,3.3809306309910214
19,a50_an,5,Beta,2.6461028364494292
19,a50_an,6,Beta,0.7536836557857062
19,a50_an,7,Beta,3.1385935476090374
19,a50_an,8,Beta,5.333330839223327
19,a50_an,9,Beta,3.970443337557131
19,a50_an,10,Beta,4.77069090052334
19,a50_an,11,Beta,5.344526325510549
19,a50_an,12,Beta,5.30001762062098
19,a50_an,13,Beta,0.10054362328908267
19,a50_an,14,Beta,3.232162936953875
19,a50_an,15,Beta,3.241390150061433
19,a50_an,16,Beta,0.891013562777242
19,a50_an,17,Beta,2.7373944050004795
19,a50_an,18,Beta,4.20094533714971
19,a50_an,19,Beta,4.667994509359219
19,a50_an,20,Beta,2.5810111246852934
19,a50_an,21,Beta,5.891637058223215
19,a50_an,22,Beta,3.391125873959882
19,a50_an,23,Beta,1.8675323209252437
19,a50_an,24,Beta,4.035229240689825
19,a50_an,25,Beta,5.280920912906753
19,a50_an,26,Beta,1.9923048652471573
19,a50_an,27,Beta,0.6337905690194297
19,a50_an,28,Beta,3.2522442651726626
19,a50_an,29,Beta,5.294482669755716
19,a50_an,30,Beta,3.776875159399918
2,a75_an,1,Delta,2.5641891992780628
2,a75_an,2,Delta,1.1824332467635135
2,a75_an,3,Delta,2.9240375989683356
2,a75_an,4,Delta,2.6162745571795782
2,a75_an,5,Delta,2.8969937347533787
2,a75_an,6,Delta,4.38669911248142
2,a75_an,7,Delta,4.365779636858134
2,a75_an,8,Delta,5.561638142301763
2,a75_an,9,Delta,3.1089812269447483
2,a75_an,10,Delta,4.673394294385126
2,a75_an,11,Delta,0.49892116726381597
2,a75_an,12,Delta,4.515532509686775
2,a75_an,13,Delta,4.374669343271128
2,a75_an,14,Delta,4.165582407179308
2,a75_an,15,Delta,0.5727416305694635
2,a75_an,1,Theta,1.89643726072418
2,a75_an,2,Theta,1.1540532148552605
2,a75_an,3,Theta,3.3196164901145293
2,a75_an,4,Theta,1.2158530241007457
2,a75_an,5,Theta,3.5962238971819454
2,a75_an,6,Theta,3.3354984133304297
2,a75_an,7,Theta,3.5954268554246
2,a75_an,8,Theta,4.117791234449531
2,a75_an,9,Theta,3.9634952551442564
2,a75_an,10,Theta,5.717946108164828
2,a75_an,11,Theta,4.458287815898759
2,a75_an,12,Theta,3.6214343577283596
2,a75_an,13,Theta,5.769467232929483
2,a75_an,14,Theta,3.730124180506053
2,a75_an,15,Theta,6.109286687710849
2,a75_an,1,Alpha,5.413016207970153
2,a75_an,2,Alpha,0.21250949434004815
2,a75_an,3,Alpha,4.893137863402206
2,a75_an,4,Alpha,1.1529445149218862
2,a75_an,5,Alpha,3.4161432205889994
2,a75_an,6,Alpha,2.321428552557624
2,a75_an,7,Alpha,2.2910100252456216
2,a75_an,8,Alpha,3.067016262034971
2,a75_an,9,Alpha,4.940143164269904
2,a75_an,10,Alpha,0.7731453439188231
2,a75_an,11,Alpha,3.942412813914596
2,a75_an,12,Alpha,2.9221900805894165
2,a75_an,13,Alpha,0.9011943040975615
2,a75_an,14,Alpha,1.995612356201683
2,a75_an,15,Alpha,4.655414625015384
2,a75_an,1,Beta,5.710607637014646
2,a75_an,2,Beta,5.219765059352473
2,a75_an,3,Beta,4.375972471951856
2,a75_an,4,Beta,0.5655409937105909
2,a75_an,5,Beta,0.5295776376673946
2,a75_an,6,Beta,3.9678739062130224
2,a75_an,7,Beta,3.3889901147695225
2,a75_an,8,Beta,1.8257967915437088
2,a75_an,9,Beta,1.8925751628724239
2,a75_an,10,Beta,4.746392146191077
2,a75_an,11,Beta,5.981657038855835
2,a75_an,12,Beta,3.5537411400571974
2,a75_an,13,Beta,1.6781215721963207
2,a75_an,14,Beta,4.509637635893503
2,a75_an,15,Beta,5.755319985098693
2,a50_an,1,Delta,4.04051196538196
2,a50_an,2,Delta,4.150225897420238
2,a50_an,3,Delta,3.366698616193212
2,a50_an,4,Delta,0.8792609803298312
2,a50_an,5,Delta,1.1710221732445583
2,a50_an,6,Delta,4.367188397388829
2,a50_an,7,Delta,4.803697576501504
2,a50_an,8,Delta,1.4496211219584787
2,a50_an,9,Delta,1.9067608922498476
2,a50_an,10,Delta,0.8724699587077066
2,a50_an,11,Delta,1.1424062064222917
2,a50_an,12,Delta,2.1488777382966253
2,a50_an,13,Delta,5.413448145580193
2,a50_an,14,Delta,5.992677122922882
2,a50_an,15,Delta,4.739185654972948
2,a50_an,16,Delta,2.1658286613434057
2,a50_an,17,Delta,4.785503998629524
2,a50_an,18,Delta,4.133479091147931
2,a50_an,19,Delta,1.9055883943362262
2,a50_an,20,Delta,4.91652597468753
2,a50_an,21,Delta,1.231867360637433
2,a50_an,22,Delta,5.647574569560242
2,a50_an,23,Delta,2.8027096021318347
2,a50_an,24,Delta,3.517012426134145
2,a50_an,25,Delta,3.48763823507569
2,a50_an,26,Delta,4.372068746742301
2,a50_an,27,Delta,0.43657081816612864
2,a50_an,28,Delta,3.995774619277714
2,a50_an,29,Delta,1.1627352275538112
2,a50_an,30,Delta,4.743992942338968
2,a50_an,1,Theta,4.203428581932654
2,a50_an,2,Theta,4.642392580630673
2,a50_an,3,Theta,3.362637690949405
2,a50_an,4,Theta,1.2685383142330795
2,a50_an,5,Theta,5.3788447378644
2,a50_an,6,Theta,4.06493541664258
2,a50_an,7,Theta,4.604445182023678
2,a50_an,8,Theta,0.655859917699491
2,a50_an,9,Theta,1.4246274522465934
2,a50_an,10,Theta,0.5221816385846889
2,a50_an,11,Theta,1.9889018613124225
2,a50_an,12,Theta,4.499777784974867
2,a50_an,13,Theta,3.8204347810736006
2,a50_an,14,Theta,0.9003389832411339
2,a50_an,15,Theta,0.08302584234484496
2,a50_an,16,Theta,3.0644278279496366
2,a50_an,17,Theta,0.32329951571045956
2,a50_an,18,Theta,2.9447982411716236
2,a50_an,19,Theta,2.77950091055435
2,a50_an,20,Theta,4.691794074171651
2,a50_an,21,Theta,1.6026770295237693
2,a50_an,22,Theta,4.821500456737591
2,a50_an,23,Theta,0.6560471748909127
2,a50_an,24,Theta,3.659653880077641
2,a50_an,25,Theta,5.634771227657834
2,a50_an,26,Theta,4.2905078701944355
2,a50_an,27,Theta,0.47324256813337645
2,a50_an,28,Theta,4.249406033210121
2,a50_an,29,Theta,1.0207853209768747
2,a50_an,30,Theta,5.139081064148984
2,a50_an,1,Alpha,4.223802079079159
2,a50_an,2,Alpha,5.313339014716311
2,a50_an,3,Alpha,2.628170440896168
2,a50_an,4,Alpha,1.5189049788783917
2,a50_an,5,Alpha,4.725154813956712
2,a50_an,6,Alpha,3.8364175830818583
2,a50_an,7,Alpha,4.719548051169488
2,a50_an,8,Alpha,5.006305344268677
2,a50_an,9,Alpha,1.4948174269945778
2,a50_an,10,Alpha,1.8464201236170534
2,a50_an,11,Alpha,2.298252233862707
2,a50_an,12,Alpha,3.7908348789005935
2,a50_an,13,Alpha,3.5943229229406017
2,a50_an,14,Alpha,1.2796851834719014
2,a50_an,15,Alpha,1.2435212681357999
2,a50_an,16,Alpha,3.081569054481453
2,a50_an,17,Alpha,1.8922253362737929
2,a50_an,18,Alpha,2.997334142158433
2,a50_an,19,Alpha,0.9851281917950744
2,a50_an,20,Alpha,4.012102520933077
2,a50_an,21,Alpha,5.076927916193103
2,a50_an,22,Alpha,4.620722114844258
2,a50_an,23,Alpha,5.777704514051805
2,a50_an,24,Alpha,3.790279097214283
2,a50_an,25,Alpha,5.0992912784834585
2,a50_an,26,Alpha,4.2107245683774
2,a50_an,27,Alpha,1.632622686385104
2,a50_an,28,Alpha,4.779441134345575
2,a50_an,29,Alpha,1.1318328204196302
2,a50_an,30,Alpha,5.7658677559811045
2,a50_an,1,Beta,3.832245792763897
2,a50_an,2,Beta,4.744318756891414
2,a50_an,3,Beta,2.256903387461614
2,a50_an,4,Beta,1.1669988597563627
2,a50_an,5,Beta,1.8804577809060379
2,a50_an,6,Beta,4.656499730961619
2,a50_an,7,Beta,4.516002015990494
2,a50_an,8,Beta,2.400861452734023
2,a50_an,9,Beta,1.1443662902855862
2,a50_an,10,Beta,5.702387440300497
2,a50_an,11,Beta,2.378966483469422
2,a50_an,12,Beta,6.1010437169349006
2,a50_an,13,Beta,6.207289405193588
2,a50_an,14,Beta,6.249090444549648
2,a50_an,15,Beta,6.02480795197545
2,a50_an,16,Beta,2.7403561438444366
2,a50_an,17,Beta,1.052305389130081
2,a50_an,18,Beta,3.1601374882135285
2,a50_an,19,Beta,1.5406772350549842
2,a50_an,20,Beta,0.8029633961620128
2,a50_an,21,Beta,3.4911141156932524
2,a50_an,22,Beta,4.784458542661419
2,a50_an,23,Beta,5.096865056255208
2,a50_an,24,Beta,5.371339426202761
2,a50_an,25,Beta,4.358933158748043
2,a50_an,26,Beta,3.4746721686047564
2,a50_an,27,Beta,3.2196485317185233
2,a50_an,28,Beta,0.025698479964448084
2,a50_an,29,Beta,1.1411019401474933
2,a50_an,30,Beta,3.5472134015501307
20,a75_an,1,Delta,1.854749682724691
20,a75_an,2,Delta,2.621571743868795
20,a75_an,3,Delta,5.40715925353134
20,a75_an,4,Delta,1.6796192455194605
20,a75_an,5,Delta,4.4199982693372455
20,a75_an,6,Delta,5.839999871029029
20,a75_an,7,Delta,4.622563180542345
20,a75_an,8,Delta,4.16307731607608
20,a75_an,9,Delta,4.335170668470022
20,a75_an,10,Delta,0.5337489295103587
20,a75_an,12,Delta,1.6684624823836904
20,a75_an,13,Delta,1.4979059527449088
20,a75_an,14,Delta,1.0625670701078556
20,a75_an,15,Delta,0.08383534837789129
20,a75_an,1,Theta,1.8625453343770635
20,a75_an,2,Theta,4.29342091852277
20,a75_an,3,Theta,5.259147504326197
20,a75_an,4,Theta,1.3766901056783236
20,a75_an,5,Theta,4.629772900302815
20,a75_an,6,Theta,0.12711401542785344
20,a75_an,7,Theta,4.548426328857783
20,a75_an,8,Theta,4.327044046200687
20,a75_an,9,Theta,4.1127281151490465
20,a75_an,10,Theta,6.057845402640637
20,a75_an,12,Theta,5.666731934933066
20,a75_an,13,Theta,4.067898355065921
20,a75_an,14,Theta,6.238810734261152
20,a75_an,15,Theta,5.969597323927325
20,a75_an,1,Alpha,0.023042427544809577
20,a75_an,2,Alpha,4.840101015431735
20,a75_an,3,Alpha,4.998473422174717
20,a75_an,4,Alpha,1.1923204996393875
20,a75_an,5,Alpha,4.541695157375623
20,a75_an,6,Alpha,0.1081508424762712
20,a75_an,7,Alpha,1.459827830148697
20,a75_an,8,Alpha,5.167776627847048
20,a75_an,9,Alpha,2.710545146563687
20,a75_an,10,Alpha,0.9116985683885375
20,a75_an,12,Alpha,5.026129250185981
20,a75_an,13,Alpha,3.7925703408637297
20,a75_an,14,Alpha,5.8255555316558425
20,a75_an,15,Alpha,4.6653541574130815
20,a75_an,1,Beta,2.862219581121582
20,a75_an,2,Beta,5.301333604434366
20,a75_an,3,Beta,4.4457412304625725
20,a75_an,4,Beta,2.88188990477361
20,a75_an,5,Beta,5.912042401056488
20,a75_an,6,Beta,1.5164473023518457
20,a75_an,7,Beta,1.4309555766598885
20,a75_an,8,Beta,0.5193430755435751
20,a75_an,9,Beta,6.017224414970338
20,a75_an,10,Beta,2.193572124877654
20,a75_an,12,Beta,5.853955776289063
20,a75_an,13,Beta,1.653988967649687
20,a75_an,14,Beta,4.545071831716917
20,a75_an,15,Beta,0.3944708662886441
20,a50_an,1,Delta,4.482974255595389
20,a50_an,2,Delta,3.528060538774458
20,a50_an,3,Delta,1.5868386070960767
20,a50_an,4,Delta,3.161056420199194
20,a50_an,5,Delta,4.051160302489451
20,a50_an,6,Delta,1.2202603851078815
20,a50_an,7,Delta,1.8880315897212043
20,a50_an,8,Delta,4.618121994652097
20,a50_an,9,Delta,4.546246342022474
20,a50_an,10,Delta,4.097775491076853
20,a50_an,12,Delta,0.45078231830008053
20,a50_an,13,Delta,2.5616065841833313
20,a50_an,14,Delta,1.5704866697877156
20,a50_an,15,Delta,1.6933219694984072
20,a50_an,16,Delta,6.237220818126228
20,a50_an,17,Delta,1.6220374400279838
20,a50_an,18,Delta,1.9725405713112818
20,a50_an,19,Delta,1.6601403988990215
20,a50_an,20,Delta,2.0394904394790263
20,a50_an,21,Delta,5.914989090769625
20,a50_an,22,Delta,2.233239721781896
20,a50_an,23,Delta,3.647285346910799
20,a50_an,24,Delta,2.952195376383067
20,a50_an,25,Delta,2.1349057308932093
20,a50_an,26,Delta,3.973953364228889
20,a50_an,27,Delta,2.7417437379445584
20,a50_an,28,Delta,4.410902032051308
20,a50_an,29,Delta,2.264289620693645
20,a50_an,30,Delta,0.13674022691946908
20,a50_an,1,Theta,6.07116082290516
20,a50_an,2,Theta,1.8717902835455567
20,a50_an,3,Theta,1.5249751029719294
20,a50_an,4,Theta,3.2408008072707797
20,a50_an,5,Theta,4.144096539453008
20,a50_an,6,Theta,1.192670710244845
20,a50_an,7,Theta,1.783189115707471
20,a50_an,8,Theta,4.4303898366372705
20,a50_an,9,Theta,5.420062453099492
20,a50_an,10,Theta,4.454609941826975
20,a50_an,12,Theta,1.451784799047111
20,a50_an,13,Theta,4.1426935524592725
20,a50_an,14,Theta,1.4768016927009913
20,a50_an,15,Theta,1.4524538097587973
20,a50_an,16,Theta,1.1870518141066646
20,a50_an,17,Theta,1.6650598085989676
20,a50_an,18,Theta,2.8731443411919275
20,a50_an,19,Theta,1.7579048586572985
20,a50_an,20,Theta,3.338595863730647
20,a50_an,21,Theta,5.894622397375843
20,a50_an,22,Theta,1.7799936696200631
20,a50_an,23,Theta,2.173197698253305
20,a50_an,24,Theta,4.396178712857032
20,a50_an,25,Theta,2.850224465408059
20,a50_an,26,Theta,3.07417567348209
20,a50_an,27,Theta,2.5366691401680526
20,a50_an,28,Theta,4.839620403593663
20,a50_an,29,Theta,2.1901831528531948
20,a50_an,30,Theta,1.2767488820233783
20,a50_an,1,Alpha,5.231859958398608
20,a50_an,2,Alpha,1.1812525574699217
20,a50_an,3,Alpha,1.925152077664899
20,a50_an,4,Alpha,2.6620183355012954
20,a50_an,5,Alpha,4.170529827893585
20,a50_an,6,Alpha,2.8043362401310583
20,a50_an,7,Alpha,0.34629775384406997
20,a50_an,8,Alpha,3.027552418325165
20,a50_an,9,Alpha,5.472162462753323
20,a50_an,10,Alpha,4.396538867052135
20,a50_an,12,Alpha,3.839890901221439
20,a50_an,13,Alpha,0.4832870185107411
20,a50_an,14,Alpha,0.23369704700076321
20,a50_an,15,Alpha,1.3937351026719411
20,a50_an,16,Alpha,0.08811544121864379
20,a50_an,17,Alpha,2.917791139497247
20,a50_an,18,Alpha,1.9988953774288547
20,a50_an,19,Alpha,1.4825561469832844
20,a50_an,20,Alpha,4.4425674169218645
20,a50_an,21,Alpha,4.357476507865255
20,a50_an,22,Alpha,0.30374736020761633
20,a50_an,23,Alpha,1.589917200663676
20,a50_an,24,Alpha,5.72708376012114
20,a50_an,25,Alpha,3.5439472090214585
20,a50_an,26,Alpha,2.8242642882706006
20,a50_an,27,Alpha,1.9787742235134662
20,a50_an,28,Alpha,5.456382694716234
20,a50_an,29,Alpha,3.144372125343347
20,a50_an,30,Alpha,4.148815911118623
20,a50_an,1,Beta,6.046949589392704
20,a50_an,2,Beta,2.5001153765431203
20,a50_an,3,Beta,1.8105739583011673
20,a50_an,4,Beta,2.803627456931303
20,a50_an,5,Beta,2.4745579055588034
20,a50_an,6,Beta,4.76117775362542
20,a50_an,7,Beta,6.112965292631007
20,a50_an,8,Beta,1.8094807664271377
20,a50_an,9,Beta,1.2687545926261061
20,a50_an,10,Beta,0.5071081121086102
20,a50_an,12,Beta,0.4297469474769632
20,a50_an,13,Beta,3.8810376004601377
20,a50_an,14,Beta,4.294276899219671
20,a50_an,15,Beta,3.2243377526361896
20,a50_an,16,Beta,0.25038541593006297
20,a50_an,17,Beta,1.3111150513339218
20,a50_an,18,Beta,6.248270912792317
20,a50_an,19,Beta,1.2138552188967733
20,a50_an,20,Beta,6.17100820231913
20,a50_an,21,Beta,1.856633132312601
20,a50_an,22,Beta,0.6578391034555168
20,a50_an,23,Beta,1.8894105960467333
20,a50_an,24,Beta,1.466514165723967
20,a50_an,25,Beta,5.5810254885773345
20,a50_an,26,Beta,2.847317270716307
20,a50_an,27,Beta,1.9047045066682218
20,a50_an,28,Beta,1.2989383851726886
20,a50_an,29,Beta,6.14004362218488
20,a50_an,30,Beta,1.0397651165293933
3,a75_an,1,Delta,1.8307163391646817
3,a75_an,2,Delta,4.94014565490962
3,a75_an,3,Delta,1.4380788641790732
3,a75_an,4,Delta,4.711244296929152
3,a75_an,5,Delta,2.9994576404024533
3,a75_an,6,Delta,2.07864230868188
3,a75_an,7,Delta,3.5992286788705843
3,a75_an,8,Delta,2.6389158924588845
3,a75_an,9,Delta,1.9050937658609672
3,a75_an,11,Delta,3.9095500205228446
3,a75_an,12,Delta,1.416303431594147
3,a75_an,13,Delta,1.3585109660178807
3,a75_an,14,Delta,4.28147511473243
3,a75_an,15,Delta,4.621216544388657
3,a75_an,1,Theta,2.7534879268152936
3,a75_an,2,Theta,5.6933174144104015
3,a75_an,3,Theta,1.8988685055394652
3,a75_an,4,Theta,5.423159820022091
3,a75_an,5,Theta,3.5662685800537104
3,a75_an,6,Theta,2.760123630889596
3,a75_an,7,Theta,4.284008504419237
3,a75_an,8,Theta,2.837986803387163
3,a75_an,9,Theta,2.110730194786686
3,a75_an,11,Theta,4.91161560283229
3,a75_an,12,Theta,2.5584028150024984
3,a75_an,13,Theta,5.400427741479275
3,a75_an,14,Theta,5.28746623684094
3,a75_an,15,Theta,3.6325708844925013
3,a75_an,1,Alpha,5.199456958384065
3,a75_an,2,Alpha,6.065111187677197
3,a75_an,3,Alpha,2.6319034770791716
3,a75_an,4,Alpha,5.964330033079704
3,a75_an,5,Alpha,6.153584600001908
3,a75_an,6,Alpha,3.8619292676369583
3,a75_an,7,Alpha,4.8912188965768495
3,a75_an,8,Alpha,3.8658345444708764
3,a75_an,9,Alpha,2.8254337822451374
3,a75_an,11,Alpha,5.873999933003428
3,a75_an,12,Alpha,2.845626797799686
3,a75_an,13,Alpha,5.713544160105546
3,a75_an,14,Alpha,5.8290025713242715
3,a75_an,15,Alpha,2.6526897826534737
3,a75_an,1,Beta,1.678833124732079
3,a75_an,2,Beta,0.19665947175636772
3,a75_an,3,Beta,1.153000290533875
3,a75_an,4,Beta,1.2827494031388555
3,a75_an,5,Beta,5.706894924853391
3,a75_an,6,Beta,4.892958135407837
3,a75_an,7,Beta,4.458287305998794
3,a75_an,8,Beta,1.8233127514234693
3,a75_an,9,Beta,4.795719496807031
3,a75_an,11,Beta,5.318492820351892
3,a75_an,12,Beta,5.119622635797841
3,a75_an,13,Beta,0.9656285005266385
3,a75_an,14,Beta,0.7899561480616897
3,a75_an,15,Beta,4.679310298960074
3,a50_an,1,Delta,3.2836542941565545
3,a50_an,2,Delta,0.8192371956199461
3,a50_an,3,Delta,3.3221714748697213
3,a50_an,4,Delta,2.393898781726613
3,a50_an,5,Delta,4.639707740332799
3,a50_an,6,Delta,5.221477193155547
3,a50_an,7,Delta,3.2776462416341126
3,a50_an,8,Delta,1.7154356709053478
3,a50_an,9,Delta,3.8791818197339523
3,a50_an,10,Delta,4.2826624429213656
3,a50_an,11,Delta,1.2742648881196332
3,a50_an,12,Delta,2.5868084864957637
3,a50_an,13,Delta,2.5487845474622013
3,a50_an,14,Delta,4.755409649431118
3,a50_an,15,Delta,3.7192668893018164
3,a50_an,16,Delta,2.438035704148905
3,a50_an,17,Delta,3.0479575197061854
3,a50_an,18,Delta,3.771148543159548
3,a50_an,19,Delta,5.18789886444168
3,a50_an,20,Delta,0.47224209182422117
3,a50_an,21,Delta,0.21809780482198143
3,a50_an,22,Delta,3.5925493179448473
3,a50_an,23,Delta,3.9948300684156206
3,a50_an,24,Delta,4.818318942587843
3,a50_an,25,Delta,1.909273930308762
3,a50_an,26,Delta,3.3307837915167546
3,a50_an,27,Delta,2.4380022098981398
3,a50_an,28,Delta,3.0020515775308585
3,a50_an,29,Delta,4.998880215521112
3,a50_an,30,Delta,1.8608919491599276
3,a50_an,1,Theta,3.267135385511426
3,a50_an,2,Theta,6.114548383811955
3,a50_an,3,Theta,3.954099135011597
3,a50_an,4,Theta,2.046640377934354
3,a50_an,5,Theta,0.6872576184088327
3,a50_an,6,Theta,5.5951901696177195
3,a50_an,7,Theta,2.218093755792339
3,a50_an,8,Theta,5.180395757293419
3,a50_an,9,Theta,0.08635390109053484
3,a50_an,10,Theta,4.5472064079030945
3,a50_an,11,Theta,1.2829236976266971
3,a50_an,12,Theta,2.676513555924404
3,a50_an,13,Theta,2.1330558447773993
3,a50_an,14,Theta,4.762766817614747
3,a50_an,15,Theta,4.391147721147224
3,a50_an,16,Theta,2.2761828418595473
3,a50_an,17,Theta,3.250220908203807
3,a50_an,18,Theta,3.906969203698881
3,a50_an,19,Theta,1.6005993228490392
3,a50_an,20,Theta,1.6009919308616114
3,a50_an,21,Theta,0.6978845509174191
3,a50_an,22,Theta,2.5570440672951
3,a50_an,23,Theta,2.651365613488026
3,a50_an,24,Theta,3.770623113082541
3,a50_an,25,Theta,1.8369874081036595
3,a50_an,26,Theta,3.3782334670330174
3,a50_an,27,Theta,4.612788369987182
3,a50_an,28,Theta,2.5350264873231296
3,a50_an,29,Theta,5.504327140122138
3,a50_an,30,Theta,2.766559023115167
3,a50_an,1,Alpha,1.4240504602963393
3,a50_an,2,Alpha,1.1677577888096338
3,a50_an,3,Alpha,5.471488041188894
3,a50_an,4,Alpha,2.2261017538174297
3,a50_an,5,Alpha,1.1109164184325206
3,a50_an,6,Alpha,5.470126511291738
3,a50_an,7,Alpha,2.185253021452161
3,a50_an,8,Alpha,5.3141317246227295
3,a50_an,9,Alpha,0.09504071676656609
3,a50_an,10,Alpha,4.756399783060986
3,a50_an,11,Alpha,1.8965785116513527
3,a50_an,12,Alpha,2.6679020022987596
3,a50_an,13,Alpha,1.8155849102218466
3,a50_an,14,Alpha,3.8393125434744615
3,a50_an,15,Alpha,3.874001384987032
3,a50_an,16,Alpha,4.3051422777088195
3,a50_an,17,Alpha,5.0842704051898
3,a50_an,18,Alpha,3.0040800949574855
3,a50_an,19,Alpha,1.3597872450656232
3,a50_an,20,Alpha,1.1735393427683376
3,a50_an,21,Alpha,1.6199765058440785
3,a50_an,22,Alpha,1.8953828532049204
3,a50_an,23,Alpha,3.4824448839960023
3,a50_an,24,Alpha,2.5954206053337505
3,a50_an,25,Alpha,4.482547327829494
3,a50_an,26,Alpha,2.901911395233913
3,a50_an,27,Alpha,4.554128964621006
3,a50_an,28,Alpha,1.8659688963784697
3,a50_an,29,Alpha,5.658140546064894
3,a50_an,30,Alpha,5.279107647968889
3,a50_an,1,Beta,2.148868843695465
3,a50_an,2,Beta,0.25407318793308775
3,a50_an,3,Beta,4.474460694757909
3,a50_an,4,Beta,1.3303757439211326
3,a50_an,5,Beta,3.622866722604971
3,a50_an,6,Beta,4.396163293422794
3,a50_an,7,Beta,6.068581132541975
3,a50_an,8,Beta,5.17394242489366
3,a50_an,9,Beta,6.1408009151434015
3,a50_an,10,Beta,2.0582565000939077
3,a50_an,11,Beta,2.175876894088495
3,a50_an,12,Beta,6.106216242007559
3,a50_an,13,Beta,2.781318167199459
3,a50_an,14,Beta,0.9111433068566812
3,a50_an,15,Beta,5.228165731199681
3,a50_an,16,Beta,5.840234871552104
3,a50_an,17,Beta,1.1766987730149694
3,a50_an,18,Beta,1.070457125005094
3,a50_an,19,Beta,0.310970385086642
3,a50_an,20,Beta,2.0395371821649353
3,a50_an,21,Beta,0.10145994192884118
3,a50_an,22,Beta,6.129623571111492
3,a50_an,23,Beta,1.2786934383116502
3,a50_an,24,Beta,3.10653671648567
3,a50_an,25,Beta,1.4681395116535687
3,a50_an,26,Beta,5.010810480991794
3,a50_an,27,Beta,5.14532883742457
3,a50_an,28,Beta,3.0279259138097934
3,a50_an,29,Beta,3.9230704826588325
3,a50_an,30,Beta,0.7460842539884591
4,a50_an,1,Delta,1.0693211203114772
4,a50_an,2,Delta,4.286386460981015
4,a50_an,3,Delta,1.4397362325414922
4,a50_an,4,Delta,0.7087888704697615
4,a50_an,5,Delta,5.798640511278911
4,a50_an,6,Delta,4.355326661649294
4,a50_an,7,Delta,3.0124117125571743
4,a50_an,8,Delta,0.7178571174694952
4,a50_an,9,Delta,1.6414356854234051
4,a50_an,10,Delta,5.543055739617092
4,a50_an,11,Delta,1.621949041933744
4,a50_an,13,Delta,1.7812858188419742
4,a50_an,14,Delta,3.516149732719993
4,a50_an,15,Delta,0.4044773694427699
4,a50_an,16,Delta,3.320296165798415
4,a50_an,17,Delta,0.9776953739461619
4,a50_an,18,Delta,2.0124515734946566
4,a50_an,19,Delta,3.1343509336406004
4,a50_an,20,Delta,1.5354201808397403
4,a50_an,21,Delta,3.932384286792429
4,a50_an,22,Delta,5.0637533617459125
4,a50_an,23,Delta,4.155999574058411
4,a50_an,24,Delta,4.046916139654966
4,a50_an,25,Delta,4.83720760712724
4,a50_an,26,Delta,3.898550055552959
4,a50_an,27,Delta,4.576908736251678
4,a50_an,28,Delta,5.156346166750374
4,a50_an,29,Delta,3.4361925504266906
4,a50_an,30,Delta,1.215557012628508
4,a50_an,1,Theta,0.5185455847701561
4,a50_an,2,Theta,2.007502429602143
4,a50_an,3,Theta,2.4229306309171057
4,a50_an,4,Theta,0.05685475160791108
4,a50_an,5,Theta,0.4790353896052326
4,a50_an,6,Theta,2.4241038867443563
4,a50_an,7,Theta,3.2808087095224425
4,a50_an,8,Theta,1.8890663821807645
4,a50_an,9,Theta,1.5482286233656286
4,a50_an,10,Theta,5.388967745007497
4,a50_an,11,Theta,2.666988516288807
4,a50_an,13,Theta,0.9048127449637352
4,a50_an,14,Theta,3.8276901598497646
4,a50_an,15,Theta,6.007009396828138
4,a50_an,16,Theta,3.7693721884073033
4,a50_an,17,Theta,5.6149388454377025
4,a50_an,18,Theta,2.29147610713907
4,a50_an,19,Theta,3.804696918031845
4,a50_an,20,Theta,2.3268918981276445
4,a50_an,21,Theta,2.6326163670818272
4,a50_an,22,Theta,5.510050208077844
4,a50_an,23,Theta,5.439917372952861
4,a50_an,24,Theta,4.016007536788782
4,a50_an,25,Theta,3.764598870212864
4,a50_an,26,Theta,4.965114732663296
4,a50_an,27,Theta,4.3000344257748715
4,a50_an,28,Theta,4.680986587938776
4,a50_an,29,Theta,4.406591674032054
4,a50_an,30,Theta,1.7784263076818387
4,a50_an,1,Alpha,5.185513232988534
4,a50_an,2,Alpha,5.6267232496608255
4,a50_an,3,Alpha,3.5178433630382044
4,a50_an,4,Alpha,0.9314407762115103
4,a50_an,5,Alpha,0.4261452499814592
4,a50_an,6,Alpha,3.267890709705138
4,a50_an,7,Alpha,1.873381327521299
4,a50_an,8,Alpha,2.841943982416328
4,a50_an,9,Alpha,1.988183983290168
4,a50_an,10,Alpha,5.881548339741865
4,a50_an,11,Alpha,4.529486815396995
4,a50_an,13,Alpha,0.41564639729060704
4,a50_an,14,Alpha,2.04206431858241
4,a50_an,15,Alpha,0.5897990730138398
4,a50_an,16,Alpha,4.824015763916526
4,a50_an,17,Alpha,5.309432074579601
4,a50_an,18,Alpha,2.346575270239005
4,a50_an,19,Alpha,4.427344940205036
4,a50_an,20,Alpha,3.112676041681464
4,a50_an,21,Alpha,1.1182316813812148
4,a50_an,22,Alpha,5.671139849571093
4,a50_an,23,Alpha,5.507554989187128
4,a50_an,24,Alpha,4.608487812453486
4,a50_an,25,Alpha,3.350840682773091
4,a50_an,26,Alpha,4.913337023043955
4,a50_an,27,Alpha,4.075685422198028
4,a50_an,28,Alpha,4.16723722845963
4,a50_an,29,Alpha,5.966755744645357
4,a50_an,30,Alpha,3.2303519886081817
4,a50_an,1,Beta,4.15160198481745
4,a50_an,2,Beta,5.243105594091745
4,a50_an,3,Beta,2.414673071240498
4,a50_an,4,Beta,1.861679878474816
4,a50_an,5,Beta,2.991071461094998
4,a50_an,6,Beta,0.7545226826873487
4,a50_an,7,Beta,3.752317426506113
4,a50_an,8,Beta,3.1776028707538067
4,a50_an,9,Beta,0.12296426074664195
4,a50_an,10,Beta,4.049292516109334
4,a50_an,11,Beta,1.9437082721961847
4,a50_an,13,Beta,5.8871453873177515
4,a50_an,14,Beta,6.220143233606998
4,a50_an,15,Beta,3.1619627633260508
4,a50_an,16,Beta,4.385815868489414
4,a50_an,17,Beta,0.673319906763155
4,a50_an,18,Beta,3.8199916060185766
4,a50_an,19,Beta,0.22596543350451148
4,a50_an,20,Beta,5.019150752784734
4,a50_an,21,Beta,2.2963403814962335
4,a50_an,22,Beta,3.623723733552924
4,a50_an,23,Beta,6.110972567337258
4,a50_an,24,Beta,6.259123949112609
4,a50_an,25,Beta,3.182391647605992
4,a50_an,26,Beta,0.3016340528066337
4,a50_an,27,Beta,4.981552322704722
4,a50_an,28,Beta,0.2984221645916148
4,a50_an,29,Beta,1.1943535678300077
4,a50_an,30,Beta,1.1422857652399152
4,a75_an,2,Delta,5.759132532728035
4,a75_an,3,Delta,3.4386683391514845
4,a75_an,4,Delta,5.400956611351114
4,a75_an,5,Delta,4.531668699600731
4,a75_an,6,Delta,3.884372700998615
4,a75_an,7,Delta,5.051228867344125
4,a75_an,8,Delta,1.6630084307931343
4,a75_an,9,Delta,4.922296328137305
4,a75_an,10,Delta,2.3743344497709074
4,a75_an,11,Delta,4.413792680632307
4,a75_an,12,Delta,1.354229026582798
4,a75_an,13,Delta,3.155636899018808
4,a75_an,14,Delta,1.4497611996664073
4,a75_an,15,Delta,1.4892829748405934
4,a75_an,2,Theta,4.921759466147508
4,a75_an,3,Theta,5.4182106353827235
4,a75_an,4,Theta,6.004185940021837
4,a75_an,5,Theta,4.491185602607943
4,a75_an,6,Theta,3.432602991689413
4,a75_an,7,Theta,4.815691049297755
4,a75_an,8,Theta,0.6395857086146557
4,a75_an,9,Theta,4.97077751456154
4,a75_an,10,Theta,4.284262431898635
4,a75_an,11,Theta,3.5974170497280684
4,a75_an,12,Theta,0.44296148532088453
4,a75_an,13,Theta,3.964659523619363
4,a75_an,14,Theta,1.5816583191470697
4,a75_an,15,Theta,1.0084193901646454
4,a75_an,2,Alpha,4.007796730492144
4,a75_an,3,Alpha,6.026775699921109
4,a75_an,4,Alpha,0.380089310899541
4,a75_an,5,Alpha,4.490728125491903
4,a75_an,6,Alpha,3.49785647084268
4,a75_an,7,Alpha,4.509317150862209
4,a75_an,8,Alpha,4.438161727889894
4,a75_an,9,Alpha,4.929800554021249
4,a75_an,10,Alpha,4.376504912924458
4,a75_an,11,Alpha,3.0062532608387094
4,a75_an,12,Alpha,5.940791529916515
4,a75_an,13,Alpha,3.8763378692203827
4,a75_an,14,Alpha,3.7690800817038497
4,a75_an,15,Alpha,4.558996596614813
4,a75_an,2,Beta,0.36914976671149635
4,a75_an,3,Beta,4.149704599684107
4,a75_an,4,Beta,3.0442068825010264
4,a75_an,5,Beta,1.9348243935411313
4,a75_an,6,Beta,6.048779049839597
4,a75_an,7,Beta,4.542243031664242
4,a75_an,8,Beta,0.29565086910980637
4,a75_an,9,Beta,3.926432595141058
4,a75_an,10,Beta,0.20841121428007836
4,a75_an,11,Beta,2.0827521497620696
4,a75_an,12,Beta,5.907217515154892
4,a75_an,13,Beta,3.6853368197486764
4,a75_an,14,Beta,3.345888305071313
4,a75_an,15,Beta,3.661001423070578
5,a50_an,1,Delta,4.909249540299868
5,a50_an,2,Delta,3.0829075471515845
5,a50_an,3,Delta,3.9404570335968034
5,a50_an,4,Delta,3.4908058823636687
5,a50_an,5,Delta,1.9305811395748316
5,a50_an,6,Delta,4.347168211237219
5,a50_an,7,Delta,3.8468578424191735
5,a50_an,8,Delta,5.872074111426862
5,a50_an,9,Delta,2.3641614023284383
5,a50_an,10,Delta,2.5895849354936114
5,a50_an,11,Delta,1.895561751645727
5,a50_an,12,Delta,0.5107677939425024
5,a50_an,13,Delta,4.028825654672902
5,a50_an,14,Delta,4.936474275824703
5,a50_an,15,Delta,5.158159047315945
5,a50_an,17,Delta,5.612811425149277
5,a50_an,18,Delta,4.90108983400899
5,a50_an,19,Delta,1.8885661944505143
5,a50_an,20,Delta,3.9294325651323763
5,a50_an,21,Delta,1.7628067644274021
5,a50_an,22,Delta,5.425941797338308
5,a50_an,23,Delta,4.5093868140161355
5,a50_an,24,Delta,4.054507712155587
5,a50_an,25,Delta,1.973960195402528
5,a50_an,26,Delta,1.8257872689980943
5,a50_an,27,Delta,1.151966717150456
5,a50_an,28,Delta,2.94686117888874
5,a50_an,29,Delta,1.2814555244853507
5,a50_an,30,Delta,2.302341246335311
5,a50_an,1,Theta,5.23445040227655
5,a50_an,2,Theta,3.855306740016926
5,a50_an,3,Theta,3.75527314444622
5,a50_an,4,Theta,3.0344297665610607
5,a50_an,5,Theta,2.334308979019733
5,a50_an,6,Theta,1.2112551514702754
5,a50_an,7,Theta,3.3152134038967573
5,a50_an,8,Theta,0.9384145233581
5,a50_an,9,Theta,2.587361469086456
5,a50_an,10,Theta,1.8706737399835647
5,a50_an,11,Theta,5.267018455801489
5,a50_an,12,Theta,1.4694641337288203
5,a50_an,13,Theta,1.6130248506387181
5,a50_an,14,Theta,4.464601179103119
5,a50_an,15,Theta,3.549686425055949
5,a50_an,17,Theta,0.4913320448558162
5,a50_an,18,Theta,4.984840994022379
5,a50_an,19,Theta,1.8120983311651835
5,a50_an,20,Theta,4.549062851647212
5,a50_an,21,Theta,1.7702166853846009
5,a50_an,22,Theta,5.97070427141136
5,a50_an,23,Theta,3.0568914951895327
5,a50_an,24,Theta,1.615901803132204
5,a50_an,25,Theta,2.5046838316585123
5,a50_an,26,Theta,1.970840885085006
5,a50_an,27,Theta,1.7347892535957776
5,a50_an,28,Theta,1.690789688358103
5,a50_an,29,Theta,1.6642101803917901
5,a50_an,30,Theta,3.135223229889247
5,a50_an,1,Alpha,5.400249911546677
5,a50_an,2,Alpha,3.9052018801104755
5,a50_an,3,Alpha,3.976723876734481
5,a50_an,4,Alpha,2.733848596881455
5,a50_an,5,Alpha,0.9273538689614854
5,a50_an,6,Alpha,0.6720052755242798
5,a50_an,7,Alpha,2.9603066374108447
5,a50_an,8,Alpha,2.576237149843096
5,a50_an,9,Alpha,2.2290465723244552
5,a50_an,10,Alpha,1.6658025108781085
5,a50_an,11,Alpha,4.785425376927481
5,a50_an,12,Alpha,3.218450384271099
5,a50_an,13,Alpha,1.2165865702982348
5,a50_an,14,Alpha,3.094632539261244
5,a50_an,15,Alpha,2.832840374958443
5,a50_an,17,Alpha,2.397032990243386
5,a50_an,18,Alpha,4.614099786741447
5,a50_an,19,Alpha,1.6143771382495926
5,a50_an,20,Alpha,6.051126768667876
5,a50_an,21,Alpha,1.9958463632955599
5,a50_an,22,Alpha,1.2647068111097675
5,a50_an,23,Alpha,3.651789206788533
5,a50_an,24,Alpha,1.122245714926499
5,a50_an,25,Alpha,2.0564216630064984
5,a50_an,26,Alpha,1.505029315286242
5,a50_an,27,Alpha,3.6338484590572593
5,a50_an,28,Alpha,1.1194084747045956
5,a50_an,29,Alpha,2.4704841391603383
5,a50_an,30,Alpha,4.76602299082455
5,a50_an,1,Beta,3.9488078512138305
5,a50_an,2,Beta,0.20722457668450597
5,a50_an,3,Beta,5.638601779968876
5,a50_an,4,Beta,2.376408601179375
5,a50_an,5,Beta,3.459124945720438
5,a50_an,6,Beta,1.6978757689459272
5,a50_an,7,Beta,2.5514931630569726
5,a50_an,8,Beta,3.277990330305873
5,a50_an,9,Beta,1.8630872224064134
5,a50_an,10,Beta,5.032981285878291
5,a50_an,11,Beta,2.731836403111639
5,a50_an,12,Beta,3.0006686905890585
5,a50_an,13,Beta,4.241378426100185
5,a50_an,14,Beta,3.9580039989377744
5,a50_an,15,Beta,5.388722017895336
5,a50_an,17,Beta,5.877435359320352
5,a50_an,18,Beta,4.345604404226327
5,a50_an,19,Beta,4.544834232306897
5,a50_an,20,Beta,4.129296776160732
5,a50_an,21,Beta,5.668603749558699
5,a50_an,22,Beta,6.200685899666518
5,a50_an,23,Beta,6.204376020663879
5,a50_an,24,Beta,3.866141487011762
5,a50_an,25,Beta,0.8286735610309252
5,a50_an,26,Beta,4.931949655342529
5,a50_an,27,Beta,5.147641599786793
5,a50_an,28,Beta,1.310124088564639
5,a50_an,29,Beta,3.6242678564322404
5,a50_an,30,Beta,4.979529811519987
5,a75_an,1,Delta,4.996687545235318
5,a75_an,2,Delta,3.4696072731744745
5,a75_an,3,Delta,2.647139604047028
5,a75_an,4,Delta,3.4854148530286273
5,a75_an,5,Delta,4.729565655836912
5,a75_an,6,Delta,4.006176598710699
5,a75_an,7,Delta,1.0550987719121723
5,a75_an,8,Delta,4.6411593022368045
5,a75_an,9,Delta,2.7008107155537373
5,a75_an,10,Delta,5.268700781539509
5,a75_an,11,Delta,4.072410265143416
5,a75_an,12,Delta,5.4377600239146515
5,a75_an,13,Delta,5.904066866803761
5,a75_an,14,Delta,4.419679565320484
5,a75_an,15,Delta,3.6110310938807078
5,a75_an,1,Theta,5.036447360117
5,a75_an,2,Theta,2.8364550325320463
5,a75_an,3,Theta,2.2434724506862156
5,a75_an,4,Theta,3.019410543981141
5,a75_an,5,Theta,2.279940030155088
5,a75_an,6,Theta,3.1367431877981216
5,a75_an,7,Theta,1.8486446614680008
5,a75_an,8,Theta,3.087116620772922
5,a75_an,9,Theta,3.424374303897058
5,a75_an,10,Theta,5.983554835462856
5,a75_an,11,Theta,3.832900191589097
5,a75_an,12,Theta,5.123583517783999
5,a75_an,13,Theta,0.602117694485365
5,a75_an,14,Theta,1.913074179902353
5,a75_an,15,Theta,3.0948133844250894
5,a75_an,1,Alpha,3.0174119446506595
5,a75_an,2,Alpha,2.9652287992886395
5,a75_an,3,Alpha,6.153328526429819
5,a75_an,4,Alpha,0.9059314968086376
5,a75_an,5,Alpha,2.4787665418571954
5,a75_an,6,Alpha,2.5628398776267263
5,a75_an,7,Alpha,1.709606717697598
5,a75_an,8,Alpha,0.9152843976920751
5,a75_an,9,Alpha,5.223575689981109
5,a75_an,10,Alpha,5.246256626369352
5,a75_an,11,Alpha,3.530694719406053
5,a75_an,12,Alpha,4.646608858831982
5,a75_an,13,Alpha,3.5601510848330173
5,a75_an,14,Alpha,2.132847942761736
5,a75_an,15,Alpha,3.411629119290339
5,a75_an,1,Beta,3.9980879397806923
5,a75_an,2,Beta,1.9698967724738243
5,a75_an,3,Beta,5.085231603018245
5,a75_an,4,Beta,0.1264876738698514
5,a75_an,5,Beta,0.10393987512768328
5,a75_an,6,Beta,4.008209091450443
5,a75_an,7,Beta,1.308288966537678
5,a75_an,8,Beta,5.803448339095832
5,a75_an,9,Beta,5.414902734306557
5,a75_an,10,Beta,1.139191477537293
5,a75_an,11,Beta,0.35497783628859864
5,a75_an,12,Beta,0.46824054200908716
5,a75_an,13,Beta,5.393773761183176
5,a75_an,14,Beta,5.6643000109549435
5,a75_an,15,Beta,1.4848173764394517
6,a75_an,1,Delta,5.465794546317809
6,a75_an,2,Delta,3.745014225599112
6,a75_an,3,Delta,4.732349595376906
6,a75_an,4,Delta,1.6728227059901017
6,a75_an,5,Delta,1.3549119708632646
6,a75_an,6,Delta,1.256751953954314
6,a75_an,7,Delta,3.9530890101665785
6,a75_an,8,Delta,3.7394195345358994
6,a75_an,9,Delta,3.9814711339724767
6,a75_an,10,Delta,3.583072418063439
6,a75_an,11,Delta,2.167044695987863
6,a75_an,12,Delta,0.2327510540923162
6,a75_an,13,Delta,4.375402389830838
6,a75_an,14,Delta,3.873818057630262
6,a75_an,15,Delta,1.0128295012966735
6,a75_an,1,Theta,5.78943371347141
6,a75_an,2,Theta,4.4584581633893645
6,a75_an,3,Theta,5.7326195718800745
6,a75_an,4,Theta,2.131468848062194
6,a75_an,5,Theta,4.10077757413331
6,a75_an,6,Theta,1.0998456493250401
6,a75_an,7,Theta,5.5562594619539585
6,a75_an,8,Theta,2.746571829450012
6,a75_an,9,Theta,4.461619271549912
6,a75_an,10,Theta,2.677560856736367
6,a75_an,11,Theta,1.4526076131105936
6,a75_an,12,Theta,0.3077912743973298
6,a75_an,13,Theta,4.571586869931932
6,a75_an,14,Theta,4.097143407767232
6,a75_an,15,Theta,0.49292743889696117
6,a75_an,1,Alpha,4.514887531429552
6,a75_an,2,Alpha,4.721499173959359
6,a75_an,3,Alpha,0.6705779741685758
6,a75_an,4,Alpha,2.8108029770880836
6,a75_an,5,Alpha,5.064522882562371
6,a75_an,6,Alpha,0.845804671313778
6,a75_an,7,Alpha,5.77172226389823
6,a75_an,8,Alpha,1.3873194098502426
6,a75_an,9,Alpha,4.484283071715293
6,a75_an,10,Alpha,2.5249328386999337
6,a75_an,11,Alpha,0.7780085144415718
6,a75_an,12,Alpha,5.968880273824638
6,a75_an,13,Alpha,4.867892093944131
6,a75_an,14,Alpha,5.113254790484131
6,a75_an,15,Alpha,0.14801414783745703
6,a75_an,1,Beta,5.0752936624125
6,a75_an,2,Beta,0.4355532906519863
6,a75_an,3,Beta,5.773136814531963
6,a75_an,4,Beta,2.234330329354519
6,a75_an,5,Beta,2.197599454255534
6,a75_an,6,Beta,5.785400141092633
6,a75_an,7,Beta,2.5622595050228614
6,a75_an,8,Beta,1.649696129805261
6,a75_an,9,Beta,1.1881317493531238
6,a75_an,10,Beta,3.5254273117015025
6,a75_an,11,Beta,4.524711744420966
6,a75_an,12,Beta,2.184867022018528
6,a75_an,13,Beta,0.5483345313413729
6,a75_an,14,Beta,1.9470550021064041
6,a75_an,15,Beta,5.370564333970219
6,a50_an,1,Delta,0.8947970318645412
6,a50_an,2,Delta,5.21764921458923
6,a50_an,3,Delta,1.0312938569682806
6,a50_an,4,Delta,2.9652685097690687
6,a50_an,5,Delta,0.40222380730113616
6,a50_an,6,Delta,1.4774592101072588
6,a50_an,7,Delta,1.7059061235227955
6,a50_an,8,Delta,6.0738555313175775
6,a50_an,9,Delta,4.765852284870543
6,a50_an,10,Delta,1.4095919809668547
6,a50_an,11,Delta,4.044142728477221
6,a50_an,12,Delta,2.0790170572862174
6,a50_an,13,Delta,4.729467107385984
6,a50_an,14,Delta,1.8678967632196994
6,a50_an,15,Delta,5.171559396316532
6,a50_an,16,Delta,1.6159814150035634
6,a50_an,17,Delta,4.710731359600441
6,a50_an,18,Delta,6.2590037844520845
6,a50_an,19,Delta,0.1335319831979426
6,a50_an,20,Delta,0.5224264710086102
6,a50_an,21,Delta,5.364808525197288
6,a50_an,22,Delta,3.9697565576568876
6,a50_an,23,Delta,1.6134651477797533
6,a50_an,24,Delta,3.939801174176313
6,a50_an,25,Delta,4.465996555002539
6,a50_an,26,Delta,1.5112725957843292
6,a50_an,27,Delta,0.3220694180489454
6,a50_an,28,Delta,4.438966359133714
6,a50_an,29,Delta,1.942192235736907
6,a50_an,30,Delta,4.272479866624706
6,a50_an,1,Theta,6.01025202650187
6,a50_an,2,Theta,5.499817346563558
6,a50_an,3,Theta,1.4222895812576724
6,a50_an,4,Theta,1.7329820038057968
6,a50_an,5,Theta,0.08359583438484186
6,a50_an,6,Theta,1.401996189919271
6,a50_an,7,Theta,1.0257891545593223
6,a50_an,8,Theta,6.052862628725832
6,a50_an,9,Theta,1.9672155415425556
6,a50_an,10,Theta,0.490379605022949
6,a50_an,11,Theta,4.858776713536443
6,a50_an,12,Theta,2.556857930909609
6,a50_an,13,Theta,4.457753426453643
6,a50_an,14,Theta,2.8596851632728684
6,a50_an,15,Theta,6.080203167844909
6,a50_an,16,Theta,1.6216365825046968
6,a50_an,17,Theta,5.331512321248462
6,a50_an,18,Theta,6.134580685684339
6,a50_an,19,Theta,0.0952466162723205
6,a50_an,20,Theta,6.24797417810431
6,a50_an,21,Theta,5.282809052033761
6,a50_an,22,Theta,4.440882486651683
6,a50_an,23,Theta,1.929425005886819
6,a50_an,24,Theta,4.450369303026278
6,a50_an,25,Theta,0.032207686004081526
6,a50_an,26,Theta,1.2384607124012739
6,a50_an,27,Theta,0.10595215394049132
6,a50_an,28,Theta,5.459644988049484
6,a50_an,29,Theta,2.028559370392926
6,a50_an,30,Theta,3.8004899008584134
6,a50_an,1,Alpha,5.9565815797432915
6,a50_an,2,Alpha,0.9384547865224808
6,a50_an,3,Alpha,4.243532684672045
6,a50_an,4,Alpha,6.235869428036662
6,a50_an,5,Alpha,4.905717556562569
6,a50_an,6,Alpha,1.4826470436515868
6,a50_an,7,Alpha,6.039336598325611
6,a50_an,8,Alpha,1.5899717956069765
6,a50_an,9,Alpha,2.31693966488286
6,a50_an,10,Alpha,0.741288310475108
6,a50_an,11,Alpha,5.047031196355263
6,a50_an,12,Alpha,2.440192528957451
6,a50_an,13,Alpha,3.9915607792483336
6,a50_an,14,Alpha,3.6999690946366326
6,a50_an,15,Alpha,5.994060910159052
6,a50_an,16,Alpha,2.0983939805856497
6,a50_an,17,Alpha,0.3664281001591106
6,a50_an,18,Alpha,0.29198623803681806
6,a50_an,19,Alpha,2.6437331390743015
6,a50_an,20,Alpha,5.152907467899958
6,a50_an,21,Alpha,6.126147990774049
6,a50_an,22,Alpha,5.083425024012971
6,a50_an,23,Alpha,2.064832550989964
6,a50_an,24,Alpha,4.308363181309522
6,a50_an,25,Alpha,1.3609569902189629
6,a50_an,26,Alpha,3.31105546616605
6,a50_an,27,Alpha,0.4557014951831107
6,a50_an,28,Alpha,6.243877193853116
6,a50_an,29,Alpha,1.6722157626390937
6,a50_an,30,Alpha,0.49670022770909955
6,a50_an,1,Beta,5.96299831091891
6,a50_an,2,Beta,2.990908697167378
6,a50_an,3,Beta,0.7679341696237943
6,a50_an,4,Beta,3.030578442555681
6,a50_an,5,Beta,3.1317842922185215
6,a50_an,6,Beta,5.092350107710374
6,a50_an,7,Beta,1.8126909098546133
6,a50_an,8,Beta,4.955578724233192
6,a50_an,9,Beta,2.8740443262802517
6,a50_an,10,Beta,3.6512511917057933
6,a50_an,11,Beta,4.046150998965118
6,a50_an,12,Beta,1.2188584831504448
6,a50_an,13,Beta,2.832461550454825
6,a50_an,14,Beta,1.3113703252495024
6,a50_an,15,Beta,2.087526420022441
6,a50_an,16,Beta,4.625037406046024
6,a50_an,17,Beta,5.065852358104114
6,a50_an,18,Beta,3.170516593804833
6,a50_an,19,Beta,1.1060740869564454
6,a50_an,20,Beta,4.49846693940551
6,a50_an,21,Beta,6.208736363668726
6,a50_an,22,Beta,6.086265290984088
6,a50_an,23,Beta,6.2112197887466385
6,a50_an,24,Beta,3.6183064284406874
6,a50_an,25,Beta,2.8839065817359564
6,a50_an,26,Beta,4.647063580204069
6,a50_an,27,Beta,6.227102495015572
6,a50_an,28,Beta,2.7580275510824017
6,a50_an,29,Beta,4.29936163181278
6,a50_an,30,Beta,0.4293332979164468
7,a50_an,1,Delta,2.664442986865773
7,a50_an,2,Delta,3.108833315077491
7,a50_an,3,Delta,5.114753089561528
7,a50_an,4,Delta,3.642243495592543
7,a50_an,5,Delta,4.8443524883529285
7,a50_an,6,Delta,1.4598454394809923
7,a50_an,7,Delta,4.858713292432103
7,a50_an,8,Delta,5.608246176792793
7,a50_an,9,Delta,0.7825013669787557
7,a50_an,10,Delta,0.38346363000469025
7,a50_an,11,Delta,3.2014536168939087
7,a50_an,13,Delta,3.331400049734577
7,a50_an,14,Delta,5.106572201963072
7,a50_an,15,Delta,3.17052923339826
7,a50_an,16,Delta,5.020017248850781
7,a50_an,17,Delta,1.4234238280978042
7,a50_an,18,Delta,3.434017098110709
7,a50_an,19,Delta,4.820697753375752
7,a50_an,20,Delta,5.262174551264035
7,a50_an,21,Delta,2.2578981574746795
7,a50_an,22,Delta,1.529568408417773
7,a50_an,23,Delta,2.242730169750528
7,a50_an,24,Delta,1.4542636810175056
7,a50_an,25,Delta,4.028912673315965
7,a50_an,26,Delta,4.605017199132538
7,a50_an,27,Delta,3.8726336260690024
7,a50_an,28,Delta,5.518136743860855
7,a50_an,29,Delta,1.875929670853541
7,a50_an,30,Delta,5.56470774717482
7,a50_an,1,Theta,2.186106075608355
7,a50_an,2,Theta,3.366345487540455
7,a50_an,3,Theta,3.3394453780791475
7,a50_an,4,Theta,5.712807588899544
7,a50_an,5,Theta,4.052236665844406
7,a50_an,6,Theta,1.1918934723047612
7,a50_an,7,Theta,5.552172666469175
7,a50_an,8,Theta,5.207566005652445
7,a50_an,9,Theta,5.761871188002131
7,a50_an,10,Theta,6.094452619755415
7,a50_an,11,Theta,3.0893599274194736
7,a50_an,13,Theta,3.626609399649334
7,a50_an,14,Theta,5.604899193175764
7,a50_an,15,Theta,4.342086065526082
7,a50_an,16,Theta,4.75476040743567
7,a50_an,17,Theta,1.096180977187525
7,a50_an,18,Theta,3.2069928918060637
7,a50_an,19,Theta,0.014233030905195756
7,a50_an,20,Theta,4.723607985110413
7,a50_an,21,Theta,3.196630937233448
7,a50_an,22,Theta,2.329063276555509
7,a50_an,23,Theta,2.619672094679765
7,a50_an,24,Theta,4.184133536190582
7,a50_an,25,Theta,2.1180942691148363
7,a50_an,26,Theta,5.131062473617455
7,a50_an,27,Theta,5.676678957294089
7,a50_an,28,Theta,5.763672223928303
7,a50_an,29,Theta,0.7319578094968974
7,a50_an,30,Theta,3.6819701854126237
7,a50_an,1,Alpha,1.4259356959927487
7,a50_an,2,Alpha,3.7185785288386257
7,a50_an,3,Alpha,2.2312656328656084
7,a50_an,4,Alpha,0.30377565845947074
7,a50_an,5,Alpha,3.046332550406703
7,a50_an,6,Alpha,1.035121109939385
7,a50_an,7,Alpha,5.841190497165043
7,a50_an,8,Alpha,4.960441919770492
7,a50_an,9,Alpha,4.572502281311924
7,a50_an,10,Alpha,6.140359952492721
7,a50_an,11,Alpha,3.0046917046110253
7,a50_an,13,Alpha,3.9996261152655768
7,a50_an,14,Alpha,0.5192573773546698
7,a50_an,15,Alpha,2.5143555356808065
7,a50_an,16,Alpha,1.575625180960228
7,a50_an,17,Alpha,1.5512354914250865
7,a50_an,18,Alpha,3.200621418047561
7,a50_an,19,Alpha,0.22916712180467308
7,a50_an,20,Alpha,3.5479186918797954
7,a50_an,21,Alpha,4.346588626847726
7,a50_an,22,Alpha,2.7103263097983823
7,a50_an,23,Alpha,3.4568405902514567
7,a50_an,24,Alpha,3.174839473707276
7,a50_an,25,Alpha,2.066118073459153
7,a50_an,26,Alpha,4.8901886370478955
7,a50_an,27,Alpha,4.546918476493101
7,a50_an,28,Alpha,5.6723076226707025
7,a50_an,29,Alpha,0.4993969273641467
7,a50_an,30,Alpha,2.5379355289710777
7,a50_an,1,Beta,5.457739273133913
7,a50_an,2,Beta,1.6998833034160297
7,a50_an,3,Beta,5.969972510785413
7,a50_an,4,Beta,4.1403400561219215
7,a50_an,5,Beta,5.739270091034457
7,a50_an,6,Beta,1.1418537198716652
7,a50_an,7,Beta,0.431035446564958
7,a50_an,8,Beta,4.575244913388948
7,a50_an,9,Beta,1.192529163475302
7,a50_an,10,Beta,5.010173069369944
7,a50_an,11,Beta,2.9657498826955764
7,a50_an,13,Beta,5.745417984121783
7,a50_an,14,Beta,3.2223313893288634
7,a50_an,15,Beta,4.680411601079679
7,a50_an,16,Beta,4.414886192592114
7,a50_an,17,Beta,4.94642935743919
7,a50_an,18,Beta,4.440436335578412
7,a50_an,19,Beta,1.6003217732551298
7,a50_an,20,Beta,5.439384143925995
7,a50_an,21,Beta,5.73172760737251
7,a50_an,22,Beta,3.867964927313088
7,a50_an,23,Beta,6.168304074108539
7,a50_an,24,Beta,5.637526044541854
7,a50_an,25,Beta,3.0408919369484995
7,a50_an,26,Beta,5.82032759629258
7,a50_an,27,Beta,5.107036292073147
7,a50_an,28,Beta,4.186095091177811
7,a50_an,29,Beta,4.989228398197801
7,a50_an,30,Beta,0.7969675552063744
7,a75_an,1,Delta,4.524944409042568
7,a75_an,2,Delta,1.815800422932161
7,a75_an,3,Delta,6.154919595339721
7,a75_an,4,Delta,2.656555380680639
7,a75_an,5,Delta,5.197028279660239
7,a75_an,6,Delta,1.7963648243490988
7,a75_an,7,Delta,4.713318841598019
7,a75_an,9,Delta,4.313392238191639
7,a75_an,10,Delta,2.7527091047825456
7,a75_an,11,Delta,2.0136133668529044
7,a75_an,12,Delta,3.869017406822954
7,a75_an,13,Delta,3.01638395574541
7,a75_an,15,Delta,4.6849140413159365
7,a75_an,1,Theta,4.025018878766515
7,a75_an,2,Theta,2.9459868515026555
7,a75_an,3,Theta,1.8781796301786555
7,a75_an,4,Theta,1.4077018071493215
7,a75_an,5,Theta,1.0996853342341177
7,a75_an,6,Theta,1.7618858973995541
7,a75_an,7,Theta,4.145766588404015
7,a75_an,9,Theta,2.3726390238318746
7,a75_an,10,Theta,2.433776390573741
7,a75_an,11,Theta,2.4234982430880194
7,a75_an,12,Theta,4.9116234125059615
7,a75_an,13,Theta,3.220379748290669
7,a75_an,15,Theta,1.0388360834911037
7,a75_an,1,Alpha,3.9594126484903076
7,a75_an,2,Alpha,2.29435998003973
7,a75_an,3,Alpha,2.8362208645870672
7,a75_an,4,Alpha,5.321013515299209
7,a75_an,5,Alpha,3.174354921079908
7,a75_an,6,Alpha,1.5169621961917545
7,a75_an,7,Alpha,4.30274443873287
7,a75_an,9,Alpha,2.6770574541713046
7,a75_an,10,Alpha,1.2022767485031496
7,a75_an,11,Alpha,2.242861196161294
7,a75_an,12,Alpha,3.6658480969453575
7,a75_an,13,Alpha,3.1226764400826483
7,a75_an,15,Alpha,1.9298587978972106
7,a75_an,1,Beta,5.553771506316577
7,a75_an,2,Beta,0.6290166676353512
7,a75_an,3,Beta,5.280968341539434
7,a75_an,4,Beta,4.890824266353428
7,a75_an,5,Beta,5.749624988383687
7,a75_an,6,Beta,5.054360536462225
7,a75_an,7,Beta,5.597944924746994
7,a75_an,9,Beta,2.0739736140459972
7,a75_an,10,Beta,4.716783095798455
7,a75_an,11,Beta,2.747833819158415
7,a75_an,12,Beta,1.2014333622979438
7,a75_an,13,Beta,3.6465286221225424
7,a75_an,15,Beta,1.2396649591881723
8,a75_an,1,Delta,4.6146893589904225
8,a75_an,2,Delta,4.931771279937569
8,a75_an,3,Delta,4.223751191860277
8,a75_an,4,Delta,0.9271097988188765
8,a75_an,5,Delta,4.434344818285382
8,a75_an,6,Delta,4.398733514672704
8,a75_an,7,Delta,0.7913910311837664
8,a75_an,8,Delta,3.034532903643244
8,a75_an,9,Delta,4.737608507816509
8,a75_an,10,Delta,3.0337409588301756
8,a75_an,11,Delta,5.565200032404773
8,a75_an,12,Delta,4.0409637582563835
8,a75_an,13,Delta,2.2030939248672956
8,a75_an,14,Delta,4.601406437740908
8,a75_an,15,Delta,3.7260064942944076
8,a75_an,1,Theta,5.9794249923071465
8,a75_an,2,Theta,4.791539762100202
8,a75_an,3,Theta,4.194126584217111
8,a75_an,4,Theta,0.3734586932734752
8,a75_an,5,Theta,5.436516215616085
8,a75_an,6,Theta,3.417866419707367
8,a75_an,7,Theta,0.8549655546104019
8,a75_an,8,Theta,6.210616030287903
8,a75_an,9,Theta,5.247375631649637
8,a75_an,10,Theta,4.38988216463126
8,a75_an,11,Theta,0.47001267436064836
8,a75_an,12,Theta,3.880724552520283
8,a75_an,13,Theta,3.236146362002188
8,a75_an,14,Theta,1.8147527908501686
8,a75_an,15,Theta,2.794477394504291
8,a75_an,1,Alpha,1.0612350648658253
8,a75_an,2,Alpha,4.408569806469973
8,a75_an,3,Alpha,0.8527227247962175
8,a75_an,4,Alpha,6.148614995392218
8,a75_an,5,Alpha,1.805989550222971
8,a75_an,6,Alpha,1.728312908718401
8,a75_an,7,Alpha,1.6051507731210968
8,a75_an,8,Alpha,2.3953630072299483
8,a75_an,9,Alpha,5.178205102917371
8,a75_an,10,Alpha,4.54882096573308
8,a75_an,11,Alpha,0.6322448771791328
8,a75_an,12,Alpha,3.660880218201018
8,a75_an,13,Alpha,2.8010288564141415
8,a75_an,14,Alpha,1.8819068592069474
8,a75_an,15,Alpha,0.4645821293986428
8,a75_an,1,Beta,5.417078440665239
8,a75_an,2,Beta,3.90425104345917
8,a75_an,3,Beta,2.5053431269547928
8,a75_an,4,Beta,3.9192721013660643
8,a75_an,5,Beta,5.686784601003227
8,a75_an,6,Beta,2.9923256998408463
8,a75_an,7,Beta,0.8531875082658263
8,a75_an,8,Beta,0.27489217991209586
8,a75_an,9,Beta,4.645839283289821
8,a75_an,10,Beta,6.0424046740915385
8,a75_an,11,Beta,0.8971011006848778
8,a75_an,12,Beta,5.263496448240591
8,a75_an,13,Beta,3.3376192747890028
8,a75_an,14,Beta,4.937455886659638
8,a75_an,15,Beta,2.0644952512027244
8,a50_an,1,Delta,1.610793544354759
8,a50_an,2,Delta,6.192927821277131
8,a50_an,3,Delta,2.939430469491492
8,a50_an,4,Delta,1.772337782314389
8,a50_an,5,Delta,4.520965669867577
8,a50_an,6,Delta,3.881101141061766
8,a50_an,7,Delta,0.9715803953698432
8,a50_an,8,Delta,4.643432455316125
8,a50_an,9,Delta,3.482338693669453
8,a50_an,10,Delta,6.1872000892291705
8,a50_an,11,Delta,1.5202987293632195
8,a50_an,12,Delta,2.958717600739704
8,a50_an,13,Delta,5.484568106312012
8,a50_an,14,Delta,4.806606005630192
8,a50_an,15,Delta,2.5635165253699634
8,a50_an,16,Delta,2.1264895091123597
8,a50_an,17,Delta,3.1159757885992585
8,a50_an,18,Delta,3.4245673961855494
8,a50_an,19,Delta,2.9175999163613477
8,a50_an,20,Delta,2.2040020173975323
8,a50_an,21,Delta,5.874480084178124
8,a50_an,22,Delta,4.552314918977372
8,a50_an,23,Delta,2.5298945146088636
8,a50_an,24,Delta,0.9904435074289574
8,a50_an,25,Delta,1.2033859915345566
8,a50_an,26,Delta,3.211443696052577
8,a50_an,27,Delta,1.810533516934895
8,a50_an,28,Delta,5.056570978715227
8,a50_an,29,Delta,2.632218658265964
8,a50_an,30,Delta,1.2234309623974364
8,a50_an,1,Theta,1.7178681164085858
8,a50_an,2,Theta,5.902589628357455
8,a50_an,3,Theta,2.3823420617291897
8,a50_an,4,Theta,0.5218119212709188
8,a50_an,5,Theta,4.826836596094993
8,a50_an,6,Theta,3.8052467755127033
8,a50_an,7,Theta,1.519826492888355
8,a50_an,8,Theta,3.3712163102718455
8,a50_an,9,Theta,4.474748848853075
8,a50_an,10,Theta,1.066844793593448
8,a50_an,11,Theta,1.7935785002798708
8,a50_an,12,Theta,3.815233998890536
8,a50_an,13,Theta,0.16141124502300955
8,a50_an,14,Theta,5.620361868882961
8,a50_an,15,Theta,2.805356665813652
8,a50_an,16,Theta,1.490393371649339
8,a50_an,17,Theta,4.427339590216221
8,a50_an,18,Theta,2.5659284459049876
8,a50_an,19,Theta,2.767155684146217
8,a50_an,20,Theta,1.1898247978396435
8,a50_an,21,Theta,2.143108625483752
8,a50_an,22,Theta,4.945667091782062
8,a50_an,23,Theta,4.980816192139695
8,a50_an,24,Theta,1.7716615652945154
8,a50_an,25,Theta,1.333884190846057
8,a50_an,26,Theta,4.651138439917179
8,a50_an,27,Theta,1.4390652644636515
8,a50_an,28,Theta,3.749527390034956
8,a50_an,29,Theta,3.5364072620706373
8,a50_an,30,Theta,0.19203883285246967
8,a50_an,1,Alpha,4.803395053241147
8,a50_an,2,Alpha,3.846254336458912
8,a50_an,3,Alpha,2.607534183185621
8,a50_an,4,Alpha,0.5219861400535404
8,a50_an,5,Alpha,5.24988719715325
8,a50_an,6,Alpha,3.9671513143629493
8,a50_an,7,Alpha,2.068207717635253
8,a50_an,8,Alpha,2.0675417590239062
8,a50_an,9,Alpha,2.9893555385773927
8,a50_an,10,Alpha,1.2311113303666772
8,a50_an,11,Alpha,2.157528799376478
8,a50_an,12,Alpha,4.0230755218835625
8,a50_an,13,Alpha,0.11483645868744714
8,a50_an,14,Alpha,1.871677484126894
8,a50_an,15,Alpha,6.126612270884071
8,a50_an,16,Alpha,2.5513008802909947
8,a50_an,17,Alpha,4.191164175160305
8,a50_an,18,Alpha,2.461820667167971
8,a50_an,19,Alpha,3.401668089622205
8,a50_an,20,Alpha,1.0129105726263703
8,a50_an,21,Alpha,3.0449104818793753
8,a50_an,22,Alpha,6.2594334900109185
8,a50_an,23,Alpha,5.131145827843181
8,a50_an,24,Alpha,2.502779226709487
8,a50_an,25,Alpha,2.1354912590803563
8,a50_an,26,Alpha,5.978306353252231
8,a50_an,27,Alpha,0.5587266190742426
8,a50_an,28,Alpha,0.4624822172413162
8,a50_an,29,Alpha,4.172961569903997
8,a50_an,30,Alpha,0.30162161143269745
8,a50_an,1,Beta,0.9769382027570735
8,a50_an,2,Beta,3.643366172938047
8,a50_an,3,Beta,0.34638704306169854
8,a50_an,4,Beta,0.22488861227892212
8,a50_an,5,Beta,3.0072632573751386
8,a50_an,6,Beta,2.631534203737911
8,a50_an,7,Beta,1.1574741061560838
8,a50_an,8,Beta,3.3352362004281004
8,a50_an,9,Beta,0.04360859128710136
8,a50_an,10,Beta,5.817281462772537
8,a50_an,11,Beta,4.130916712642563
8,a50_an,12,Beta,5.544105917210994
8,a50_an,13,Beta,2.6797500529993306
8,a50_an,14,Beta,0.8078318108219666
8,a50_an,15,Beta,6.090212963500586
8,a50_an,16,Beta,4.210510461674509
8,a50_an,17,Beta,1.4965471324953092
8,a50_an,18,Beta,1.2525414250709768
8,a50_an,19,Beta,0.50043639288637
8,a50_an,20,Beta,4.922840938310493
8,a50_an,21,Beta,3.223405060849801
8,a50_an,22,Beta,5.470215354542032
8,a50_an,23,Beta,1.3699789727897416
8,a50_an,24,Beta,5.816462865031357
8,a50_an,25,Beta,2.4478845394217816
8,a50_an,26,Beta,0.9140601112642188
8,a50_an,27,Beta,2.9315204294013943
8,a50_an,28,Beta,1.2930319617381636
8,a50_an,29,Beta,1.0903621335288707
8,a50_an,30,Beta,6.1836999462176205
9,a50_an,1,Delta,4.91712280584099
9,a50_an,2,Delta,2.2993012373335224
9,a50_an,3,Delta,1.9792722002979732
9,a50_an,4,Delta,4.626056473170847
9,a50_an,5,Delta,3.7970902776692848
9,a50_an,6,Delta,2.0182948844390993
9,a50_an,7,Delta,4.116844744252482
9,a50_an,8,Delta,1.2330053501535176
9,a50_an,9,Delta,5.191608390633613
9,a50_an,10,Delta,6.2811620366593015
9,a50_an,11,Delta,4.357390529909503
9,a50_an,12,Delta,5.271533581974719
9,a50_an,13,Delta,3.0243462088002846
9,a50_an,14,Delta,1.6728775157580908
9,a50_an,15,Delta,1.2815882147305329
9,a50_an,16,Delta,2.2505784154474253
9,a50_an,17,Delta,4.294502027565981
9,a50_an,18,Delta,5.513835730755566
9,a50_an,19,Delta,5.3305214808446335
9,a50_an,20,Delta,3.9532903820239915
9,a50_an,21,Delta,4.89972647033286
9,a50_an,22,Delta,1.6337190495687877
9,a50_an,23,Delta,3.5118614191791067
9,a50_an,24,Delta,3.263238943263073
9,a50_an,25,Delta,4.702536153185841
9,a50_an,26,Delta,5.6282978682543385
9,a50_an,27,Delta,1.4047194765329027
9,a50_an,28,Delta,3.4530412116182143
9,a50_an,29,Delta,4.517931837365631
9,a50_an,30,Delta,0.9282561253309864
9,a50_an,1,Theta,4.678020385311692
9,a50_an,2,Theta,0.8791572608734418
9,a50_an,3,Theta,1.63116307570559
9,a50_an,4,Theta,0.2305130284846622
9,a50_an,5,Theta,3.3815429802922248
9,a50_an,6,Theta,1.3391377308011638
9,a50_an,7,Theta,3.635064249109408
9,a50_an,8,Theta,0.75019737397433
9,a50_an,9,Theta,6.003823719549264
9,a50_an,10,Theta,0.4750538042882818
9,a50_an,11,Theta,4.56278076834073
9,a50_an,12,Theta,5.509062103044373
9,a50_an,13,Theta,0.3493259230582418
9,a50_an,14,Theta,1.7472634464177337
9,a50_an,15,Theta,0.3149571192177638
9,a50_an,16,Theta,1.7622476990897282
9,a50_an,17,Theta,2.9490144572537598
9,a50_an,18,Theta,2.5402545075546907
9,a50_an,19,Theta,4.960702854841245
9,a50_an,20,Theta,4.6831879082581995
9,a50_an,21,Theta,3.328873912067691
9,a50_an,22,Theta,1.803515086658735
9,a50_an,23,Theta,3.5142297073345814
9,a50_an,24,Theta,5.145766177764452
9,a50_an,25,Theta,3.823688467426396
9,a50_an,26,Theta,5.927658170360127
9,a50_an,27,Theta,0.7585661137223652
9,a50_an,28,Theta,3.6942726014709786
9,a50_an,29,Theta,3.735927054006537
9,a50_an,30,Theta,1.1247421326119285
9,a50_an,1,Alpha,1.2564840958689616
9,a50_an,2,Alpha,0.8640505953528959
9,a50_an,3,Alpha,5.108419004417958
9,a50_an,4,Alpha,5.977445186343283
9,a50_an,5,Alpha,3.560264834087344
9,a50_an,6,Alpha,0.22066631921412985
9,a50_an,7,Alpha,3.943221264395812
9,a50_an,8,Alpha,1.5732103390341798
9,a50_an,9,Alpha,5.72855882860997
9,a50_an,10,Alpha,0.9378008838447924
9,a50_an,11,Alpha,4.942751982732684
9,a50_an,12,Alpha,2.909467168992238
9,a50_an,13,Alpha,6.028608483291017
9,a50_an,14,Alpha,2.940672341958672
9,a50_an,15,Alpha,0.40691309467224396
9,a50_an,16,Alpha,0.5231822132289567
9,a50_an,17,Alpha,2.463865175183705
9,a50_an,18,Alpha,2.7910293001821445
9,a50_an,19,Alpha,2.9232378977596154
9,a50_an,20,Alpha,1.0615574184093217
9,a50_an,21,Alpha,0.8978463964250691
9,a50_an,22,Alpha,3.1088734237685167
9,a50_an,23,Alpha,4.703266051153944
9,a50_an,24,Alpha,0.35747885464405593
9,a50_an,25,Alpha,5.071391928808129
9,a50_an,26,Alpha,5.696212840695392
9,a50_an,27,Alpha,0.6198053377084523
9,a50_an,28,Alpha,4.743500318703012
9,a50_an,29,Alpha,1.3896436334705229
9,a50_an,30,Alpha,3.8283016264458385
9,a50_an,1,Beta,4.586415866018615
9,a50_an,2,Beta,4.21230824967102
9,a50_an,3,Beta,3.967890864650312
9,a50_an,4,Beta,5.741651093478767
9,a50_an,5,Beta,1.1846021814224301
9,a50_an,6,Beta,1.6719898376380784
9,a50_an,7,Beta,1.672072620292021
9,a50_an,8,Beta,2.2846170454462302
9,a50_an,9,Beta,4.8472271008903824
9,a50_an,10,Beta,3.2354930292396498
9,a50_an,11,Beta,4.916001852391252
9,a50_an,12,Beta,0.687713337608705
9,a50_an,13,Beta,3.035247711238976
9,a50_an,14,Beta,6.145039188077787
9,a50_an,15,Beta,2.2584969749646184
9,a50_an,16,Beta,0.9523647336113558
9,a50_an,17,Beta,3.3002009707994935
9,a50_an,18,Beta,4.898936452695792
9,a50_an,19,Beta,0.08008302954907498
9,a50_an,20,Beta,0.08442350298607398
9,a50_an,21,Beta,0.14440325400149523
9,a50_an,22,Beta,5.290578185840066
9,a50_an,23,Beta,0.6033057279696632
9,a50_an,24,Beta,3.429023781524756
9,a50_an,25,Beta,0.19477012598942
9,a50_an,26,Beta,3.6571054859855194
9,a50_an,27,Beta,2.1244099133849117
9,a50_an,28,Beta,0.7204479997571227
9,a50_an,29,Beta,1.2350320326903261
9,a50_an,30,Beta,3.830588967724347
9,a75_an,1,Delta,1.7380737149112662
9,a75_an,2,Delta,4.096364898185562
9,a75_an,3,Delta,0.585624261339608
9,a75_an,4,Delta,1.1389236132816276
9,a75_an,5,Delta,3.67992574286753
9,a75_an,6,Delta,2.3049147131108727
9,a75_an,7,Delta,4.0407647533354325
9,a75_an,8,Delta,3.9124437216959613
9,a75_an,10,Delta,4.328179341863289
9,a75_an,11,Delta,5.614749364880846
9,a75_an,12,Delta,0.8418107171712358
9,a75_an,13,Delta,0.9292147823791671
9,a75_an,14,Delta,4.7583761531857345
9,a75_an,15,Delta,5.09477810006396
9,a75_an,1,Theta,0.08395833741392371
9,a75_an,2,Theta,4.32395339507261
9,a75_an,3,Theta,0.3119621355943025
9,a75_an,4,Theta,0.7002211292903109
9,a75_an,5,Theta,2.297391653593366
9,a75_an,6,Theta,2.286987212476984
9,a75_an,7,Theta,4.2079819561173935
9,a75_an,8,Theta,3.0969997773131546
9,a75_an,10,Theta,4.1325260836735485
9,a75_an,11,Theta,5.2474772453388825
9,a75_an,12,Theta,0.7975385507219505
9,a75_an,13,Theta,0.15720742806749183
9,a75_an,14,Theta,5.50269078389389
9,a75_an,15,Theta,0.481233301051815
9,a75_an,1,Alpha,3.5962956636508574
9,a75_an,2,Alpha,5.203204169984739
9,a75_an,3,Alpha,3.5610400457042513
9,a75_an,4,Alpha,0.7759974494183132
9,a75_an,5,Alpha,0.583655040479424
9,a75_an,6,Alpha,2.5647691213894444
9,a75_an,7,Alpha,5.06244359658617
9,a75_an,8,Alpha,3.3807851556943627
9,a75_an,10,Alpha,4.60946219590099
9,a75_an,11,Alpha,4.996551518953647
9,a75_an,12,Alpha,3.348479324625682
9,a75_an,13,Alpha,0.2983309177112147
9,a75_an,14,Alpha,4.685585433015623
9,a75_an,15,Alpha,2.0223159649043856
9,a75_an,1,Beta,0.8832990263274294
9,a75_an,2,Beta,5.946319453953366
9,a75_an,3,Beta,0.11981343159322697
9,a75_an,4,Beta,2.017301073999491
9,a75_an,5,Beta,5.25980108145077
9,a75_an,6,Beta,3.192382315847841
9,a75_an,7,Beta,2.863024799263996
9,a75_an,8,Beta,4.479059966229382
9,a75_an,10,Beta,4.598357165071298
9,a75_an,11,Beta,0.6063001278278894
9,a75_an,12,Beta,4.604705532583678
9,a75_an,13,Beta,1.9285375127446016
9,a75_an,14,Beta,5.996162060087479
9,a75_an,15,Beta,3.0932501461228523
