subject,condition,trial,band,angle_rad
10,is_s,1,Delta,5.627080783276442
10,is_s,2,Delta,5.209503157646019
10,is_s,3,Delta,5.273361388145196
10,is_s,4,Delta,5.142332143029684
10,is_s,5,Delta,4.86672437754641
10,is_s,6,Delta,1.6749443787058762
10,is_s,7,Delta,3.312505616715587
10,is_s,8,Delta,1.6508222989064039
10,is_s,9,Delta,4.54681697169312
10,is_s,10,Delta,5.157420216312472
10,is_s,11,Delta,5.2235687533031445
10,is_s,12,Delta,4.564833413486353
10,is_s,13,Delta,4.894270716204569
10,is_s,14,Delta,5.202087790451366
10,is_s,15,Delta,5.336866318548423
10,is_s,16,Delta,2.6822844215039976
10,is_s,17,Delta,5.515035087734278
10,is_s,18,Delta,5.54265262132439
10,is_s,19,Delta,5.732812056011245
10,is_s,20,Delta,1.457215942458726
10,is_s,21,Delta,0.5768926939323604
10,is_s,22,Delta,0.30555848766924415
10,is_s,23,Delta,5.028848203080947
10,is_s,24,Delta,5.486033471053144
10,is_s,25,Delta,2.286891198187508
10,is_s,26,Delta,6.133512103362918
10,is_s,27,Delta,4.767721786877757
10,is_s,28,Delta,6.031320801635388
10,is_s,29,Delta,2.8220198269006893
10,is_s,30,Delta,4.855302491065103
10,is_s,31,Delta,3.7553951713015477
10,is_s,32,Delta,1.3177124675446663
10,is_s,33,Delta,0.9547120083508425
10,is_s,34,Delta,6.061165985147836
10,is_s,35,Delta,5.6092127972723285
10,is_s,36,Delta,1.1823260554477324
10,is_s,38,Delta,5.174133889797222
10,is_s,39,Delta,5.012508540047116
10,is_s,40,Delta,0.8302292026176905
10,is_s,41,Delta,4.943966408290203
10,is_s,42,Delta,0.8984049094429047
10,is_s,43,Delta,1.7758176514634842
10,is_s,44,Delta,1.686864762271642
10,is_s,45,Delta,4.7147516302495704
10,is_s,46,Delta,1.1866687011970927
10,is_s,48,Delta,6.007385650490422
10,is_s,49,Delta,2.6613921473830295
10,is_s,50,Delta,5.334564146348488
10,is_s,51,Delta,4.574382338823705
10,is_s,52,Delta,5.722866405420033
10,is_s,53,Delta,2.609460058157362
10,is_s,54,Delta,0.6812739732542169
10,is_s,55,Delta,1.2688922973985224
10,is_s,56,Delta,5.110252363513843
10,is_s,57,Delta,1.4608125953292397
10,is_s,58,Delta,0.9827389899146707
10,is_s,59,Delta,2.315837527728289
10,is_s,60,Delta,0.03000645094373882
10,is_s,1,Theta,1.0077775454099502
10,is_s,2,Theta,5.66660805992081
10,is_s,3,Theta,0.05506110698415855
10,is_s,4,Theta,5.609824135357135
10,is_s,5,Theta,0.6602087972733424
10,is_s,6,Theta,1.7304671280027617
10,is_s,7,Theta,3.8480604209499663
10,is_s,8,Theta,4.848920829975942
10,is_s,9,Theta,5.359548007866027
10,is_s,10,Theta,1.390087231700185
10,is_s,11,Theta,5.3689054538447785
10,is_s,12,Theta,4.931316940396712
10,is_s,13,Theta,0.7637906116107691
10,is_s,14,Theta,0.01882951425723785
10,is_s,15,Theta,4.757474459176507
10,is_s,16,Theta,1.8265653152578076
10,is_s,17,Theta,6.148173183556559
10,is_s,18,Theta,1.0619135113697606
10,is_s,19,Theta,1.1262900640600564
10,is_s,20,Theta,0.17548675958750862
10,is_s,21,Theta,4.905187014433177
10,is_s,22,Theta,0.49852533212686034
10,is_s,23,Theta,5.547796496543022
10,is_s,24,Theta,5.764307616269387
10,is_s,25,Theta,4.103778235913807
10,is_s,26,Theta,5.823462708328857
10,is_s,27,Theta,4.766604292772429
10,is_s,28,Theta,5.276204854534456
10,is_s,29,Theta,0.9001162319127798
10,is_s,30,Theta,5.874215100655202
10,is_s,31,Theta,3.495423131877992
10,is_s,32,Theta,0.7983347659893135
10,is_s,33,Theta,0.5827629660378788
10,is_s,34,Theta,0.4897061983804493
10,is_s,35,Theta,5.85907852736778
10,is_s,36,Theta,1.3673887497718693
10,is_s,38,Theta,5.591914959766906
10,is_s,39,Theta,0.18611373093404
10,is_s,40,Theta,1.118709610497775
10,is_s,41,Theta,0.4885592571611476
10,is_s,42,Theta,5.611794392158952
10,is_s,43,Theta,1.497124018535552
10,is_s,44,Theta,1.194485479858894
10,is_s,45,Theta,4.5594510970274875
10,is_s,46,Theta,0.24245358958927743
10,is_s,48,Theta,0.28054016233902596
10,is_s,49,Theta,1.4211494249093561
10,is_s,50,Theta,5.644638735382106
10,is_s,51,Theta,4.986004561384953
10,is_s,52,Theta,0.015477857238428256
10,is_s,53,Theta,2.7314940773557925
10,is_s,54,Theta,5.800943175149823
10,is_s,55,Theta,0.053406267873710916
10,is_s,56,Theta,5.30175122216595
10,is_s,57,Theta,0.7307603173665767
10,is_s,58,Theta,1.1831663331155975
10,is_s,59,Theta,3.629765390033573
10,is_s,60,Theta,0.6615472145936285
10,is_s,1,Alpha,1.8953682259122426
10,is_s,2,Alpha,6.254051372413735
10,is_s,3,Alpha,0.4162139543613545
10,is_s,4,Alpha,5.437553196903233
10,is_s,5,Alpha,1.2571630615411367
10,is_s,6,Alpha,3.3564192436091855
10,is_s,7,Alpha,3.7648250261285527
10,is_s,8,Alpha,1.6367001320778707
10,is_s,9,Alpha,0.31144921003908727
10,is_s,10,Alpha,3.5064962926663497
10,is_s,11,Alpha,0.3675104249137451
10,is_s,12,Alpha,5.168360885821027
10,is_s,13,Alpha,0.5353774619948962
10,is_s,14,Alpha,0.6964242650025583
10,is_s,15,Alpha,4.052375805168449
10,is_s,16,Alpha,1.3266854633345577
10,is_s,17,Alpha,0.5947880159302829
10,is_s,18,Alpha,1.968468421137086
10,is_s,19,Alpha,2.4372476284931994
10,is_s,20,Alpha,4.8136634857900304
10,is_s,21,Alpha,3.7967078070251796
10,is_s,22,Alpha,0.3153391278495264
10,is_s,23,Alpha,6.1571504877282095
10,is_s,24,Alpha,5.608068031958098
10,is_s,25,Alpha,4.842901026892438
10,is_s,26,Alpha,1.6197825199201485
10,is_s,27,Alpha,5.8683288879645215
10,is_s,28,Alpha,5.068927366857447
10,is_s,29,Alpha,6.239183466810629
10,is_s,30,Alpha,2.729667749896164
10,is_s,31,Alpha,3.9103482876973605
10,is_s,32,Alpha,1.2123069706693828
10,is_s,33,Alpha,4.460549120169929
10,is_s,34,Alpha,1.5380954572698602
10,is_s,35,Alpha,5.791261767712617
10,is_s,36,Alpha,2.9306381343644174
10,is_s,38,Alpha,0.2709307720093023
10,is_s,39,Alpha,1.2108929633105205
10,is_s,40,Alpha,1.6863960115426668
10,is_s,41,Alpha,2.7581347008819503
10,is_s,42,Alpha,4.208337916326727
10,is_s,43,Alpha,1.1400000301235242
10,is_s,44,Alpha,5.846066486874049
10,is_s,45,Alpha,4.151020120003228
10,is_s,46,Alpha,4.655876575184672
10,is_s,48,Alpha,0.7827149294040092
10,is_s,49,Alpha,5.13098782774464
10,is_s,50,Alpha,2.367568476993169
10,is_s,51,Alpha,1.150469315120778
10,is_s,52,Alpha,6.21742668233871
10,is_s,53,Alpha,2.0356594496952027
10,is_s,54,Alpha,5.994578383734925
10,is_s,55,Alpha,5.662976247644776
10,is_s,56,Alpha,5.153022981072654
10,is_s,57,Alpha,0.8786753291313387
10,is_s,58,Alpha,3.8026964432250883
10,is_s,59,Alpha,4.438718762195491
10,is_s,60,Alpha,1.9219370885450076
10,is_s,1,Beta,0.2225400212116196
10,is_s,2,Beta,0.9379611323188056
10,is_s,3,Beta,3.2499594509904886
10,is_s,4,Beta,0.7600021761197414
10,is_s,5,Beta,3.64981439464126
10,is_s,6,Beta,4.077586487948773
10,is_s,7,Beta,0.5772762713326575
10,is_s,8,Beta,1.1203793521166223
10,is_s,9,Beta,2.9051154053694295
10,is_s,10,Beta,0.8797720730965257
10,is_s,11,Beta,4.653253594747332
10,is_s,12,Beta,2.7788804373738456
10,is_s,13,Beta,3.9904201943477124
10,is_s,14,Beta,1.4964314446945566
10,is_s,15,Beta,4.599302720685477
10,is_s,16,Beta,1.1330918880302558
10,is_s,17,Beta,5.445873786113636
10,is_s,18,Beta,4.671233153597507
10,is_s,19,Beta,3.7687762158470424
10,is_s,20,Beta,5.954287174810254
10,is_s,21,Beta,0.9933747113587514
10,is_s,22,Beta,2.3461842564562145
10,is_s,23,Beta,3.8909116766594978
10,is_s,24,Beta,0.2543375394558731
10,is_s,25,Beta,4.204574198652446
10,is_s,26,Beta,5.077195986817254
10,is_s,27,Beta,1.2229688888342405
10,is_s,28,Beta,5.73543251192923
10,is_s,29,Beta,0.8710666991168466
10,is_s,30,Beta,3.079401403624835
10,is_s,31,Beta,1.505236202933936
10,is_s,32,Beta,2.684254145074511
10,is_s,33,Beta,3.4544343166051537
10,is_s,34,Beta,2.699415010906568
10,is_s,35,Beta,1.7900244989557024
10,is_s,36,Beta,0.017479694816992696
10,is_s,38,Beta,4.687976868458785
10,is_s,39,Beta,3.6614527579586436
10,is_s,40,Beta,2.7112806283626734
10,is_s,41,Beta,1.8810077547742523
10,is_s,42,Beta,5.4571187399862655
10,is_s,43,Beta,1.218949882811219
10,is_s,44,Beta,4.346546781305747
10,is_s,45,Beta,0.3608438162920732
10,is_s,46,Beta,1.5322331941970466
10,is_s,48,Beta,6.200888400777197
10,is_s,49,Beta,3.7015503868420945
10,is_s,50,Beta,2.515287708344992
10,is_s,51,Beta,6.103532146779016
10,is_s,52,Beta,2.6563764612860536
10,is_s,53,Beta,3.9993724031554074
10,is_s,54,Beta,0.4008275384870581
10,is_s,55,Beta,1.4886284149171258
10,is_s,56,Beta,6.149003551192411
10,is_s,57,Beta,4.694551212724508
10,is_s,58,Beta,2.213348682656471
10,is_s,59,Beta,1.5154083816805346
10,is_s,60,Beta,3.2591777339896004
10,vs_s,1,Delta,6.005511668134877
10,vs_s,2,Delta,4.223679552292234
10,vs_s,3,Delta,5.249516036628919
10,vs_s,4,Delta,2.5914476329388303
10,vs_s,5,Delta,1.1192027999800969
10,vs_s,6,Delta,4.704205092785387
10,vs_s,7,Delta,1.8408422618735267
10,vs_s,8,Delta,1.586374670951018
10,vs_s,9,Delta,1.2056498430560643
10,vs_s,10,Delta,0.03716855498701937
10,vs_s,11,Delta,4.461880248505677
10,vs_s,12,Delta,0.5574972380347178
10,vs_s,13,Delta,4.302445098614194
10,vs_s,14,Delta,0.13394070383320714
10,vs_s,15,Delta,1.4789869780508025
10,vs_s,16,Delta,1.5514582049177048
10,vs_s,17,Delta,6.155179945348857
10,vs_s,18,Delta,4.55066155594959
10,vs_s,19,Delta,4.63100876394717
10,vs_s,20,Delta,5.096640204796366
10,vs_s,21,Delta,1.4775188514163182
10,vs_s,22,Delta,0.42500486512636765
10,vs_s,23,Delta,1.2893276991192624
10,vs_s,24,Delta,3.126480065969158
10,vs_s,25,Delta,0.43690366692819405
10,vs_s,26,Delta,1.9424991353252612
10,vs_s,27,Delta,0.842181212526796
10,vs_s,28,Delta,4.916808112504776
10,vs_s,29,Delta,5.1069924370556254
10,vs_s,30,Delta,2.497889438731173
10,vs_s,31,Delta,1.3477975595621772
10,vs_s,32,Delta,1.5798961098676907
10,vs_s,33,Delta,6.063090944268442
10,vs_s,34,Delta,0.2719661691180658
10,vs_s,35,Delta,1.9306593902680866
10,vs_s,36,Delta,3.803633119241497
10,vs_s,37,Delta,6.190814857090012
10,vs_s,38,Delta,4.124125454544997
10,vs_s,39,Delta,5.147579569531116
10,vs_s,40,Delta,0.7009311880855854
10,vs_s,41,Delta,3.6082715717954263
10,vs_s,42,Delta,5.579253286973582
10,vs_s,43,Delta,0.8253532994986567
10,vs_s,44,Delta,0.23977674952905242
10,vs_s,45,Delta,1.7863255478410158
10,vs_s,46,Delta,5.277420166032492
10,vs_s,47,Delta,0.20221233672432648
10,vs_s,48,Delta,5.010605256982141
10,vs_s,49,Delta,6.0768829697732425
10,vs_s,50,Delta,0.631924392801185
10,vs_s,51,Delta,2.6004715061952233
10,vs_s,52,Delta,5.983173320868703
10,vs_s,53,Delta,5.471533679413355
10,vs_s,54,Delta,5.586254497904719
10,vs_s,55,Delta,0.8247290008422853
10,vs_s,56,Delta,5.039729967279969
10,vs_s,57,Delta,4.266041523095412
10,vs_s,59,Delta,1.0154163028176004
10,vs_s,60,Delta,0.4660680616557575
10,vs_s,1,Theta,0.06807529126619655
10,vs_s,2,Theta,6.268584877427754
10,vs_s,3,Theta,5.955279175758829
10,vs_s,4,Theta,1.7176079044332686
10,vs_s,5,Theta,0.586217296121079
10,vs_s,6,Theta,4.977869297395523
10,vs_s,7,Theta,2.3793657916054647
10,vs_s,8,Theta,0.8977618206978746
10,vs_s,9,Theta,0.37896229881220383
10,vs_s,10,Theta,0.10457249465668617
10,vs_s,11,Theta,4.337319228040735
10,vs_s,12,Theta,5.874012885077868
10,vs_s,13,Theta,3.2348987270754637
10,vs_s,14,Theta,1.231049638627172
10,vs_s,15,Theta,3.9407900159472655
10,vs_s,16,Theta,2.125382715700559
10,vs_s,17,Theta,0.0924418828933345
10,vs_s,18,Theta,3.934296359986045
10,vs_s,19,Theta,4.128498026951764
10,vs_s,20,Theta,0.47755040463750853
10,vs_s,21,Theta,1.374241099862988
10,vs_s,22,Theta,5.20313445375151
10,vs_s,23,Theta,5.1538478954938105
10,vs_s,24,Theta,2.66857946999579
10,vs_s,25,Theta,1.2882406368879051
10,vs_s,26,Theta,2.7024050782735616
10,vs_s,27,Theta,5.568861583585458
10,vs_s,28,Theta,1.5911240584652782
10,vs_s,29,Theta,5.991403198413654
10,vs_s,30,Theta,2.327733595473601
10,vs_s,31,Theta,1.6286701236109975
10,vs_s,32,Theta,1.610795063431128
10,vs_s,33,Theta,5.589018523616246
10,vs_s,34,Theta,0.27871569247796546
10,vs_s,35,Theta,3.402170141390575
10,vs_s,36,Theta,3.9676497970012337
10,vs_s,37,Theta,6.0389535564527606
10,vs_s,38,Theta,3.585970818653286
10,vs_s,39,Theta,5.907594313733444
10,vs_s,40,Theta,0.7611162185089053
10,vs_s,41,Theta,3.6779072704726574
10,vs_s,42,Theta,0.42155277887705445
10,vs_s,43,Theta,5.691146905854895
10,vs_s,44,Theta,0.3977938340582077
10,vs_s,45,Theta,0.9983126253166988
10,vs_s,46,Theta,5.945177871193565
10,vs_s,47,Theta,6.239995836948796
10,vs_s,48,Theta,0.220846195595078
10,vs_s,49,Theta,0.7609237315996689
10,vs_s,50,Theta,5.509671769203526
10,vs_s,51,Theta,2.827134364332818
10,vs_s,52,Theta,0.7846713642035913
10,vs_s,53,Theta,0.459414210349055
10,vs_s,54,Theta,5.671687506893288
10,vs_s,55,Theta,1.7891172458127769
10,vs_s,56,Theta,5.515961541217852
10,vs_s,57,Theta,3.368872327029017
10,vs_s,59,Theta,0.46331682566727317
10,vs_s,60,Theta,0.6908925618972995
10,vs_s,1,Alpha,5.884343355006531
10,vs_s,2,Alpha,1.81313093406454
10,vs_s,3,Alpha,5.686622065153062
10,vs_s,4,Alpha,0.7980561802836601
10,vs_s,5,Alpha,0.043494106942215296
10,vs_s,6,Alpha,5.817517432113238
10,vs_s,7,Alpha,2.7814258218481056
10,vs_s,8,Alpha,0.26447776525091404
10,vs_s,9,Alpha,3.948884029221919
10,vs_s,10,Alpha,2.3185391404521263
10,vs_s,11,Alpha,3.1991325796882335
10,vs_s,12,Alpha,5.22871700436157
10,vs_s,13,Alpha,3.468471981270675
10,vs_s,14,Alpha,1.920152099018827
10,vs_s,15,Alpha,4.0879161114575355
10,vs_s,16,Alpha,2.7440261868795726
10,vs_s,17,Alpha,0.6999386556071113
10,vs_s,18,Alpha,2.9834133026768477
10,vs_s,19,Alpha,4.17541809787901
10,vs_s,20,Alpha,1.8893484890321584
10,vs_s,21,Alpha,3.912034007048133
10,vs_s,22,Alpha,2.0232058270360973
10,vs_s,23,Alpha,4.942315365024239
10,vs_s,24,Alpha,2.7419827848481204
10,vs_s,25,Alpha,1.5540292777693085
10,vs_s,26,Alpha,3.038502847499247
10,vs_s,27,Alpha,3.8201820148532986
10,vs_s,28,Alpha,1.2217757720054632
10,vs_s,29,Alpha,1.992632700740989
10,vs_s,30,Alpha,1.2646386818073774
10,vs_s,31,Alpha,1.2540603973114997
10,vs_s,32,Alpha,1.3492878060762534
10,vs_s,33,Alpha,5.531001220517989
10,vs_s,34,Alpha,0.287215703703943
10,vs_s,35,Alpha,1.3785552597000006
10,vs_s,36,Alpha,5.0129216141537265
10,vs_s,37,Alpha,0.06869862768132697
10,vs_s,38,Alpha,4.8266313541834585
10,vs_s,39,Alpha,5.949544273380707
10,vs_s,40,Alpha,0.018164923304171146
10,vs_s,41,Alpha,3.98637176392414
10,vs_s,42,Alpha,6.068291528149661
10,vs_s,43,Alpha,2.8856920295611506
10,vs_s,44,Alpha,0.7367354345566292
10,vs_s,45,Alpha,0.22924463652005106
10,vs_s,46,Alpha,1.5292436105153133
10,vs_s,47,Alpha,4.310999798217958
10,vs_s,48,Alpha,3.3288229508502654
10,vs_s,49,Alpha,2.299853088083881
10,vs_s,50,Alpha,4.354700586538552
10,vs_s,51,Alpha,3.504786193106979
10,vs_s,52,Alpha,1.428575598015047
10,vs_s,53,Alpha,0.8731008207359093
10,vs_s,54,Alpha,3.780668222411342
10,vs_s,55,Alpha,2.0552898784932707
10,vs_s,56,Alpha,5.518629469571365
10,vs_s,57,Alpha,2.205043555998018
10,vs_s,59,Alpha,0.43104810012866485
10,vs_s,60,Alpha,1.0524805887380793
10,vs_s,1,Beta,3.0195606908182135
10,vs_s,2,Beta,0.03326192838373869
10,vs_s,3,Beta,4.891500796163898
10,vs_s,4,Beta,1.1251367538047086
10,vs_s,5,Beta,5.807890894896456
10,vs_s,6,Beta,4.956811656579955
10,vs_s,7,Beta,4.298630892358428
10,vs_s,8,Beta,5.612852688496095
10,vs_s,9,Beta,5.250610981060062
10,vs_s,10,Beta,2.815803242693204
10,vs_s,11,Beta,4.564447040806853
10,vs_s,12,Beta,0.9463305048996511
10,vs_s,13,Beta,5.628262892374263
10,vs_s,14,Beta,4.823065492431856
10,vs_s,15,Beta,4.32902431825421
10,vs_s,16,Beta,4.48390197165988
10,vs_s,17,Beta,6.04800117275852
10,vs_s,18,Beta,3.054459780352771
10,vs_s,19,Beta,5.6092762476059335
10,vs_s,20,Beta,4.1668154939471975
10,vs_s,21,Beta,5.479009882018434
10,vs_s,22,Beta,5.949207846348186
10,vs_s,23,Beta,4.29726906200137
10,vs_s,24,Beta,4.711500908332157
10,vs_s,25,Beta,0.06106956944112579
10,vs_s,26,Beta,5.016338152373768
10,vs_s,27,Beta,4.732385557206603
10,vs_s,28,Beta,4.54169444480448
10,vs_s,29,Beta,1.3231237767985513
10,vs_s,30,Beta,1.448466500808544
10,vs_s,31,Beta,1.815108474079043
10,vs_s,32,Beta,5.196449409557685
10,vs_s,33,Beta,3.4817214021787186
10,vs_s,34,Beta,3.347312314104302
10,vs_s,35,Beta,3.097000493848579
10,vs_s,36,Beta,0.7138441034723791
10,vs_s,37,Beta,0.30726769567754214
10,vs_s,38,Beta,1.4044423025992048
10,vs_s,39,Beta,3.8660554674945877
10,vs_s,40,Beta,5.501109411940452
10,vs_s,41,Beta,0.5922485759648798
10,vs_s,42,Beta,0.7107545822860973
10,vs_s,43,Beta,3.9785700406918822
10,vs_s,44,Beta,3.50045085126486
10,vs_s,45,Beta,3.852057063452056
10,vs_s,46,Beta,0.20318938742321488
10,vs_s,47,Beta,3.580709869384018
10,vs_s,48,Beta,6.098985183716801
10,vs_s,49,Beta,4.274273107663512
10,vs_s,50,Beta,6.123859147184736
10,vs_s,51,Beta,3.436285635697839
10,vs_s,52,Beta,5.151704287861714
10,vs_s,53,Beta,0.7796611446129038
10,vs_s,54,Beta,0.7927880402753564
10,vs_s,55,Beta,1.7534912005182064
10,vs_s,56,Beta,6.144349905682696
10,vs_s,57,Beta,5.324599440946256
10,vs_s,59,Beta,2.384578737543986
10,vs_s,60,Beta,2.1626156244247583
11,vs_s,1,Delta,5.127906287970512
11,vs_s,2,Delta,5.729217982501968
11,vs_s,3,Delta,3.402669137985085
11,vs_s,4,Delta,2.679366784023695
11,vs_s,5,Delta,0.5246061786004244
11,vs_s,6,Delta,4.773014541700819
11,vs_s,7,Delta,4.199389321553941
11,vs_s,8,Delta,4.960308585629928
11,vs_s,9,Delta,4.729469785063984
11,vs_s,10,Delta,2.825748941150514
11,vs_s,11,Delta,5.296247864243351
11,vs_s,12,Delta,4.814611282436415
11,vs_s,13,Delta,5.89830480673045
11,vs_s,14,Delta,5.005249756550727
11,vs_s,15,Delta,5.940817940619024
11,vs_s,16,Delta,3.4083715114761115
11,vs_s,17,Delta,4.020167519103603
11,vs_s,18,Delta,2.0564613214925944
11,vs_s,19,Delta,2.6814089546823534
11,vs_s,20,Delta,4.65913327731432
11,vs_s,21,Delta,4.799000154156609
11,vs_s,22,Delta,5.661344645381396
11,vs_s,23,Delta,5.51239752200135
11,vs_s,24,Delta,5.058637205511246
11,vs_s,25,Delta,0.14903353971117303
11,vs_s,26,Delta,5.684701373888869
11,vs_s,27,Delta,4.596493724095289
11,vs_s,28,Delta,4.0012155811139785
11,vs_s,29,Delta,3.2849777527253923
11,vs_s,30,Delta,1.7696242787025582
11,vs_s,31,Delta,4.53934421967638
11,vs_s,32,Delta,0.4639003246733645
11,vs_s,33,Delta,1.8151222671122462
11,vs_s,34,Delta,4.438018000379518
11,vs_s,35,Delta,0.43082230685936046
11,vs_s,36,Delta,3.0429122518142058
11,vs_s,37,Delta,1.6961494426133408
11,vs_s,38,Delta,4.898874762764333
11,vs_s,39,Delta,1.5706256100435303
11,vs_s,40,Delta,5.268665933070499
11,vs_s,41,Delta,1.2837449010428998
11,vs_s,43,Delta,5.4323493497582955
11,vs_s,44,Delta,5.131967014277522
11,vs_s,45,Delta,1.9292459579291268
11,vs_s,46,Delta,3.3902360134527423
11,vs_s,47,Delta,4.358440320948398
11,vs_s,48,Delta,0.10328018348347207
11,vs_s,49,Delta,3.2999544935390697
11,vs_s,50,Delta,1.3958801735804487
11,vs_s,51,Delta,5.035292012152064
11,vs_s,52,Delta,1.2354456565917216
11,vs_s,53,Delta,4.335150634726755
11,vs_s,54,Delta,1.3745486309373496
11,vs_s,55,Delta,4.302772446652409
11,vs_s,56,Delta,4.454058665105104
11,vs_s,57,Delta,1.5097386904403383
11,vs_s,58,Delta,5.101826423682938
11,vs_s,59,Delta,3.997815198956152
11,vs_s,60,Delta,4.509701331036942
11,vs_s,1,Theta,5.3313817941480295
11,vs_s,2,Theta,1.16681541420709
11,vs_s,3,Theta,3.4317566756115023
11,vs_s,4,Theta,1.240258717213582
11,vs_s,5,Theta,0.829228163343342
11,vs_s,6,Theta,4.405229269834436
11,vs_s,7,Theta,4.193144620656071
11,vs_s,8,Theta,0.9142367023184163
11,vs_s,9,Theta,3.8264456360880255
11,vs_s,10,Theta,2.600149500971661
11,vs_s,11,Theta,0.015013504778655738
11,vs_s,12,Theta,5.210252157228893
11,vs_s,13,Theta,0.18998785172179491
11,vs_s,14,Theta,5.406574767712352
11,vs_s,15,Theta,0.7353604332170693
11,vs_s,16,Theta,2.9840464530009965
11,vs_s,17,Theta,3.1925108743437485
11,vs_s,18,Theta,1.3750718873162242
11,vs_s,19,Theta,2.435473817250349
11,vs_s,20,Theta,5.275244966662045
11,vs_s,21,Theta,5.649618889567793
11,vs_s,22,Theta,0.37797439496836105
11,vs_s,23,Theta,5.8987107064054864
11,vs_s,24,Theta,5.41114480126102
11,vs_s,25,Theta,2.979233235583193
11,vs_s,26,Theta,5.762260213768904
11,vs_s,27,Theta,3.8277446853406047
11,vs_s,28,Theta,3.60645171529423
11,vs_s,29,Theta,3.6478061741833123
11,vs_s,30,Theta,3.042951348077042
11,vs_s,31,Theta,5.157973132674551
11,vs_s,32,Theta,0.26326184349071396
11,vs_s,33,Theta,3.3501578743626896
11,vs_s,34,Theta,4.245633922645431
11,vs_s,35,Theta,6.078225882711107
11,vs_s,36,Theta,3.5464326332002636
11,vs_s,37,Theta,1.9075090900204097
11,vs_s,38,Theta,4.5498254082950735
11,vs_s,39,Theta,6.014229634150315
11,vs_s,40,Theta,4.758735908386399
11,vs_s,41,Theta,2.1868786672615905
11,vs_s,43,Theta,4.351636025028337
11,vs_s,44,Theta,1.6695311294295188
11,vs_s,45,Theta,1.190922318396585
11,vs_s,46,Theta,3.8202139354551865
11,vs_s,47,Theta,3.755036873679166
11,vs_s,48,Theta,0.09716106200947085
11,vs_s,49,Theta,3.743770894487105
11,vs_s,50,Theta,0.692214849478776
11,vs_s,51,Theta,0.5762083037866681
11,vs_s,52,Theta,1.118647242602568
11,vs_s,53,Theta,4.3727895122703995
11,vs_s,54,Theta,0.7044287334478476
11,vs_s,55,Theta,3.408048175785037
11,vs_s,56,Theta,2.576518747912823
11,vs_s,57,Theta,2.2031455377574134
11,vs_s,58,Theta,2.567755580437349
11,vs_s,59,Theta,2.9790060964943446
11,vs_s,60,Theta,4.094101498760532
11,vs_s,1,Alpha,5.229472939394192
11,vs_s,2,Alpha,2.2014716136865986
11,vs_s,3,Alpha,0.3495754458260452
11,vs_s,4,Alpha,1.1713520597281406
11,vs_s,5,Alpha,0.32203579904315693
11,vs_s,6,Alpha,3.0750482589075565
11,vs_s,7,Alpha,4.086733663117248
11,vs_s,8,Alpha,4.362580428726904
11,vs_s,9,Alpha,3.1787529688401133
11,vs_s,10,Alpha,1.6015776591854702
11,vs_s,11,Alpha,0.8779393918716788
11,vs_s,12,Alpha,5.48265157361273
11,vs_s,13,Alpha,0.611282984338172
11,vs_s,14,Alpha,1.4831441336938926
11,vs_s,15,Alpha,2.2568384621654927
11,vs_s,16,Alpha,2.8048349366420426
11,vs_s,17,Alpha,3.2790490396859657
11,vs_s,18,Alpha,0.5299811660459884
11,vs_s,19,Alpha,0.18041553386816028
11,vs_s,20,Alpha,0.2938209145715485
11,vs_s,21,Alpha,1.775468260667959
11,vs_s,22,Alpha,2.3140186701748036
11,vs_s,23,Alpha,0.687514031910471
11,vs_s,24,Alpha,2.5328722536224277
11,vs_s,25,Alpha,2.371249290244164
11,vs_s,26,Alpha,2.352956762952607
11,vs_s,27,Alpha,3.28135956788092
11,vs_s,28,Alpha,2.8219249174344245
11,vs_s,29,Alpha,4.458350935681614
11,vs_s,30,Alpha,2.5315055206623036
11,vs_s,31,Alpha,4.885376640526948
11,vs_s,32,Alpha,1.9203014287759634
11,vs_s,33,Alpha,3.024056647639806
11,vs_s,34,Alpha,4.5771811109357685
11,vs_s,35,Alpha,5.944221984696421
11,vs_s,36,Alpha,0.43496345700040595
11,vs_s,37,Alpha,1.9793536188920868
11,vs_s,38,Alpha,3.8008634110254755
11,vs_s,39,Alpha,5.476214754956012
11,vs_s,40,Alpha,3.4027790337784785
11,vs_s,41,Alpha,3.520258124119384
11,vs_s,43,Alpha,2.6830525636554836
11,vs_s,44,Alpha,1.8220333650651952
11,vs_s,45,Alpha,3.2453506215453616
11,vs_s,46,Alpha,4.218642317574112
11,vs_s,47,Alpha,3.791769708616798
11,vs_s,48,Alpha,2.4759081620248584
11,vs_s,49,Alpha,3.8782945539559464
11,vs_s,50,Alpha,1.569607742942344
11,vs_s,51,Alpha,1.1081675755359748
11,vs_s,52,Alpha,1.0074908424951337
11,vs_s,53,Alpha,1.215832052490555
11,vs_s,54,Alpha,5.694729790937719
11,vs_s,55,Alpha,2.627380076402959
11,vs_s,56,Alpha,2.7618707058573313
11,vs_s,57,Alpha,1.6575591694014535
11,vs_s,58,Alpha,2.7855753516019
11,vs_s,59,Alpha,5.812248088642298
11,vs_s,60,Alpha,4.69368262592514
11,vs_s,1,Beta,3.4912161647605604
11,vs_s,2,Beta,4.592011036441122
11,vs_s,3,Beta,4.883409838626923
11,vs_s,4,Beta,3.3250960224104005
11,vs_s,5,Beta,5.330991699891181
11,vs_s,6,Beta,5.243700056284217
11,vs_s,7,Beta,4.011516909711231
11,vs_s,8,Beta,5.750875399297101
11,vs_s,9,Beta,1.4376842778190007
11,vs_s,10,Beta,0.8994807341183898
11,vs_s,11,Beta,5.878971579670848
11,vs_s,12,Beta,5.016296080013047
11,vs_s,13,Beta,3.4006094482167755
11,vs_s,14,Beta,0.7768865399444467
11,vs_s,15,Beta,6.2686836385588185
11,vs_s,16,Beta,3.6756563482788147
11,vs_s,17,Beta,3.8861008633236924
11,vs_s,18,Beta,5.712277876419912
11,vs_s,19,Beta,2.03993437308527
11,vs_s,20,Beta,0.10006020616444032
11,vs_s,21,Beta,1.8841103856979509
11,vs_s,22,Beta,5.57592663258309
11,vs_s,23,Beta,0.5627507333297466
11,vs_s,24,Beta,3.189995132952592
11,vs_s,25,Beta,3.859513596426996
11,vs_s,26,Beta,5.613075184055003
11,vs_s,27,Beta,4.290379867123846
11,vs_s,28,Beta,5.003904261705768
11,vs_s,29,Beta,2.280447668744922
11,vs_s,30,Beta,3.5617866010925834
11,vs_s,31,Beta,0.5601911553630373
11,vs_s,32,Beta,4.948926509123007
11,vs_s,33,Beta,3.479249059057433
11,vs_s,34,Beta,4.8473741123445215
11,vs_s,35,Beta,4.39615124072253
11,vs_s,36,Beta,1.1275753285224261
11,vs_s,37,Beta,5.812915754834411
11,vs_s,38,Beta,4.163230312897609
11,vs_s,39,Beta,1.701195450122348
11,vs_s,40,Beta,6.277615652654738
11,vs_s,41,Beta,3.9513667490131903
11,vs_s,43,Beta,1.7296747248331557
11,vs_s,44,Beta,2.397145244496815
11,vs_s,45,Beta,5.9117699627629925
11,vs_s,46,Beta,5.9178572422288775
11,vs_s,47,Beta,2.4480030901371324
11,vs_s,48,Beta,1.7397145835941374
11,vs_s,49,Beta,0.3600801139467632
11,vs_s,50,Beta,1.8183056017161447
11,vs_s,51,Beta,1.1057758435969411
11,vs_s,52,Beta,2.00924663131796
11,vs_s,53,Beta,4.569437932375502
11,vs_s,54,Beta,0.42953860445330344
11,vs_s,55,Beta,0.8491843042764343
11,vs_s,56,Beta,5.023163489098971
11,vs_s,57,Beta,3.4359205522699714
11,vs_s,58,Beta,3.182582023457238
11,vs_s,59,Beta,4.559740022423454
11,vs_s,60,Beta,2.158180659896464
11,is_s,1,Delta,4.6265651346892644
11,is_s,2,Delta,1.9505310541676393
11,is_s,3,Delta,0.3229642809732713
11,is_s,4,Delta,3.898753132507639
11,is_s,5,Delta,5.787829225160807
11,is_s,7,Delta,6.070979649867175
11,is_s,8,Delta,4.688979360424362
11,is_s,9,Delta,1.9408084769430436
11,is_s,10,Delta,2.691633412586702
11,is_s,11,Delta,1.7312843272828349
11,is_s,12,Delta,5.895778396281335
11,is_s,13,Delta,4.832107851580735
11,is_s,14,Delta,3.1674142567046815
11,is_s,15,Delta,4.481199155151638
11,is_s,16,Delta,2.414900611371676
11,is_s,17,Delta,1.21938359865334
11,is_s,18,Delta,4.196781488625745
11,is_s,19,Delta,5.618801680148102
11,is_s,20,Delta,5.907639422653056
11,is_s,21,Delta,4.260646195312061
11,is_s,22,Delta,4.131784977182113
11,is_s,23,Delta,5.611746294460563
11,is_s,24,Delta,4.148393747471364
11,is_s,25,Delta,4.551382339413033
11,is_s,26,Delta,1.8057710937330453
11,is_s,27,Delta,5.713075888286656
11,is_s,28,Delta,5.576317238564594
11,is_s,29,Delta,4.814157185004687
11,is_s,30,Delta,5.228646671272897
11,is_s,31,Delta,4.242437457860989
11,is_s,32,Delta,4.9949279031085645
11,is_s,33,Delta,1.1688461488902522
11,is_s,34,Delta,3.8849119490655464
11,is_s,35,Delta,0.4344373262144268
11,is_s,36,Delta,4.67727650790636
11,is_s,37,Delta,0.16819786082941574
11,is_s,38,Delta,5.168565322748801
11,is_s,39,Delta,4.092679915123668
11,is_s,40,Delta,0.6023005379850871
11,is_s,41,Delta,1.7086988291203093
11,is_s,42,Delta,1.570414569338744
11,is_s,43,Delta,0.5863467148839662
11,is_s,44,Delta,4.865099261620855
11,is_s,45,Delta,4.595466368664495
11,is_s,46,Delta,0.621777369167369
11,is_s,47,Delta,4.7109660554879955
11,is_s,48,Delta,6.030827423342031
11,is_s,49,Delta,1.2454435456956414
11,is_s,50,Delta,5.448487164892506
11,is_s,51,Delta,4.517862740051994
11,is_s,52,Delta,5.78126758391755
11,is_s,53,Delta,1.2380218563368892
11,is_s,54,Delta,5.2890213914693955
11,is_s,55,Delta,3.7404974939537756
11,is_s,56,Delta,5.521448574044048
11,is_s,57,Delta,5.260700223566569
11,is_s,58,Delta,3.6164718130943907
11,is_s,59,Delta,2.144492460630092
11,is_s,60,Delta,4.780612584763584
11,is_s,1,Theta,2.6746314837405483
11,is_s,2,Theta,0.8081213021090837
11,is_s,3,Theta,0.4678398744590584
11,is_s,4,Theta,3.445758518320448
11,is_s,5,Theta,5.847627127733256
11,is_s,7,Theta,0.37532763309298717
11,is_s,8,Theta,4.658969650080234
11,is_s,9,Theta,3.4196703858610817
11,is_s,10,Theta,2.761744438114338
11,is_s,11,Theta,1.2258774568771653
11,is_s,12,Theta,3.8629857742182927
11,is_s,13,Theta,6.2766518131351035
11,is_s,14,Theta,4.108005027309117
11,is_s,15,Theta,4.2521696779413904
11,is_s,16,Theta,1.5009573616459373
11,is_s,17,Theta,0.541955977139479
11,is_s,18,Theta,2.8777592456122165
11,is_s,19,Theta,5.345799269711355
11,is_s,20,Theta,0.828833173577814
11,is_s,21,Theta,4.193575396787187
11,is_s,22,Theta,3.4063591620921825
11,is_s,23,Theta,0.3866221021070783
11,is_s,24,Theta,3.123460799562864
11,is_s,25,Theta,2.86164570806446
11,is_s,26,Theta,2.4616229054885097
11,is_s,27,Theta,5.830616579034087
11,is_s,28,Theta,5.564612214700875
11,is_s,29,Theta,4.587519218881303
11,is_s,30,Theta,5.109885430856897
11,is_s,31,Theta,1.6716179387266286
11,is_s,32,Theta,5.806254020655586
11,is_s,33,Theta,1.2907259199675025
11,is_s,34,Theta,3.7814890171019253
11,is_s,35,Theta,5.882774705540063
11,is_s,36,Theta,4.962073326451113
11,is_s,37,Theta,0.4218651788233474
11,is_s,38,Theta,3.0994860013210674
11,is_s,39,Theta,4.054737371765163
11,is_s,40,Theta,6.245855537735561
11,is_s,41,Theta,3.5350017807412235
11,is_s,42,Theta,1.4435028847807667
11,is_s,43,Theta,0.768137053340414
11,is_s,44,Theta,4.896502367716762
11,is_s,45,Theta,6.152199076441943
11,is_s,46,Theta,0.00931524928786122
11,is_s,47,Theta,2.397323231258703
11,is_s,48,Theta,4.202573222944055
11,is_s,49,Theta,1.849237177112024
11,is_s,50,Theta,5.571658620198782
11,is_s,51,Theta,4.786733336977884
11,is_s,52,Theta,0.16405575143248552
11,is_s,53,Theta,4.6572934790888505
11,is_s,54,Theta,5.624356383028372
11,is_s,55,Theta,3.2281312998763623
11,is_s,56,Theta,0.2406829148719997
11,is_s,57,Theta,5.349552793192581
11,is_s,58,Theta,2.3761113254936426
11,is_s,59,Theta,2.3428557772738814
11,is_s,60,Theta,5.693435912908873
11,is_s,1,Alpha,2.219120090169064
11,is_s,2,Alpha,0.7535382206558489
11,is_s,3,Alpha,0.26680276701277883
11,is_s,4,Alpha,3.05063630432731
11,is_s,5,Alpha,0.12251178311315503
11,is_s,7,Alpha,1.2118224774829927
11,is_s,8,Alpha,3.960817766134286
11,is_s,9,Alpha,3.039048732191013
11,is_s,10,Alpha,2.9285177438472614
11,is_s,11,Alpha,5.25308946301627
11,is_s,12,Alpha,2.6599484789667627
11,is_s,13,Alpha,0.9449506252062915
11,is_s,14,Alpha,3.7402619717267154
11,is_s,15,Alpha,4.708469192938926
11,is_s,16,Alpha,1.7443494547054321
11,is_s,17,Alpha,2.611066614253457
11,is_s,18,Alpha,1.6193295099775513
11,is_s,19,Alpha,4.92378808395565
11,is_s,20,Alpha,1.1052121541771258
11,is_s,21,Alpha,4.348751882457656
11,is_s,22,Alpha,2.4896557169479303
11,is_s,23,Alpha,1.2187467565010868
11,is_s,24,Alpha,2.5266802652174576
11,is_s,25,Alpha,3.0644161946086657
11,is_s,26,Alpha,3.270753297132225
11,is_s,27,Alpha,4.735662303119364
11,is_s,28,Alpha,4.001207064060758
11,is_s,29,Alpha,4.069015393345115
11,is_s,30,Alpha,4.938203482280506
11,is_s,31,Alpha,1.8916863264613386
11,is_s,32,Alpha,6.013067239845029
11,is_s,33,Alpha,1.2300718175915326
11,is_s,34,Alpha,4.1773863771792445
11,is_s,35,Alpha,0.2101001770260005
11,is_s,36,Alpha,1.1956336709296411
11,is_s,37,Alpha,2.057247035770809
11,is_s,38,Alpha,2.9259611855926866
11,is_s,39,Alpha,0.1702024199136502
11,is_s,40,Alpha,0.11067885142892046
11,is_s,41,Alpha,3.8827278657894033
11,is_s,42,Alpha,1.698334572958126
11,is_s,43,Alpha,2.656960582076226
11,is_s,44,Alpha,3.1561180503843014
11,is_s,45,Alpha,0.5611933996641614
11,is_s,46,Alpha,3.400740653154284
11,is_s,47,Alpha,2.0809306526285796
11,is_s,48,Alpha,3.8817749859429624
11,is_s,49,Alpha,0.6073999090723463
11,is_s,50,Alpha,3.762469932338802
11,is_s,51,Alpha,2.405175422364266
11,is_s,52,Alpha,2.334747073144205
11,is_s,53,Alpha,2.6320468171342157
11,is_s,54,Alpha,6.0302850868548985
11,is_s,55,Alpha,2.9645270920618256
11,is_s,56,Alpha,1.3998036103076725
11,is_s,57,Alpha,4.795261833597959
11,is_s,58,Alpha,1.2470497743198992
11,is_s,59,Alpha,1.9445868646456508
11,is_s,60,Alpha,0.7386663451456685
11,is_s,1,Beta,5.07517302222745
11,is_s,2,Beta,5.800095917534907
11,is_s,3,Beta,3.0481784472675857
11,is_s,4,Beta,2.6239602648784364
11,is_s,5,Beta,5.648729298993915
11,is_s,7,Beta,1.9251198969919898
11,is_s,8,Beta,2.7068155331959276
11,is_s,9,Beta,0.5965851822278825
11,is_s,10,Beta,5.912302015221808
11,is_s,11,Beta,3.669603088523323
11,is_s,12,Beta,1.6455982809925351
11,is_s,13,Beta,1.7424191200365844
11,is_s,14,Beta,5.082042286200236
11,is_s,15,Beta,3.5574714725177405
11,is_s,16,Beta,4.0967436346233175
11,is_s,17,Beta,0.9496994289495468
11,is_s,18,Beta,1.4164985358268072
11,is_s,19,Beta,1.093535403083651
11,is_s,20,Beta,0.9792100513456377
11,is_s,21,Beta,3.319657059242334
11,is_s,22,Beta,1.3043732428650694
11,is_s,23,Beta,1.7335927657113201
11,is_s,24,Beta,2.172511649431885
11,is_s,25,Beta,4.223135440929269
11,is_s,26,Beta,5.443310746272533
11,is_s,27,Beta,3.132556061129988
11,is_s,28,Beta,4.4902221805826485
11,is_s,29,Beta,1.1553111226478596
11,is_s,30,Beta,5.350093748161113
11,is_s,31,Beta,5.832424323830702
11,is_s,32,Beta,3.1583000681617035
11,is_s,33,Beta,1.7170910824368923
11,is_s,34,Beta,1.7797463178273059
11,is_s,35,Beta,6.04141465273988
11,is_s,36,Beta,6.256605641659276
11,is_s,37,Beta,2.531375044624828
11,is_s,38,Beta,5.000756081902539
11,is_s,39,Beta,4.783005109573921
11,is_s,40,Beta,1.917612565627539
11,is_s,41,Beta,2.960874293432319
11,is_s,42,Beta,5.1555269646171284
11,is_s,43,Beta,4.725301445758766
11,is_s,44,Beta,1.1238837212399004
11,is_s,45,Beta,1.8452076959673633
11,is_s,46,Beta,5.545301235318268
11,is_s,47,Beta,2.675220299071725
11,is_s,48,Beta,4.87426420475381
11,is_s,49,Beta,0.266122023183776
11,is_s,50,Beta,0.5590104980691057
11,is_s,51,Beta,3.5058288663490025
11,is_s,52,Beta,1.9245967096294794
11,is_s,53,Beta,4.9331378687906255
11,is_s,54,Beta,3.3908476126110507
11,is_s,55,Beta,4.121315609070198
11,is_s,56,Beta,2.568369426945488
11,is_s,57,Beta,6.240925989324206
11,is_s,58,Beta,1.512663650148201
11,is_s,59,Beta,5.944754958293511
11,is_s,60,Beta,2.1807186321824314
12,vs_s,1,Delta,5.096801613475824
12,vs_s,2,Delta,0.02718444107216358
12,vs_s,3,Delta,1.8878635701825757
12,vs_s,4,Delta,2.0580027188598664
12,vs_s,5,Delta,1.1721943865321167
12,vs_s,6,Delta,1.4159756075232683
12,vs_s,7,Delta,1.4193939005870582
12,vs_s,8,Delta,4.259499423673042
12,vs_s,9,Delta,4.286671456494038
12,vs_s,10,Delta,2.797654023459452
12,vs_s,12,Delta,1.245030766525273
12,vs_s,13,Delta,2.1692151325507285
12,vs_s,14,Delta,6.248122987421347
12,vs_s,15,Delta,3.0800259285861094
12,vs_s,16,Delta,2.3303197925997527
12,vs_s,17,Delta,5.05528930062454
12,vs_s,18,Delta,3.4909762334088383
12,vs_s,19,Delta,4.051225627377617
12,vs_s,20,Delta,1.7105816929399125
12,vs_s,21,Delta,3.9567713164973157
12,vs_s,22,Delta,1.2254583601293525
12,vs_s,23,Delta,6.002928958704968
12,vs_s,24,Delta,1.7052773839718567
12,vs_s,25,Delta,5.259915055633305
12,vs_s,26,Delta,0.4885029334623253
12,vs_s,27,Delta,4.773810495817874
12,vs_s,28,Delta,5.191756091729648
12,vs_s,29,Delta,2.3233341819917372
12,vs_s,30,Delta,2.225773476108751
12,vs_s,31,Delta,1.7273959356499031
12,vs_s,32,Delta,3.63788833796492
12,vs_s,33,Delta,0.11480352482469433
12,vs_s,34,Delta,3.925193429817068
12,vs_s,35,Delta,0.8186313173356948
12,vs_s,36,Delta,4.5216055858433215
12,vs_s,37,Delta,1.5891512320144396
12,vs_s,38,Delta,1.8914334549543055
12,vs_s,39,Delta,0.6493977391496424
12,vs_s,40,Delta,3.2381725638732655
12,vs_s,42,Delta,5.408731718233859
12,vs_s,43,Delta,5.184923914626084
12,vs_s,44,Delta,1.1439428896083612
12,vs_s,45,Delta,1.457537265771597
12,vs_s,46,Delta,2.9820170074241092
12,vs_s,47,Delta,1.3603044417635024
12,vs_s,48,Delta,0.6392856011206182
12,vs_s,49,Delta,0.3385639570639316
12,vs_s,50,Delta,0.5597627315671213
12,vs_s,51,Delta,1.1178992641487158
12,vs_s,52,Delta,1.6247036786141542
12,vs_s,53,Delta,4.914839085501516
12,vs_s,54,Delta,1.1406519444920076
12,vs_s,55,Delta,4.0495677006656114
12,vs_s,56,Delta,5.468478471093443
12,vs_s,57,Delta,3.622064425475281
12,vs_s,58,Delta,3.6573264201634856
12,vs_s,59,Delta,3.5428681010425307
12,vs_s,60,Delta,0.9639938561474719
12,vs_s,1,Theta,1.3073780174933654
12,vs_s,2,Theta,0.1779422863221677
12,vs_s,3,Theta,0.7560366143619306
12,vs_s,4,Theta,2.422820575542329
12,vs_s,5,Theta,1.6878487729619782
12,vs_s,6,Theta,1.263140138417319
12,vs_s,7,Theta,0.8543723622822189
12,vs_s,8,Theta,1.8617216699208605
12,vs_s,9,Theta,3.987431209205125
12,vs_s,10,Theta,3.002670143089439
12,vs_s,12,Theta,0.16622036379374824
12,vs_s,13,Theta,2.1614320411477914
12,vs_s,14,Theta,1.4688878720151815
12,vs_s,15,Theta,2.4030017404419595
12,vs_s,16,Theta,3.886834843373932
12,vs_s,17,Theta,5.511079093972455
12,vs_s,18,Theta,3.513492577025211
12,vs_s,19,Theta,4.068427924102965
12,vs_s,20,Theta,1.2105526114020049
12,vs_s,21,Theta,3.0542872363264304
12,vs_s,22,Theta,1.3111338663997547
12,vs_s,23,Theta,1.0008962006890136
12,vs_s,24,Theta,1.5926181478553956
12,vs_s,25,Theta,5.535014902226873
12,vs_s,26,Theta,0.12769483699102083
12,vs_s,27,Theta,4.7461817440853915
12,vs_s,28,Theta,0.09375815561736113
12,vs_s,29,Theta,2.749888762695958
12,vs_s,30,Theta,2.422580665808923
12,vs_s,31,Theta,1.7354629088044915
12,vs_s,32,Theta,1.9797721196405744
12,vs_s,33,Theta,0.11101245787330676
12,vs_s,34,Theta,3.827201424319201
12,vs_s,35,Theta,0.737637940715053
12,vs_s,36,Theta,3.4966782045117535
12,vs_s,37,Theta,1.0977707173637432
12,vs_s,38,Theta,0.44770302426643643
12,vs_s,39,Theta,1.8428181696708448
12,vs_s,40,Theta,4.165065773216085
12,vs_s,42,Theta,0.16610449387606888
12,vs_s,43,Theta,1.54971951622664
12,vs_s,44,Theta,1.033345747417435
12,vs_s,45,Theta,5.267908059554171
12,vs_s,46,Theta,3.3829004774275067
12,vs_s,47,Theta,1.166983132704378
12,vs_s,48,Theta,0.9358581601576662
12,vs_s,49,Theta,0.7425611468420542
12,vs_s,50,Theta,0.2962668369445101
12,vs_s,51,Theta,1.935884741352983
12,vs_s,52,Theta,1.0031044103989117
12,vs_s,53,Theta,4.586248141309709
12,vs_s,54,Theta,0.38169176803972943
12,vs_s,55,Theta,4.545573034502029
12,vs_s,56,Theta,3.1423056153965567
12,vs_s,57,Theta,4.494830276513104
12,vs_s,58,Theta,3.2664951148353922
12,vs_s,59,Theta,3.278973181057268
12,vs_s,60,Theta,0.3421444206616268
12,vs_s,1,Alpha,3.081713998632271
12,vs_s,2,Alpha,6.2526392563749695
12,vs_s,3,Alpha,5.048540363317311
12,vs_s,4,Alpha,1.4723601992334963
12,vs_s,5,Alpha,3.0217315689281556
12,vs_s,6,Alpha,2.688314820600713
12,vs_s,7,Alpha,6.045907160340859
12,vs_s,8,Alpha,1.8148157760791876
12,vs_s,9,Alpha,4.050354904443271
12,vs_s,10,Alpha,2.322168528836405
12,vs_s,12,Alpha,5.9956815823690555
12,vs_s,13,Alpha,6.2441471218586955
12,vs_s,14,Alpha,1.866766491195563
12,vs_s,15,Alpha,2.2638265715410832
12,vs_s,16,Alpha,4.678454447259512
12,vs_s,17,Alpha,5.79562217851865
12,vs_s,18,Alpha,2.5652627174247096
12,vs_s,19,Alpha,4.659480092495544
12,vs_s,20,Alpha,0.508342431690397
12,vs_s,21,Alpha,1.960598599503709
12,vs_s,22,Alpha,2.421042805294124
12,vs_s,23,Alpha,1.9041815018220112
12,vs_s,24,Alpha,2.1302872777394493
12,vs_s,25,Alpha,0.2844024847069761
12,vs_s,26,Alpha,0.5634723336596827
12,vs_s,27,Alpha,4.766330881076183
12,vs_s,28,Alpha,5.48802641648296
12,vs_s,29,Alpha,3.92024670257216
12,vs_s,30,Alpha,1.9967748983582743
12,vs_s,31,Alpha,2.311690052205238
12,vs_s,32,Alpha,2.6364458365982917
12,vs_s,33,Alpha,6.142769498955355
12,vs_s,34,Alpha,3.938946742939121
12,vs_s,35,Alpha,0.5887893053979557
12,vs_s,36,Alpha,3.1142680020938105
12,vs_s,37,Alpha,0.10134837129406325
12,vs_s,38,Alpha,2.7725446029630394
12,vs_s,39,Alpha,2.9263985020584626
12,vs_s,40,Alpha,6.207277972097485
12,vs_s,42,Alpha,5.322521652286336
12,vs_s,43,Alpha,2.2142990380206165
12,vs_s,44,Alpha,0.8888638058693297
12,vs_s,45,Alpha,4.431650672937909
12,vs_s,46,Alpha,4.703260611352336
12,vs_s,47,Alpha,2.238983595083315
12,vs_s,48,Alpha,0.21383403499554535
12,vs_s,49,Alpha,1.9410169678452727
12,vs_s,50,Alpha,6.270999801139047
12,vs_s,51,Alpha,4.033977382277107
12,vs_s,52,Alpha,5.8689404802568195
12,vs_s,53,Alpha,3.646630896248164
12,vs_s,54,Alpha,0.6364234856989831
12,vs_s,55,Alpha,1.3261933261397136
12,vs_s,56,Alpha,1.479293876828285
12,vs_s,57,Alpha,4.723830305436624
12,vs_s,58,Alpha,5.359709312991075
12,vs_s,59,Alpha,3.701927692417829
12,vs_s,60,Alpha,0.6257410096138528
12,vs_s,1,Beta,5.866889729852711
12,vs_s,2,Beta,0.9277970963252885
12,vs_s,3,Beta,3.2759663063128457
12,vs_s,4,Beta,5.409087351120758
12,vs_s,5,Beta,5.192389444749117
12,vs_s,6,Beta,1.7446670233935058
12,vs_s,7,Beta,4.323184618443534
12,vs_s,8,Beta,2.1420351705022673
12,vs_s,9,Beta,5.754793634980718
12,vs_s,10,Beta,2.357980779426857
12,vs_s,12,Beta,4.5146078177557065
12,vs_s,13,Beta,3.1207599212611177
12,vs_s,14,Beta,1.2024831730112178
12,vs_s,15,Beta,4.1185802596241246
12,vs_s,16,Beta,5.726753085371632
12,vs_s,17,Beta,0.5672843667482969
12,vs_s,18,Beta,3.463809297555112
12,vs_s,19,Beta,0.10870303969034945
12,vs_s,20,Beta,0.308620561326336
12,vs_s,21,Beta,0.8664119674204419
12,vs_s,22,Beta,2.4268175068058575
12,vs_s,23,Beta,4.120283099144503
12,vs_s,24,Beta,4.362073184279849
12,vs_s,25,Beta,4.719377583079076
12,vs_s,26,Beta,4.268466320073241
12,vs_s,27,Beta,4.823370203633442
12,vs_s,28,Beta,4.593679428085517
12,vs_s,29,Beta,2.06593163298435
12,vs_s,30,Beta,5.708018173478645
12,vs_s,31,Beta,2.7639511045176652
12,vs_s,32,Beta,0.6621304294897578
12,vs_s,33,Beta,4.79188303174106
12,vs_s,34,Beta,0.37113509950625617
12,vs_s,35,Beta,5.567996393546364
12,vs_s,36,Beta,3.2319060124420917
12,vs_s,37,Beta,4.83254941942688
12,vs_s,38,Beta,2.691945443411737
12,vs_s,39,Beta,3.0227900709675937
12,vs_s,40,Beta,0.68583822166002
12,vs_s,42,Beta,2.0939526926140157
12,vs_s,43,Beta,3.017195663575991
12,vs_s,44,Beta,5.853056270458336
12,vs_s,45,Beta,5.976991035567068
12,vs_s,46,Beta,4.01243356409837
12,vs_s,47,Beta,2.8949491781548913
12,vs_s,48,Beta,3.9320499742238195
12,vs_s,49,Beta,1.8073092144652843
12,vs_s,50,Beta,1.5286481336851383
12,vs_s,51,Beta,2.0676906605919547
12,vs_s,52,Beta,3.682318955697453
12,vs_s,53,Beta,3.1290337380571294
12,vs_s,54,Beta,5.7531750249225135
12,vs_s,55,Beta,0.1939022585659964
12,vs_s,56,Beta,3.649972375730171
12,vs_s,57,Beta,4.797740949606629
12,vs_s,58,Beta,2.5903218421123952
12,vs_s,59,Beta,5.088490360072392
12,vs_s,60,Beta,1.895491357459134
12,is_s,1,Delta,3.6796911556504694
12,is_s,2,Delta,2.7297544456910803
12,is_s,3,Delta,1.5071225030803892
12,is_s,4,Delta,0.2883289283110868
12,is_s,5,Delta,4.170946975827469
12,is_s,6,Delta,1.9604267835699194
12,is_s,7,Delta,4.6926290201333245
12,is_s,8,Delta,0.09768714615729711
12,is_s,9,Delta,1.6750282339923033
12,is_s,10,Delta,1.159673644836555
12,is_s,11,Delta,5.478268873819454
12,is_s,12,Delta,1.5365387823316612
12,is_s,13,Delta,2.6823409071318984
12,is_s,14,Delta,6.213762394595541
12,is_s,15,Delta,4.352097175117464
12,is_s,16,Delta,4.6110115851758415
12,is_s,17,Delta,1.8223734193361516
12,is_s,18,Delta,5.191132717757922
12,is_s,19,Delta,0.12935118040369573
12,is_s,20,Delta,0.26905086612041823
12,is_s,21,Delta,6.191037135898526
12,is_s,22,Delta,5.258953021612565
12,is_s,23,Delta,5.655165325515332
12,is_s,24,Delta,3.1997076823831665
12,is_s,25,Delta,1.3747863106813434
12,is_s,26,Delta,2.839480667056671
12,is_s,27,Delta,3.4831096656767078
12,is_s,28,Delta,3.120379089102514
12,is_s,29,Delta,1.633067246451517
12,is_s,30,Delta,1.7542022833347275
12,is_s,31,Delta,4.037637185640678
12,is_s,32,Delta,0.701685177456298
12,is_s,33,Delta,1.817081777688347
12,is_s,34,Delta,2.2026706247360783
12,is_s,35,Delta,4.555479739762453
12,is_s,36,Delta,5.295675490639633
12,is_s,37,Delta,1.553235423528258
12,is_s,38,Delta,1.2476062872543077
12,is_s,39,Delta,5.129445861403669
12,is_s,40,Delta,4.364159486458415
12,is_s,43,Delta,5.574180148512814
12,is_s,44,Delta,4.931964289223638
12,is_s,45,Delta,0.2878200948286643
12,is_s,46,Delta,3.491625748291652
12,is_s,47,Delta,2.95736141954149
12,is_s,48,Delta,1.1299993601900709
12,is_s,49,Delta,1.4008943821750552
12,is_s,50,Delta,0.6646506568369384
12,is_s,51,Delta,2.1018244456359074
12,is_s,52,Delta,0.7520997702028891
12,is_s,53,Delta,4.817152233404946
12,is_s,54,Delta,0.7538465769476453
12,is_s,55,Delta,3.2019449750251323
12,is_s,56,Delta,1.494993779401624
12,is_s,57,Delta,1.578672937766944
12,is_s,58,Delta,5.294515715977598
12,is_s,59,Delta,1.9014005423462237
12,is_s,60,Delta,3.3027304763222123
12,is_s,1,Theta,2.005101460858208
12,is_s,2,Theta,3.6648620489822767
12,is_s,3,Theta,2.34728008087462
12,is_s,4,Theta,6.249708064429203
12,is_s,5,Theta,4.77309272482529
12,is_s,6,Theta,1.6266373692241056
12,is_s,7,Theta,5.432742056798782
12,is_s,8,Theta,0.46845709520780593
12,is_s,9,Theta,1.5067839743539002
12,is_s,10,Theta,1.1919680089496492
12,is_s,11,Theta,6.038116647277488
12,is_s,12,Theta,0.09167395530676999
12,is_s,13,Theta,2.905085165465533
12,is_s,14,Theta,0.8051374675400484
12,is_s,15,Theta,2.7056453801622395
12,is_s,16,Theta,4.454208776144377
12,is_s,17,Theta,1.7117888666829457
12,is_s,18,Theta,4.2747996584854455
12,is_s,19,Theta,0.16605361789854345
12,is_s,20,Theta,0.1866771623258939
12,is_s,21,Theta,6.164789518776538
12,is_s,22,Theta,4.973290126055711
12,is_s,23,Theta,6.068836995265757
12,is_s,24,Theta,3.888599539641438
12,is_s,25,Theta,1.0691088181105508
12,is_s,26,Theta,1.1700248393343702
12,is_s,27,Theta,5.057921147271685
12,is_s,28,Theta,2.0304375483988975
12,is_s,29,Theta,0.8620343470458449
12,is_s,30,Theta,2.0544491320805824
12,is_s,31,Theta,1.6748215112594937
12,is_s,32,Theta,1.5021597976158039
12,is_s,33,Theta,2.153168491872385
12,is_s,34,Theta,1.5972686548201134
12,is_s,35,Theta,4.931796459325078
12,is_s,36,Theta,4.968254621200293
12,is_s,37,Theta,1.651566544899504
12,is_s,38,Theta,0.5424426056376641
12,is_s,39,Theta,0.2411779163370835
12,is_s,40,Theta,2.784033173778977
12,is_s,43,Theta,5.420669942880384
12,is_s,44,Theta,5.7852413882860105
12,is_s,45,Theta,0.027943861522756283
12,is_s,46,Theta,2.433063060169828
12,is_s,47,Theta,4.156335903162974
12,is_s,48,Theta,4.342959849780158
12,is_s,49,Theta,6.274107192147563
12,is_s,50,Theta,6.126453996182599
12,is_s,51,Theta,1.157529819140407
12,is_s,52,Theta,6.205293361131299
12,is_s,53,Theta,4.515774424463168
12,is_s,54,Theta,6.172563970438636
12,is_s,55,Theta,1.7373297473624316
12,is_s,56,Theta,1.7266740399786167
12,is_s,57,Theta,0.5636514784898646
12,is_s,58,Theta,0.3971246845915457
12,is_s,59,Theta,1.4199237315552458
12,is_s,60,Theta,3.61699184965587
12,is_s,1,Alpha,1.2803486274885045
12,is_s,2,Alpha,6.09170801462362
12,is_s,3,Alpha,3.6442195104694495
12,is_s,4,Alpha,2.74677635231043
12,is_s,5,Alpha,5.1015677544910725
12,is_s,6,Alpha,0.6306723038201264
12,is_s,7,Alpha,6.247377813835077
12,is_s,8,Alpha,1.6328325742507201
12,is_s,9,Alpha,1.2767714421224137
12,is_s,10,Alpha,1.3348882020415802
12,is_s,11,Alpha,6.032095152596051
12,is_s,12,Alpha,6.024815174773633
12,is_s,13,Alpha,1.6026171981554163
12,is_s,14,Alpha,0.6741819909940667
12,is_s,15,Alpha,1.3750476277037313
12,is_s,16,Alpha,1.2478713730367632
12,is_s,17,Alpha,0.6057969207090119
12,is_s,18,Alpha,3.449386085331023
12,is_s,19,Alpha,0.5586322606453181
12,is_s,20,Alpha,6.15548654101952
12,is_s,21,Alpha,0.17183024127581661
12,is_s,22,Alpha,5.820678372672035
12,is_s,23,Alpha,5.106810384065816
12,is_s,24,Alpha,4.112255323694065
12,is_s,25,Alpha,1.207614652589416
12,is_s,26,Alpha,5.779314509988
12,is_s,27,Alpha,3.3842619549590993
12,is_s,28,Alpha,1.5974204335100246
12,is_s,29,Alpha,0.3066888986509366
12,is_s,30,Alpha,4.494445264813869
12,is_s,31,Alpha,2.826855307044624
12,is_s,32,Alpha,1.2859651886240084
12,is_s,33,Alpha,2.7863839132817603
12,is_s,34,Alpha,5.578116575892226
12,is_s,35,Alpha,4.446143150210486
12,is_s,36,Alpha,3.4943413894799185
12,is_s,37,Alpha,2.0254761935158614
12,is_s,38,Alpha,4.986882938508559
12,is_s,39,Alpha,0.8386525849937357
12,is_s,40,Alpha,1.0807007830869229
12,is_s,43,Alpha,3.573972302547665
12,is_s,44,Alpha,5.833540331681108
12,is_s,45,Alpha,0.34972048429887076
12,is_s,46,Alpha,3.585783680650239
12,is_s,47,Alpha,4.608577963362172
12,is_s,48,Alpha,4.438395966861388
12,is_s,49,Alpha,5.235747346600478
12,is_s,50,Alpha,5.490862197456418
12,is_s,51,Alpha,0.8604506929339887
12,is_s,52,Alpha,5.543377373561989
12,is_s,53,Alpha,2.380190007309815
12,is_s,54,Alpha,4.966196330964111
12,is_s,55,Alpha,1.2813033880054454
12,is_s,56,Alpha,1.6786381397450238
12,is_s,57,Alpha,5.698144650200394
12,is_s,58,Alpha,2.3331137886399396
12,is_s,59,Alpha,1.2981745100247613
12,is_s,60,Alpha,3.53113951802478
12,is_s,1,Beta,2.7907546909076286
12,is_s,2,Beta,1.0973164615509619
12,is_s,3,Beta,5.796551264694724
12,is_s,4,Beta,5.397219764927316
12,is_s,5,Beta,3.924730061827396
12,is_s,6,Beta,4.755492930689816
12,is_s,7,Beta,4.473361876024748
12,is_s,8,Beta,3.449786044196414
12,is_s,9,Beta,3.383483321542057
12,is_s,10,Beta,4.927336430830199
12,is_s,11,Beta,3.7540010440794993
12,is_s,12,Beta,4.057883418335773
12,is_s,13,Beta,2.779110002719531
12,is_s,14,Beta,0.7095028536712314
12,is_s,15,Beta,5.91718826517946
12,is_s,16,Beta,4.304315104828538
12,is_s,17,Beta,4.92364084951081
12,is_s,18,Beta,1.616646734276916
12,is_s,19,Beta,2.0852791320372965
12,is_s,20,Beta,1.6972306694748824
12,is_s,21,Beta,1.1192225467801948
12,is_s,22,Beta,4.245306863173607
12,is_s,23,Beta,2.618051484845655
12,is_s,24,Beta,3.6778812385947885
12,is_s,25,Beta,5.108479020564525
12,is_s,26,Beta,3.8590472190126377
12,is_s,27,Beta,2.99273240900228
12,is_s,28,Beta,1.8828394375654056
12,is_s,29,Beta,5.741493099445622
12,is_s,30,Beta,5.792901465588714
12,is_s,31,Beta,0.019896375239093333
12,is_s,32,Beta,2.4393087310424804
12,is_s,33,Beta,5.134921805856471
12,is_s,34,Beta,4.860745332884897
12,is_s,35,Beta,5.500282939713437
12,is_s,36,Beta,1.1949223813991645
12,is_s,37,Beta,6.0524439230747555
12,is_s,38,Beta,2.2890509833156143
12,is_s,39,Beta,5.069588720121794
12,is_s,40,Beta,4.847624019637919
12,is_s,43,Beta,3.356943065199765
12,is_s,44,Beta,1.2689228837435587
12,is_s,45,Beta,4.572076807965554
12,is_s,46,Beta,1.4803923034016326
12,is_s,47,Beta,5.361683925439796
12,is_s,48,Beta,2.3963198511370254
12,is_s,49,Beta,5.058382035189176
12,is_s,50,Beta,4.219871778625203
12,is_s,51,Beta,0.46813821311914355
12,is_s,52,Beta,4.169914579538297
12,is_s,53,Beta,4.0880730565197005
12,is_s,54,Beta,4.406179173033319
12,is_s,55,Beta,3.2704976161765584
12,is_s,56,Beta,1.7704517213637236
12,is_s,57,Beta,0.9563680275430042
12,is_s,58,Beta,3.9450603205573462
12,is_s,59,Beta,4.1687743894083145
12,is_s,60,Beta,0.5561310674515916
13,vs_s,2,Delta,0.5807888796329224
13,vs_s,3,Delta,2.0620538648421363
13,vs_s,4,Delta,1.9962118529054131
13,vs_s,5,Delta,3.771424829059102
13,vs_s,6,Delta,5.525423962777124
13,vs_s,7,Delta,1.273119602561356
13,vs_s,8,Delta,2.063042227026322
13,vs_s,9,Delta,5.026815645533938
13,vs_s,10,Delta,4.241195058514624
13,vs_s,11,Delta,4.476796471238696
13,vs_s,12,Delta,1.3887468734618753
13,vs_s,13,Delta,5.492583511471225
13,vs_s,14,Delta,1.1094981107414312
13,vs_s,15,Delta,2.0270984062322945
13,vs_s,16,Delta,4.05503326072084
13,vs_s,17,Delta,1.2654374253367293
13,vs_s,18,Delta,6.018825298238989
13,vs_s,19,Delta,1.3706258204456194
13,vs_s,20,Delta,0.2653867684846985
13,vs_s,21,Delta,5.276105998841532
13,vs_s,22,Delta,0.7174820420689693
13,vs_s,23,Delta,4.818510436934512
13,vs_s,24,Delta,2.5463128493804477
13,vs_s,25,Delta,1.9226582465751405
13,vs_s,26,Delta,4.449988617282858
13,vs_s,27,Delta,5.286300190280656
13,vs_s,28,Delta,1.2939215859646014
13,vs_s,29,Delta,0.7246381855161078
13,vs_s,30,Delta,1.7873187869759535
13,vs_s,31,Delta,0.7386134164040463
13,vs_s,32,Delta,2.6349307578706815
13,vs_s,33,Delta,1.3300634603540717
13,vs_s,34,Delta,1.842302395238501
13,vs_s,35,Delta,2.6486340679333633
13,vs_s,36,Delta,0.8619818748891875
13,vs_s,37,Delta,3.984804036058394
13,vs_s,38,Delta,2.5849746955999753
13,vs_s,39,Delta,4.944733148398176
13,vs_s,40,Delta,1.9686348654595358
13,vs_s,41,Delta,1.4062359078032443
13,vs_s,42,Delta,0.4923165518875583
13,vs_s,43,Delta,6.171779571177799
13,vs_s,44,Delta,0.17034475806069052
13,vs_s,45,Delta,1.1763554471807718
13,vs_s,46,Delta,1.9884012113612755
13,vs_s,47,Delta,5.79797443344229
13,vs_s,48,Delta,0.41392956255162683
13,vs_s,49,Delta,1.640075977991522
13,vs_s,50,Delta,4.727352964078995
13,vs_s,51,Delta,1.3588057377346567
13,vs_s,52,Delta,1.4989709000644291
13,vs_s,53,Delta,1.7044656696479403
13,vs_s,54,Delta,6.042180615504793
13,vs_s,55,Delta,0.3546864993878713
13,vs_s,56,Delta,1.4651764228546893
13,vs_s,57,Delta,4.917119874999462
13,vs_s,59,Delta,1.6100568267610695
13,vs_s,60,Delta,1.1427385524917266
13,vs_s,2,Theta,5.998496988535604
13,vs_s,3,Theta,2.7510265337606947
13,vs_s,4,Theta,0.2916083007316809
13,vs_s,5,Theta,3.5826342463223364
13,vs_s,6,Theta,5.576465953592084
13,vs_s,7,Theta,1.594259104675801
13,vs_s,8,Theta,1.527968738751743
13,vs_s,9,Theta,5.412763946443409
13,vs_s,10,Theta,3.9969555274364854
13,vs_s,11,Theta,5.207653096703811
13,vs_s,12,Theta,1.0897406184167686
13,vs_s,13,Theta,0.6038029814788085
13,vs_s,14,Theta,0.7401460676877177
13,vs_s,15,Theta,2.0318122254954916
13,vs_s,16,Theta,2.1361834214326856
13,vs_s,17,Theta,4.372580989320335
13,vs_s,18,Theta,0.8169618529439496
13,vs_s,19,Theta,1.0108329488018906
13,vs_s,20,Theta,6.06631199700912
13,vs_s,21,Theta,5.739183811944667
13,vs_s,22,Theta,1.5439758920895297
13,vs_s,23,Theta,4.169198209361001
13,vs_s,24,Theta,2.2345982574274807
13,vs_s,25,Theta,2.90730982692837
13,vs_s,26,Theta,3.744395977319471
13,vs_s,27,Theta,0.3803546930988102
13,vs_s,28,Theta,1.1636031160736813
13,vs_s,29,Theta,6.229129080853815
13,vs_s,30,Theta,4.079012694432345
13,vs_s,31,Theta,4.770180178102459
13,vs_s,32,Theta,3.3233550259562894
13,vs_s,33,Theta,1.6711609976164357
13,vs_s,34,Theta,2.1010734348798743
13,vs_s,35,Theta,4.7978512229253845
13,vs_s,36,Theta,1.7084620745314787
13,vs_s,37,Theta,3.123478622133895
13,vs_s,38,Theta,3.282638519791614
13,vs_s,39,Theta,1.077318253526695
13,vs_s,40,Theta,2.6947581487864216
13,vs_s,41,Theta,2.366240170341219
13,vs_s,42,Theta,4.61467428889961
13,vs_s,43,Theta,1.6685471549358721
13,vs_s,44,Theta,5.880293690514773
13,vs_s,45,Theta,0.02425036748428972
13,vs_s,46,Theta,2.101688805034903
13,vs_s,47,Theta,6.058705317246928
13,vs_s,48,Theta,0.09047260806723234
13,vs_s,49,Theta,2.037978452264262
13,vs_s,50,Theta,4.886586179518818
13,vs_s,51,Theta,1.22180262588156
13,vs_s,52,Theta,5.425994187796593
13,vs_s,53,Theta,3.6567682823723424
13,vs_s,54,Theta,5.952227266977749
13,vs_s,55,Theta,5.159560062905441
13,vs_s,56,Theta,0.7719060486287662
13,vs_s,57,Theta,5.110120710265385
13,vs_s,59,Theta,0.2783640190233442
13,vs_s,60,Theta,0.5032764855205033
13,vs_s,2,Alpha,5.183847350901715
13,vs_s,3,Alpha,0.5498962686594105
13,vs_s,4,Alpha,0.7563851616039525
13,vs_s,5,Alpha,3.095565435271015
13,vs_s,6,Alpha,4.469286617145792
13,vs_s,7,Alpha,2.3816114603226577
13,vs_s,8,Alpha,1.7353490467220414
13,vs_s,9,Alpha,4.8782622688398485
13,vs_s,10,Alpha,3.7887403640515545
13,vs_s,11,Alpha,6.224888706469498
13,vs_s,12,Alpha,1.8789307046884702
13,vs_s,13,Alpha,2.0203027075605493
13,vs_s,14,Alpha,1.6280539269385366
13,vs_s,15,Alpha,4.89630579111601
13,vs_s,16,Alpha,3.035463918375025
13,vs_s,17,Alpha,3.6300771030447616
13,vs_s,18,Alpha,1.8881500886671232
13,vs_s,19,Alpha,5.9215355207102585
13,vs_s,20,Alpha,5.915421210439385
13,vs_s,21,Alpha,5.592856850954151
13,vs_s,22,Alpha,2.046254893568101
13,vs_s,23,Alpha,2.9747427991258806
13,vs_s,24,Alpha,2.3872469077053333
13,vs_s,25,Alpha,4.370924596896237
13,vs_s,26,Alpha,4.003306186338976
13,vs_s,27,Alpha,1.9256723966235105
13,vs_s,28,Alpha,1.6554073250225991
13,vs_s,29,Alpha,5.909564908669171
13,vs_s,30,Alpha,3.676219319045834
13,vs_s,31,Alpha,3.4904297256360923
13,vs_s,32,Alpha,3.690053294080861
13,vs_s,33,Alpha,2.8126248404807623
13,vs_s,34,Alpha,2.570808309052656
13,vs_s,35,Alpha,4.05883914934646
13,vs_s,36,Alpha,1.8451833928030046
13,vs_s,37,Alpha,3.0919584782087735
13,vs_s,38,Alpha,2.6042755300555367
13,vs_s,39,Alpha,1.1119008030458777
13,vs_s,40,Alpha,4.096130085690793
13,vs_s,41,Alpha,2.9492441894916617
13,vs_s,42,Alpha,5.041170912406281
13,vs_s,43,Alpha,3.8805598247336217
13,vs_s,44,Alpha,3.623159248500517
13,vs_s,45,Alpha,6.271033070003664
13,vs_s,46,Alpha,4.674319642464882
13,vs_s,47,Alpha,5.502723922945221
13,vs_s,48,Alpha,5.972739310044336
13,vs_s,49,Alpha,2.247427169722787
13,vs_s,50,Alpha,4.55682222115426
13,vs_s,51,Alpha,0.6931256796648114
13,vs_s,52,Alpha,4.91005953446579
13,vs_s,53,Alpha,2.6838420054610923
13,vs_s,54,Alpha,5.688316281789616
13,vs_s,55,Alpha,4.838650907023496
13,vs_s,56,Alpha,5.6597048597439805
13,vs_s,57,Alpha,5.012700223598404
13,vs_s,59,Alpha,5.118765574767342
13,vs_s,60,Alpha,0.34422468508384385
13,vs_s,2,Beta,0.694597417804762
13,vs_s,3,Beta,0.35808180858732674
13,vs_s,4,Beta,0.28816084754785776
13,vs_s,5,Beta,3.851808810808696
13,vs_s,6,Beta,3.399877497837724
13,vs_s,7,Beta,1.8371634503605174
13,vs_s,8,Beta,2.5194856506267573
13,vs_s,9,Beta,4.970298874297719
13,vs_s,10,Beta,5.273100053640366
13,vs_s,11,Beta,0.4744220008032794
13,vs_s,12,Beta,0.4830363577949613
13,vs_s,13,Beta,0.8229516188421128
13,vs_s,14,Beta,0.9094044718505097
13,vs_s,15,Beta,6.212531505951502
13,vs_s,16,Beta,0.5909739429737034
13,vs_s,17,Beta,5.295331237091446
13,vs_s,18,Beta,4.520452995597676
13,vs_s,19,Beta,2.532794891414418
13,vs_s,20,Beta,0.11557484744390095
13,vs_s,21,Beta,5.926870168874056
13,vs_s,22,Beta,0.16544099482890212
13,vs_s,23,Beta,5.507937129749424
13,vs_s,24,Beta,5.49720240876071
13,vs_s,25,Beta,0.07213768200113654
13,vs_s,26,Beta,3.296066059929152
13,vs_s,27,Beta,0.12550625647352104
13,vs_s,28,Beta,4.8075127068018
13,vs_s,29,Beta,0.41084897817806826
13,vs_s,30,Beta,5.391492447785819
13,vs_s,31,Beta,1.793449878234584
13,vs_s,32,Beta,0.7506864791087866
13,vs_s,33,Beta,0.47699742055086053
13,vs_s,34,Beta,0.6495577684496002
13,vs_s,35,Beta,5.646242988794375
13,vs_s,36,Beta,4.862166577258796
13,vs_s,37,Beta,0.7684929777764389
13,vs_s,38,Beta,2.4576037366424734
13,vs_s,39,Beta,0.11454194066732575
13,vs_s,40,Beta,3.22933368783406
13,vs_s,41,Beta,2.8521956126103016
13,vs_s,42,Beta,3.399590379682123
13,vs_s,43,Beta,3.658637075373261
13,vs_s,44,Beta,2.6680497210337037
13,vs_s,45,Beta,6.05165153247057
13,vs_s,46,Beta,4.921606058671274
13,vs_s,47,Beta,2.7566096279643912
13,vs_s,48,Beta,6.158657575307598
13,vs_s,49,Beta,1.9505804988758466
13,vs_s,50,Beta,5.719545090841929
13,vs_s,51,Beta,3.89981448637548
13,vs_s,52,Beta,3.349333079293057
13,vs_s,53,Beta,1.1093715821333343
13,vs_s,54,Beta,0.6114920778626077
13,vs_s,55,Beta,5.194570809948212
13,vs_s,56,Beta,3.2326809067794287
13,vs_s,57,Beta,3.544997860750504
13,vs_s,59,Beta,3.2611775626346744
13,vs_s,60,Beta,4.348077337576983
13,is_s,1,Delta,0.7313409037783702
13,is_s,2,Delta,3.5030377291149475
13,is_s,3,Delta,2.8133313043698824
13,is_s,4,Delta,4.974550339275562
13,is_s,5,Delta,1.0021907541087822
13,is_s,6,Delta,2.1350477064454765
13,is_s,7,Delta,2.6359560399784865
13,is_s,8,Delta,5.209039954829081
13,is_s,9,Delta,2.2486624020525614
13,is_s,10,Delta,5.737269904594077
13,is_s,11,Delta,0.9320312210205483
13,is_s,12,Delta,0.9924520941415593
13,is_s,13,Delta,3.0682523702635387
13,is_s,14,Delta,0.9621628793020436
13,is_s,15,Delta,1.3624367462548805
13,is_s,16,Delta,5.325839870559255
13,is_s,17,Delta,4.371738507803459
13,is_s,18,Delta,3.5494393895155465
13,is_s,19,Delta,3.359531877797333
13,is_s,20,Delta,2.641697467928586
13,is_s,21,Delta,4.538554929698975
13,is_s,22,Delta,3.610329340343322
13,is_s,23,Delta,6.0387298016954984
13,is_s,24,Delta,0.25212419166672706
13,is_s,25,Delta,1.3420465754240465
13,is_s,26,Delta,5.715198508462675
13,is_s,28,Delta,2.107855952142614
13,is_s,29,Delta,3.2261241132860032
13,is_s,30,Delta,6.273326182463717
13,is_s,31,Delta,4.069601937481133
13,is_s,32,Delta,1.655089195656538
13,is_s,33,Delta,1.7648045878491043
13,is_s,34,Delta,6.139529808884795
13,is_s,35,Delta,1.0109320350575528
13,is_s,36,Delta,1.2820241841399465
13,is_s,37,Delta,1.3083666090162354
13,is_s,38,Delta,0.7621230724789354
13,is_s,39,Delta,6.21561615817613
13,is_s,40,Delta,5.427631555830518
13,is_s,41,Delta,1.8121853852461063
13,is_s,42,Delta,3.446836647447953
13,is_s,43,Delta,2.5623202613238014
13,is_s,44,Delta,4.344366076965066
13,is_s,45,Delta,1.92282026885577
13,is_s,46,Delta,4.11924331552483
13,is_s,47,Delta,4.864216055807671
13,is_s,48,Delta,5.615256711673078
13,is_s,49,Delta,4.610726764047875
13,is_s,50,Delta,3.56491902688814
13,is_s,51,Delta,2.4693605288589597
13,is_s,52,Delta,0.6697724052171065
13,is_s,53,Delta,1.762623386982954
13,is_s,54,Delta,2.8555431840936434
13,is_s,55,Delta,1.0817470717540176
13,is_s,56,Delta,4.7683975524733855
13,is_s,57,Delta,0.7968777373569597
13,is_s,58,Delta,1.060268082014248
13,is_s,59,Delta,1.2188638274858055
13,is_s,60,Delta,3.289477785295412
13,is_s,1,Theta,5.99711331537177
13,is_s,2,Theta,3.922007316215275
13,is_s,3,Theta,3.796968139854799
13,is_s,4,Theta,5.296949470078378
13,is_s,5,Theta,4.502186266409864
13,is_s,6,Theta,2.9970757731623605
13,is_s,7,Theta,4.25498382331126
13,is_s,8,Theta,4.251142535922571
13,is_s,9,Theta,2.4969513661343363
13,is_s,10,Theta,1.1429759058065556
13,is_s,11,Theta,1.8292914381443195
13,is_s,12,Theta,0.2048984108898344
13,is_s,13,Theta,3.652180076422291
13,is_s,14,Theta,0.3973918147315834
13,is_s,15,Theta,0.262647792912517
13,is_s,16,Theta,4.983941029746773
13,is_s,17,Theta,3.1350170949512335
13,is_s,18,Theta,5.489618202973215
13,is_s,19,Theta,2.790202192753253
13,is_s,20,Theta,4.988292564597735
13,is_s,21,Theta,3.757358863803476
13,is_s,22,Theta,4.406408787145619
13,is_s,23,Theta,6.244971274712195
13,is_s,24,Theta,5.669713698491638
13,is_s,25,Theta,1.7740028506240986
13,is_s,26,Theta,5.6087219585635015
13,is_s,28,Theta,2.2114620684491326
13,is_s,29,Theta,4.121675910157255
13,is_s,30,Theta,5.410985282867957
13,is_s,31,Theta,3.9653110388022936
13,is_s,32,Theta,6.015601679615272
13,is_s,33,Theta,2.081500745918269
13,is_s,34,Theta,6.147004213614468
13,is_s,35,Theta,0.5229637262600102
13,is_s,36,Theta,6.126467877662709
13,is_s,37,Theta,0.17651147061463773
13,is_s,38,Theta,0.9587737834717653
13,is_s,39,Theta,6.0572207754160114
13,is_s,40,Theta,6.2322767600532805
13,is_s,41,Theta,0.9955671831559295
13,is_s,42,Theta,3.1269590040889317
13,is_s,43,Theta,3.5443946089287923
13,is_s,44,Theta,4.1721409931815945
13,is_s,45,Theta,1.717474723787678
13,is_s,46,Theta,1.461899529017292
13,is_s,47,Theta,0.0479575785158901
13,is_s,48,Theta,0.026675483283887105
13,is_s,49,Theta,1.0498342819462265
13,is_s,50,Theta,3.656394380624329
13,is_s,51,Theta,1.4066482532819684
13,is_s,52,Theta,5.659523759364545
13,is_s,53,Theta,1.6234447920669985
13,is_s,54,Theta,4.541805554240402
13,is_s,55,Theta,0.874057949041366
13,is_s,56,Theta,0.754128321185504
13,is_s,57,Theta,5.942586426596276
13,is_s,58,Theta,5.572270229439917
13,is_s,59,Theta,0.38117574976385504
13,is_s,60,Theta,3.8589411232268787
13,is_s,1,Alpha,6.097167273828509
13,is_s,2,Alpha,4.63740138222206
13,is_s,3,Alpha,2.899910343995674
13,is_s,4,Alpha,2.7849625179113513
13,is_s,5,Alpha,4.903802349107003
13,is_s,6,Alpha,4.406046618227624
13,is_s,7,Alpha,5.227007773591322
13,is_s,8,Alpha,3.518288289642175
13,is_s,9,Alpha,3.472311626427355
13,is_s,10,Alpha,2.1540701801883
13,is_s,11,Alpha,4.555429654084332
13,is_s,12,Alpha,0.08390359514185977
13,is_s,13,Alpha,4.017321202877238
13,is_s,14,Alpha,5.867753055451165
13,is_s,15,Alpha,5.882190178464018
13,is_s,16,Alpha,2.6581066038246073
13,is_s,17,Alpha,5.915327142469216
13,is_s,18,Alpha,5.494840353110971
13,is_s,19,Alpha,2.9422756404314394
13,is_s,20,Alpha,5.568192407610377
13,is_s,21,Alpha,2.7220229246974244
13,is_s,22,Alpha,4.9485106697106644
13,is_s,23,Alpha,0.012235260583456151
13,is_s,24,Alpha,3.826258576179289
13,is_s,25,Alpha,1.6557634066555864
13,is_s,26,Alpha,5.076851655951743
13,is_s,28,Alpha,3.3883564607386
13,is_s,29,Alpha,3.4684074239369327
13,is_s,30,Alpha,1.6209643055231577
13,is_s,31,Alpha,3.9761182725102895
13,is_s,32,Alpha,4.590125829746279
13,is_s,33,Alpha,3.0024156090336582
13,is_s,34,Alpha,3.352737192966399
13,is_s,35,Alpha,5.252434605982546
13,is_s,36,Alpha,5.142041629490118
13,is_s,37,Alpha,0.5941278089680926
13,is_s,38,Alpha,1.592765673811214
13,is_s,39,Alpha,5.627951300083539
13,is_s,40,Alpha,5.47035790319446
13,is_s,41,Alpha,4.85999629310991
13,is_s,42,Alpha,0.5461369845484235
13,is_s,43,Alpha,4.20874493235629
13,is_s,44,Alpha,3.792414139111628
13,is_s,45,Alpha,1.8792627115522422
13,is_s,46,Alpha,4.73104040501153
13,is_s,47,Alpha,5.342846987940921
13,is_s,48,Alpha,4.838302274563178
13,is_s,49,Alpha,1.3088447800947625
13,is_s,50,Alpha,5.756852427679347
13,is_s,51,Alpha,1.2679240837438734
13,is_s,52,Alpha,0.1314906006584577
13,is_s,53,Alpha,3.6183377082138315
13,is_s,54,Alpha,3.3676738365500314
13,is_s,55,Alpha,2.984136623308683
13,is_s,56,Alpha,5.588325359997664
13,is_s,57,Alpha,4.599178050082858
13,is_s,58,Alpha,5.778969731222103
13,is_s,59,Alpha,4.759074071490842
13,is_s,60,Alpha,4.258675723338328
13,is_s,1,Beta,4.053130434398932
13,is_s,2,Beta,1.9818596246214744
13,is_s,3,Beta,3.404723736550417
13,is_s,4,Beta,2.337901722567509
13,is_s,5,Beta,4.837707585795543
13,is_s,6,Beta,3.717875446196126
13,is_s,7,Beta,5.529277295233082
13,is_s,8,Beta,4.622501909549845
13,is_s,9,Beta,5.238968752950107
13,is_s,10,Beta,4.766793261642814
13,is_s,11,Beta,5.143792051708043
13,is_s,12,Beta,5.312226540487609
13,is_s,13,Beta,5.144990858423199
13,is_s,14,Beta,0.798587274983282
13,is_s,15,Beta,4.514770319233527
13,is_s,16,Beta,0.9980029750665016
13,is_s,17,Beta,5.37607540020531
13,is_s,18,Beta,2.4322673965136254
13,is_s,19,Beta,1.691807520378506
13,is_s,20,Beta,1.0595778114266168
13,is_s,21,Beta,2.7702349354403166
13,is_s,22,Beta,5.122579029104178
13,is_s,23,Beta,0.7899120128900662
13,is_s,24,Beta,0.557971001306022
13,is_s,25,Beta,5.606337354678631
13,is_s,26,Beta,0.2609564803787066
13,is_s,28,Beta,6.21765689091563
13,is_s,29,Beta,6.145436157602598
13,is_s,30,Beta,1.0267513250538356
13,is_s,31,Beta,5.0036320841283715
13,is_s,32,Beta,0.49957351928412513
13,is_s,33,Beta,5.0424034140604475
13,is_s,34,Beta,4.526799160770105
13,is_s,35,Beta,0.4996277615940705
13,is_s,36,Beta,6.114330670701855
13,is_s,37,Beta,5.025918849162838
13,is_s,38,Beta,0.2050198301459355
13,is_s,39,Beta,2.5111352339254207
13,is_s,40,Beta,4.954293842522352
13,is_s,41,Beta,6.234801549054223
13,is_s,42,Beta,5.873492045121283
13,is_s,43,Beta,4.600262655265929
13,is_s,44,Beta,4.534168042090469
13,is_s,45,Beta,4.954009182437557
13,is_s,46,Beta,2.0884598035742163
13,is_s,47,Beta,3.222224858553206
13,is_s,48,Beta,4.51670547801751
13,is_s,49,Beta,3.0131296625535637
13,is_s,50,Beta,5.039181193589174
13,is_s,51,Beta,4.810496363015626
13,is_s,52,Beta,4.87655059086144
13,is_s,53,Beta,4.928497134202431
13,is_s,54,Beta,5.886493946846788
13,is_s,55,Beta,1.9733257199953314
13,is_s,56,Beta,2.086556846332391
13,is_s,57,Beta,4.60996290150735
13,is_s,58,Beta,0.8709903442627852
13,is_s,59,Beta,5.472747115320258
13,is_s,60,Beta,2.913995769750353
14,vs_s,1,Delta,2.0322650662781996
14,vs_s,2,Delta,2.16302967279015
14,vs_s,3,Delta,2.1082756942494787
14,vs_s,4,Delta,1.9556579450333536
14,vs_s,5,Delta,5.898536905004855
14,vs_s,6,Delta,3.9736673819984616
14,vs_s,7,Delta,5.290027145737703
14,vs_s,8,Delta,1.9732643430303638
14,vs_s,9,Delta,1.132228590091026
14,vs_s,10,Delta,2.2633182321812297
14,vs_s,11,Delta,1.4087129289605895
14,vs_s,12,Delta,4.875098570625822
14,vs_s,13,Delta,1.795432249631999
14,vs_s,14,Delta,1.7835254830898448
14,vs_s,15,Delta,1.7801907721850745
14,vs_s,16,Delta,1.387032390055964
14,vs_s,17,Delta,1.5412355115011522
14,vs_s,18,Delta,1.9576979204052363
14,vs_s,19,Delta,0.9798193639264251
14,vs_s,20,Delta,6.128970527490383
14,vs_s,21,Delta,1.9427761809918178
14,vs_s,22,Delta,0.9728167013568333
14,vs_s,23,Delta,0.16894756415318835
14,vs_s,24,Delta,1.7835910473518397
14,vs_s,25,Delta,0.7836576121834555
14,vs_s,26,Delta,1.3526081104989227
14,vs_s,27,Delta,3.3725119324482744
14,vs_s,28,Delta,1.8226216018085608
14,vs_s,29,Delta,4.3815132990738475
14,vs_s,30,Delta,2.078574620552979
14,vs_s,31,Delta,1.8613142911733704
14,vs_s,32,Delta,0.33641528411005905
14,vs_s,33,Delta,2.2295525839814627
14,vs_s,34,Delta,1.9864751734504495
14,vs_s,35,Delta,1.8118922119999399
14,vs_s,36,Delta,1.8747959112157755
14,vs_s,37,Delta,1.9948110097895952
14,vs_s,38,Delta,6.006060631367986
14,vs_s,39,Delta,1.4420739959093654
14,vs_s,40,Delta,2.1644003159643117
14,vs_s,41,Delta,2.6254991284846576
14,vs_s,42,Delta,1.408642882887253
14,vs_s,43,Delta,5.026111677359749
14,vs_s,44,Delta,1.1294780197155156
14,vs_s,45,Delta,2.019436750338659
14,vs_s,46,Delta,0.2740967494932891
14,vs_s,47,Delta,1.0892658640531792
14,vs_s,48,Delta,2.3656703136742863
14,vs_s,49,Delta,1.7431943357111321
14,vs_s,50,Delta,1.2350928616869454
14,vs_s,51,Delta,0.8559151541686615
14,vs_s,52,Delta,3.794037351306531
14,vs_s,53,Delta,1.2968877840467554
14,vs_s,54,Delta,3.5395985741944274
14,vs_s,55,Delta,2.9124759882246547
14,vs_s,56,Delta,0.4970435067377235
14,vs_s,57,Delta,0.09915016039310082
14,vs_s,58,Delta,2.666491961673576
14,vs_s,59,Delta,2.3170182692172414
14,vs_s,60,Delta,1.1368458316341727
14,vs_s,1,Theta,3.7892807364486623
14,vs_s,2,Theta,5.199342429083584
14,vs_s,3,Theta,1.9839506414673482
14,vs_s,4,Theta,1.8055642387357753
14,vs_s,5,Theta,5.202895431205669
14,vs_s,6,Theta,3.844315912813339
14,vs_s,7,Theta,5.332995775849023
14,vs_s,8,Theta,1.8084261226326372
14,vs_s,9,Theta,2.359300144839335
14,vs_s,10,Theta,3.6559358898956007
14,vs_s,11,Theta,1.5329502977917526
14,vs_s,12,Theta,4.274866055183185
14,vs_s,13,Theta,1.3106805823100975
14,vs_s,14,Theta,2.001914227280071
14,vs_s,15,Theta,2.091114863268314
14,vs_s,16,Theta,1.6427229000400274
14,vs_s,17,Theta,1.6082703503957752
14,vs_s,18,Theta,2.1578762857421805
14,vs_s,19,Theta,5.834650895090602
14,vs_s,20,Theta,0.2515687749235832
14,vs_s,21,Theta,1.0707909026789029
14,vs_s,22,Theta,6.038452475409327
14,vs_s,23,Theta,0.40735439294613246
14,vs_s,24,Theta,2.7110322251098617
14,vs_s,25,Theta,0.6887457195650902
14,vs_s,26,Theta,0.0634225362281664
14,vs_s,27,Theta,3.476264542141127
14,vs_s,28,Theta,1.9540255252337275
14,vs_s,29,Theta,4.435136478456531
14,vs_s,30,Theta,1.812637087082998
14,vs_s,31,Theta,0.8027130715573478
14,vs_s,32,Theta,1.8021764636644846
14,vs_s,33,Theta,2.316145223127298
14,vs_s,34,Theta,2.7233693021556293
14,vs_s,35,Theta,5.805950822672517
14,vs_s,36,Theta,2.949519361533846
14,vs_s,37,Theta,2.4567274800807963
14,vs_s,38,Theta,5.892792392587103
14,vs_s,39,Theta,2.1373526167745927
14,vs_s,40,Theta,2.032836491014023
14,vs_s,41,Theta,3.7911870414333673
14,vs_s,42,Theta,5.303625698028733
14,vs_s,43,Theta,4.257425283381535
14,vs_s,44,Theta,4.461764004617217
14,vs_s,45,Theta,2.794014032805653
14,vs_s,46,Theta,0.6675101865205605
14,vs_s,47,Theta,0.9475464899327711
14,vs_s,48,Theta,3.6643337007988768
14,vs_s,49,Theta,1.722061749230353
14,vs_s,50,Theta,4.758398867513875
14,vs_s,51,Theta,1.6704128431797671
14,vs_s,52,Theta,1.4622654208875268
14,vs_s,53,Theta,5.068770132926599
14,vs_s,54,Theta,2.951149175324149
14,vs_s,55,Theta,3.3401055557692905
14,vs_s,56,Theta,0.4814389329410924
14,vs_s,57,Theta,1.6555205346875872
14,vs_s,58,Theta,3.2649677091639986
14,vs_s,59,Theta,2.74239672557868
14,vs_s,60,Theta,0.8683196474304046
14,vs_s,1,Alpha,3.608654481590416
14,vs_s,2,Alpha,5.080813008763447
14,vs_s,3,Alpha,0.7945944376614683
14,vs_s,4,Alpha,2.850604846343653
14,vs_s,5,Alpha,4.5137253056684195
14,vs_s,6,Alpha,3.86039731330461
14,vs_s,7,Alpha,4.568692893293534
14,vs_s,8,Alpha,1.5101160429317937
14,vs_s,9,Alpha,3.0742678052229824
14,vs_s,10,Alpha,4.2807966111309526
14,vs_s,11,Alpha,2.937087017900174
14,vs_s,12,Alpha,3.815756573484044
14,vs_s,13,Alpha,1.9154153484572216
14,vs_s,14,Alpha,0.6302669994042337
14,vs_s,15,Alpha,3.34235483367271
14,vs_s,16,Alpha,0.947718298760112
14,vs_s,17,Alpha,4.77861932351867
14,vs_s,18,Alpha,3.218816433539736
14,vs_s,19,Alpha,3.800750083701657
14,vs_s,20,Alpha,1.5812003914794104
14,vs_s,21,Alpha,6.201931389797224
14,vs_s,22,Alpha,0.7802856348503997
14,vs_s,23,Alpha,0.8469952982539194
14,vs_s,24,Alpha,4.001288495652535
14,vs_s,25,Alpha,1.1690167586559124
14,vs_s,26,Alpha,0.22474150736818616
14,vs_s,27,Alpha,4.443089163432168
14,vs_s,28,Alpha,5.544439769333838
14,vs_s,29,Alpha,3.054950237479032
14,vs_s,30,Alpha,2.3385268344082024
14,vs_s,31,Alpha,0.5907895775025551
14,vs_s,32,Alpha,1.5458605850407514
14,vs_s,33,Alpha,2.164811464713278
14,vs_s,34,Alpha,3.248913831374446
14,vs_s,35,Alpha,5.249778318996985
14,vs_s,36,Alpha,5.438350548711043
14,vs_s,37,Alpha,4.935013728912893
14,vs_s,38,Alpha,0.5760617487107239
14,vs_s,39,Alpha,3.4961447686741236
14,vs_s,40,Alpha,1.6898174473031533
14,vs_s,41,Alpha,2.357730044437106
14,vs_s,42,Alpha,5.345882532207539
14,vs_s,43,Alpha,3.925275576747807
14,vs_s,44,Alpha,4.6793957566887
14,vs_s,45,Alpha,5.793940049576366
14,vs_s,46,Alpha,4.275481964839985
14,vs_s,47,Alpha,1.2587509899810143
14,vs_s,48,Alpha,3.5620397238992934
14,vs_s,49,Alpha,1.5098712696004566
14,vs_s,50,Alpha,2.7294693292973307
14,vs_s,51,Alpha,2.8231070616355254
14,vs_s,52,Alpha,0.6535969231554283
14,vs_s,53,Alpha,5.115437937510561
14,vs_s,54,Alpha,3.7303003359280207
14,vs_s,55,Alpha,3.025649280858802
14,vs_s,56,Alpha,5.2779426340482285
14,vs_s,57,Alpha,2.032614824083085
14,vs_s,58,Alpha,2.6643979449961073
14,vs_s,59,Alpha,2.639451400698658
14,vs_s,60,Alpha,0.41971159571927413
14,vs_s,1,Beta,0.022471005000318678
14,vs_s,2,Beta,1.4860758899020396
14,vs_s,3,Beta,2.1566294905500216
14,vs_s,4,Beta,1.8244083432281495
14,vs_s,5,Beta,4.8358429800883
14,vs_s,6,Beta,2.3252019308949987
14,vs_s,7,Beta,4.087566060709435
14,vs_s,8,Beta,3.2578212477407105
14,vs_s,9,Beta,4.083267540047409
14,vs_s,10,Beta,3.3921050243605766
14,vs_s,11,Beta,4.5469771018137575
14,vs_s,12,Beta,5.2386181413506545
14,vs_s,13,Beta,5.873207790240062
14,vs_s,14,Beta,2.1860761410334786
14,vs_s,15,Beta,4.146147083682505
14,vs_s,16,Beta,1.812339335292388
14,vs_s,17,Beta,5.3506905386523
14,vs_s,18,Beta,4.912259275201594
14,vs_s,19,Beta,5.634370596486482
14,vs_s,20,Beta,3.400318302911359
14,vs_s,21,Beta,4.406543394806203
14,vs_s,22,Beta,2.5170850139004175
14,vs_s,23,Beta,3.9189709054070923
14,vs_s,24,Beta,3.495062932285613
14,vs_s,25,Beta,2.6697352362008275
14,vs_s,26,Beta,5.629564698957176
14,vs_s,27,Beta,4.6619467109650845
14,vs_s,28,Beta,1.4439059892346924
14,vs_s,29,Beta,3.1231464650359233
14,vs_s,30,Beta,2.6807240716969023
14,vs_s,31,Beta,4.222036879065007
14,vs_s,32,Beta,2.9156165726489833
14,vs_s,33,Beta,3.749151120872865
14,vs_s,34,Beta,4.490822904871877
14,vs_s,35,Beta,6.239346965641843
14,vs_s,36,Beta,0.3134236047379455
14,vs_s,37,Beta,4.286502574570082
14,vs_s,38,Beta,0.8512170811669911
14,vs_s,39,Beta,4.196269039798972
14,vs_s,40,Beta,0.8765483786191487
14,vs_s,41,Beta,3.4168216135158658
14,vs_s,42,Beta,5.502666167290356
14,vs_s,43,Beta,0.6798620538210378
14,vs_s,44,Beta,4.580325504248984
14,vs_s,45,Beta,4.978534880536396
14,vs_s,46,Beta,3.2332950323157568
14,vs_s,47,Beta,5.747943200680422
14,vs_s,48,Beta,4.331238986778699
14,vs_s,49,Beta,5.995318878006872
14,vs_s,50,Beta,0.2333871374809099
14,vs_s,51,Beta,1.9348530358347509
14,vs_s,52,Beta,3.5371455670896133
14,vs_s,53,Beta,2.097501877799014
14,vs_s,54,Beta,5.334946442600363
14,vs_s,55,Beta,5.7357816106155415
14,vs_s,56,Beta,5.990042763394849
14,vs_s,57,Beta,2.015778743201697
14,vs_s,58,Beta,3.55979465117771
14,vs_s,59,Beta,4.692538238583502
14,vs_s,60,Beta,4.18940611429306
14,is_s,1,Delta,4.56438188257121
14,is_s,2,Delta,1.1080877543881287
14,is_s,3,Delta,1.6979340482500955
14,is_s,4,Delta,0.8944460244934799
14,is_s,5,Delta,0.6243345762575878
14,is_s,6,Delta,0.30257522377755597
14,is_s,7,Delta,5.781400850920446
14,is_s,8,Delta,1.9346062679452094
14,is_s,9,Delta,1.6025284956492138
14,is_s,10,Delta,1.064508016848318
14,is_s,11,Delta,2.1157897980487905
14,is_s,12,Delta,0.42139188939270567
14,is_s,13,Delta,2.1659762016119006
14,is_s,14,Delta,0.6828863870409589
14,is_s,15,Delta,0.9821900119927538
14,is_s,16,Delta,4.175640310265154
14,is_s,17,Delta,0.5757064394725735
14,is_s,18,Delta,4.283119136873333
14,is_s,19,Delta,4.9371764519315695
14,is_s,20,Delta,0.24292368757894056
14,is_s,21,Delta,0.47866498440506466
14,is_s,22,Delta,0.5399141704724163
14,is_s,24,Delta,3.359639725372164
14,is_s,25,Delta,0.9839740715965299
14,is_s,26,Delta,1.7338312581969944
14,is_s,27,Delta,5.852317278826235
14,is_s,28,Delta,0.9904785753735735
14,is_s,29,Delta,5.212582989478605
14,is_s,30,Delta,1.2732198130614591
14,is_s,31,Delta,0.8860130906348656
14,is_s,32,Delta,2.401079981462403
14,is_s,33,Delta,1.400114907411412
14,is_s,34,Delta,2.065820154951109
14,is_s,35,Delta,1.3490299839797824
14,is_s,36,Delta,1.501093904485675
14,is_s,37,Delta,1.4296762405134862
14,is_s,38,Delta,2.3674489965497862
14,is_s,40,Delta,2.1756341572989126
14,is_s,41,Delta,4.206845461616053
14,is_s,42,Delta,2.1383936056354633
14,is_s,43,Delta,1.9670647769586054
14,is_s,44,Delta,1.1437474630675435
14,is_s,45,Delta,1.4607026886220196
14,is_s,46,Delta,5.886446591430195
14,is_s,47,Delta,2.18853390833668
14,is_s,48,Delta,3.6677629568121097
14,is_s,49,Delta,1.7295660500576129
14,is_s,50,Delta,1.5834358350187292
14,is_s,51,Delta,3.6208223770028867
14,is_s,52,Delta,2.316035722822889
14,is_s,53,Delta,5.333994742751422
14,is_s,54,Delta,2.8401649582629003
14,is_s,55,Delta,0.22417620243064096
14,is_s,56,Delta,2.406676781308684
14,is_s,57,Delta,1.882953211007484
14,is_s,58,Delta,5.676121735504528
14,is_s,59,Delta,1.601094962676321
14,is_s,60,Delta,1.1837712705809984
14,is_s,1,Theta,4.66265407691936
14,is_s,2,Theta,0.1761363509189661
14,is_s,3,Theta,1.4718736546056816
14,is_s,4,Theta,0.5261159172844188
14,is_s,5,Theta,1.9382972225566053
14,is_s,6,Theta,5.514789882667687
14,is_s,7,Theta,5.393966411828921
14,is_s,8,Theta,1.9924304002804818
14,is_s,9,Theta,2.120784051844128
14,is_s,10,Theta,1.1425866272240173
14,is_s,11,Theta,3.2775021403807916
14,is_s,12,Theta,0.757789282921161
14,is_s,13,Theta,1.4459381970533889
14,is_s,14,Theta,5.523863090642182
14,is_s,15,Theta,0.24906732795902514
14,is_s,16,Theta,3.8572556956103297
14,is_s,17,Theta,5.870998229628152
14,is_s,18,Theta,2.542102945649615
14,is_s,19,Theta,4.324702248247854
14,is_s,20,Theta,5.676035933474192
14,is_s,21,Theta,0.7141320413259894
14,is_s,22,Theta,4.531755081043376
14,is_s,24,Theta,4.164079407857183
14,is_s,25,Theta,3.28596286713901
14,is_s,26,Theta,1.0407304110104068
14,is_s,27,Theta,0.2188801511722677
14,is_s,28,Theta,4.9966095512260065
14,is_s,29,Theta,5.056418530999755
14,is_s,30,Theta,0.7489027164906331
14,is_s,31,Theta,0.3853672217765464
14,is_s,32,Theta,3.169927617364782
14,is_s,33,Theta,1.2095569623537468
14,is_s,34,Theta,2.5302588275617754
14,is_s,35,Theta,5.8593111352510725
14,is_s,36,Theta,0.9651964522797156
14,is_s,37,Theta,0.4728307348527432
14,is_s,38,Theta,2.9424394405949754
14,is_s,40,Theta,2.8472705022788536
14,is_s,41,Theta,4.199105927798773
14,is_s,42,Theta,3.975924355694634
14,is_s,43,Theta,2.254495705949972
14,is_s,44,Theta,6.105533825673988
14,is_s,45,Theta,1.2585558842864024
14,is_s,46,Theta,1.1344633178642154
14,is_s,47,Theta,3.6124973055642933
14,is_s,48,Theta,4.372683328515376
14,is_s,49,Theta,2.7048790511317495
14,is_s,50,Theta,0.9768378181172404
14,is_s,51,Theta,4.206263144345062
14,is_s,52,Theta,2.666491954095264
14,is_s,53,Theta,5.215109796585189
14,is_s,54,Theta,2.7180711118469367
14,is_s,55,Theta,0.4104354954986568
14,is_s,56,Theta,2.4615251690980684
14,is_s,57,Theta,3.7070717044495
14,is_s,58,Theta,4.491763042412518
14,is_s,59,Theta,2.634264715401681
14,is_s,60,Theta,0.5629927482624589
14,is_s,1,Alpha,1.469986919615248
14,is_s,2,Alpha,5.789362880524717
14,is_s,3,Alpha,0.4450056379222853
14,is_s,4,Alpha,1.8139897390298592
14,is_s,5,Alpha,3.3180370173010725
14,is_s,6,Alpha,2.8730197491446723
14,is_s,7,Alpha,2.510255380455925
14,is_s,8,Alpha,1.8138712018097722
14,is_s,9,Alpha,3.7715376959115585
14,is_s,10,Alpha,1.1058269167837633
14,is_s,11,Alpha,0.7762610409476293
14,is_s,12,Alpha,1.5525599366500586
14,is_s,13,Alpha,0.03527316042579445
14,is_s,14,Alpha,4.7505028121128845
14,is_s,15,Alpha,5.343436390143204
14,is_s,16,Alpha,2.153576119400335
14,is_s,17,Alpha,0.35196749412792433
14,is_s,18,Alpha,3.303693370536372
14,is_s,19,Alpha,3.451891953554974
14,is_s,20,Alpha,4.182122988462404
14,is_s,21,Alpha,1.6643271942924909
14,is_s,22,Alpha,3.2837103570526907
14,is_s,24,Alpha,4.192285115621009
14,is_s,25,Alpha,3.103100653172023
14,is_s,26,Alpha,0.07635034814244734
14,is_s,27,Alpha,1.3652369333131162
14,is_s,28,Alpha,3.8324578556991584
14,is_s,29,Alpha,5.942523794870819
14,is_s,30,Alpha,0.9446451400333855
14,is_s,31,Alpha,1.95119677600029
14,is_s,32,Alpha,3.2805626652086817
14,is_s,33,Alpha,4.602467768670512
14,is_s,34,Alpha,3.1816577611289425
14,is_s,35,Alpha,6.200390352521702
14,is_s,36,Alpha,0.6961017812689745
14,is_s,37,Alpha,0.4482791227112863
14,is_s,38,Alpha,3.0515597148765177
14,is_s,40,Alpha,3.531661933928291
14,is_s,41,Alpha,4.227269984095036
14,is_s,42,Alpha,5.216671875825649
14,is_s,43,Alpha,2.743174390066442
14,is_s,44,Alpha,4.741048434636224
14,is_s,45,Alpha,1.6220076571250515
14,is_s,46,Alpha,1.3676409485438146
14,is_s,47,Alpha,4.3223424647139845
14,is_s,48,Alpha,4.481747528935476
14,is_s,49,Alpha,4.615936082682678
14,is_s,50,Alpha,4.707345297220092
14,is_s,51,Alpha,4.323180008589328
14,is_s,52,Alpha,2.3653931251546245
14,is_s,53,Alpha,3.010997229900583
14,is_s,54,Alpha,5.767766484222616
14,is_s,55,Alpha,0.8536465677204986
14,is_s,56,Alpha,2.814278732647275
14,is_s,57,Alpha,4.640150123204548
14,is_s,58,Alpha,2.7860237839592443
14,is_s,59,Alpha,4.5255085600348455
14,is_s,60,Alpha,0.7359345924509292
14,is_s,1,Beta,0.715878427877735
14,is_s,2,Beta,5.6885903505501165
14,is_s,3,Beta,4.134371766065205
14,is_s,4,Beta,4.869425913752009
14,is_s,5,Beta,1.4058136905291676
14,is_s,6,Beta,0.5683027924077387
14,is_s,7,Beta,4.5550316815346505
14,is_s,8,Beta,2.881557388908036
14,is_s,9,Beta,5.382189545639325
14,is_s,10,Beta,4.584091315582883
14,is_s,11,Beta,3.132419787525965
14,is_s,12,Beta,5.758339202198874
14,is_s,13,Beta,5.344671108378031
14,is_s,14,Beta,3.802240531838716
14,is_s,15,Beta,0.5108498090733702
14,is_s,16,Beta,2.716384202346848
14,is_s,17,Beta,2.09007199327727
14,is_s,18,Beta,3.7476005399489356
14,is_s,19,Beta,2.1047963673031225
14,is_s,20,Beta,1.1238320383085274
14,is_s,21,Beta,5.298100474279629
14,is_s,22,Beta,4.139177892798989
14,is_s,24,Beta,5.2028386293473075
14,is_s,25,Beta,4.373400702827305
14,is_s,26,Beta,0.2945605827922821
14,is_s,27,Beta,1.4765060027612114
14,is_s,28,Beta,1.679920037287301
14,is_s,29,Beta,2.7540611004646967
14,is_s,30,Beta,0.3084597180857756
14,is_s,31,Beta,2.1619587409159053
14,is_s,32,Beta,1.3896191399758244
14,is_s,33,Beta,4.8679667467507866
14,is_s,34,Beta,4.250853777025607
14,is_s,35,Beta,4.166933277335341
14,is_s,36,Beta,6.217296148791914
14,is_s,37,Beta,4.365405147240977
14,is_s,38,Beta,5.05644823297669
14,is_s,40,Beta,0.13924557249779065
14,is_s,41,Beta,2.895591093895761
14,is_s,42,Beta,5.180022698907792
14,is_s,43,Beta,3.076821679519609
14,is_s,44,Beta,6.2794697400638
14,is_s,45,Beta,2.0451805564731362
14,is_s,46,Beta,1.572644815859989
14,is_s,47,Beta,3.8031187056496654
14,is_s,48,Beta,3.1191458452547303
14,is_s,49,Beta,5.475807867683589
14,is_s,50,Beta,3.0359971677161064
14,is_s,51,Beta,0.37459700094144655
14,is_s,52,Beta,2.3739744443853623
14,is_s,53,Beta,4.97692359978607
14,is_s,54,Beta,3.812234862883823
14,is_s,55,Beta,0.861589238969595
14,is_s,56,Beta,2.378160995518316
14,is_s,57,Beta,2.8197423733367897
14,is_s,58,Beta,1.7807924985408137
14,is_s,59,Beta,4.449142906166033
14,is_s,60,Beta,5.96383070447624
15,is_s,1,Delta,1.9977725894036207
15,is_s,2,Delta,3.5354949467020904
15,is_s,3,Delta,2.968043135791055
15,is_s,4,Delta,1.2673247755661967
15,is_s,5,Delta,5.1604218890680364
15,is_s,6,Delta,5.5440396252465955
15,is_s,7,Delta,1.2399951625164476
15,is_s,8,Delta,5.280752261253278
15,is_s,9,Delta,1.6931058120562152
15,is_s,10,Delta,1.293300618733314
15,is_s,11,Delta,4.425685698414239
15,is_s,12,Delta,4.591972533528704
15,is_s,13,Delta,4.58147045383899
15,is_s,14,Delta,4.061014797628314
15,is_s,15,Delta,2.2783980362241776
15,is_s,16,Delta,4.259176184931554
15,is_s,17,Delta,5.257988414494482
15,is_s,18,Delta,2.823647940817431
15,is_s,19,Delta,0.7081749672922817
15,is_s,21,Delta,4.862909277879254
15,is_s,22,Delta,1.2756445402769352
15,is_s,23,Delta,4.329171016457211
15,is_s,24,Delta,6.067556741151686
15,is_s,25,Delta,4.236168783191849
15,is_s,26,Delta,0.46760497044959726
15,is_s,27,Delta,0.8686334593781508
15,is_s,28,Delta,1.9852753113515136
15,is_s,29,Delta,5.591387064131936
15,is_s,30,Delta,4.772680905293099
15,is_s,31,Delta,5.271449491461709
15,is_s,32,Delta,4.999858517202749
15,is_s,33,Delta,1.9002161621851605
15,is_s,34,Delta,5.620399631890545
15,is_s,35,Delta,3.5656128993701444
15,is_s,36,Delta,4.75130637375865
15,is_s,37,Delta,2.9711155726145533
15,is_s,38,Delta,4.723714479075388
15,is_s,39,Delta,1.8249767972841275
15,is_s,40,Delta,5.170001471906932
15,is_s,41,Delta,3.28406887207687
15,is_s,42,Delta,1.1269120107929584
15,is_s,43,Delta,4.560816595093666
15,is_s,44,Delta,4.699646731332372
15,is_s,45,Delta,1.0690430829547768
15,is_s,46,Delta,4.866261061023465
15,is_s,47,Delta,5.053756296073326
15,is_s,48,Delta,2.6777826272636878
15,is_s,49,Delta,3.6459567848703065
15,is_s,50,Delta,0.3172050789722132
15,is_s,51,Delta,1.7000178231151095
15,is_s,52,Delta,1.8383057470908273
15,is_s,53,Delta,5.247761771916382
15,is_s,54,Delta,0.5132225822555393
15,is_s,55,Delta,4.858693961000751
15,is_s,56,Delta,4.6055749722821675
15,is_s,57,Delta,4.018338291509487
15,is_s,58,Delta,0.961420947400052
15,is_s,59,Delta,0.35219573122519493
15,is_s,60,Delta,5.027651577325017
15,is_s,1,Theta,2.861837466388059
15,is_s,2,Theta,1.9411362565789527
15,is_s,3,Theta,2.80562160918409
15,is_s,4,Theta,0.9389802937391651
15,is_s,5,Theta,5.632141944967765
15,is_s,6,Theta,6.25089314551452
15,is_s,7,Theta,1.046060117124889
15,is_s,8,Theta,4.973413331399959
15,is_s,9,Theta,3.8087104411510806
15,is_s,10,Theta,4.49336270883915
15,is_s,11,Theta,5.268846472138216
15,is_s,12,Theta,3.719702414524587
15,is_s,13,Theta,3.9864815597380194
15,is_s,14,Theta,3.2647727596489187
15,is_s,15,Theta,3.0459036796585104
15,is_s,16,Theta,1.8789847110683926
15,is_s,17,Theta,5.535786098463198
15,is_s,18,Theta,3.2509904540194836
15,is_s,19,Theta,3.2569939167729496
15,is_s,21,Theta,4.397617581048268
15,is_s,22,Theta,0.8378202968740551
15,is_s,23,Theta,4.677877503081353
15,is_s,24,Theta,3.0498115114395983
15,is_s,25,Theta,3.46664791923875
15,is_s,26,Theta,4.635513346387625
15,is_s,27,Theta,4.01401441842362
15,is_s,28,Theta,4.242826503551144
15,is_s,29,Theta,5.5348221169199325
15,is_s,30,Theta,5.383576684114098
15,is_s,31,Theta,5.891897970743827
15,is_s,32,Theta,6.262379549485159
15,is_s,33,Theta,2.916713825336684
15,is_s,34,Theta,6.15556189405717
15,is_s,35,Theta,3.6628565161264888
15,is_s,36,Theta,4.3505574099116755
15,is_s,37,Theta,3.477155101739728
15,is_s,38,Theta,4.167145275568162
15,is_s,39,Theta,4.17619897913935
15,is_s,40,Theta,6.020508228698372
15,is_s,41,Theta,3.9929461234061128
15,is_s,42,Theta,1.248778825300191
15,is_s,43,Theta,3.983892329039309
15,is_s,44,Theta,2.692200383637878
15,is_s,45,Theta,0.2792739867830515
15,is_s,46,Theta,2.0559510659836584
15,is_s,47,Theta,5.690999147854981
15,is_s,48,Theta,1.4476278235696354
15,is_s,49,Theta,3.3726820305079976
15,is_s,50,Theta,6.276696212162644
15,is_s,51,Theta,0.8024482192018331
15,is_s,52,Theta,1.6496257291725585
15,is_s,53,Theta,5.398217013286954
15,is_s,54,Theta,3.412646822807396
15,is_s,55,Theta,3.5522929539764956
15,is_s,56,Theta,3.2052744688881463
15,is_s,57,Theta,4.039911746194002
15,is_s,58,Theta,4.097889927305804
15,is_s,59,Theta,2.366211977059012
15,is_s,60,Theta,4.2516534892939255
15,is_s,1,Alpha,3.5799204656932946
15,is_s,2,Alpha,6.07663262606821
15,is_s,3,Alpha,5.842093903297954
15,is_s,4,Alpha,1.0038837371654585
15,is_s,5,Alpha,0.32813524392847315
15,is_s,6,Alpha,6.265446516006993
15,is_s,7,Alpha,5.911837245951001
15,is_s,8,Alpha,4.878496187543286
15,is_s,9,Alpha,4.278607630263536
15,is_s,10,Alpha,4.772065863696651
15,is_s,11,Alpha,5.816672471005967
15,is_s,12,Alpha,0.9801292736394085
15,is_s,13,Alpha,6.030408275887263
15,is_s,14,Alpha,1.905649761298695
15,is_s,15,Alpha,2.114657396421595
15,is_s,16,Alpha,0.8953367427391722
15,is_s,17,Alpha,5.3389373506258275
15,is_s,18,Alpha,5.060920022436138
15,is_s,19,Alpha,1.8597341698594474
15,is_s,21,Alpha,3.360142889877472
15,is_s,22,Alpha,2.8446458185131367
15,is_s,23,Alpha,1.7641345359043576
15,is_s,24,Alpha,3.8373639084370197
15,is_s,25,Alpha,3.063904332649727
15,is_s,26,Alpha,4.4384285672489945
15,is_s,27,Alpha,1.8220908545213328
15,is_s,28,Alpha,4.348830363898125
15,is_s,29,Alpha,6.07359234379508
15,is_s,30,Alpha,4.595798088036052
15,is_s,31,Alpha,5.4468127269477336
15,is_s,32,Alpha,5.891578133074919
15,is_s,33,Alpha,3.553144829885853
15,is_s,34,Alpha,5.036953088637764
15,is_s,35,Alpha,1.4179738562739634
15,is_s,36,Alpha,3.2487204187263092
15,is_s,37,Alpha,3.078747311571017
15,is_s,38,Alpha,4.197555092049505
15,is_s,39,Alpha,4.4184288238494105
15,is_s,40,Alpha,5.0108638249576405
15,is_s,41,Alpha,5.089786051139484
15,is_s,42,Alpha,5.954109293959208
15,is_s,43,Alpha,2.4660101778996637
15,is_s,44,Alpha,3.5956540054625816
15,is_s,45,Alpha,0.03521711348972269
15,is_s,46,Alpha,2.824902573400506
15,is_s,47,Alpha,5.495393115078985
15,is_s,48,Alpha,1.4453376468399468
15,is_s,49,Alpha,3.1472215779112394
15,is_s,50,Alpha,5.077858207647862
15,is_s,51,Alpha,0.4886965094014227
15,is_s,52,Alpha,1.4498661319910882
15,is_s,53,Alpha,5.100424131580591
15,is_s,54,Alpha,2.9789516742035715
15,is_s,55,Alpha,2.6242595268811755
15,is_s,56,Alpha,2.142364355188498
15,is_s,57,Alpha,3.7442307084550457
15,is_s,58,Alpha,3.765147225617035
15,is_s,59,Alpha,4.171557413736748
15,is_s,60,Alpha,4.726038984793532
15,is_s,1,Beta,0.20163363243072244
15,is_s,2,Beta,2.698395533632796
15,is_s,3,Beta,0.9547753916160238
15,is_s,4,Beta,3.469491567088997
15,is_s,5,Beta,3.2393094947466965
15,is_s,6,Beta,5.533102999468294
15,is_s,7,Beta,4.8755870076991075
15,is_s,8,Beta,2.10699670580677
15,is_s,9,Beta,2.7212271702394784
15,is_s,10,Beta,5.275611272711227
15,is_s,11,Beta,5.0370897005412685
15,is_s,12,Beta,1.1338794587759409
15,is_s,13,Beta,1.4224252692128718
15,is_s,14,Beta,5.356931027235556
15,is_s,15,Beta,1.3138818695617003
15,is_s,16,Beta,3.1556993716896455
15,is_s,17,Beta,2.988717084737942
15,is_s,18,Beta,4.459676093461327
15,is_s,19,Beta,5.330721436208594
15,is_s,21,Beta,2.4955606677675193
15,is_s,22,Beta,3.961982084431195
15,is_s,23,Beta,1.9920183879406324
15,is_s,24,Beta,1.6918767189730022
15,is_s,25,Beta,1.726847567698602
15,is_s,26,Beta,4.088447525675864
15,is_s,27,Beta,2.9263012683049605
15,is_s,28,Beta,3.3292094785388544
15,is_s,29,Beta,2.268570037215772
15,is_s,30,Beta,0.8917482108648997
15,is_s,31,Beta,5.530706439083355
15,is_s,32,Beta,4.0871110567485935
15,is_s,33,Beta,5.843981432583553
15,is_s,34,Beta,3.6575457495357755
15,is_s,35,Beta,5.891852360154512
15,is_s,36,Beta,0.02968960008822252
15,is_s,37,Beta,1.3528246436083156
15,is_s,38,Beta,2.1130128080985124
15,is_s,39,Beta,3.285759922899749
15,is_s,40,Beta,3.4131960718797854
15,is_s,41,Beta,2.149316495028448
15,is_s,42,Beta,4.697944232069118
15,is_s,43,Beta,4.5043448181215595
15,is_s,44,Beta,4.4197333810504436
15,is_s,45,Beta,5.706389018075942
15,is_s,46,Beta,2.097998398517318
15,is_s,47,Beta,2.5602027938723153
15,is_s,48,Beta,3.986007127846507
15,is_s,49,Beta,2.592679517994085
15,is_s,50,Beta,5.173712671539661
15,is_s,51,Beta,5.648602384941679
15,is_s,52,Beta,6.246074235873296
15,is_s,53,Beta,4.561706106164498
15,is_s,54,Beta,2.6724217336191245
15,is_s,55,Beta,6.169769394338648
15,is_s,56,Beta,5.144396021143291
15,is_s,57,Beta,4.004038098034799
15,is_s,58,Beta,2.064224083496038
15,is_s,59,Beta,5.901392445969492
15,is_s,60,Beta,0.15144475652544448
15,vs_s,1,Delta,0.012999473852591545
15,vs_s,2,Delta,5.05931959380323
15,vs_s,3,Delta,4.610541410231656
15,vs_s,4,Delta,6.132642983501205
15,vs_s,5,Delta,2.386248889331631
15,vs_s,6,Delta,2.410764160483172
15,vs_s,7,Delta,2.06707633813485
15,vs_s,8,Delta,1.0558575448304994
15,vs_s,9,Delta,4.6116532364397225
15,vs_s,10,Delta,2.068452234084168
15,vs_s,11,Delta,4.934894521387475
15,vs_s,12,Delta,4.337423956471202
15,vs_s,13,Delta,5.213866665230266
15,vs_s,14,Delta,4.690862280164725
15,vs_s,15,Delta,4.587879392928227
15,vs_s,16,Delta,1.2714663766914833
15,vs_s,17,Delta,1.0342885452781796
15,vs_s,18,Delta,5.6669936711360185
15,vs_s,19,Delta,1.0318691727313922
15,vs_s,20,Delta,5.233990776650274
15,vs_s,21,Delta,2.0166840492319213
15,vs_s,22,Delta,3.951081885725038
15,vs_s,23,Delta,2.193202953441871
15,vs_s,24,Delta,3.8623549312443584
15,vs_s,25,Delta,4.413944544612929
15,vs_s,26,Delta,4.309729207866742
15,vs_s,27,Delta,4.949299147162421
15,vs_s,28,Delta,3.4700775966789132
15,vs_s,29,Delta,2.4843461917521847
15,vs_s,30,Delta,4.860256432785981
15,vs_s,31,Delta,2.3661287293936684
15,vs_s,32,Delta,3.4948979884093236
15,vs_s,33,Delta,4.864709986337591
15,vs_s,34,Delta,1.1768353865642263
15,vs_s,35,Delta,1.0417515678670668
15,vs_s,36,Delta,1.178083017021293
15,vs_s,37,Delta,1.0206501023751273
15,vs_s,38,Delta,1.6058245313707098
15,vs_s,39,Delta,4.73101520731109
15,vs_s,40,Delta,3.1130219764091804
15,vs_s,41,Delta,4.912509141136843
15,vs_s,42,Delta,4.126570591171439
15,vs_s,43,Delta,4.604893806757455
15,vs_s,44,Delta,1.582587559431808
15,vs_s,45,Delta,0.8832931901616478
15,vs_s,46,Delta,5.513728994994668
15,vs_s,47,Delta,5.4500789589582395
15,vs_s,48,Delta,2.3381977686601685
15,vs_s,49,Delta,1.1623367574684884
15,vs_s,50,Delta,1.839053289560348
15,vs_s,51,Delta,5.0073758927048715
15,vs_s,52,Delta,2.74125748208131
15,vs_s,53,Delta,5.480178989459976
15,vs_s,54,Delta,0.1949824745750178
15,vs_s,55,Delta,4.226433545564938
15,vs_s,56,Delta,1.2273922398017594
15,vs_s,57,Delta,5.5621440087642675
15,vs_s,58,Delta,4.052719507505861
15,vs_s,59,Delta,3.274086576571678
15,vs_s,60,Delta,5.874971440139746
15,vs_s,1,Theta,0.08831790155218835
15,vs_s,2,Theta,4.898426914488812
15,vs_s,3,Theta,5.844218343315667
15,vs_s,4,Theta,4.676043595868849
15,vs_s,5,Theta,2.5244317371938023
15,vs_s,6,Theta,1.4594204565858175
15,vs_s,7,Theta,3.7351395528564724
15,vs_s,8,Theta,0.5219184310429028
15,vs_s,9,Theta,3.6540529219523417
15,vs_s,10,Theta,3.3407281778188422
15,vs_s,11,Theta,4.653416517676074
15,vs_s,12,Theta,3.884114320198793
15,vs_s,13,Theta,3.4247973055376
15,vs_s,14,Theta,5.6925998434688365
15,vs_s,15,Theta,4.677767051370445
15,vs_s,16,Theta,1.5609733304832267
15,vs_s,17,Theta,0.20485370965288946
15,vs_s,18,Theta,5.356517581958184
15,vs_s,19,Theta,4.358551828131759
15,vs_s,20,Theta,4.834137920185986
15,vs_s,21,Theta,3.0325591893380257
15,vs_s,22,Theta,1.7816682194463296
15,vs_s,23,Theta,2.8235023876068386
15,vs_s,24,Theta,3.380897763406122
15,vs_s,25,Theta,3.9609964943513276
15,vs_s,26,Theta,4.1414035319248175
15,vs_s,27,Theta,4.90600578317751
15,vs_s,28,Theta,2.8682330436454926
15,vs_s,29,Theta,2.178529183135665
15,vs_s,30,Theta,4.679498256972968
15,vs_s,31,Theta,2.704996728794529
15,vs_s,32,Theta,3.223150487694733
15,vs_s,33,Theta,4.9547906542854525
15,vs_s,34,Theta,0.21220998190345314
15,vs_s,35,Theta,0.6187643922979377
15,vs_s,36,Theta,0.29615985127582434
15,vs_s,37,Theta,1.1140206122540441
15,vs_s,38,Theta,5.674006758505204
15,vs_s,39,Theta,5.107714251951711
15,vs_s,40,Theta,5.365572425506819
15,vs_s,41,Theta,6.056654627453882
15,vs_s,42,Theta,4.548484951555036
15,vs_s,43,Theta,4.905653771617897
15,vs_s,44,Theta,1.8909835634711554
15,vs_s,45,Theta,0.6664135853602746
15,vs_s,46,Theta,6.088625955921617
15,vs_s,47,Theta,0.24246203715558343
15,vs_s,48,Theta,2.740705293245768
15,vs_s,49,Theta,1.3324217361553892
15,vs_s,50,Theta,3.9559275690578874
15,vs_s,51,Theta,4.411945457231493
15,vs_s,52,Theta,4.260985952191406
15,vs_s,53,Theta,0.3380353375777582
15,vs_s,54,Theta,1.1944882965268282
15,vs_s,55,Theta,3.4445086818805235
15,vs_s,56,Theta,0.3617890273009838
15,vs_s,57,Theta,5.947685849492424
15,vs_s,58,Theta,3.3594234776203957
15,vs_s,59,Theta,3.419028998694056
15,vs_s,60,Theta,5.3467154018658665
15,vs_s,1,Alpha,5.655294179763866
15,vs_s,2,Alpha,2.6521971242464875
15,vs_s,3,Alpha,0.004964798060464712
15,vs_s,4,Alpha,4.18044848065032
15,vs_s,5,Alpha,2.3092755167291132
15,vs_s,6,Alpha,0.9805286153749783
15,vs_s,7,Alpha,4.47834277680797
15,vs_s,8,Alpha,5.013997383653105
15,vs_s,9,Alpha,3.1947337282198096
15,vs_s,10,Alpha,3.970114746745183
15,vs_s,11,Alpha,4.570049409623267
15,vs_s,12,Alpha,4.049117308510564
15,vs_s,13,Alpha,2.692074537228933
15,vs_s,14,Alpha,1.5022808881135936
15,vs_s,15,Alpha,5.649917406162139
15,vs_s,16,Alpha,5.4051989420901645
15,vs_s,17,Alpha,0.27213703248821325
15,vs_s,18,Alpha,3.3772674031140837
15,vs_s,19,Alpha,4.767286409610124
15,vs_s,20,Alpha,1.8799324975777971
15,vs_s,21,Alpha,3.353929859159411
15,vs_s,22,Alpha,6.077752586978492
15,vs_s,23,Alpha,3.101857621107961
15,vs_s,24,Alpha,2.8650610480653875
15,vs_s,25,Alpha,2.9806261138668084
15,vs_s,26,Alpha,0.7201733993037056
15,vs_s,27,Alpha,5.593265751376093
15,vs_s,28,Alpha,0.44608512998151806
15,vs_s,29,Alpha,2.9197809709119666
15,vs_s,30,Alpha,3.166054173799568
15,vs_s,31,Alpha,2.6354183968696554
15,vs_s,32,Alpha,2.497146900833641
15,vs_s,33,Alpha,5.610394984163404
15,vs_s,34,Alpha,0.08424272145695351
15,vs_s,35,Alpha,0.3043351366500858
15,vs_s,36,Alpha,3.1365737051404707
15,vs_s,37,Alpha,2.6316371998951493
15,vs_s,38,Alpha,5.592756222909459
15,vs_s,39,Alpha,4.917564738427375
15,vs_s,40,Alpha,5.374848003099217
15,vs_s,41,Alpha,0.8951669351502146
15,vs_s,42,Alpha,5.536867402541564
15,vs_s,43,Alpha,6.142233887583961
15,vs_s,44,Alpha,6.075647289477479
15,vs_s,45,Alpha,5.725545410151614
15,vs_s,46,Alpha,0.11427072246429602
15,vs_s,47,Alpha,0.6339882209124071
15,vs_s,48,Alpha,5.315184909890418
15,vs_s,49,Alpha,1.9643573491903874
15,vs_s,50,Alpha,3.534674524544592
15,vs_s,51,Alpha,5.0980277052108045
15,vs_s,52,Alpha,6.074450227993041
15,vs_s,53,Alpha,1.6962865891037096
15,vs_s,54,Alpha,1.9478657648223898
15,vs_s,55,Alpha,4.13317768714456
15,vs_s,56,Alpha,6.063498817402812
15,vs_s,57,Alpha,5.945430814168186
15,vs_s,58,Alpha,1.315001801473156
15,vs_s,59,Alpha,4.287404577357108
15,vs_s,60,Alpha,4.397025920757382
15,vs_s,1,Beta,6.0690826520939
15,vs_s,2,Beta,2.8405499558275915
15,vs_s,3,Beta,6.207269432534845
15,vs_s,4,Beta,1.8022455705116551
15,vs_s,5,Beta,1.3904311468598
15,vs_s,6,Beta,0.9536859529417866
15,vs_s,7,Beta,3.1765929565255218
15,vs_s,8,Beta,1.090080985072925
15,vs_s,9,Beta,0.7345498823221658
15,vs_s,10,Beta,3.3406054805737426
15,vs_s,11,Beta,0.6980166077102282
15,vs_s,12,Beta,4.411401027628286
15,vs_s,13,Beta,4.901082195616036
15,vs_s,14,Beta,2.6248655082769035
15,vs_s,15,Beta,0.501311551096564
15,vs_s,16,Beta,5.7873977828868455
15,vs_s,17,Beta,3.745769338300932
15,vs_s,18,Beta,5.021992061756582
15,vs_s,19,Beta,3.951957164696086
15,vs_s,20,Beta,1.312321297493911
15,vs_s,21,Beta,4.543927743445577
15,vs_s,22,Beta,5.943576469777749
15,vs_s,23,Beta,1.0938949966132643
15,vs_s,24,Beta,5.540211141612476
15,vs_s,25,Beta,3.15415819804156
15,vs_s,26,Beta,5.430768774771007
15,vs_s,27,Beta,0.03151481046746573
15,vs_s,28,Beta,4.968737648705382
15,vs_s,29,Beta,6.01634028515172
15,vs_s,30,Beta,3.5215760466345234
15,vs_s,31,Beta,5.947108628755307
15,vs_s,32,Beta,6.191921618612866
15,vs_s,33,Beta,3.578463834133287
15,vs_s,34,Beta,5.850321222028617
15,vs_s,35,Beta,1.2017937916726906
15,vs_s,36,Beta,5.702614503618006
15,vs_s,37,Beta,5.367047002217057
15,vs_s,38,Beta,0.6710628871469614
15,vs_s,39,Beta,5.222563695597357
15,vs_s,40,Beta,4.130449958582332
15,vs_s,41,Beta,6.092793512594492
15,vs_s,42,Beta,1.9282567990513113
15,vs_s,43,Beta,5.271864525261587
15,vs_s,44,Beta,5.357386240154425
15,vs_s,45,Beta,1.887275421436831
15,vs_s,46,Beta,4.159038901070221
15,vs_s,47,Beta,3.8168841692065483
15,vs_s,48,Beta,1.34499183044175
15,vs_s,49,Beta,1.1152650477506452
15,vs_s,50,Beta,0.3276627117430681
15,vs_s,51,Beta,5.119512032926976
15,vs_s,52,Beta,0.05975880338430833
15,vs_s,53,Beta,3.27968322375598
15,vs_s,54,Beta,3.6477014865374575
15,vs_s,55,Beta,0.4786260829841623
15,vs_s,56,Beta,3.987106952641375
15,vs_s,57,Beta,6.258149149111901
15,vs_s,58,Beta,2.4181052730229458
15,vs_s,59,Beta,5.099512232096383
15,vs_s,60,Beta,4.944964016582668
16,is_s,1,Delta,1.8864488976806268
16,is_s,2,Delta,2.9880140264777553
16,is_s,3,Delta,4.490551012393306
16,is_s,4,Delta,1.2718071460714306
16,is_s,5,Delta,0.8114726211951435
16,is_s,6,Delta,0.05832679822986064
16,is_s,7,Delta,1.9433505394243298
16,is_s,8,Delta,5.749475246142282
16,is_s,9,Delta,4.508452415311356
16,is_s,10,Delta,1.0906700603530288
16,is_s,11,Delta,1.604955921460322
16,is_s,12,Delta,2.3041104319106607
16,is_s,13,Delta,0.994354697942109
16,is_s,14,Delta,5.497133932566909
16,is_s,15,Delta,5.192822652544033
16,is_s,16,Delta,2.155454041319444
16,is_s,17,Delta,3.3877992668106294
16,is_s,18,Delta,5.922965508997146
16,is_s,19,Delta,4.826202281517096
16,is_s,20,Delta,4.273051872785551
16,is_s,21,Delta,1.5790014707802191
16,is_s,22,Delta,5.943652335653596
16,is_s,23,Delta,4.48632809143336
16,is_s,24,Delta,5.1104116865408376
16,is_s,25,Delta,4.697222891987404
16,is_s,26,Delta,4.729349020862379
16,is_s,27,Delta,2.9886681133413333
16,is_s,28,Delta,1.5516548602965399
16,is_s,29,Delta,3.7510398368551856
16,is_s,30,Delta,1.620654770348996
16,is_s,31,Delta,3.1893316208888725
16,is_s,32,Delta,4.023506696903748
16,is_s,33,Delta,5.082197005784195
16,is_s,34,Delta,4.177715730810009
16,is_s,35,Delta,4.849371440618063
16,is_s,36,Delta,0.4466696918024741
16,is_s,37,Delta,1.5620914460724045
16,is_s,38,Delta,1.4030868458299475
16,is_s,39,Delta,3.261852564113445
16,is_s,40,Delta,0.19234571848983817
16,is_s,41,Delta,1.581040910979187
16,is_s,42,Delta,1.6689392757865824
16,is_s,43,Delta,4.607013690265384
16,is_s,44,Delta,2.3158992987370723
16,is_s,45,Delta,4.033269750793258
16,is_s,46,Delta,1.6537532976421114
16,is_s,47,Delta,1.7001601520189424
16,is_s,48,Delta,1.827056583365559
16,is_s,49,Delta,2.8653760879116628
16,is_s,50,Delta,4.8376075570952075
16,is_s,51,Delta,0.8952785157680391
16,is_s,52,Delta,2.414051596590369
16,is_s,53,Delta,5.1672407267347005
16,is_s,55,Delta,1.5396888969972586
16,is_s,56,Delta,5.770105258344413
16,is_s,57,Delta,0.46116327037658034
16,is_s,58,Delta,5.581216356034342
16,is_s,60,Delta,5.5887311366778984
16,is_s,1,Theta,3.4237489655724467
16,is_s,2,Theta,3.3144664977310483
16,is_s,3,Theta,4.432537424591299
16,is_s,4,Theta,0.7127154052459607
16,is_s,5,Theta,5.947896703227797
16,is_s,6,Theta,1.3259212450260993
16,is_s,7,Theta,3.3245405226203153
16,is_s,8,Theta,2.303840458276214
16,is_s,9,Theta,0.9438095862478684
16,is_s,10,Theta,0.3750267325262069
16,is_s,11,Theta,3.594920855024159
16,is_s,12,Theta,3.236560074608511
16,is_s,13,Theta,0.19482682994662368
16,is_s,14,Theta,5.317920489696487
16,is_s,15,Theta,5.253821160629783
16,is_s,16,Theta,3.1416091062718774
16,is_s,17,Theta,4.028894556052342
16,is_s,18,Theta,5.972409789704064
16,is_s,19,Theta,0.053461156197814365
16,is_s,20,Theta,4.238434412223974
16,is_s,21,Theta,0.8357818768420513
16,is_s,22,Theta,1.042532078460356
16,is_s,23,Theta,4.442216090411999
16,is_s,24,Theta,1.6096760401900636
16,is_s,25,Theta,4.69707652270425
16,is_s,26,Theta,4.354712766013068
16,is_s,27,Theta,4.4171291031076345
16,is_s,28,Theta,0.4136914979849667
16,is_s,29,Theta,3.67508315354317
16,is_s,30,Theta,2.862418207599554
16,is_s,31,Theta,3.3168020030622087
16,is_s,32,Theta,4.193314121124072
16,is_s,33,Theta,4.969123502547765
16,is_s,34,Theta,1.790046053896405
16,is_s,35,Theta,2.5399972175065995
16,is_s,36,Theta,5.643965858169243
16,is_s,37,Theta,1.516809994505397
16,is_s,38,Theta,0.9649964565460918
16,is_s,39,Theta,3.1947188749652806
16,is_s,40,Theta,5.92536981022511
16,is_s,41,Theta,1.9366698753689044
16,is_s,42,Theta,2.701471380054771
16,is_s,43,Theta,4.822584118963057
16,is_s,44,Theta,2.6344331090857267
16,is_s,45,Theta,4.262052645968572
16,is_s,46,Theta,1.4754719378452783
16,is_s,47,Theta,2.5039810875562707
16,is_s,48,Theta,2.0104427554784006
16,is_s,49,Theta,2.806081886546618
16,is_s,50,Theta,4.347424935120498
16,is_s,51,Theta,1.4022376376358467
16,is_s,52,Theta,4.422933639814893
16,is_s,53,Theta,5.391011295253718
16,is_s,55,Theta,1.2559427930810403
16,is_s,56,Theta,4.91559017667767
16,is_s,57,Theta,6.11875359972953
16,is_s,58,Theta,5.891339047350607
16,is_s,60,Theta,5.966416342073764
16,is_s,1,Alpha,3.8741263104259867
16,is_s,2,Alpha,3.3321147339089294
16,is_s,3,Alpha,4.138754531555788
16,is_s,4,Alpha,5.932660853902079
16,is_s,5,Alpha,2.8238601944123984
16,is_s,6,Alpha,1.7894086700496654
16,is_s,7,Alpha,5.591471012470823
16,is_s,8,Alpha,2.8080302457320747
16,is_s,9,Alpha,1.297788384973326
16,is_s,10,Alpha,5.192157721541509
16,is_s,11,Alpha,2.6176359716566746
16,is_s,12,Alpha,5.473301354741185
16,is_s,13,Alpha,0.7602567198406692
16,is_s,14,Alpha,4.749021992329101
16,is_s,15,Alpha,2.970105115230362
16,is_s,16,Alpha,4.0274398263273845
16,is_s,17,Alpha,4.080146641506165
16,is_s,18,Alpha,0.37975089446549537
16,is_s,19,Alpha,0.7055601989117777
16,is_s,20,Alpha,0.33144453213640185
16,is_s,21,Alpha,4.26450916653539
16,is_s,22,Alpha,2.4092508390969423
16,is_s,23,Alpha,4.630427015698864
16,is_s,24,Alpha,2.0618944135811965
16,is_s,25,Alpha,1.8968705763800422
16,is_s,26,Alpha,1.8132321998923946
16,is_s,27,Alpha,0.560135237025033
16,is_s,28,Alpha,0.4674343155081062
16,is_s,29,Alpha,3.9848000512502906
16,is_s,30,Alpha,5.009552944627897
16,is_s,31,Alpha,3.5454379078277913
16,is_s,32,Alpha,3.812684411903819
16,is_s,33,Alpha,4.673606071433977
16,is_s,34,Alpha,2.078087211493893
16,is_s,35,Alpha,1.6841079051767909
16,is_s,36,Alpha,5.196336108964461
16,is_s,37,Alpha,2.3223338192951855
16,is_s,38,Alpha,2.4612466229550414
16,is_s,39,Alpha,2.9568228722778818
16,is_s,40,Alpha,0.32736597089643305
16,is_s,41,Alpha,3.6807036960091377
16,is_s,42,Alpha,3.754559955420601
16,is_s,43,Alpha,0.967990692439222
16,is_s,44,Alpha,2.176558087854868
16,is_s,45,Alpha,2.912057181377442
16,is_s,46,Alpha,1.7044401968081384
16,is_s,47,Alpha,2.5724811410545056
16,is_s,48,Alpha,2.0895806203648584
16,is_s,49,Alpha,3.183661607662647
16,is_s,50,Alpha,3.3304562560263147
16,is_s,51,Alpha,3.620760524944043
16,is_s,52,Alpha,4.25876148189735
16,is_s,53,Alpha,4.267289575178003
16,is_s,55,Alpha,0.9410320861810954
16,is_s,56,Alpha,0.7860847868269684
16,is_s,57,Alpha,6.237194732563057
16,is_s,58,Alpha,2.4130313121325626
16,is_s,60,Alpha,0.1966832670931548
16,is_s,1,Beta,5.848416560372371
16,is_s,2,Beta,1.1281405999549687
16,is_s,3,Beta,5.071176537554679
16,is_s,4,Beta,5.754098448884963
16,is_s,5,Beta,4.67803949336494
16,is_s,6,Beta,5.9233910694688685
16,is_s,7,Beta,6.059840507938508
16,is_s,8,Beta,1.5291435427266231
16,is_s,9,Beta,1.1496842063211774
16,is_s,10,Beta,6.005517624762884
16,is_s,11,Beta,3.283676496535412
16,is_s,12,Beta,3.5852369066885723
16,is_s,13,Beta,4.895592005371759
16,is_s,14,Beta,0.5816804776527692
16,is_s,15,Beta,4.202360458082814
16,is_s,16,Beta,3.49932973732888
16,is_s,17,Beta,0.5970075328522737
16,is_s,18,Beta,1.3377739649668992
16,is_s,19,Beta,4.680983382695867
16,is_s,20,Beta,3.711114937212302
16,is_s,21,Beta,2.438160823518455
16,is_s,22,Beta,2.2716493958625668
16,is_s,23,Beta,4.2703570533134725
16,is_s,24,Beta,1.4815221818820512
16,is_s,25,Beta,6.0985476429254835
16,is_s,26,Beta,2.822486570067957
16,is_s,27,Beta,2.362252258486174
16,is_s,28,Beta,0.182066754130718
16,is_s,29,Beta,1.8678750892291673
16,is_s,30,Beta,0.6088604687983399
16,is_s,31,Beta,4.331242214690653
16,is_s,32,Beta,5.442686201957488
16,is_s,33,Beta,4.454805710759372
16,is_s,34,Beta,2.0536400188364685
16,is_s,35,Beta,0.8084861895593419
16,is_s,36,Beta,6.166340593013795
16,is_s,37,Beta,4.467432485808783
16,is_s,38,Beta,2.025256111831248
16,is_s,39,Beta,2.7987291209899214
16,is_s,40,Beta,6.260237991557099
16,is_s,41,Beta,5.2789300030451365
16,is_s,42,Beta,3.505988488636114
16,is_s,43,Beta,5.837956639775941
16,is_s,44,Beta,0.21648132991993574
16,is_s,45,Beta,3.0364224850128028
16,is_s,46,Beta,0.736771750358957
16,is_s,47,Beta,5.721566350523027
16,is_s,48,Beta,2.4842494694520614
16,is_s,49,Beta,0.016735271886717834
16,is_s,50,Beta,6.000857657764992
16,is_s,51,Beta,5.383789016339991
16,is_s,52,Beta,4.232768883502759
16,is_s,53,Beta,4.336568035268316
16,is_s,55,Beta,5.156085390536962
16,is_s,56,Beta,5.863389990647136
16,is_s,57,Beta,4.209969555874681
16,is_s,58,Beta,3.7042458691108244
16,is_s,60,Beta,3.3451737768083665
16,vs_s,1,Delta,6.054705928036661
16,vs_s,2,Delta,1.6945093262667992
16,vs_s,3,Delta,1.1860253702986845
16,vs_s,4,Delta,4.3258569972359044
16,vs_s,5,Delta,0.5288531805982419
16,vs_s,6,Delta,5.796873084222527
16,vs_s,7,Delta,3.993779621714296
16,vs_s,8,Delta,4.691222992917982
16,vs_s,9,Delta,0.7630657050261609
16,vs_s,10,Delta,2.3767597443490707
16,vs_s,11,Delta,1.170091529869477
16,vs_s,12,Delta,1.9347622664003836
16,vs_s,13,Delta,6.15170615270626
16,vs_s,14,Delta,0.35731804825116625
16,vs_s,15,Delta,4.386646094770131
16,vs_s,16,Delta,3.044156345360292
16,vs_s,17,Delta,1.754039272692345
16,vs_s,18,Delta,4.454741591373066
16,vs_s,19,Delta,2.3573788604769397
16,vs_s,20,Delta,4.125617525604685
16,vs_s,21,Delta,5.638666766928918
16,vs_s,22,Delta,4.9094598086591095
16,vs_s,23,Delta,5.313304303115036
16,vs_s,24,Delta,1.2327443885914833
16,vs_s,25,Delta,4.29575309680691
16,vs_s,26,Delta,1.484629557184677
16,vs_s,27,Delta,2.1751950839153937
16,vs_s,28,Delta,4.883348690368255
16,vs_s,29,Delta,2.9895203636901027
16,vs_s,30,Delta,3.73477783716942
16,vs_s,31,Delta,0.2686804949033585
16,vs_s,32,Delta,3.048985080476888
16,vs_s,33,Delta,2.861439154724051
16,vs_s,34,Delta,0.6870892698155576
16,vs_s,35,Delta,2.596625102405961
16,vs_s,36,Delta,1.5488410756171047
16,vs_s,37,Delta,5.865664548683263
16,vs_s,38,Delta,3.3299944216041273
16,vs_s,39,Delta,6.034644180261003
16,vs_s,40,Delta,5.078178712952791
16,vs_s,41,Delta,5.395621647180178
16,vs_s,42,Delta,1.4305041145377262
16,vs_s,43,Delta,3.2281913811992493
16,vs_s,44,Delta,1.3886640399845926
16,vs_s,45,Delta,0.38523674439993977
16,vs_s,46,Delta,3.71015329362943
16,vs_s,47,Delta,3.8131519032388326
16,vs_s,48,Delta,4.046205785483648
16,vs_s,49,Delta,4.38482308977515
16,vs_s,51,Delta,5.909432640304078
16,vs_s,52,Delta,1.0917270489962545
16,vs_s,53,Delta,4.287705678095813
16,vs_s,54,Delta,4.22102840050527
16,vs_s,55,Delta,5.3903798215770875
16,vs_s,56,Delta,5.96371758709377
16,vs_s,57,Delta,1.5128606563938034
16,vs_s,58,Delta,4.461854640823811
16,vs_s,59,Delta,1.7369993881949939
16,vs_s,60,Delta,0.8119541185291023
16,vs_s,1,Theta,4.464794641467947
16,vs_s,2,Theta,1.6889651785297315
16,vs_s,3,Theta,0.036338479721576715
16,vs_s,4,Theta,3.3271926662807414
16,vs_s,5,Theta,6.2339675578009714
16,vs_s,6,Theta,1.5635155936731195
16,vs_s,7,Theta,4.369062963284066
16,vs_s,8,Theta,2.889365630649276
16,vs_s,9,Theta,0.7926680330773921
16,vs_s,10,Theta,3.148041996425345
16,vs_s,11,Theta,0.011445935292081953
16,vs_s,12,Theta,3.1376859752276967
16,vs_s,13,Theta,0.28890182152392224
16,vs_s,14,Theta,0.0010534251758409453
16,vs_s,15,Theta,4.238271404246355
16,vs_s,16,Theta,3.390385082162701
16,vs_s,17,Theta,1.1984156202443448
16,vs_s,18,Theta,1.7089616105309382
16,vs_s,19,Theta,2.016951274779903
16,vs_s,20,Theta,3.149459412911705
16,vs_s,21,Theta,0.46711386521794396
16,vs_s,22,Theta,4.683344066682739
16,vs_s,23,Theta,5.4154725184051715
16,vs_s,24,Theta,1.0003965710250304
16,vs_s,25,Theta,2.606393458737516
16,vs_s,26,Theta,1.1546938199128334
16,vs_s,27,Theta,1.8937942108897838
16,vs_s,28,Theta,2.6294143348839856
16,vs_s,29,Theta,1.995357034484852
16,vs_s,30,Theta,2.202637970365191
16,vs_s,31,Theta,0.4926684269846096
16,vs_s,32,Theta,3.384618639777785
16,vs_s,33,Theta,4.190028193187443
16,vs_s,34,Theta,0.7877335191137692
16,vs_s,35,Theta,3.081199776965428
16,vs_s,36,Theta,2.8150537618618268
16,vs_s,37,Theta,5.499057265828628
16,vs_s,38,Theta,4.053428113030867
16,vs_s,39,Theta,5.356846503892103
16,vs_s,40,Theta,4.02959206096938
16,vs_s,41,Theta,5.885078982254591
16,vs_s,42,Theta,2.7746870402127963
16,vs_s,43,Theta,1.3942456763627522
16,vs_s,44,Theta,1.1298272928141848
16,vs_s,45,Theta,0.32213632347397925
16,vs_s,46,Theta,2.939987266680506
16,vs_s,47,Theta,3.712299893021698
16,vs_s,48,Theta,1.1918812033842625
16,vs_s,49,Theta,3.8397514415471656
16,vs_s,51,Theta,6.271898527198423
16,vs_s,52,Theta,0.11025391493462657
16,vs_s,53,Theta,3.46378450863095
16,vs_s,54,Theta,3.42255143965755
16,vs_s,55,Theta,6.140208811397305
16,vs_s,56,Theta,3.8298125543131873
16,vs_s,57,Theta,5.425186557639244
16,vs_s,58,Theta,2.9243672137597043
16,vs_s,59,Theta,2.6311313827778267
16,vs_s,60,Theta,0.6997848826832458
16,vs_s,1,Alpha,4.19432183494696
16,vs_s,2,Alpha,3.5047917897578174
16,vs_s,3,Alpha,4.5014661203073825
16,vs_s,4,Alpha,2.8995536189923885
16,vs_s,5,Alpha,5.572232713170091
16,vs_s,6,Alpha,3.9191290439011928
16,vs_s,7,Alpha,0.4775136887901966
16,vs_s,8,Alpha,2.0831272074860996
16,vs_s,9,Alpha,2.0514108684866956
16,vs_s,10,Alpha,3.284111844422958
16,vs_s,11,Alpha,5.710069351320577
16,vs_s,12,Alpha,3.277582156336315
16,vs_s,13,Alpha,0.13808384478842184
16,vs_s,14,Alpha,0.37140406386504016
16,vs_s,15,Alpha,4.52426054850172
16,vs_s,16,Alpha,6.212090970057995
16,vs_s,17,Alpha,0.2603909895060039
16,vs_s,18,Alpha,1.7629277654990696
16,vs_s,19,Alpha,5.798566097745525
16,vs_s,20,Alpha,5.351001992382403
16,vs_s,21,Alpha,0.07977401805783935
16,vs_s,22,Alpha,1.0330972060642745
16,vs_s,23,Alpha,5.879266659326482
16,vs_s,24,Alpha,3.647413365059059
16,vs_s,25,Alpha,1.6467500107260185
16,vs_s,26,Alpha,5.556420189911831
16,vs_s,27,Alpha,0.6742623500664844
16,vs_s,28,Alpha,2.2118374651763757
16,vs_s,29,Alpha,0.9111257589726915
16,vs_s,30,Alpha,2.2303861781949
16,vs_s,31,Alpha,0.4582575822594827
16,vs_s,32,Alpha,3.668063333026844
16,vs_s,33,Alpha,0.12109241968223987
16,vs_s,34,Alpha,1.5842672745421917
16,vs_s,35,Alpha,3.7210955012830746
16,vs_s,36,Alpha,3.3731580496824005
16,vs_s,37,Alpha,4.636698700476959
16,vs_s,38,Alpha,3.5150586063432625
16,vs_s,39,Alpha,0.17668460627010307
16,vs_s,40,Alpha,1.4700288342547578
16,vs_s,41,Alpha,6.047141116399486
16,vs_s,42,Alpha,1.9820208578075365
16,vs_s,43,Alpha,0.6182396990495996
16,vs_s,44,Alpha,4.742309961320378
16,vs_s,45,Alpha,0.6200548706166809
16,vs_s,46,Alpha,1.7606262097417218
16,vs_s,47,Alpha,1.3880788522616385
16,vs_s,48,Alpha,5.058823265913207
16,vs_s,49,Alpha,3.065821513824564
16,vs_s,51,Alpha,1.0312326082874077
16,vs_s,52,Alpha,4.489506250716346
16,vs_s,53,Alpha,2.715259942456392
16,vs_s,54,Alpha,5.777797579228126
16,vs_s,55,Alpha,1.8769108913531425
16,vs_s,56,Alpha,3.246454878811105
16,vs_s,57,Alpha,3.1649793683307132
16,vs_s,58,Alpha,2.97009589027119
16,vs_s,59,Alpha,3.866617486537968
16,vs_s,60,Alpha,0.6082020953606333
16,vs_s,1,Beta,4.095268925645225
16,vs_s,2,Beta,5.787443654426589
16,vs_s,3,Beta,1.6398176484857756
16,vs_s,4,Beta,3.929958676991287
16,vs_s,5,Beta,2.2112200660072334
16,vs_s,6,Beta,3.314095142413178
16,vs_s,7,Beta,1.9456166302461517
16,vs_s,8,Beta,5.041865156422364
16,vs_s,9,Beta,0.7320515755103032
16,vs_s,10,Beta,2.3482040969772005
16,vs_s,11,Beta,5.438084542613739
16,vs_s,12,Beta,0.07143695317191172
16,vs_s,13,Beta,0.403349676573862
16,vs_s,14,Beta,5.338222317424674
16,vs_s,15,Beta,2.2988377385658865
16,vs_s,16,Beta,2.860939601670378
16,vs_s,17,Beta,6.153965458619988
16,vs_s,18,Beta,1.2410360331532198
16,vs_s,19,Beta,0.6679296003071648
16,vs_s,20,Beta,5.798830912326723
16,vs_s,21,Beta,5.32501922867093
16,vs_s,22,Beta,4.2381564790912005
16,vs_s,23,Beta,1.3879625652366112
16,vs_s,24,Beta,0.988878836077668
16,vs_s,25,Beta,1.0828382012910973
16,vs_s,26,Beta,2.326716815497765
16,vs_s,27,Beta,1.8076426419615002
16,vs_s,28,Beta,3.969260890967685
16,vs_s,29,Beta,5.075115360522579
16,vs_s,30,Beta,0.33085841546799
16,vs_s,31,Beta,5.085034823249721
16,vs_s,32,Beta,0.37196630417887744
16,vs_s,33,Beta,5.843058643866687
16,vs_s,34,Beta,2.149242058391469
16,vs_s,35,Beta,2.3708836106745403
16,vs_s,36,Beta,2.6720698344323983
16,vs_s,37,Beta,2.176729734936829
16,vs_s,38,Beta,2.2096892190096225
16,vs_s,39,Beta,5.897099245273368
16,vs_s,40,Beta,4.843027884276751
16,vs_s,41,Beta,4.320445013993644
16,vs_s,42,Beta,1.097679971794964
16,vs_s,43,Beta,5.038007427958169
16,vs_s,44,Beta,3.3924808369891584
16,vs_s,45,Beta,1.270334593606896
16,vs_s,46,Beta,5.059332781593113
16,vs_s,47,Beta,2.570171729777824
16,vs_s,48,Beta,5.007806079463256
16,vs_s,49,Beta,3.5049469993424216
16,vs_s,51,Beta,4.194183388513407
16,vs_s,52,Beta,1.240921532398797
16,vs_s,53,Beta,5.414297521352807
16,vs_s,54,Beta,4.015414971724334
16,vs_s,55,Beta,4.775895180040508
16,vs_s,56,Beta,2.9523323992943324
16,vs_s,57,Beta,3.565016430133103
16,vs_s,58,Beta,2.2194918042534475
16,vs_s,59,Beta,2.6269498513034866
16,vs_s,60,Beta,5.718646612284959
17,is_s,1,Delta,4.713834747887697
17,is_s,2,Delta,2.1059943849988163
17,is_s,3,Delta,1.2272762925069636
17,is_s,4,Delta,3.9854888974261433
17,is_s,5,Delta,1.8666548968813508
17,is_s,6,Delta,5.060327781210332
17,is_s,7,Delta,5.219741573868832
17,is_s,9,Delta,1.7536061825368352
17,is_s,10,Delta,3.2524648064147406
17,is_s,11,Delta,1.8446902683849415
17,is_s,12,Delta,0.4064086234719098
17,is_s,13,Delta,4.7673636810886855
17,is_s,14,Delta,6.2738121646960865
17,is_s,15,Delta,0.014993679422786413
17,is_s,16,Delta,4.664958523153123
17,is_s,17,Delta,4.922560714692989
17,is_s,18,Delta,1.3176432076269373
17,is_s,19,Delta,4.4214854785224516
17,is_s,20,Delta,4.793363367040829
17,is_s,21,Delta,0.786547670003583
17,is_s,22,Delta,0.8398332287545531
17,is_s,23,Delta,0.5443429832278612
17,is_s,24,Delta,1.2464453355788254
17,is_s,25,Delta,6.215530320421255
17,is_s,26,Delta,5.478119304465183
17,is_s,27,Delta,4.823464123033551
17,is_s,28,Delta,5.135575982119867
17,is_s,29,Delta,1.6542911449860431
17,is_s,30,Delta,5.748351728688614
17,is_s,31,Delta,6.176397868979574
17,is_s,32,Delta,5.1814007410580745
17,is_s,33,Delta,4.725154766086706
17,is_s,34,Delta,5.356242379819885
17,is_s,35,Delta,2.4872062279562823
17,is_s,36,Delta,4.50237640994145
17,is_s,37,Delta,0.21259103677764513
17,is_s,38,Delta,5.210246779262981
17,is_s,39,Delta,2.568745831622274
17,is_s,40,Delta,1.2094581977236085
17,is_s,41,Delta,0.5876630998071408
17,is_s,42,Delta,0.4589749154093728
17,is_s,43,Delta,1.6068515077941863
17,is_s,44,Delta,4.961868489149777
17,is_s,45,Delta,1.550148072704844
17,is_s,46,Delta,5.19467509087258
17,is_s,47,Delta,4.345301821189684
17,is_s,48,Delta,0.6635371874741341
17,is_s,49,Delta,2.921202600128951
17,is_s,50,Delta,5.3294955625141975
17,is_s,51,Delta,4.697355445020719
17,is_s,52,Delta,5.982064515709788
17,is_s,53,Delta,1.824287479087244
17,is_s,54,Delta,1.5824868072864917
17,is_s,55,Delta,5.722833001450301
17,is_s,56,Delta,1.0517417438338423
17,is_s,57,Delta,4.340063536229853
17,is_s,58,Delta,0.38165685443458774
17,is_s,59,Delta,2.1641973026414933
17,is_s,60,Delta,3.628599885984015
17,is_s,1,Theta,5.592233200134411
17,is_s,2,Theta,2.4307082621673506
17,is_s,3,Theta,1.9157986403538365
17,is_s,4,Theta,4.416510489507093
17,is_s,5,Theta,6.074772906633999
17,is_s,6,Theta,4.894716032530203
17,is_s,7,Theta,5.251485073992525
17,is_s,9,Theta,1.8632866162107746
17,is_s,10,Theta,3.9049836831894416
17,is_s,11,Theta,3.6383176094330922
17,is_s,12,Theta,0.6090248250416245
17,is_s,13,Theta,5.15786507089064
17,is_s,14,Theta,0.4640299888552537
17,is_s,15,Theta,1.19772127879394
17,is_s,16,Theta,0.9505809725597293
17,is_s,17,Theta,4.6795574706686445
17,is_s,18,Theta,0.8043658111561739
17,is_s,19,Theta,0.758827111243321
17,is_s,20,Theta,5.5124789999465165
17,is_s,21,Theta,0.3221908603619753
17,is_s,22,Theta,0.27962119885663833
17,is_s,23,Theta,5.485274972199772
17,is_s,24,Theta,1.2293119910662063
17,is_s,25,Theta,5.8334285845580105
17,is_s,26,Theta,1.9738173005760056
17,is_s,27,Theta,5.306055388155543
17,is_s,28,Theta,5.984633775831462
17,is_s,29,Theta,6.180381136787708
17,is_s,30,Theta,0.46840867263017893
17,is_s,31,Theta,0.6540236182587
17,is_s,32,Theta,5.873654024880914
17,is_s,33,Theta,4.671784931626322
17,is_s,34,Theta,0.033508740409621034
17,is_s,35,Theta,1.0290389379194596
17,is_s,36,Theta,4.371877426253209
17,is_s,37,Theta,0.2384581878366164
17,is_s,38,Theta,0.30348794833437714
17,is_s,39,Theta,1.3216084477984242
17,is_s,40,Theta,6.12642855637363
17,is_s,41,Theta,0.9847049375653543
17,is_s,42,Theta,1.34482923602681
17,is_s,43,Theta,1.5190407824071714
17,is_s,44,Theta,5.3396099438941365
17,is_s,45,Theta,1.1041416347976534
17,is_s,46,Theta,0.6257121046576071
17,is_s,47,Theta,4.927805444832476
17,is_s,48,Theta,0.3391065641446424
17,is_s,49,Theta,2.9008203123139182
17,is_s,50,Theta,6.175160356611746
17,is_s,51,Theta,4.619667184518361
17,is_s,52,Theta,5.742710886260718
17,is_s,53,Theta,1.0703340194688307
17,is_s,54,Theta,1.1517219107296106
17,is_s,55,Theta,0.04259558574868745
17,is_s,56,Theta,0.5886625345439731
17,is_s,57,Theta,3.4420393051080236
17,is_s,58,Theta,0.33383839793145875
17,is_s,59,Theta,4.79733918142379
17,is_s,60,Theta,1.093679587267332
17,is_s,1,Alpha,0.2253153261276
17,is_s,2,Alpha,2.922575757212328
17,is_s,3,Alpha,2.187235312429657
17,is_s,4,Alpha,4.837997975659773
17,is_s,5,Alpha,5.034190335879267
17,is_s,6,Alpha,0.18696132168873794
17,is_s,7,Alpha,4.194634864205892
17,is_s,9,Alpha,5.287436103315606
17,is_s,10,Alpha,4.377224991349992
17,is_s,11,Alpha,4.663885120036651
17,is_s,12,Alpha,5.975245062960248
17,is_s,13,Alpha,5.006605214654471
17,is_s,14,Alpha,4.840079478395108
17,is_s,15,Alpha,2.00230154687493
17,is_s,16,Alpha,1.2284656901776847
17,is_s,17,Alpha,4.220875815386247
17,is_s,18,Alpha,0.18843352296471705
17,is_s,19,Alpha,0.7949658456674287
17,is_s,20,Alpha,2.01864279024779
17,is_s,21,Alpha,1.6953218929414051
17,is_s,22,Alpha,3.278053724754944
17,is_s,23,Alpha,5.05875403240839
17,is_s,24,Alpha,1.7902694211935897
17,is_s,25,Alpha,4.448119990044302
17,is_s,26,Alpha,3.7279699077332253
17,is_s,27,Alpha,5.67052845739505
17,is_s,28,Alpha,5.85059480551086
17,is_s,29,Alpha,5.19436922937893
17,is_s,30,Alpha,0.6754727133956452
17,is_s,31,Alpha,0.8834562001120987
17,is_s,32,Alpha,3.6059916475858413
17,is_s,33,Alpha,4.150818239182177
17,is_s,34,Alpha,6.056094004727754
17,is_s,35,Alpha,0.7170303156971537
17,is_s,36,Alpha,4.717752229544298
17,is_s,37,Alpha,6.1584415973077515
17,is_s,38,Alpha,5.6128520641259865
17,is_s,39,Alpha,0.8436472289258007
17,is_s,40,Alpha,4.53936459887636
17,is_s,41,Alpha,0.981323710374396
17,is_s,42,Alpha,1.5130861888738474
17,is_s,43,Alpha,0.8358492544411273
17,is_s,44,Alpha,5.959143721271193
17,is_s,45,Alpha,5.76961289903222
17,is_s,46,Alpha,5.570386049256771
17,is_s,47,Alpha,5.763986078643327
17,is_s,48,Alpha,0.8192821496179429
17,is_s,49,Alpha,3.68999926587199
17,is_s,50,Alpha,5.089575025516689
17,is_s,51,Alpha,3.4840409450637884
17,is_s,52,Alpha,6.267539355090816
17,is_s,53,Alpha,3.77694420750702
17,is_s,54,Alpha,5.644742321942434
17,is_s,55,Alpha,1.5667932159713305
17,is_s,56,Alpha,0.6041608832188964
17,is_s,57,Alpha,1.2205929569743534
17,is_s,58,Alpha,0.18401915473455085
17,is_s,59,Alpha,4.4862174046640515
17,is_s,60,Alpha,5.916318667627231
17,is_s,1,Beta,3.3002031873783277
17,is_s,2,Beta,5.840894329437596
17,is_s,3,Beta,1.3127282383062913
17,is_s,4,Beta,5.202679253860142
17,is_s,5,Beta,2.3494930376022936
17,is_s,6,Beta,3.2068117945135826
17,is_s,7,Beta,3.0216022140729657
17,is_s,9,Beta,2.5892416695841316
17,is_s,10,Beta,5.942787743336357
17,is_s,11,Beta,3.3279588945808194
17,is_s,12,Beta,0.2864180406512443
17,is_s,13,Beta,1.6205036477506627
17,is_s,14,Beta,1.791099092582735
17,is_s,15,Beta,1.2633158990191526
17,is_s,16,Beta,2.610620826478065
17,is_s,17,Beta,4.034144524861407
17,is_s,18,Beta,0.007402598778573517
17,is_s,19,Beta,0.1862118906474693
17,is_s,20,Beta,2.4154328053077965
17,is_s,21,Beta,4.497733973095423
17,is_s,22,Beta,5.402881611262516
17,is_s,23,Beta,2.503153399708425
17,is_s,24,Beta,4.709562506137823
17,is_s,25,Beta,0.054485000649896365
17,is_s,26,Beta,2.39198275859567
17,is_s,27,Beta,4.231879410271039
17,is_s,28,Beta,1.6224532534057152
17,is_s,29,Beta,3.3574655152219446
17,is_s,30,Beta,5.017550216718817
17,is_s,31,Beta,5.781126633929384
17,is_s,32,Beta,3.6318331734048215
17,is_s,33,Beta,0.010940172366065343
17,is_s,34,Beta,1.8112196285535143
17,is_s,35,Beta,4.260767212189336
17,is_s,36,Beta,1.2767250956372356
17,is_s,37,Beta,5.1826674891423385
17,is_s,38,Beta,0.5245341862283108
17,is_s,39,Beta,2.110525104695126
17,is_s,40,Beta,3.530377480226163
17,is_s,41,Beta,2.138383304371042
17,is_s,42,Beta,3.9476078509863637
17,is_s,43,Beta,5.358682236677809
17,is_s,44,Beta,0.04587158209610154
17,is_s,45,Beta,5.506323834131133
17,is_s,46,Beta,4.801026126319733
17,is_s,47,Beta,3.4189466021104344
17,is_s,48,Beta,2.989836163091839
17,is_s,49,Beta,2.263590198129691
17,is_s,50,Beta,3.4768415100661767
17,is_s,51,Beta,3.4164534146401055
17,is_s,52,Beta,2.5835924699897013
17,is_s,53,Beta,2.0529359639386233
17,is_s,54,Beta,5.3836919801054774
17,is_s,55,Beta,2.1429919034240696
17,is_s,56,Beta,0.5088568538562616
17,is_s,57,Beta,3.9374790715430152
17,is_s,58,Beta,5.426528423569158
17,is_s,59,Beta,2.8123642685746795
17,is_s,60,Beta,4.078024793797502
17,vs_s,1,Delta,4.9292822295256595
17,vs_s,2,Delta,1.728840535864398
17,vs_s,3,Delta,5.37202917100391
17,vs_s,4,Delta,5.776530120300471
17,vs_s,5,Delta,2.5785763694886965
17,vs_s,6,Delta,1.7053912014539236
17,vs_s,7,Delta,6.132346228839904
17,vs_s,8,Delta,1.7953973209986027
17,vs_s,9,Delta,5.7294787261564695
17,vs_s,10,Delta,4.964088821263612
17,vs_s,11,Delta,1.343863869550396
17,vs_s,12,Delta,4.525602994482048
17,vs_s,13,Delta,1.6185688206903304
17,vs_s,14,Delta,0.3665122928361852
17,vs_s,15,Delta,5.462529503946328
17,vs_s,16,Delta,5.693019696665308
17,vs_s,17,Delta,1.5706611685058696
17,vs_s,18,Delta,1.2242485748718321
17,vs_s,19,Delta,1.9621813352622122
17,vs_s,20,Delta,5.972833747188725
17,vs_s,21,Delta,1.4783676078309593
17,vs_s,22,Delta,6.022074813786369
17,vs_s,23,Delta,1.42131686864367
17,vs_s,24,Delta,1.7104997830104776
17,vs_s,25,Delta,4.35448214678239
17,vs_s,26,Delta,1.0435371870550418
17,vs_s,27,Delta,2.9552416647350066
17,vs_s,28,Delta,4.449815017731126
17,vs_s,29,Delta,4.485227232736418
17,vs_s,30,Delta,3.8485382773717607
17,vs_s,31,Delta,4.075134466670974
17,vs_s,33,Delta,0.5280126125934932
17,vs_s,34,Delta,5.528409514539791
17,vs_s,35,Delta,5.3689913390136965
17,vs_s,36,Delta,0.43400085376996156
17,vs_s,37,Delta,0.21045329012753516
17,vs_s,38,Delta,5.024919209305385
17,vs_s,39,Delta,4.960054388310305
17,vs_s,40,Delta,2.273937605419223
17,vs_s,41,Delta,5.191965020560067
17,vs_s,42,Delta,4.286041600413445
17,vs_s,43,Delta,1.3669605057563081
17,vs_s,44,Delta,4.570770790574631
17,vs_s,45,Delta,2.4567812852193085
17,vs_s,46,Delta,6.069320399269971
17,vs_s,47,Delta,3.0522979176564444
17,vs_s,48,Delta,0.8523331666878158
17,vs_s,49,Delta,5.090255469041678
17,vs_s,50,Delta,5.866111564155841
17,vs_s,51,Delta,5.872283064177081
17,vs_s,52,Delta,4.476151921005441
17,vs_s,53,Delta,2.008711717819751
17,vs_s,54,Delta,5.392746913734493
17,vs_s,55,Delta,3.9881636932781537
17,vs_s,56,Delta,0.8009909520377191
17,vs_s,57,Delta,4.711710382299158
17,vs_s,58,Delta,4.571135684002872
17,vs_s,59,Delta,1.8028019819883558
17,vs_s,60,Delta,1.5199276087810327
17,vs_s,1,Theta,5.4151224561842515
17,vs_s,2,Theta,0.4814073570756426
17,vs_s,3,Theta,0.3986641294586644
17,vs_s,4,Theta,5.221551445571801
17,vs_s,5,Theta,3.3465275406461075
17,vs_s,6,Theta,1.5150632974822604
17,vs_s,7,Theta,5.778250088751554
17,vs_s,8,Theta,1.3519751582987551
17,vs_s,9,Theta,5.0979390396433715
17,vs_s,10,Theta,5.967990965063264
17,vs_s,11,Theta,2.4998070740601386
17,vs_s,12,Theta,4.407069957084122
17,vs_s,13,Theta,2.0903545855819723
17,vs_s,14,Theta,0.0161526819219909
17,vs_s,15,Theta,6.148526385923341
17,vs_s,16,Theta,5.310456156823714
17,vs_s,17,Theta,3.2924297127398234
17,vs_s,18,Theta,1.9065969920585368
17,vs_s,19,Theta,4.856788814549451
17,vs_s,20,Theta,0.4144053165006221
17,vs_s,21,Theta,0.5064665722675333
17,vs_s,22,Theta,6.126549876121362
17,vs_s,23,Theta,1.4671056778261395
17,vs_s,24,Theta,0.15664292278223377
17,vs_s,25,Theta,4.104776978641887
17,vs_s,26,Theta,6.139247231254678
17,vs_s,27,Theta,1.0971847670225252
17,vs_s,28,Theta,5.387116058136359
17,vs_s,29,Theta,3.6753237504981797
17,vs_s,30,Theta,3.2692059777181766
17,vs_s,31,Theta,4.6226462960097905
17,vs_s,33,Theta,5.486158224045224
17,vs_s,34,Theta,2.4183523330610344
17,vs_s,35,Theta,5.480461488502865
17,vs_s,36,Theta,6.11115881766377
17,vs_s,37,Theta,0.4111197157692286
17,vs_s,38,Theta,4.386104797385701
17,vs_s,39,Theta,5.6568602304971405
17,vs_s,40,Theta,2.392055851914812
17,vs_s,41,Theta,4.876725929719697
17,vs_s,42,Theta,5.486206155371599
17,vs_s,43,Theta,1.7535549906778136
17,vs_s,44,Theta,6.186082795445311
17,vs_s,45,Theta,4.743725896189181
17,vs_s,46,Theta,1.1018770157442472
17,vs_s,47,Theta,2.1424548333744013
17,vs_s,48,Theta,0.9725903967936568
17,vs_s,49,Theta,5.448336634005501
17,vs_s,50,Theta,0.025063375809608556
17,vs_s,51,Theta,0.16756845958575162
17,vs_s,52,Theta,3.619108037564828
17,vs_s,53,Theta,5.479344348039229
17,vs_s,54,Theta,2.4790448950742245
17,vs_s,55,Theta,2.913055864036447
17,vs_s,56,Theta,4.179234741328752
17,vs_s,57,Theta,2.005898853546211
17,vs_s,58,Theta,4.379012830390661
17,vs_s,59,Theta,2.2237610989498062
17,vs_s,60,Theta,1.9373958898650685
17,vs_s,1,Alpha,6.09365300149965
17,vs_s,2,Alpha,5.603082661223581
17,vs_s,3,Alpha,2.740653457108195
17,vs_s,4,Alpha,5.0398045259664155
17,vs_s,5,Alpha,4.07419663187807
17,vs_s,6,Alpha,3.702007472346414
17,vs_s,7,Alpha,4.604833734833811
17,vs_s,8,Alpha,1.631764419849027
17,vs_s,9,Alpha,4.5069607450864595
17,vs_s,10,Alpha,0.06806113256267006
17,vs_s,11,Alpha,3.1518641617857197
17,vs_s,12,Alpha,4.790601407623422
17,vs_s,13,Alpha,2.4049524746177404
17,vs_s,14,Alpha,5.848589610256327
17,vs_s,15,Alpha,0.7810477132331759
17,vs_s,16,Alpha,4.710368615163781
17,vs_s,17,Alpha,3.7008602641631625
17,vs_s,18,Alpha,3.416462460333964
17,vs_s,19,Alpha,3.203733193788371
17,vs_s,20,Alpha,4.885241713516484
17,vs_s,21,Alpha,5.266351918858992
17,vs_s,22,Alpha,0.3584876313276022
17,vs_s,23,Alpha,0.427399710318479
17,vs_s,24,Alpha,5.676491356390711
17,vs_s,25,Alpha,4.423224975676885
17,vs_s,26,Alpha,5.8820398108171075
17,vs_s,27,Alpha,0.5433017463316734
17,vs_s,28,Alpha,5.904523490687399
17,vs_s,29,Alpha,1.6825525334740605
17,vs_s,30,Alpha,3.7965771201018508
17,vs_s,31,Alpha,5.4861924074388035
17,vs_s,33,Alpha,5.091981220929804
17,vs_s,34,Alpha,2.071536347253864
17,vs_s,35,Alpha,5.178795775453741
17,vs_s,36,Alpha,5.2642149081421685
17,vs_s,37,Alpha,0.7834314855135475
17,vs_s,38,Alpha,4.134451363265294
17,vs_s,39,Alpha,5.440250571528049
17,vs_s,40,Alpha,1.6023733586256133
17,vs_s,41,Alpha,2.5173848573071917
17,vs_s,42,Alpha,5.718003379050396
17,vs_s,43,Alpha,2.407887305924022
17,vs_s,44,Alpha,5.9953768853651175
17,vs_s,45,Alpha,5.266039768425037
17,vs_s,46,Alpha,2.983690724967081
17,vs_s,47,Alpha,0.484181785679182
17,vs_s,48,Alpha,4.213726387265913
17,vs_s,49,Alpha,5.908964774934323
17,vs_s,50,Alpha,0.014230576339200373
17,vs_s,51,Alpha,6.0320857612389664
17,vs_s,52,Alpha,2.878304292103709
17,vs_s,53,Alpha,5.5427364137138175
17,vs_s,54,Alpha,4.560069386137599
17,vs_s,55,Alpha,1.3830167826076962
17,vs_s,56,Alpha,4.244085350094203
17,vs_s,57,Alpha,3.3293984895338173
17,vs_s,58,Alpha,4.1547570981156685
17,vs_s,59,Alpha,4.533183375486058
17,vs_s,60,Alpha,3.70309433518659
17,vs_s,1,Beta,1.5539678804039048
17,vs_s,2,Beta,3.202729925164213
17,vs_s,3,Beta,0.2992788721056311
17,vs_s,4,Beta,2.3760388188087322
17,vs_s,5,Beta,0.37614202329957686
17,vs_s,6,Beta,1.9119387437255966
17,vs_s,7,Beta,0.26347073962279827
17,vs_s,8,Beta,2.5016939154489144
17,vs_s,9,Beta,5.415990441533567
17,vs_s,10,Beta,2.715184113854107
17,vs_s,11,Beta,1.8103074499473302
17,vs_s,12,Beta,6.245328472951187
17,vs_s,13,Beta,4.757080253010461
17,vs_s,14,Beta,1.8401225498939164
17,vs_s,15,Beta,2.8536827571701058
17,vs_s,16,Beta,4.2142344720919045
17,vs_s,17,Beta,1.5187882744063699
17,vs_s,18,Beta,1.530756641808272
17,vs_s,19,Beta,5.33164676343533
17,vs_s,20,Beta,3.286362911118682
17,vs_s,21,Beta,2.8381475114816292
17,vs_s,22,Beta,6.107172850837295
17,vs_s,23,Beta,5.543490324432382
17,vs_s,24,Beta,3.875169706251196
17,vs_s,25,Beta,2.126716851021178
17,vs_s,26,Beta,2.3733821688862626
17,vs_s,27,Beta,1.068219929058419
17,vs_s,28,Beta,3.079930270302028
17,vs_s,29,Beta,4.222573574422144
17,vs_s,30,Beta,0.478938982216068
17,vs_s,31,Beta,5.727925980001558
17,vs_s,33,Beta,2.8893264284393587
17,vs_s,34,Beta,3.3329948249296732
17,vs_s,35,Beta,1.3195838587072266
17,vs_s,36,Beta,5.997924524876772
17,vs_s,37,Beta,1.6614379118141938
17,vs_s,38,Beta,5.1514505199068745
17,vs_s,39,Beta,5.356098547691642
17,vs_s,40,Beta,1.471070033610949
17,vs_s,41,Beta,3.7217986921096395
17,vs_s,42,Beta,5.78376795446804
17,vs_s,43,Beta,5.769865977039555
17,vs_s,44,Beta,3.990240323542343
17,vs_s,45,Beta,5.086604038508431
17,vs_s,46,Beta,2.442461633039529
17,vs_s,47,Beta,0.0015257331834399829
17,vs_s,48,Beta,3.5008746609766073
17,vs_s,49,Beta,5.838795092512831
17,vs_s,50,Beta,2.515711558166707
17,vs_s,51,Beta,1.6004461951826214
17,vs_s,52,Beta,6.200919057182534
17,vs_s,53,Beta,3.948338968279396
17,vs_s,54,Beta,4.333098705885133
17,vs_s,55,Beta,2.9450260825255583
17,vs_s,56,Beta,5.4730793416243815
17,vs_s,57,Beta,5.863730433356518
17,vs_s,58,Beta,1.1294275428118015
17,vs_s,59,Beta,0.1727946949939524
17,vs_s,60,Beta,3.6894178672716533
18,is_s,1,Delta,1.8896548873945314
18,is_s,2,Delta,4.040327389289123
18,is_s,3,Delta,1.5297761245052315
18,is_s,4,Delta,4.737300623528825
18,is_s,5,Delta,2.3838705699848477
18,is_s,6,Delta,1.9981761107115832
18,is_s,7,Delta,4.702038862796192
18,is_s,8,Delta,5.140043224212318
18,is_s,9,Delta,1.4760793970066541
18,is_s,10,Delta,2.072236365932021
18,is_s,11,Delta,1.6104358984862657
18,is_s,12,Delta,2.635560365181875
18,is_s,13,Delta,1.0808835335646414
18,is_s,14,Delta,4.186270584297176
18,is_s,15,Delta,4.8462411590381205
18,is_s,16,Delta,3.4453390989341064
18,is_s,17,Delta,1.9468130172337987
18,is_s,18,Delta,1.7324357971559592
18,is_s,19,Delta,4.220421562457318
18,is_s,20,Delta,1.823882892229594
18,is_s,21,Delta,5.668153867475317
18,is_s,22,Delta,1.2546075783005415
18,is_s,23,Delta,1.0340038989337126
18,is_s,24,Delta,1.3677425381716075
18,is_s,25,Delta,2.0294682920788167
18,is_s,26,Delta,1.1740559539097792
18,is_s,27,Delta,5.366973631674763
18,is_s,28,Delta,1.2045679079235567
18,is_s,29,Delta,1.8889598935223162
18,is_s,30,Delta,1.7262155156901238
18,is_s,32,Delta,0.6995981809239974
18,is_s,33,Delta,1.9352157233563514
18,is_s,34,Delta,1.8319125484902992
18,is_s,35,Delta,4.5426496442752065
18,is_s,36,Delta,1.4666212318475762
18,is_s,37,Delta,4.198817980991083
18,is_s,38,Delta,1.3956228149242944
18,is_s,39,Delta,1.4691315584839553
18,is_s,40,Delta,5.27913352032578
18,is_s,41,Delta,3.60182945013243
18,is_s,42,Delta,2.4287501302243584
18,is_s,43,Delta,3.113712034377044
18,is_s,44,Delta,4.953447579025761
18,is_s,45,Delta,5.862601238015802
18,is_s,46,Delta,1.3849289603576356
18,is_s,47,Delta,1.3844269354114485
18,is_s,48,Delta,0.7897230192923552
18,is_s,49,Delta,4.875933235869872
18,is_s,50,Delta,1.1346345410064125
18,is_s,51,Delta,3.777495710582611
18,is_s,52,Delta,1.8607544568453052
18,is_s,53,Delta,4.983867513778715
18,is_s,54,Delta,4.8316089931899855
18,is_s,55,Delta,2.920823152997403
18,is_s,56,Delta,2.7990082297014403
18,is_s,57,Delta,1.3080503855604042
18,is_s,58,Delta,3.5506768266499007
18,is_s,59,Delta,2.589312088973327
18,is_s,60,Delta,1.4182573651011259
18,is_s,1,Theta,1.7912001859739466
18,is_s,2,Theta,3.918208521603929
18,is_s,3,Theta,1.3029311121996487
18,is_s,4,Theta,5.467987473735503
18,is_s,5,Theta,3.330410023664704
18,is_s,6,Theta,3.698190432010169
18,is_s,7,Theta,4.375524486110317
18,is_s,8,Theta,5.203516113252919
18,is_s,9,Theta,0.9727497769196285
18,is_s,10,Theta,3.3285859850487087
18,is_s,11,Theta,4.393018213263654
18,is_s,12,Theta,2.4335681364094426
18,is_s,13,Theta,4.585538271507491
18,is_s,14,Theta,3.163698724652042
18,is_s,15,Theta,4.654749617028833
18,is_s,16,Theta,3.47347131633706
18,is_s,17,Theta,1.4320773047422974
18,is_s,18,Theta,4.057542253143787
18,is_s,19,Theta,1.7983365231803763
18,is_s,20,Theta,1.806746012197356
18,is_s,21,Theta,4.116403509992592
18,is_s,22,Theta,0.6235681055106815
18,is_s,23,Theta,1.145864361198826
18,is_s,24,Theta,1.567716368589342
18,is_s,25,Theta,2.400854971736997
18,is_s,26,Theta,1.2646810086388414
18,is_s,27,Theta,3.664476262434702
18,is_s,28,Theta,0.1135922510519396
18,is_s,29,Theta,2.742886974706445
18,is_s,30,Theta,2.4066931581398077
18,is_s,32,Theta,1.0111584957160766
18,is_s,33,Theta,0.9859999242476352
18,is_s,34,Theta,1.291640039479773
18,is_s,35,Theta,5.090101562550329
18,is_s,36,Theta,3.1657578229717
18,is_s,37,Theta,3.5281807877845455
18,is_s,38,Theta,5.086401643087959
18,is_s,39,Theta,1.8264784260497327
18,is_s,40,Theta,6.0642090621698905
18,is_s,41,Theta,0.17165520630975406
18,is_s,42,Theta,2.0991604971205686
18,is_s,43,Theta,2.439259180779941
18,is_s,44,Theta,6.172157309582913
18,is_s,45,Theta,6.178041079160341
18,is_s,46,Theta,0.29028094710132024
18,is_s,47,Theta,1.426901861775061
18,is_s,48,Theta,0.2044953790584749
18,is_s,49,Theta,4.726326737389389
18,is_s,50,Theta,5.917116615196895
18,is_s,51,Theta,3.6973367302736766
18,is_s,52,Theta,2.202149071456885
18,is_s,53,Theta,4.480584661515696
18,is_s,54,Theta,5.73782659768208
18,is_s,55,Theta,2.291477533701843
18,is_s,56,Theta,0.8541620537835249
18,is_s,57,Theta,4.348547841408665
18,is_s,58,Theta,4.3477813467078
18,is_s,59,Theta,5.346900482047669
18,is_s,60,Theta,0.9165581573844594
18,is_s,1,Alpha,1.3928948457241863
18,is_s,2,Alpha,4.475003045961706
18,is_s,3,Alpha,0.6364863031025936
18,is_s,4,Alpha,4.843812994109318
18,is_s,5,Alpha,4.808338335593686
18,is_s,6,Alpha,4.769594662378393
18,is_s,7,Alpha,5.711568062594957
18,is_s,8,Alpha,1.2399899430268415
18,is_s,9,Alpha,1.420288735253836
18,is_s,10,Alpha,2.98743937632883
18,is_s,11,Alpha,3.8753752360012412
18,is_s,12,Alpha,2.2571196020135433
18,is_s,13,Alpha,3.246962059139152
18,is_s,14,Alpha,2.5318707026456955
18,is_s,15,Alpha,3.7103343306401575
18,is_s,16,Alpha,4.421748068942943
18,is_s,17,Alpha,0.035077764046980014
18,is_s,18,Alpha,4.651813366726352
18,is_s,19,Alpha,0.6873100965956882
18,is_s,20,Alpha,1.4846084565839102
18,is_s,21,Alpha,3.5991286050244007
18,is_s,22,Alpha,5.218434597732177
18,is_s,23,Alpha,1.0157550115256804
18,is_s,24,Alpha,1.360098482790025
18,is_s,25,Alpha,3.1346932627960578
18,is_s,26,Alpha,1.0132119532766606
18,is_s,27,Alpha,3.3742710367464137
18,is_s,28,Alpha,3.325479406108854
18,is_s,29,Alpha,5.151868335835185
18,is_s,30,Alpha,2.514099145281763
18,is_s,32,Alpha,1.4730517018791764
18,is_s,33,Alpha,5.110113654357925
18,is_s,34,Alpha,1.08114266857809
18,is_s,35,Alpha,1.1568611647378797
18,is_s,36,Alpha,3.9595418882032822
18,is_s,37,Alpha,1.8793049570615359
18,is_s,38,Alpha,4.484696276686496
18,is_s,39,Alpha,2.0652893019947602
18,is_s,40,Alpha,6.158463937344437
18,is_s,41,Alpha,6.04905073792315
18,is_s,42,Alpha,2.319958363086204
18,is_s,43,Alpha,2.083736755872373
18,is_s,44,Alpha,6.113754513137961
18,is_s,45,Alpha,0.4026589973510614
18,is_s,46,Alpha,3.5894000445870273
18,is_s,47,Alpha,4.605866628504074
18,is_s,48,Alpha,5.5109982584949435
18,is_s,49,Alpha,3.6770336343413055
18,is_s,50,Alpha,3.855559175601244
18,is_s,51,Alpha,5.179481852954155
18,is_s,52,Alpha,4.590720698774089
18,is_s,53,Alpha,4.220885359710074
18,is_s,54,Alpha,5.853110602307795
18,is_s,55,Alpha,1.9236480801018216
18,is_s,56,Alpha,1.9494875804422929
18,is_s,57,Alpha,5.1972681670577074
18,is_s,58,Alpha,4.805947237017707
18,is_s,59,Alpha,5.555254994037105
18,is_s,60,Alpha,5.67277998952634
18,is_s,1,Beta,1.2752106807765726
18,is_s,2,Beta,2.7473899470872154
18,is_s,3,Beta,2.185790964025031
18,is_s,4,Beta,0.8189235208719082
18,is_s,5,Beta,4.844490599990802
18,is_s,6,Beta,0.8435196560074985
18,is_s,7,Beta,5.971798864286054
18,is_s,8,Beta,0.6889592082492725
18,is_s,9,Beta,3.746862135382397
18,is_s,10,Beta,0.020027346105037525
18,is_s,11,Beta,0.14650906470478703
18,is_s,12,Beta,1.5025527664018534
18,is_s,13,Beta,5.456632690979717
18,is_s,14,Beta,5.6778873745707825
18,is_s,15,Beta,0.9045984036491046
18,is_s,16,Beta,0.8961687438837206
18,is_s,17,Beta,4.406060518534597
18,is_s,18,Beta,1.627010165298715
18,is_s,19,Beta,6.202499254480141
18,is_s,20,Beta,2.5299194427053293
18,is_s,21,Beta,0.30032716074865257
18,is_s,22,Beta,2.7061667241911804
18,is_s,23,Beta,4.674186393949825
18,is_s,24,Beta,2.3976310665460474
18,is_s,25,Beta,0.8584974929103237
18,is_s,26,Beta,0.0018961151362092306
18,is_s,27,Beta,1.9099587460310314
18,is_s,28,Beta,2.5844258149209036
18,is_s,29,Beta,3.2170589178331115
18,is_s,30,Beta,5.689836697663238
18,is_s,32,Beta,0.6299356116367406
18,is_s,33,Beta,4.85690666318243
18,is_s,34,Beta,5.642485426432292
18,is_s,35,Beta,5.356616069138662
18,is_s,36,Beta,2.5132040131820226
18,is_s,37,Beta,1.8959415830626207
18,is_s,38,Beta,4.40891521250455
18,is_s,39,Beta,1.9735390763426643
18,is_s,40,Beta,1.76164918667864
18,is_s,41,Beta,3.26745036673884
18,is_s,42,Beta,3.6701243115452
18,is_s,43,Beta,1.9742843251999855
18,is_s,44,Beta,3.3629837418911883
18,is_s,45,Beta,1.6609687361615146
18,is_s,46,Beta,2.2486259530514117
18,is_s,47,Beta,3.8897247083920785
18,is_s,48,Beta,1.5377221941168262
18,is_s,49,Beta,0.12328987940737242
18,is_s,50,Beta,0.6823889029184372
18,is_s,51,Beta,1.1455764147219814
18,is_s,52,Beta,3.0692027360685192
18,is_s,53,Beta,3.6737815753707994
18,is_s,54,Beta,1.3890181196016516
18,is_s,55,Beta,3.9279847999086903
18,is_s,56,Beta,5.904433799683242
18,is_s,57,Beta,4.8959374598416305
18,is_s,58,Beta,1.5925618500168246
18,is_s,59,Beta,1.381622059443755
18,is_s,60,Beta,2.1444745691733305
18,vs_s,1,Delta,6.169142713245083
18,vs_s,2,Delta,1.4317933242124463
18,vs_s,3,Delta,1.9197121348395165
18,vs_s,4,Delta,4.206360572538251
18,vs_s,5,Delta,3.776832998642842
18,vs_s,6,Delta,3.6618876648692718
18,vs_s,7,Delta,4.091141568175449
18,vs_s,8,Delta,0.6994853752497339
18,vs_s,9,Delta,4.392262912777022
18,vs_s,10,Delta,1.9763198750900857
18,vs_s,11,Delta,1.7328925611631922
18,vs_s,12,Delta,2.34991917823053
18,vs_s,13,Delta,1.022201630712637
18,vs_s,14,Delta,5.691402783536806
18,vs_s,15,Delta,1.5435080212455845
18,vs_s,16,Delta,1.2987891666792817
18,vs_s,17,Delta,5.18338089466722
18,vs_s,18,Delta,0.8801284760242231
18,vs_s,19,Delta,3.150629816459249
18,vs_s,20,Delta,1.9580986528390585
18,vs_s,21,Delta,1.9570795738652498
18,vs_s,22,Delta,1.5511533896145786
18,vs_s,23,Delta,4.838134240925022
18,vs_s,24,Delta,1.94528965881806
18,vs_s,25,Delta,2.1245606994368313
18,vs_s,26,Delta,0.21015720919318148
18,vs_s,27,Delta,1.0433036676095078
18,vs_s,28,Delta,1.9326685747458747
18,vs_s,29,Delta,2.093435966498374
18,vs_s,30,Delta,1.3088232526058907
18,vs_s,31,Delta,3.3977761014654626
18,vs_s,32,Delta,1.9431326029592022
18,vs_s,33,Delta,1.492012371224018
18,vs_s,34,Delta,5.534363564315196
18,vs_s,35,Delta,1.2378938835534274
18,vs_s,36,Delta,1.5084708281197985
18,vs_s,37,Delta,0.9963664151617272
18,vs_s,38,Delta,1.965791349947387
18,vs_s,39,Delta,4.5346858852243335
18,vs_s,40,Delta,1.4534692360623231
18,vs_s,41,Delta,1.056906044927963
18,vs_s,42,Delta,3.284350782614528
18,vs_s,43,Delta,2.5918628938633703
18,vs_s,45,Delta,4.352795656314783
18,vs_s,46,Delta,3.553673719432502
18,vs_s,47,Delta,6.129405295574157
18,vs_s,48,Delta,2.2618468790886843
18,vs_s,49,Delta,5.395271415318706
18,vs_s,50,Delta,3.770684841293699
18,vs_s,51,Delta,1.6126593534102602
18,vs_s,52,Delta,1.5317083506750888
18,vs_s,53,Delta,2.0961950339553734
18,vs_s,54,Delta,2.0052795604245524
18,vs_s,55,Delta,2.4169635258537716
18,vs_s,56,Delta,4.434516784420946
18,vs_s,57,Delta,5.541223453275647
18,vs_s,58,Delta,1.8699903511676366
18,vs_s,59,Delta,2.0430796062966734
18,vs_s,60,Delta,2.045549529725116
18,vs_s,1,Theta,1.2383272983888143
18,vs_s,2,Theta,2.0030853622592497
18,vs_s,3,Theta,1.8206509742218628
18,vs_s,4,Theta,3.2423883536265814
18,vs_s,5,Theta,2.669574218010325
18,vs_s,6,Theta,4.088439716976495
18,vs_s,7,Theta,2.412383719982356
18,vs_s,8,Theta,4.475609003919088
18,vs_s,9,Theta,3.9335762188065866
18,vs_s,10,Theta,1.8995060441818528
18,vs_s,11,Theta,3.6182715394693967
18,vs_s,12,Theta,2.751017412694225
18,vs_s,13,Theta,0.23189040847660125
18,vs_s,14,Theta,1.1653110921236662
18,vs_s,15,Theta,4.566483338944525
18,vs_s,16,Theta,1.1021292902868645
18,vs_s,17,Theta,1.6559979436187844
18,vs_s,18,Theta,0.8560389150675002
18,vs_s,19,Theta,3.4555643551710515
18,vs_s,20,Theta,4.528366438462675
18,vs_s,21,Theta,3.3628738283453035
18,vs_s,22,Theta,1.3561013502896608
18,vs_s,23,Theta,5.206389754678389
18,vs_s,24,Theta,2.293238754186673
18,vs_s,25,Theta,3.954267479220532
18,vs_s,26,Theta,1.7074912258856405
18,vs_s,27,Theta,0.5510162903207234
18,vs_s,28,Theta,1.452526485489114
18,vs_s,29,Theta,2.3662534352937703
18,vs_s,30,Theta,0.7847282110851779
18,vs_s,31,Theta,3.513532267084123
18,vs_s,32,Theta,2.179680422719627
18,vs_s,33,Theta,1.2604493846794067
18,vs_s,34,Theta,0.03237657462851688
18,vs_s,35,Theta,4.192519232469882
18,vs_s,36,Theta,1.6298713112146017
18,vs_s,37,Theta,5.651353095189906
18,vs_s,38,Theta,2.860184245308571
18,vs_s,39,Theta,2.698508136448228
18,vs_s,40,Theta,0.2608802170191144
18,vs_s,41,Theta,1.0453643594806166
18,vs_s,42,Theta,2.5648837826798085
18,vs_s,43,Theta,3.3976797564107586
18,vs_s,45,Theta,4.427396136965019
18,vs_s,46,Theta,4.155637390943259
18,vs_s,47,Theta,5.971215490339825
18,vs_s,48,Theta,3.3648080172488606
18,vs_s,49,Theta,5.168217542161701
18,vs_s,50,Theta,3.250955676166616
18,vs_s,51,Theta,4.1715471494805385
18,vs_s,52,Theta,4.065553883253289
18,vs_s,53,Theta,2.887092503330928
18,vs_s,54,Theta,1.8505626689800911
18,vs_s,55,Theta,2.7368944084305116
18,vs_s,56,Theta,4.801296604144108
18,vs_s,57,Theta,5.267882760546505
18,vs_s,58,Theta,2.7652103838617332
18,vs_s,59,Theta,1.1433175621476355
18,vs_s,60,Theta,4.6828313565392
18,vs_s,1,Alpha,2.4350533716926765
18,vs_s,2,Alpha,1.6502470089383636
18,vs_s,3,Alpha,0.750923845393157
18,vs_s,4,Alpha,3.0351046609014323
18,vs_s,5,Alpha,1.883781365407445
18,vs_s,6,Alpha,4.848874069363354
18,vs_s,7,Alpha,5.013627003487819
18,vs_s,8,Alpha,3.2355342931671194
18,vs_s,9,Alpha,3.674487365537007
18,vs_s,10,Alpha,5.582233337281376
18,vs_s,11,Alpha,4.64838479301198
18,vs_s,12,Alpha,2.7796543108276226
18,vs_s,13,Alpha,4.823690732644119
18,vs_s,14,Alpha,0.5523899151425367
18,vs_s,15,Alpha,4.775751303523784
18,vs_s,16,Alpha,5.532821277732147
18,vs_s,17,Alpha,2.4988559345747725
18,vs_s,18,Alpha,0.3346199204746137
18,vs_s,19,Alpha,4.660517088209887
18,vs_s,20,Alpha,1.2385794899203157
18,vs_s,21,Alpha,3.6142227092788013
18,vs_s,22,Alpha,2.3735969999206663
18,vs_s,23,Alpha,1.0011039244810243
18,vs_s,24,Alpha,4.811837293449096
18,vs_s,25,Alpha,4.0322635440028165
18,vs_s,26,Alpha,3.452831655637824
18,vs_s,27,Alpha,1.1142591607158148
18,vs_s,28,Alpha,6.255451340539966
18,vs_s,29,Alpha,1.7530904108857635
18,vs_s,30,Alpha,0.6203796239907865
18,vs_s,31,Alpha,3.8708116477546506
18,vs_s,32,Alpha,2.28726815220226
18,vs_s,33,Alpha,0.7330520070376135
18,vs_s,34,Alpha,5.120440718429716
18,vs_s,35,Alpha,3.3903883202949516
18,vs_s,36,Alpha,5.661214144234625
18,vs_s,37,Alpha,4.9644788959289645
18,vs_s,38,Alpha,3.8705615746160427
18,vs_s,39,Alpha,0.9012816089797814
18,vs_s,40,Alpha,6.006894552164879
18,vs_s,41,Alpha,1.4865877929388078
18,vs_s,42,Alpha,2.719612421968484
18,vs_s,43,Alpha,6.182216437300177
18,vs_s,45,Alpha,4.789664827895419
18,vs_s,46,Alpha,4.373262253013225
18,vs_s,47,Alpha,6.061007020230199
18,vs_s,48,Alpha,4.090411165507075
18,vs_s,49,Alpha,4.760508357062637
18,vs_s,50,Alpha,2.6456832915004
18,vs_s,51,Alpha,4.9049924473484054
18,vs_s,52,Alpha,4.7280471850309365
18,vs_s,53,Alpha,4.825156503301474
18,vs_s,54,Alpha,0.5721261724053173
18,vs_s,55,Alpha,2.5768144746720862
18,vs_s,56,Alpha,5.097099970000677
18,vs_s,57,Alpha,4.71030879738018
18,vs_s,58,Alpha,3.293731492426617
18,vs_s,59,Alpha,5.846338594294434
18,vs_s,60,Alpha,4.715280613202653
18,vs_s,1,Beta,5.6928694031847975
18,vs_s,2,Beta,6.240518022992412
18,vs_s,3,Beta,1.6772953741774888
18,vs_s,4,Beta,5.797880099808034
18,vs_s,5,Beta,0.1834690167288577
18,vs_s,6,Beta,2.0996551973627424
18,vs_s,7,Beta,5.780559574502783
18,vs_s,8,Beta,1.989470068215043
18,vs_s,9,Beta,0.995403804402607
18,vs_s,10,Beta,5.989787986742108
18,vs_s,11,Beta,5.933392752339698
18,vs_s,12,Beta,2.1529465228250544
18,vs_s,13,Beta,4.2417283347077195
18,vs_s,14,Beta,5.753797777063204
18,vs_s,15,Beta,3.2775425356743737
18,vs_s,16,Beta,2.6050600244757884
18,vs_s,17,Beta,1.4423560797215047
18,vs_s,18,Beta,2.824623929053732
18,vs_s,19,Beta,3.7465097467258217
18,vs_s,20,Beta,4.833328127287051
18,vs_s,21,Beta,3.6496864767458583
18,vs_s,22,Beta,4.45904889252064
18,vs_s,23,Beta,2.5699155659114084
18,vs_s,24,Beta,1.0120096664104388
18,vs_s,25,Beta,2.8257145846313203
18,vs_s,26,Beta,1.2246517780879507
18,vs_s,27,Beta,3.330011934182812
18,vs_s,28,Beta,3.8962477596765885
18,vs_s,29,Beta,4.046827051439496
18,vs_s,30,Beta,1.9079945810293522
18,vs_s,31,Beta,0.06576050950542374
18,vs_s,32,Beta,1.3020516732226965
18,vs_s,33,Beta,1.7668797695702698
18,vs_s,34,Beta,5.596841436488527
18,vs_s,35,Beta,4.720805461700001
18,vs_s,36,Beta,0.8427960640084097
18,vs_s,37,Beta,1.3435079392962912
18,vs_s,38,Beta,3.405557273696105
18,vs_s,39,Beta,0.11748929665573664
18,vs_s,40,Beta,4.870727744338273
18,vs_s,41,Beta,1.7940571998588246
18,vs_s,42,Beta,3.211630883230381
18,vs_s,43,Beta,1.0832611752143306
18,vs_s,45,Beta,3.1903910104783004
18,vs_s,46,Beta,5.378559431781488
18,vs_s,47,Beta,2.5023220945107902
18,vs_s,48,Beta,1.9927422158074533
18,vs_s,49,Beta,0.8952475209795215
18,vs_s,50,Beta,1.3429791488806346
18,vs_s,51,Beta,1.1154133366664671
18,vs_s,52,Beta,6.101269262253202
18,vs_s,53,Beta,4.5009115876053105
18,vs_s,54,Beta,6.095218794156795
18,vs_s,55,Beta,5.538791906941276
18,vs_s,56,Beta,5.955831323691723
18,vs_s,57,Beta,1.038174269087225
18,vs_s,58,Beta,2.6649526510857453
18,vs_s,59,Beta,0.971496755489152
18,vs_s,60,Beta,5.539966662284889
19,vs_s,1,Delta,4.618688516020487
19,vs_s,2,Delta,5.279289973877421
19,vs_s,3,Delta,4.716834393995253
19,vs_s,4,Delta,4.218241379682327
19,vs_s,5,Delta,5.414146995955667
19,vs_s,6,Delta,4.760396057655672
19,vs_s,7,Delta,3.953225473940989
19,vs_s,8,Delta,5.278194170875822
19,vs_s,9,Delta,3.8276848148013674
19,vs_s,10,Delta,3.5430174002839356
19,vs_s,11,Delta,5.926662746909706
19,vs_s,12,Delta,0.3821755315179091
19,vs_s,13,Delta,4.691046924059483
19,vs_s,14,Delta,4.954106261043847
19,vs_s,15,Delta,1.520898879176881
19,vs_s,16,Delta,4.512751622707763
19,vs_s,17,Delta,2.3909602783828796
19,vs_s,18,Delta,4.106772406177674
19,vs_s,19,Delta,3.703421349937898
19,vs_s,21,Delta,0.09041890590976953
19,vs_s,22,Delta,1.6198705188700113
19,vs_s,23,Delta,3.6396511157514873
19,vs_s,24,Delta,4.450314552614355
19,vs_s,25,Delta,5.482488012272342
19,vs_s,26,Delta,3.3463398038720573
19,vs_s,27,Delta,1.3040117462993364
19,vs_s,28,Delta,4.423628225284558
19,vs_s,29,Delta,4.86980127497985
19,vs_s,30,Delta,0.7207051423135007
19,vs_s,31,Delta,0.5600962844009354
19,vs_s,32,Delta,0.45385584947869256
19,vs_s,33,Delta,1.0497987218466363
19,vs_s,34,Delta,3.4365936615791637
19,vs_s,35,Delta,5.640458755515921
19,vs_s,36,Delta,4.684798481713866
19,vs_s,37,Delta,3.7021837389814802
19,vs_s,38,Delta,5.496405890312752
19,vs_s,39,Delta,5.498903649673422
19,vs_s,40,Delta,2.0895949289811115
19,vs_s,41,Delta,0.9918390041765244
19,vs_s,42,Delta,1.8007915718509047
19,vs_s,43,Delta,1.8565530135271
19,vs_s,44,Delta,4.63951092915249
19,vs_s,45,Delta,5.0934877979910995
19,vs_s,46,Delta,1.3025669536886875
19,vs_s,47,Delta,0.23405253999210232
19,vs_s,48,Delta,3.9926155251821016
19,vs_s,49,Delta,1.5505860689571467
19,vs_s,50,Delta,4.9397343204992845
19,vs_s,52,Delta,0.12987418914025484
19,vs_s,53,Delta,5.290336528145618
19,vs_s,54,Delta,1.1175013196563057
19,vs_s,55,Delta,3.4956671334850995
19,vs_s,56,Delta,0.19089006445788337
19,vs_s,57,Delta,1.6515450539645449
19,vs_s,58,Delta,5.578910792210811
19,vs_s,59,Delta,4.384401342224303
19,vs_s,60,Delta,5.720540766803649
19,vs_s,1,Theta,4.794837486818848
19,vs_s,2,Theta,5.7089479692559975
19,vs_s,3,Theta,6.226055742873854
19,vs_s,4,Theta,3.1778975334481667
19,vs_s,5,Theta,6.087634229246337
19,vs_s,6,Theta,0.8174440741310351
19,vs_s,7,Theta,4.212541933610839
19,vs_s,8,Theta,6.263105280247263
19,vs_s,9,Theta,3.727648198068735
19,vs_s,10,Theta,3.4260013302734307
19,vs_s,11,Theta,5.855514161402876
19,vs_s,12,Theta,1.057079097226273
19,vs_s,13,Theta,3.8277916349941132
19,vs_s,14,Theta,5.920681995087229
19,vs_s,15,Theta,0.07369468520989483
19,vs_s,16,Theta,3.815426049989367
19,vs_s,17,Theta,3.1630999416359997
19,vs_s,18,Theta,5.201926964757456
19,vs_s,19,Theta,4.317760656249945
19,vs_s,21,Theta,0.9144775317914077
19,vs_s,22,Theta,5.580292396116557
19,vs_s,23,Theta,3.272224747209684
19,vs_s,24,Theta,4.177051887061784
19,vs_s,25,Theta,6.121460472242024
19,vs_s,26,Theta,3.420446187837528
19,vs_s,27,Theta,5.9228155809550245
19,vs_s,28,Theta,4.334449227712602
19,vs_s,29,Theta,5.113487709903792
19,vs_s,30,Theta,6.251404732933659
19,vs_s,31,Theta,4.3721764064478155
19,vs_s,32,Theta,0.018147650582144972
19,vs_s,33,Theta,1.1478114420589054
19,vs_s,34,Theta,5.779191752203478
19,vs_s,35,Theta,0.23998867583536057
19,vs_s,36,Theta,0.008725477290521469
19,vs_s,37,Theta,4.0432497322031145
19,vs_s,38,Theta,5.746893288361726
19,vs_s,39,Theta,1.0145593594058568
19,vs_s,40,Theta,1.7590575056133202
19,vs_s,41,Theta,0.89453711175286
19,vs_s,42,Theta,1.5571093204758106
19,vs_s,43,Theta,1.4176017676471702
19,vs_s,44,Theta,4.990492765625749
19,vs_s,45,Theta,0.6179539061068404
19,vs_s,46,Theta,0.15446060457442595
19,vs_s,47,Theta,5.876083461932264
19,vs_s,48,Theta,3.4762019494783725
19,vs_s,49,Theta,2.259791951994465
19,vs_s,50,Theta,4.752090561238804
19,vs_s,52,Theta,0.7347476489626884
19,vs_s,53,Theta,4.749469205447457
19,vs_s,54,Theta,0.16620106084536085
19,vs_s,55,Theta,1.2868096441791865
19,vs_s,56,Theta,4.492991835805114
19,vs_s,57,Theta,4.571994179091583
19,vs_s,58,Theta,5.34742993125972
19,vs_s,59,Theta,4.786069278802017
19,vs_s,60,Theta,0.12381631508174075
19,vs_s,1,Alpha,1.074522944330356
19,vs_s,2,Alpha,3.1734718830798543
19,vs_s,3,Alpha,0.2727281538073535
19,vs_s,4,Alpha,0.7342415059714588
19,vs_s,5,Alpha,0.668984817479147
19,vs_s,6,Alpha,0.8488304622569618
19,vs_s,7,Alpha,4.743484963209393
19,vs_s,8,Alpha,2.284305136697866
19,vs_s,9,Alpha,0.622972760039703
19,vs_s,10,Alpha,1.311876122780384
19,vs_s,11,Alpha,5.789478446591961
19,vs_s,12,Alpha,2.9592544038491977
19,vs_s,13,Alpha,1.7534732104768598
19,vs_s,14,Alpha,0.3923010167143281
19,vs_s,15,Alpha,4.9451000222599655
19,vs_s,16,Alpha,3.3401313789600073
19,vs_s,17,Alpha,3.188338196710412
19,vs_s,18,Alpha,0.39734574510149967
19,vs_s,19,Alpha,4.780361592598931
19,vs_s,21,Alpha,1.044808270503394
19,vs_s,22,Alpha,3.7137463640965067
19,vs_s,23,Alpha,1.5195704694855419
19,vs_s,24,Alpha,3.1099596142239623
19,vs_s,25,Alpha,0.6859736117091164
19,vs_s,26,Alpha,2.898847517318267
19,vs_s,27,Alpha,6.1121003838984915
19,vs_s,28,Alpha,5.413084429389782
19,vs_s,29,Alpha,4.8586460295985
19,vs_s,30,Alpha,1.1747473353160296
19,vs_s,31,Alpha,4.2160781090980795
19,vs_s,32,Alpha,0.39453565661279966
19,vs_s,33,Alpha,0.43488921397037256
19,vs_s,34,Alpha,1.7919797374195432
19,vs_s,35,Alpha,0.9326427960321283
19,vs_s,36,Alpha,1.7371475780123942
19,vs_s,37,Alpha,4.742461402431689
19,vs_s,38,Alpha,5.050472996508149
19,vs_s,39,Alpha,2.4729704694710914
19,vs_s,40,Alpha,5.971986859767676
19,vs_s,41,Alpha,1.660873654701584
19,vs_s,42,Alpha,1.3017035717209193
19,vs_s,43,Alpha,2.544359204361344
19,vs_s,44,Alpha,2.581989358291355
19,vs_s,45,Alpha,0.5231216367633524
19,vs_s,46,Alpha,4.508471111889078
19,vs_s,47,Alpha,6.277479779904704
19,vs_s,48,Alpha,3.4934842359609344
19,vs_s,49,Alpha,3.038589282618312
19,vs_s,50,Alpha,4.470787853495688
19,vs_s,52,Alpha,5.464529515536566
19,vs_s,53,Alpha,3.7201751988543785
19,vs_s,54,Alpha,0.4859241390381741
19,vs_s,55,Alpha,5.557822485983942
19,vs_s,56,Alpha,5.503102422554077
19,vs_s,57,Alpha,0.7396784785438815
19,vs_s,58,Alpha,6.16642141184928
19,vs_s,59,Alpha,5.1083041641295015
19,vs_s,60,Alpha,0.33677668921421
19,vs_s,1,Beta,2.3492582432342384
19,vs_s,2,Beta,2.358990134509742
19,vs_s,3,Beta,0.10232902919413366
19,vs_s,4,Beta,4.496605711165553
19,vs_s,5,Beta,4.603595300645447
19,vs_s,6,Beta,3.546406661430161
19,vs_s,7,Beta,5.014634538754853
19,vs_s,8,Beta,0.5465580216407073
19,vs_s,9,Beta,1.9652865751040953
19,vs_s,10,Beta,1.4755303274869098
19,vs_s,11,Beta,3.990242828893905
19,vs_s,12,Beta,4.079856390675549
19,vs_s,13,Beta,5.234678280188332
19,vs_s,14,Beta,3.5279471441249024
19,vs_s,15,Beta,0.027408594980094514
19,vs_s,16,Beta,6.005511602849167
19,vs_s,17,Beta,2.4102062404219495
19,vs_s,18,Beta,3.4908306452317697
19,vs_s,19,Beta,1.5121806034984453
19,vs_s,21,Beta,0.10586294074817003
19,vs_s,22,Beta,4.534950110900047
19,vs_s,23,Beta,0.5387441406542145
19,vs_s,24,Beta,1.5944756194388032
19,vs_s,25,Beta,3.6454705841600807
19,vs_s,26,Beta,6.208707661754525
19,vs_s,27,Beta,4.711212953705478
19,vs_s,28,Beta,5.740841231379494
19,vs_s,29,Beta,4.355628043610077
19,vs_s,30,Beta,2.9496560490336505
19,vs_s,31,Beta,5.883886453788292
19,vs_s,32,Beta,5.004555330063154
19,vs_s,33,Beta,5.116116642383653
19,vs_s,34,Beta,3.9853453718680103
19,vs_s,35,Beta,4.116563797428069
19,vs_s,36,Beta,0.6047244538715456
19,vs_s,37,Beta,0.773067489296941
19,vs_s,38,Beta,3.9762386393957048
19,vs_s,39,Beta,1.4896331706152006
19,vs_s,40,Beta,1.757259952435417
19,vs_s,41,Beta,6.1816390439375875
19,vs_s,42,Beta,5.214488175312782
19,vs_s,43,Beta,3.040313379975678
19,vs_s,44,Beta,4.002843104152209
19,vs_s,45,Beta,2.010634246945551
19,vs_s,46,Beta,2.369293982454077
19,vs_s,47,Beta,4.725497376660644
19,vs_s,48,Beta,2.6462917841205758
19,vs_s,49,Beta,3.846425219007267
19,vs_s,50,Beta,4.015449154109241
19,vs_s,52,Beta,2.993194215537603
19,vs_s,53,Beta,5.363408312457023
19,vs_s,54,Beta,3.05482733444569
19,vs_s,55,Beta,4.037428976184769
19,vs_s,56,Beta,2.6044410483819513
19,vs_s,57,Beta,5.764739729580819
19,vs_s,58,Beta,0.8574965754919669
19,vs_s,59,Beta,5.268425946416771
19,vs_s,60,Beta,2.6980108308920223
19,is_s,1,Delta,4.812312492323949
19,is_s,3,Delta,4.822056035568746
19,is_s,4,Delta,0.6681962027746968
19,is_s,5,Delta,2.01725743727136
19,is_s,6,Delta,0.25609971416077354
19,is_s,7,Delta,1.6033098792238898
19,is_s,8,Delta,2.8752189271954505
19,is_s,9,Delta,4.320537565134559
19,is_s,10,Delta,4.142527350807663
19,is_s,11,Delta,2.102529367585332
19,is_s,12,Delta,5.196369627519055
19,is_s,13,Delta,4.728469190548388
19,is_s,14,Delta,1.7371508774416087
19,is_s,15,Delta,1.8017035812144606
19,is_s,16,Delta,4.457057633311739
19,is_s,17,Delta,1.3959009884198887
19,is_s,18,Delta,3.9969902432470406
19,is_s,19,Delta,3.2900612781313905
19,is_s,20,Delta,2.7093299125431956
19,is_s,21,Delta,3.5830810979645484
19,is_s,22,Delta,1.4253295974168667
19,is_s,23,Delta,2.0452618808095244
19,is_s,24,Delta,2.09124107444324
19,is_s,25,Delta,4.5209886748007255
19,is_s,26,Delta,0.8891643217156937
19,is_s,27,Delta,4.897347036568961
19,is_s,28,Delta,1.9370647736308981
19,is_s,29,Delta,5.590029942442319
19,is_s,30,Delta,4.883473281635787
19,is_s,31,Delta,1.1280106740557192
19,is_s,32,Delta,0.8175434797493263
19,is_s,33,Delta,4.906695071789622
19,is_s,34,Delta,5.926369946450149
19,is_s,35,Delta,5.098018956766541
19,is_s,36,Delta,4.40631324301316
19,is_s,37,Delta,5.523673132213913
19,is_s,38,Delta,1.0858274044770553
19,is_s,40,Delta,4.406367971875221
19,is_s,41,Delta,4.390054228021937
19,is_s,42,Delta,2.5086537483944102
19,is_s,43,Delta,5.187694745506321
19,is_s,44,Delta,4.436524812215978
19,is_s,45,Delta,5.270054608717441
19,is_s,46,Delta,2.7599389132378076
19,is_s,47,Delta,2.348481675153347
19,is_s,48,Delta,0.5235130349818624
19,is_s,49,Delta,0.08005204355893691
19,is_s,50,Delta,2.3164728823601624
19,is_s,51,Delta,0.18927500037702627
19,is_s,52,Delta,3.8665206871719673
19,is_s,53,Delta,2.502253053809345
19,is_s,54,Delta,3.1792875325813066
19,is_s,55,Delta,4.149205889518254
19,is_s,56,Delta,4.501996300319021
19,is_s,57,Delta,5.79489699368957
19,is_s,58,Delta,6.188402765203227
19,is_s,59,Delta,0.7222331651256576
19,is_s,60,Delta,0.21153100792183804
19,is_s,1,Theta,4.87350997963112
19,is_s,3,Theta,4.868162064615284
19,is_s,4,Theta,5.94955169910814
19,is_s,5,Theta,0.9894714420416146
19,is_s,6,Theta,1.2285806367285566
19,is_s,7,Theta,1.4637867987241748
19,is_s,8,Theta,2.243261265929534
19,is_s,9,Theta,3.4278869075902456
19,is_s,10,Theta,3.9714282136567176
19,is_s,11,Theta,1.9842953990693175
19,is_s,12,Theta,4.258286646559351
19,is_s,13,Theta,3.864179702711018
19,is_s,14,Theta,1.5487393570118853
19,is_s,15,Theta,5.136346071505486
19,is_s,16,Theta,4.110819102853657
19,is_s,17,Theta,1.2224583675554048
19,is_s,18,Theta,4.044503851462755
19,is_s,19,Theta,1.2460133448390038
19,is_s,20,Theta,2.727357039403948
19,is_s,21,Theta,3.3874010579768075
19,is_s,22,Theta,2.5950654114792746
19,is_s,23,Theta,2.1049243180140382
19,is_s,24,Theta,2.458251121514005
19,is_s,25,Theta,4.91132111586925
19,is_s,26,Theta,5.444236077393581
19,is_s,27,Theta,3.4673007957513007
19,is_s,28,Theta,2.904795488641574
19,is_s,29,Theta,5.835870310315989
19,is_s,30,Theta,4.601831771110606
19,is_s,31,Theta,4.032702343625964
19,is_s,32,Theta,0.5740009759179333
19,is_s,33,Theta,5.596445143822047
19,is_s,34,Theta,0.5786622157795767
19,is_s,35,Theta,4.7846006627482165
19,is_s,36,Theta,2.48400402278076
19,is_s,37,Theta,5.156354510003448
19,is_s,38,Theta,5.733939271997301
19,is_s,40,Theta,4.703044913306185
19,is_s,41,Theta,3.5488230129427856
19,is_s,42,Theta,2.684451383128665
19,is_s,43,Theta,5.295388550685642
19,is_s,44,Theta,0.4569983088248755
19,is_s,45,Theta,5.976800109017811
19,is_s,46,Theta,1.1702333319140699
19,is_s,47,Theta,3.261450760435062
19,is_s,48,Theta,6.044374200140381
19,is_s,49,Theta,5.875114906725098
19,is_s,50,Theta,4.36562492827775
19,is_s,51,Theta,6.02849461122354
19,is_s,52,Theta,2.859373304310228
19,is_s,53,Theta,3.0237789280709952
19,is_s,54,Theta,4.3754100705768115
19,is_s,55,Theta,4.274969966589525
19,is_s,56,Theta,5.434856663690182
19,is_s,57,Theta,6.039345408955684
19,is_s,58,Theta,1.213078211404871
19,is_s,59,Theta,0.9339370073420507
19,is_s,60,Theta,5.9551765765166405
19,is_s,1,Alpha,2.4397314278681437
19,is_s,3,Alpha,1.9806742457796633
19,is_s,4,Alpha,1.2898065025414094
19,is_s,5,Alpha,0.41398640695539385
19,is_s,6,Alpha,1.9159783586782175
19,is_s,7,Alpha,1.6505769834494957
19,is_s,8,Alpha,3.604590987213247
19,is_s,9,Alpha,2.826578824962802
19,is_s,10,Alpha,3.3734635537186786
19,is_s,11,Alpha,3.1996299906415957
19,is_s,12,Alpha,3.9308628370542142
19,is_s,13,Alpha,0.6998759238455504
19,is_s,14,Alpha,2.839589843911692
19,is_s,15,Alpha,0.31913180229188143
19,is_s,16,Alpha,0.6608761449114717
19,is_s,17,Alpha,1.6345632663291343
19,is_s,18,Alpha,1.3184188126600296
19,is_s,19,Alpha,5.746054324295259
19,is_s,20,Alpha,3.9742710252389823
19,is_s,21,Alpha,1.3245647808653196
19,is_s,22,Alpha,3.2233095167451395
19,is_s,23,Alpha,1.9579703783909133
19,is_s,24,Alpha,1.6660827690828581
19,is_s,25,Alpha,5.410491224583968
19,is_s,26,Alpha,0.9737283359670216
19,is_s,27,Alpha,1.296031575662204
19,is_s,28,Alpha,6.2701665189714815
19,is_s,29,Alpha,0.9971586182435652
19,is_s,30,Alpha,4.555571741866108
19,is_s,31,Alpha,5.662471001936133
19,is_s,32,Alpha,4.3124385935884915
19,is_s,33,Alpha,5.0532691942396815
19,is_s,34,Alpha,1.580097930010006
19,is_s,35,Alpha,4.8654536087392355
19,is_s,36,Alpha,3.7261398898080937
19,is_s,37,Alpha,5.7250639136575945
19,is_s,38,Alpha,6.155793639782864
19,is_s,40,Alpha,5.621884280783745
19,is_s,41,Alpha,2.890125530721655
19,is_s,42,Alpha,3.903540502503881
19,is_s,43,Alpha,1.7266246826317135
19,is_s,44,Alpha,5.469891794163876
19,is_s,45,Alpha,0.9681369418792749
19,is_s,46,Alpha,0.3159517377517094
19,is_s,47,Alpha,3.5401084757165693
19,is_s,48,Alpha,5.539746311277914
19,is_s,49,Alpha,5.648921194784505
19,is_s,50,Alpha,5.219428674447821
19,is_s,51,Alpha,6.178359405528747
19,is_s,52,Alpha,0.9991885876769987
19,is_s,53,Alpha,3.292008187574286
19,is_s,54,Alpha,0.47845671899211356
19,is_s,55,Alpha,3.380780273194138
19,is_s,56,Alpha,5.35400133744527
19,is_s,57,Alpha,4.613731732110521
19,is_s,58,Alpha,1.051807037527622
19,is_s,59,Alpha,2.2479285633026156
19,is_s,60,Alpha,4.928608762493783
19,is_s,1,Beta,1.611243677435415
19,is_s,3,Beta,4.643569059873673
19,is_s,4,Beta,2.370082882160419
19,is_s,5,Beta,4.481494753503457
19,is_s,6,Beta,2.031238808234824
19,is_s,7,Beta,5.473738606187361
19,is_s,8,Beta,4.653042240730141
19,is_s,9,Beta,0.8329008972185653
19,is_s,10,Beta,0.16139624537297942
19,is_s,11,Beta,2.831046759442204
19,is_s,12,Beta,1.6795006926044247
19,is_s,13,Beta,0.8929403043941304
19,is_s,14,Beta,3.4259888870216244
19,is_s,15,Beta,0.4023163260254953
19,is_s,16,Beta,1.1422531554836681
19,is_s,17,Beta,0.40771866902888637
19,is_s,18,Beta,2.673327089937878
19,is_s,19,Beta,3.8390542720856033
19,is_s,20,Beta,2.3583259981778664
19,is_s,21,Beta,6.036215910064492
19,is_s,22,Beta,1.9301226487639256
19,is_s,23,Beta,0.2986422603170285
19,is_s,24,Beta,2.776131639671193
19,is_s,25,Beta,5.793948878266837
19,is_s,26,Beta,1.6781913851380783
19,is_s,27,Beta,1.1366173884464863
19,is_s,28,Beta,2.633197879102503
19,is_s,29,Beta,2.916534481494519
19,is_s,30,Beta,2.598823923137889
19,is_s,31,Beta,2.822734362476722
19,is_s,32,Beta,0.0577969386180716
19,is_s,33,Beta,5.4133420323782655
19,is_s,34,Beta,1.3239840126526792
19,is_s,35,Beta,3.811942138267308
19,is_s,36,Beta,2.009624003413944
19,is_s,37,Beta,3.919303501690826
19,is_s,38,Beta,1.462783880147647
19,is_s,40,Beta,5.249461231521718
19,is_s,41,Beta,3.711839846646689
19,is_s,42,Beta,5.4984703089015765
19,is_s,43,Beta,1.1432177562619474
19,is_s,44,Beta,4.201560873963609
19,is_s,45,Beta,5.162441941968771
19,is_s,46,Beta,5.336285561207372
19,is_s,47,Beta,5.285179663484454
19,is_s,48,Beta,5.190592041009669
19,is_s,49,Beta,5.0896347093836
19,is_s,50,Beta,5.926474397670477
19,is_s,51,Beta,5.889041243330646
19,is_s,52,Beta,2.2049260698474007
19,is_s,53,Beta,3.9949394253135524
19,is_s,54,Beta,0.5275115111643804
19,is_s,55,Beta,3.379391829131602
19,is_s,56,Beta,5.558545850759403
19,is_s,57,Beta,2.975399194455425
19,is_s,58,Beta,2.6833387073997783
19,is_s,59,Beta,3.710739493345383
19,is_s,60,Beta,3.7362714322561916
2,is_s,1,Delta,1.5041457227553043
2,is_s,2,Delta,2.5438184690847843
2,is_s,3,Delta,2.532477338798395
2,is_s,4,Delta,2.018605070469571
2,is_s,5,Delta,4.578355327744697
2,is_s,6,Delta,2.1418806567435054
2,is_s,7,Delta,4.757764246253879
2,is_s,8,Delta,1.154339618939335
2,is_s,9,Delta,0.772517617356698
2,is_s,10,Delta,0.19570476339271842
2,is_s,11,Delta,2.381937180567071
2,is_s,12,Delta,2.668220837244103
2,is_s,13,Delta,0.8385162143355657
2,is_s,14,Delta,1.8908915702644458
2,is_s,15,Delta,3.8443009681170404
2,is_s,16,Delta,5.473622920166383
2,is_s,17,Delta,1.5186386028017256
2,is_s,18,Delta,5.432350405860629
2,is_s,19,Delta,2.221961465056677
2,is_s,20,Delta,4.486870025247394
2,is_s,21,Delta,0.06172338913103599
2,is_s,22,Delta,1.4941115892079437
2,is_s,23,Delta,0.8235096469416643
2,is_s,24,Delta,1.2279843542912434
2,is_s,25,Delta,4.95752648229895
2,is_s,26,Delta,2.6222095516574084
2,is_s,27,Delta,1.2242400830674198
2,is_s,28,Delta,4.686062441076899
2,is_s,29,Delta,5.713354441943626
2,is_s,30,Delta,1.9213594242901717
2,is_s,31,Delta,4.407374227031458
2,is_s,32,Delta,0.8047196015179986
2,is_s,33,Delta,4.354252450014637
2,is_s,34,Delta,1.9680281223848077
2,is_s,35,Delta,6.255097764004589
2,is_s,36,Delta,5.888652653361023
2,is_s,37,Delta,1.4217144548308978
2,is_s,38,Delta,5.733362757321076
2,is_s,39,Delta,1.7687446492746697
2,is_s,40,Delta,1.2682163268021869
2,is_s,41,Delta,1.3916540301989273
2,is_s,42,Delta,4.413565654575588
2,is_s,43,Delta,1.0024952938462386
2,is_s,44,Delta,3.532015544436059
2,is_s,45,Delta,1.8568740143202525
2,is_s,46,Delta,2.6576212672154154
2,is_s,47,Delta,2.0400445848284754
2,is_s,48,Delta,1.1141645075202986
2,is_s,49,Delta,3.4751145574486997
2,is_s,50,Delta,1.948785062250969
2,is_s,51,Delta,5.508944658909544
2,is_s,52,Delta,1.6919114091549947
2,is_s,53,Delta,0.9656179725709281
2,is_s,54,Delta,2.243955219989909
2,is_s,55,Delta,2.360467560089947
2,is_s,56,Delta,2.3686521244936016
2,is_s,57,Delta,1.579001612773932
2,is_s,59,Delta,3.863306493947911
2,is_s,60,Delta,1.754926273866141
2,is_s,1,Theta,0.8862384879132748
2,is_s,2,Theta,3.9576153127693354
2,is_s,3,Theta,1.8769568048117633
2,is_s,4,Theta,2.476409216522213
2,is_s,5,Theta,3.8117359818693344
2,is_s,6,Theta,2.690686307351095
2,is_s,7,Theta,5.934784431591888
2,is_s,8,Theta,0.07601031789237764
2,is_s,9,Theta,0.2516108030703213
2,is_s,10,Theta,5.182982508835028
2,is_s,11,Theta,0.7799298576633352
2,is_s,12,Theta,2.2927316794655472
2,is_s,13,Theta,1.0114376240346472
2,is_s,14,Theta,1.8378176256879029
2,is_s,15,Theta,4.258451654010937
2,is_s,16,Theta,4.582521534453709
2,is_s,17,Theta,0.7882163404435673
2,is_s,18,Theta,0.8182852805968044
2,is_s,19,Theta,2.645591246517449
2,is_s,20,Theta,4.049620254950197
2,is_s,21,Theta,0.7449773956228852
2,is_s,22,Theta,0.7388660246585299
2,is_s,23,Theta,0.8063118088226674
2,is_s,24,Theta,1.1525544810520425
2,is_s,25,Theta,4.991886813923043
2,is_s,26,Theta,1.8666732451620374
2,is_s,27,Theta,0.25259461146285406
2,is_s,28,Theta,0.6543854614102013
2,is_s,29,Theta,4.919409679339441
2,is_s,30,Theta,2.0841031747893624
2,is_s,31,Theta,4.417464334177265
2,is_s,32,Theta,1.6194818162507056
2,is_s,33,Theta,5.035820398980662
2,is_s,34,Theta,1.0263639667179891
2,is_s,35,Theta,5.083848293114936
2,is_s,36,Theta,5.596213715623995
2,is_s,37,Theta,0.8377728240326756
2,is_s,38,Theta,5.3065661397264305
2,is_s,39,Theta,2.0950468543168674
2,is_s,40,Theta,0.37217617110834406
2,is_s,41,Theta,1.0245281026443436
2,is_s,42,Theta,2.4036789471741393
2,is_s,43,Theta,1.7339231073107242
2,is_s,44,Theta,2.635606406087174
2,is_s,45,Theta,0.44653103497578356
2,is_s,46,Theta,3.057457795186208
2,is_s,47,Theta,3.006422425641706
2,is_s,48,Theta,1.4087056000671254
2,is_s,49,Theta,3.118338003557407
2,is_s,50,Theta,1.3423368140010574
2,is_s,51,Theta,0.4573348861322721
2,is_s,52,Theta,1.1896446752522392
2,is_s,53,Theta,0.09821339974606377
2,is_s,54,Theta,1.8557454624636975
2,is_s,55,Theta,5.667072592098313
2,is_s,56,Theta,2.166631839719545
2,is_s,57,Theta,2.0285197591081525
2,is_s,59,Theta,4.609154763181774
2,is_s,60,Theta,1.02361986709718
2,is_s,1,Alpha,1.7651640524223293
2,is_s,2,Alpha,1.9513504179726766
2,is_s,3,Alpha,2.450692844847946
2,is_s,4,Alpha,4.245118341284318
2,is_s,5,Alpha,1.6112854175879325
2,is_s,6,Alpha,2.98782191594126
2,is_s,7,Alpha,1.0032188293408055
2,is_s,8,Alpha,0.43394651871862416
2,is_s,9,Alpha,4.873568721237738
2,is_s,10,Alpha,4.127330585164091
2,is_s,11,Alpha,0.3554353903011079
2,is_s,12,Alpha,1.7603662058862528
2,is_s,13,Alpha,1.6016196056933971
2,is_s,14,Alpha,1.9778841514078107
2,is_s,15,Alpha,4.436229218054606
2,is_s,16,Alpha,3.4969652796913206
2,is_s,17,Alpha,0.37146294476349734
2,is_s,18,Alpha,1.6211960001437629
2,is_s,19,Alpha,2.94104802315802
2,is_s,20,Alpha,3.2056789596461734
2,is_s,21,Alpha,2.345237782851068
2,is_s,22,Alpha,2.6799967520789263
2,is_s,23,Alpha,2.3219771704737315
2,is_s,24,Alpha,5.008204958109356
2,is_s,25,Alpha,5.445132823327467
2,is_s,26,Alpha,0.9650446356109599
2,is_s,27,Alpha,4.76562141824569
2,is_s,28,Alpha,1.4944416060792012
2,is_s,29,Alpha,3.449921082753587
2,is_s,30,Alpha,2.0714755745064095
2,is_s,31,Alpha,4.257946558532277
2,is_s,32,Alpha,3.228460593092884
2,is_s,33,Alpha,5.745456390424409
2,is_s,34,Alpha,0.04974444635439121
2,is_s,35,Alpha,3.8475637360315424
2,is_s,36,Alpha,5.03800490439665
2,is_s,37,Alpha,4.357388459681295
2,is_s,38,Alpha,3.743446626114826
2,is_s,39,Alpha,2.094590893368714
2,is_s,40,Alpha,5.9390618017655985
2,is_s,41,Alpha,0.9968329978332168
2,is_s,42,Alpha,2.603730183359401
2,is_s,43,Alpha,5.698950087748558
2,is_s,44,Alpha,3.0297215408313884
2,is_s,45,Alpha,5.767974096989639
2,is_s,46,Alpha,4.5861428147026215
2,is_s,47,Alpha,4.569453388876009
2,is_s,48,Alpha,1.3412994604663044
2,is_s,49,Alpha,3.2999759516991234
2,is_s,50,Alpha,0.8667804601084046
2,is_s,51,Alpha,0.511937616685149
2,is_s,52,Alpha,0.6390983588559345
2,is_s,53,Alpha,4.269280936050724
2,is_s,54,Alpha,1.517285091183079
2,is_s,55,Alpha,0.01997429868479658
2,is_s,56,Alpha,5.583403507984399
2,is_s,57,Alpha,1.520411412171148
2,is_s,59,Alpha,2.5202697926532087
2,is_s,60,Alpha,0.0761018846834708
2,is_s,1,Beta,2.1739835614262843
2,is_s,2,Beta,0.5285388848649373
2,is_s,3,Beta,3.280555527917414
2,is_s,4,Beta,2.2260692392812995
2,is_s,5,Beta,6.065444258357814
2,is_s,6,Beta,3.544102676907717
2,is_s,7,Beta,1.781290876137383
2,is_s,8,Beta,4.8119028371595025
2,is_s,9,Beta,3.199095410872581
2,is_s,10,Beta,2.7785085218794334
2,is_s,11,Beta,2.1156939961199908
2,is_s,12,Beta,0.31004822883779815
2,is_s,13,Beta,2.8368278902120956
2,is_s,14,Beta,1.4231812571449525
2,is_s,15,Beta,5.926587131969064
2,is_s,16,Beta,5.815332382381034
2,is_s,17,Beta,5.933564369762987
2,is_s,18,Beta,2.4932744993829576
2,is_s,19,Beta,1.6435761464542396
2,is_s,20,Beta,3.82155688712022
2,is_s,21,Beta,2.5779148017166174
2,is_s,22,Beta,4.8356821519319055
2,is_s,23,Beta,1.7705179402105446
2,is_s,24,Beta,4.007340588942464
2,is_s,25,Beta,2.600607205279795
2,is_s,26,Beta,0.34520060053396656
2,is_s,27,Beta,1.5110546206542954
2,is_s,28,Beta,1.1808897238971001
2,is_s,29,Beta,3.65355476673533
2,is_s,30,Beta,4.154222091671866
2,is_s,31,Beta,3.5721726836849097
2,is_s,32,Beta,1.1788630956244075
2,is_s,33,Beta,3.9698746903833477
2,is_s,34,Beta,0.14559176357599388
2,is_s,35,Beta,3.2927355854673372
2,is_s,36,Beta,2.663730691679922
2,is_s,37,Beta,2.508556603415582
2,is_s,38,Beta,2.8625931723814078
2,is_s,39,Beta,0.9301046913726596
2,is_s,40,Beta,4.2183388193382765
2,is_s,41,Beta,5.573077341819203
2,is_s,42,Beta,1.638409485158387
2,is_s,43,Beta,4.926127988898949
2,is_s,44,Beta,1.500299940118079
2,is_s,45,Beta,0.7014340739923514
2,is_s,46,Beta,3.934694061832957
2,is_s,47,Beta,1.7087855324797498
2,is_s,48,Beta,2.9084623397851574
2,is_s,49,Beta,2.663719379867721
2,is_s,50,Beta,1.123624798401895
2,is_s,51,Beta,1.7522228938090711
2,is_s,52,Beta,2.9242116249975485
2,is_s,53,Beta,5.229941394975764
2,is_s,54,Beta,0.0650244489608572
2,is_s,55,Beta,3.452553616052614
2,is_s,56,Beta,1.9512837696485386
2,is_s,57,Beta,2.4725569067182445
2,is_s,59,Beta,3.1733310444049527
2,is_s,60,Beta,4.459962793893967
2,vs_s,1,Delta,5.743020454175916
2,vs_s,2,Delta,2.2928124151498497
2,vs_s,3,Delta,2.66239482472029
2,vs_s,4,Delta,0.4065121187537897
2,vs_s,5,Delta,1.6730612724777503
2,vs_s,6,Delta,0.5633967831465654
2,vs_s,7,Delta,1.3893792873597015
2,vs_s,8,Delta,1.756229571300388
2,vs_s,9,Delta,5.3029513285042436
2,vs_s,10,Delta,1.6237113811892665
2,vs_s,11,Delta,1.6980454630024016
2,vs_s,12,Delta,3.3849418014181647
2,vs_s,13,Delta,1.4883151643867718
2,vs_s,14,Delta,5.049888185397962
2,vs_s,15,Delta,0.47340605584696693
2,vs_s,17,Delta,1.955958152141695
2,vs_s,18,Delta,6.035485347629022
2,vs_s,19,Delta,4.645285254166087
2,vs_s,20,Delta,4.340070448003017
2,vs_s,21,Delta,4.241364169829021
2,vs_s,22,Delta,1.4661464465760619
2,vs_s,23,Delta,3.369398870560433
2,vs_s,24,Delta,1.3453025605371942
2,vs_s,25,Delta,1.843400027003268
2,vs_s,26,Delta,2.1785224775024816
2,vs_s,27,Delta,4.898404633412957
2,vs_s,28,Delta,0.6695167135369515
2,vs_s,29,Delta,2.2201590373118734
2,vs_s,30,Delta,1.4486430421568812
2,vs_s,31,Delta,2.7641225403665084
2,vs_s,32,Delta,0.868920624907007
2,vs_s,33,Delta,1.39659951810565
2,vs_s,34,Delta,1.8817041454994257
2,vs_s,35,Delta,1.1494006193868966
2,vs_s,36,Delta,4.098611910859857
2,vs_s,37,Delta,4.72448688920087
2,vs_s,38,Delta,0.6823650292794191
2,vs_s,39,Delta,1.3378443699425122
2,vs_s,40,Delta,4.339702909327316
2,vs_s,41,Delta,0.3647520350967241
2,vs_s,42,Delta,1.9739282302232015
2,vs_s,43,Delta,1.7643548738371975
2,vs_s,44,Delta,5.270308456996797
2,vs_s,45,Delta,2.098686036725036
2,vs_s,46,Delta,0.7480289214294717
2,vs_s,47,Delta,1.9885496330730281
2,vs_s,48,Delta,1.5081670729632526
2,vs_s,49,Delta,0.7584142636825717
2,vs_s,50,Delta,3.4371027240392453
2,vs_s,51,Delta,1.417407306323324
2,vs_s,52,Delta,0.9714712293174673
2,vs_s,53,Delta,1.0126932690540098
2,vs_s,54,Delta,5.002299212563606
2,vs_s,55,Delta,1.1432764811381366
2,vs_s,56,Delta,3.2448850371225166
2,vs_s,57,Delta,1.7605099913453783
2,vs_s,58,Delta,1.3359420016361532
2,vs_s,59,Delta,0.6762743412516188
2,vs_s,60,Delta,1.4343589233107192
2,vs_s,1,Theta,5.211275066846504
2,vs_s,2,Theta,4.516092783427089
2,vs_s,3,Theta,3.805275117304918
2,vs_s,4,Theta,5.829445035013731
2,vs_s,5,Theta,1.0650281969434596
2,vs_s,6,Theta,5.368731997191266
2,vs_s,7,Theta,1.0429090862984312
2,vs_s,8,Theta,2.4956993666582745
2,vs_s,9,Theta,5.6116498936615855
2,vs_s,10,Theta,2.020765472360909
2,vs_s,11,Theta,0.8502435795814036
2,vs_s,12,Theta,3.120440797606338
2,vs_s,13,Theta,1.6054044519041184
2,vs_s,14,Theta,3.82108596566037
2,vs_s,15,Theta,0.4564603828585297
2,vs_s,17,Theta,1.9930844815632467
2,vs_s,18,Theta,1.2224952036055494
2,vs_s,19,Theta,2.895602073127162
2,vs_s,20,Theta,3.326111095046637
2,vs_s,21,Theta,3.668071679732698
2,vs_s,22,Theta,1.6528473303451614
2,vs_s,23,Theta,2.562098664001415
2,vs_s,24,Theta,5.034481620115535
2,vs_s,25,Theta,1.6203169215644202
2,vs_s,26,Theta,2.1009289883632465
2,vs_s,27,Theta,4.717396674526444
2,vs_s,28,Theta,1.0649842731612529
2,vs_s,29,Theta,2.6766320851966126
2,vs_s,30,Theta,2.1017795241090793
2,vs_s,31,Theta,2.338681746066042
2,vs_s,32,Theta,1.2778535469477115
2,vs_s,33,Theta,1.1268348325626814
2,vs_s,34,Theta,2.7175351895093476
2,vs_s,35,Theta,1.2259374839397148
2,vs_s,36,Theta,2.0386134066332287
2,vs_s,37,Theta,0.5083525616229768
2,vs_s,38,Theta,0.6370892774550241
2,vs_s,39,Theta,0.7425546775798687
2,vs_s,40,Theta,4.5930030147762935
2,vs_s,41,Theta,0.6704412450434563
2,vs_s,42,Theta,3.999580432393916
2,vs_s,43,Theta,2.1189809700274718
2,vs_s,44,Theta,5.6707295358457666
2,vs_s,45,Theta,3.46912563191024
2,vs_s,46,Theta,0.6518237086680335
2,vs_s,47,Theta,2.8120595909976913
2,vs_s,48,Theta,2.0037377586765808
2,vs_s,49,Theta,5.9453857544590765
2,vs_s,50,Theta,1.4753710132503635
2,vs_s,51,Theta,2.008430764488554
2,vs_s,52,Theta,5.697946332868875
2,vs_s,53,Theta,0.20994403139220472
2,vs_s,54,Theta,5.904369321342323
2,vs_s,55,Theta,1.1706728568347482
2,vs_s,56,Theta,4.163174326828434
2,vs_s,57,Theta,1.1666978012703095
2,vs_s,58,Theta,1.054152841169653
2,vs_s,59,Theta,5.084414910003469
2,vs_s,60,Theta,4.584646251762471
2,vs_s,1,Alpha,5.345786113173658
2,vs_s,2,Alpha,5.275374509775694
2,vs_s,3,Alpha,4.6837209993761695
2,vs_s,4,Alpha,4.554033113535355
2,vs_s,5,Alpha,6.005249751694671
2,vs_s,6,Alpha,4.264585658400515
2,vs_s,7,Alpha,4.9867496273614105
2,vs_s,8,Alpha,5.101732127965955
2,vs_s,9,Alpha,0.03146271356016452
2,vs_s,10,Alpha,3.6384491464467112
2,vs_s,11,Alpha,0.11054811297646616
2,vs_s,12,Alpha,2.4491906575978093
2,vs_s,13,Alpha,2.0090796523641816
2,vs_s,14,Alpha,3.2462754793973754
2,vs_s,15,Alpha,3.290680842513792
2,vs_s,17,Alpha,1.4253487528198545
2,vs_s,18,Alpha,0.4466933584551448
2,vs_s,19,Alpha,1.4524900781304604
2,vs_s,20,Alpha,3.0017710000706326
2,vs_s,21,Alpha,2.410306030736978
2,vs_s,22,Alpha,2.2040751266900305
2,vs_s,23,Alpha,4.283861919150526
2,vs_s,24,Alpha,4.542452783776624
2,vs_s,25,Alpha,0.39275350394723013
2,vs_s,26,Alpha,2.7048313455118733
2,vs_s,27,Alpha,4.161736988303012
2,vs_s,28,Alpha,1.3431818506679631
2,vs_s,29,Alpha,3.0743779824029116
2,vs_s,30,Alpha,3.1710082250745666
2,vs_s,31,Alpha,1.1801224268482062
2,vs_s,32,Alpha,1.965537445427867
2,vs_s,33,Alpha,1.1412409130199588
2,vs_s,34,Alpha,3.246956132096221
2,vs_s,35,Alpha,2.228539343748385
2,vs_s,36,Alpha,2.463777311647372
2,vs_s,37,Alpha,0.7240825869962629
2,vs_s,38,Alpha,2.620675327826039
2,vs_s,39,Alpha,6.187189856678783
2,vs_s,40,Alpha,5.578832216480875
2,vs_s,41,Alpha,1.2613902940672794
2,vs_s,42,Alpha,0.5592725376080472
2,vs_s,43,Alpha,3.094664782548036
2,vs_s,44,Alpha,5.470792461536169
2,vs_s,45,Alpha,2.878031125125027
2,vs_s,46,Alpha,0.82575920108078
2,vs_s,47,Alpha,3.6156271214838
2,vs_s,48,Alpha,2.758712453572064
2,vs_s,49,Alpha,4.280244454782627
2,vs_s,50,Alpha,0.45935727878442056
2,vs_s,51,Alpha,3.0257754968054402
2,vs_s,52,Alpha,5.508536740096261
2,vs_s,53,Alpha,5.9553873010071
2,vs_s,54,Alpha,0.760987079945645
2,vs_s,55,Alpha,1.5489701959466662
2,vs_s,56,Alpha,4.192545795079266
2,vs_s,57,Alpha,0.049412817721121285
2,vs_s,58,Alpha,1.4663130767028991
2,vs_s,59,Alpha,4.635070792007631
2,vs_s,60,Alpha,3.602355246915246
2,vs_s,1,Beta,3.294425607864548
2,vs_s,2,Beta,2.4936083683129024
2,vs_s,3,Beta,6.051860300661773
2,vs_s,4,Beta,3.6529196865931097
2,vs_s,5,Beta,1.725694831172699
2,vs_s,6,Beta,0.7273593735875991
2,vs_s,7,Beta,1.3875268227166166
2,vs_s,8,Beta,3.263661947953274
2,vs_s,9,Beta,3.6762653782449237
2,vs_s,10,Beta,2.556651402025179
2,vs_s,11,Beta,1.176527171196944
2,vs_s,12,Beta,1.574436771726485
2,vs_s,13,Beta,1.482249163974335
2,vs_s,14,Beta,3.5021263695434373
2,vs_s,15,Beta,4.443764638580626
2,vs_s,17,Beta,5.6128236224962755
2,vs_s,18,Beta,2.6762893627550306
2,vs_s,19,Beta,4.010857619421261
2,vs_s,20,Beta,1.33235454304631
2,vs_s,21,Beta,1.7498056031232583
2,vs_s,22,Beta,1.8259213662140328
2,vs_s,23,Beta,3.171606638286467
2,vs_s,24,Beta,1.9126176458156623
2,vs_s,25,Beta,0.18107068289040218
2,vs_s,26,Beta,5.701173238481546
2,vs_s,27,Beta,1.3992274310406059
2,vs_s,28,Beta,3.4224062807720044
2,vs_s,29,Beta,2.579114258287535
2,vs_s,30,Beta,3.4505571780816195
2,vs_s,31,Beta,5.698203312381764
2,vs_s,32,Beta,1.6686030450700051
2,vs_s,33,Beta,1.6495537544845096
2,vs_s,34,Beta,2.68290478903149
2,vs_s,35,Beta,4.645833515923547
2,vs_s,36,Beta,0.25264501525336075
2,vs_s,37,Beta,3.070288411011217
2,vs_s,38,Beta,2.313755969636809
2,vs_s,39,Beta,3.169394564113505
2,vs_s,40,Beta,5.360725887092169
2,vs_s,41,Beta,3.90125866293851
2,vs_s,42,Beta,0.5403877898115446
2,vs_s,43,Beta,3.751129026628509
2,vs_s,44,Beta,2.3433673908380057
2,vs_s,45,Beta,1.9431888934743546
2,vs_s,46,Beta,5.5505994150370785
2,vs_s,47,Beta,5.095768249358393
2,vs_s,48,Beta,0.8503338586734585
2,vs_s,49,Beta,3.5216238477520583
2,vs_s,50,Beta,3.103725022094261
2,vs_s,51,Beta,0.7380054501589897
2,vs_s,52,Beta,4.883016033041326
2,vs_s,53,Beta,3.8151002237274785
2,vs_s,54,Beta,0.968560332633126
2,vs_s,55,Beta,2.537574250490681
2,vs_s,56,Beta,0.4777387871913866
2,vs_s,57,Beta,2.962832322983857
2,vs_s,58,Beta,1.685345089794414
2,vs_s,59,Beta,0.6795948108358743
2,vs_s,60,Beta,3.6442095472749205
20,vs_s,1,Delta,1.2953503098016195
20,vs_s,2,Delta,1.0788913539390106
20,vs_s,3,Delta,1.8433355364006443
20,vs_s,4,Delta,1.6915421629234826
20,vs_s,5,Delta,4.541304141730419
20,vs_s,6,Delta,0.703743966191281
20,vs_s,7,Delta,1.3559411329588649
20,vs_s,8,Delta,5.8071962240605455
20,vs_s,9,Delta,4.198000899459808
20,vs_s,10,Delta,6.0874330714989355
20,vs_s,11,Delta,1.668425432601934
20,vs_s,12,Delta,5.363621427046497
20,vs_s,13,Delta,4.373076058802983
20,vs_s,14,Delta,5.1618720615529154
20,vs_s,15,Delta,4.538996363541974
20,vs_s,16,Delta,1.0360194689301587
20,vs_s,17,Delta,4.787951216406437
20,vs_s,18,Delta,3.588525243043115
20,vs_s,19,Delta,1.4983489761119773
20,vs_s,20,Delta,4.891327414199272
20,vs_s,21,Delta,0.13503310034693344
20,vs_s,22,Delta,0.3845651796176933
20,vs_s,23,Delta,5.591205977163026
20,vs_s,24,Delta,3.5132836075259646
20,vs_s,25,Delta,0.9011643152390424
20,vs_s,26,Delta,5.0561632531878
20,vs_s,27,Delta,0.7058928780070909
20,vs_s,28,Delta,2.5496917740037524
20,vs_s,29,Delta,5.084759873582861
20,vs_s,30,Delta,5.247037377638268
20,vs_s,31,Delta,4.042776670159723
20,vs_s,32,Delta,4.753852124763537
20,vs_s,33,Delta,0.2943347027935805
20,vs_s,34,Delta,5.313027897898612
20,vs_s,35,Delta,5.964063478959644
20,vs_s,36,Delta,5.964340397812171
20,vs_s,37,Delta,0.024513221209357883
20,vs_s,39,Delta,1.427028028942003
20,vs_s,40,Delta,0.758151492435833
20,vs_s,41,Delta,0.32147313224194574
20,vs_s,42,Delta,4.182472774176645
20,vs_s,43,Delta,5.9404831105811855
20,vs_s,44,Delta,5.0107891506834115
20,vs_s,45,Delta,0.9533604368244948
20,vs_s,46,Delta,1.1436547613915842
20,vs_s,47,Delta,5.639132858336268
20,vs_s,48,Delta,4.847450718716473
20,vs_s,49,Delta,1.9193073812468446
20,vs_s,50,Delta,2.121027526330619
20,vs_s,51,Delta,0.5300008625296978
20,vs_s,52,Delta,4.584457030241535
20,vs_s,53,Delta,0.356055996460488
20,vs_s,54,Delta,4.287082139652123
20,vs_s,55,Delta,4.823475648440274
20,vs_s,56,Delta,2.8767000088640935
20,vs_s,57,Delta,0.3118740976821827
20,vs_s,58,Delta,3.3342425150558106
20,vs_s,59,Delta,5.102295987565898
20,vs_s,60,Delta,0.32366918970780467
20,vs_s,1,Theta,1.6794981951491643
20,vs_s,2,Theta,5.833921308705291
20,vs_s,3,Theta,0.2987436630081739
20,vs_s,4,Theta,5.73415878335705
20,vs_s,5,Theta,4.085743585903289
20,vs_s,6,Theta,5.846265306853014
20,vs_s,7,Theta,4.477118393626182
20,vs_s,8,Theta,5.213435171232819
20,vs_s,9,Theta,5.132353051061122
20,vs_s,10,Theta,5.864906206274446
20,vs_s,11,Theta,1.5959418423674323
20,vs_s,12,Theta,6.107802408625614
20,vs_s,13,Theta,3.7258084448710322
20,vs_s,14,Theta,5.385805077240718
20,vs_s,15,Theta,1.2820883679842512
20,vs_s,16,Theta,6.233398808237115
20,vs_s,17,Theta,5.455681828387753
20,vs_s,18,Theta,2.912756799795087
20,vs_s,19,Theta,1.644117907290917
20,vs_s,20,Theta,4.855614871427153
20,vs_s,21,Theta,0.22171389777654668
20,vs_s,22,Theta,5.579643661197495
20,vs_s,23,Theta,5.630516743294408
20,vs_s,24,Theta,4.6896580452524645
20,vs_s,25,Theta,0.26970793489100375
20,vs_s,26,Theta,4.926825268082546
20,vs_s,27,Theta,5.17784455495172
20,vs_s,28,Theta,2.5944822869387982
20,vs_s,29,Theta,5.909942568989248
20,vs_s,30,Theta,5.193850584557358
20,vs_s,31,Theta,2.7062313955844464
20,vs_s,32,Theta,4.623364209335118
20,vs_s,33,Theta,0.9921722877154198
20,vs_s,34,Theta,5.6844094896927135
20,vs_s,35,Theta,0.24373892235884734
20,vs_s,36,Theta,5.099282905225239
20,vs_s,37,Theta,1.0002428558707344
20,vs_s,39,Theta,1.044392355527736
20,vs_s,40,Theta,5.7389163076942395
20,vs_s,41,Theta,0.02975507554765252
20,vs_s,42,Theta,5.582539400372112
20,vs_s,43,Theta,6.126938668263769
20,vs_s,44,Theta,5.2863750174774315
20,vs_s,45,Theta,0.4628954930550962
20,vs_s,46,Theta,4.415943750952806
20,vs_s,47,Theta,5.345221144463135
20,vs_s,48,Theta,5.360805981231577
20,vs_s,49,Theta,4.794278490129159
20,vs_s,50,Theta,3.359012310421559
20,vs_s,51,Theta,1.047549874106126
20,vs_s,52,Theta,4.966686021661411
20,vs_s,53,Theta,5.877777336564239
20,vs_s,54,Theta,4.702706471465516
20,vs_s,55,Theta,5.661488078577414
20,vs_s,56,Theta,4.034901278952233
20,vs_s,57,Theta,5.627031625648935
20,vs_s,58,Theta,3.6503686241426947
20,vs_s,59,Theta,5.78884754646461
20,vs_s,60,Theta,6.047454832222832
20,vs_s,1,Alpha,1.8729441959280286
20,vs_s,2,Alpha,5.573721487712207
20,vs_s,3,Alpha,0.8674668954908267
20,vs_s,4,Alpha,6.1935105532342964
20,vs_s,5,Alpha,3.9034634804911015
20,vs_s,6,Alpha,3.6774549006681556
20,vs_s,7,Alpha,3.607370592828174
20,vs_s,8,Alpha,1.0413454489797436
20,vs_s,9,Alpha,0.20002985320151478
20,vs_s,10,Alpha,2.428873621045672
20,vs_s,11,Alpha,2.0938388232125766
20,vs_s,12,Alpha,3.0276480737232894
20,vs_s,13,Alpha,3.220618478675806
20,vs_s,14,Alpha,5.313631757181892
20,vs_s,15,Alpha,2.0477084611667733
20,vs_s,16,Alpha,5.2658797115476
20,vs_s,17,Alpha,0.7277139452273532
20,vs_s,18,Alpha,3.6190724276264126
20,vs_s,19,Alpha,2.2056043882677416
20,vs_s,20,Alpha,4.602928381250002
20,vs_s,21,Alpha,6.021749234979479
20,vs_s,22,Alpha,4.902007459058441
20,vs_s,23,Alpha,0.33441353767072257
20,vs_s,24,Alpha,6.1455182193191416
20,vs_s,25,Alpha,0.3810200067553213
20,vs_s,26,Alpha,4.034275978705564
20,vs_s,27,Alpha,4.414304370154962
20,vs_s,28,Alpha,1.6457957465838264
20,vs_s,29,Alpha,4.908759255072843
20,vs_s,30,Alpha,4.38951505517028
20,vs_s,31,Alpha,2.895536464863673
20,vs_s,32,Alpha,3.624372193474385
20,vs_s,33,Alpha,5.649348182132477
20,vs_s,34,Alpha,6.13664076378307
20,vs_s,35,Alpha,0.8212248565292469
20,vs_s,36,Alpha,2.168280199955474
20,vs_s,37,Alpha,2.4420392638181605
20,vs_s,39,Alpha,4.318150604900472
20,vs_s,40,Alpha,5.048404258577213
20,vs_s,41,Alpha,6.072412573285406
20,vs_s,42,Alpha,1.2069331207216247
20,vs_s,43,Alpha,0.4703909699859462
20,vs_s,44,Alpha,0.32850866220308994
20,vs_s,45,Alpha,0.08246792372782752
20,vs_s,46,Alpha,3.6860752659973124
20,vs_s,47,Alpha,4.737235755636913
20,vs_s,48,Alpha,0.7451672702021351
20,vs_s,49,Alpha,0.12238902839105711
20,vs_s,50,Alpha,5.775254210974669
20,vs_s,51,Alpha,2.3879096961937742
20,vs_s,52,Alpha,0.6669385333940614
20,vs_s,53,Alpha,5.260902911451767
20,vs_s,54,Alpha,4.7990761623180775
20,vs_s,55,Alpha,1.2361092146032746
20,vs_s,56,Alpha,5.860232687249176
20,vs_s,57,Alpha,4.031184093440081
20,vs_s,58,Alpha,4.665336387325784
20,vs_s,59,Alpha,0.6627590468086302
20,vs_s,60,Alpha,4.873793174587455
20,vs_s,1,Beta,0.3397487280824937
20,vs_s,2,Beta,2.330160482479405
20,vs_s,3,Beta,4.44036041622625
20,vs_s,4,Beta,3.568023457146579
20,vs_s,5,Beta,3.3164051628051396
20,vs_s,6,Beta,2.9536910095150004
20,vs_s,7,Beta,3.883233177396497
20,vs_s,8,Beta,0.004963080746553371
20,vs_s,9,Beta,1.3769705583430671
20,vs_s,10,Beta,1.1782158041087518
20,vs_s,11,Beta,2.3383533899164917
20,vs_s,12,Beta,4.760165719511218
20,vs_s,13,Beta,0.8230991015154815
20,vs_s,14,Beta,4.774251230138917
20,vs_s,15,Beta,2.3944440972728454
20,vs_s,16,Beta,5.054464654404905
20,vs_s,17,Beta,1.3373856948787768
20,vs_s,18,Beta,0.8036216805884174
20,vs_s,19,Beta,5.763504896628683
20,vs_s,20,Beta,2.3574186779625848
20,vs_s,21,Beta,5.300711930911883
20,vs_s,22,Beta,5.30631099501185
20,vs_s,23,Beta,0.9799339274922371
20,vs_s,24,Beta,1.6474507006957455
20,vs_s,25,Beta,1.410198303982007
20,vs_s,26,Beta,0.6896230229207332
20,vs_s,27,Beta,4.232846461282489
20,vs_s,28,Beta,0.7946281351905307
20,vs_s,29,Beta,6.1591533901798
20,vs_s,30,Beta,1.2004835833296545
20,vs_s,31,Beta,1.3978790298586627
20,vs_s,32,Beta,5.316274553737487
20,vs_s,33,Beta,5.780027297963874
20,vs_s,34,Beta,1.4193539605560808
20,vs_s,35,Beta,3.497693098246862
20,vs_s,36,Beta,4.352129140035939
20,vs_s,37,Beta,0.8266593844230784
20,vs_s,39,Beta,3.957612478109132
20,vs_s,40,Beta,6.021373155109619
20,vs_s,41,Beta,0.4998483928427204
20,vs_s,42,Beta,1.645373946276389
20,vs_s,43,Beta,1.0875786726888512
20,vs_s,44,Beta,1.1097372582799325
20,vs_s,45,Beta,6.236288599014941
20,vs_s,46,Beta,2.1533078021695635
20,vs_s,47,Beta,3.162934981834233
20,vs_s,48,Beta,0.2697140870962704
20,vs_s,49,Beta,0.5016689482794213
20,vs_s,50,Beta,2.05979664850325
20,vs_s,51,Beta,0.052873299737983666
20,vs_s,52,Beta,1.677426680093651
20,vs_s,53,Beta,0.4065505325738683
20,vs_s,54,Beta,4.150071104177571
20,vs_s,55,Beta,1.653893273683849
20,vs_s,56,Beta,2.1017870239643366
20,vs_s,57,Beta,0.3539735080015879
20,vs_s,58,Beta,0.2515437675265826
20,vs_s,59,Beta,0.5183981335923183
20,vs_s,60,Beta,3.1559698697480916
20,is_s,2,Delta,5.678875186298344
20,is_s,3,Delta,1.5329961032260788
20,is_s,4,Delta,1.1514149129544438
20,is_s,5,Delta,4.503993061655667
20,is_s,6,Delta,0.9345795385644837
20,is_s,7,Delta,1.3904516232407769
20,is_s,8,Delta,4.747617120916647
20,is_s,9,Delta,4.221478917241668
20,is_s,10,Delta,0.2173916014358698
20,is_s,12,Delta,5.475061106602104
20,is_s,13,Delta,1.4966613173183794
20,is_s,14,Delta,4.681365770658454
20,is_s,15,Delta,2.056939993181956
20,is_s,16,Delta,4.620369080060373
20,is_s,17,Delta,5.371001165569099
20,is_s,18,Delta,1.9760306556717957
20,is_s,19,Delta,0.4336026022825486
20,is_s,20,Delta,5.669500618611516
20,is_s,21,Delta,5.597315763938683
20,is_s,22,Delta,1.5056864092846847
20,is_s,23,Delta,1.59965068154226
20,is_s,24,Delta,5.084721568117696
20,is_s,25,Delta,1.8011714609742375
20,is_s,26,Delta,4.982969079418192
20,is_s,27,Delta,2.8861353935793077
20,is_s,28,Delta,0.7858555356622177
20,is_s,29,Delta,3.6968557514641924
20,is_s,30,Delta,4.659028487947761
20,is_s,31,Delta,2.896234586172547
20,is_s,32,Delta,2.7409858359277175
20,is_s,33,Delta,4.8218202196783295
20,is_s,34,Delta,3.7900087419390465
20,is_s,35,Delta,2.022653716983417
20,is_s,36,Delta,3.027637534866239
20,is_s,37,Delta,5.1728400885798935
20,is_s,38,Delta,1.568989606352335
20,is_s,39,Delta,0.1899345637741001
20,is_s,40,Delta,4.973837037160126
20,is_s,41,Delta,0.4689207514563476
20,is_s,42,Delta,4.593208394767597
20,is_s,43,Delta,2.3610415838866046
20,is_s,44,Delta,2.9417859675974323
20,is_s,45,Delta,1.2866207422594444
20,is_s,46,Delta,4.351170531168284
20,is_s,47,Delta,3.9583189505308827
20,is_s,48,Delta,4.6389910702972665
20,is_s,49,Delta,0.6337685058057558
20,is_s,50,Delta,1.6210123596400416
20,is_s,51,Delta,5.018166961363111
20,is_s,52,Delta,2.6049875129054385
20,is_s,54,Delta,1.2079315241535096
20,is_s,55,Delta,1.1251502065808647
20,is_s,56,Delta,3.84987211818006
20,is_s,57,Delta,4.818546442134656
20,is_s,58,Delta,5.338316774680159
20,is_s,59,Delta,0.7688275175617516
20,is_s,60,Delta,1.6101192879109008
20,is_s,2,Theta,0.14971717730643208
20,is_s,3,Theta,1.382957551729301
20,is_s,4,Theta,0.5900763863974675
20,is_s,5,Theta,2.881166765525331
20,is_s,6,Theta,0.7644198096700772
20,is_s,7,Theta,1.833511709233399
20,is_s,8,Theta,4.612095081205205
20,is_s,9,Theta,3.6582556228283063
20,is_s,10,Theta,0.04253801070354321
20,is_s,12,Theta,5.68291871081559
20,is_s,13,Theta,1.2865684395912218
20,is_s,14,Theta,4.678715466699351
20,is_s,15,Theta,2.530948088844324
20,is_s,16,Theta,3.518238163681153
20,is_s,17,Theta,5.001475638255374
20,is_s,18,Theta,2.620029983022874
20,is_s,19,Theta,0.7618358439560537
20,is_s,20,Theta,0.3012862512051556
20,is_s,21,Theta,5.769713095330694
20,is_s,22,Theta,4.44483186263036
20,is_s,23,Theta,3.4664232935594215
20,is_s,24,Theta,6.07206127569947
20,is_s,25,Theta,1.6439251046536616
20,is_s,26,Theta,0.33983432095300303
20,is_s,27,Theta,4.437925464213127
20,is_s,28,Theta,5.564270277943756
20,is_s,29,Theta,4.421016688013953
20,is_s,30,Theta,3.9328165103475237
20,is_s,31,Theta,2.2165706981642845
20,is_s,32,Theta,4.055712227035272
20,is_s,33,Theta,5.668943566476997
20,is_s,34,Theta,2.8463041756608956
20,is_s,35,Theta,2.9655790974596217
20,is_s,36,Theta,3.9148673465546784
20,is_s,37,Theta,0.9161852476853724
20,is_s,38,Theta,2.4116481577629307
20,is_s,39,Theta,5.849390816080703
20,is_s,40,Theta,0.12699867468687817
20,is_s,41,Theta,0.6522949717699198
20,is_s,42,Theta,3.282837306497015
20,is_s,43,Theta,5.992922954582208
20,is_s,44,Theta,2.111299509440825
20,is_s,45,Theta,2.7170725786948524
20,is_s,46,Theta,2.5968525836319643
20,is_s,47,Theta,4.174538218387678
20,is_s,48,Theta,5.083243293852552
20,is_s,49,Theta,1.4001361001537596
20,is_s,50,Theta,3.3816676270543944
20,is_s,51,Theta,5.808069656207209
20,is_s,52,Theta,4.7310262788593
20,is_s,54,Theta,0.8688050669731622
20,is_s,55,Theta,1.0789858000477879
20,is_s,56,Theta,4.589163220736708
20,is_s,57,Theta,5.0611687590964385
20,is_s,58,Theta,0.19142629005381778
20,is_s,59,Theta,5.1086914280679245
20,is_s,60,Theta,3.461436444007546
20,is_s,2,Alpha,5.914777750017168
20,is_s,3,Alpha,2.114072383998983
20,is_s,4,Alpha,0.41067094606801985
20,is_s,5,Alpha,1.7709662964917996
20,is_s,6,Alpha,0.7040028653808403
20,is_s,7,Alpha,2.004129884217396
20,is_s,8,Alpha,4.428154526759928
20,is_s,9,Alpha,0.7424038420385108
20,is_s,10,Alpha,0.5388037430638994
20,is_s,12,Alpha,5.373379149560716
20,is_s,13,Alpha,1.4276421970777597
20,is_s,14,Alpha,4.937352838856239
20,is_s,15,Alpha,2.6829009215448036
20,is_s,16,Alpha,2.157599239146111
20,is_s,17,Alpha,3.7153027627119593
20,is_s,18,Alpha,0.6313946764041213
20,is_s,19,Alpha,0.44151855463940687
20,is_s,20,Alpha,1.1245898012844664
20,is_s,21,Alpha,5.1703190550241205
20,is_s,22,Alpha,4.85805756549015
20,is_s,23,Alpha,3.9466335220854107
20,is_s,24,Alpha,1.1355474370774756
20,is_s,25,Alpha,4.706350477296091
20,is_s,26,Alpha,0.1490615012517628
20,is_s,27,Alpha,5.159131302284322
20,is_s,28,Alpha,0.04837712911105089
20,is_s,29,Alpha,0.511741422008535
20,is_s,30,Alpha,2.48592840253105
20,is_s,31,Alpha,1.055416706005157
20,is_s,32,Alpha,4.269410623521875
20,is_s,33,Alpha,6.186603611295309
20,is_s,34,Alpha,3.587719338089069
20,is_s,35,Alpha,4.179042429716141
20,is_s,36,Alpha,4.574325991591877
20,is_s,37,Alpha,0.9483148249305813
20,is_s,38,Alpha,3.6039294585729147
20,is_s,39,Alpha,0.03386686937112507
20,is_s,40,Alpha,0.11767798603278336
20,is_s,41,Alpha,1.8900030953590345
20,is_s,42,Alpha,1.311418300933018
20,is_s,43,Alpha,0.12117439110828761
20,is_s,44,Alpha,0.9132863517359122
20,is_s,45,Alpha,3.274909345631931
20,is_s,46,Alpha,1.359426137182061
20,is_s,47,Alpha,2.5926171008753447
20,is_s,48,Alpha,5.886195860527762
20,is_s,49,Alpha,2.486597930852759
20,is_s,50,Alpha,4.010976991536852
20,is_s,51,Alpha,0.7860833227152322
20,is_s,52,Alpha,5.030566735652039
20,is_s,54,Alpha,1.1652756998289284
20,is_s,55,Alpha,3.964891667168809
20,is_s,56,Alpha,0.9761758972667623
20,is_s,57,Alpha,4.707544988407164
20,is_s,58,Alpha,0.9581709610535369
20,is_s,59,Alpha,2.9809321421380637
20,is_s,60,Alpha,5.018367152886172
20,is_s,2,Beta,4.130970939313377
20,is_s,3,Beta,6.178491861505585
20,is_s,4,Beta,1.939577596738194
20,is_s,5,Beta,5.948037393452898
20,is_s,6,Beta,1.3608349417547743
20,is_s,7,Beta,4.048369861823859
20,is_s,8,Beta,5.809553139228921
20,is_s,9,Beta,0.05173907553779789
20,is_s,10,Beta,1.8117060621473684
20,is_s,12,Beta,0.943284428844715
20,is_s,13,Beta,2.6450691691441834
20,is_s,14,Beta,5.794292319266537
20,is_s,15,Beta,3.178891564461194
20,is_s,16,Beta,0.4103569299171243
20,is_s,17,Beta,2.2138582543363854
20,is_s,18,Beta,6.140410669556905
20,is_s,19,Beta,4.184473977400152
20,is_s,20,Beta,5.101151670490035
20,is_s,21,Beta,0.5178616768430978
20,is_s,22,Beta,0.5409149767300088
20,is_s,23,Beta,3.547992627503154
20,is_s,24,Beta,0.4109866684079374
20,is_s,25,Beta,3.5530956549857313
20,is_s,26,Beta,0.772755769364196
20,is_s,27,Beta,3.02764561256811
20,is_s,28,Beta,6.064257115092059
20,is_s,29,Beta,2.9805183350715097
20,is_s,30,Beta,0.713282766330755
20,is_s,31,Beta,1.358331856391215
20,is_s,32,Beta,1.0501374936165166
20,is_s,33,Beta,0.5108156045854331
20,is_s,34,Beta,1.4513465063026023
20,is_s,35,Beta,0.5405858429643398
20,is_s,36,Beta,1.3410235429455066
20,is_s,37,Beta,1.7710958543059432
20,is_s,38,Beta,1.9253891830638086
20,is_s,39,Beta,2.1949907752321507
20,is_s,40,Beta,0.6838499933871761
20,is_s,41,Beta,0.39142846431728967
20,is_s,42,Beta,3.328481179652482
20,is_s,43,Beta,6.088927124822416
20,is_s,44,Beta,1.1821939177845073
20,is_s,45,Beta,0.7511714550633629
20,is_s,46,Beta,0.765019898517187
20,is_s,47,Beta,2.0782815811233624
20,is_s,48,Beta,4.578156815514485
20,is_s,49,Beta,5.627898178625879
20,is_s,50,Beta,1.03389534401093
20,is_s,51,Beta,1.1106264369035876
20,is_s,52,Beta,6.1793918515868915
20,is_s,54,Beta,4.962178970490829
20,is_s,55,Beta,4.94520254436198
20,is_s,56,Beta,0.7047973166694895
20,is_s,57,Beta,5.844775945726847
20,is_s,58,Beta,0.009911331398506253
20,is_s,59,Beta,5.074752373147926
20,is_s,60,Beta,2.3595158720318548
3,is_s,1,Delta,1.477394036364347
3,is_s,2,Delta,1.417397167318914
3,is_s,3,Delta,4.311943498850839
3,is_s,4,Delta,1.266946646780004
3,is_s,5,Delta,1.2241830027913498
3,is_s,6,Delta,0.11158948839793073
3,is_s,7,Delta,0.6317384108897924
3,is_s,8,Delta,4.529824885351017
3,is_s,9,Delta,4.457519635749033
3,is_s,10,Delta,4.091784071732032
3,is_s,11,Delta,5.530486429070694
3,is_s,12,Delta,4.1390592901243055
3,is_s,13,Delta,1.4326023824029614
3,is_s,14,Delta,5.274492058785602
3,is_s,15,Delta,1.2347029324498282
3,is_s,16,Delta,4.986535135213224
3,is_s,17,Delta,1.4610276201785486
3,is_s,18,Delta,5.612086922053103
3,is_s,19,Delta,1.2945316355932346
3,is_s,20,Delta,0.5968733065775013
3,is_s,21,Delta,5.930938497377515
3,is_s,22,Delta,4.667255734555866
3,is_s,23,Delta,5.681927490168047
3,is_s,24,Delta,6.063794786507006
3,is_s,25,Delta,0.9685121488090777
3,is_s,26,Delta,1.5027892414142148
3,is_s,27,Delta,1.093529361154939
3,is_s,28,Delta,5.35143555364612
3,is_s,29,Delta,0.9048210544481703
3,is_s,30,Delta,4.837573148066153
3,is_s,31,Delta,4.5416552242961465
3,is_s,32,Delta,1.6421704294357273
3,is_s,33,Delta,4.6809036313015415
3,is_s,34,Delta,4.9233427445041915
3,is_s,35,Delta,4.882622114443191
3,is_s,36,Delta,5.753700708144069
3,is_s,37,Delta,5.537577312178841
3,is_s,38,Delta,5.025379265494378
3,is_s,39,Delta,4.792907222498959
3,is_s,40,Delta,0.78934276281767
3,is_s,41,Delta,0.1538422103562568
3,is_s,42,Delta,5.477214511817044
3,is_s,43,Delta,5.080353828268008
3,is_s,44,Delta,5.9322151001938455
3,is_s,45,Delta,5.188736719052606
3,is_s,46,Delta,0.76418623164168
3,is_s,47,Delta,4.015305295842946
3,is_s,48,Delta,1.8596261556206204
3,is_s,49,Delta,0.11292848199018375
3,is_s,50,Delta,0.8558794745328785
3,is_s,51,Delta,1.2320455587739192
3,is_s,52,Delta,5.009544802958171
3,is_s,53,Delta,5.424760108386221
3,is_s,54,Delta,4.718988422222726
3,is_s,55,Delta,2.0354390626216863
3,is_s,56,Delta,5.586344802074834
3,is_s,57,Delta,4.416914967174093
3,is_s,58,Delta,4.935718836712171
3,is_s,59,Delta,1.5325116092191828
3,is_s,60,Delta,5.398123868193336
3,is_s,1,Theta,0.7678940527531194
3,is_s,2,Theta,1.4340585660096723
3,is_s,3,Theta,3.100586059198306
3,is_s,4,Theta,1.4568152304192374
3,is_s,5,Theta,1.610718942000714
3,is_s,6,Theta,5.056446596244953
3,is_s,7,Theta,6.061637024557526
3,is_s,8,Theta,4.451588892103211
3,is_s,9,Theta,4.349496859243539
3,is_s,10,Theta,1.5122587424068712
3,is_s,11,Theta,5.391169790972998
3,is_s,12,Theta,3.6038575830876898
3,is_s,13,Theta,2.2005916291940837
3,is_s,14,Theta,5.732865610289105
3,is_s,15,Theta,4.779279522715999
3,is_s,16,Theta,5.244011212180311
3,is_s,17,Theta,1.4773684858074558
3,is_s,18,Theta,1.5639527628159051
3,is_s,19,Theta,2.01746602123652
3,is_s,20,Theta,1.1314793022200513
3,is_s,21,Theta,0.2603482020887103
3,is_s,22,Theta,3.993425445490705
3,is_s,23,Theta,5.250311406240193
3,is_s,24,Theta,1.0992221855762974
3,is_s,25,Theta,0.8498132869334797
3,is_s,26,Theta,3.0366234013031566
3,is_s,27,Theta,5.984888990977664
3,is_s,28,Theta,5.628448052004168
3,is_s,29,Theta,0.9350049301130465
3,is_s,30,Theta,4.685261368030305
3,is_s,31,Theta,1.945071031403397
3,is_s,32,Theta,2.3610483348187206
3,is_s,33,Theta,1.6452283707660025
3,is_s,34,Theta,3.821446363696051
3,is_s,35,Theta,3.960039139061572
3,is_s,36,Theta,5.581166930938689
3,is_s,37,Theta,4.932312264823867
3,is_s,38,Theta,4.907235751708544
3,is_s,39,Theta,1.5658532084497365
3,is_s,40,Theta,1.2811022293129433
3,is_s,41,Theta,1.5780225212776595
3,is_s,42,Theta,5.418898736197259
3,is_s,43,Theta,4.488155622483208
3,is_s,44,Theta,4.985306829372568
3,is_s,45,Theta,4.166812514992374
3,is_s,46,Theta,0.05158767198468606
3,is_s,47,Theta,3.323403267983829
3,is_s,48,Theta,2.57527868494869
3,is_s,49,Theta,0.17852483849149647
3,is_s,50,Theta,5.424444737486136
3,is_s,51,Theta,1.8841911100146425
3,is_s,52,Theta,4.857264985111753
3,is_s,53,Theta,4.2523137575886665
3,is_s,54,Theta,2.967490072214854
3,is_s,55,Theta,2.3400102241099505
3,is_s,56,Theta,5.640164894637065
3,is_s,57,Theta,1.4488900162102507
3,is_s,58,Theta,1.653959483469224
3,is_s,59,Theta,2.2164890418304024
3,is_s,60,Theta,6.00015135227275
3,is_s,1,Alpha,0.49926137291049033
3,is_s,2,Alpha,1.8162325341809913
3,is_s,3,Alpha,3.452924038460924
3,is_s,4,Alpha,0.9720720006416539
3,is_s,5,Alpha,1.0411094329431787
3,is_s,6,Alpha,4.505719326930473
3,is_s,7,Alpha,4.910291970801992
3,is_s,8,Alpha,5.547762733063384
3,is_s,9,Alpha,5.306070405754918
3,is_s,10,Alpha,0.5597192083376713
3,is_s,11,Alpha,6.047940437867945
3,is_s,12,Alpha,1.0635173741477657
3,is_s,13,Alpha,3.1870273036131835
3,is_s,14,Alpha,5.350688378941458
3,is_s,15,Alpha,4.526115491707721
3,is_s,16,Alpha,5.599376772739624
3,is_s,17,Alpha,4.933009746836648
3,is_s,18,Alpha,1.1641173384931107
3,is_s,19,Alpha,3.8418389077570594
3,is_s,20,Alpha,3.0869572524056386
3,is_s,21,Alpha,6.2492576305565875
3,is_s,22,Alpha,3.973920870420499
3,is_s,23,Alpha,4.101427039977025
3,is_s,24,Alpha,1.507467437823565
3,is_s,25,Alpha,1.261783935787536
3,is_s,26,Alpha,3.604798461176419
3,is_s,27,Alpha,5.709357320794859
3,is_s,28,Alpha,5.658779618125051
3,is_s,29,Alpha,2.0111531415608237
3,is_s,30,Alpha,4.736379480667761
3,is_s,31,Alpha,1.0975300213064432
3,is_s,32,Alpha,2.357182277410386
3,is_s,33,Alpha,1.2106336113241216
3,is_s,34,Alpha,3.5477245271719684
3,is_s,35,Alpha,2.39852603900096
3,is_s,36,Alpha,4.0300407795346675
3,is_s,37,Alpha,3.010081170263252
3,is_s,38,Alpha,4.987306796923954
3,is_s,39,Alpha,1.6322270412160365
3,is_s,40,Alpha,2.172227871119354
3,is_s,41,Alpha,2.9463650086764765
3,is_s,42,Alpha,4.555612506036724
3,is_s,43,Alpha,3.356544833423231
3,is_s,44,Alpha,4.169824380268656
3,is_s,45,Alpha,4.31286950257771
3,is_s,46,Alpha,5.713140019849293
3,is_s,47,Alpha,4.758553464857562
3,is_s,48,Alpha,3.3632332016223883
3,is_s,49,Alpha,1.8192504056558425
3,is_s,50,Alpha,4.10789137204671
3,is_s,51,Alpha,4.463762101017909
3,is_s,52,Alpha,2.1136404921671628
3,is_s,53,Alpha,5.262056646115073
3,is_s,54,Alpha,3.657307879282002
3,is_s,55,Alpha,2.1358717892008263
3,is_s,56,Alpha,5.389055247437334
3,is_s,57,Alpha,1.048616370649579
3,is_s,58,Alpha,0.8673330621929576
3,is_s,59,Alpha,0.918808167468007
3,is_s,60,Alpha,0.5646588556698876
3,is_s,1,Beta,5.41657740717913
3,is_s,2,Beta,4.338346809821829
3,is_s,3,Beta,2.193222007741186
3,is_s,4,Beta,4.39712668655576
3,is_s,5,Beta,4.737292517751978
3,is_s,6,Beta,2.0484732346928793
3,is_s,7,Beta,2.749286741363453
3,is_s,8,Beta,5.217965620162632
3,is_s,9,Beta,3.298625334933433
3,is_s,10,Beta,4.626954963194544
3,is_s,11,Beta,4.655031340093539
3,is_s,12,Beta,6.087869814726408
3,is_s,13,Beta,3.1401245329405265
3,is_s,14,Beta,1.055867234294974
3,is_s,15,Beta,0.5007975969183178
3,is_s,16,Beta,2.089724250557931
3,is_s,17,Beta,1.9009616970176808
3,is_s,18,Beta,4.3491369402075835
3,is_s,19,Beta,1.9761748906473993
3,is_s,20,Beta,4.4313054669683
3,is_s,21,Beta,3.431541661053307
3,is_s,22,Beta,0.7567402567433902
3,is_s,23,Beta,4.8933460327344065
3,is_s,24,Beta,4.701046177834743
3,is_s,25,Beta,4.059247109282387
3,is_s,26,Beta,3.881712615906473
3,is_s,27,Beta,5.692750314129102
3,is_s,28,Beta,0.13914688502861033
3,is_s,29,Beta,1.2608136028858359
3,is_s,30,Beta,2.60495349426312
3,is_s,31,Beta,3.199514137302725
3,is_s,32,Beta,3.5970475749540785
3,is_s,33,Beta,2.135619851289604
3,is_s,34,Beta,5.909606344480644
3,is_s,35,Beta,1.6170809145739107
3,is_s,36,Beta,2.904614070986076
3,is_s,37,Beta,4.081039936267626
3,is_s,38,Beta,4.111550685271469
3,is_s,39,Beta,5.7905630104545445
3,is_s,40,Beta,1.7200411267510578
3,is_s,41,Beta,2.979214580528122
3,is_s,42,Beta,3.7801187526625304
3,is_s,43,Beta,1.2709670680132612
3,is_s,44,Beta,4.539842076381061
3,is_s,45,Beta,0.20298548802249905
3,is_s,46,Beta,4.502252392900601
3,is_s,47,Beta,5.473569402763538
3,is_s,48,Beta,0.8375589294548178
3,is_s,49,Beta,2.236463179254015
3,is_s,50,Beta,2.7390247854859586
3,is_s,51,Beta,0.3428532757818968
3,is_s,52,Beta,3.9124600199229853
3,is_s,53,Beta,4.737498958982528
3,is_s,54,Beta,3.1178047127748516
3,is_s,55,Beta,3.335311064573945
3,is_s,56,Beta,3.492786902342025
3,is_s,57,Beta,4.8330850952280695
3,is_s,58,Beta,2.7377149919544492
3,is_s,59,Beta,0.16706290185431957
3,is_s,60,Beta,4.318739730294791
3,vs_s,1,Delta,4.314503141501708
3,vs_s,2,Delta,5.568576242699709
3,vs_s,3,Delta,6.041865332519064
3,vs_s,5,Delta,0.08926055983963103
3,vs_s,6,Delta,4.785660137048971
3,vs_s,7,Delta,2.3805794057770684
3,vs_s,8,Delta,5.14732216396987
3,vs_s,9,Delta,1.0891517351492783
3,vs_s,10,Delta,0.46726141764065443
3,vs_s,11,Delta,0.6244293891177637
3,vs_s,12,Delta,0.9511254094582667
3,vs_s,13,Delta,3.778626002726367
3,vs_s,14,Delta,0.6507892328562099
3,vs_s,15,Delta,4.2013945255856955
3,vs_s,16,Delta,3.9943626521587006
3,vs_s,17,Delta,1.320469541072269
3,vs_s,18,Delta,6.009550574964751
3,vs_s,19,Delta,1.9537523637572611
3,vs_s,20,Delta,1.0957949499871014
3,vs_s,21,Delta,1.9606096821537065
3,vs_s,22,Delta,5.390785987614958
3,vs_s,23,Delta,4.0211423177884225
3,vs_s,24,Delta,0.009082081097838122
3,vs_s,25,Delta,4.829638552278455
3,vs_s,26,Delta,0.3686891081771497
3,vs_s,27,Delta,2.713155291024736
3,vs_s,28,Delta,5.488309865834089
3,vs_s,29,Delta,4.950302999121011
3,vs_s,30,Delta,1.073810991196929
3,vs_s,31,Delta,5.128610158963906
3,vs_s,32,Delta,4.784753619216659
3,vs_s,33,Delta,4.870791275645992
3,vs_s,34,Delta,1.0545507928398092
3,vs_s,35,Delta,0.027126977953391408
3,vs_s,36,Delta,1.0443577898351324
3,vs_s,37,Delta,5.693865678764871
3,vs_s,38,Delta,0.35485683933454226
3,vs_s,39,Delta,6.112929163009716
3,vs_s,40,Delta,0.6166423681593106
3,vs_s,41,Delta,0.8591302130683973
3,vs_s,42,Delta,3.2281903951579696
3,vs_s,43,Delta,1.9994662088114963
3,vs_s,44,Delta,4.684711767780774
3,vs_s,45,Delta,0.7103426846027956
3,vs_s,46,Delta,0.330808424434994
3,vs_s,47,Delta,0.4697628369465675
3,vs_s,48,Delta,1.3962408837852693
3,vs_s,49,Delta,0.982347967032865
3,vs_s,50,Delta,4.2876483439552
3,vs_s,51,Delta,0.7170413473756174
3,vs_s,52,Delta,0.7991129542987522
3,vs_s,54,Delta,2.5825750079057728
3,vs_s,55,Delta,0.9629618490247035
3,vs_s,56,Delta,2.119578071365417
3,vs_s,57,Delta,1.4327659991203257
3,vs_s,58,Delta,4.3430645508104275
3,vs_s,59,Delta,4.53597702038231
3,vs_s,60,Delta,6.273948681265435
3,vs_s,1,Theta,3.503579573260954
3,vs_s,2,Theta,4.9585498412187
3,vs_s,3,Theta,5.956285149121767
3,vs_s,5,Theta,5.590793067392544
3,vs_s,6,Theta,4.119781475920424
3,vs_s,7,Theta,3.25446359081447
3,vs_s,8,Theta,4.951312115803844
3,vs_s,9,Theta,1.2834888224229375
3,vs_s,10,Theta,0.9929668563420108
3,vs_s,11,Theta,4.976877905936256
3,vs_s,12,Theta,0.5069336185425641
3,vs_s,13,Theta,3.6272291187877514
3,vs_s,14,Theta,0.7822529985391387
3,vs_s,15,Theta,4.692733780263048
3,vs_s,16,Theta,3.1350296650210763
3,vs_s,17,Theta,1.2213854496121044
3,vs_s,18,Theta,0.07041841085463807
3,vs_s,19,Theta,3.3119588828193254
3,vs_s,20,Theta,1.000885653677656
3,vs_s,21,Theta,1.2022319600343507
3,vs_s,22,Theta,0.9053468084505676
3,vs_s,23,Theta,1.7587937100695232
3,vs_s,24,Theta,1.552873806599211
3,vs_s,25,Theta,0.5712415858578724
3,vs_s,26,Theta,1.2022984084594306
3,vs_s,27,Theta,3.7547003486544033
3,vs_s,28,Theta,5.86594590846535
3,vs_s,29,Theta,6.183923485300067
3,vs_s,30,Theta,2.185496372961193
3,vs_s,31,Theta,0.8234360993427221
3,vs_s,32,Theta,0.022296516998827957
3,vs_s,33,Theta,4.410404259598677
3,vs_s,34,Theta,0.8628028735946076
3,vs_s,35,Theta,1.0937490849885023
3,vs_s,36,Theta,1.769988122614066
3,vs_s,37,Theta,5.920845863250983
3,vs_s,38,Theta,6.2750104750700055
3,vs_s,39,Theta,1.650360628052757
3,vs_s,40,Theta,0.9104040968527188
3,vs_s,41,Theta,0.37279715256531737
3,vs_s,42,Theta,3.2074016833679377
3,vs_s,43,Theta,2.562256877066009
3,vs_s,44,Theta,3.1877281410752216
3,vs_s,45,Theta,5.883985602084857
3,vs_s,46,Theta,5.94963101423237
3,vs_s,47,Theta,2.4036611014791065
3,vs_s,48,Theta,1.9917375744766788
3,vs_s,49,Theta,1.430627441213688
3,vs_s,50,Theta,2.244102896747667
3,vs_s,51,Theta,0.6362256029010387
3,vs_s,52,Theta,0.0816982949698859
3,vs_s,54,Theta,2.8319802056466474
3,vs_s,55,Theta,0.6957362177450362
3,vs_s,56,Theta,2.4455206297616248
3,vs_s,57,Theta,1.0223902057196486
3,vs_s,58,Theta,3.477419820247885
3,vs_s,59,Theta,3.7989777091991437
3,vs_s,60,Theta,0.47010716802403163
3,vs_s,1,Alpha,3.8830079395444432
3,vs_s,2,Alpha,2.0260109132312083
3,vs_s,3,Alpha,1.1909101583017159
3,vs_s,5,Alpha,5.1573957692848245
3,vs_s,6,Alpha,4.774526735525622
3,vs_s,7,Alpha,4.1039139558114055
3,vs_s,8,Alpha,3.750911289941675
3,vs_s,9,Alpha,1.4541697666456261
3,vs_s,10,Alpha,4.38840143358589
3,vs_s,11,Alpha,3.466038916659055
3,vs_s,12,Alpha,0.18191081398891765
3,vs_s,13,Alpha,2.5168003460259065
3,vs_s,14,Alpha,2.2171884354104723
3,vs_s,15,Alpha,1.9300602389598702
3,vs_s,16,Alpha,6.135992235505012
3,vs_s,17,Alpha,1.30882230749693
3,vs_s,18,Alpha,1.4225245553409485
3,vs_s,19,Alpha,0.04670314740751879
3,vs_s,20,Alpha,0.7391843932729516
3,vs_s,21,Alpha,0.7952054200283296
3,vs_s,22,Alpha,2.1624338026736045
3,vs_s,23,Alpha,1.594228300886139
3,vs_s,24,Alpha,2.901263599347684
3,vs_s,25,Alpha,2.6536965848014535
3,vs_s,26,Alpha,1.8021032462173727
3,vs_s,27,Alpha,3.2249931833206538
3,vs_s,28,Alpha,0.7144083728523143
3,vs_s,29,Alpha,2.2033194289315308
3,vs_s,30,Alpha,2.57067086420793
3,vs_s,31,Alpha,3.2145215828322944
3,vs_s,32,Alpha,0.5381790589394669
3,vs_s,33,Alpha,2.7257160119107535
3,vs_s,34,Alpha,5.516003798533967
3,vs_s,35,Alpha,1.606155980948618
3,vs_s,36,Alpha,6.07548320424047
3,vs_s,37,Alpha,2.4139208085342827
3,vs_s,38,Alpha,5.964413953946945
3,vs_s,39,Alpha,2.8043108029743533
3,vs_s,40,Alpha,2.4071494594652485
3,vs_s,41,Alpha,0.6815224031910628
3,vs_s,42,Alpha,5.018026440581133
3,vs_s,43,Alpha,2.838079915667762
3,vs_s,44,Alpha,2.1666833828982868
3,vs_s,45,Alpha,4.363003322528163
3,vs_s,46,Alpha,6.183144050192083
3,vs_s,47,Alpha,2.9047653080536513
3,vs_s,48,Alpha,2.678524814621938
3,vs_s,49,Alpha,1.3565811638997889
3,vs_s,50,Alpha,0.8051812122839103
3,vs_s,51,Alpha,2.0551437523621847
3,vs_s,52,Alpha,3.8488564691532567
3,vs_s,54,Alpha,3.0145015140518545
3,vs_s,55,Alpha,5.974049496157662
3,vs_s,56,Alpha,2.387170773265586
3,vs_s,57,Alpha,2.1856582415506955
3,vs_s,58,Alpha,3.7332864277338476
3,vs_s,59,Alpha,1.4813136536218066
3,vs_s,60,Alpha,4.005967965862476
3,vs_s,1,Beta,0.694109555881323
3,vs_s,2,Beta,0.570565725496423
3,vs_s,3,Beta,2.4726852461367343
3,vs_s,5,Beta,3.6868683261819397
3,vs_s,6,Beta,5.591957446644545
3,vs_s,7,Beta,0.8837634771214344
3,vs_s,8,Beta,4.525360930139936
3,vs_s,9,Beta,4.362895723120727
3,vs_s,10,Beta,2.0315924937094927
3,vs_s,11,Beta,2.367479469511437
3,vs_s,12,Beta,6.2388855689701215
3,vs_s,13,Beta,2.7883715275817273
3,vs_s,14,Beta,0.36017960046753433
3,vs_s,15,Beta,0.5241892578646206
3,vs_s,16,Beta,5.153467038002983
3,vs_s,17,Beta,1.902378310076734
3,vs_s,18,Beta,1.5769884225266368
3,vs_s,19,Beta,4.236373018239041
3,vs_s,20,Beta,1.3251058692848179
3,vs_s,21,Beta,1.5075312583094416
3,vs_s,22,Beta,2.542057250874931
3,vs_s,23,Beta,0.29507661371450783
3,vs_s,24,Beta,3.900777546105169
3,vs_s,25,Beta,4.8644934147192345
3,vs_s,26,Beta,2.5021720133776157
3,vs_s,27,Beta,3.5841644690520114
3,vs_s,28,Beta,2.8323180586524144
3,vs_s,29,Beta,2.4688638874620756
3,vs_s,30,Beta,1.2437900538122093
3,vs_s,31,Beta,2.0047479599689257
3,vs_s,32,Beta,5.900816032438069
3,vs_s,33,Beta,0.5409438375370149
3,vs_s,34,Beta,0.43952360067603413
3,vs_s,35,Beta,4.021440450839434
3,vs_s,36,Beta,0.8378102845256065
3,vs_s,37,Beta,5.687617133601313
3,vs_s,38,Beta,2.5125122796547
3,vs_s,39,Beta,2.473888758816559
3,vs_s,40,Beta,4.569226591265691
3,vs_s,41,Beta,2.2684065280577803
3,vs_s,42,Beta,3.557440129845541
3,vs_s,43,Beta,4.606628096511388
3,vs_s,44,Beta,3.5899990056278424
3,vs_s,45,Beta,5.463926301179301
3,vs_s,46,Beta,5.549848748467776
3,vs_s,47,Beta,2.815040049061366
3,vs_s,48,Beta,2.820704127567853
3,vs_s,49,Beta,5.920718174260652
3,vs_s,50,Beta,0.9622760701549447
3,vs_s,51,Beta,2.7331965092167003
3,vs_s,52,Beta,4.725027149705581
3,vs_s,54,Beta,4.368151240068871
3,vs_s,55,Beta,0.1800458494206121
3,vs_s,56,Beta,2.1080187915183055
3,vs_s,57,Beta,1.6232473084511696
3,vs_s,58,Beta,1.944648059349271
3,vs_s,59,Beta,0.5068747672890256
3,vs_s,60,Beta,1.5535295616122224
4,is_s,1,Delta,0.3465062693090722
4,is_s,2,Delta,4.586852438655482
4,is_s,3,Delta,5.994120247982699
4,is_s,4,Delta,4.817078547910713
4,is_s,5,Delta,1.7293454485672233
4,is_s,6,Delta,1.7791620370188403
4,is_s,7,Delta,1.7823251245941458
4,is_s,8,Delta,3.3880559156252095
4,is_s,9,Delta,1.803226505481436
4,is_s,10,Delta,5.260884788325771
4,is_s,11,Delta,0.9263718796973462
4,is_s,12,Delta,0.7737042086145154
4,is_s,13,Delta,4.960724980123338
4,is_s,14,Delta,2.101581607200968
4,is_s,15,Delta,1.3381528135178231
4,is_s,16,Delta,1.4396156188130584
4,is_s,17,Delta,0.3817041206364183
4,is_s,18,Delta,3.0564104501650076
4,is_s,19,Delta,2.000984114036775
4,is_s,20,Delta,0.08247788152370995
4,is_s,21,Delta,1.5520617888253616
4,is_s,22,Delta,2.448174335471749
4,is_s,23,Delta,0.8150918698391609
4,is_s,24,Delta,1.6834177426760906
4,is_s,25,Delta,2.0065508365625138
4,is_s,26,Delta,3.9345257774687075
4,is_s,27,Delta,4.333299497445052
4,is_s,28,Delta,1.4083929751115214
4,is_s,29,Delta,1.9995594130914047
4,is_s,30,Delta,0.5955566970339218
4,is_s,31,Delta,4.996531782456731
4,is_s,32,Delta,2.273830085978137
4,is_s,33,Delta,0.9675436355301957
4,is_s,34,Delta,0.8545251247162571
4,is_s,35,Delta,0.5166409206026763
4,is_s,36,Delta,2.3245525887782708
4,is_s,37,Delta,5.312372883582009
4,is_s,38,Delta,0.7973196260502644
4,is_s,39,Delta,4.186105784540902
4,is_s,40,Delta,0.18561466974720647
4,is_s,41,Delta,1.484272487465305
4,is_s,42,Delta,2.2725025313602596
4,is_s,43,Delta,1.987978030100318
4,is_s,44,Delta,4.757719037178772
4,is_s,45,Delta,3.8061207869127416
4,is_s,46,Delta,4.561021490239486
4,is_s,47,Delta,6.20961190149951
4,is_s,48,Delta,1.085457393974808
4,is_s,49,Delta,4.276791767748064
4,is_s,50,Delta,0.127635785692358
4,is_s,51,Delta,2.0149478057362233
4,is_s,52,Delta,1.709971610234221
4,is_s,53,Delta,0.9721794049710154
4,is_s,54,Delta,6.021724345219126
4,is_s,55,Delta,0.7572795234250002
4,is_s,56,Delta,1.256979151334712
4,is_s,57,Delta,1.176060584932263
4,is_s,58,Delta,1.5940015211872953
4,is_s,59,Delta,6.250501816362861
4,is_s,60,Delta,0.8138024533209959
4,is_s,1,Theta,0.5239872573378657
4,is_s,2,Theta,3.906134650082907
4,is_s,3,Theta,0.6848667075834715
4,is_s,4,Theta,4.432808496952575
4,is_s,5,Theta,2.7009542753668425
4,is_s,6,Theta,2.3389271754594945
4,is_s,7,Theta,2.143027925738678
4,is_s,8,Theta,4.325924880017526
4,is_s,9,Theta,1.4786212559523093
4,is_s,10,Theta,0.5750134574797054
4,is_s,11,Theta,1.8110371285456703
4,is_s,12,Theta,0.895627906323416
4,is_s,13,Theta,6.0040401350651855
4,is_s,14,Theta,2.354459236586686
4,is_s,15,Theta,1.0491934314907763
4,is_s,16,Theta,1.8051705603863586
4,is_s,17,Theta,0.39509590526249144
4,is_s,18,Theta,4.461182084288437
4,is_s,19,Theta,3.295787975493536
4,is_s,20,Theta,6.229159345289111
4,is_s,21,Theta,2.180472827997454
4,is_s,22,Theta,2.452605961067856
4,is_s,23,Theta,1.6881221850804122
4,is_s,24,Theta,2.1535278054794316
4,is_s,25,Theta,2.03643336172449
4,is_s,26,Theta,4.485428779212163
4,is_s,27,Theta,5.693321592803901
4,is_s,28,Theta,1.1465798806668366
4,is_s,29,Theta,3.3842691915034524
4,is_s,30,Theta,0.6680409668593832
4,is_s,31,Theta,4.789139137940959
4,is_s,32,Theta,2.9102002303388255
4,is_s,33,Theta,1.6562679834632403
4,is_s,34,Theta,0.14298217852142914
4,is_s,35,Theta,0.0775270983036806
4,is_s,36,Theta,3.4044190689365945
4,is_s,37,Theta,0.4582168885506685
4,is_s,38,Theta,2.236102367320398
4,is_s,39,Theta,4.160751051520468
4,is_s,40,Theta,6.000107786096652
4,is_s,41,Theta,1.3219211058797173
4,is_s,42,Theta,2.1559198075607617
4,is_s,43,Theta,2.945382447718107
4,is_s,44,Theta,5.3789540907715985
4,is_s,45,Theta,3.6525485185891986
4,is_s,46,Theta,3.7911692225310323
4,is_s,47,Theta,0.5831602299556581
4,is_s,48,Theta,2.6423960886141202
4,is_s,49,Theta,2.819917261119984
4,is_s,50,Theta,6.066167987785892
4,is_s,51,Theta,4.815923370302491
4,is_s,52,Theta,4.3226352096540435
4,is_s,53,Theta,6.05044163873372
4,is_s,54,Theta,5.385923608005907
4,is_s,55,Theta,0.8075952925482127
4,is_s,56,Theta,0.7818130590610372
4,is_s,57,Theta,0.3081391320254434
4,is_s,58,Theta,2.4533601381025467
4,is_s,59,Theta,2.0896530362034036
4,is_s,60,Theta,6.04537333404546
4,is_s,1,Alpha,2.00407086304582
4,is_s,2,Alpha,3.3112715490173303
4,is_s,3,Alpha,1.289518358735785
4,is_s,4,Alpha,3.988164045178747
4,is_s,5,Alpha,4.564455682082716
4,is_s,6,Alpha,3.86122196471893
4,is_s,7,Alpha,2.5118926135985857
4,is_s,8,Alpha,4.8066890889107565
4,is_s,9,Alpha,0.4694920278651272
4,is_s,10,Alpha,1.812194973085073
4,is_s,11,Alpha,3.098048557198555
4,is_s,12,Alpha,0.6295421241452446
4,is_s,13,Alpha,2.263434195536959
4,is_s,14,Alpha,3.4726263510878237
4,is_s,15,Alpha,0.4519560850933947
4,is_s,16,Alpha,3.373971079668437
4,is_s,17,Alpha,4.263605662544469
4,is_s,18,Alpha,5.3994926094383455
4,is_s,19,Alpha,2.5825318708505516
4,is_s,20,Alpha,0.7510487329027552
4,is_s,21,Alpha,2.9227973082326626
4,is_s,22,Alpha,2.2681901142259457
4,is_s,23,Alpha,4.016206604722095
4,is_s,24,Alpha,5.626479974209215
4,is_s,25,Alpha,0.6866231314203383
4,is_s,26,Alpha,4.771044508375448
4,is_s,27,Alpha,0.05049730388092008
4,is_s,28,Alpha,0.48849630779598524
4,is_s,29,Alpha,4.5658784357283855
4,is_s,30,Alpha,4.894559377189944
4,is_s,31,Alpha,4.024592452538462
4,is_s,32,Alpha,2.7698255962498246
4,is_s,33,Alpha,3.270455963237445
4,is_s,34,Alpha,6.043330264364421
4,is_s,35,Alpha,1.7264611420246239
4,is_s,36,Alpha,3.9906798153627516
4,is_s,37,Alpha,1.1851535786020309
4,is_s,38,Alpha,4.026881516441875
4,is_s,39,Alpha,3.9179674781871374
4,is_s,40,Alpha,4.7677651556734
4,is_s,41,Alpha,1.0101397685592974
4,is_s,42,Alpha,6.261875482007104
4,is_s,43,Alpha,3.125849515654106
4,is_s,44,Alpha,0.02468342448532787
4,is_s,45,Alpha,4.439733076459123
4,is_s,46,Alpha,4.037757175230691
4,is_s,47,Alpha,1.1500196934669387
4,is_s,48,Alpha,2.3741640841763147
4,is_s,49,Alpha,1.2810857391320585
4,is_s,50,Alpha,4.804100150247781
4,is_s,51,Alpha,5.190739540098409
4,is_s,52,Alpha,3.8542983332778116
4,is_s,53,Alpha,4.766406928369769
4,is_s,54,Alpha,4.102990003140692
4,is_s,55,Alpha,3.423720241006433
4,is_s,56,Alpha,5.735741892140007
4,is_s,57,Alpha,6.072446656482918
4,is_s,58,Alpha,4.688590740387065
4,is_s,59,Alpha,1.7312027214575203
4,is_s,60,Alpha,0.23836935647467922
4,is_s,1,Beta,2.593121658151699
4,is_s,2,Beta,5.180026559261399
4,is_s,3,Beta,1.7944415622027765
4,is_s,4,Beta,4.187374970208328
4,is_s,5,Beta,5.55986478134006
4,is_s,6,Beta,0.4439918815441259
4,is_s,7,Beta,5.317954158570033
4,is_s,8,Beta,1.7448819774244146
4,is_s,9,Beta,5.803364009746585
4,is_s,10,Beta,2.2854181853933335
4,is_s,11,Beta,3.1978204534301367
4,is_s,12,Beta,4.596471839746335
4,is_s,13,Beta,1.9804351511479819
4,is_s,14,Beta,3.2549896065086785
4,is_s,15,Beta,1.8792640607895894
4,is_s,16,Beta,2.785206319903948
4,is_s,17,Beta,4.706750035544892
4,is_s,18,Beta,4.766242340423952
4,is_s,19,Beta,1.2657464992488552
4,is_s,20,Beta,5.113896758107558
4,is_s,21,Beta,0.5637569214104124
4,is_s,22,Beta,3.7157084426281153
4,is_s,23,Beta,2.9080889435227637
4,is_s,24,Beta,3.8021475209597577
4,is_s,25,Beta,1.6937251718529824
4,is_s,26,Beta,3.354454978217509
4,is_s,27,Beta,0.4326791655971959
4,is_s,28,Beta,3.2371884465176306
4,is_s,29,Beta,2.1675485382160433
4,is_s,30,Beta,5.926461086247389
4,is_s,31,Beta,5.859563817785523
4,is_s,32,Beta,5.540729265741472
4,is_s,33,Beta,2.105628470794757
4,is_s,34,Beta,4.643648341283927
4,is_s,35,Beta,4.73317238040382
4,is_s,36,Beta,1.7259337401192922
4,is_s,37,Beta,2.2755616850204414
4,is_s,38,Beta,0.5067829078557174
4,is_s,39,Beta,4.418026038733187
4,is_s,40,Beta,6.245098026929982
4,is_s,41,Beta,2.0186458897281634
4,is_s,42,Beta,4.492117173238117
4,is_s,43,Beta,3.664408524039984
4,is_s,44,Beta,2.603140489730894
4,is_s,45,Beta,1.6561526917598726
4,is_s,46,Beta,0.7721199983776621
4,is_s,47,Beta,4.693705520204739
4,is_s,48,Beta,2.7874197727199514
4,is_s,49,Beta,1.0011844622663106
4,is_s,50,Beta,3.43134246217346
4,is_s,51,Beta,2.710814963245589
4,is_s,52,Beta,0.5020026365929383
4,is_s,53,Beta,1.1980261044175653
4,is_s,54,Beta,5.43726649367645
4,is_s,55,Beta,5.019908937741448
4,is_s,56,Beta,0.3912846249010531
4,is_s,57,Beta,4.661058601791786
4,is_s,58,Beta,3.4507872488656175
4,is_s,59,Beta,4.263798433641275
4,is_s,60,Beta,0.47752684537989926
4,vs_s,1,Delta,1.448155175570439
4,vs_s,2,Delta,1.1462995485695195
4,vs_s,3,Delta,1.5059918086456607
4,vs_s,4,Delta,0.05065150423624398
4,vs_s,5,Delta,5.625891206255114
4,vs_s,6,Delta,5.935944979032095
4,vs_s,7,Delta,2.589761621752495
4,vs_s,8,Delta,2.110658685466639
4,vs_s,9,Delta,0.8765441366578096
4,vs_s,10,Delta,1.3885563679022888
4,vs_s,13,Delta,1.684266290420427
4,vs_s,14,Delta,3.8212694318785165
4,vs_s,15,Delta,2.154588035970743
4,vs_s,16,Delta,6.273791792320591
4,vs_s,17,Delta,1.0776323025606322
4,vs_s,18,Delta,6.0288555747381665
4,vs_s,19,Delta,5.89473023687607
4,vs_s,20,Delta,5.618649573165285
4,vs_s,21,Delta,1.753557300141272
4,vs_s,22,Delta,4.781165673492404
4,vs_s,23,Delta,0.2679054360005354
4,vs_s,24,Delta,4.988700678890249
4,vs_s,25,Delta,1.2998559017002904
4,vs_s,26,Delta,1.21611843416083
4,vs_s,27,Delta,1.1522724707067558
4,vs_s,28,Delta,0.20369379270640953
4,vs_s,29,Delta,0.7703818719833597
4,vs_s,30,Delta,1.2730418678103017
4,vs_s,31,Delta,1.8403106336891886
4,vs_s,32,Delta,5.893500006305146
4,vs_s,33,Delta,1.7321660752893546
4,vs_s,34,Delta,2.0461206245257424
4,vs_s,35,Delta,3.171822696658157
4,vs_s,36,Delta,1.2767491076289657
4,vs_s,37,Delta,3.3604634804673035
4,vs_s,38,Delta,2.605892231132751
4,vs_s,39,Delta,1.6525550453283901
4,vs_s,40,Delta,3.5129399819793434
4,vs_s,41,Delta,4.971291675597725
4,vs_s,42,Delta,4.542227609195381
4,vs_s,43,Delta,1.0205437252378968
4,vs_s,44,Delta,3.3935327967548194
4,vs_s,45,Delta,4.292935142121971
4,vs_s,46,Delta,6.106463001197826
4,vs_s,47,Delta,6.126779529817569
4,vs_s,48,Delta,5.399334530875561
4,vs_s,49,Delta,1.3830727043413835
4,vs_s,50,Delta,4.421466540660795
4,vs_s,51,Delta,1.9836229106970158
4,vs_s,52,Delta,5.345848156071632
4,vs_s,53,Delta,1.0965600156908506
4,vs_s,54,Delta,3.126548787871761
4,vs_s,55,Delta,1.4127218778877357
4,vs_s,56,Delta,2.416846646554289
4,vs_s,57,Delta,4.891098018004824
4,vs_s,58,Delta,1.9411198970570338
4,vs_s,59,Delta,5.12640886900302
4,vs_s,1,Theta,1.586344701607078
4,vs_s,2,Theta,0.9003957819201976
4,vs_s,3,Theta,0.29022324018498447
4,vs_s,4,Theta,0.13480906074222357
4,vs_s,5,Theta,2.710833655640271
4,vs_s,6,Theta,5.33197828546036
4,vs_s,7,Theta,2.7987004286556028
4,vs_s,8,Theta,2.079860108343418
4,vs_s,9,Theta,2.719455941921188
4,vs_s,10,Theta,1.6501193363537683
4,vs_s,13,Theta,1.9807148619853159
4,vs_s,14,Theta,3.498576911421245
4,vs_s,15,Theta,2.5114709900626715
4,vs_s,16,Theta,5.748480147698891
4,vs_s,17,Theta,5.906174745074311
4,vs_s,18,Theta,0.10823444280923342
4,vs_s,19,Theta,0.4644201995410057
4,vs_s,20,Theta,0.6305526282280769
4,vs_s,21,Theta,1.7911250079227383
4,vs_s,22,Theta,5.416695315156058
4,vs_s,23,Theta,5.93265291563009
4,vs_s,24,Theta,4.791322490602942
4,vs_s,25,Theta,1.2286948444796497
4,vs_s,26,Theta,1.2204409056099048
4,vs_s,27,Theta,0.6462748976144239
4,vs_s,28,Theta,1.3630555173029637
4,vs_s,29,Theta,1.1988959319255887
4,vs_s,30,Theta,0.18589633553393808
4,vs_s,31,Theta,2.9593616873533195
4,vs_s,32,Theta,0.06492059504152144
4,vs_s,33,Theta,2.041193151904929
4,vs_s,34,Theta,2.637427674492615
4,vs_s,35,Theta,4.402718046713683
4,vs_s,36,Theta,0.49033627885695774
4,vs_s,37,Theta,3.8179522636229244
4,vs_s,38,Theta,3.8395925098412618
4,vs_s,39,Theta,2.7954048127625537
4,vs_s,40,Theta,2.671113207449922
4,vs_s,41,Theta,5.787146197216468
4,vs_s,42,Theta,4.302236499643151
4,vs_s,43,Theta,1.5855761671272783
4,vs_s,44,Theta,3.1411738998423595
4,vs_s,45,Theta,4.871381136006161
4,vs_s,46,Theta,0.20190470288803536
4,vs_s,47,Theta,0.09404964406521323
4,vs_s,48,Theta,5.124778186104545
4,vs_s,49,Theta,0.9061943135190729
4,vs_s,50,Theta,4.894048667461489
4,vs_s,51,Theta,3.4064457816731957
4,vs_s,52,Theta,0.4178385776878359
4,vs_s,53,Theta,1.848863124324164
4,vs_s,54,Theta,5.002503903437773
4,vs_s,55,Theta,1.3922825399318886
4,vs_s,56,Theta,3.5090707862084036
4,vs_s,57,Theta,4.509292247240366
4,vs_s,58,Theta,2.09914205088061
4,vs_s,59,Theta,4.950226815818825
4,vs_s,1,Alpha,3.9676402753268825
4,vs_s,2,Alpha,1.1299335901870236
4,vs_s,3,Alpha,5.724762043381231
4,vs_s,4,Alpha,0.757569544487427
4,vs_s,5,Alpha,2.350054823829386
4,vs_s,6,Alpha,5.5674116429350065
4,vs_s,7,Alpha,1.393523375869262
4,vs_s,8,Alpha,0.8247034452219492
4,vs_s,9,Alpha,1.5351093758901773
4,vs_s,10,Alpha,2.9158214970984027
4,vs_s,13,Alpha,5.481023696627856
4,vs_s,14,Alpha,2.0144328397757034
4,vs_s,15,Alpha,2.5960705194580833
4,vs_s,16,Alpha,4.9218966411610605
4,vs_s,17,Alpha,4.367704107001995
4,vs_s,18,Alpha,2.4172391626134657
4,vs_s,19,Alpha,1.297036816956058
4,vs_s,20,Alpha,1.5166935545000895
4,vs_s,21,Alpha,1.757923776749594
4,vs_s,22,Alpha,6.020780275787677
4,vs_s,23,Alpha,4.372766728291478
4,vs_s,24,Alpha,4.585784902612077
4,vs_s,25,Alpha,1.3600332892226967
4,vs_s,26,Alpha,1.0643122175330522
4,vs_s,27,Alpha,5.359485266378184
4,vs_s,28,Alpha,1.2120244528188735
4,vs_s,29,Alpha,1.3401626797749682
4,vs_s,30,Alpha,4.948262331385751
4,vs_s,31,Alpha,3.1888621114251077
4,vs_s,32,Alpha,0.030581191296499863
4,vs_s,33,Alpha,2.4884218143625625
4,vs_s,34,Alpha,1.9184975799415425
4,vs_s,35,Alpha,4.989925112190784
4,vs_s,36,Alpha,0.04350745918380317
4,vs_s,37,Alpha,5.290171528674161
4,vs_s,38,Alpha,3.6565789415774317
4,vs_s,39,Alpha,4.10171287000191
4,vs_s,40,Alpha,1.7577024065358087
4,vs_s,41,Alpha,5.882915264820937
4,vs_s,42,Alpha,0.835248324936494
4,vs_s,43,Alpha,5.965367841113929
4,vs_s,44,Alpha,2.8265044343651
4,vs_s,45,Alpha,1.4015178028984545
4,vs_s,46,Alpha,3.2363694268637166
4,vs_s,47,Alpha,5.631849268959765
4,vs_s,48,Alpha,5.671528055264729
4,vs_s,49,Alpha,1.1928250169117323
4,vs_s,50,Alpha,5.649268942785308
4,vs_s,51,Alpha,4.6080057677780815
4,vs_s,52,Alpha,1.3081638049399438
4,vs_s,53,Alpha,2.7810431110681955
4,vs_s,54,Alpha,1.3359802251896422
4,vs_s,55,Alpha,5.395641095091252
4,vs_s,56,Alpha,1.502866468927576
4,vs_s,57,Alpha,5.017631706907874
4,vs_s,58,Alpha,3.5180350530095814
4,vs_s,59,Alpha,4.76987801447717
4,vs_s,1,Beta,3.8738806354344257
4,vs_s,2,Beta,6.20143011968542
4,vs_s,3,Beta,0.9434878997456881
4,vs_s,4,Beta,4.4867562583709475
4,vs_s,5,Beta,1.0000451831371189
4,vs_s,6,Beta,5.396640752198314
4,vs_s,7,Beta,6.163848514440841
4,vs_s,8,Beta,0.11582790432868599
4,vs_s,9,Beta,0.6200152347243477
4,vs_s,10,Beta,2.2878005438089097
4,vs_s,13,Beta,3.128897352404866
4,vs_s,14,Beta,6.227594643332991
4,vs_s,15,Beta,5.931445705000212
4,vs_s,16,Beta,4.358643408665851
4,vs_s,17,Beta,2.0236928615100798
4,vs_s,18,Beta,2.6717856169846277
4,vs_s,19,Beta,0.776124653550897
4,vs_s,20,Beta,3.923105772213703
4,vs_s,21,Beta,3.1286860480591314
4,vs_s,22,Beta,5.93541916725829
4,vs_s,23,Beta,4.9656680754820535
4,vs_s,24,Beta,6.266015213198007
4,vs_s,25,Beta,5.9656618795885565
4,vs_s,26,Beta,5.544181609674313
4,vs_s,27,Beta,6.052030292956238
4,vs_s,28,Beta,0.8598672613485967
4,vs_s,29,Beta,0.23117203584275517
4,vs_s,30,Beta,0.9966157401348281
4,vs_s,31,Beta,0.2687273892099035
4,vs_s,32,Beta,1.371809316093411
4,vs_s,33,Beta,5.612536303808505
4,vs_s,34,Beta,4.388050164397886
4,vs_s,35,Beta,5.39600223823223
4,vs_s,36,Beta,1.6657312500879036
4,vs_s,37,Beta,5.106577430885277
4,vs_s,38,Beta,3.707601841391177
4,vs_s,39,Beta,0.19125977602231908
4,vs_s,40,Beta,0.044590041727440966
4,vs_s,41,Beta,4.989860089725468
4,vs_s,42,Beta,0.31234031975491233
4,vs_s,43,Beta,1.3073747953903276
4,vs_s,44,Beta,2.701830249678054
4,vs_s,45,Beta,4.032786112410085
4,vs_s,46,Beta,1.4118060952447646
4,vs_s,47,Beta,1.3985420181250836
4,vs_s,48,Beta,0.9431686893904789
4,vs_s,49,Beta,3.6675145080631677
4,vs_s,50,Beta,0.2771064266208972
4,vs_s,51,Beta,3.1498963091155714
4,vs_s,52,Beta,0.05272207145137258
4,vs_s,53,Beta,0.19699814097933716
4,vs_s,54,Beta,5.445742949341991
4,vs_s,55,Beta,1.924149053626705
4,vs_s,56,Beta,1.4461984029655186
4,vs_s,57,Beta,5.74832363467786
4,vs_s,58,Beta,0.6543649889549414
4,vs_s,59,Beta,2.7508058910531203
5,vs_s,1,Delta,4.570268548306737
5,vs_s,2,Delta,5.729785708683624
5,vs_s,3,Delta,1.6507221592425116
5,vs_s,4,Delta,2.291234462443097
5,vs_s,5,Delta,4.141428401435222
5,vs_s,6,Delta,4.487737706179008
5,vs_s,7,Delta,4.792062953155151
5,vs_s,8,Delta,5.045436994725298
5,vs_s,9,Delta,0.17126040849080396
5,vs_s,10,Delta,5.435451644069092
5,vs_s,11,Delta,3.0014663801353514
5,vs_s,12,Delta,2.426439209261389
5,vs_s,13,Delta,1.567088713347029
5,vs_s,14,Delta,5.032552143667499
5,vs_s,15,Delta,2.3009824561456416
5,vs_s,16,Delta,0.9693965275436651
5,vs_s,17,Delta,2.8649412814563355
5,vs_s,18,Delta,3.324064704322619
5,vs_s,19,Delta,4.188742475344274
5,vs_s,20,Delta,6.036474277016705
5,vs_s,21,Delta,4.665592100127505
5,vs_s,22,Delta,0.757167254221781
5,vs_s,23,Delta,4.735526028672124
5,vs_s,24,Delta,1.460655640965615
5,vs_s,25,Delta,2.2204806849889676
5,vs_s,26,Delta,2.499409707541166
5,vs_s,27,Delta,4.483970898095105
5,vs_s,28,Delta,0.9442829766416051
5,vs_s,29,Delta,3.145250596820478
5,vs_s,30,Delta,1.571744664367659
5,vs_s,31,Delta,1.0842528281022101
5,vs_s,32,Delta,4.951848158280524
5,vs_s,33,Delta,0.44535920502063925
5,vs_s,34,Delta,1.4222743122865402
5,vs_s,35,Delta,4.219048486799006
5,vs_s,36,Delta,2.525229388097958
5,vs_s,37,Delta,0.6007901518072619
5,vs_s,38,Delta,0.20739618675490423
5,vs_s,40,Delta,4.6470046816808
5,vs_s,41,Delta,0.4165904627305926
5,vs_s,42,Delta,4.213326396154936
5,vs_s,43,Delta,4.77945303973757
5,vs_s,44,Delta,5.276624174778918
5,vs_s,45,Delta,2.521082548425449
5,vs_s,46,Delta,1.200561801426725
5,vs_s,47,Delta,0.9478982363693271
5,vs_s,48,Delta,5.852780630877288
5,vs_s,49,Delta,2.1757958425283546
5,vs_s,50,Delta,1.9162416577578578
5,vs_s,51,Delta,3.4946004620585875
5,vs_s,53,Delta,4.5575515366680115
5,vs_s,54,Delta,3.0588690167197448
5,vs_s,55,Delta,2.7927314867347675
5,vs_s,56,Delta,2.046097116442239
5,vs_s,57,Delta,2.713238040337778
5,vs_s,58,Delta,1.1221966524827667
5,vs_s,59,Delta,0.5348220609670624
5,vs_s,60,Delta,1.2685877427561538
5,vs_s,1,Theta,4.242188519135685
5,vs_s,2,Theta,0.29007176375196925
5,vs_s,3,Theta,1.0478780597617645
5,vs_s,4,Theta,2.974609969250727
5,vs_s,5,Theta,3.8116154732227696
5,vs_s,6,Theta,4.419593027776054
5,vs_s,7,Theta,5.252182834171325
5,vs_s,8,Theta,1.0938908609374594
5,vs_s,9,Theta,0.10242776908482694
5,vs_s,10,Theta,6.169296849023143
5,vs_s,11,Theta,2.6337779396112526
5,vs_s,12,Theta,3.581524718362808
5,vs_s,13,Theta,2.8706231665976962
5,vs_s,14,Theta,5.365285620996915
5,vs_s,15,Theta,6.133259945895725
5,vs_s,16,Theta,1.6382082088654424
5,vs_s,17,Theta,2.7725078128771674
5,vs_s,18,Theta,4.85913831194886
5,vs_s,19,Theta,4.4919406660948535
5,vs_s,20,Theta,5.930715642100001
5,vs_s,21,Theta,6.071839005760163
5,vs_s,22,Theta,1.5191289023461438
5,vs_s,23,Theta,4.577538401004403
5,vs_s,24,Theta,0.9905401993678171
5,vs_s,25,Theta,2.5351876144867442
5,vs_s,26,Theta,2.4358067060618405
5,vs_s,27,Theta,4.43046556506704
5,vs_s,28,Theta,0.14011059148942037
5,vs_s,29,Theta,2.0243711089868874
5,vs_s,30,Theta,3.1250696102824707
5,vs_s,31,Theta,1.0636285434962938
5,vs_s,32,Theta,6.175653267404641
5,vs_s,33,Theta,5.42242956044203
5,vs_s,34,Theta,1.3036479101379876
5,vs_s,35,Theta,4.268421317923471
5,vs_s,36,Theta,2.513432809563935
5,vs_s,37,Theta,3.0668421458677897
5,vs_s,38,Theta,1.184538448456485
5,vs_s,40,Theta,4.632148058826328
5,vs_s,41,Theta,5.18527413243994
5,vs_s,42,Theta,3.0710604542497224
5,vs_s,43,Theta,5.362175372574515
5,vs_s,44,Theta,0.16463259654737472
5,vs_s,45,Theta,2.330859179529996
5,vs_s,46,Theta,1.6136158204722828
5,vs_s,47,Theta,0.10481318737343562
5,vs_s,48,Theta,0.11650717041383953
5,vs_s,49,Theta,1.3329182502691137
5,vs_s,50,Theta,1.611447948289514
5,vs_s,51,Theta,4.585031646392578
5,vs_s,53,Theta,4.356355735734808
5,vs_s,54,Theta,3.4912582929085203
5,vs_s,55,Theta,2.1609120892250213
5,vs_s,56,Theta,2.767752799342881
5,vs_s,57,Theta,2.612267422302603
5,vs_s,58,Theta,0.09981028670987778
5,vs_s,59,Theta,6.030124337089832
5,vs_s,60,Theta,1.5134484241253754
5,vs_s,1,Alpha,3.9020814328173064
5,vs_s,2,Alpha,0.7781297726320514
5,vs_s,3,Alpha,1.347891205038942
5,vs_s,4,Alpha,3.2032831319990716
5,vs_s,5,Alpha,2.7354673456078653
5,vs_s,6,Alpha,4.334351501240608
5,vs_s,7,Alpha,3.935574482976299
5,vs_s,8,Alpha,1.0082324611779172
5,vs_s,9,Alpha,5.121380727563082
5,vs_s,10,Alpha,4.662205303533186
5,vs_s,11,Alpha,1.7846156734123897
5,vs_s,12,Alpha,0.7127185873684868
5,vs_s,13,Alpha,4.299647832480007
5,vs_s,14,Alpha,3.1135935466507636
5,vs_s,15,Alpha,5.647722403947611
5,vs_s,16,Alpha,2.2788797748168843
5,vs_s,17,Alpha,3.104029887663425
5,vs_s,18,Alpha,5.398106618140648
5,vs_s,19,Alpha,4.516482625276451
5,vs_s,20,Alpha,5.4905367350366365
5,vs_s,21,Alpha,0.35874732242332924
5,vs_s,22,Alpha,3.0493867816804427
5,vs_s,23,Alpha,1.3553741863670286
5,vs_s,24,Alpha,0.5830256278252296
5,vs_s,25,Alpha,3.1040669151269764
5,vs_s,26,Alpha,2.1346486283861705
5,vs_s,27,Alpha,0.9400832823976181
5,vs_s,28,Alpha,5.458302000448305
5,vs_s,29,Alpha,1.4741429161166866
5,vs_s,30,Alpha,4.523881371248577
5,vs_s,31,Alpha,2.9304020548828773
5,vs_s,32,Alpha,5.861147653736503
5,vs_s,33,Alpha,5.951454081092664
5,vs_s,34,Alpha,4.280657435430137
5,vs_s,35,Alpha,5.767266423378364
5,vs_s,36,Alpha,3.4735154986510595
5,vs_s,37,Alpha,3.658975416430276
5,vs_s,38,Alpha,2.756037391631102
5,vs_s,40,Alpha,0.5341162942723567
5,vs_s,41,Alpha,5.605090943719376
5,vs_s,42,Alpha,3.3746127485689317
5,vs_s,43,Alpha,4.416000691396173
5,vs_s,44,Alpha,3.2349830207897634
5,vs_s,45,Alpha,2.3328369762821324
5,vs_s,46,Alpha,4.486759781175314
5,vs_s,47,Alpha,1.5349842635034114
5,vs_s,48,Alpha,5.407182675078636
5,vs_s,49,Alpha,5.68321315733429
5,vs_s,50,Alpha,1.851690435800853
5,vs_s,51,Alpha,2.0019964873476876
5,vs_s,53,Alpha,3.3189328341969015
5,vs_s,54,Alpha,4.771997981630909
5,vs_s,55,Alpha,2.6447241403564683
5,vs_s,56,Alpha,3.4762292231652157
5,vs_s,57,Alpha,2.3571329403294508
5,vs_s,58,Alpha,5.419826110084184
5,vs_s,59,Alpha,4.1475938481179195
5,vs_s,60,Alpha,2.482700140406024
5,vs_s,1,Beta,1.2035842079979278
5,vs_s,2,Beta,5.259948611986408
5,vs_s,3,Beta,5.636796143892708
5,vs_s,4,Beta,1.3854603525911715
5,vs_s,5,Beta,4.183185066985741
5,vs_s,6,Beta,3.317503806372825
5,vs_s,7,Beta,4.018931054060486
5,vs_s,8,Beta,5.482531969423704
5,vs_s,9,Beta,5.938525941886914
5,vs_s,10,Beta,3.1878412730397048
5,vs_s,11,Beta,1.9319189972428266
5,vs_s,12,Beta,5.553443188318942
5,vs_s,13,Beta,2.879969323925343
5,vs_s,14,Beta,5.801381596517293
5,vs_s,15,Beta,4.429503134872827
5,vs_s,16,Beta,4.230128784392854
5,vs_s,17,Beta,0.6475403231851619
5,vs_s,18,Beta,1.1971760914866103
5,vs_s,19,Beta,3.08716758841282
5,vs_s,20,Beta,5.8270002736927475
5,vs_s,21,Beta,1.1256815904154516
5,vs_s,22,Beta,1.6764407864861983
5,vs_s,23,Beta,4.407195338382551
5,vs_s,24,Beta,0.8794252939315131
5,vs_s,25,Beta,3.877827795407859
5,vs_s,26,Beta,0.7328443242889259
5,vs_s,27,Beta,1.530244118733759
5,vs_s,28,Beta,0.8928576329945362
5,vs_s,29,Beta,0.3203600911877436
5,vs_s,30,Beta,2.0898001960303003
5,vs_s,31,Beta,2.7513380963495493
5,vs_s,32,Beta,1.943318014429274
5,vs_s,33,Beta,6.128347485334174
5,vs_s,34,Beta,5.686913752664246
5,vs_s,35,Beta,2.813981535756263
5,vs_s,36,Beta,2.8773883591436586
5,vs_s,37,Beta,0.7189454098869368
5,vs_s,38,Beta,2.3733078242687227
5,vs_s,40,Beta,2.4519941405991728
5,vs_s,41,Beta,1.586080736342511
5,vs_s,42,Beta,3.6802647437748592
5,vs_s,43,Beta,5.158515549386606
5,vs_s,44,Beta,0.24337583688875047
5,vs_s,45,Beta,3.7990151456945864
5,vs_s,46,Beta,4.964944761302005
5,vs_s,47,Beta,1.0453084063637126
5,vs_s,48,Beta,4.892626915006491
5,vs_s,49,Beta,2.7810597821384184
5,vs_s,50,Beta,0.06715891480195935
5,vs_s,51,Beta,3.5328343161315754
5,vs_s,53,Beta,3.84365327406032
5,vs_s,54,Beta,3.7533142296396456
5,vs_s,55,Beta,3.637201147851493
5,vs_s,56,Beta,6.231310194680402
5,vs_s,57,Beta,2.1857979705571124
5,vs_s,58,Beta,2.1977082927804474
5,vs_s,59,Beta,1.4141250872102897
5,vs_s,60,Beta,3.4307401886731137
5,is_s,1,Delta,5.037612911057651
5,is_s,2,Delta,2.1329050973217667
5,is_s,3,Delta,5.640702154443672
5,is_s,4,Delta,1.781493295832232
5,is_s,5,Delta,5.824579165470782
5,is_s,6,Delta,4.856957033072472
5,is_s,7,Delta,4.624447486383425
5,is_s,8,Delta,2.176124168524967
5,is_s,9,Delta,4.328967189955647
5,is_s,10,Delta,4.868121484291039
5,is_s,11,Delta,4.560886382896035
5,is_s,12,Delta,1.7124515942043246
5,is_s,13,Delta,0.6849400989459631
5,is_s,14,Delta,4.621639301216927
5,is_s,15,Delta,2.924854475563858
5,is_s,16,Delta,4.019691773609013
5,is_s,17,Delta,5.333463814543119
5,is_s,18,Delta,1.1415611710094926
5,is_s,19,Delta,1.6409128169694698
5,is_s,20,Delta,1.3589625493679918
5,is_s,21,Delta,6.149290577503596
5,is_s,22,Delta,4.007608172678809
5,is_s,23,Delta,1.474812656166628
5,is_s,24,Delta,0.5911417053378502
5,is_s,25,Delta,5.005065478956727
5,is_s,26,Delta,1.724071349909887
5,is_s,27,Delta,1.6733949246516775
5,is_s,28,Delta,3.910922571053644
5,is_s,29,Delta,1.095815567557133
5,is_s,30,Delta,0.5220610099433101
5,is_s,31,Delta,4.586452203263361
5,is_s,32,Delta,3.9864548168328753
5,is_s,33,Delta,4.856792312994728
5,is_s,34,Delta,3.7064480513644416
5,is_s,35,Delta,3.909241431981311
5,is_s,36,Delta,5.238313038107091
5,is_s,37,Delta,1.9863790698976564
5,is_s,38,Delta,6.19415906896409
5,is_s,39,Delta,1.645187727544613
5,is_s,40,Delta,1.3882103122679748
5,is_s,41,Delta,0.8094422652722616
5,is_s,42,Delta,2.698583894113042
5,is_s,43,Delta,3.731144041595053
5,is_s,44,Delta,3.9050110607511734
5,is_s,45,Delta,1.3848461059844805
5,is_s,46,Delta,0.7023944016329441
5,is_s,47,Delta,1.898628413689089
5,is_s,48,Delta,2.824074742379074
5,is_s,49,Delta,0.07838259630775744
5,is_s,50,Delta,0.06575446572632865
5,is_s,51,Delta,0.4365564389404116
5,is_s,52,Delta,0.5653691657948212
5,is_s,53,Delta,2.1408903573567724
5,is_s,54,Delta,4.541296810694269
5,is_s,55,Delta,0.7631115870233862
5,is_s,56,Delta,3.1773595272196737
5,is_s,57,Delta,1.7889927721547243
5,is_s,58,Delta,0.731605831288445
5,is_s,59,Delta,1.4450190190173087
5,is_s,60,Delta,2.9938992128279316
5,is_s,1,Theta,4.048532473930804
5,is_s,2,Theta,1.676233074055715
5,is_s,3,Theta,1.1267187613658893
5,is_s,4,Theta,2.8376020677704337
5,is_s,5,Theta,5.809105000328902
5,is_s,6,Theta,4.781638763753057
5,is_s,7,Theta,0.2316860891838051
5,is_s,8,Theta,4.812045019704491
5,is_s,9,Theta,3.8863487515521475
5,is_s,10,Theta,0.6403232622705503
5,is_s,11,Theta,4.891885310364644
5,is_s,12,Theta,2.6336496942022216
5,is_s,13,Theta,0.23055307869727906
5,is_s,14,Theta,4.193327887852985
5,is_s,15,Theta,2.0528867193092957
5,is_s,16,Theta,3.525672299918226
5,is_s,17,Theta,5.759965929405344
5,is_s,18,Theta,2.149031392137267
5,is_s,19,Theta,1.4136196847850275
5,is_s,20,Theta,1.2208671417698655
5,is_s,21,Theta,0.2240098543045002
5,is_s,22,Theta,4.126876572120011
5,is_s,23,Theta,0.3241915222074998
5,is_s,24,Theta,0.10952455355875275
5,is_s,25,Theta,0.33287420311823906
5,is_s,26,Theta,1.9233301495451671
5,is_s,27,Theta,2.0564551054702145
5,is_s,28,Theta,3.0327157883530313
5,is_s,29,Theta,5.595762094327533
5,is_s,30,Theta,0.38449940629146384
5,is_s,31,Theta,5.365189564661863
5,is_s,32,Theta,1.8107676953158796
5,is_s,33,Theta,5.615832356972781
5,is_s,34,Theta,4.247045313171833
5,is_s,35,Theta,3.561004250448622
5,is_s,36,Theta,5.033682223699842
5,is_s,37,Theta,3.353495978888308
5,is_s,38,Theta,1.7705922263909277
5,is_s,39,Theta,0.5884841363865148
5,is_s,40,Theta,4.379593356004462
5,is_s,41,Theta,4.600737394564883
5,is_s,42,Theta,4.5029841546953415
5,is_s,43,Theta,3.767673131972703
5,is_s,44,Theta,4.614664207954812
5,is_s,45,Theta,1.3592731405360536
5,is_s,46,Theta,5.032373191938888
5,is_s,47,Theta,1.988037199871618
5,is_s,48,Theta,3.651437520678717
5,is_s,49,Theta,6.1232152305765055
5,is_s,50,Theta,0.43739630728926177
5,is_s,51,Theta,1.8910614227928233
5,is_s,52,Theta,6.135353600860501
5,is_s,53,Theta,5.641966987310511
5,is_s,54,Theta,4.723669107581203
5,is_s,55,Theta,6.278433497432857
5,is_s,56,Theta,3.754819634017755
5,is_s,57,Theta,1.4865774908364882
5,is_s,58,Theta,1.9216085270864012
5,is_s,59,Theta,6.038406509063432
5,is_s,60,Theta,3.8593093085833523
5,is_s,1,Alpha,4.017819547789696
5,is_s,2,Alpha,0.6203752949221595
5,is_s,3,Alpha,5.687353687030487
5,is_s,4,Alpha,3.1911586101686753
5,is_s,5,Alpha,5.667225276882528
5,is_s,6,Alpha,5.3812505131509925
5,is_s,7,Alpha,1.6578191091078747
5,is_s,8,Alpha,5.374810710607269
5,is_s,9,Alpha,4.2491992860143295
5,is_s,10,Alpha,6.206922142047691
5,is_s,11,Alpha,5.457301932843989
5,is_s,12,Alpha,4.336025401481149
5,is_s,13,Alpha,1.247248369002698
5,is_s,14,Alpha,4.210089659629956
5,is_s,15,Alpha,1.353237298638004
5,is_s,16,Alpha,3.709494114891692
5,is_s,17,Alpha,0.39246213546337705
5,is_s,18,Alpha,3.6201527143823613
5,is_s,19,Alpha,1.631218078891752
5,is_s,20,Alpha,3.6455830402342824
5,is_s,21,Alpha,0.5945479243288087
5,is_s,22,Alpha,4.268161728721337
5,is_s,23,Alpha,1.0878071986302345
5,is_s,24,Alpha,4.942014118510333
5,is_s,25,Alpha,1.0570758884250144
5,is_s,26,Alpha,1.719679034892726
5,is_s,27,Alpha,2.9296495473662527
5,is_s,28,Alpha,2.8098266903103073
5,is_s,29,Alpha,3.574449047668945
5,is_s,30,Alpha,5.854269977544469
5,is_s,31,Alpha,0.4373470632623023
5,is_s,32,Alpha,1.4744621420138841
5,is_s,33,Alpha,0.3179049617281607
5,is_s,34,Alpha,4.566153410845617
5,is_s,35,Alpha,3.591904439406108
5,is_s,36,Alpha,0.20169654744161902
5,is_s,37,Alpha,3.939480137725765
5,is_s,38,Alpha,2.0396661994351706
5,is_s,39,Alpha,5.01616922382704
5,is_s,40,Alpha,3.9238929602708272
5,is_s,41,Alpha,3.6093862695312944
5,is_s,42,Alpha,4.2938266516514645
5,is_s,43,Alpha,0.6103892458762197
5,is_s,44,Alpha,0.19008253046538273
5,is_s,45,Alpha,2.5189900933088523
5,is_s,46,Alpha,5.397542766835825
5,is_s,47,Alpha,4.194012922465986
5,is_s,48,Alpha,4.593443569954317
5,is_s,49,Alpha,5.688370251195155
5,is_s,50,Alpha,1.243109379044587
5,is_s,51,Alpha,2.4444874821975797
5,is_s,52,Alpha,0.23947509522354257
5,is_s,53,Alpha,5.80865317938657
5,is_s,54,Alpha,4.865204954414837
5,is_s,55,Alpha,5.226792748814659
5,is_s,56,Alpha,5.292473171203807
5,is_s,57,Alpha,0.9337522831396925
5,is_s,58,Alpha,2.920035020633803
5,is_s,59,Alpha,4.905444379393106
5,is_s,60,Alpha,5.068513302391265
5,is_s,1,Beta,3.227182880818361
5,is_s,2,Beta,1.798921073782199
5,is_s,3,Beta,2.6411847488703026
5,is_s,4,Beta,1.162685300913903
5,is_s,5,Beta,5.406989250729192
5,is_s,6,Beta,4.587093547120691
5,is_s,7,Beta,5.505410861681276
5,is_s,8,Beta,3.57147271306258
5,is_s,9,Beta,5.410467221973347
5,is_s,10,Beta,2.551496182093639
5,is_s,11,Beta,2.2043090746403715
5,is_s,12,Beta,1.606040742977457
5,is_s,13,Beta,3.433156218494186
5,is_s,14,Beta,4.857925380883904
5,is_s,15,Beta,6.041523755311078
5,is_s,16,Beta,2.9821377017560797
5,is_s,17,Beta,3.931490255021987
5,is_s,18,Beta,0.6441479743266191
5,is_s,19,Beta,3.932744278767255
5,is_s,20,Beta,2.7316169857338246
5,is_s,21,Beta,1.4566014925119855
5,is_s,22,Beta,2.036865154323907
5,is_s,23,Beta,5.349102581898235
5,is_s,24,Beta,2.0637124983902737
5,is_s,25,Beta,4.786620577332415
5,is_s,26,Beta,3.4278152933393824
5,is_s,27,Beta,4.444014145245593
5,is_s,28,Beta,6.168062648004495
5,is_s,29,Beta,2.7062321009770747
5,is_s,30,Beta,2.7997692474259885
5,is_s,31,Beta,1.462045024180694
5,is_s,32,Beta,1.3184256834644315
5,is_s,33,Beta,1.479159658209818
5,is_s,34,Beta,1.9131853362336988
5,is_s,35,Beta,1.7007543755663486
5,is_s,36,Beta,6.237113079238691
5,is_s,37,Beta,1.9188783523005695
5,is_s,38,Beta,5.4194358512057
5,is_s,39,Beta,2.1276448406159276
5,is_s,40,Beta,2.9094125125262518
5,is_s,41,Beta,5.848287925676123
5,is_s,42,Beta,4.697007619297111
5,is_s,43,Beta,4.438829301015421
5,is_s,44,Beta,0.056888107638859244
5,is_s,45,Beta,0.5218337861964667
5,is_s,46,Beta,0.13513996868788702
5,is_s,47,Beta,3.8256714080633865
5,is_s,48,Beta,1.7507827237381781
5,is_s,49,Beta,5.087379077584269
5,is_s,50,Beta,4.711598209226462
5,is_s,51,Beta,0.5602441547661442
5,is_s,52,Beta,3.139464914980738
5,is_s,53,Beta,1.0343461016531457
5,is_s,54,Beta,3.5556195518214846
5,is_s,55,Beta,2.3480211875790995
5,is_s,56,Beta,5.158894560026106
5,is_s,57,Beta,1.8874381359321877
5,is_s,58,Beta,4.203575425759207
5,is_s,59,Beta,3.044860896166102
5,is_s,60,Beta,1.6149806968533689
6,vs_s,1,Delta,0.8023963173347692
6,vs_s,2,Delta,2.164417596765613
6,vs_s,3,Delta,3.376241600741009
6,vs_s,4,Delta,1.3619409540125247
6,vs_s,5,Delta,1.1520188659403758
6,vs_s,6,Delta,3.8991967307524242
6,vs_s,7,Delta,3.6154558887896586
6,vs_s,8,Delta,1.4243034142483662
6,vs_s,9,Delta,5.696542776138716
6,vs_s,10,Delta,1.7278529895624481
6,vs_s,11,Delta,4.2496639305999455
6,vs_s,12,Delta,4.236256064135308
6,vs_s,13,Delta,2.9549449341596454
6,vs_s,14,Delta,1.7499201085309652
6,vs_s,15,Delta,3.065906791651151
6,vs_s,16,Delta,1.9358619508292851
6,vs_s,17,Delta,4.064969388747906
6,vs_s,18,Delta,1.5252303087359176
6,vs_s,19,Delta,2.5378304607528337
6,vs_s,20,Delta,2.4306452922196216
6,vs_s,21,Delta,3.9715609928519644
6,vs_s,22,Delta,1.6968933845616976
6,vs_s,23,Delta,3.6592466121279648
6,vs_s,24,Delta,2.9876586277632002
6,vs_s,25,Delta,6.219569975848431
6,vs_s,26,Delta,3.4323887637053354
6,vs_s,27,Delta,4.983951982202031
6,vs_s,28,Delta,5.521561851634958
6,vs_s,29,Delta,1.9755400160340848
6,vs_s,30,Delta,1.4499178206865626
6,vs_s,31,Delta,2.321360988657518
6,vs_s,32,Delta,2.429583965217916
6,vs_s,33,Delta,2.0768683549980085
6,vs_s,34,Delta,2.079617461518772
6,vs_s,35,Delta,4.652851985062981
6,vs_s,36,Delta,2.6930578591535266
6,vs_s,37,Delta,1.8438259333289815
6,vs_s,38,Delta,2.0617691914064564
6,vs_s,39,Delta,2.475997597074176
6,vs_s,40,Delta,1.850586606405119
6,vs_s,41,Delta,2.2885495573983716
6,vs_s,42,Delta,2.8278073626807587
6,vs_s,43,Delta,2.115048872617583
6,vs_s,44,Delta,2.10958289143874
6,vs_s,45,Delta,2.4153846175284674
6,vs_s,46,Delta,3.5155528852298272
6,vs_s,47,Delta,2.4331959705555324
6,vs_s,48,Delta,2.0189432797680227
6,vs_s,49,Delta,0.9611442265338819
6,vs_s,50,Delta,1.6883327859112343
6,vs_s,51,Delta,2.3043168816734267
6,vs_s,52,Delta,3.2236355895924937
6,vs_s,53,Delta,2.5060743219274904
6,vs_s,54,Delta,2.0487359585547065
6,vs_s,55,Delta,1.6951520621547183
6,vs_s,56,Delta,2.0047725251036037
6,vs_s,57,Delta,3.913939052668481
6,vs_s,58,Delta,1.7046928372556753
6,vs_s,59,Delta,2.782949091668927
6,vs_s,60,Delta,0.4272562104771338
6,vs_s,1,Theta,0.874698565232977
6,vs_s,2,Theta,0.7223181442056205
6,vs_s,3,Theta,3.9485168248587748
6,vs_s,4,Theta,2.245135729695932
6,vs_s,5,Theta,0.7835427275590192
6,vs_s,6,Theta,4.5865430993817675
6,vs_s,7,Theta,3.3824844051469047
6,vs_s,8,Theta,0.607702563738232
6,vs_s,9,Theta,6.267966203074103
6,vs_s,10,Theta,2.6159786646257444
6,vs_s,11,Theta,4.178646261991918
6,vs_s,12,Theta,5.639560542853932
6,vs_s,13,Theta,2.592410344539286
6,vs_s,14,Theta,2.7822980107596407
6,vs_s,15,Theta,3.227930204470441
6,vs_s,16,Theta,2.8841108778204574
6,vs_s,17,Theta,4.8886211981851755
6,vs_s,18,Theta,2.4135208343631125
6,vs_s,19,Theta,2.660140891289436
6,vs_s,20,Theta,2.932829664015018
6,vs_s,21,Theta,1.6810286049431242
6,vs_s,22,Theta,5.421497903836805
6,vs_s,23,Theta,4.676684534917715
6,vs_s,24,Theta,2.2948602818789237
6,vs_s,25,Theta,5.9407746786255515
6,vs_s,26,Theta,4.012433744148333
6,vs_s,27,Theta,4.827817112108606
6,vs_s,28,Theta,6.073932750816566
6,vs_s,29,Theta,1.9767968839605095
6,vs_s,30,Theta,5.595711278865042
6,vs_s,31,Theta,4.154434959915921
6,vs_s,32,Theta,3.5605119112620343
6,vs_s,33,Theta,1.7940439358802296
6,vs_s,34,Theta,1.3678628716124703
6,vs_s,35,Theta,5.387646784717932
6,vs_s,36,Theta,2.6142820774470916
6,vs_s,37,Theta,6.170212437759718
6,vs_s,38,Theta,1.3602860068078895
6,vs_s,39,Theta,4.983574047597417
6,vs_s,40,Theta,3.8252196160299534
6,vs_s,41,Theta,3.1957626642859807
6,vs_s,42,Theta,2.7874256803701187
6,vs_s,43,Theta,1.2865095986197643
6,vs_s,44,Theta,0.9952693388765084
6,vs_s,45,Theta,2.196351228598266
6,vs_s,46,Theta,3.3797629313331785
6,vs_s,47,Theta,2.7722495388574475
6,vs_s,48,Theta,1.3804543547683672
6,vs_s,49,Theta,5.906034226054731
6,vs_s,50,Theta,0.22495133735530495
6,vs_s,51,Theta,5.787152190603756
6,vs_s,52,Theta,3.9261102792059015
6,vs_s,53,Theta,3.6517926905904528
6,vs_s,54,Theta,1.7335004861437708
6,vs_s,55,Theta,6.138824536853409
6,vs_s,56,Theta,2.2965821545853236
6,vs_s,57,Theta,3.0664978804294973
6,vs_s,58,Theta,0.8195741602960269
6,vs_s,59,Theta,4.21815999738145
6,vs_s,60,Theta,5.2702766110609
6,vs_s,1,Alpha,0.4588243685296135
6,vs_s,2,Alpha,6.222162063692496
6,vs_s,3,Alpha,3.3095076270717994
6,vs_s,4,Alpha,3.8292083215705293
6,vs_s,5,Alpha,2.6825269031500887
6,vs_s,6,Alpha,6.060949616716334
6,vs_s,7,Alpha,0.6099422564074599
6,vs_s,8,Alpha,0.15785967169907159
6,vs_s,9,Alpha,5.732605532582309
6,vs_s,10,Alpha,3.505595764115412
6,vs_s,11,Alpha,5.508053366697707
6,vs_s,12,Alpha,6.160022693732146
6,vs_s,13,Alpha,1.9969927016928148
6,vs_s,14,Alpha,2.3987303094900594
6,vs_s,15,Alpha,1.7411609140815485
6,vs_s,16,Alpha,3.901138003494391
6,vs_s,17,Alpha,1.5244953091670317
6,vs_s,18,Alpha,4.799887418650331
6,vs_s,19,Alpha,2.594073163708926
6,vs_s,20,Alpha,3.8298057629618305
6,vs_s,21,Alpha,1.3191944567247667
6,vs_s,22,Alpha,5.5060236409265615
6,vs_s,23,Alpha,5.378005931320741
6,vs_s,24,Alpha,5.986225535684725
6,vs_s,25,Alpha,4.922628737403348
6,vs_s,26,Alpha,0.7102928133421653
6,vs_s,27,Alpha,0.7747266676209426
6,vs_s,28,Alpha,0.6954391424502017
6,vs_s,29,Alpha,1.55026493006992
6,vs_s,30,Alpha,5.480538695955325
6,vs_s,31,Alpha,5.183723348305274
6,vs_s,32,Alpha,4.0239595035641
6,vs_s,33,Alpha,1.0037579758612643
6,vs_s,34,Alpha,0.7994105186729079
6,vs_s,35,Alpha,6.11855698369617
6,vs_s,36,Alpha,1.3667110565042455
6,vs_s,37,Alpha,5.712111069283404
6,vs_s,38,Alpha,1.1941016940979496
6,vs_s,39,Alpha,5.054911940928188
6,vs_s,40,Alpha,4.603384834456988
6,vs_s,41,Alpha,3.4933059272737217
6,vs_s,42,Alpha,2.74371712215053
6,vs_s,43,Alpha,5.959186784660311
6,vs_s,44,Alpha,0.3195187820597267
6,vs_s,45,Alpha,5.326600548368245
6,vs_s,46,Alpha,4.162381908029099
6,vs_s,47,Alpha,1.0702964534805548
6,vs_s,48,Alpha,1.0711945337019326
6,vs_s,49,Alpha,4.3332812219235
6,vs_s,50,Alpha,5.082278341829504
6,vs_s,51,Alpha,5.102701537420417
6,vs_s,52,Alpha,0.30585430943691094
6,vs_s,53,Alpha,5.216621609124642
6,vs_s,54,Alpha,2.277709646461108
6,vs_s,55,Alpha,4.90205563406629
6,vs_s,56,Alpha,2.6609518173599396
6,vs_s,57,Alpha,3.081699520800108
6,vs_s,58,Alpha,5.933212508375182
6,vs_s,59,Alpha,5.401119679727061
6,vs_s,60,Alpha,5.2035459067219225
6,vs_s,1,Beta,0.6990518651217394
6,vs_s,2,Beta,2.4343947888132873
6,vs_s,3,Beta,0.616024618703921
6,vs_s,4,Beta,3.402300700488751
6,vs_s,5,Beta,4.953448212726911
6,vs_s,6,Beta,0.18897329383614433
6,vs_s,7,Beta,0.89871380094344
6,vs_s,8,Beta,2.655923865372724
6,vs_s,9,Beta,3.8009213206373746
6,vs_s,10,Beta,0.8409612848117175
6,vs_s,11,Beta,0.867133966964115
6,vs_s,12,Beta,4.368771987332404
6,vs_s,13,Beta,4.257090873162341
6,vs_s,14,Beta,5.582396332743916
6,vs_s,15,Beta,1.056671883991279
6,vs_s,16,Beta,5.273394677743373
6,vs_s,17,Beta,5.064496563270873
6,vs_s,18,Beta,4.336291895885908
6,vs_s,19,Beta,2.6737237563425214
6,vs_s,20,Beta,0.5596890908791179
6,vs_s,21,Beta,5.426666150580274
6,vs_s,22,Beta,0.8944408353589937
6,vs_s,23,Beta,0.7256453032441861
6,vs_s,24,Beta,1.9946188587261855
6,vs_s,25,Beta,2.8824890959674856
6,vs_s,26,Beta,2.1585908900123583
6,vs_s,27,Beta,0.9677762260708586
6,vs_s,28,Beta,1.435502668864003
6,vs_s,29,Beta,0.7427303509206951
6,vs_s,30,Beta,0.38083869314471114
6,vs_s,31,Beta,3.965366304413622
6,vs_s,32,Beta,1.443507106543065
6,vs_s,33,Beta,3.2183642517695703
6,vs_s,34,Beta,5.440685674911395
6,vs_s,35,Beta,3.2403992759781812
6,vs_s,36,Beta,5.900856421434233
6,vs_s,37,Beta,2.311132337126721
6,vs_s,38,Beta,2.3464823619192368
6,vs_s,39,Beta,2.966718265459558
6,vs_s,40,Beta,3.0838782863636323
6,vs_s,41,Beta,0.9592106032218854
6,vs_s,42,Beta,3.9973954253795303
6,vs_s,43,Beta,2.2155146928085223
6,vs_s,44,Beta,5.244860693673787
6,vs_s,45,Beta,2.623204116703984
6,vs_s,46,Beta,5.440112435387575
6,vs_s,47,Beta,5.966744074205068
6,vs_s,48,Beta,5.3913996850873
6,vs_s,49,Beta,4.230455640242273
6,vs_s,50,Beta,0.3282424521659984
6,vs_s,51,Beta,1.6846852121148377
6,vs_s,52,Beta,1.952602933400672
6,vs_s,53,Beta,3.8682802790051567
6,vs_s,54,Beta,0.949811489254111
6,vs_s,55,Beta,2.487022020542634
6,vs_s,56,Beta,4.946780022734485
6,vs_s,57,Beta,4.711757497761264
6,vs_s,58,Beta,2.9330441191055017
6,vs_s,59,Beta,2.674749696189728
6,vs_s,60,Beta,3.5018283556494985
6,is_s,1,Delta,0.9621081918173926
6,is_s,2,Delta,3.2535035073878746
6,is_s,3,Delta,2.3942953716566096
6,is_s,5,Delta,1.4103577259857063
6,is_s,6,Delta,1.5834136492786728
6,is_s,7,Delta,1.7583586655365289
6,is_s,8,Delta,2.934284519705421
6,is_s,9,Delta,2.4324093158895943
6,is_s,10,Delta,4.601058105888205
6,is_s,11,Delta,3.3090956486912426
6,is_s,12,Delta,1.3101743793861353
6,is_s,13,Delta,3.106390127273226
6,is_s,14,Delta,0.8764900004113504
6,is_s,15,Delta,5.7365692911408495
6,is_s,16,Delta,2.442649689446368
6,is_s,17,Delta,2.2534571635684575
6,is_s,18,Delta,3.793865759157847
6,is_s,19,Delta,2.3555089446610076
6,is_s,20,Delta,2.618367425020024
6,is_s,21,Delta,1.793324610058867
6,is_s,22,Delta,4.107779368944932
6,is_s,24,Delta,1.5857020161407474
6,is_s,25,Delta,3.6298943770750767
6,is_s,26,Delta,1.1835250411079647
6,is_s,27,Delta,3.1883184957974144
6,is_s,28,Delta,3.1022764314019606
6,is_s,29,Delta,3.0825435364042515
6,is_s,30,Delta,5.139692021028933
6,is_s,31,Delta,1.1948979694469353
6,is_s,32,Delta,2.290186826012846
6,is_s,33,Delta,4.494301767156962
6,is_s,34,Delta,1.7602070984771687
6,is_s,35,Delta,2.1968262761698623
6,is_s,36,Delta,1.9327467511729066
6,is_s,37,Delta,2.7042300851414365
6,is_s,38,Delta,3.8646763301691003
6,is_s,39,Delta,2.1325625307167226
6,is_s,41,Delta,2.1071908800022983
6,is_s,42,Delta,3.4463618829174436
6,is_s,43,Delta,2.6871098891317238
6,is_s,44,Delta,2.9618085060987656
6,is_s,45,Delta,2.287718361329996
6,is_s,46,Delta,2.2760256324962387
6,is_s,47,Delta,0.5019270306579413
6,is_s,48,Delta,1.6320804823276813
6,is_s,49,Delta,3.726702408785502
6,is_s,50,Delta,1.5849417088941873
6,is_s,52,Delta,3.158860056137367
6,is_s,53,Delta,3.571223051502025
6,is_s,54,Delta,4.710674218057402
6,is_s,55,Delta,1.7450996774788747
6,is_s,56,Delta,2.3083609226099115
6,is_s,57,Delta,2.3255581064392654
6,is_s,58,Delta,2.338079954079815
6,is_s,59,Delta,2.512906878315002
6,is_s,60,Delta,2.1614532749574975
6,is_s,1,Theta,6.179372814803651
6,is_s,2,Theta,3.2760861119004496
6,is_s,3,Theta,3.2933878410680415
6,is_s,5,Theta,0.13411004169400748
6,is_s,6,Theta,0.2891083193155354
6,is_s,7,Theta,1.3986017398205242
6,is_s,8,Theta,3.2494176900720033
6,is_s,9,Theta,3.7157939634081254
6,is_s,10,Theta,4.627756820701999
6,is_s,11,Theta,3.200206594399215
6,is_s,12,Theta,0.9665910829212249
6,is_s,13,Theta,4.621642322705193
6,is_s,14,Theta,6.127423733513861
6,is_s,15,Theta,5.58421177971088
6,is_s,16,Theta,3.289166185091102
6,is_s,17,Theta,1.7410033168324572
6,is_s,18,Theta,5.7295790867528815
6,is_s,19,Theta,4.0582505584904816
6,is_s,20,Theta,2.758439517542548
6,is_s,21,Theta,0.8484145127580488
6,is_s,22,Theta,4.022879054342488
6,is_s,24,Theta,2.411379589540855
6,is_s,25,Theta,5.518419611017249
6,is_s,26,Theta,0.7289755640263416
6,is_s,27,Theta,3.5167207082991
6,is_s,28,Theta,2.813630295153991
6,is_s,29,Theta,4.654375208930826
6,is_s,30,Theta,1.1932887246313328
6,is_s,31,Theta,5.930870418992537
6,is_s,32,Theta,1.3261613108289507
6,is_s,33,Theta,3.2190612419136952
6,is_s,34,Theta,6.003441015080985
6,is_s,35,Theta,3.7503439592849084
6,is_s,36,Theta,2.2668393187481732
6,is_s,37,Theta,1.9915161344013486
6,is_s,38,Theta,2.7623003766056957
6,is_s,39,Theta,2.66544122939127
6,is_s,41,Theta,3.2059982934105222
6,is_s,42,Theta,4.068856525447116
6,is_s,43,Theta,4.0649611246491535
6,is_s,44,Theta,3.6480531534696485
6,is_s,45,Theta,5.078847509100154
6,is_s,46,Theta,1.6116993088385403
6,is_s,47,Theta,5.273865464506916
6,is_s,48,Theta,2.280674218684256
6,is_s,49,Theta,5.559517260339468
6,is_s,50,Theta,5.609275444594123
6,is_s,52,Theta,4.015575738728737
6,is_s,53,Theta,3.686993229765318
6,is_s,54,Theta,4.764450998176651
6,is_s,55,Theta,3.765508504507671
6,is_s,56,Theta,4.79136861160978
6,is_s,57,Theta,3.9497322748077015
6,is_s,58,Theta,3.750514774468422
6,is_s,59,Theta,2.4354901900267873
6,is_s,60,Theta,3.1229756698662627
6,is_s,1,Alpha,0.5449730455331178
6,is_s,2,Alpha,2.6202694834048827
6,is_s,3,Alpha,2.235674280631883
6,is_s,5,Alpha,3.594142670077144
6,is_s,6,Alpha,4.750030400264942
6,is_s,7,Alpha,5.259564925801371
6,is_s,8,Alpha,4.590828924576494
6,is_s,9,Alpha,1.551468550762525
6,is_s,10,Alpha,5.233169781038436
6,is_s,11,Alpha,3.508980450361812
6,is_s,12,Alpha,1.1262043876655823
6,is_s,13,Alpha,5.459859281822746
6,is_s,14,Alpha,0.768125898418083
6,is_s,15,Alpha,5.011189979416891
6,is_s,16,Alpha,4.904309537083553
6,is_s,17,Alpha,1.151163753059833
6,is_s,18,Alpha,5.435076772913487
6,is_s,19,Alpha,5.098462628284782
6,is_s,20,Alpha,5.265341822995207
6,is_s,21,Alpha,1.407583467156674
6,is_s,22,Alpha,4.440922579529195
6,is_s,24,Alpha,3.9434566504290496
6,is_s,25,Alpha,6.005815919419245
6,is_s,26,Alpha,0.2988650711428312
6,is_s,27,Alpha,3.747911836090781
6,is_s,28,Alpha,2.7906448881700463
6,is_s,29,Alpha,0.18667849609633624
6,is_s,30,Alpha,3.494573386804304
6,is_s,31,Alpha,5.753858110514434
6,is_s,32,Alpha,3.678445948010386
6,is_s,33,Alpha,4.186126709553163
6,is_s,34,Alpha,4.931469960477886
6,is_s,35,Alpha,4.7687431912379745
6,is_s,36,Alpha,2.5752805915183536
6,is_s,37,Alpha,0.27062988624029477
6,is_s,38,Alpha,4.999823301771518
6,is_s,39,Alpha,2.998582879785347
6,is_s,41,Alpha,4.230511991490516
6,is_s,42,Alpha,4.545951683009474
6,is_s,43,Alpha,5.032775785439508
6,is_s,44,Alpha,2.8639625786062557
6,is_s,45,Alpha,5.5047175639300425
6,is_s,46,Alpha,5.400291764867996
6,is_s,47,Alpha,3.3620443032062264
6,is_s,48,Alpha,4.8705349931951805
6,is_s,49,Alpha,6.069671451082248
6,is_s,50,Alpha,5.520720511629001
6,is_s,52,Alpha,5.07625405232492
6,is_s,53,Alpha,3.709956948154507
6,is_s,54,Alpha,6.26970754717653
6,is_s,55,Alpha,5.12756290783615
6,is_s,56,Alpha,6.064174797278675
6,is_s,57,Alpha,5.186725051468462
6,is_s,58,Alpha,5.575296160739753
6,is_s,59,Alpha,0.9716327689958248
6,is_s,60,Alpha,3.4075134689224815
6,is_s,1,Beta,2.859922421727811
6,is_s,2,Beta,2.485535538240658
6,is_s,3,Beta,5.1818127977873925
6,is_s,5,Beta,1.1555991355062853
6,is_s,6,Beta,0.6680081888049823
6,is_s,7,Beta,5.661528760088449
6,is_s,8,Beta,4.130055233573517
6,is_s,9,Beta,2.1916723429921854
6,is_s,10,Beta,0.025733434387676828
6,is_s,11,Beta,2.0804278914265173
6,is_s,12,Beta,3.076674513035703
6,is_s,13,Beta,2.616665378884526
6,is_s,14,Beta,5.494234505878476
6,is_s,15,Beta,1.1917479718929025
6,is_s,16,Beta,3.1916138906123495
6,is_s,17,Beta,1.6544561690450859
6,is_s,18,Beta,5.268514556733106
6,is_s,19,Beta,2.071433642901337
6,is_s,20,Beta,3.5471117691171083
6,is_s,21,Beta,3.908905138994739
6,is_s,22,Beta,4.158546968561591
6,is_s,24,Beta,0.2471241740558232
6,is_s,25,Beta,1.2909913291409019
6,is_s,26,Beta,4.34261888444616
6,is_s,27,Beta,3.3011390661144926
6,is_s,28,Beta,1.9372448639161188
6,is_s,29,Beta,2.34264570313695
6,is_s,30,Beta,1.8140093870113438
6,is_s,31,Beta,1.7354501724795157
6,is_s,32,Beta,5.349100017691849
6,is_s,33,Beta,3.2397574282779713
6,is_s,34,Beta,3.876679651055422
6,is_s,35,Beta,0.08552201284813066
6,is_s,36,Beta,0.6172318082089366
6,is_s,37,Beta,0.46288502207787247
6,is_s,38,Beta,0.891847854271402
6,is_s,39,Beta,2.279646101397201
6,is_s,41,Beta,1.7320980544699494
6,is_s,42,Beta,3.17413439162212
6,is_s,43,Beta,6.009173849026461
6,is_s,44,Beta,3.4068347015319604
6,is_s,45,Beta,3.7852699882193996
6,is_s,46,Beta,0.2331609270144581
6,is_s,47,Beta,1.194418987134959
6,is_s,48,Beta,2.233758329757727
6,is_s,49,Beta,1.165909743949298
6,is_s,50,Beta,3.059352126454462
6,is_s,52,Beta,3.852532464662096
6,is_s,53,Beta,0.8233217646115963
6,is_s,54,Beta,3.525017932505832
6,is_s,55,Beta,5.621359747965485
6,is_s,56,Beta,5.065173391366415
6,is_s,57,Beta,2.9250875619204635
6,is_s,58,Beta,0.05550511016951351
6,is_s,59,Beta,1.5450152345152237
6,is_s,60,Beta,2.9988051084566862
7,vs_s,1,Delta,4.596133277398092
7,vs_s,2,Delta,5.234919775444111
7,vs_s,3,Delta,4.705673441906186
7,vs_s,4,Delta,1.7428098214868535
7,vs_s,5,Delta,1.920992874888329
7,vs_s,6,Delta,2.8334152337190694
7,vs_s,7,Delta,5.795227424929832
7,vs_s,8,Delta,0.8606239023060656
7,vs_s,9,Delta,4.27381275577164
7,vs_s,10,Delta,0.8638696168184387
7,vs_s,11,Delta,1.4908650947623514
7,vs_s,12,Delta,2.798770555937263
7,vs_s,13,Delta,5.322959924189249
7,vs_s,14,Delta,5.762913306941522
7,vs_s,15,Delta,0.5049373719695504
7,vs_s,16,Delta,0.4613355370238642
7,vs_s,17,Delta,6.221524893519011
7,vs_s,18,Delta,5.199248835549002
7,vs_s,19,Delta,4.743918058869364
7,vs_s,20,Delta,3.790705176283103
7,vs_s,21,Delta,4.650430812111015
7,vs_s,22,Delta,1.663943226451201
7,vs_s,23,Delta,1.5041632842631119
7,vs_s,24,Delta,4.543445223149717
7,vs_s,25,Delta,0.931139722934704
7,vs_s,26,Delta,5.7550908515309205
7,vs_s,27,Delta,1.9368560489599145
7,vs_s,28,Delta,5.881640011489078
7,vs_s,29,Delta,5.919897868234155
7,vs_s,30,Delta,0.29612537751712864
7,vs_s,31,Delta,1.479316148393086
7,vs_s,32,Delta,4.426726636304043
7,vs_s,33,Delta,5.322738993312853
7,vs_s,34,Delta,5.212036077682585
7,vs_s,35,Delta,1.8143956395714067
7,vs_s,36,Delta,6.041793039615224
7,vs_s,37,Delta,0.7929017085586783
7,vs_s,38,Delta,5.9230180417224565
7,vs_s,39,Delta,1.5179833894707124
7,vs_s,40,Delta,1.0220703694725284
7,vs_s,41,Delta,1.9705278490433713
7,vs_s,42,Delta,0.8482887198502307
7,vs_s,43,Delta,0.992868274252898
7,vs_s,44,Delta,0.5648015700403403
7,vs_s,45,Delta,4.928644006576102
7,vs_s,46,Delta,4.910041921316417
7,vs_s,47,Delta,4.326504978780617
7,vs_s,48,Delta,0.9543501409570774
7,vs_s,49,Delta,5.060859572012155
7,vs_s,50,Delta,1.3869673503199706
7,vs_s,51,Delta,5.483341612242009
7,vs_s,52,Delta,0.5740377870579617
7,vs_s,53,Delta,0.8527341443596097
7,vs_s,54,Delta,4.2371542479361715
7,vs_s,55,Delta,0.9963078088103519
7,vs_s,56,Delta,5.891867318227989
7,vs_s,57,Delta,4.032897745480518
7,vs_s,58,Delta,1.6326396343050555
7,vs_s,59,Delta,0.8995626639763676
7,vs_s,60,Delta,0.9661542683279737
7,vs_s,1,Theta,1.7143513706450726
7,vs_s,2,Theta,5.379247586077662
7,vs_s,3,Theta,0.7186269058167549
7,vs_s,4,Theta,0.8370790053477932
7,vs_s,5,Theta,2.354314908746706
7,vs_s,6,Theta,3.6249077409176267
7,vs_s,7,Theta,6.2216388929708355
7,vs_s,8,Theta,1.1072668353047677
7,vs_s,9,Theta,1.9585842976684251
7,vs_s,10,Theta,3.4398861774422747
7,vs_s,11,Theta,1.9506809492994759
7,vs_s,12,Theta,2.4556629362513633
7,vs_s,13,Theta,0.5832718853026351
7,vs_s,14,Theta,1.3387906689837343
7,vs_s,15,Theta,0.2004364653246438
7,vs_s,16,Theta,2.037986292795159
7,vs_s,17,Theta,6.097588397497509
7,vs_s,18,Theta,5.580294199404624
7,vs_s,19,Theta,4.762241246400924
7,vs_s,20,Theta,4.181327233936189
7,vs_s,21,Theta,0.16885242054520375
7,vs_s,22,Theta,0.8095720551232171
7,vs_s,23,Theta,2.045554965994819
7,vs_s,24,Theta,3.6137170428274525
7,vs_s,25,Theta,5.5184428484355585
7,vs_s,26,Theta,0.5695700499434396
7,vs_s,27,Theta,1.2138490455404678
7,vs_s,28,Theta,5.879489733497095
7,vs_s,29,Theta,1.112374958343882
7,vs_s,30,Theta,0.8370775258677299
7,vs_s,31,Theta,3.5474637855220306
7,vs_s,32,Theta,3.7698266227771557
7,vs_s,33,Theta,5.938222644428158
7,vs_s,34,Theta,5.927175941576773
7,vs_s,35,Theta,1.7442387141844886
7,vs_s,36,Theta,0.37840008352349563
7,vs_s,37,Theta,1.3471967661310817
7,vs_s,38,Theta,0.6144956314335027
7,vs_s,39,Theta,2.0173909075702063
7,vs_s,40,Theta,2.0414088666085686
7,vs_s,41,Theta,2.2407525531892123
7,vs_s,42,Theta,6.026872528260126
7,vs_s,43,Theta,1.217339036615194
7,vs_s,44,Theta,5.011803710868723
7,vs_s,45,Theta,5.88932876693727
7,vs_s,46,Theta,2.2537377934504677
7,vs_s,47,Theta,3.6917224748857986
7,vs_s,48,Theta,0.04155383475896694
7,vs_s,49,Theta,6.239721435763259
7,vs_s,50,Theta,0.659841304167313
7,vs_s,51,Theta,6.038546244766355
7,vs_s,52,Theta,0.2762324935217096
7,vs_s,53,Theta,0.556991913954813
7,vs_s,54,Theta,3.5359136273831573
7,vs_s,55,Theta,0.34455210926104607
7,vs_s,56,Theta,0.03971042936506483
7,vs_s,57,Theta,3.28154062950668
7,vs_s,58,Theta,1.6175069518454652
7,vs_s,59,Theta,0.5499692233832836
7,vs_s,60,Theta,0.9202851202846537
7,vs_s,1,Alpha,0.20740253930796915
7,vs_s,2,Alpha,0.6326187644241138
7,vs_s,3,Alpha,0.16446714662501605
7,vs_s,4,Alpha,3.2590525933057943
7,vs_s,5,Alpha,1.5827813535401998
7,vs_s,6,Alpha,2.9562374389167183
7,vs_s,7,Alpha,3.2109943128046248
7,vs_s,8,Alpha,1.5863289385654629
7,vs_s,9,Alpha,0.8806158579363353
7,vs_s,10,Alpha,3.473010402279237
7,vs_s,11,Alpha,1.7875606512547215
7,vs_s,12,Alpha,2.1913574510061054
7,vs_s,13,Alpha,2.5852180379575853
7,vs_s,14,Alpha,2.72819211756377
7,vs_s,15,Alpha,4.047867105371205
7,vs_s,16,Alpha,2.4156500052297027
7,vs_s,17,Alpha,5.957955930463309
7,vs_s,18,Alpha,5.333157355205498
7,vs_s,19,Alpha,5.242192845303741
7,vs_s,20,Alpha,4.916083356321516
7,vs_s,21,Alpha,0.7925767237135144
7,vs_s,22,Alpha,5.005519037109618
7,vs_s,23,Alpha,2.537744682880296
7,vs_s,24,Alpha,4.262424890320771
7,vs_s,25,Alpha,5.241772720895183
7,vs_s,26,Alpha,0.7798314369088046
7,vs_s,27,Alpha,1.3088963441574848
7,vs_s,28,Alpha,4.033388546937946
7,vs_s,29,Alpha,0.1333192279375572
7,vs_s,30,Alpha,1.5006020972658878
7,vs_s,31,Alpha,1.6761714295994832
7,vs_s,32,Alpha,3.3558048405538785
7,vs_s,33,Alpha,0.7288978917463685
7,vs_s,34,Alpha,0.5655851087637401
7,vs_s,35,Alpha,6.168143611984593
7,vs_s,36,Alpha,1.1780065097444612
7,vs_s,37,Alpha,1.2223814754558529
7,vs_s,38,Alpha,6.17142353817404
7,vs_s,39,Alpha,3.2937480536538506
7,vs_s,40,Alpha,2.154152916742503
7,vs_s,41,Alpha,3.3098322518309664
7,vs_s,42,Alpha,5.895670694576676
7,vs_s,43,Alpha,1.5355911619407212
7,vs_s,44,Alpha,4.8842474889008765
7,vs_s,45,Alpha,0.5824430941857369
7,vs_s,46,Alpha,1.78872462145921
7,vs_s,47,Alpha,2.6459226557094695
7,vs_s,48,Alpha,6.283003388716039
7,vs_s,49,Alpha,0.018725922978224476
7,vs_s,50,Alpha,5.830583318387115
7,vs_s,51,Alpha,1.2205742423526071
7,vs_s,52,Alpha,1.2650262461076693
7,vs_s,53,Alpha,0.21744041930668093
7,vs_s,54,Alpha,2.998807765762182
7,vs_s,55,Alpha,3.0463065378764465
7,vs_s,56,Alpha,0.3115950657900665
7,vs_s,57,Alpha,1.5262513606407098
7,vs_s,58,Alpha,2.0706144302223817
7,vs_s,59,Alpha,0.27951466016671284
7,vs_s,60,Alpha,1.3447042807471574
7,vs_s,1,Beta,0.16638065957304396
7,vs_s,2,Beta,1.404468477576093
7,vs_s,3,Beta,5.01637222273814
7,vs_s,4,Beta,4.530501975992327
7,vs_s,5,Beta,4.482090887717933
7,vs_s,6,Beta,3.2469467598412662
7,vs_s,7,Beta,4.6491711003180045
7,vs_s,8,Beta,5.34550903994608
7,vs_s,9,Beta,2.903115645095349
7,vs_s,10,Beta,2.6552942437328824
7,vs_s,11,Beta,3.2502414407852642
7,vs_s,12,Beta,4.102469349201917
7,vs_s,13,Beta,4.730841549480292
7,vs_s,14,Beta,0.13771781094520325
7,vs_s,15,Beta,0.11194564824774329
7,vs_s,16,Beta,1.2690941289448228
7,vs_s,17,Beta,1.2125185975659314
7,vs_s,18,Beta,5.918196415105333
7,vs_s,19,Beta,5.422804425201303
7,vs_s,20,Beta,5.157068525646767
7,vs_s,21,Beta,4.092170413124105
7,vs_s,22,Beta,4.314298065803818
7,vs_s,23,Beta,2.874451156613594
7,vs_s,24,Beta,1.1671375439437297
7,vs_s,25,Beta,4.644751989570696
7,vs_s,26,Beta,3.3896726326784905
7,vs_s,27,Beta,1.3045435989403042
7,vs_s,28,Beta,4.64244894479974
7,vs_s,29,Beta,5.106517859803866
7,vs_s,30,Beta,5.006473679923314
7,vs_s,31,Beta,2.231639882307308
7,vs_s,32,Beta,4.872022220533875
7,vs_s,33,Beta,2.3462132466402683
7,vs_s,34,Beta,4.843199312986396
7,vs_s,35,Beta,4.723577916496421
7,vs_s,36,Beta,1.2399186390485526
7,vs_s,37,Beta,3.994066435319129
7,vs_s,38,Beta,0.012327783840954221
7,vs_s,39,Beta,0.020200429367755447
7,vs_s,40,Beta,2.325249511136274
7,vs_s,41,Beta,4.189151357804324
7,vs_s,42,Beta,2.3895650844172285
7,vs_s,43,Beta,0.014566130776597287
7,vs_s,44,Beta,1.3239590175803027
7,vs_s,45,Beta,1.5836825471494103
7,vs_s,46,Beta,1.513553559102357
7,vs_s,47,Beta,2.462858725308477
7,vs_s,48,Beta,4.306513081955479
7,vs_s,49,Beta,4.23460744899554
7,vs_s,50,Beta,0.9114814541690521
7,vs_s,51,Beta,3.7689722329677626
7,vs_s,52,Beta,5.718360786149729
7,vs_s,53,Beta,3.2117697001352745
7,vs_s,54,Beta,1.0376553003636273
7,vs_s,55,Beta,5.447797169109736
7,vs_s,56,Beta,4.761200824976789
7,vs_s,57,Beta,5.8295345163509
7,vs_s,58,Beta,4.031204589613006
7,vs_s,59,Beta,2.8834764200070357
7,vs_s,60,Beta,4.1977879208671
7,is_s,1,Delta,4.9373176885191965
7,is_s,2,Delta,2.748646432876776
7,is_s,3,Delta,4.367820503489658
7,is_s,4,Delta,4.298507299162559
7,is_s,5,Delta,1.653350364448494
7,is_s,6,Delta,0.46323470254308474
7,is_s,7,Delta,5.843088432467428
7,is_s,8,Delta,1.738330203193657
7,is_s,9,Delta,3.7379336417607685
7,is_s,10,Delta,2.171311432459088
7,is_s,11,Delta,4.823893279199986
7,is_s,12,Delta,3.180828659651839
7,is_s,13,Delta,4.736437697360326
7,is_s,14,Delta,6.22980005094375
7,is_s,15,Delta,4.310413615754862
7,is_s,17,Delta,5.289477929319807
7,is_s,18,Delta,4.594604440193238
7,is_s,19,Delta,1.5077569128938906
7,is_s,20,Delta,1.083256078824279
7,is_s,21,Delta,0.43360133854348765
7,is_s,22,Delta,1.7187870870581947
7,is_s,23,Delta,1.85170502640426
7,is_s,24,Delta,0.99635379331722
7,is_s,25,Delta,1.5824477719728787
7,is_s,26,Delta,5.030683451295838
7,is_s,27,Delta,4.248864392703258
7,is_s,28,Delta,3.990857115466541
7,is_s,29,Delta,0.08287370959023171
7,is_s,30,Delta,3.8572227186069137
7,is_s,31,Delta,0.41902328418467966
7,is_s,32,Delta,0.2666495283188418
7,is_s,33,Delta,5.796979094909833
7,is_s,34,Delta,4.428646908036282
7,is_s,35,Delta,5.535608678951927
7,is_s,36,Delta,1.657448111900511
7,is_s,37,Delta,1.176145626721569
7,is_s,38,Delta,0.18762055368149252
7,is_s,39,Delta,5.6105432016917876
7,is_s,40,Delta,5.369610616067942
7,is_s,41,Delta,2.1408596593040956
7,is_s,42,Delta,4.074724731058509
7,is_s,43,Delta,4.038680042792588
7,is_s,44,Delta,5.493488372468597
7,is_s,45,Delta,2.0380156390405184
7,is_s,46,Delta,3.768908264915484
7,is_s,47,Delta,4.591891382020272
7,is_s,48,Delta,3.464873729848661
7,is_s,49,Delta,0.9533558890564062
7,is_s,50,Delta,5.076676075646643
7,is_s,51,Delta,4.374554422241411
7,is_s,52,Delta,0.9194265324611529
7,is_s,53,Delta,4.85397915841393
7,is_s,54,Delta,4.34240222694078
7,is_s,55,Delta,4.19044753351875
7,is_s,56,Delta,1.2299452036521883
7,is_s,57,Delta,3.0201558835509266
7,is_s,58,Delta,1.844998300031742
7,is_s,59,Delta,6.26711909707776
7,is_s,60,Delta,1.2112075429474536
7,is_s,1,Theta,5.818398529275401
7,is_s,2,Theta,3.3057983392769903
7,is_s,3,Theta,3.754910097366908
7,is_s,4,Theta,3.892434968133385
7,is_s,5,Theta,0.11510941675798483
7,is_s,6,Theta,0.702281421753418
7,is_s,7,Theta,5.816544680036992
7,is_s,8,Theta,1.3304106659491588
7,is_s,9,Theta,3.78249189582076
7,is_s,10,Theta,2.1102109168801775
7,is_s,11,Theta,4.930598781302777
7,is_s,12,Theta,2.4360678334851693
7,is_s,13,Theta,0.6782026850806164
7,is_s,14,Theta,2.128196465484343
7,is_s,15,Theta,4.341272512535058
7,is_s,17,Theta,0.45287409356979275
7,is_s,18,Theta,3.8927990843387494
7,is_s,19,Theta,0.6293371203575664
7,is_s,20,Theta,3.0236185643624744
7,is_s,21,Theta,1.1526970426559073
7,is_s,22,Theta,1.6606961654922157
7,is_s,23,Theta,2.879663526229167
7,is_s,24,Theta,1.136614620279764
7,is_s,25,Theta,1.4623774557628708
7,is_s,26,Theta,0.01304994112110258
7,is_s,27,Theta,3.149773333171892
7,is_s,28,Theta,2.2679207597508606
7,is_s,29,Theta,5.015511237136381
7,is_s,30,Theta,2.121388221155017
7,is_s,31,Theta,5.416511675442878
7,is_s,32,Theta,0.9050609140702314
7,is_s,33,Theta,4.202463706512916
7,is_s,34,Theta,2.8720237404151714
7,is_s,35,Theta,5.0995130397154345
7,is_s,36,Theta,1.1061206251451676
7,is_s,37,Theta,1.1310072521394907
7,is_s,38,Theta,0.2819762115109623
7,is_s,39,Theta,1.4018971770108564
7,is_s,40,Theta,0.5659253325434427
7,is_s,41,Theta,2.992509960898183
7,is_s,42,Theta,4.201739210942661
7,is_s,43,Theta,2.178300319025609
7,is_s,44,Theta,5.777896125274071
7,is_s,45,Theta,3.05610123592731
7,is_s,46,Theta,4.00708031741531
7,is_s,47,Theta,4.343131113438071
7,is_s,48,Theta,3.3557304491832673
7,is_s,49,Theta,6.06081369406552
7,is_s,50,Theta,5.104596323018001
7,is_s,51,Theta,3.098198338318357
7,is_s,52,Theta,0.5432506474598154
7,is_s,53,Theta,5.45793415632157
7,is_s,54,Theta,2.5159388034981056
7,is_s,55,Theta,3.562754030276497
7,is_s,56,Theta,2.180352950939996
7,is_s,57,Theta,5.623542844784197
7,is_s,58,Theta,1.5279797581369694
7,is_s,59,Theta,0.9559588891862956
7,is_s,60,Theta,1.05399025938171
7,is_s,1,Alpha,1.7679619376467448
7,is_s,2,Alpha,0.7220726145624333
7,is_s,3,Alpha,3.078650313660335
7,is_s,4,Alpha,5.412452991512482
7,is_s,5,Alpha,5.539089647434403
7,is_s,6,Alpha,1.2858485171167302
7,is_s,7,Alpha,0.45850903189996933
7,is_s,8,Alpha,0.679926158501397
7,is_s,9,Alpha,3.5433651400270114
7,is_s,10,Alpha,1.4918364048218742
7,is_s,11,Alpha,6.234568087684367
7,is_s,12,Alpha,3.526090716296262
7,is_s,13,Alpha,4.315971893152131
7,is_s,14,Alpha,2.523157636851077
7,is_s,15,Alpha,1.2170460988494092
7,is_s,17,Alpha,1.3532904628446165
7,is_s,18,Alpha,4.345134928916128
7,is_s,19,Alpha,1.200470598003741
7,is_s,20,Alpha,4.2799842234667995
7,is_s,21,Alpha,2.1322189395248796
7,is_s,22,Alpha,1.4496371403836805
7,is_s,23,Alpha,2.657661090393669
7,is_s,24,Alpha,3.6231662865048766
7,is_s,25,Alpha,1.7278035439727373
7,is_s,26,Alpha,0.4190562207959306
7,is_s,27,Alpha,1.8794414249428981
7,is_s,28,Alpha,1.7198471020894617
7,is_s,29,Alpha,4.028558496221985
7,is_s,30,Alpha,2.3425582460467704
7,is_s,31,Alpha,5.157670684133661
7,is_s,32,Alpha,1.007120533269369
7,is_s,33,Alpha,3.209757930041569
7,is_s,34,Alpha,1.769579363614492
7,is_s,35,Alpha,3.964004961166272
7,is_s,36,Alpha,4.115678582026105
7,is_s,37,Alpha,0.17558100638916133
7,is_s,38,Alpha,0.846494596868334
7,is_s,39,Alpha,2.7600569727735786
7,is_s,40,Alpha,0.7027101925120173
7,is_s,41,Alpha,3.511508005250144
7,is_s,42,Alpha,4.7562810232329795
7,is_s,43,Alpha,0.9318506149484171
7,is_s,44,Alpha,0.36218585141383214
7,is_s,45,Alpha,3.6757934433798347
7,is_s,46,Alpha,4.15173090549575
7,is_s,47,Alpha,3.095211588317093
7,is_s,48,Alpha,4.991528706067896
7,is_s,49,Alpha,5.188344381714089
7,is_s,50,Alpha,2.4447781625484883
7,is_s,51,Alpha,2.745390263293244
7,is_s,52,Alpha,4.454299504632592
7,is_s,53,Alpha,0.48066454033771544
7,is_s,54,Alpha,4.202557044675579
7,is_s,55,Alpha,2.803587002643892
7,is_s,56,Alpha,3.5527967441137487
7,is_s,57,Alpha,0.24064529356267444
7,is_s,58,Alpha,1.5209534962177935
7,is_s,59,Alpha,1.8635162561935932
7,is_s,60,Alpha,3.3200415091370004
7,is_s,1,Beta,5.233369617546071
7,is_s,2,Beta,1.6149610070748963
7,is_s,3,Beta,0.6284488405501827
7,is_s,4,Beta,0.369663759979403
7,is_s,5,Beta,3.8395032734905445
7,is_s,6,Beta,5.718763812298928
7,is_s,7,Beta,3.468696198879746
7,is_s,8,Beta,2.8294564503606066
7,is_s,9,Beta,1.0268948470735646
7,is_s,10,Beta,1.3527450663204243
7,is_s,11,Beta,5.922179591635152
7,is_s,12,Beta,3.317026841414682
7,is_s,13,Beta,1.2746262604728706
7,is_s,14,Beta,0.8071934940004691
7,is_s,15,Beta,1.63847631466812
7,is_s,17,Beta,2.8774389224294716
7,is_s,18,Beta,4.9910504126653645
7,is_s,19,Beta,4.157644854225614
7,is_s,20,Beta,5.131349166101464
7,is_s,21,Beta,2.307641786292321
7,is_s,22,Beta,3.811699830183837
7,is_s,23,Beta,3.847738653099077
7,is_s,24,Beta,1.6453518059868903
7,is_s,25,Beta,5.330524356767448
7,is_s,26,Beta,2.101393981180317
7,is_s,27,Beta,1.4371992976575474
7,is_s,28,Beta,0.5078960474754313
7,is_s,29,Beta,3.4509376699344245
7,is_s,30,Beta,5.8940495785766345
7,is_s,31,Beta,2.9847194854768087
7,is_s,32,Beta,1.5947683997876558
7,is_s,33,Beta,0.8718289142546573
7,is_s,34,Beta,5.576601507253481
7,is_s,35,Beta,0.9892001014830266
7,is_s,36,Beta,6.079141300008781
7,is_s,37,Beta,0.49698935539614614
7,is_s,38,Beta,4.969730275550146
7,is_s,39,Beta,4.019470149051867
7,is_s,40,Beta,0.3761182413953803
7,is_s,41,Beta,2.2388681485234416
7,is_s,42,Beta,4.584629432045869
7,is_s,43,Beta,1.8098521016412146
7,is_s,44,Beta,2.7625259239171593
7,is_s,45,Beta,0.13480306946080028
7,is_s,46,Beta,0.11669136724157919
7,is_s,47,Beta,5.7635672563098534
7,is_s,48,Beta,6.208134114924686
7,is_s,49,Beta,3.9647678006234197
7,is_s,50,Beta,4.081546876054283
7,is_s,51,Beta,5.963731454778814
7,is_s,52,Beta,3.703325462858656
7,is_s,53,Beta,1.8456530890552458
7,is_s,54,Beta,1.8461406690391056
7,is_s,55,Beta,0.4179894816785125
7,is_s,56,Beta,1.101636672165444
7,is_s,57,Beta,0.5855534909794684
7,is_s,58,Beta,4.3768545067937
7,is_s,59,Beta,3.4414657690425017
7,is_s,60,Beta,4.254118026786841
8,is_s,1,Delta,4.21353264199325
8,is_s,2,Delta,3.1737249343257155
8,is_s,3,Delta,3.5657920791846958
8,is_s,4,Delta,6.0470678036661
8,is_s,5,Delta,1.0298326310773782
8,is_s,6,Delta,5.537452771252321
8,is_s,7,Delta,5.545757718589696
8,is_s,8,Delta,3.0611040425665266
8,is_s,9,Delta,1.6209735507089318
8,is_s,10,Delta,4.512757699619184
8,is_s,11,Delta,0.8978459677842359
8,is_s,12,Delta,4.164451347778341
8,is_s,13,Delta,2.043412495626734
8,is_s,14,Delta,4.255678670664958
8,is_s,15,Delta,4.076719206679112
8,is_s,16,Delta,1.6342872529286832
8,is_s,17,Delta,2.972889974316566
8,is_s,18,Delta,1.8073256776722848
8,is_s,19,Delta,5.0818785643078055
8,is_s,20,Delta,5.465368226586793
8,is_s,21,Delta,1.6983423436549872
8,is_s,22,Delta,4.857030542429217
8,is_s,23,Delta,1.2039270283799863
8,is_s,24,Delta,5.251534012428509
8,is_s,25,Delta,0.31286767127693693
8,is_s,26,Delta,4.7798792316649
8,is_s,27,Delta,0.470646367552071
8,is_s,28,Delta,2.539090918443863
8,is_s,29,Delta,2.3931154655172717
8,is_s,30,Delta,4.422932566544872
8,is_s,31,Delta,3.794614752243428
8,is_s,32,Delta,1.498396652197484
8,is_s,33,Delta,5.888977094104678
8,is_s,34,Delta,5.594449774047218
8,is_s,35,Delta,0.9935961144961771
8,is_s,36,Delta,4.156154166082641
8,is_s,37,Delta,2.9809061022152483
8,is_s,38,Delta,5.330838504931245
8,is_s,39,Delta,1.3629872206578348
8,is_s,40,Delta,5.017556101610305
8,is_s,41,Delta,3.1241540760470086
8,is_s,42,Delta,4.749852940908141
8,is_s,43,Delta,1.7947547151719294
8,is_s,44,Delta,5.343931570167194
8,is_s,45,Delta,4.54404577091006
8,is_s,46,Delta,5.3990888932148176
8,is_s,47,Delta,1.5405287482909658
8,is_s,48,Delta,1.7583953943623596
8,is_s,49,Delta,1.7153172137581523
8,is_s,50,Delta,2.1560191444094228
8,is_s,51,Delta,5.224867198715693
8,is_s,52,Delta,5.504884132262981
8,is_s,53,Delta,2.043117782411244
8,is_s,54,Delta,1.5986263157268703
8,is_s,55,Delta,3.575391864621219
8,is_s,56,Delta,5.206011093628948
8,is_s,57,Delta,3.183554092142656
8,is_s,58,Delta,1.3113275588319193
8,is_s,59,Delta,5.200095781139721
8,is_s,60,Delta,2.650059937777548
8,is_s,1,Theta,3.684469708142051
8,is_s,2,Theta,2.1686723082266997
8,is_s,3,Theta,2.0462817776033058
8,is_s,4,Theta,0.08112702214198335
8,is_s,5,Theta,0.34525314922263106
8,is_s,6,Theta,6.076872157369029
8,is_s,7,Theta,5.484231340642352
8,is_s,8,Theta,2.651048187471352
8,is_s,9,Theta,0.6586176031673464
8,is_s,10,Theta,4.838533354097148
8,is_s,11,Theta,3.910428597110855
8,is_s,12,Theta,4.240000119374976
8,is_s,13,Theta,3.0028827364645525
8,is_s,14,Theta,3.3851757770758915
8,is_s,15,Theta,3.1634489837146367
8,is_s,16,Theta,2.048476132814438
8,is_s,17,Theta,2.1249513935134616
8,is_s,18,Theta,4.561877685343302
8,is_s,19,Theta,4.651155750887471
8,is_s,20,Theta,5.226950077225254
8,is_s,21,Theta,1.5465397379193373
8,is_s,22,Theta,0.047011718121686426
8,is_s,23,Theta,1.6448722602656771
8,is_s,24,Theta,6.146066874162701
8,is_s,25,Theta,4.5198150786132505
8,is_s,26,Theta,5.397059396929597
8,is_s,27,Theta,5.45214619325931
8,is_s,28,Theta,3.1795680385935765
8,is_s,29,Theta,0.291200099470675
8,is_s,30,Theta,3.329243869235818
8,is_s,31,Theta,3.647009857161274
8,is_s,32,Theta,3.1068095738375137
8,is_s,33,Theta,4.884791485585998
8,is_s,34,Theta,5.3102913046920035
8,is_s,35,Theta,0.19177483103109683
8,is_s,36,Theta,4.393479176240748
8,is_s,37,Theta,5.432727001569059
8,is_s,38,Theta,5.76395128520071
8,is_s,39,Theta,6.270598732575322
8,is_s,40,Theta,4.6939275541142615
8,is_s,41,Theta,3.4362923359594784
8,is_s,42,Theta,4.675776735917755
8,is_s,43,Theta,1.379383457710071
8,is_s,44,Theta,0.4774590547097353
8,is_s,45,Theta,4.044819088074335
8,is_s,46,Theta,5.757432420587853
8,is_s,47,Theta,2.505764679043494
8,is_s,48,Theta,3.0320862812590224
8,is_s,49,Theta,2.951640083081351
8,is_s,50,Theta,2.240828843505271
8,is_s,51,Theta,5.023047844139871
8,is_s,52,Theta,6.040716613258964
8,is_s,53,Theta,3.6328586603089876
8,is_s,54,Theta,1.9279858289260876
8,is_s,55,Theta,4.226286189117731
8,is_s,56,Theta,5.4172372974349
8,is_s,57,Theta,5.66018163827541
8,is_s,58,Theta,1.9573483679034338
8,is_s,59,Theta,5.411956676331787
8,is_s,60,Theta,3.7090813633173227
8,is_s,1,Alpha,1.1993098607650847
8,is_s,2,Alpha,1.4721852354299998
8,is_s,3,Alpha,0.06295658739518298
8,is_s,4,Alpha,0.605105728680969
8,is_s,5,Alpha,0.8807790332368097
8,is_s,6,Alpha,1.6438472079714705
8,is_s,7,Alpha,5.40965357791087
8,is_s,8,Alpha,2.5644388793764055
8,is_s,9,Alpha,5.181638927900721
8,is_s,10,Alpha,4.824710233318087
8,is_s,11,Alpha,3.216762944487882
8,is_s,12,Alpha,5.246584954637879
8,is_s,13,Alpha,6.103559617720317
8,is_s,14,Alpha,1.2786594993680702
8,is_s,15,Alpha,3.0220463454974382
8,is_s,16,Alpha,3.552248661935185
8,is_s,17,Alpha,1.7216569216997673
8,is_s,18,Alpha,5.916483269599025
8,is_s,19,Alpha,4.639253251853718
8,is_s,20,Alpha,4.856802716762885
8,is_s,21,Alpha,1.1708608174843729
8,is_s,22,Alpha,0.7581587775789881
8,is_s,23,Alpha,3.9837060711476684
8,is_s,24,Alpha,1.4264709475457231
8,is_s,25,Alpha,3.390205975167079
8,is_s,26,Alpha,5.454220493530746
8,is_s,27,Alpha,4.885774366722688
8,is_s,28,Alpha,3.5381656336843488
8,is_s,29,Alpha,0.7329674983200282
8,is_s,30,Alpha,1.106263624323336
8,is_s,31,Alpha,5.453742693094103
8,is_s,32,Alpha,4.3413692756563655
8,is_s,33,Alpha,4.714578264241175
8,is_s,34,Alpha,4.501001283870784
8,is_s,35,Alpha,4.401049368548157
8,is_s,36,Alpha,4.0907678044865206
8,is_s,37,Alpha,0.9469581526591123
8,is_s,38,Alpha,1.0846146724179027
8,is_s,39,Alpha,0.8468171377204129
8,is_s,40,Alpha,2.878305465778709
8,is_s,41,Alpha,4.064967327778978
8,is_s,42,Alpha,2.7842320079261254
8,is_s,43,Alpha,0.3718391040424307
8,is_s,44,Alpha,4.386199002940705
8,is_s,45,Alpha,3.3687305769680154
8,is_s,46,Alpha,5.6301081495033625
8,is_s,47,Alpha,3.5519508452130815
8,is_s,48,Alpha,0.757245338434641
8,is_s,49,Alpha,3.3138108644255313
8,is_s,50,Alpha,2.5223174591766013
8,is_s,51,Alpha,4.82158618899442
8,is_s,52,Alpha,1.2793783520214361
8,is_s,53,Alpha,4.4411821642157605
8,is_s,54,Alpha,2.1426021008618297
8,is_s,55,Alpha,5.157888207353743
8,is_s,56,Alpha,5.93424291705957
8,is_s,57,Alpha,3.8150681589817648
8,is_s,58,Alpha,4.590257844179491
8,is_s,59,Alpha,0.1690231170783256
8,is_s,60,Alpha,5.030546621160845
8,is_s,1,Beta,6.1765775250253645
8,is_s,2,Beta,1.0620396247336352
8,is_s,3,Beta,0.36724200238709653
8,is_s,4,Beta,3.054134470280304
8,is_s,5,Beta,0.41943400829006666
8,is_s,6,Beta,1.7054375551148475
8,is_s,7,Beta,0.7776093564816736
8,is_s,8,Beta,0.7635012603447809
8,is_s,9,Beta,1.1271922784817103
8,is_s,10,Beta,0.9052782828928745
8,is_s,11,Beta,4.559026229990059
8,is_s,12,Beta,0.6364708856609917
8,is_s,13,Beta,5.121473038214644
8,is_s,14,Beta,0.57838869219453
8,is_s,15,Beta,3.6747449001132395
8,is_s,16,Beta,2.3070457745509407
8,is_s,17,Beta,2.2140634008868267
8,is_s,18,Beta,0.20392787184642414
8,is_s,19,Beta,5.5972709042606645
8,is_s,20,Beta,5.5721839619998645
8,is_s,21,Beta,1.2344046330226226
8,is_s,22,Beta,0.6259945299171426
8,is_s,23,Beta,2.3194879804125104
8,is_s,24,Beta,5.549434551834155
8,is_s,25,Beta,5.179556233718552
8,is_s,26,Beta,2.07206110310263
8,is_s,27,Beta,5.763559881487971
8,is_s,28,Beta,3.610148506251701
8,is_s,29,Beta,2.2581314581094714
8,is_s,30,Beta,5.699515801121953
8,is_s,31,Beta,6.157921027878332
8,is_s,32,Beta,1.0914375493747035
8,is_s,33,Beta,1.0728246687916865
8,is_s,34,Beta,6.151488798220897
8,is_s,35,Beta,3.436823328957772
8,is_s,36,Beta,0.2097292180765933
8,is_s,37,Beta,5.748447483760111
8,is_s,38,Beta,4.223945190971313
8,is_s,39,Beta,4.9492362098430975
8,is_s,40,Beta,4.7379671833870365
8,is_s,41,Beta,1.4860695295095097
8,is_s,42,Beta,4.3100794690162765
8,is_s,43,Beta,2.808650798041404
8,is_s,44,Beta,5.81748585147529
8,is_s,45,Beta,0.17885027891373398
8,is_s,46,Beta,6.23075445140714
8,is_s,47,Beta,2.229609137523983
8,is_s,48,Beta,3.209664281037562
8,is_s,49,Beta,2.0161080983117943
8,is_s,50,Beta,5.582297772992179
8,is_s,51,Beta,6.007476131522719
8,is_s,52,Beta,1.0238915083642215
8,is_s,53,Beta,1.1177860210548647
8,is_s,54,Beta,4.2673502360983875
8,is_s,55,Beta,1.2531855795454998
8,is_s,56,Beta,3.4117274496276377
8,is_s,57,Beta,0.9254783002688493
8,is_s,58,Beta,4.832210842792799
8,is_s,59,Beta,0.6119349398978853
8,is_s,60,Beta,1.0828708200879178
8,vs_s,1,Delta,1.8770761820590058
8,vs_s,2,Delta,0.6055235064650357
8,vs_s,3,Delta,5.16694001926038
8,vs_s,4,Delta,1.8649381566132501
8,vs_s,5,Delta,1.2410721433090786
8,vs_s,6,Delta,3.720605892990167
8,vs_s,7,Delta,2.55153694696648
8,vs_s,8,Delta,2.109468200164527
8,vs_s,9,Delta,6.1027548859000555
8,vs_s,10,Delta,1.666117137204578
8,vs_s,11,Delta,2.765707083171252
8,vs_s,12,Delta,1.3335219143344192
8,vs_s,13,Delta,2.468958632903412
8,vs_s,14,Delta,0.7538896494501929
8,vs_s,15,Delta,1.5399778689221355
8,vs_s,16,Delta,1.2031742058981802
8,vs_s,17,Delta,1.040420166214725
8,vs_s,18,Delta,1.073803560120402
8,vs_s,19,Delta,3.06793550490462
8,vs_s,20,Delta,0.3448360480244978
8,vs_s,21,Delta,1.705851660869327
8,vs_s,22,Delta,4.909406034808244
8,vs_s,23,Delta,1.3718970449182153
8,vs_s,24,Delta,3.415875754826082
8,vs_s,25,Delta,1.1932036834517787
8,vs_s,26,Delta,5.451208502951415
8,vs_s,27,Delta,1.5238143848913042
8,vs_s,28,Delta,5.750030834470476
8,vs_s,29,Delta,1.3910196293399175
8,vs_s,30,Delta,0.2871891526507291
8,vs_s,31,Delta,5.110142968770442
8,vs_s,32,Delta,1.9442041272106518
8,vs_s,33,Delta,3.9409801986817823
8,vs_s,34,Delta,4.774457831517502
8,vs_s,35,Delta,4.235595879249889
8,vs_s,36,Delta,1.2470763772954057
8,vs_s,37,Delta,4.184753024703488
8,vs_s,38,Delta,5.480010454637042
8,vs_s,39,Delta,3.500385111353318
8,vs_s,40,Delta,1.593038046021779
8,vs_s,41,Delta,1.6137311046612186
8,vs_s,42,Delta,1.037525336610377
8,vs_s,43,Delta,3.405521939003272
8,vs_s,44,Delta,5.73333405263259
8,vs_s,45,Delta,3.7545150745647953
8,vs_s,46,Delta,1.3782875698543948
8,vs_s,47,Delta,5.40304430974646
8,vs_s,48,Delta,4.809573547601806
8,vs_s,49,Delta,1.7076818744578637
8,vs_s,50,Delta,1.1508541333424256
8,vs_s,51,Delta,1.170437301047021
8,vs_s,52,Delta,4.7610991449581395
8,vs_s,53,Delta,0.7971708392962098
8,vs_s,54,Delta,1.4876749502638225
8,vs_s,55,Delta,4.009240862318907
8,vs_s,56,Delta,3.6790357758873102
8,vs_s,57,Delta,3.5198114248783106
8,vs_s,58,Delta,2.9679534513239423
8,vs_s,59,Delta,2.9077930668780807
8,vs_s,60,Delta,1.5266697001011704
8,vs_s,1,Theta,3.296348538673647
8,vs_s,2,Theta,1.1969572157682755
8,vs_s,3,Theta,5.98520006870254
8,vs_s,4,Theta,2.395953354997472
8,vs_s,5,Theta,0.5290360277367574
8,vs_s,6,Theta,4.379614579822142
8,vs_s,7,Theta,4.394658479619131
8,vs_s,8,Theta,3.725736425853828
8,vs_s,9,Theta,0.2238825350293169
8,vs_s,10,Theta,5.867532502685609
8,vs_s,11,Theta,3.1584091564947534
8,vs_s,12,Theta,1.3302267183858594
8,vs_s,13,Theta,3.5973222195518946
8,vs_s,14,Theta,0.5911104979710418
8,vs_s,15,Theta,1.1779618508049863
8,vs_s,16,Theta,0.6765640931330854
8,vs_s,17,Theta,0.8366442341114426
8,vs_s,18,Theta,4.764501270754861
8,vs_s,19,Theta,3.59485723230239
8,vs_s,20,Theta,1.4035564460633265
8,vs_s,21,Theta,2.833657915325208
8,vs_s,22,Theta,5.058892350006464
8,vs_s,23,Theta,1.5843641539166549
8,vs_s,24,Theta,4.202306926581738
8,vs_s,25,Theta,5.967220545992683
8,vs_s,26,Theta,5.644732428664023
8,vs_s,27,Theta,1.4613419571073734
8,vs_s,28,Theta,1.2857311516761358
8,vs_s,29,Theta,2.1843143228151716
8,vs_s,30,Theta,5.788856352164133
8,vs_s,31,Theta,5.0513486363284175
8,vs_s,32,Theta,2.2054979247227986
8,vs_s,33,Theta,4.112978386831898
8,vs_s,34,Theta,4.550133201198699
8,vs_s,35,Theta,3.527216565546534
8,vs_s,36,Theta,0.7406173563021391
8,vs_s,37,Theta,2.619359608240496
8,vs_s,38,Theta,5.894990053021642
8,vs_s,39,Theta,2.849258292105108
8,vs_s,40,Theta,1.0057715231261624
8,vs_s,41,Theta,4.404204669116129
8,vs_s,42,Theta,2.0350273975258446
8,vs_s,43,Theta,2.9114974689878186
8,vs_s,44,Theta,0.4151431484383739
8,vs_s,45,Theta,3.491671832896716
8,vs_s,46,Theta,1.531537207566614
8,vs_s,47,Theta,0.07516231917840593
8,vs_s,48,Theta,4.955221070615585
8,vs_s,49,Theta,2.9154330322373396
8,vs_s,50,Theta,1.4477967324118626
8,vs_s,51,Theta,5.971115545362482
8,vs_s,52,Theta,4.965024573885116
8,vs_s,53,Theta,1.270173459621257
8,vs_s,54,Theta,1.7054263197925579
8,vs_s,55,Theta,2.1669643294981786
8,vs_s,56,Theta,2.3592960876753506
8,vs_s,57,Theta,3.0440686147002802
8,vs_s,58,Theta,3.395190060764264
8,vs_s,59,Theta,4.496581578669057
8,vs_s,60,Theta,2.9189445756601526
8,vs_s,1,Alpha,4.738741202247443
8,vs_s,2,Alpha,2.014666144181703
8,vs_s,3,Alpha,4.596220709631623
8,vs_s,4,Alpha,2.087853656218221
8,vs_s,5,Alpha,2.9546622891227496
8,vs_s,6,Alpha,4.363097879410185
8,vs_s,7,Alpha,4.176361090161974
8,vs_s,8,Alpha,3.4281747431867102
8,vs_s,9,Alpha,1.8921368226215336
8,vs_s,10,Alpha,5.683893772980485
8,vs_s,11,Alpha,5.1179052351875685
8,vs_s,12,Alpha,3.684100531635082
8,vs_s,13,Alpha,4.343649962551001
8,vs_s,14,Alpha,1.5260096464069128
8,vs_s,15,Alpha,3.1000005897522254
8,vs_s,16,Alpha,1.534703517903062
8,vs_s,17,Alpha,1.3694665068253788
8,vs_s,18,Alpha,5.160486651214869
8,vs_s,19,Alpha,2.4836188691788035
8,vs_s,20,Alpha,1.545816253342727
8,vs_s,21,Alpha,2.750034925145106
8,vs_s,22,Alpha,5.054122969900595
8,vs_s,23,Alpha,1.4870452301310193
8,vs_s,24,Alpha,4.544066796558548
8,vs_s,25,Alpha,0.21638482723156902
8,vs_s,26,Alpha,4.870230849499334
8,vs_s,27,Alpha,0.7785222869935886
8,vs_s,28,Alpha,2.2869334671386463
8,vs_s,29,Alpha,3.9515539506057142
8,vs_s,30,Alpha,4.8810495263061116
8,vs_s,31,Alpha,3.8874820004806323
8,vs_s,32,Alpha,3.1032086807149
8,vs_s,33,Alpha,3.5390636671876066
8,vs_s,34,Alpha,3.1406472518308104
8,vs_s,35,Alpha,3.48530789987004
8,vs_s,36,Alpha,5.018305528925785
8,vs_s,37,Alpha,0.8113861400916036
8,vs_s,38,Alpha,0.013345719232889517
8,vs_s,39,Alpha,3.589976675365301
8,vs_s,40,Alpha,0.05156686326482129
8,vs_s,41,Alpha,3.9402181907902754
8,vs_s,42,Alpha,3.183120548792048
8,vs_s,43,Alpha,2.345595261872557
8,vs_s,44,Alpha,0.6458393889298824
8,vs_s,45,Alpha,2.705706893373646
8,vs_s,46,Alpha,2.831702030863769
8,vs_s,47,Alpha,0.8672234767690206
8,vs_s,48,Alpha,4.964667619871343
8,vs_s,49,Alpha,4.907868933882401
8,vs_s,50,Alpha,2.4564297706723854
8,vs_s,51,Alpha,5.688627075733516
8,vs_s,52,Alpha,4.458478993338007
8,vs_s,53,Alpha,4.131788979800552
8,vs_s,54,Alpha,1.209536410973884
8,vs_s,55,Alpha,1.587943463373349
8,vs_s,56,Alpha,1.0781290470054938
8,vs_s,57,Alpha,2.369696327503759
8,vs_s,58,Alpha,4.806428628567206
8,vs_s,59,Alpha,5.0670729606982245
8,vs_s,60,Alpha,3.5048669682695857
8,vs_s,1,Beta,1.17089931841259
8,vs_s,2,Beta,5.207391245896993
8,vs_s,3,Beta,4.56322535931832
8,vs_s,4,Beta,3.208211386593897
8,vs_s,5,Beta,2.1023251312691955
8,vs_s,6,Beta,5.74188762199929
8,vs_s,7,Beta,3.75311793281645
8,vs_s,8,Beta,0.8807402635074433
8,vs_s,9,Beta,3.9897268063751836
8,vs_s,10,Beta,6.269677157875698
8,vs_s,11,Beta,5.4358438968530365
8,vs_s,12,Beta,1.469250306762075
8,vs_s,13,Beta,1.128208077499
8,vs_s,14,Beta,5.542556752095351
8,vs_s,15,Beta,5.054088140449833
8,vs_s,16,Beta,2.0014556707538596
8,vs_s,17,Beta,4.733039679920676
8,vs_s,18,Beta,6.013166013858315
8,vs_s,19,Beta,1.2403614364023898
8,vs_s,20,Beta,0.10412865930820196
8,vs_s,21,Beta,0.2577029054199554
8,vs_s,22,Beta,2.8882187561384334
8,vs_s,23,Beta,0.9275325796762158
8,vs_s,24,Beta,3.779466574415188
8,vs_s,25,Beta,4.6060255022830185
8,vs_s,26,Beta,5.70048481546586
8,vs_s,27,Beta,3.223909969755772
8,vs_s,28,Beta,0.8878324803104972
8,vs_s,29,Beta,6.231646447252173
8,vs_s,30,Beta,4.218042652488812
8,vs_s,31,Beta,2.874986051641238
8,vs_s,32,Beta,0.4605326951135663
8,vs_s,33,Beta,0.976431617729658
8,vs_s,34,Beta,0.5864385202620953
8,vs_s,35,Beta,5.881234857275505
8,vs_s,36,Beta,3.0652543000129477
8,vs_s,37,Beta,0.03339918027110998
8,vs_s,38,Beta,5.955904161170827
8,vs_s,39,Beta,5.473294826473728
8,vs_s,40,Beta,4.868584583597384
8,vs_s,41,Beta,0.46370671159959803
8,vs_s,42,Beta,0.0014743871848051022
8,vs_s,43,Beta,4.760261176094436
8,vs_s,44,Beta,5.188388710496575
8,vs_s,45,Beta,2.6254926513721277
8,vs_s,46,Beta,0.8996546668132794
8,vs_s,47,Beta,5.626647234627047
8,vs_s,48,Beta,3.6487593706543846
8,vs_s,49,Beta,2.336582389992648
8,vs_s,50,Beta,0.6245882430781343
8,vs_s,51,Beta,5.388803365130524
8,vs_s,52,Beta,3.396481611980988
8,vs_s,53,Beta,3.421582263147243
8,vs_s,54,Beta,5.62553474068375
8,vs_s,55,Beta,5.775224859249162
8,vs_s,56,Beta,3.7537595439302947
8,vs_s,57,Beta,2.7702180152674676
8,vs_s,58,Beta,5.4372744860297955
8,vs_s,59,Beta,3.6653776827476747
8,vs_s,60,Beta,6.193647668429794
9,is_s,1,Delta,2.9776306567102746
9,is_s,2,Delta,4.719543917423431
9,is_s,3,Delta,4.104378009696339
9,is_s,4,Delta,4.667597408266776
9,is_s,5,Delta,1.8220067333866814
9,is_s,6,Delta,5.271120981378287
9,is_s,7,Delta,1.9621539897650264
9,is_s,8,Delta,2.3404777877589815
9,is_s,9,Delta,5.956409284597268
9,is_s,10,Delta,2.6837018429335604
9,is_s,11,Delta,1.1037434624988538
9,is_s,12,Delta,1.4199616528492072
9,is_s,13,Delta,4.627927529672245
9,is_s,14,Delta,5.576407144589333
9,is_s,15,Delta,6.0533482535040495
9,is_s,16,Delta,1.332092064603803
9,is_s,17,Delta,2.4809455974212504
9,is_s,18,Delta,1.0905718465167717
9,is_s,19,Delta,5.0637076208626715
9,is_s,20,Delta,4.246679196928877
9,is_s,21,Delta,4.7616685459038655
9,is_s,22,Delta,3.364280731411654
9,is_s,23,Delta,2.611947644122966
9,is_s,24,Delta,2.9800236316741504
9,is_s,25,Delta,2.049392523928581
9,is_s,26,Delta,4.668400204553244
9,is_s,27,Delta,0.5352389080794379
9,is_s,28,Delta,3.900275103911943
9,is_s,29,Delta,0.9474746813620011
9,is_s,30,Delta,2.2494321107986712
9,is_s,31,Delta,6.105080687061334
9,is_s,32,Delta,2.689178220627411
9,is_s,33,Delta,4.090610181191348
9,is_s,34,Delta,4.367582841717999
9,is_s,35,Delta,1.0647640186001244
9,is_s,36,Delta,2.808053340101567
9,is_s,37,Delta,5.047567279783123
9,is_s,38,Delta,5.705188002407722
9,is_s,39,Delta,4.727513173855181
9,is_s,40,Delta,2.191241070444114
9,is_s,41,Delta,4.66014088939988
9,is_s,42,Delta,3.149333513847331
9,is_s,43,Delta,2.6600997296907707
9,is_s,44,Delta,5.371479856464228
9,is_s,45,Delta,1.4075216441243164
9,is_s,46,Delta,4.890601712099757
9,is_s,47,Delta,5.599428190319722
9,is_s,48,Delta,1.836693977021445
9,is_s,49,Delta,0.9815712509696447
9,is_s,50,Delta,5.519113596420758
9,is_s,51,Delta,5.8173780338256895
9,is_s,52,Delta,1.6088081114424568
9,is_s,53,Delta,5.827952457251918
9,is_s,54,Delta,4.565249781051019
9,is_s,55,Delta,3.0630348818556796
9,is_s,56,Delta,3.8918136600960764
9,is_s,57,Delta,4.50955970914736
9,is_s,58,Delta,0.27662288557062303
9,is_s,59,Delta,0.5488852247363583
9,is_s,60,Delta,5.202756816552085
9,is_s,1,Theta,3.3186850847156903
9,is_s,2,Theta,5.04776575565915
9,is_s,3,Theta,0.3748679355000632
9,is_s,4,Theta,3.8540193213215472
9,is_s,5,Theta,1.8501888677471994
9,is_s,6,Theta,6.073895187471897
9,is_s,7,Theta,4.006484181054574
9,is_s,8,Theta,2.4435224744765627
9,is_s,9,Theta,5.772651348627851
9,is_s,10,Theta,1.410896087430287
9,is_s,11,Theta,4.177937000907457
9,is_s,12,Theta,1.4193100568395822
9,is_s,13,Theta,3.3777310133135146
9,is_s,14,Theta,0.15539922763765698
9,is_s,15,Theta,5.688239553525868
9,is_s,16,Theta,1.8880522550845216
9,is_s,17,Theta,3.671015578449709
9,is_s,18,Theta,6.0718950367485816
9,is_s,19,Theta,3.480622433285582
9,is_s,20,Theta,3.280950211897623
9,is_s,21,Theta,4.9448262165201875
9,is_s,22,Theta,3.741554387992522
9,is_s,23,Theta,2.810374046564343
9,is_s,24,Theta,4.094786921251494
9,is_s,25,Theta,2.1803862865763652
9,is_s,26,Theta,4.506755282943567
9,is_s,27,Theta,1.3173061098695407
9,is_s,28,Theta,3.922685676578083
9,is_s,29,Theta,0.4773912771485166
9,is_s,30,Theta,1.7743302207808789
9,is_s,31,Theta,5.886570044731167
9,is_s,32,Theta,2.954703240839216
9,is_s,33,Theta,3.7444695000613035
9,is_s,34,Theta,3.3545724385388347
9,is_s,35,Theta,5.8546933025321755
9,is_s,36,Theta,3.2524691161285246
9,is_s,37,Theta,4.599813887593671
9,is_s,38,Theta,6.172353056942612
9,is_s,39,Theta,3.9063754607034893
9,is_s,40,Theta,4.135397724043644
9,is_s,41,Theta,4.3063531643036566
9,is_s,42,Theta,3.72467911882272
9,is_s,43,Theta,4.809166382667919
9,is_s,44,Theta,5.778160266682147
9,is_s,45,Theta,0.9934827669196311
9,is_s,46,Theta,5.799512995842003
9,is_s,47,Theta,5.677901459793645
9,is_s,48,Theta,1.5671948144631291
9,is_s,49,Theta,0.7516212357374299
9,is_s,50,Theta,6.059618802305822
9,is_s,51,Theta,6.121007063162905
9,is_s,52,Theta,1.2849092140242522
9,is_s,53,Theta,6.094632364637992
9,is_s,54,Theta,3.510408221395405
9,is_s,55,Theta,3.6905313129334347
9,is_s,56,Theta,4.129896397151889
9,is_s,57,Theta,4.597516528954164
9,is_s,58,Theta,5.860762904672441
9,is_s,59,Theta,5.578804935649873
9,is_s,60,Theta,4.49045587574931
9,is_s,1,Alpha,4.0570871613257555
9,is_s,2,Alpha,5.860851138002321
9,is_s,3,Alpha,5.4577538443381926
9,is_s,4,Alpha,2.207296311455613
9,is_s,5,Alpha,0.05081968627817768
9,is_s,6,Alpha,0.6707442651704191
9,is_s,7,Alpha,4.452274722771236
9,is_s,8,Alpha,0.07952083781657089
9,is_s,9,Alpha,5.367473858352331
9,is_s,10,Alpha,1.7623070566816021
9,is_s,11,Alpha,4.209261811617649
9,is_s,12,Alpha,1.9168335768702907
9,is_s,13,Alpha,2.480106294066913
9,is_s,14,Alpha,0.9235501975053207
9,is_s,15,Alpha,0.9865338074505879
9,is_s,16,Alpha,2.4759408398147276
9,is_s,17,Alpha,4.94460608272108
9,is_s,18,Alpha,1.1507147781680913
9,is_s,19,Alpha,0.3273318425631189
9,is_s,20,Alpha,2.405815397833218
9,is_s,21,Alpha,1.596878009751352
9,is_s,22,Alpha,3.3640607622918597
9,is_s,23,Alpha,1.561065268487821
9,is_s,24,Alpha,1.5218819677200397
9,is_s,25,Alpha,1.5311429976245345
9,is_s,26,Alpha,4.607302727789656
9,is_s,27,Alpha,1.2818208732300218
9,is_s,28,Alpha,4.532208805013887
9,is_s,29,Alpha,0.2715225113286986
9,is_s,30,Alpha,1.2034751149554477
9,is_s,31,Alpha,5.797027211400849
9,is_s,32,Alpha,1.1589082150421934
9,is_s,33,Alpha,3.59404758517823
9,is_s,34,Alpha,1.182420380196297
9,is_s,35,Alpha,1.2907258465132407
9,is_s,36,Alpha,2.3157081490099825
9,is_s,37,Alpha,2.7814889990834937
9,is_s,38,Alpha,0.5786957640206758
9,is_s,39,Alpha,2.9218223043274976
9,is_s,40,Alpha,1.5659724393859384
9,is_s,41,Alpha,4.258927180484198
9,is_s,42,Alpha,4.4137494156869135
9,is_s,43,Alpha,1.1877132786560614
9,is_s,44,Alpha,0.17555093428044666
9,is_s,45,Alpha,1.0154105721300972
9,is_s,46,Alpha,5.4540867226721605
9,is_s,47,Alpha,0.8565801433495075
9,is_s,48,Alpha,0.8195526633419572
9,is_s,49,Alpha,0.19604786766925858
9,is_s,50,Alpha,0.8654004069806824
9,is_s,51,Alpha,1.7940138172629136
9,is_s,52,Alpha,0.8382830413869999
9,is_s,53,Alpha,6.191570921342179
9,is_s,54,Alpha,4.4338070471637945
9,is_s,55,Alpha,3.5934815044323174
9,is_s,56,Alpha,1.7359705311918807
9,is_s,57,Alpha,4.363044022899648
9,is_s,58,Alpha,0.15910442174829836
9,is_s,59,Alpha,5.952410530176587
9,is_s,60,Alpha,3.76530217224308
9,is_s,1,Beta,0.14659924189938145
9,is_s,2,Beta,4.494329778598756
9,is_s,3,Beta,0.20447939761446232
9,is_s,4,Beta,0.9765482595447025
9,is_s,5,Beta,0.42577697740026565
9,is_s,6,Beta,6.111204913485937
9,is_s,7,Beta,0.13799906731755468
9,is_s,8,Beta,2.442811856342345
9,is_s,9,Beta,5.644654728819919
9,is_s,10,Beta,0.9155249575752304
9,is_s,11,Beta,1.93725560275539
9,is_s,12,Beta,1.593672725489347
9,is_s,13,Beta,4.314537658480749
9,is_s,14,Beta,1.8430180608164926
9,is_s,15,Beta,5.913880958781501
9,is_s,16,Beta,1.1525489815136982
9,is_s,17,Beta,3.3468942712252776
9,is_s,18,Beta,1.6561670191737181
9,is_s,19,Beta,5.852907620008201
9,is_s,20,Beta,0.6921507693120135
9,is_s,21,Beta,2.693553803745341
9,is_s,22,Beta,1.7612983676593392
9,is_s,23,Beta,5.326364639466711
9,is_s,24,Beta,2.8666551631858876
9,is_s,25,Beta,2.8273134022300166
9,is_s,26,Beta,0.9833212458833125
9,is_s,27,Beta,1.121780554093342
9,is_s,28,Beta,4.309172658375301
9,is_s,29,Beta,3.7935993584860745
9,is_s,30,Beta,2.972267057680979
9,is_s,31,Beta,1.1475405476107408
9,is_s,32,Beta,3.407917236238017
9,is_s,33,Beta,5.801856453311595
9,is_s,34,Beta,5.075973696126834
9,is_s,35,Beta,3.236692304996361
9,is_s,36,Beta,3.448115607515822
9,is_s,37,Beta,0.765164671278731
9,is_s,38,Beta,0.8431989089343037
9,is_s,39,Beta,5.303568356163903
9,is_s,40,Beta,3.081473525529856
9,is_s,41,Beta,5.763788422906874
9,is_s,42,Beta,1.8234371285558746
9,is_s,43,Beta,3.02892671467477
9,is_s,44,Beta,2.416339858234818
9,is_s,45,Beta,1.7365059487754595
9,is_s,46,Beta,3.0747982181402977
9,is_s,47,Beta,3.0149243016496237
9,is_s,48,Beta,2.3099185252685723
9,is_s,49,Beta,5.473751530279518
9,is_s,50,Beta,3.5141080138045444
9,is_s,51,Beta,4.843727174952917
9,is_s,52,Beta,1.5935241234776607
9,is_s,53,Beta,3.445632616272217
9,is_s,54,Beta,2.9924056677767648
9,is_s,55,Beta,5.901016199749195
9,is_s,56,Beta,1.4782502183821387
9,is_s,57,Beta,6.054716550633081
9,is_s,58,Beta,5.855277383934434
9,is_s,59,Beta,3.224422477519586
9,is_s,60,Beta,4.371524793806249
9,vs_s,1,Delta,1.9530606311880385
9,vs_s,2,Delta,1.5355129087187884
9,vs_s,3,Delta,4.475048502600515
9,vs_s,4,Delta,2.2598633315374035
9,vs_s,5,Delta,1.3537971779147862
9,vs_s,6,Delta,3.889533238690829
9,vs_s,7,Delta,4.5226220697583575
9,vs_s,8,Delta,1.9660332423071831
9,vs_s,9,Delta,1.8014271571583311
9,vs_s,10,Delta,1.8253242872196567
9,vs_s,11,Delta,1.248961709785005
9,vs_s,12,Delta,1.526853579735514
9,vs_s,13,Delta,5.033843855568877
9,vs_s,14,Delta,0.8419998899168475
9,vs_s,15,Delta,2.0256875484149752
9,vs_s,16,Delta,2.35624875390965
9,vs_s,17,Delta,4.625106565645474
9,vs_s,18,Delta,4.969336020417927
9,vs_s,19,Delta,5.2448754854984205
9,vs_s,20,Delta,1.1991223054901663
9,vs_s,21,Delta,4.401296895220944
9,vs_s,22,Delta,4.388494854558834
9,vs_s,23,Delta,4.686187511496968
9,vs_s,24,Delta,3.3880112895677628
9,vs_s,25,Delta,1.5572204720531633
9,vs_s,26,Delta,3.8016910628858454
9,vs_s,27,Delta,0.7268142553841481
9,vs_s,28,Delta,5.096717802468374
9,vs_s,29,Delta,0.6698129251998
9,vs_s,30,Delta,1.042042491682652
9,vs_s,31,Delta,4.9070214760657755
9,vs_s,32,Delta,0.18771566337191087
9,vs_s,33,Delta,1.1828077876215075
9,vs_s,34,Delta,1.5081040626279245
9,vs_s,35,Delta,4.6468432102700845
9,vs_s,36,Delta,2.974886193674066
9,vs_s,37,Delta,1.1446141617153869
9,vs_s,39,Delta,5.603186372028906
9,vs_s,40,Delta,5.0287049255115
9,vs_s,41,Delta,1.0679351020627694
9,vs_s,42,Delta,0.9025383207515782
9,vs_s,43,Delta,5.8550351480299865
9,vs_s,44,Delta,1.4838276125179286
9,vs_s,45,Delta,0.1809840168309624
9,vs_s,46,Delta,3.706167318595988
9,vs_s,47,Delta,3.931245845982404
9,vs_s,48,Delta,1.3320500206289427
9,vs_s,49,Delta,1.3977229016686121
9,vs_s,50,Delta,4.496721975259257
9,vs_s,52,Delta,4.511811581155116
9,vs_s,53,Delta,6.164834038641113
9,vs_s,54,Delta,1.7960538338199372
9,vs_s,55,Delta,4.344044632807715
9,vs_s,56,Delta,5.2115143209643575
9,vs_s,57,Delta,1.3184928049283615
9,vs_s,58,Delta,6.258178884364569
9,vs_s,59,Delta,1.3927463144974364
9,vs_s,60,Delta,0.4078378488298073
9,vs_s,1,Theta,2.4888447638462794
9,vs_s,2,Theta,5.0325046141043055
9,vs_s,3,Theta,3.8307342347139315
9,vs_s,4,Theta,3.144944389358221
9,vs_s,5,Theta,3.567472502581959
9,vs_s,6,Theta,1.558123742494736
9,vs_s,7,Theta,4.986963735532697
9,vs_s,8,Theta,2.682212350196522
9,vs_s,9,Theta,1.3654703227983513
9,vs_s,10,Theta,2.0702920132288236
9,vs_s,11,Theta,1.1238109627382218
9,vs_s,12,Theta,1.3350391500013532
9,vs_s,13,Theta,5.9672025196797405
9,vs_s,14,Theta,0.49707210938625446
9,vs_s,15,Theta,3.6209537698997303
9,vs_s,16,Theta,1.8711459311484469
9,vs_s,17,Theta,4.655042632486386
9,vs_s,18,Theta,5.867167349820501
9,vs_s,19,Theta,5.366192167524221
9,vs_s,20,Theta,0.5573067463494155
9,vs_s,21,Theta,5.328338743013608
9,vs_s,22,Theta,4.161694708064603
9,vs_s,23,Theta,4.575006182000781
9,vs_s,24,Theta,3.9669926521514354
9,vs_s,25,Theta,3.916048135929018
9,vs_s,26,Theta,3.128162648221385
9,vs_s,27,Theta,1.7004023817778398
9,vs_s,28,Theta,6.223277690671069
9,vs_s,29,Theta,1.948079106432822
9,vs_s,30,Theta,1.1702592924073427
9,vs_s,31,Theta,0.5709621605801077
9,vs_s,32,Theta,5.9752299232687625
9,vs_s,33,Theta,4.141754657473902
9,vs_s,34,Theta,0.7674939853007585
9,vs_s,35,Theta,5.834175492765731
9,vs_s,36,Theta,0.42869740177414956
9,vs_s,37,Theta,0.17687439959402038
9,vs_s,39,Theta,5.711299490470859
9,vs_s,40,Theta,4.8878750975466865
9,vs_s,41,Theta,0.4400234274476262
9,vs_s,42,Theta,1.7192632643518833
9,vs_s,43,Theta,6.063522192920622
9,vs_s,44,Theta,1.432964743556112
9,vs_s,45,Theta,6.132183498401596
9,vs_s,46,Theta,2.621082750650269
9,vs_s,47,Theta,3.239781101102225
9,vs_s,48,Theta,0.5383830632096253
9,vs_s,49,Theta,2.128159361985271
9,vs_s,50,Theta,4.509298482451321
9,vs_s,52,Theta,3.654101494991771
9,vs_s,53,Theta,0.9291721756818018
9,vs_s,54,Theta,1.6193912150243046
9,vs_s,55,Theta,3.4302280139236814
9,vs_s,56,Theta,5.907807242849505
9,vs_s,57,Theta,0.1983264465702348
9,vs_s,58,Theta,5.668766920731844
9,vs_s,59,Theta,0.19336106517140084
9,vs_s,60,Theta,6.100265017303012
9,vs_s,1,Alpha,5.45271785519961
9,vs_s,2,Alpha,1.0909248334775883
9,vs_s,3,Alpha,1.415483344174079
9,vs_s,4,Alpha,4.845517767238562
9,vs_s,5,Alpha,4.268188723766276
9,vs_s,6,Alpha,2.4842709258589526
9,vs_s,7,Alpha,0.7616508056393565
9,vs_s,8,Alpha,5.121174558463908
9,vs_s,9,Alpha,0.752330402658582
9,vs_s,10,Alpha,2.980375764658521
9,vs_s,11,Alpha,2.687990017999357
9,vs_s,12,Alpha,1.2546087391376775
9,vs_s,13,Alpha,0.9968421897083486
9,vs_s,14,Alpha,1.7943281442842933
9,vs_s,15,Alpha,4.4071534776421695
9,vs_s,16,Alpha,0.5637176543025516
9,vs_s,17,Alpha,1.1937798095410561
9,vs_s,18,Alpha,1.292458700555897
9,vs_s,19,Alpha,1.4816563668090137
9,vs_s,20,Alpha,5.947584894767043
9,vs_s,21,Alpha,0.09420337499540984
9,vs_s,22,Alpha,3.6795337809943196
9,vs_s,23,Alpha,4.769944908418607
9,vs_s,24,Alpha,4.629549869033183
9,vs_s,25,Alpha,4.289668980386103
9,vs_s,26,Alpha,1.614314460284258
9,vs_s,27,Alpha,4.009649891927227
9,vs_s,28,Alpha,0.761808226779982
9,vs_s,29,Alpha,1.8588326288594244
9,vs_s,30,Alpha,1.1472151746791883
9,vs_s,31,Alpha,1.127022547786353
9,vs_s,32,Alpha,5.204776517971807
9,vs_s,33,Alpha,1.7413698027864257
9,vs_s,34,Alpha,0.16137231424352966
9,vs_s,35,Alpha,0.9054452173492477
9,vs_s,36,Alpha,0.9004286433393035
9,vs_s,37,Alpha,1.6742229905005457
9,vs_s,39,Alpha,0.08125287691427423
9,vs_s,40,Alpha,5.938263359587497
9,vs_s,41,Alpha,1.115221015420251
9,vs_s,42,Alpha,1.539253902390797
9,vs_s,43,Alpha,5.432785985401219
9,vs_s,44,Alpha,0.04745406458324992
9,vs_s,45,Alpha,0.15179728145704538
9,vs_s,46,Alpha,0.17802024368715838
9,vs_s,47,Alpha,0.7463412507145136
9,vs_s,48,Alpha,5.94878954244451
9,vs_s,49,Alpha,1.967585942058133
9,vs_s,50,Alpha,5.111907698835534
9,vs_s,52,Alpha,2.3588017549950004
9,vs_s,53,Alpha,1.5442664337779413
9,vs_s,54,Alpha,1.679362153352881
9,vs_s,55,Alpha,2.580143211989501
9,vs_s,56,Alpha,0.19957222452275852
9,vs_s,57,Alpha,0.5155119635657553
9,vs_s,58,Alpha,6.133174158557237
9,vs_s,59,Alpha,4.7479825799611834
9,vs_s,60,Alpha,2.43679316260184
9,vs_s,1,Beta,1.623688291625379
9,vs_s,2,Beta,3.179647965193194
9,vs_s,3,Beta,0.531815083732792
9,vs_s,4,Beta,4.090423718583136
9,vs_s,5,Beta,5.1815555412612255
9,vs_s,6,Beta,4.19080933944025
9,vs_s,7,Beta,5.521904878686149
9,vs_s,8,Beta,5.551379195930841
9,vs_s,9,Beta,1.4303819569773342
9,vs_s,10,Beta,2.018374827086117
9,vs_s,11,Beta,3.2428901638358254
9,vs_s,12,Beta,1.1874525291004911
9,vs_s,13,Beta,2.7771261927438577
9,vs_s,14,Beta,0.4430487581127879
9,vs_s,15,Beta,2.7806205913104995
9,vs_s,16,Beta,4.337795504777016
9,vs_s,17,Beta,4.688251806009506
9,vs_s,18,Beta,4.118392330944124
9,vs_s,19,Beta,2.0144313909420952
9,vs_s,20,Beta,2.1255928921392715
9,vs_s,21,Beta,4.537116185682665
9,vs_s,22,Beta,6.123276648966048
9,vs_s,23,Beta,2.724817765063228
9,vs_s,24,Beta,3.319848747585264
9,vs_s,25,Beta,1.8016784603641498
9,vs_s,26,Beta,2.005336407771806
9,vs_s,27,Beta,4.246446405151781
9,vs_s,28,Beta,0.4075594931682995
9,vs_s,29,Beta,4.785557802634109
9,vs_s,30,Beta,3.3241976001574627
9,vs_s,31,Beta,6.187926876826169
9,vs_s,32,Beta,5.436079416349811
9,vs_s,33,Beta,1.2810250519218598
9,vs_s,34,Beta,5.385594372262658
9,vs_s,35,Beta,2.540413156021825
9,vs_s,36,Beta,2.9618336455138152
9,vs_s,37,Beta,4.7564569580835485
9,vs_s,39,Beta,2.864288388496146
9,vs_s,40,Beta,1.9259613963701543
9,vs_s,41,Beta,3.7964609324857888
9,vs_s,42,Beta,0.22771315071835432
9,vs_s,43,Beta,2.217337764142994
9,vs_s,44,Beta,0.23250385720773176
9,vs_s,45,Beta,4.528819403741183
9,vs_s,46,Beta,3.3371960958359512
9,vs_s,47,Beta,6.246451542683345
9,vs_s,48,Beta,2.148834298241532
9,vs_s,49,Beta,5.180281965502597
9,vs_s,50,Beta,5.44837312656017
9,vs_s,52,Beta,0.421770036269919
9,vs_s,53,Beta,4.005350524672467
9,vs_s,54,Beta,4.905228635284249
9,vs_s,55,Beta,5.735544547963426
9,vs_s,56,Beta,3.234262957447933
9,vs_s,57,Beta,2.004255869317692
9,vs_s,58,Beta,5.008891600610063
9,vs_s,59,Beta,1.6734445318755777
9,vs_s,60,Beta,2.7318389283990117
