subject,condition,trial,band,angle_rad
10,is_s,1,Delta,2.2712061478898837
10,is_s,2,Delta,4.427937556712623
10,is_s,3,Delta,0.8695605926927408
10,is_s,4,Delta,1.7246652565267007
10,is_s,5,Delta,5.559701045555403
10,is_s,6,Delta,5.83100972280979
10,is_s,7,Delta,3.2947405239488634
10,is_s,8,Delta,1.8950998217432804
10,is_s,9,Delta,2.8854075475014915
10,is_s,10,Delta,2.1527580771314567
10,is_s,11,Delta,4.974910138590764
10,is_s,12,Delta,2.043516364239972
10,is_s,13,Delta,1.0004283390753297
10,is_s,14,Delta,4.12044282334808
10,is_s,15,Delta,2.464367857949561
10,is_s,16,Delta,2.5898111378366595
10,is_s,17,Delta,2.4183046998966518
10,is_s,18,Delta,1.7649519885863547
10,is_s,19,Delta,5.555895252693781
10,is_s,20,Delta,6.059673582847717
10,is_s,21,Delta,1.225751241295315
10,is_s,22,Delta,5.552384987686582
10,is_s,23,Delta,3.9813655839942177
10,is_s,24,Delta,2.5521314966532427
10,is_s,25,Delta,1.507015870387247
10,is_s,26,Delta,2.0089652449769995
10,is_s,27,Delta,2.4257963149852833
10,is_s,28,Delta,1.9080742050145612
10,is_s,29,Delta,3.4291800585312995
10,is_s,30,Delta,0.691337545054726
10,is_s,31,Delta,2.86918783327488
10,is_s,32,Delta,2.476980323804799
10,is_s,33,Delta,1.920995777843652
10,is_s,34,Delta,5.063074258729133
10,is_s,35,Delta,4.471130065193995
10,is_s,36,Delta,1.4079884447358866
10,is_s,38,Delta,1.0340100642185834
10,is_s,39,Delta,2.878026927790994
10,is_s,40,Delta,1.3611396123734396
10,is_s,41,Delta,1.3381051241367483
10,is_s,42,Delta,4.263044936702067
10,is_s,43,Delta,2.1364208682951475
10,is_s,44,Delta,2.243151940957356
10,is_s,45,Delta,1.2707167766784768
10,is_s,46,Delta,2.1038979856230053
10,is_s,48,Delta,1.735225043317093
10,is_s,49,Delta,2.197960898355625
10,is_s,50,Delta,1.2836927040685648
10,is_s,51,Delta,0.029700706370878883
10,is_s,52,Delta,1.7761970862367973
10,is_s,53,Delta,2.5726407683015964
10,is_s,54,Delta,0.8341256642192899
10,is_s,55,Delta,1.8725756052329203
10,is_s,56,Delta,2.9805438463189824
10,is_s,57,Delta,1.629711951308823
10,is_s,58,Delta,2.398197458555444
10,is_s,59,Delta,1.0446650577656786
10,is_s,60,Delta,1.8481540315921825
10,is_s,1,Theta,2.6672058015750078
10,is_s,2,Theta,4.52500629073709
10,is_s,3,Theta,1.103325758965684
10,is_s,4,Theta,3.021191444788825
10,is_s,5,Theta,6.145176687337299
10,is_s,6,Theta,5.360698951019838
10,is_s,7,Theta,3.05000241167036
10,is_s,8,Theta,1.4740501996373705
10,is_s,9,Theta,2.135644286568253
10,is_s,10,Theta,2.263819688673905
10,is_s,11,Theta,4.508724280200112
10,is_s,12,Theta,3.293790642931291
10,is_s,13,Theta,1.4254997022932185
10,is_s,14,Theta,2.5722220403818667
10,is_s,15,Theta,1.30787812406507
10,is_s,16,Theta,2.544429946870326
10,is_s,17,Theta,3.6045955564963648
10,is_s,18,Theta,2.426196314593021
10,is_s,19,Theta,0.530039887664917
10,is_s,20,Theta,6.16499350196374
10,is_s,21,Theta,1.6404929575145804
10,is_s,22,Theta,1.6621230866316143
10,is_s,23,Theta,2.978762131944005
10,is_s,24,Theta,2.7305666508472477
10,is_s,25,Theta,1.472213072856303
10,is_s,26,Theta,2.979004118917822
10,is_s,27,Theta,1.7436407960775047
10,is_s,28,Theta,2.5128663767142903
10,is_s,29,Theta,3.6706362410130824
10,is_s,30,Theta,0.0013006972202355086
10,is_s,31,Theta,3.2864226393411045
10,is_s,32,Theta,2.8585721377861377
10,is_s,33,Theta,1.225871815158409
10,is_s,34,Theta,3.3598097142825663
10,is_s,35,Theta,2.3244357821073534
10,is_s,36,Theta,1.6644838004968612
10,is_s,38,Theta,1.1866236454571235
10,is_s,39,Theta,2.966087729807793
10,is_s,40,Theta,1.1140166776890463
10,is_s,41,Theta,1.3842887742408707
10,is_s,42,Theta,3.7719506067261315
10,is_s,43,Theta,1.9062648952194237
10,is_s,44,Theta,2.5331061719344903
10,is_s,45,Theta,0.4843093633831843
10,is_s,46,Theta,2.7735548812970583
10,is_s,48,Theta,2.328387405892879
10,is_s,49,Theta,3.545341903122425
10,is_s,50,Theta,0.9171152025177269
10,is_s,51,Theta,6.052063559431191
10,is_s,52,Theta,2.2496643485179333
10,is_s,53,Theta,3.054110444918035
10,is_s,54,Theta,1.1613809987337003
10,is_s,55,Theta,1.8243962091722767
10,is_s,56,Theta,2.2999164240289316
10,is_s,57,Theta,1.5500095600702675
10,is_s,58,Theta,2.838119420328766
10,is_s,59,Theta,1.5656929071394539
10,is_s,60,Theta,1.898175511454743
10,is_s,1,Alpha,3.3968853600356095
10,is_s,2,Alpha,4.473876412425827
10,is_s,3,Alpha,3.1686467322816156
10,is_s,4,Alpha,3.8724206186244197
10,is_s,5,Alpha,4.435242173050222
10,is_s,6,Alpha,3.9086062203041676
10,is_s,7,Alpha,3.1935862192188225
10,is_s,8,Alpha,1.1098191720812536
10,is_s,9,Alpha,1.993292985746067
10,is_s,10,Alpha,2.5645777266665912
10,is_s,11,Alpha,6.105038075476081
10,is_s,12,Alpha,3.596198418771634
10,is_s,13,Alpha,2.332043565038047
10,is_s,14,Alpha,2.436731692700605
10,is_s,15,Alpha,0.20719514917275747
10,is_s,16,Alpha,0.5114885320476115
10,is_s,17,Alpha,3.788578977312725
10,is_s,18,Alpha,2.8296756511377072
10,is_s,19,Alpha,0.32226822234389696
10,is_s,20,Alpha,0.7322964021749069
10,is_s,21,Alpha,0.9093758253547382
10,is_s,22,Alpha,3.0746438043251976
10,is_s,23,Alpha,2.0979786022030167
10,is_s,24,Alpha,4.081802069955029
10,is_s,25,Alpha,0.23890574439422677
10,is_s,26,Alpha,4.101533353755382
10,is_s,27,Alpha,4.297971290105152
10,is_s,28,Alpha,3.052287952640565
10,is_s,29,Alpha,4.397252953569251
10,is_s,30,Alpha,3.400702198608079
10,is_s,31,Alpha,3.108069855356065
10,is_s,32,Alpha,3.624988274852491
10,is_s,33,Alpha,0.13420639729506093
10,is_s,34,Alpha,3.395863167170251
10,is_s,35,Alpha,3.343100837928789
10,is_s,36,Alpha,2.50446506988895
10,is_s,38,Alpha,2.1945100761062575
10,is_s,39,Alpha,2.810116655187068
10,is_s,40,Alpha,1.5005437605985383
10,is_s,41,Alpha,2.3277499417981673
10,is_s,42,Alpha,4.034873652107694
10,is_s,43,Alpha,2.701199039158394
10,is_s,44,Alpha,2.9045943054193537
10,is_s,45,Alpha,0.10589023702722587
10,is_s,46,Alpha,3.7845024780902223
10,is_s,48,Alpha,3.0383721868997937
10,is_s,49,Alpha,0.3531647535304156
10,is_s,50,Alpha,5.129018330008245
10,is_s,51,Alpha,6.265189274310273
10,is_s,52,Alpha,2.3309223745353798
10,is_s,53,Alpha,4.164987759238755
10,is_s,54,Alpha,1.7853252271578868
10,is_s,55,Alpha,2.2009466997054807
10,is_s,56,Alpha,2.0265335917417384
10,is_s,57,Alpha,3.1158995644784535
10,is_s,58,Alpha,3.4226662335184916
10,is_s,59,Alpha,3.829035709716123
10,is_s,60,Alpha,3.7387982457320854
10,is_s,1,Beta,2.8897988590400927
10,is_s,2,Beta,1.960585983226318
10,is_s,3,Beta,4.055650403729958
10,is_s,4,Beta,4.523431779376807
10,is_s,5,Beta,1.0371781934086188
10,is_s,6,Beta,2.313020238047063
10,is_s,7,Beta,3.177719583999083
10,is_s,8,Beta,2.120439659556284
10,is_s,9,Beta,4.2432220331615635
10,is_s,10,Beta,1.4759320105886662
10,is_s,11,Beta,0.16356536713967282
10,is_s,12,Beta,1.0157977823029818
10,is_s,13,Beta,0.992854486782012
10,is_s,14,Beta,1.373793184130315
10,is_s,15,Beta,6.2287129487812765
10,is_s,16,Beta,4.838905640106107
10,is_s,17,Beta,2.5421285235299065
10,is_s,18,Beta,1.04169199947617
10,is_s,19,Beta,2.339547036242694
10,is_s,20,Beta,4.370331525105572
10,is_s,21,Beta,0.9379093929791783
10,is_s,22,Beta,1.74190007843022
10,is_s,23,Beta,4.205799440389397
10,is_s,24,Beta,2.6981618916347663
10,is_s,25,Beta,6.0559037384284755
10,is_s,26,Beta,3.2159074579431963
10,is_s,27,Beta,5.099698988065727
10,is_s,28,Beta,2.89693505167231
10,is_s,29,Beta,1.6702337364080022
10,is_s,30,Beta,4.381816788774204
10,is_s,31,Beta,3.5864864322877152
10,is_s,32,Beta,2.614758902301297
10,is_s,33,Beta,4.29284499354528
10,is_s,34,Beta,2.451076312415843
10,is_s,35,Beta,2.9488865045709165
10,is_s,36,Beta,4.115629047609257
10,is_s,38,Beta,5.664786787498665
10,is_s,39,Beta,4.845611245472974
10,is_s,40,Beta,1.2732774207569215
10,is_s,41,Beta,0.9340132476060674
10,is_s,42,Beta,0.2004470435497489
10,is_s,43,Beta,2.878767301094448
10,is_s,44,Beta,2.710474055330971
10,is_s,45,Beta,4.949549203471908
10,is_s,46,Beta,4.807943455850955
10,is_s,48,Beta,1.1946608923048359
10,is_s,49,Beta,1.8755868220546486
10,is_s,50,Beta,5.4180643492967455
10,is_s,51,Beta,3.598519580698571
10,is_s,52,Beta,5.8372814658542005
10,is_s,53,Beta,3.1654190097321218
10,is_s,54,Beta,5.821650835085531
10,is_s,55,Beta,3.823270735797315
10,is_s,56,Beta,3.930638828617054
10,is_s,57,Beta,2.9971059199999344
10,is_s,58,Beta,2.8592949943566666
10,is_s,59,Beta,4.812124666521995
10,is_s,60,Beta,3.9798524310404537
10,vs_s,1,Delta,1.8453045902237544
10,vs_s,2,Delta,4.061459425287509
10,vs_s,3,Delta,4.6809607039256775
10,vs_s,4,Delta,1.6818572028206347
10,vs_s,5,Delta,4.25607358341227
10,vs_s,6,Delta,4.758181210785813
10,vs_s,7,Delta,1.5826065726443168
10,vs_s,8,Delta,1.4622550715228986
10,vs_s,9,Delta,4.813035880154703
10,vs_s,10,Delta,2.340049904108368
10,vs_s,11,Delta,5.04682787507369
10,vs_s,12,Delta,1.2605883675702005
10,vs_s,13,Delta,3.3203413988911423
10,vs_s,14,Delta,2.8228188171744892
10,vs_s,15,Delta,6.224753690912845
10,vs_s,16,Delta,4.725194750668813
10,vs_s,17,Delta,3.7402209531163657
10,vs_s,18,Delta,2.1869866277773027
10,vs_s,19,Delta,1.350115337288245
10,vs_s,20,Delta,3.721098577193754
10,vs_s,21,Delta,1.002968902330436
10,vs_s,22,Delta,2.0749288071897234
10,vs_s,23,Delta,4.653602116963743
10,vs_s,24,Delta,4.997238298403724
10,vs_s,25,Delta,1.489404868639871
10,vs_s,26,Delta,3.144288057461498
10,vs_s,27,Delta,4.826416599752572
10,vs_s,28,Delta,1.7874706834176157
10,vs_s,29,Delta,4.474810449477335
10,vs_s,30,Delta,3.1219873579119515
10,vs_s,31,Delta,0.8043289430778175
10,vs_s,32,Delta,5.385160937480651
10,vs_s,33,Delta,2.641391762669365
10,vs_s,34,Delta,1.8692452250218181
10,vs_s,35,Delta,4.522108956959562
10,vs_s,36,Delta,1.68553548090077
10,vs_s,37,Delta,1.6401693217694233
10,vs_s,38,Delta,2.5548256200666106
10,vs_s,39,Delta,1.9092376921900145
10,vs_s,40,Delta,1.686095884895724
10,vs_s,41,Delta,5.068976461560457
10,vs_s,42,Delta,2.250645444943303
10,vs_s,43,Delta,5.021006255669468
10,vs_s,44,Delta,3.189276768971508
10,vs_s,45,Delta,4.802965391997359
10,vs_s,46,Delta,2.5641927028354323
10,vs_s,47,Delta,0.10616524217246845
10,vs_s,48,Delta,3.041591243759031
10,vs_s,49,Delta,2.445067485405812
10,vs_s,50,Delta,5.974640011467692
10,vs_s,51,Delta,1.3780711059317996
10,vs_s,52,Delta,2.3288270095869734
10,vs_s,53,Delta,4.897069155336217
10,vs_s,54,Delta,2.1861310048163105
10,vs_s,55,Delta,1.4021502661434162
10,vs_s,56,Delta,2.1300775403039798
10,vs_s,57,Delta,1.558974209829856
10,vs_s,59,Delta,1.796444833467871
10,vs_s,60,Delta,4.9752564085538475
10,vs_s,1,Theta,1.5022648655799806
10,vs_s,2,Theta,4.2592973013151365
10,vs_s,3,Theta,0.9482380488806674
10,vs_s,4,Theta,3.2598000377619503
10,vs_s,5,Theta,4.584113246273945
10,vs_s,6,Theta,4.891163389948018
10,vs_s,7,Theta,1.1064877672181503
10,vs_s,8,Theta,0.5773885323244629
10,vs_s,9,Theta,3.471061382302725
10,vs_s,10,Theta,2.3571424081298806
10,vs_s,11,Theta,6.241108090956962
10,vs_s,12,Theta,0.7380897308736613
10,vs_s,13,Theta,2.01026348160068
10,vs_s,14,Theta,2.560968078081022
10,vs_s,15,Theta,0.7427586009888522
10,vs_s,16,Theta,5.932446774163742
10,vs_s,17,Theta,2.403859865257068
10,vs_s,18,Theta,2.169157284855696
10,vs_s,19,Theta,2.4973145718469336
10,vs_s,20,Theta,3.3097143993990494
10,vs_s,21,Theta,1.6220888295604428
10,vs_s,22,Theta,2.7681235244977214
10,vs_s,23,Theta,4.916089057331392
10,vs_s,24,Theta,0.1355831590172981
10,vs_s,25,Theta,1.5804281018789483
10,vs_s,26,Theta,3.4621737968118977
10,vs_s,27,Theta,4.600384776789637
10,vs_s,28,Theta,2.297253556821619
10,vs_s,29,Theta,4.961443114977328
10,vs_s,30,Theta,2.9267731943721396
10,vs_s,31,Theta,0.6293853232977444
10,vs_s,32,Theta,0.049777890290128156
10,vs_s,33,Theta,2.306262641300684
10,vs_s,34,Theta,2.0739850282139534
10,vs_s,35,Theta,5.136079173824425
10,vs_s,36,Theta,1.4728971529661659
10,vs_s,37,Theta,2.0838563289101515
10,vs_s,38,Theta,2.6572293463985726
10,vs_s,39,Theta,1.2930916456652195
10,vs_s,40,Theta,1.4625509846905393
10,vs_s,41,Theta,4.963434946801302
10,vs_s,42,Theta,2.2394441121359123
10,vs_s,43,Theta,2.217018977727484
10,vs_s,44,Theta,3.5855798426167294
10,vs_s,45,Theta,3.9281433671049815
10,vs_s,46,Theta,3.6960017987128486
10,vs_s,47,Theta,3.6466768520767703
10,vs_s,48,Theta,3.4028434733023536
10,vs_s,49,Theta,2.876135626192018
10,vs_s,50,Theta,1.9672602110747968
10,vs_s,51,Theta,1.2752631274219834
10,vs_s,52,Theta,1.8622036050014295
10,vs_s,53,Theta,5.344015971038758
10,vs_s,54,Theta,1.356204880658609
10,vs_s,55,Theta,4.538153499065907
10,vs_s,56,Theta,1.960943142786615
10,vs_s,57,Theta,1.6193767352897666
10,vs_s,59,Theta,1.057092732688154
10,vs_s,60,Theta,2.8343384805711422
10,vs_s,1,Alpha,1.5576378367967068
10,vs_s,2,Alpha,5.05521224435279
10,vs_s,3,Alpha,1.1183686763650285
10,vs_s,4,Alpha,5.367975106309833
10,vs_s,5,Alpha,2.6769523966213775
10,vs_s,6,Alpha,4.8810868887529075
10,vs_s,7,Alpha,1.629257813966841
10,vs_s,8,Alpha,5.946979946342555
10,vs_s,9,Alpha,1.3902969807682266
10,vs_s,10,Alpha,2.527369523625266
10,vs_s,11,Alpha,0.4632062648580416
10,vs_s,12,Alpha,0.7229776522612514
10,vs_s,13,Alpha,1.7600312575849468
10,vs_s,14,Alpha,2.28301005107456
10,vs_s,15,Alpha,2.8160882461933356
10,vs_s,16,Alpha,5.2142030200436045
10,vs_s,17,Alpha,0.46816555307099167
10,vs_s,18,Alpha,2.7039308117002685
10,vs_s,19,Alpha,4.6248329417174645
10,vs_s,20,Alpha,3.2933018057324746
10,vs_s,21,Alpha,1.9202396945388893
10,vs_s,22,Alpha,5.248888904740309
10,vs_s,23,Alpha,2.2626653102102976
10,vs_s,24,Alpha,0.28197965385485985
10,vs_s,25,Alpha,1.695805550485483
10,vs_s,26,Alpha,3.2989419740329553
10,vs_s,27,Alpha,1.0309401641137004
10,vs_s,28,Alpha,2.5184592033995674
10,vs_s,29,Alpha,5.289105060286915
10,vs_s,30,Alpha,3.357517725407939
10,vs_s,31,Alpha,0.8912083867615749
10,vs_s,32,Alpha,1.2535969699874498
10,vs_s,33,Alpha,0.9440797219992968
10,vs_s,34,Alpha,2.585172137730159
10,vs_s,35,Alpha,4.6661883288249415
10,vs_s,36,Alpha,3.609183936298241
10,vs_s,37,Alpha,1.4991914550407508
10,vs_s,38,Alpha,2.3616822803576576
10,vs_s,39,Alpha,1.9259111350274216
10,vs_s,40,Alpha,2.179240358617557
10,vs_s,41,Alpha,4.522978358460426
10,vs_s,42,Alpha,2.1605724026324693
10,vs_s,43,Alpha,2.3448865095354803
10,vs_s,44,Alpha,4.97812158450317
10,vs_s,45,Alpha,2.588277183910649
10,vs_s,46,Alpha,3.989808692045798
10,vs_s,47,Alpha,3.847103754072722
10,vs_s,48,Alpha,3.0635083289961504
10,vs_s,49,Alpha,3.813393932326519
10,vs_s,50,Alpha,2.3556304906140197
10,vs_s,51,Alpha,2.818685600776391
10,vs_s,52,Alpha,2.668145864196812
10,vs_s,53,Alpha,1.3792918220531598
10,vs_s,54,Alpha,0.9657324842865421
10,vs_s,55,Alpha,3.996018437742493
10,vs_s,56,Alpha,0.09977222007156512
10,vs_s,57,Alpha,2.276512171352669
10,vs_s,59,Alpha,0.7449346399444013
10,vs_s,60,Alpha,3.1490815015485665
10,vs_s,1,Beta,4.972236388215268
10,vs_s,2,Beta,4.387753832129929
10,vs_s,3,Beta,3.013337771223431
10,vs_s,4,Beta,2.973622088214395
10,vs_s,5,Beta,1.1590286494448518
10,vs_s,6,Beta,3.113259065084106
10,vs_s,7,Beta,2.861705907890818
10,vs_s,8,Beta,3.461455102175181
10,vs_s,9,Beta,0.42522146631088137
10,vs_s,10,Beta,5.215849366249364
10,vs_s,11,Beta,2.8705335377566645
10,vs_s,12,Beta,3.8276976669720404
10,vs_s,13,Beta,1.2512926602763024
10,vs_s,14,Beta,3.5302130643616136
10,vs_s,15,Beta,2.5197016107767176
10,vs_s,16,Beta,5.077830548855193
10,vs_s,17,Beta,5.780828015581182
10,vs_s,18,Beta,3.7646555184585764
10,vs_s,19,Beta,1.31518596798211
10,vs_s,20,Beta,2.8098640299258877
10,vs_s,21,Beta,3.4660584291729597
10,vs_s,22,Beta,0.4321756264961855
10,vs_s,23,Beta,6.111774780832069
10,vs_s,24,Beta,4.487495070252555
10,vs_s,25,Beta,0.8495956639032582
10,vs_s,26,Beta,5.1414607475786935
10,vs_s,27,Beta,3.6848598280540013
10,vs_s,28,Beta,2.0916972305513184
10,vs_s,29,Beta,4.799751067923331
10,vs_s,30,Beta,3.5976763232466453
10,vs_s,31,Beta,2.0165096360161265
10,vs_s,32,Beta,4.744372291752565
10,vs_s,33,Beta,0.39986029788596233
10,vs_s,34,Beta,5.636326091523011
10,vs_s,35,Beta,1.25793603690443
10,vs_s,36,Beta,3.0541431101639573
10,vs_s,37,Beta,4.088365442254059
10,vs_s,38,Beta,4.644928054116015
10,vs_s,39,Beta,3.9734904832178417
10,vs_s,40,Beta,2.0687127446770273
10,vs_s,41,Beta,4.453995295521631
10,vs_s,42,Beta,1.5451575092866192
10,vs_s,43,Beta,3.700846031632381
10,vs_s,44,Beta,6.155114428633959
10,vs_s,45,Beta,2.028581672742201
10,vs_s,46,Beta,3.53803277444545
10,vs_s,47,Beta,2.9888738577842804
10,vs_s,48,Beta,2.3541507027949153
10,vs_s,49,Beta,5.139845830266202
10,vs_s,50,Beta,1.0628240847943022
10,vs_s,51,Beta,2.4172936276208343
10,vs_s,52,Beta,2.4142529393145797
10,vs_s,53,Beta,4.005350472846395
10,vs_s,54,Beta,2.531215394018171
10,vs_s,55,Beta,4.627771567634858
10,vs_s,56,Beta,0.4293686898712844
10,vs_s,57,Beta,3.604075682450294
10,vs_s,59,Beta,4.931600795035426
10,vs_s,60,Beta,3.8790381864590606
11,vs_s,1,Delta,2.0909834451642295
11,vs_s,2,Delta,2.060795707024051
11,vs_s,3,Delta,2.072908485454067
11,vs_s,4,Delta,4.367217086028705
11,vs_s,5,Delta,1.8052003152919376
11,vs_s,6,Delta,3.550517112731475
11,vs_s,7,Delta,5.48205106522036
11,vs_s,8,Delta,2.5626620772776167
11,vs_s,9,Delta,3.413308078478601
11,vs_s,10,Delta,0.11272362140020765
11,vs_s,11,Delta,3.333513917881567
11,vs_s,12,Delta,1.7851067107961986
11,vs_s,13,Delta,0.7350117157953494
11,vs_s,14,Delta,4.909736220726435
11,vs_s,15,Delta,3.199391560314461
11,vs_s,16,Delta,3.179350700212073
11,vs_s,17,Delta,1.711745477237654
11,vs_s,18,Delta,3.963538996629128
11,vs_s,19,Delta,3.4669939733194726
11,vs_s,20,Delta,1.7663129892431946
11,vs_s,21,Delta,2.534352835132088
11,vs_s,22,Delta,1.906819746830651
11,vs_s,23,Delta,1.8697149928565273
11,vs_s,24,Delta,3.3051119281038766
11,vs_s,25,Delta,1.3729114905626787
11,vs_s,26,Delta,1.047484332635157
11,vs_s,27,Delta,3.2096654598480927
11,vs_s,28,Delta,1.6874534851414078
11,vs_s,29,Delta,2.0527393842199326
11,vs_s,30,Delta,1.2925561668823307
11,vs_s,31,Delta,2.0436267916497903
11,vs_s,32,Delta,1.3557850661970354
11,vs_s,33,Delta,2.0685400788061235
11,vs_s,34,Delta,1.6658954544174605
11,vs_s,35,Delta,1.5361739629457258
11,vs_s,36,Delta,0.4952014605228524
11,vs_s,37,Delta,2.1647941006694857
11,vs_s,38,Delta,6.10068457459753
11,vs_s,39,Delta,4.965301558133139
11,vs_s,40,Delta,0.9734244429860783
11,vs_s,41,Delta,1.5501957526640566
11,vs_s,43,Delta,4.181953511982686
11,vs_s,44,Delta,1.5257623309768948
11,vs_s,45,Delta,1.873481826929215
11,vs_s,46,Delta,1.028266476440817
11,vs_s,47,Delta,4.915507177370392
11,vs_s,48,Delta,1.4436000505878106
11,vs_s,49,Delta,2.7706187436584027
11,vs_s,50,Delta,5.364058653949208
11,vs_s,51,Delta,1.7357200201531633
11,vs_s,52,Delta,2.223819561247569
11,vs_s,53,Delta,1.639640458493787
11,vs_s,54,Delta,4.7335077898948
11,vs_s,55,Delta,2.304673403427172
11,vs_s,56,Delta,3.7863270622002703
11,vs_s,57,Delta,4.554688345786918
11,vs_s,58,Delta,1.467841797695723
11,vs_s,59,Delta,1.568216988610227
11,vs_s,60,Delta,2.528805581235561
11,vs_s,1,Theta,0.8934004381386663
11,vs_s,2,Theta,3.543826193469895
11,vs_s,3,Theta,2.567669897844655
11,vs_s,4,Theta,5.275556144761097
11,vs_s,5,Theta,2.132191945330851
11,vs_s,6,Theta,3.1531715210697415
11,vs_s,7,Theta,5.534200071038086
11,vs_s,8,Theta,2.9231005688062357
11,vs_s,9,Theta,4.109952071151633
11,vs_s,10,Theta,6.26934454205069
11,vs_s,11,Theta,3.3604526803730264
11,vs_s,12,Theta,2.4236460722658406
11,vs_s,13,Theta,0.2431353264658817
11,vs_s,14,Theta,5.213499688112396
11,vs_s,15,Theta,2.9522366233255024
11,vs_s,16,Theta,2.9149419000210686
11,vs_s,17,Theta,2.257470442165481
11,vs_s,18,Theta,3.6187526433339747
11,vs_s,19,Theta,3.5504628055721748
11,vs_s,20,Theta,1.8870317523952735
11,vs_s,21,Theta,2.375594544942501
11,vs_s,22,Theta,3.5608378794058426
11,vs_s,23,Theta,1.6653968654593856
11,vs_s,24,Theta,3.0243690990589966
11,vs_s,25,Theta,1.0192293292453831
11,vs_s,26,Theta,0.4066157134273479
11,vs_s,27,Theta,2.9271331195928205
11,vs_s,28,Theta,1.3494070906228988
11,vs_s,29,Theta,1.9016981491601284
11,vs_s,30,Theta,1.516738752564075
11,vs_s,31,Theta,1.5049420881229056
11,vs_s,32,Theta,0.49877521645244055
11,vs_s,33,Theta,2.180287210403964
11,vs_s,34,Theta,1.1082382980869898
11,vs_s,35,Theta,0.40052876808070215
11,vs_s,36,Theta,0.30506088014565996
11,vs_s,37,Theta,3.538451323731461
11,vs_s,38,Theta,4.885755279168133
11,vs_s,39,Theta,3.164168750821082
11,vs_s,40,Theta,1.212595018309185
11,vs_s,41,Theta,0.7545135152594843
11,vs_s,43,Theta,1.5370242199134834
11,vs_s,44,Theta,2.070611194194891
11,vs_s,45,Theta,1.3963702182019182
11,vs_s,46,Theta,0.6066792749944908
11,vs_s,47,Theta,4.607736357421551
11,vs_s,48,Theta,1.7487831420841413
11,vs_s,49,Theta,2.708175828045257
11,vs_s,50,Theta,1.1302227288627902
11,vs_s,51,Theta,1.69632077060618
11,vs_s,52,Theta,4.439025054182599
11,vs_s,53,Theta,1.8688476550761701
11,vs_s,54,Theta,5.982660838331964
11,vs_s,55,Theta,3.9767013517818017
11,vs_s,56,Theta,3.1981436193711925
11,vs_s,57,Theta,4.774837455950027
11,vs_s,58,Theta,0.7159061473891856
11,vs_s,59,Theta,1.8313212686398759
11,vs_s,60,Theta,2.7358687012666127
11,vs_s,1,Alpha,5.926494530462427
11,vs_s,2,Alpha,5.311392393235217
11,vs_s,3,Alpha,2.5659029689145667
11,vs_s,4,Alpha,4.292108968834299
11,vs_s,5,Alpha,0.16458948545243177
11,vs_s,6,Alpha,1.1155951829201
11,vs_s,7,Alpha,5.184538812060516
11,vs_s,8,Alpha,1.1973386511497695
11,vs_s,9,Alpha,6.226541562886922
11,vs_s,10,Alpha,5.986024584456307
11,vs_s,11,Alpha,2.1781871637935994
11,vs_s,12,Alpha,4.630772933244621
11,vs_s,13,Alpha,0.930637908663069
11,vs_s,14,Alpha,0.29199573658231254
11,vs_s,15,Alpha,0.19769849561082625
11,vs_s,16,Alpha,3.6778958039597516
11,vs_s,17,Alpha,2.790170270721742
11,vs_s,18,Alpha,4.0466081491601695
11,vs_s,19,Alpha,3.6720548773883332
11,vs_s,20,Alpha,1.5686938643891337
11,vs_s,21,Alpha,2.728362978261364
11,vs_s,22,Alpha,4.125658145114244
11,vs_s,23,Alpha,4.159237058331643
11,vs_s,24,Alpha,3.232134492114117
11,vs_s,25,Alpha,5.949635613469504
11,vs_s,26,Alpha,3.0598076226779063
11,vs_s,27,Alpha,1.563887905882486
11,vs_s,28,Alpha,1.089822577091798
11,vs_s,29,Alpha,3.055369147091574
11,vs_s,30,Alpha,2.0942965773332642
11,vs_s,31,Alpha,5.5836420314052395
11,vs_s,32,Alpha,3.047764332419083
11,vs_s,33,Alpha,3.1595262658097747
11,vs_s,34,Alpha,1.8879874538897348
11,vs_s,35,Alpha,6.255376923009431
11,vs_s,36,Alpha,1.159736425360102
11,vs_s,37,Alpha,5.102973819376712
11,vs_s,38,Alpha,3.0364257164982407
11,vs_s,39,Alpha,3.759314592507177
11,vs_s,40,Alpha,1.0828092428095453
11,vs_s,41,Alpha,0.9345294283576856
11,vs_s,43,Alpha,0.963955959701272
11,vs_s,44,Alpha,1.9119415076724042
11,vs_s,45,Alpha,0.1475412516754946
11,vs_s,46,Alpha,4.657679303301354
11,vs_s,47,Alpha,5.261499230109633
11,vs_s,48,Alpha,2.1997850857341925
11,vs_s,49,Alpha,3.0897120777600215
11,vs_s,50,Alpha,1.092250812235448
11,vs_s,51,Alpha,2.299472562041971
11,vs_s,52,Alpha,4.2628079733136985
11,vs_s,53,Alpha,3.5671335178220898
11,vs_s,54,Alpha,6.278121746009344
11,vs_s,55,Alpha,3.9712932070321676
11,vs_s,56,Alpha,2.6929870100413633
11,vs_s,57,Alpha,0.15103951399945248
11,vs_s,58,Alpha,0.45966217541385584
11,vs_s,59,Alpha,1.786224976818825
11,vs_s,60,Alpha,6.232321655699867
11,vs_s,1,Beta,3.2945530413678044
11,vs_s,2,Beta,5.363195845448527
11,vs_s,3,Beta,3.105899682011048
11,vs_s,4,Beta,4.144712764427327
11,vs_s,5,Beta,2.953872122546152
11,vs_s,6,Beta,0.7487885516682055
11,vs_s,7,Beta,0.0580529698703161
11,vs_s,8,Beta,6.190262695245841
11,vs_s,9,Beta,0.24325584929652758
11,vs_s,10,Beta,4.524322996553835
11,vs_s,11,Beta,2.4755878287263045
11,vs_s,12,Beta,2.1179254632007862
11,vs_s,13,Beta,1.4031395260964172
11,vs_s,14,Beta,4.124613669107566
11,vs_s,15,Beta,0.7929650403141171
11,vs_s,16,Beta,3.845489857934697
11,vs_s,17,Beta,4.332383297359315
11,vs_s,18,Beta,4.722134797993939
11,vs_s,19,Beta,3.2936181383158565
11,vs_s,20,Beta,2.2945058818439055
11,vs_s,21,Beta,4.5118364926754975
11,vs_s,22,Beta,3.0142224701353038
11,vs_s,23,Beta,4.9061596764380315
11,vs_s,24,Beta,6.206702183340714
11,vs_s,25,Beta,4.096517661189635
11,vs_s,26,Beta,4.902039782699835
11,vs_s,27,Beta,3.2603752478183656
11,vs_s,28,Beta,3.682460194231995
11,vs_s,29,Beta,3.4265206839400113
11,vs_s,30,Beta,3.974344797204851
11,vs_s,31,Beta,6.208173588363763
11,vs_s,32,Beta,2.588072776364368
11,vs_s,33,Beta,4.888136079892519
11,vs_s,34,Beta,4.163312340134706
11,vs_s,35,Beta,4.875743262854624
11,vs_s,36,Beta,5.000661151668797
11,vs_s,37,Beta,5.132657892462167
11,vs_s,38,Beta,0.9340149797576939
11,vs_s,39,Beta,2.558351834752216
11,vs_s,40,Beta,5.754506522394715
11,vs_s,41,Beta,2.284303639892655
11,vs_s,43,Beta,4.769438292176592
11,vs_s,44,Beta,3.4661162361937916
11,vs_s,45,Beta,1.6993402816911771
11,vs_s,46,Beta,5.118684542866865
11,vs_s,47,Beta,5.550079554992362
11,vs_s,48,Beta,1.5337801894141632
11,vs_s,49,Beta,4.105235857032685
11,vs_s,50,Beta,4.304113185225146
11,vs_s,51,Beta,5.516981306575714
11,vs_s,52,Beta,5.0714346195668885
11,vs_s,53,Beta,4.758971233701357
11,vs_s,54,Beta,1.4351992263684488
11,vs_s,55,Beta,3.709771897256133
11,vs_s,56,Beta,3.834119119588861
11,vs_s,57,Beta,5.909283675854492
11,vs_s,58,Beta,3.775166782299389
11,vs_s,59,Beta,0.46027901014977
11,vs_s,60,Beta,4.53391250356051
11,is_s,1,Delta,1.2973507244257325
11,is_s,2,Delta,2.531146074623615
11,is_s,3,Delta,2.0266193842595754
11,is_s,4,Delta,1.7638524735142973
11,is_s,5,Delta,1.9910107916056914
11,is_s,7,Delta,1.788830471307463
11,is_s,8,Delta,0.9648249081847738
11,is_s,9,Delta,2.4907427747544637
11,is_s,10,Delta,2.0414561272278364
11,is_s,11,Delta,0.9734393682347543
11,is_s,12,Delta,1.9190520196874694
11,is_s,13,Delta,1.5259773492139725
11,is_s,14,Delta,1.7235102126667534
11,is_s,15,Delta,1.7250999796681932
11,is_s,16,Delta,2.057664098729361
11,is_s,17,Delta,0.13370639513072416
11,is_s,18,Delta,1.6810614520337956
11,is_s,19,Delta,1.837875412164202
11,is_s,20,Delta,2.527706416521708
11,is_s,21,Delta,2.462189812711451
11,is_s,22,Delta,2.413763970370019
11,is_s,23,Delta,1.6834890091379495
11,is_s,24,Delta,1.4825196309397137
11,is_s,25,Delta,1.676346351034994
11,is_s,26,Delta,1.9057958760107767
11,is_s,27,Delta,2.0239168823429985
11,is_s,28,Delta,1.5170863636326815
11,is_s,29,Delta,2.061650364588533
11,is_s,30,Delta,1.8123606410387438
11,is_s,31,Delta,2.8023325519626106
11,is_s,32,Delta,1.9094992038843086
11,is_s,33,Delta,1.625798728710748
11,is_s,34,Delta,2.1197242403664998
11,is_s,35,Delta,2.5645718812220273
11,is_s,36,Delta,1.2676554604548913
11,is_s,37,Delta,2.839689011464526
11,is_s,38,Delta,2.3609642223887817
11,is_s,39,Delta,1.420125559956713
11,is_s,40,Delta,1.6282766341685995
11,is_s,41,Delta,1.4459516947337168
11,is_s,42,Delta,1.7239461745477018
11,is_s,43,Delta,1.8981568294740228
11,is_s,44,Delta,1.4081387762881798
11,is_s,45,Delta,1.5463872910970715
11,is_s,46,Delta,1.6477715245996132
11,is_s,47,Delta,1.6106232842800836
11,is_s,48,Delta,2.1006535055491273
11,is_s,49,Delta,1.7603153051524465
11,is_s,50,Delta,1.7000501321108772
11,is_s,51,Delta,1.3180761622878683
11,is_s,52,Delta,1.8146253627226943
11,is_s,53,Delta,1.789983779270104
11,is_s,54,Delta,2.1231695200328877
11,is_s,55,Delta,2.7951113823423124
11,is_s,56,Delta,0.8988226499396498
11,is_s,57,Delta,1.6918106718772181
11,is_s,58,Delta,1.2748175983160217
11,is_s,59,Delta,1.269504756680872
11,is_s,60,Delta,1.8422555664682623
11,is_s,1,Theta,6.183690285378055
11,is_s,2,Theta,3.6814786001196755
11,is_s,3,Theta,2.796992036548948
11,is_s,4,Theta,0.9301139552545471
11,is_s,5,Theta,3.8560448761208423
11,is_s,7,Theta,1.6716669456717244
11,is_s,8,Theta,2.820209261510103
11,is_s,9,Theta,3.1656283984235114
11,is_s,10,Theta,3.1775661149867984
11,is_s,11,Theta,6.145631645650238
11,is_s,12,Theta,3.0441400546907116
11,is_s,13,Theta,1.3560132753478158
11,is_s,14,Theta,2.2435565496412986
11,is_s,15,Theta,2.743443381016623
11,is_s,16,Theta,2.564902045983512
11,is_s,17,Theta,5.552485336751163
11,is_s,18,Theta,2.0173391027269334
11,is_s,19,Theta,1.6889229662856582
11,is_s,20,Theta,3.5637465330699425
11,is_s,21,Theta,3.450156649136237
11,is_s,22,Theta,4.2167865445433
11,is_s,23,Theta,5.777053498881596
11,is_s,24,Theta,1.4636706156247004
11,is_s,25,Theta,1.2088907147762884
11,is_s,26,Theta,3.6925781308625387
11,is_s,27,Theta,2.809409568270133
11,is_s,28,Theta,1.0364580055256492
11,is_s,29,Theta,3.3697922223322228
11,is_s,30,Theta,2.08426243266206
11,is_s,31,Theta,2.3898815360997645
11,is_s,32,Theta,1.417601330082705
11,is_s,33,Theta,1.131240512151355
11,is_s,34,Theta,3.250350934835985
11,is_s,35,Theta,2.783760661256536
11,is_s,36,Theta,3.0184612627369374
11,is_s,37,Theta,4.0413434834798565
11,is_s,38,Theta,2.5703227217249425
11,is_s,39,Theta,2.2451116505115523
11,is_s,40,Theta,4.898585067131604
11,is_s,41,Theta,0.7374350038115101
11,is_s,42,Theta,2.692610033687356
11,is_s,43,Theta,1.9316577285533187
11,is_s,44,Theta,0.48916306670316084
11,is_s,45,Theta,2.558453045211862
11,is_s,46,Theta,1.987127448776317
11,is_s,47,Theta,1.3931387144470224
11,is_s,48,Theta,2.41100213191466
11,is_s,49,Theta,2.026631234124019
11,is_s,50,Theta,2.184812903363164
11,is_s,51,Theta,1.1715007380225404
11,is_s,52,Theta,2.643063270897819
11,is_s,53,Theta,3.1542871253283815
11,is_s,54,Theta,1.913484045631826
11,is_s,55,Theta,2.6808134570590916
11,is_s,56,Theta,0.2824619692659141
11,is_s,57,Theta,1.9189203337936132
11,is_s,58,Theta,6.228961698046611
11,is_s,59,Theta,0.4371321377426842
11,is_s,60,Theta,3.399720541676812
11,is_s,1,Alpha,5.287157129138461
11,is_s,2,Alpha,4.779912176186405
11,is_s,3,Alpha,4.250341014166822
11,is_s,4,Alpha,5.9399751636650295
11,is_s,5,Alpha,0.35023948370872054
11,is_s,7,Alpha,1.686160873607624
11,is_s,8,Alpha,2.747366715297241
11,is_s,9,Alpha,3.1412859375059137
11,is_s,10,Alpha,4.676470149892165
11,is_s,11,Alpha,5.782533330920867
11,is_s,12,Alpha,4.904752872689153
11,is_s,13,Alpha,0.5152835106029174
11,is_s,14,Alpha,2.812997868734932
11,is_s,15,Alpha,3.873960909508944
11,is_s,16,Alpha,4.177966488545229
11,is_s,17,Alpha,5.09893225859309
11,is_s,18,Alpha,3.142241605579618
11,is_s,19,Alpha,0.7551225356692488
11,is_s,20,Alpha,5.7892082134879415
11,is_s,21,Alpha,5.723961147312924
11,is_s,22,Alpha,0.5521025531203791
11,is_s,23,Alpha,5.805609638824251
11,is_s,24,Alpha,4.862152703856741
11,is_s,25,Alpha,0.5729405096816258
11,is_s,26,Alpha,5.102290692212996
11,is_s,27,Alpha,3.147389199519872
11,is_s,28,Alpha,2.9000892724612477
11,is_s,29,Alpha,3.214945521369976
11,is_s,30,Alpha,2.282532522746861
11,is_s,31,Alpha,2.5298100318122834
11,is_s,32,Alpha,0.8222158806771251
11,is_s,33,Alpha,6.264542455729435
11,is_s,34,Alpha,3.8911293068147104
11,is_s,35,Alpha,1.7639288672980116
11,is_s,36,Alpha,2.1817189944187634
11,is_s,37,Alpha,5.174817384967406
11,is_s,38,Alpha,2.9777770299089736
11,is_s,39,Alpha,3.6308384808375496
11,is_s,40,Alpha,5.121746771075296
11,is_s,41,Alpha,1.1647642846076292
11,is_s,42,Alpha,3.1456088562199316
11,is_s,43,Alpha,3.609453771827021
11,is_s,44,Alpha,5.900856985103468
11,is_s,45,Alpha,4.3603192269069275
11,is_s,46,Alpha,2.374589802295201
11,is_s,47,Alpha,1.2096976490987326
11,is_s,48,Alpha,2.281264963650398
11,is_s,49,Alpha,2.9604344795913735
11,is_s,50,Alpha,4.368886069613065
11,is_s,51,Alpha,1.9479104357437584
11,is_s,52,Alpha,1.799519897625584
11,is_s,53,Alpha,3.9510715112950754
11,is_s,54,Alpha,2.644104730397741
11,is_s,55,Alpha,0.49066563545096104
11,is_s,56,Alpha,4.284142380202066
11,is_s,57,Alpha,4.225202423036234
11,is_s,58,Alpha,5.863786300780197
11,is_s,59,Alpha,0.8125298703449354
11,is_s,60,Alpha,6.1899192305394335
11,is_s,1,Beta,0.015233305084848056
11,is_s,2,Beta,0.8455340306241093
11,is_s,3,Beta,5.40847214829807
11,is_s,4,Beta,4.76443063135644
11,is_s,5,Beta,2.6835274178485626
11,is_s,7,Beta,4.163878878581599
11,is_s,8,Beta,3.7874700043198524
11,is_s,9,Beta,4.700629425655346
11,is_s,10,Beta,4.4763440857158585
11,is_s,11,Beta,4.214305713596775
11,is_s,12,Beta,4.049465646330125
11,is_s,13,Beta,3.8987274540695167
11,is_s,14,Beta,5.724077086943246
11,is_s,15,Beta,3.32929466346814
11,is_s,16,Beta,3.5094837468949875
11,is_s,17,Beta,2.7013611192575424
11,is_s,18,Beta,4.14260748766084
11,is_s,19,Beta,0.2321747525213061
11,is_s,20,Beta,1.845306635107235
11,is_s,21,Beta,5.988647564086835
11,is_s,22,Beta,3.7688180504826807
11,is_s,23,Beta,4.892450840653857
11,is_s,24,Beta,4.863202893106588
11,is_s,25,Beta,2.416103348639551
11,is_s,26,Beta,3.3460296491811765
11,is_s,27,Beta,4.124423239393668
11,is_s,28,Beta,3.528274429983852
11,is_s,29,Beta,2.609655329024307
11,is_s,30,Beta,4.0245645506662004
11,is_s,31,Beta,3.4239258876450753
11,is_s,32,Beta,2.5876858731382186
11,is_s,33,Beta,0.025716054444567576
11,is_s,34,Beta,5.022891873508522
11,is_s,35,Beta,4.551927582185544
11,is_s,36,Beta,3.8941141890022544
11,is_s,37,Beta,2.5345778987815897
11,is_s,38,Beta,0.9074274438787916
11,is_s,39,Beta,2.3145203648330743
11,is_s,40,Beta,4.809480011323682
11,is_s,41,Beta,1.2805936243891194
11,is_s,42,Beta,5.545446361073991
11,is_s,43,Beta,3.818734931157064
11,is_s,44,Beta,4.902748187554419
11,is_s,45,Beta,6.1327281306636205
11,is_s,46,Beta,4.15636232019189
11,is_s,47,Beta,2.9622584548616855
11,is_s,48,Beta,0.10880074338068182
11,is_s,49,Beta,5.012809616228659
11,is_s,50,Beta,3.461753539946163
11,is_s,51,Beta,6.0190877895089265
11,is_s,52,Beta,5.944098649847604
11,is_s,53,Beta,3.3971686330812814
11,is_s,54,Beta,2.335621862128096
11,is_s,55,Beta,0.9429827981243256
11,is_s,56,Beta,4.8384808097444765
11,is_s,57,Beta,4.758070992385048
11,is_s,58,Beta,3.9589557823466675
11,is_s,59,Beta,0.48990146331094586
11,is_s,60,Beta,2.9086686455431043
12,vs_s,1,Delta,0.45619985780150757
12,vs_s,2,Delta,4.721012946392603
12,vs_s,3,Delta,1.574765399242072
12,vs_s,4,Delta,3.857065630866045
12,vs_s,5,Delta,1.8904254631309676
12,vs_s,6,Delta,4.498360893379921
12,vs_s,7,Delta,1.1355613442452894
12,vs_s,8,Delta,1.615203864662516
12,vs_s,9,Delta,4.248328953891537
12,vs_s,10,Delta,2.243500817956035
12,vs_s,12,Delta,4.836664644142671
12,vs_s,13,Delta,4.838676766810541
12,vs_s,14,Delta,5.475678200406796
12,vs_s,15,Delta,1.4758128438988831
12,vs_s,16,Delta,1.078354411354471
12,vs_s,17,Delta,0.061635922616843274
12,vs_s,18,Delta,1.1307975925663911
12,vs_s,19,Delta,5.190097150454838
12,vs_s,20,Delta,0.9070076468112259
12,vs_s,21,Delta,1.0298224674909362
12,vs_s,22,Delta,5.824803725639687
12,vs_s,23,Delta,1.8533644462789949
12,vs_s,24,Delta,0.14124957823508372
12,vs_s,25,Delta,4.212239693375109
12,vs_s,26,Delta,4.246014284407563
12,vs_s,27,Delta,3.541854708490291
12,vs_s,28,Delta,3.1036055531610396
12,vs_s,29,Delta,1.1871260481287034
12,vs_s,30,Delta,4.092942873547518
12,vs_s,31,Delta,4.717866128998349
12,vs_s,32,Delta,1.6567213552356894
12,vs_s,33,Delta,3.934769695102996
12,vs_s,34,Delta,2.2516122467745685
12,vs_s,35,Delta,4.471535297626514
12,vs_s,36,Delta,4.806055961715776
12,vs_s,37,Delta,1.1917124362592508
12,vs_s,38,Delta,2.436469298048392
12,vs_s,39,Delta,5.319661742753541
12,vs_s,40,Delta,0.48018317582566694
12,vs_s,42,Delta,0.8472761130259159
12,vs_s,43,Delta,1.0397781781632962
12,vs_s,44,Delta,1.0647288485887514
12,vs_s,45,Delta,5.065294270429324
12,vs_s,46,Delta,4.787945014868015
12,vs_s,47,Delta,4.5902306578505225
12,vs_s,48,Delta,4.342317779190108
12,vs_s,49,Delta,5.0830795069582715
12,vs_s,50,Delta,0.5978025197762128
12,vs_s,51,Delta,4.601472778168523
12,vs_s,52,Delta,3.783877827024393
12,vs_s,53,Delta,1.1712866896193186
12,vs_s,54,Delta,1.631381822415803
12,vs_s,55,Delta,4.890713740152431
12,vs_s,56,Delta,4.928667228159735
12,vs_s,57,Delta,5.880546458006083
12,vs_s,58,Delta,5.909404459829366
12,vs_s,59,Delta,2.211612841801345
12,vs_s,60,Delta,1.7095425561182394
12,vs_s,1,Theta,0.28324217964429976
12,vs_s,2,Theta,5.525661267069868
12,vs_s,3,Theta,5.992504211220743
12,vs_s,4,Theta,2.7075135657691893
12,vs_s,5,Theta,1.8230730179135268
12,vs_s,6,Theta,0.4161482001685301
12,vs_s,7,Theta,0.5883928603091639
12,vs_s,8,Theta,0.9554210269171213
12,vs_s,9,Theta,3.637921221863994
12,vs_s,10,Theta,2.237800841608426
12,vs_s,12,Theta,5.244909582745409
12,vs_s,13,Theta,6.007240566706621
12,vs_s,14,Theta,1.094689205224487
12,vs_s,15,Theta,0.788510457700505
12,vs_s,16,Theta,0.7040002491473132
12,vs_s,17,Theta,1.0058462700698998
12,vs_s,18,Theta,0.7096309135825711
12,vs_s,19,Theta,0.3518439968599276
12,vs_s,20,Theta,0.06603231664423653
12,vs_s,21,Theta,0.4173351014010038
12,vs_s,22,Theta,0.06450930387710485
12,vs_s,23,Theta,1.2007003770744704
12,vs_s,24,Theta,5.956756488966333
12,vs_s,25,Theta,4.298900354569463
12,vs_s,26,Theta,1.1048805634554684
12,vs_s,27,Theta,2.808163881752829
12,vs_s,28,Theta,2.5636104705067
12,vs_s,29,Theta,1.250601544497825
12,vs_s,30,Theta,2.1154992784292
12,vs_s,31,Theta,4.923769757970531
12,vs_s,32,Theta,1.6999221350967169
12,vs_s,33,Theta,4.341414875476398
12,vs_s,34,Theta,1.2424375118124154
12,vs_s,35,Theta,3.4710407453162264
12,vs_s,36,Theta,5.445102747262338
12,vs_s,37,Theta,0.5857503932272381
12,vs_s,38,Theta,2.793448098802612
12,vs_s,39,Theta,5.717280377533572
12,vs_s,40,Theta,0.2994770609616261
12,vs_s,42,Theta,0.7851521443735169
12,vs_s,43,Theta,0.8380579121332792
12,vs_s,44,Theta,0.8562220342034887
12,vs_s,45,Theta,0.46589011281205395
12,vs_s,46,Theta,1.0715756930117624
12,vs_s,47,Theta,5.43296548253415
12,vs_s,48,Theta,4.025766386363832
12,vs_s,49,Theta,6.039277156004364
12,vs_s,50,Theta,0.8027973790959312
12,vs_s,51,Theta,0.9220942624976931
12,vs_s,52,Theta,3.606150371685424
12,vs_s,53,Theta,6.269715222175992
12,vs_s,54,Theta,2.2659781766452096
12,vs_s,55,Theta,0.44873415455735527
12,vs_s,56,Theta,5.262421617838786
12,vs_s,57,Theta,5.587003920127339
12,vs_s,58,Theta,0.866317858657479
12,vs_s,59,Theta,2.4191135859508677
12,vs_s,60,Theta,1.233983330436826
12,vs_s,1,Alpha,1.046824922520779
12,vs_s,2,Alpha,4.388389146836589
12,vs_s,3,Alpha,5.862671282798331
12,vs_s,4,Alpha,2.7384072844781167
12,vs_s,5,Alpha,0.8204597874771212
12,vs_s,6,Alpha,0.13682831882505905
12,vs_s,7,Alpha,0.16337790558615667
12,vs_s,8,Alpha,0.22218546324844785
12,vs_s,9,Alpha,0.9808734295608839
12,vs_s,10,Alpha,2.2747315793171485
12,vs_s,12,Alpha,5.821352775328668
12,vs_s,13,Alpha,6.154739668042083
12,vs_s,14,Alpha,1.58422457959614
12,vs_s,15,Alpha,1.0805664285859065
12,vs_s,16,Alpha,1.1838522981088304
12,vs_s,17,Alpha,2.3691440106124744
12,vs_s,18,Alpha,5.604908815643866
12,vs_s,19,Alpha,6.167353335445641
12,vs_s,20,Alpha,3.8413773328501777
12,vs_s,21,Alpha,0.5234821626751331
12,vs_s,22,Alpha,5.506861665727803
12,vs_s,23,Alpha,1.5961356015776718
12,vs_s,24,Alpha,5.95609803024745
12,vs_s,25,Alpha,5.340266653410684
12,vs_s,26,Alpha,0.8563305750906854
12,vs_s,27,Alpha,0.881788262556512
12,vs_s,28,Alpha,1.848244190968063
12,vs_s,29,Alpha,1.4200411333305525
12,vs_s,30,Alpha,2.552234243369123
12,vs_s,31,Alpha,2.307851597201766
12,vs_s,32,Alpha,1.9557967299299859
12,vs_s,33,Alpha,4.570995637418649
12,vs_s,34,Alpha,0.548407377236465
12,vs_s,35,Alpha,3.37046227386004
12,vs_s,36,Alpha,5.2266876521653005
12,vs_s,37,Alpha,3.5872476068861667
12,vs_s,38,Alpha,3.209799630584726
12,vs_s,39,Alpha,1.2071678775164534
12,vs_s,40,Alpha,4.2799947495324915
12,vs_s,42,Alpha,0.06082260886921569
12,vs_s,43,Alpha,0.8417272139296852
12,vs_s,44,Alpha,0.7187521789642292
12,vs_s,45,Alpha,0.022197417706880527
12,vs_s,46,Alpha,1.603230189220575
12,vs_s,47,Alpha,6.003020675819496
12,vs_s,48,Alpha,3.928675647491752
12,vs_s,49,Alpha,0.21561694161544698
12,vs_s,50,Alpha,0.6819068829107229
12,vs_s,51,Alpha,1.0248481296306653
12,vs_s,52,Alpha,2.3367817476688186
12,vs_s,53,Alpha,0.023181045584290925
12,vs_s,54,Alpha,4.66416858747421
12,vs_s,55,Alpha,0.40327319090178576
12,vs_s,56,Alpha,4.428310683415037
12,vs_s,57,Alpha,2.4621637397695886
12,vs_s,58,Alpha,0.9754441904137943
12,vs_s,59,Alpha,2.1520316744934602
12,vs_s,60,Alpha,0.7272121242778268
12,vs_s,1,Beta,3.7999210420552165
12,vs_s,2,Beta,4.47073846080455
12,vs_s,3,Beta,3.9826995635421714
12,vs_s,4,Beta,2.8733994567608927
12,vs_s,5,Beta,0.43914494087463235
12,vs_s,6,Beta,4.141099501884868
12,vs_s,7,Beta,0.3971942365439715
12,vs_s,8,Beta,1.914962803935377
12,vs_s,9,Beta,3.8169620007868312
12,vs_s,10,Beta,2.441199328819379
12,vs_s,12,Beta,3.222456556808867
12,vs_s,13,Beta,1.5198592077571211
12,vs_s,14,Beta,4.819322799618302
12,vs_s,15,Beta,5.425100752512103
12,vs_s,16,Beta,1.6352775057982958
12,vs_s,17,Beta,4.196604196290773
12,vs_s,18,Beta,1.152964954412608
12,vs_s,19,Beta,4.813717451066141
12,vs_s,20,Beta,0.5546898723046885
12,vs_s,21,Beta,0.8136799321153538
12,vs_s,22,Beta,4.598447345349843
12,vs_s,23,Beta,1.2912121431378527
12,vs_s,24,Beta,4.397977655710396
12,vs_s,25,Beta,0.7967359707566575
12,vs_s,26,Beta,2.352335154612521
12,vs_s,27,Beta,0.15032908144335702
12,vs_s,28,Beta,0.5833563294160472
12,vs_s,29,Beta,3.308651894749853
12,vs_s,30,Beta,4.955775168860853
12,vs_s,31,Beta,6.168921435191381
12,vs_s,32,Beta,1.9954853488065898
12,vs_s,33,Beta,0.37947352419881625
12,vs_s,34,Beta,1.965733228375433
12,vs_s,35,Beta,3.2028936172513918
12,vs_s,36,Beta,3.595995257133061
12,vs_s,37,Beta,5.38411726683088
12,vs_s,38,Beta,2.591571506618822
12,vs_s,39,Beta,2.287249370199838
12,vs_s,40,Beta,4.324626790426111
12,vs_s,42,Beta,1.4545737842832405
12,vs_s,43,Beta,5.355872393354513
12,vs_s,44,Beta,5.490085970317665
12,vs_s,45,Beta,5.634359355002468
12,vs_s,46,Beta,5.876459949892932
12,vs_s,47,Beta,5.0537037787080195
12,vs_s,48,Beta,2.1121173290583926
12,vs_s,49,Beta,6.060597749164977
12,vs_s,50,Beta,2.319706521238406
12,vs_s,51,Beta,2.0546313844834323
12,vs_s,52,Beta,2.856421745010463
12,vs_s,53,Beta,5.341814201298138
12,vs_s,54,Beta,5.93128716292324
12,vs_s,55,Beta,0.44883919823377527
12,vs_s,56,Beta,5.432384100923364
12,vs_s,57,Beta,5.053498082356212
12,vs_s,58,Beta,0.33313992208655463
12,vs_s,59,Beta,0.09291089663020252
12,vs_s,60,Beta,0.7347864318260984
12,is_s,1,Delta,1.989552852097194
12,is_s,2,Delta,1.9441844682265434
12,is_s,3,Delta,4.582194849675925
12,is_s,4,Delta,2.459636221670323
12,is_s,5,Delta,2.5808712499158153
12,is_s,6,Delta,3.54793112313097
12,is_s,7,Delta,2.3140980806818034
12,is_s,8,Delta,3.2550939244384653
12,is_s,9,Delta,1.2924856789194832
12,is_s,10,Delta,1.2834470703775385
12,is_s,11,Delta,1.5915288363450593
12,is_s,12,Delta,1.7295251249909633
12,is_s,13,Delta,1.811005295334528
12,is_s,14,Delta,1.5265956164721322
12,is_s,15,Delta,4.420145891106688
12,is_s,16,Delta,1.865452577258849
12,is_s,17,Delta,1.9414045195933962
12,is_s,18,Delta,6.2515292542634375
12,is_s,19,Delta,5.895293371419545
12,is_s,20,Delta,0.4957161759712455
12,is_s,21,Delta,3.7384171252380356
12,is_s,22,Delta,4.917726608432998
12,is_s,23,Delta,4.725100366809052
12,is_s,24,Delta,1.1301656155983235
12,is_s,25,Delta,0.05352060793940574
12,is_s,26,Delta,2.312439234854533
12,is_s,27,Delta,6.125970036596231
12,is_s,28,Delta,1.3455395502234293
12,is_s,29,Delta,0.44046275260340445
12,is_s,30,Delta,3.1942305265920337
12,is_s,31,Delta,1.2195492109652337
12,is_s,32,Delta,1.5529280164229409
12,is_s,33,Delta,3.3628008294053484
12,is_s,34,Delta,1.505767732149362
12,is_s,35,Delta,3.0677725471631914
12,is_s,36,Delta,3.129475088301717
12,is_s,37,Delta,4.104555452126252
12,is_s,38,Delta,0.8646027206133605
12,is_s,39,Delta,2.2564013156748692
12,is_s,40,Delta,4.571542752700683
12,is_s,43,Delta,4.444573985343959
12,is_s,44,Delta,5.50480256762568
12,is_s,45,Delta,1.3574025138662218
12,is_s,46,Delta,1.705585000315978
12,is_s,47,Delta,2.0694335900870704
12,is_s,48,Delta,1.6320920330671527
12,is_s,49,Delta,0.31936075406961595
12,is_s,50,Delta,1.805092819821142
12,is_s,51,Delta,4.732813746646834
12,is_s,52,Delta,4.015803322583649
12,is_s,53,Delta,3.1175648259511926
12,is_s,54,Delta,1.7557222011258575
12,is_s,55,Delta,3.6579074017329085
12,is_s,56,Delta,1.4616853596131993
12,is_s,57,Delta,2.0920043834936197
12,is_s,58,Delta,1.3227554005122273
12,is_s,59,Delta,2.2539178066046626
12,is_s,60,Delta,3.9450100729693047
12,is_s,1,Theta,2.2053178342296427
12,is_s,2,Theta,2.309406326804909
12,is_s,3,Theta,5.162765651744056
12,is_s,4,Theta,4.709917432287748
12,is_s,5,Theta,2.6755783641669026
12,is_s,6,Theta,4.884649544016138
12,is_s,7,Theta,0.10623755921004609
12,is_s,8,Theta,3.104104256469649
12,is_s,9,Theta,0.3423850760003003
12,is_s,10,Theta,1.793565614134672
12,is_s,11,Theta,1.4832450322921307
12,is_s,12,Theta,2.035656602811358
12,is_s,13,Theta,2.258410118551828
12,is_s,14,Theta,1.8016030823932172
12,is_s,15,Theta,3.8005229987610107
12,is_s,16,Theta,5.814925571902545
12,is_s,17,Theta,1.2644369011688152
12,is_s,18,Theta,0.3201070228791032
12,is_s,19,Theta,4.902514558097225
12,is_s,20,Theta,0.3600753723651981
12,is_s,21,Theta,5.112190221955171
12,is_s,22,Theta,6.115299430447782
12,is_s,23,Theta,4.984449256066936
12,is_s,24,Theta,6.241821869026402
12,is_s,25,Theta,5.662666069754875
12,is_s,26,Theta,0.6310023537543465
12,is_s,27,Theta,0.3728630734588924
12,is_s,28,Theta,1.5156099221647508
12,is_s,29,Theta,0.17679555327241117
12,is_s,30,Theta,3.2330426607989913
12,is_s,31,Theta,0.9508496724151243
12,is_s,32,Theta,2.7970519498900672
12,is_s,33,Theta,5.2165125993066725
12,is_s,34,Theta,5.801990928407461
12,is_s,35,Theta,2.5516774073181345
12,is_s,36,Theta,0.5108595034200397
12,is_s,37,Theta,4.5326078900435025
12,is_s,38,Theta,2.7588396816804717
12,is_s,39,Theta,3.5893947595230875
12,is_s,40,Theta,4.544470880878018
12,is_s,43,Theta,4.265591319068587
12,is_s,44,Theta,6.07781825651047
12,is_s,45,Theta,2.227762638481342
12,is_s,46,Theta,4.751633898455579
12,is_s,47,Theta,2.407226794534392
12,is_s,48,Theta,2.2897298219211026
12,is_s,49,Theta,0.21776316538407933
12,is_s,50,Theta,0.16107140344732687
12,is_s,51,Theta,4.571966605240986
12,is_s,52,Theta,4.582672811288505
12,is_s,53,Theta,2.683933501229919
12,is_s,54,Theta,4.1324499282558715
12,is_s,55,Theta,5.090018470190971
12,is_s,56,Theta,0.5033362908035713
12,is_s,57,Theta,2.1250431127914635
12,is_s,58,Theta,1.3536714881497927
12,is_s,59,Theta,3.0439457252306967
12,is_s,60,Theta,3.7164242359581614
12,is_s,1,Alpha,2.5925667696676618
12,is_s,2,Alpha,2.931740008468188
12,is_s,3,Alpha,0.7143627032608123
12,is_s,4,Alpha,5.151111756777059
12,is_s,5,Alpha,2.496534177110401
12,is_s,6,Alpha,2.1649441638784204
12,is_s,7,Alpha,6.027093477344543
12,is_s,8,Alpha,2.6717735274600174
12,is_s,9,Alpha,6.267930812990734
12,is_s,10,Alpha,3.5436492414145495
12,is_s,11,Alpha,1.2814720892966327
12,is_s,12,Alpha,3.8901728623254828
12,is_s,13,Alpha,1.108096472844348
12,is_s,14,Alpha,1.6312420193278772
12,is_s,15,Alpha,4.393818495145545
12,is_s,16,Alpha,5.160416959652904
12,is_s,17,Alpha,0.8187061432089207
12,is_s,18,Alpha,0.7378907833460093
12,is_s,19,Alpha,0.7502248654406084
12,is_s,20,Alpha,4.275621479365983
12,is_s,21,Alpha,6.06094371062094
12,is_s,22,Alpha,1.1247778546912108
12,is_s,23,Alpha,5.215671378716639
12,is_s,24,Alpha,0.018397932623319162
12,is_s,25,Alpha,5.739256106281556
12,is_s,26,Alpha,0.11244174175636892
12,is_s,27,Alpha,1.1060064727497185
12,is_s,28,Alpha,0.940696436298057
12,is_s,29,Alpha,0.40504099935157867
12,is_s,30,Alpha,3.275778546048003
12,is_s,31,Alpha,0.9513554068589885
12,is_s,32,Alpha,5.290073077103303
12,is_s,33,Alpha,4.948996372159274
12,is_s,34,Alpha,4.929737802603384
12,is_s,35,Alpha,1.9155393678746124
12,is_s,36,Alpha,0.974401321900741
12,is_s,37,Alpha,5.653791033598322
12,is_s,38,Alpha,3.7174592803800284
12,is_s,39,Alpha,4.044559665393914
12,is_s,40,Alpha,5.607645386841645
12,is_s,43,Alpha,3.332521574265255
12,is_s,44,Alpha,5.564500155569773
12,is_s,45,Alpha,2.794273900352651
12,is_s,46,Alpha,4.124380301423883
12,is_s,47,Alpha,5.705438137386053
12,is_s,48,Alpha,1.0879819584208266
12,is_s,49,Alpha,0.3859550636406007
12,is_s,50,Alpha,1.8586010344720276
12,is_s,51,Alpha,1.729898945571995
12,is_s,52,Alpha,4.303787463297548
12,is_s,53,Alpha,2.67653266053102
12,is_s,54,Alpha,4.334857432779196
12,is_s,55,Alpha,5.622253603420085
12,is_s,56,Alpha,0.6282824483215763
12,is_s,57,Alpha,1.0126232598737277
12,is_s,58,Alpha,1.6092052177067124
12,is_s,59,Alpha,4.1365093855173765
12,is_s,60,Alpha,2.845285989969445
12,is_s,1,Beta,2.2370445938864587
12,is_s,2,Beta,0.4156331422610493
12,is_s,3,Beta,4.662932847778219
12,is_s,4,Beta,2.8158082926765595
12,is_s,5,Beta,2.3506561811143127
12,is_s,6,Beta,1.714509140449259
12,is_s,7,Beta,5.893791118895845
12,is_s,8,Beta,3.411493484172083
12,is_s,9,Beta,1.2625148199036609
12,is_s,10,Beta,4.9321290023014335
12,is_s,11,Beta,5.407411327628717
12,is_s,12,Beta,3.7962632428799035
12,is_s,13,Beta,2.390610394263042
12,is_s,14,Beta,3.3189721232028266
12,is_s,15,Beta,2.4530220092147603
12,is_s,16,Beta,5.963165256285977
12,is_s,17,Beta,2.288894412228416
12,is_s,18,Beta,4.966000089311339
12,is_s,19,Beta,4.032873206763045
12,is_s,20,Beta,5.0795837116516305
12,is_s,21,Beta,4.959897523816927
12,is_s,22,Beta,2.1418218004614706
12,is_s,23,Beta,2.972062663831802
12,is_s,24,Beta,5.723770886074768
12,is_s,25,Beta,6.025585603492868
12,is_s,26,Beta,2.7117626612895327
12,is_s,27,Beta,3.5473555691023346
12,is_s,28,Beta,5.547356224242294
12,is_s,29,Beta,5.084810467133852
12,is_s,30,Beta,4.907365251243124
12,is_s,31,Beta,1.4702370895748287
12,is_s,32,Beta,4.964378388936601
12,is_s,33,Beta,2.9277010994013244
12,is_s,34,Beta,6.080417609806799
12,is_s,35,Beta,5.21347887874036
12,is_s,36,Beta,0.24648712505373016
12,is_s,37,Beta,4.412344612749749
12,is_s,38,Beta,5.311571380533414
12,is_s,39,Beta,4.918840719410037
12,is_s,40,Beta,0.09644661119930165
12,is_s,43,Beta,2.154929547221133
12,is_s,44,Beta,5.453681204886838
12,is_s,45,Beta,1.2737701669325607
12,is_s,46,Beta,1.1544906338646819
12,is_s,47,Beta,5.324019444671036
12,is_s,48,Beta,0.14686581513430477
12,is_s,49,Beta,0.40588462838183187
12,is_s,50,Beta,2.519061190848279
12,is_s,51,Beta,3.190496396460427
12,is_s,52,Beta,2.219286722349997
12,is_s,53,Beta,3.107641083545042
12,is_s,54,Beta,1.6470972293293002
12,is_s,55,Beta,5.360610406676071
12,is_s,56,Beta,0.5668250705617238
12,is_s,57,Beta,2.9879700758409817
12,is_s,58,Beta,4.220220053392049
12,is_s,59,Beta,3.400971600877388
12,is_s,60,Beta,2.4017850990328413
13,vs_s,2,Delta,1.2879856783371668
13,vs_s,3,Delta,4.933477883762873
13,vs_s,4,Delta,0.6541491139232763
13,vs_s,5,Delta,1.3216016296001927
13,vs_s,6,Delta,5.294466464502473
13,vs_s,7,Delta,1.1213584421011835
13,vs_s,8,Delta,2.0577124875527075
13,vs_s,9,Delta,0.08054063866301737
13,vs_s,10,Delta,4.640861228826032
13,vs_s,11,Delta,0.5627238368588557
13,vs_s,12,Delta,4.3126307741272365
13,vs_s,13,Delta,4.312086555845883
13,vs_s,14,Delta,3.460869075445941
13,vs_s,15,Delta,0.5854677858807396
13,vs_s,16,Delta,1.064941482447644
13,vs_s,17,Delta,3.271239179676006
13,vs_s,18,Delta,5.6205123877185725
13,vs_s,19,Delta,5.0171190302672
13,vs_s,20,Delta,4.336575479193366
13,vs_s,21,Delta,5.915041926399179
13,vs_s,22,Delta,4.81876662595432
13,vs_s,23,Delta,5.057461153226308
13,vs_s,24,Delta,3.6274851635903733
13,vs_s,25,Delta,4.465662835994813
13,vs_s,26,Delta,5.400192818366849
13,vs_s,27,Delta,4.94535355625599
13,vs_s,28,Delta,1.2541251881211644
13,vs_s,29,Delta,1.5911978155689208
13,vs_s,30,Delta,4.275444926216583
13,vs_s,31,Delta,5.218622213849747
13,vs_s,32,Delta,4.552613407457814
13,vs_s,33,Delta,0.9283318660446932
13,vs_s,34,Delta,4.647311266848864
13,vs_s,35,Delta,0.9852899714852612
13,vs_s,36,Delta,6.217894222164481
13,vs_s,37,Delta,4.411741191596228
13,vs_s,38,Delta,0.8598878626629586
13,vs_s,39,Delta,5.912095449135919
13,vs_s,40,Delta,1.8952410613804298
13,vs_s,41,Delta,1.258299763905756
13,vs_s,42,Delta,1.8845541952665024
13,vs_s,43,Delta,6.026047365266702
13,vs_s,44,Delta,0.5406895301075081
13,vs_s,45,Delta,0.3515425862195947
13,vs_s,46,Delta,6.158893930098135
13,vs_s,47,Delta,1.6912631694052942
13,vs_s,48,Delta,3.2443700363941343
13,vs_s,49,Delta,4.305407214030594
13,vs_s,50,Delta,6.033672841688658
13,vs_s,51,Delta,4.092807630249061
13,vs_s,52,Delta,1.080464221950213
13,vs_s,53,Delta,2.613359585557876
13,vs_s,54,Delta,1.1628885098072341
13,vs_s,55,Delta,5.77649475565469
13,vs_s,56,Delta,6.193282999926468
13,vs_s,57,Delta,5.050853328498799
13,vs_s,59,Delta,4.743436356988144
13,vs_s,60,Delta,6.245457021695835
13,vs_s,2,Theta,1.5425432763372573
13,vs_s,3,Theta,5.689549773297649
13,vs_s,4,Theta,0.4382281923935413
13,vs_s,5,Theta,1.3601754483911834
13,vs_s,6,Theta,0.25090393701042196
13,vs_s,7,Theta,0.6744993277351412
13,vs_s,8,Theta,6.011601429923428
13,vs_s,9,Theta,6.0718884482715305
13,vs_s,10,Theta,3.227155753842485
13,vs_s,11,Theta,0.6397539605297922
13,vs_s,12,Theta,3.152131708394072
13,vs_s,13,Theta,4.03188479082675
13,vs_s,14,Theta,3.25901848052611
13,vs_s,15,Theta,0.676724397273793
13,vs_s,16,Theta,2.3149732703865684
13,vs_s,17,Theta,3.3968616134915166
13,vs_s,18,Theta,5.880814999360744
13,vs_s,19,Theta,5.778028880241616
13,vs_s,20,Theta,4.35712785187026
13,vs_s,21,Theta,6.145866556032079
13,vs_s,22,Theta,0.002625112592877068
13,vs_s,23,Theta,5.350063965616499
13,vs_s,24,Theta,0.3386240245062205
13,vs_s,25,Theta,2.9888989394388936
13,vs_s,26,Theta,0.7976964900442559
13,vs_s,27,Theta,6.047127390891244
13,vs_s,28,Theta,1.0811995726363193
13,vs_s,29,Theta,0.1733947093040127
13,vs_s,30,Theta,4.32937893148052
13,vs_s,31,Theta,0.3096261112822497
13,vs_s,32,Theta,4.150723298923722
13,vs_s,33,Theta,1.185982153941316
13,vs_s,34,Theta,5.486671372553524
13,vs_s,35,Theta,0.5913068133395751
13,vs_s,36,Theta,6.191085764687314
13,vs_s,37,Theta,4.7036026378087925
13,vs_s,38,Theta,0.6301405585352757
13,vs_s,39,Theta,0.17481999676739468
13,vs_s,40,Theta,0.8462121269738523
13,vs_s,41,Theta,6.129962908548029
13,vs_s,42,Theta,2.635102730994654
13,vs_s,43,Theta,0.529169435674273
13,vs_s,44,Theta,0.7701376434143685
13,vs_s,45,Theta,6.137362531128163
13,vs_s,46,Theta,5.7824278531145445
13,vs_s,47,Theta,3.1234366441036427
13,vs_s,48,Theta,3.6392468129496054
13,vs_s,49,Theta,3.8909391624946896
13,vs_s,50,Theta,0.28912606849467104
13,vs_s,51,Theta,3.3054798812432433
13,vs_s,52,Theta,0.3933718496997435
13,vs_s,53,Theta,2.109630615106366
13,vs_s,54,Theta,2.0616336739598635
13,vs_s,55,Theta,1.0465157214178575
13,vs_s,56,Theta,5.949267686706258
13,vs_s,57,Theta,5.818951756466731
13,vs_s,59,Theta,5.111601519248377
13,vs_s,60,Theta,0.6990242524199348
13,vs_s,2,Alpha,3.4148809786106336
13,vs_s,3,Alpha,5.301228740533936
13,vs_s,4,Alpha,0.9687148448045152
13,vs_s,5,Alpha,2.59769248578037
13,vs_s,6,Alpha,0.4573325478107885
13,vs_s,7,Alpha,0.16740394489100482
13,vs_s,8,Alpha,0.9678862025657742
13,vs_s,9,Alpha,0.741790386792363
13,vs_s,10,Alpha,2.590315057233275
13,vs_s,11,Alpha,0.430439655760058
13,vs_s,12,Alpha,1.6450887162661836
13,vs_s,13,Alpha,4.9793960204573535
13,vs_s,14,Alpha,3.5700322431987064
13,vs_s,15,Alpha,1.5640369393960183
13,vs_s,16,Alpha,3.1096938567694274
13,vs_s,17,Alpha,2.640776735744562
13,vs_s,18,Alpha,4.597611863309863
13,vs_s,19,Alpha,0.5523114388403598
13,vs_s,20,Alpha,0.45756210373808254
13,vs_s,21,Alpha,5.625381850425763
13,vs_s,22,Alpha,4.862820033550161
13,vs_s,23,Alpha,5.424218229074639
13,vs_s,24,Alpha,0.8235493231201145
13,vs_s,25,Alpha,0.9809741292493176
13,vs_s,26,Alpha,2.60883213930475
13,vs_s,27,Alpha,1.8185226298199886
13,vs_s,28,Alpha,1.0775259376896873
13,vs_s,29,Alpha,0.023826851029429434
13,vs_s,30,Alpha,4.2797512337647134
13,vs_s,31,Alpha,0.7607220350583555
13,vs_s,32,Alpha,2.236598491041859
13,vs_s,33,Alpha,1.211224744593801
13,vs_s,34,Alpha,0.6133018561276394
13,vs_s,35,Alpha,0.33438726470868924
13,vs_s,36,Alpha,0.11951885680035684
13,vs_s,37,Alpha,0.5610148768921447
13,vs_s,38,Alpha,2.2047133590511683
13,vs_s,39,Alpha,0.9466296309553928
13,vs_s,40,Alpha,0.8145690054969972
13,vs_s,41,Alpha,0.2436996538440294
13,vs_s,42,Alpha,2.41853089724139
13,vs_s,43,Alpha,0.49484696160112535
13,vs_s,44,Alpha,0.5918012636508723
13,vs_s,45,Alpha,5.451448981602308
13,vs_s,46,Alpha,5.766768708472448
13,vs_s,47,Alpha,3.7109509488118646
13,vs_s,48,Alpha,1.4784941018553743
13,vs_s,49,Alpha,0.7615707526689112
13,vs_s,50,Alpha,0.4323425976592293
13,vs_s,51,Alpha,2.813239240818182
13,vs_s,52,Alpha,5.892395493741066
13,vs_s,53,Alpha,1.5519233761178326
13,vs_s,54,Alpha,2.0769587327259718
13,vs_s,55,Alpha,1.7146899955030381
13,vs_s,56,Alpha,1.6397971151301307
13,vs_s,57,Alpha,1.9085650391559976
13,vs_s,59,Alpha,5.464924059691734
13,vs_s,60,Alpha,1.6757960496055875
13,vs_s,2,Beta,4.535951618824916
13,vs_s,3,Beta,1.908576237222841
13,vs_s,4,Beta,6.038866869215926
13,vs_s,5,Beta,3.8524046458179715
13,vs_s,6,Beta,0.831086402996247
13,vs_s,7,Beta,3.905906764261898
13,vs_s,8,Beta,6.264094945520216
13,vs_s,9,Beta,3.06848777979091
13,vs_s,10,Beta,0.5753080400991957
13,vs_s,11,Beta,2.9246253837439453
13,vs_s,12,Beta,0.42347026608563537
13,vs_s,13,Beta,3.29465540672955
13,vs_s,14,Beta,5.813576553286947
13,vs_s,15,Beta,2.3151247180796375
13,vs_s,16,Beta,3.6566699309461503
13,vs_s,17,Beta,5.704938803816625
13,vs_s,18,Beta,3.4400247136496938
13,vs_s,19,Beta,0.6395124006883258
13,vs_s,20,Beta,0.4900039630849583
13,vs_s,21,Beta,6.111830149155901
13,vs_s,22,Beta,4.186913903469559
13,vs_s,23,Beta,1.0075520582931254
13,vs_s,24,Beta,6.282991907467223
13,vs_s,25,Beta,6.034436834271853
13,vs_s,26,Beta,4.800658292215756
13,vs_s,27,Beta,3.594592908211843
13,vs_s,28,Beta,0.6789036022403728
13,vs_s,29,Beta,3.729235122337291
13,vs_s,30,Beta,2.5091227338973217
13,vs_s,31,Beta,2.0217729891113896
13,vs_s,32,Beta,5.215958225070041
13,vs_s,33,Beta,2.204844054230467
13,vs_s,34,Beta,1.0549863876713328
13,vs_s,35,Beta,5.103427763236663
13,vs_s,36,Beta,0.6896515739600391
13,vs_s,37,Beta,0.1762565698082574
13,vs_s,38,Beta,2.497574111658804
13,vs_s,39,Beta,5.75139937266529
13,vs_s,40,Beta,2.985595026926932
13,vs_s,41,Beta,3.1692158235617343
13,vs_s,42,Beta,4.025998515308695
13,vs_s,43,Beta,2.298101731889763
13,vs_s,44,Beta,3.5009797279278936
13,vs_s,45,Beta,3.5272742618839725
13,vs_s,46,Beta,0.3963874111356789
13,vs_s,47,Beta,4.543790726481969
13,vs_s,48,Beta,5.178652491441765
13,vs_s,49,Beta,3.4745814386947265
13,vs_s,50,Beta,3.5618123072526027
13,vs_s,51,Beta,1.8781438642750243
13,vs_s,52,Beta,5.9569878932186615
13,vs_s,53,Beta,1.5755913344377581
13,vs_s,54,Beta,0.13188727743694484
13,vs_s,55,Beta,4.264705514955159
13,vs_s,56,Beta,5.603820326479524
13,vs_s,57,Beta,3.856461031222656
13,vs_s,59,Beta,5.447046714010801
13,vs_s,60,Beta,0.5232960214658834
13,is_s,1,Delta,1.1889729041131458
13,is_s,2,Delta,6.084203894933547
13,is_s,3,Delta,1.8826601614055394
13,is_s,4,Delta,0.8621793954074555
13,is_s,5,Delta,1.3313274734731881
13,is_s,6,Delta,1.2420234154788694
13,is_s,7,Delta,4.872892901740909
13,is_s,8,Delta,4.703698811909492
13,is_s,9,Delta,6.014518960516759
13,is_s,10,Delta,0.11482575027807161
13,is_s,11,Delta,6.160327257214624
13,is_s,12,Delta,5.506498520153207
13,is_s,13,Delta,2.5528686903598845
13,is_s,14,Delta,4.713711263143715
13,is_s,15,Delta,5.62759485823762
13,is_s,16,Delta,6.190225826233404
13,is_s,17,Delta,6.109570655467105
13,is_s,18,Delta,1.651624239892985
13,is_s,19,Delta,1.6478577659282494
13,is_s,20,Delta,5.272740394926826
13,is_s,21,Delta,5.422027576854847
13,is_s,22,Delta,4.303527765294239
13,is_s,23,Delta,4.672269859493858
13,is_s,24,Delta,0.4323232536533075
13,is_s,25,Delta,5.196889884583357
13,is_s,26,Delta,4.827543277787354
13,is_s,28,Delta,5.459276336648929
13,is_s,29,Delta,0.9173399019483673
13,is_s,30,Delta,1.7117200888872433
13,is_s,31,Delta,4.91707813272107
13,is_s,32,Delta,1.3301825574051076
13,is_s,33,Delta,0.7532204922937816
13,is_s,34,Delta,0.9974732067032711
13,is_s,35,Delta,1.3908441222291197
13,is_s,36,Delta,3.5140082504977705
13,is_s,37,Delta,4.61766623452426
13,is_s,38,Delta,5.988392026974379
13,is_s,39,Delta,4.840942841686534
13,is_s,40,Delta,0.9571736817549161
13,is_s,41,Delta,4.7185558241942305
13,is_s,42,Delta,5.896197194788647
13,is_s,43,Delta,4.9854029946072185
13,is_s,44,Delta,1.090842178114311
13,is_s,45,Delta,6.209080119940107
13,is_s,46,Delta,1.6696810780150573
13,is_s,47,Delta,4.325242945473454
13,is_s,48,Delta,2.972932220182811
13,is_s,49,Delta,0.1647323785011623
13,is_s,50,Delta,0.32115613230168794
13,is_s,51,Delta,2.282615892877627
13,is_s,52,Delta,2.0282600081147772
13,is_s,53,Delta,1.2809062928944865
13,is_s,54,Delta,0.1387342525775749
13,is_s,55,Delta,1.9579090588201886
13,is_s,56,Delta,4.799609005075095
13,is_s,57,Delta,4.137908037658873
13,is_s,58,Delta,0.4231681953543727
13,is_s,59,Delta,2.0876396769752565
13,is_s,60,Delta,2.5681197424567617
13,is_s,1,Theta,1.3165203128170564
13,is_s,2,Theta,4.8272020147161365
13,is_s,3,Theta,1.4466396075966237
13,is_s,4,Theta,0.28915849660752957
13,is_s,5,Theta,1.5795725760905226
13,is_s,6,Theta,1.573120197098508
13,is_s,7,Theta,5.289116693880398
13,is_s,8,Theta,5.161556634861146
13,is_s,9,Theta,6.01908801973646
13,is_s,10,Theta,0.1420647046281572
13,is_s,11,Theta,0.9072749121048992
13,is_s,12,Theta,5.33860017888506
13,is_s,13,Theta,2.117039956063184
13,is_s,14,Theta,4.8375808522497294
13,is_s,15,Theta,0.3030422199679185
13,is_s,16,Theta,4.783166427327138
13,is_s,17,Theta,0.5158834625158736
13,is_s,18,Theta,2.384226278522128
13,is_s,19,Theta,1.5171751107833318
13,is_s,20,Theta,5.956980031697749
13,is_s,21,Theta,0.4118518501273617
13,is_s,22,Theta,0.3605931092570777
13,is_s,23,Theta,4.195863940273109
13,is_s,24,Theta,0.3218702110155979
13,is_s,25,Theta,6.277443497487846
13,is_s,26,Theta,0.36025618966363987
13,is_s,28,Theta,6.05203725957936
13,is_s,29,Theta,1.9581874796857215
13,is_s,30,Theta,1.246823824086176
13,is_s,31,Theta,4.782342162308932
13,is_s,32,Theta,6.191540810017165
13,is_s,33,Theta,1.4617187082561267
13,is_s,34,Theta,0.5885426874677796
13,is_s,35,Theta,1.5671396244854887
13,is_s,36,Theta,3.6667972127904327
13,is_s,37,Theta,2.5133896376054934
13,is_s,38,Theta,0.5520522161930357
13,is_s,39,Theta,6.160051809330479
13,is_s,40,Theta,0.45960299596483295
13,is_s,41,Theta,6.27830441502079
13,is_s,42,Theta,0.20776921374894824
13,is_s,43,Theta,5.803076055005847
13,is_s,44,Theta,0.831533861485352
13,is_s,45,Theta,5.4159123380720615
13,is_s,46,Theta,1.7186664552700892
13,is_s,47,Theta,1.5293882718818914
13,is_s,48,Theta,2.073581954209537
13,is_s,49,Theta,6.190150909041834
13,is_s,50,Theta,0.03732678698526106
13,is_s,51,Theta,6.003830484362404
13,is_s,52,Theta,4.219624535125066
13,is_s,53,Theta,0.6606993634486424
13,is_s,54,Theta,1.6036553878497843
13,is_s,55,Theta,0.7654640130045136
13,is_s,56,Theta,5.802992744468239
13,is_s,57,Theta,4.29842117826229
13,is_s,58,Theta,0.8374411282599117
13,is_s,59,Theta,1.8028603779533972
13,is_s,60,Theta,5.2344046534992135
13,is_s,1,Alpha,4.330539616521673
13,is_s,2,Alpha,4.528439169122311
13,is_s,3,Alpha,1.6169750526104993
13,is_s,4,Alpha,0.5201331554412636
13,is_s,5,Alpha,2.137558257757328
13,is_s,6,Alpha,1.8475168856711386
13,is_s,7,Alpha,5.872382118693376
13,is_s,8,Alpha,1.7162190027479791
13,is_s,9,Alpha,4.8341130821165805
13,is_s,10,Alpha,0.7630987989677501
13,is_s,11,Alpha,1.2479538007249886
13,is_s,12,Alpha,0.4029671390470185
13,is_s,13,Alpha,1.7715854258401615
13,is_s,14,Alpha,6.091761228521654
13,is_s,15,Alpha,6.0680662132041805
13,is_s,16,Alpha,4.273671118252622
13,is_s,17,Alpha,1.0217387512576461
13,is_s,18,Alpha,2.3535287513081817
13,is_s,19,Alpha,0.5803904867538091
13,is_s,20,Alpha,1.691982901058688
13,is_s,21,Alpha,0.037837002282656323
13,is_s,22,Alpha,0.5841016562416069
13,is_s,23,Alpha,5.358755423943561
13,is_s,24,Alpha,0.3370469155277098
13,is_s,25,Alpha,0.7846383389105801
13,is_s,26,Alpha,0.791981463104694
13,is_s,28,Alpha,2.2218815304149584
13,is_s,29,Alpha,2.6273762291066607
13,is_s,30,Alpha,1.2792135847752026
13,is_s,31,Alpha,4.80945831000677
13,is_s,32,Alpha,4.145138574780439
13,is_s,33,Alpha,2.8188852157026547
13,is_s,34,Alpha,5.080314819579081
13,is_s,35,Alpha,1.621994625751711
13,is_s,36,Alpha,5.151149410642242
13,is_s,37,Alpha,2.971250471060475
13,is_s,38,Alpha,1.3736546842261483
13,is_s,39,Alpha,4.727705813309217
13,is_s,40,Alpha,0.34005747032213046
13,is_s,41,Alpha,1.453938194810966
13,is_s,42,Alpha,0.5388344251122279
13,is_s,43,Alpha,0.7283639268491385
13,is_s,44,Alpha,0.9571868396405232
13,is_s,45,Alpha,4.232183890166876
13,is_s,46,Alpha,2.006333037924279
13,is_s,47,Alpha,4.936054778915157
13,is_s,48,Alpha,1.613670184936281
13,is_s,49,Alpha,6.05209800747967
13,is_s,50,Alpha,0.23105674419988384
13,is_s,51,Alpha,0.21393228019537444
13,is_s,52,Alpha,2.8471545670378564
13,is_s,53,Alpha,0.11252439156130625
13,is_s,54,Alpha,3.207870162305138
13,is_s,55,Alpha,1.6638327192507871
13,is_s,56,Alpha,6.102718625224246
13,is_s,57,Alpha,4.9125559714915035
13,is_s,58,Alpha,1.4786345350697612
13,is_s,59,Alpha,6.178460440551754
13,is_s,60,Alpha,5.728483489307491
13,is_s,1,Beta,4.349617355585729
13,is_s,2,Beta,4.2517541753989345
13,is_s,3,Beta,1.7901195909730672
13,is_s,4,Beta,2.8132481446312756
13,is_s,5,Beta,2.4623274200223415
13,is_s,6,Beta,2.5665404107320704
13,is_s,7,Beta,1.2271298832352233
13,is_s,8,Beta,0.4284099393656572
13,is_s,9,Beta,2.669783509475593
13,is_s,10,Beta,0.29935940286058904
13,is_s,11,Beta,3.6894586201770556
13,is_s,12,Beta,1.0485607322227104
13,is_s,13,Beta,1.4046189676337877
13,is_s,14,Beta,1.1721486679870559
13,is_s,15,Beta,5.606197112435421
13,is_s,16,Beta,0.8701977121759622
13,is_s,17,Beta,1.1678045859940345
13,is_s,18,Beta,3.0256066141439746
13,is_s,19,Beta,0.8717272609266614
13,is_s,20,Beta,3.3402252718975904
13,is_s,21,Beta,5.684009070950881
13,is_s,22,Beta,1.2848312804424848
13,is_s,23,Beta,1.556028819768124
13,is_s,24,Beta,4.467587765314764
13,is_s,25,Beta,1.390636636344718
13,is_s,26,Beta,2.03634838829351
13,is_s,28,Beta,2.8950604878610315
13,is_s,29,Beta,4.8275379076442535
13,is_s,30,Beta,1.7362681051785216
13,is_s,31,Beta,5.309615156649385
13,is_s,32,Beta,4.027495672143253
13,is_s,33,Beta,2.3869492253697007
13,is_s,34,Beta,4.0263808957907035
13,is_s,35,Beta,5.812927391403679
13,is_s,36,Beta,2.9495891945670127
13,is_s,37,Beta,5.294358366382275
13,is_s,38,Beta,1.6955163344312736
13,is_s,39,Beta,5.019866871008482
13,is_s,40,Beta,4.839604341031233
13,is_s,41,Beta,2.4622923347302472
13,is_s,42,Beta,0.6336808344272122
13,is_s,43,Beta,2.5239823925576066
13,is_s,44,Beta,0.5387739395192973
13,is_s,45,Beta,2.8121556315065335
13,is_s,46,Beta,0.7499720242916279
13,is_s,47,Beta,4.091369961474829
13,is_s,48,Beta,4.385068432377192
13,is_s,49,Beta,5.426370442715767
13,is_s,50,Beta,1.3142170476803892
13,is_s,51,Beta,0.18682289275249128
13,is_s,52,Beta,2.9243962258770675
13,is_s,53,Beta,5.392429875149128
13,is_s,54,Beta,4.863450167130307
13,is_s,55,Beta,2.0316160003893438
13,is_s,56,Beta,4.453292460821251
13,is_s,57,Beta,4.1109680764490815
13,is_s,58,Beta,1.042831836624913
13,is_s,59,Beta,4.384586976008315
13,is_s,60,Beta,2.3726740572516776
14,vs_s,1,Delta,4.88432488628446
14,vs_s,2,Delta,2.933497072899625
14,vs_s,3,Delta,5.158966078974009
14,vs_s,4,Delta,1.2617338385749193
14,vs_s,5,Delta,5.736735492547281
14,vs_s,6,Delta,2.0119165795207388
14,vs_s,7,Delta,3.9946967273897354
14,vs_s,8,Delta,3.6819138529379165
14,vs_s,9,Delta,3.6029900400643435
14,vs_s,10,Delta,3.895592133424037
14,vs_s,11,Delta,1.7769200878615843
14,vs_s,12,Delta,4.70779983679701
14,vs_s,13,Delta,4.257344545107697
14,vs_s,14,Delta,0.40014524870128126
14,vs_s,15,Delta,2.260583157578609
14,vs_s,16,Delta,4.412178122879502
14,vs_s,17,Delta,4.376868541260723
14,vs_s,18,Delta,2.3868707679151773
14,vs_s,19,Delta,2.5767978838032177
14,vs_s,20,Delta,2.43131474901858
14,vs_s,21,Delta,4.3936293396554635
14,vs_s,22,Delta,3.656486844132578
14,vs_s,23,Delta,4.85204392437201
14,vs_s,24,Delta,3.94610930200232
14,vs_s,25,Delta,2.322220142124576
14,vs_s,26,Delta,4.286215485546011
14,vs_s,27,Delta,5.4278768668229125
14,vs_s,28,Delta,1.5818181386053998
14,vs_s,29,Delta,1.9449275724642983
14,vs_s,30,Delta,3.059908062495785
14,vs_s,31,Delta,2.7574790590785208
14,vs_s,32,Delta,4.303526050738892
14,vs_s,33,Delta,1.6983976063200972
14,vs_s,34,Delta,1.2383162113076118
14,vs_s,35,Delta,3.2373934422619763
14,vs_s,36,Delta,2.8398338884069783
14,vs_s,37,Delta,0.21310340405753544
14,vs_s,38,Delta,4.626514209302224
14,vs_s,39,Delta,3.038953030128223
14,vs_s,40,Delta,1.8994410669145108
14,vs_s,41,Delta,2.371329136836875
14,vs_s,42,Delta,3.32960075418326
14,vs_s,43,Delta,1.659644171616509
14,vs_s,44,Delta,0.9136554873850462
14,vs_s,45,Delta,0.7902570882770329
14,vs_s,46,Delta,1.9152668426464448
14,vs_s,47,Delta,5.845404000118392
14,vs_s,48,Delta,2.1173017329666064
14,vs_s,49,Delta,2.88770022360072
14,vs_s,50,Delta,5.021357036748887
14,vs_s,51,Delta,4.284608106180586
14,vs_s,52,Delta,3.1028815952817705
14,vs_s,53,Delta,3.8252999071454825
14,vs_s,54,Delta,0.9314785709317219
14,vs_s,55,Delta,4.176856437293545
14,vs_s,56,Delta,4.642043874210129
14,vs_s,57,Delta,4.801183899980996
14,vs_s,58,Delta,4.929761492355185
14,vs_s,59,Delta,4.444234537435168
14,vs_s,60,Delta,4.189683616905695
14,vs_s,1,Theta,4.2439018055343745
14,vs_s,2,Theta,2.315522149534665
14,vs_s,3,Theta,5.319956585549644
14,vs_s,4,Theta,0.10691669504918894
14,vs_s,5,Theta,1.0495593642255585
14,vs_s,6,Theta,1.4049821726338099
14,vs_s,7,Theta,3.836246187798521
14,vs_s,8,Theta,2.3429813842131404
14,vs_s,9,Theta,2.9439225085049356
14,vs_s,10,Theta,0.947851075655168
14,vs_s,11,Theta,2.29166578113618
14,vs_s,12,Theta,1.3921280855105904
14,vs_s,13,Theta,1.651673234213026
14,vs_s,14,Theta,0.18904744095735332
14,vs_s,15,Theta,2.9844868176163737
14,vs_s,16,Theta,4.210856463583102
14,vs_s,17,Theta,3.2769759087252748
14,vs_s,18,Theta,2.5454946222046457
14,vs_s,19,Theta,5.996734372891143
14,vs_s,20,Theta,1.2260085408799248
14,vs_s,21,Theta,2.881700000332063
14,vs_s,22,Theta,2.8158966273975303
14,vs_s,23,Theta,5.245458627825789
14,vs_s,24,Theta,2.195636723503871
14,vs_s,25,Theta,2.2368966319516836
14,vs_s,26,Theta,3.0450779155250474
14,vs_s,27,Theta,0.14129905425816103
14,vs_s,28,Theta,1.4536864633158666
14,vs_s,29,Theta,0.5933071578624763
14,vs_s,30,Theta,1.7602823928656055
14,vs_s,31,Theta,2.544026650398937
14,vs_s,32,Theta,3.9032659596491905
14,vs_s,33,Theta,1.5620788468742084
14,vs_s,34,Theta,2.516310093529899
14,vs_s,35,Theta,1.9192491624372936
14,vs_s,36,Theta,2.407916423446175
14,vs_s,37,Theta,0.23973725086810732
14,vs_s,38,Theta,3.906844733146471
14,vs_s,39,Theta,1.6006527643365727
14,vs_s,40,Theta,1.2952629142527334
14,vs_s,41,Theta,3.2753619849442193
14,vs_s,42,Theta,2.892213771346863
14,vs_s,43,Theta,0.35426260784617725
14,vs_s,44,Theta,0.4155636631772808
14,vs_s,45,Theta,1.4429137621290482
14,vs_s,46,Theta,1.379565711807787
14,vs_s,47,Theta,6.207163640309477
14,vs_s,48,Theta,2.4080542527493396
14,vs_s,49,Theta,6.1378650227041
14,vs_s,50,Theta,5.563583460737118
14,vs_s,51,Theta,5.153814851097158
14,vs_s,52,Theta,4.310389712528377
14,vs_s,53,Theta,4.053625487629037
14,vs_s,54,Theta,0.6428663301232054
14,vs_s,55,Theta,4.44923941905107
14,vs_s,56,Theta,1.9318728655172521
14,vs_s,57,Theta,0.3611935462596938
14,vs_s,58,Theta,5.541329590905178
14,vs_s,59,Theta,1.4097027663310675
14,vs_s,60,Theta,2.089763042166706
14,vs_s,1,Alpha,1.9479266486867246
14,vs_s,2,Alpha,1.8003701087428363
14,vs_s,3,Alpha,0.9466245995788878
14,vs_s,4,Alpha,3.292741845282798
14,vs_s,5,Alpha,3.38836179189508
14,vs_s,6,Alpha,2.4659163676223397
14,vs_s,7,Alpha,2.4134243574132443
14,vs_s,8,Alpha,4.735012066253537
14,vs_s,9,Alpha,2.931302297175267
14,vs_s,10,Alpha,0.5159036242783461
14,vs_s,11,Alpha,6.161380302247857
14,vs_s,12,Alpha,1.2775575728759303
14,vs_s,13,Alpha,4.54543780155597
14,vs_s,14,Alpha,6.094195631407264
14,vs_s,15,Alpha,2.47592683632629
14,vs_s,16,Alpha,3.072760755835106
14,vs_s,17,Alpha,4.897390300439451
14,vs_s,18,Alpha,6.077201398418525
14,vs_s,19,Alpha,5.62236698395447
14,vs_s,20,Alpha,6.219091691733716
14,vs_s,21,Alpha,3.923362159460083
14,vs_s,22,Alpha,2.1837093265335503
14,vs_s,23,Alpha,4.868215984653993
14,vs_s,24,Alpha,0.18345630060603682
14,vs_s,25,Alpha,5.194150745718584
14,vs_s,26,Alpha,2.7023708568250795
14,vs_s,27,Alpha,6.094945323523218
14,vs_s,28,Alpha,1.5508314314812979
14,vs_s,29,Alpha,0.021516765506979563
14,vs_s,30,Alpha,2.4267277454271428
14,vs_s,31,Alpha,0.12249874762541135
14,vs_s,32,Alpha,2.7451574456199666
14,vs_s,33,Alpha,3.8563869951813197
14,vs_s,34,Alpha,1.7726106274841982
14,vs_s,35,Alpha,1.2794161968253335
14,vs_s,36,Alpha,1.7030964711732632
14,vs_s,37,Alpha,0.7353193429879213
14,vs_s,38,Alpha,2.2422479603985717
14,vs_s,39,Alpha,1.824511607460565
14,vs_s,40,Alpha,0.34456551735181046
14,vs_s,41,Alpha,3.6380635664293695
14,vs_s,42,Alpha,1.9093078592001578
14,vs_s,43,Alpha,4.952184600008126
14,vs_s,44,Alpha,3.2535826865765265
14,vs_s,45,Alpha,2.650139933521422
14,vs_s,46,Alpha,0.40378794240652727
14,vs_s,47,Alpha,0.04804045893239471
14,vs_s,48,Alpha,0.15174631824622875
14,vs_s,49,Alpha,6.220125991128283
14,vs_s,50,Alpha,5.340195924222469
14,vs_s,51,Alpha,0.48343128617563114
14,vs_s,52,Alpha,0.7887047446092272
14,vs_s,53,Alpha,3.2447434972008233
14,vs_s,54,Alpha,0.6113856291375299
14,vs_s,55,Alpha,4.445448529773936
14,vs_s,56,Alpha,1.4462627424638463
14,vs_s,57,Alpha,0.7246504415467161
14,vs_s,58,Alpha,4.674720703016933
14,vs_s,59,Alpha,1.9160770458254164
14,vs_s,60,Alpha,0.8665847339667521
14,vs_s,1,Beta,0.733012212283136
14,vs_s,2,Beta,4.497748482703457
14,vs_s,3,Beta,3.1329131623616724
14,vs_s,4,Beta,4.478956076730916
14,vs_s,5,Beta,1.0878876749949409
14,vs_s,6,Beta,3.005813378113177
14,vs_s,7,Beta,2.4338351206586
14,vs_s,8,Beta,3.5211665035669744
14,vs_s,9,Beta,3.8228143706384015
14,vs_s,10,Beta,3.8153306108502534
14,vs_s,11,Beta,3.4249237955465484
14,vs_s,12,Beta,2.61658323798566
14,vs_s,13,Beta,3.5781058242863084
14,vs_s,14,Beta,4.831535306363254
14,vs_s,15,Beta,5.470942428497409
14,vs_s,16,Beta,4.264903509994631
14,vs_s,17,Beta,1.5889068372622208
14,vs_s,18,Beta,1.17348393911763
14,vs_s,19,Beta,1.7069050565053712
14,vs_s,20,Beta,3.394562382900714
14,vs_s,21,Beta,3.8739726185848875
14,vs_s,22,Beta,5.452865707778943
14,vs_s,23,Beta,3.6746899176824046
14,vs_s,24,Beta,3.0966989153342896
14,vs_s,25,Beta,1.590681534499598
14,vs_s,26,Beta,4.464183134725352
14,vs_s,27,Beta,3.183641708637439
14,vs_s,28,Beta,0.7775216676418306
14,vs_s,29,Beta,5.732069555873405
14,vs_s,30,Beta,2.504019039731145
14,vs_s,31,Beta,0.8182040230039307
14,vs_s,32,Beta,2.0943589650388033
14,vs_s,33,Beta,2.7007488075082215
14,vs_s,34,Beta,4.9503365930900545
14,vs_s,35,Beta,3.8548050783516685
14,vs_s,36,Beta,1.043847201842966
14,vs_s,37,Beta,1.2703918303727495
14,vs_s,38,Beta,4.402127659014304
14,vs_s,39,Beta,3.295204264763224
14,vs_s,40,Beta,4.811674012735695
14,vs_s,41,Beta,3.9635069722975493
14,vs_s,42,Beta,4.508282939463453
14,vs_s,43,Beta,1.4031607237171935
14,vs_s,44,Beta,3.1103509211998985
14,vs_s,45,Beta,4.944898212758067
14,vs_s,46,Beta,4.605275952315308
14,vs_s,47,Beta,2.9920871797132036
14,vs_s,48,Beta,3.0896044974557544
14,vs_s,49,Beta,4.745631074430949
14,vs_s,50,Beta,4.1545067285010475
14,vs_s,51,Beta,3.666613606443104
14,vs_s,52,Beta,3.8671554746285786
14,vs_s,53,Beta,3.5179954499091424
14,vs_s,54,Beta,2.613970438001481
14,vs_s,55,Beta,3.9322685900817818
14,vs_s,56,Beta,4.491837481515503
14,vs_s,57,Beta,1.3997239766616243
14,vs_s,58,Beta,3.7687471373287993
14,vs_s,59,Beta,5.941635934615563
14,vs_s,60,Beta,5.255344128795015
14,is_s,1,Delta,2.032415003419183
14,is_s,2,Delta,4.847688188522037
14,is_s,3,Delta,3.157303215809832
14,is_s,4,Delta,4.631056274594178
14,is_s,5,Delta,1.740887994622764
14,is_s,6,Delta,3.3908223700422138
14,is_s,7,Delta,1.5967848665576738
14,is_s,8,Delta,0.9590838105859926
14,is_s,9,Delta,4.492252517496906
14,is_s,10,Delta,0.17395954103298514
14,is_s,11,Delta,4.828777508835137
14,is_s,12,Delta,4.666895297006251
14,is_s,13,Delta,1.9716331177244282
14,is_s,14,Delta,4.675767564930651
14,is_s,15,Delta,1.875773137331187
14,is_s,16,Delta,4.517179258992075
14,is_s,17,Delta,0.2565694366717275
14,is_s,18,Delta,4.424576369327632
14,is_s,19,Delta,4.179990417358189
14,is_s,20,Delta,1.403332610704274
14,is_s,21,Delta,4.867480802781917
14,is_s,22,Delta,4.824694477730183
14,is_s,24,Delta,3.423469129704763
14,is_s,25,Delta,3.1135376006345608
14,is_s,26,Delta,4.1892981795847
14,is_s,27,Delta,3.950806317044437
14,is_s,28,Delta,4.917163351209038
14,is_s,29,Delta,6.127284844753787
14,is_s,30,Delta,3.9537269802723367
14,is_s,31,Delta,1.2404865798723448
14,is_s,32,Delta,4.496515050525775
14,is_s,33,Delta,4.743005435115529
14,is_s,34,Delta,4.7492399055303665
14,is_s,35,Delta,1.4730267339986607
14,is_s,36,Delta,4.385113909120376
14,is_s,37,Delta,4.4401247227886165
14,is_s,38,Delta,1.1102757137617179
14,is_s,40,Delta,0.8337604695225553
14,is_s,41,Delta,1.5836471909717023
14,is_s,42,Delta,1.78190599949049
14,is_s,43,Delta,2.1104181997783864
14,is_s,44,Delta,5.351438112809281
14,is_s,45,Delta,4.688674721851317
14,is_s,46,Delta,5.949699869726525
14,is_s,47,Delta,0.9523446296205902
14,is_s,48,Delta,1.5844604650691059
14,is_s,49,Delta,1.7102410785113231
14,is_s,50,Delta,3.33150243723797
14,is_s,51,Delta,1.0992680061019047
14,is_s,52,Delta,4.606667642815667
14,is_s,53,Delta,4.3513501394223955
14,is_s,54,Delta,3.3406809537634694
14,is_s,55,Delta,3.5210174101182443
14,is_s,56,Delta,0.7273602356957916
14,is_s,57,Delta,4.0256608324164995
14,is_s,58,Delta,4.927564781827874
14,is_s,59,Delta,4.861120687842851
14,is_s,60,Delta,0.8038636491842505
14,is_s,1,Theta,2.527117297727774
14,is_s,2,Theta,0.8156615173326659
14,is_s,3,Theta,2.3385299557820316
14,is_s,4,Theta,3.976237933229728
14,is_s,5,Theta,2.4025281525296394
14,is_s,6,Theta,3.043542405733941
14,is_s,7,Theta,1.7377062295028851
14,is_s,8,Theta,1.047302463432912
14,is_s,9,Theta,4.356795514778718
14,is_s,10,Theta,0.04130632255656427
14,is_s,11,Theta,5.2585999171189615
14,is_s,12,Theta,5.035528154719689
14,is_s,13,Theta,1.9352196567506594
14,is_s,14,Theta,5.472994194370764
14,is_s,15,Theta,1.6015221418145833
14,is_s,16,Theta,3.2357378224259135
14,is_s,17,Theta,0.5286020120250345
14,is_s,18,Theta,3.7398750552187483
14,is_s,19,Theta,4.395722198148963
14,is_s,20,Theta,1.33046271860036
14,is_s,21,Theta,5.913126734218951
14,is_s,22,Theta,1.4236831513016641
14,is_s,24,Theta,3.462647939741383
14,is_s,25,Theta,3.293875166392905
14,is_s,26,Theta,1.4987160274019278
14,is_s,27,Theta,2.70906278821858
14,is_s,28,Theta,1.5313284813570989
14,is_s,29,Theta,0.7566170827473704
14,is_s,30,Theta,5.651756177465055
14,is_s,31,Theta,1.2133426568641277
14,is_s,32,Theta,4.3888728724870685
14,is_s,33,Theta,6.0013921433115645
14,is_s,34,Theta,0.3615659349262835
14,is_s,35,Theta,1.5495862760094825
14,is_s,36,Theta,5.1867345280725825
14,is_s,37,Theta,3.9627966776006742
14,is_s,38,Theta,0.20562129304918209
14,is_s,40,Theta,0.8583865652115684
14,is_s,41,Theta,1.4672978932446852
14,is_s,42,Theta,2.396254197998651
14,is_s,43,Theta,2.3285060022578845
14,is_s,44,Theta,6.069052178310671
14,is_s,45,Theta,1.6046048470815084
14,is_s,46,Theta,6.1966627583555285
14,is_s,47,Theta,0.8654202059852928
14,is_s,48,Theta,2.158648703484556
14,is_s,49,Theta,3.1383969913937033
14,is_s,50,Theta,2.987608041227665
14,is_s,51,Theta,0.6987941322231384
14,is_s,52,Theta,4.218048864222533
14,is_s,53,Theta,0.07617560646442621
14,is_s,54,Theta,4.5927774909666885
14,is_s,55,Theta,3.001374764078328
14,is_s,56,Theta,0.923152396301417
14,is_s,57,Theta,3.287979312763869
14,is_s,58,Theta,6.2796607555661526
14,is_s,59,Theta,2.5672082395045024
14,is_s,60,Theta,0.9841806233301273
14,is_s,1,Alpha,2.1733315767700914
14,is_s,2,Alpha,3.9321319002001074
14,is_s,3,Alpha,2.1151945796884033
14,is_s,4,Alpha,4.200024320249959
14,is_s,5,Alpha,0.7392907381817474
14,is_s,6,Alpha,0.1308297670472866
14,is_s,7,Alpha,2.19086440748189
14,is_s,8,Alpha,3.0190586591784654
14,is_s,9,Alpha,2.5712119543108507
14,is_s,10,Alpha,4.562286249227569
14,is_s,11,Alpha,0.5842425275376492
14,is_s,12,Alpha,5.430744188823315
14,is_s,13,Alpha,1.4010354829756064
14,is_s,14,Alpha,2.342813232622097
14,is_s,15,Alpha,3.002262604348275
14,is_s,16,Alpha,0.840173004691033
14,is_s,17,Alpha,1.4325381817720402
14,is_s,18,Alpha,3.414353378513057
14,is_s,19,Alpha,4.755608459494176
14,is_s,20,Alpha,0.8033807673463257
14,is_s,21,Alpha,5.149016887962766
14,is_s,22,Alpha,2.681109623718152
14,is_s,24,Alpha,3.6720954707231845
14,is_s,25,Alpha,3.375196858565426
14,is_s,26,Alpha,1.9850228595164523
14,is_s,27,Alpha,4.007439246784942
14,is_s,28,Alpha,3.0291225133071324
14,is_s,29,Alpha,1.9773723395552774
14,is_s,30,Alpha,0.11363495695673077
14,is_s,31,Alpha,2.8877906858745157
14,is_s,32,Alpha,5.946671065589888
14,is_s,33,Alpha,6.032201024986801
14,is_s,34,Alpha,1.3432169040334667
14,is_s,35,Alpha,0.9844532480151297
14,is_s,36,Alpha,5.536034903543619
14,is_s,37,Alpha,5.085035118857139
14,is_s,38,Alpha,2.787817235554816
14,is_s,40,Alpha,4.231086016594616
14,is_s,41,Alpha,0.15986185656620794
14,is_s,42,Alpha,2.0538310625050995
14,is_s,43,Alpha,3.156242240199601
14,is_s,44,Alpha,5.077585772928755
14,is_s,45,Alpha,1.5302281489940752
14,is_s,46,Alpha,0.4714487244489127
14,is_s,47,Alpha,1.1667643966981505
14,is_s,48,Alpha,0.63247374897816
14,is_s,49,Alpha,2.4671116047239146
14,is_s,50,Alpha,3.054116144761556
14,is_s,51,Alpha,0.6981995449403543
14,is_s,52,Alpha,4.262466368303871
14,is_s,53,Alpha,4.142109854803696
14,is_s,54,Alpha,6.245820624240035
14,is_s,55,Alpha,3.9213841747624683
14,is_s,56,Alpha,1.3789859660662498
14,is_s,57,Alpha,2.8574071335491396
14,is_s,58,Alpha,1.1452223563037536
14,is_s,59,Alpha,2.7485521346766864
14,is_s,60,Alpha,5.964542134004738
14,is_s,1,Beta,5.448573565097619
14,is_s,2,Beta,3.0711748439416318
14,is_s,3,Beta,1.7026040389803687
14,is_s,4,Beta,3.71981984393527
14,is_s,5,Beta,6.0218089573346285
14,is_s,6,Beta,5.508875634574242
14,is_s,7,Beta,2.51700031673208
14,is_s,8,Beta,1.6014790422812135
14,is_s,9,Beta,4.746477119896765
14,is_s,10,Beta,0.10822402760218203
14,is_s,11,Beta,1.7758171549774642
14,is_s,12,Beta,1.7570607693115936
14,is_s,13,Beta,6.182861384241572
14,is_s,14,Beta,5.154336334195796
14,is_s,15,Beta,5.07789744256692
14,is_s,16,Beta,5.2157019346966775
14,is_s,17,Beta,6.027098851773358
14,is_s,18,Beta,3.88300522303722
14,is_s,19,Beta,5.502367133962933
14,is_s,20,Beta,6.139313430567946
14,is_s,21,Beta,5.996638709756819
14,is_s,22,Beta,3.4852679578868
14,is_s,24,Beta,1.9112663250707873
14,is_s,25,Beta,3.2383653073768315
14,is_s,26,Beta,2.9291070008879463
14,is_s,27,Beta,3.8718304870434164
14,is_s,28,Beta,2.0963696826981697
14,is_s,29,Beta,3.1972939062658448
14,is_s,30,Beta,5.811130656217011
14,is_s,31,Beta,1.3568915469995053
14,is_s,32,Beta,5.297904036711245
14,is_s,33,Beta,5.119010813269363
14,is_s,34,Beta,3.1509519441190106
14,is_s,35,Beta,0.19986472174092054
14,is_s,36,Beta,0.08547635543170215
14,is_s,37,Beta,4.268055569198124
14,is_s,38,Beta,3.744154756015911
14,is_s,40,Beta,3.9002024904401336
14,is_s,41,Beta,1.4767258340577925
14,is_s,42,Beta,4.038617000544481
14,is_s,43,Beta,5.067603458529298
14,is_s,44,Beta,3.223222739080199
14,is_s,45,Beta,0.6782122853838867
14,is_s,46,Beta,2.425738407117409
14,is_s,47,Beta,3.0118077715380607
14,is_s,48,Beta,6.149720754585045
14,is_s,49,Beta,4.883494173670215
14,is_s,50,Beta,0.7117051561595105
14,is_s,51,Beta,5.145564116927319
14,is_s,52,Beta,4.088863207677255
14,is_s,53,Beta,1.129300122010331
14,is_s,54,Beta,5.088288542895755
14,is_s,55,Beta,5.110338831920204
14,is_s,56,Beta,0.4802229616826893
14,is_s,57,Beta,2.437973676892936
14,is_s,58,Beta,0.8102190982675749
14,is_s,59,Beta,5.180999403834831
14,is_s,60,Beta,3.7154979601726352
15,is_s,1,Delta,2.9972098459123817
15,is_s,2,Delta,1.2411951149640996
15,is_s,3,Delta,6.2781139054108515
15,is_s,4,Delta,5.895213394714136
15,is_s,5,Delta,0.536989044145078
15,is_s,6,Delta,0.0370099138787922
15,is_s,7,Delta,4.195994610367492
15,is_s,8,Delta,4.358380854823384
15,is_s,9,Delta,0.7695674767642028
15,is_s,10,Delta,1.7578290232441236
15,is_s,11,Delta,1.1460682213948628
15,is_s,12,Delta,2.2853357663150557
15,is_s,13,Delta,4.867098852168438
15,is_s,14,Delta,1.8609192166293704
15,is_s,15,Delta,3.3090494995115862
15,is_s,16,Delta,0.9138939903175182
15,is_s,17,Delta,3.72433355476536
15,is_s,18,Delta,5.778645541039774
15,is_s,19,Delta,6.281128742009765
15,is_s,21,Delta,6.179249390034796
15,is_s,22,Delta,4.925944421838663
15,is_s,23,Delta,1.5925211848631782
15,is_s,24,Delta,4.419956359247042
15,is_s,25,Delta,1.823861008108863
15,is_s,26,Delta,6.16699518286586
15,is_s,27,Delta,2.623952244345888
15,is_s,28,Delta,1.453086812907311
15,is_s,29,Delta,2.973094406961103
15,is_s,30,Delta,4.96365571425401
15,is_s,31,Delta,2.3506510643611245
15,is_s,32,Delta,3.7515555793502475
15,is_s,33,Delta,1.675688711937523
15,is_s,34,Delta,1.8063950692644426
15,is_s,35,Delta,0.24346176917086593
15,is_s,36,Delta,1.1909866277122874
15,is_s,37,Delta,1.9335418685807522
15,is_s,38,Delta,5.687939780054366
15,is_s,39,Delta,5.745861841552571
15,is_s,40,Delta,1.8566527476707781
15,is_s,41,Delta,1.4240207921318488
15,is_s,42,Delta,3.1136061618906687
15,is_s,43,Delta,2.1904734809749056
15,is_s,44,Delta,1.1559506310853256
15,is_s,45,Delta,1.7191197144651333
15,is_s,46,Delta,2.113120260090643
15,is_s,47,Delta,2.229482266593347
15,is_s,48,Delta,3.6174254402430956
15,is_s,49,Delta,1.8987563084287158
15,is_s,50,Delta,5.009252831571626
15,is_s,51,Delta,1.7839880158896562
15,is_s,52,Delta,1.2807497731626158
15,is_s,53,Delta,1.4374928703132592
15,is_s,54,Delta,2.949393518425136
15,is_s,55,Delta,1.1491370101146667
15,is_s,56,Delta,4.942259836703231
15,is_s,57,Delta,1.4771031937347732
15,is_s,58,Delta,1.393506488005583
15,is_s,59,Delta,0.3630782632701285
15,is_s,60,Delta,1.0360606193519657
15,is_s,1,Theta,3.0700115707282603
15,is_s,2,Theta,1.5797829034621216
15,is_s,3,Theta,6.2706044384311435
15,is_s,4,Theta,5.306579386608163
15,is_s,5,Theta,0.40101213539676084
15,is_s,6,Theta,5.014980455437964
15,is_s,7,Theta,4.097131175494143
15,is_s,8,Theta,3.966413923118247
15,is_s,9,Theta,0.3977894124844061
15,is_s,10,Theta,1.3781680597699029
15,is_s,11,Theta,0.8347765160963726
15,is_s,12,Theta,2.3029985724893867
15,is_s,13,Theta,4.523840997026271
15,is_s,14,Theta,2.8597798694893486
15,is_s,15,Theta,3.343582948695637
15,is_s,16,Theta,0.7580103235723141
15,is_s,17,Theta,2.633892024676768
15,is_s,18,Theta,6.100296175334613
15,is_s,19,Theta,4.918737528110791
15,is_s,21,Theta,4.781592772212253
15,is_s,22,Theta,1.6294354375927322
15,is_s,23,Theta,4.858579704908057
15,is_s,24,Theta,3.47130415335598
15,is_s,25,Theta,2.373559249127619
15,is_s,26,Theta,5.9399574047495785
15,is_s,27,Theta,3.255452050720374
15,is_s,28,Theta,1.1682600335738818
15,is_s,29,Theta,2.815558682389664
15,is_s,30,Theta,4.254395002271693
15,is_s,31,Theta,4.053789088768747
15,is_s,32,Theta,3.9791878840820107
15,is_s,33,Theta,2.114431887802855
15,is_s,34,Theta,1.9555560525821711
15,is_s,35,Theta,4.872467842319867
15,is_s,36,Theta,1.7709961781510186
15,is_s,37,Theta,3.489052224854431
15,is_s,38,Theta,5.78548790912539
15,is_s,39,Theta,0.24305178641804953
15,is_s,40,Theta,4.659250624518525
15,is_s,41,Theta,5.499974703644421
15,is_s,42,Theta,2.086957629568479
15,is_s,43,Theta,3.668870474042639
15,is_s,44,Theta,5.473999975303733
15,is_s,45,Theta,2.0363026886825817
15,is_s,46,Theta,3.2602725242370036
15,is_s,47,Theta,3.022333722657377
15,is_s,48,Theta,3.7003505727224892
15,is_s,49,Theta,4.113870055115842
15,is_s,50,Theta,5.003280164857471
15,is_s,51,Theta,1.1014073500704396
15,is_s,52,Theta,2.5250691264834173
15,is_s,53,Theta,1.1742586890706086
15,is_s,54,Theta,3.448433938720487
15,is_s,55,Theta,0.3930141660712699
15,is_s,56,Theta,5.292056884230678
15,is_s,57,Theta,1.1825743209421549
15,is_s,58,Theta,2.087085237747956
15,is_s,59,Theta,0.6991194899546599
15,is_s,60,Theta,5.810622149706187
15,is_s,1,Alpha,5.877584460447948
15,is_s,2,Alpha,2.4824750176441226
15,is_s,3,Alpha,4.200475636884288
15,is_s,4,Alpha,4.995819667928288
15,is_s,5,Alpha,0.42754232204821835
15,is_s,6,Alpha,4.605862618976208
15,is_s,7,Alpha,1.3365616451518725
15,is_s,8,Alpha,5.747666571927062
15,is_s,9,Alpha,0.4776136588481001
15,is_s,10,Alpha,6.16496131322085
15,is_s,11,Alpha,0.5139248492606246
15,is_s,12,Alpha,3.9645555772076677
15,is_s,13,Alpha,5.575002429647427
15,is_s,14,Alpha,4.100063557970895
15,is_s,15,Alpha,2.4892155074942752
15,is_s,16,Alpha,0.928431731921099
15,is_s,17,Alpha,1.7806864018295194
15,is_s,18,Alpha,5.832934926323985
15,is_s,19,Alpha,4.7049642933296925
15,is_s,21,Alpha,3.2286923226217303
15,is_s,22,Alpha,5.957578387611086
15,is_s,23,Alpha,4.8918013419337925
15,is_s,24,Alpha,4.586417133265459
15,is_s,25,Alpha,2.7985100874712527
15,is_s,26,Alpha,5.955324924297936
15,is_s,27,Alpha,2.6865354228058536
15,is_s,28,Alpha,3.8719125455664054
15,is_s,29,Alpha,1.7110481513354119
15,is_s,30,Alpha,4.284062575198201
15,is_s,31,Alpha,4.334604782640926
15,is_s,32,Alpha,4.73727268475563
15,is_s,33,Alpha,2.915480806547695
15,is_s,34,Alpha,3.6805719808674144
15,is_s,35,Alpha,3.9550068769849913
15,is_s,36,Alpha,0.4514432991318136
15,is_s,37,Alpha,3.6709423755145516
15,is_s,38,Alpha,5.078044966756687
15,is_s,39,Alpha,1.4908678146457173
15,is_s,40,Alpha,4.976189638175705
15,is_s,41,Alpha,4.6414623311879755
15,is_s,42,Alpha,1.563976944718387
15,is_s,43,Alpha,4.0983142903589505
15,is_s,44,Alpha,4.7857230293022095
15,is_s,45,Alpha,0.6800250083912797
15,is_s,46,Alpha,4.032932822996276
15,is_s,47,Alpha,4.616399686613193
15,is_s,48,Alpha,4.0047063836400305
15,is_s,49,Alpha,4.510513203885983
15,is_s,50,Alpha,4.51525849408841
15,is_s,51,Alpha,3.1057229815213807
15,is_s,52,Alpha,3.524936463279474
15,is_s,53,Alpha,3.9763415513805245
15,is_s,54,Alpha,2.4776237928559204
15,is_s,55,Alpha,0.2381541934893151
15,is_s,56,Alpha,0.33607518346506216
15,is_s,57,Alpha,4.595914090351049
15,is_s,58,Alpha,5.189269579809953
15,is_s,59,Alpha,1.6310753453385616
15,is_s,60,Alpha,5.66172899848583
15,is_s,1,Beta,3.187207393638766
15,is_s,2,Beta,2.4789888984558752
15,is_s,3,Beta,5.417226302846163
15,is_s,4,Beta,5.528975787021708
15,is_s,5,Beta,1.6772095493272552
15,is_s,6,Beta,3.5895509798159346
15,is_s,7,Beta,3.321796737291687
15,is_s,8,Beta,4.616664522684414
15,is_s,9,Beta,2.9280194757632874
15,is_s,10,Beta,1.7882295634934047
15,is_s,11,Beta,6.0230841428625155
15,is_s,12,Beta,5.424666017509576
15,is_s,13,Beta,0.6302748726400795
15,is_s,14,Beta,2.4950912638134777
15,is_s,15,Beta,1.8858456061979105
15,is_s,16,Beta,1.1088219107179988
15,is_s,17,Beta,0.036562419262137665
15,is_s,18,Beta,1.9931732835827163
15,is_s,19,Beta,2.6762556077305466
15,is_s,21,Beta,3.158124178977871
15,is_s,22,Beta,5.269692253422363
15,is_s,23,Beta,1.9079165210104823
15,is_s,24,Beta,6.117843505048747
15,is_s,25,Beta,3.271013331129403
15,is_s,26,Beta,3.8796092764420873
15,is_s,27,Beta,1.9021261751819452
15,is_s,28,Beta,0.5114016198342178
15,is_s,29,Beta,1.4818470801074728
15,is_s,30,Beta,6.253264142048327
15,is_s,31,Beta,1.1749961259334099
15,is_s,32,Beta,1.5490928705030056
15,is_s,33,Beta,4.92553134300813
15,is_s,34,Beta,3.880398749260121
15,is_s,35,Beta,3.5282554694106545
15,is_s,36,Beta,6.123644656767187
15,is_s,37,Beta,4.6395926385215684
15,is_s,38,Beta,3.3305328996627264
15,is_s,39,Beta,3.4142716911422752
15,is_s,40,Beta,0.09918274987370612
15,is_s,41,Beta,4.768146453635964
15,is_s,42,Beta,2.782283354942723
15,is_s,43,Beta,2.7962913292961717
15,is_s,44,Beta,3.9494248348468393
15,is_s,45,Beta,0.1917169986580232
15,is_s,46,Beta,4.350293614658701
15,is_s,47,Beta,1.510091589472698
15,is_s,48,Beta,0.8550567331285314
15,is_s,49,Beta,4.550739175476032
15,is_s,50,Beta,1.1453261597482707
15,is_s,51,Beta,4.608297258454164
15,is_s,52,Beta,0.6519625630543153
15,is_s,53,Beta,5.883140413678147
15,is_s,54,Beta,0.6007291218082783
15,is_s,55,Beta,5.269239732739084
15,is_s,56,Beta,1.9101159830643213
15,is_s,57,Beta,5.901749992156622
15,is_s,58,Beta,0.37295837363554407
15,is_s,59,Beta,2.4679095607128705
15,is_s,60,Beta,6.116348017588661
15,vs_s,1,Delta,2.6132167115663187
15,vs_s,2,Delta,2.0184833740287558
15,vs_s,3,Delta,3.326352021783632
15,vs_s,4,Delta,4.228440463565557
15,vs_s,5,Delta,2.171664112553231
15,vs_s,6,Delta,1.7865407360999612
15,vs_s,7,Delta,4.561381961301934
15,vs_s,8,Delta,5.045268050772465
15,vs_s,9,Delta,1.537639010130863
15,vs_s,10,Delta,5.072545194045091
15,vs_s,11,Delta,1.9754452128879736
15,vs_s,12,Delta,2.1252509387194207
15,vs_s,13,Delta,1.7889094420018021
15,vs_s,14,Delta,2.9643155150197655
15,vs_s,15,Delta,1.065656324449553
15,vs_s,16,Delta,4.528070468884798
15,vs_s,17,Delta,3.847585236342979
15,vs_s,18,Delta,1.573891053265357
15,vs_s,19,Delta,3.3454737484195953
15,vs_s,20,Delta,3.7361852701180616
15,vs_s,21,Delta,5.332698326758057
15,vs_s,22,Delta,4.499445089392998
15,vs_s,23,Delta,2.025498643404461
15,vs_s,24,Delta,2.0464957063669154
15,vs_s,25,Delta,3.529444153229407
15,vs_s,26,Delta,0.16895403755996097
15,vs_s,27,Delta,1.6921566299271416
15,vs_s,28,Delta,4.179455646194475
15,vs_s,29,Delta,1.6624587818663181
15,vs_s,30,Delta,1.6862389547583083
15,vs_s,31,Delta,2.0179973386989385
15,vs_s,32,Delta,1.68822957985819
15,vs_s,33,Delta,0.6427242805801203
15,vs_s,34,Delta,2.2034743510077877
15,vs_s,35,Delta,5.151860906286692
15,vs_s,36,Delta,0.3844863363963255
15,vs_s,37,Delta,1.4119481394017341
15,vs_s,38,Delta,1.49104551617248
15,vs_s,39,Delta,3.359366063604508
15,vs_s,40,Delta,2.0170869037631616
15,vs_s,41,Delta,2.4575348066093743
15,vs_s,42,Delta,5.448045841932899
15,vs_s,43,Delta,4.23506002725502
15,vs_s,44,Delta,2.5396142273397366
15,vs_s,45,Delta,3.1199522891384097
15,vs_s,46,Delta,3.2633582082059687
15,vs_s,47,Delta,2.134912958049354
15,vs_s,48,Delta,3.0084144635915497
15,vs_s,49,Delta,1.9332765763692963
15,vs_s,50,Delta,2.323647951053396
15,vs_s,51,Delta,2.4800390864047173
15,vs_s,52,Delta,5.859109113207438
15,vs_s,53,Delta,4.435597447636463
15,vs_s,54,Delta,4.582874789419281
15,vs_s,55,Delta,1.441740464846876
15,vs_s,56,Delta,4.101062739391508
15,vs_s,57,Delta,6.208814728754138
15,vs_s,58,Delta,3.1296065857510373
15,vs_s,59,Delta,3.208956821754166
15,vs_s,60,Delta,1.7759269332927765
15,vs_s,1,Theta,3.010474511980279
15,vs_s,2,Theta,4.3263560211416685
15,vs_s,3,Theta,3.7821337723159894
15,vs_s,4,Theta,3.9801067229013833
15,vs_s,5,Theta,2.727907661410837
15,vs_s,6,Theta,4.752420360892657
15,vs_s,7,Theta,5.380421556833561
15,vs_s,8,Theta,1.4805520068455935
15,vs_s,9,Theta,1.6446422756805639
15,vs_s,10,Theta,2.6440084201847998
15,vs_s,11,Theta,3.0859126999116704
15,vs_s,12,Theta,2.8740336429389797
15,vs_s,13,Theta,1.6173641336064306
15,vs_s,14,Theta,1.9725729481077545
15,vs_s,15,Theta,0.8260302879087622
15,vs_s,16,Theta,4.330695993929808
15,vs_s,17,Theta,4.203845071547274
15,vs_s,18,Theta,1.6181388435701942
15,vs_s,19,Theta,3.432365312699191
15,vs_s,20,Theta,3.4176273684873237
15,vs_s,21,Theta,4.964140582041489
15,vs_s,22,Theta,3.847012699344973
15,vs_s,23,Theta,2.7254452375607325
15,vs_s,24,Theta,3.028689225869862
15,vs_s,25,Theta,1.286550265194417
15,vs_s,26,Theta,6.138758973633247
15,vs_s,27,Theta,1.886669408111839
15,vs_s,28,Theta,1.3044950479385113
15,vs_s,29,Theta,1.9442983257109894
15,vs_s,30,Theta,0.7655201797388573
15,vs_s,31,Theta,2.521635767172695
15,vs_s,32,Theta,1.644754943097238
15,vs_s,33,Theta,0.5770073921017532
15,vs_s,34,Theta,3.5651261955591633
15,vs_s,35,Theta,5.871400805224197
15,vs_s,36,Theta,0.9573220234089633
15,vs_s,37,Theta,1.7018887823835072
15,vs_s,38,Theta,3.146282740077829
15,vs_s,39,Theta,3.867793484759654
15,vs_s,40,Theta,2.5225392362803722
15,vs_s,41,Theta,1.237446858604837
15,vs_s,42,Theta,5.3806879023286935
15,vs_s,43,Theta,3.8851135860065034
15,vs_s,44,Theta,3.459671764942917
15,vs_s,45,Theta,5.222846480977642
15,vs_s,46,Theta,3.254857395637884
15,vs_s,47,Theta,3.337514988724159
15,vs_s,48,Theta,3.0268567243974216
15,vs_s,49,Theta,2.6220500291211373
15,vs_s,50,Theta,2.857844011620499
15,vs_s,51,Theta,3.3821546369008755
15,vs_s,52,Theta,5.403241464856619
15,vs_s,53,Theta,3.2943707090319796
15,vs_s,54,Theta,1.2235296075760855
15,vs_s,55,Theta,2.3082136397016417
15,vs_s,56,Theta,4.448947971688674
15,vs_s,57,Theta,5.578105943370548
15,vs_s,58,Theta,3.8204014641867996
15,vs_s,59,Theta,3.5885364793150023
15,vs_s,60,Theta,1.8653741257255194
15,vs_s,1,Alpha,2.737732555461215
15,vs_s,2,Alpha,4.242589288833235
15,vs_s,3,Alpha,5.30592385077605
15,vs_s,4,Alpha,4.090393171925619
15,vs_s,5,Alpha,4.044360746526465
15,vs_s,6,Alpha,2.753149694518743
15,vs_s,7,Alpha,4.9601907043647895
15,vs_s,8,Alpha,0.2860333493232974
15,vs_s,9,Alpha,4.478792397614873
15,vs_s,10,Alpha,2.3966364610983892
15,vs_s,11,Alpha,4.260171732164769
15,vs_s,12,Alpha,4.484931866973127
15,vs_s,13,Alpha,1.9215565706142965
15,vs_s,14,Alpha,1.5352156483130117
15,vs_s,15,Alpha,5.092779861920134
15,vs_s,16,Alpha,4.704001395334391
15,vs_s,17,Alpha,3.952182495082767
15,vs_s,18,Alpha,5.815559353523945
15,vs_s,19,Alpha,5.864455920871214
15,vs_s,20,Alpha,6.147612970079806
15,vs_s,21,Alpha,4.569213739873937
15,vs_s,22,Alpha,4.0714072225693485
15,vs_s,23,Alpha,4.430065448431879
15,vs_s,24,Alpha,3.4895637880384753
15,vs_s,25,Alpha,1.784937852523698
15,vs_s,26,Alpha,5.506148919343775
15,vs_s,27,Alpha,1.578197522265446
15,vs_s,28,Alpha,5.420932517761411
15,vs_s,29,Alpha,2.898810678015861
15,vs_s,30,Alpha,4.892504740036143
15,vs_s,31,Alpha,3.2731372654675805
15,vs_s,32,Alpha,0.20212298872458212
15,vs_s,33,Alpha,1.2244270384125655
15,vs_s,34,Alpha,3.6996882594998737
15,vs_s,35,Alpha,0.09196504890339863
15,vs_s,36,Alpha,0.6899508530945493
15,vs_s,37,Alpha,1.6672283491899456
15,vs_s,38,Alpha,4.188345450152376
15,vs_s,39,Alpha,4.045625361323722
15,vs_s,40,Alpha,3.170107160103536
15,vs_s,41,Alpha,0.1536474309601399
15,vs_s,42,Alpha,4.354692142375272
15,vs_s,43,Alpha,3.2750877628116384
15,vs_s,44,Alpha,3.7575357098999875
15,vs_s,45,Alpha,5.227789513775802
15,vs_s,46,Alpha,0.5526954141551912
15,vs_s,47,Alpha,4.34560891476043
15,vs_s,48,Alpha,2.511454390965133
15,vs_s,49,Alpha,3.3737938522317856
15,vs_s,50,Alpha,4.307441697632234
15,vs_s,51,Alpha,4.992842295786609
15,vs_s,52,Alpha,4.361353745442777
15,vs_s,53,Alpha,3.5807946196879845
15,vs_s,54,Alpha,1.827421595199813
15,vs_s,55,Alpha,3.3371545720694886
15,vs_s,56,Alpha,3.138787595730248
15,vs_s,57,Alpha,1.0616213334663491
15,vs_s,58,Alpha,4.204747694720252
15,vs_s,59,Alpha,4.199151256886951
15,vs_s,60,Alpha,4.959264095130188
15,vs_s,1,Beta,1.26693936699575
15,vs_s,2,Beta,1.8453172029199523
15,vs_s,3,Beta,2.291243565214157
15,vs_s,4,Beta,3.706660667033673
15,vs_s,5,Beta,2.5648903027779015
15,vs_s,6,Beta,2.888591463183863
15,vs_s,7,Beta,1.2129655538871202
15,vs_s,8,Beta,4.642617202113235
15,vs_s,9,Beta,6.009482522261416
15,vs_s,10,Beta,6.241120241152522
15,vs_s,11,Beta,4.891455033142894
15,vs_s,12,Beta,4.448102328532666
15,vs_s,13,Beta,4.186636543434634
15,vs_s,14,Beta,6.014474687956849
15,vs_s,15,Beta,4.673658031281391
15,vs_s,16,Beta,4.386841680752612
15,vs_s,17,Beta,5.186279565768241
15,vs_s,18,Beta,5.16348281634049
15,vs_s,19,Beta,1.9088126221277664
15,vs_s,20,Beta,0.8304726927111832
15,vs_s,21,Beta,3.8973772032681464
15,vs_s,22,Beta,4.598094811222533
15,vs_s,23,Beta,2.8312149286025545
15,vs_s,24,Beta,0.4729186729503376
15,vs_s,25,Beta,4.059638975698656
15,vs_s,26,Beta,5.868695196804848
15,vs_s,27,Beta,2.5298481878693497
15,vs_s,28,Beta,4.331803733951721
15,vs_s,29,Beta,4.969280291183732
15,vs_s,30,Beta,3.9128039162947306
15,vs_s,31,Beta,3.515965018246673
15,vs_s,32,Beta,4.551948901588956
15,vs_s,33,Beta,1.442145078127176
15,vs_s,34,Beta,0.4796867743418199
15,vs_s,35,Beta,3.5078358924859696
15,vs_s,36,Beta,4.955210132922486
15,vs_s,37,Beta,0.02343992658816763
15,vs_s,38,Beta,4.748302247780357
15,vs_s,39,Beta,3.505269507292502
15,vs_s,40,Beta,1.91958352863602
15,vs_s,41,Beta,5.10492717667448
15,vs_s,42,Beta,4.004064692908559
15,vs_s,43,Beta,5.623962898298117
15,vs_s,44,Beta,5.85442900811974
15,vs_s,45,Beta,3.9591644937771377
15,vs_s,46,Beta,0.49043054149786297
15,vs_s,47,Beta,2.592201769708831
15,vs_s,48,Beta,0.4338838052478262
15,vs_s,49,Beta,1.8972675540900192
15,vs_s,50,Beta,5.968980882361546
15,vs_s,51,Beta,1.7775276567731684
15,vs_s,52,Beta,2.796758917790796
15,vs_s,53,Beta,4.05060013944737
15,vs_s,54,Beta,0.9856061520669555
15,vs_s,55,Beta,2.7552849213640633
15,vs_s,56,Beta,1.62544261213489
15,vs_s,57,Beta,0.2830647830782097
15,vs_s,58,Beta,4.403062456564647
15,vs_s,59,Beta,4.468550927277107
15,vs_s,60,Beta,2.4486327862297084
16,is_s,1,Delta,3.8550734996842437
16,is_s,2,Delta,5.473513842212326
16,is_s,3,Delta,0.2032228204874402
16,is_s,4,Delta,0.9733650152724795
16,is_s,5,Delta,0.501184873428437
16,is_s,6,Delta,1.5744050975718973
16,is_s,7,Delta,0.9767517765655535
16,is_s,8,Delta,0.4863187692067251
16,is_s,9,Delta,0.10248467102047408
16,is_s,10,Delta,4.904876154625178
16,is_s,11,Delta,0.06350724448083195
16,is_s,12,Delta,4.757554703322144
16,is_s,13,Delta,1.6258726352211055
16,is_s,14,Delta,4.974209792077433
16,is_s,15,Delta,2.1998623508973822
16,is_s,16,Delta,4.996916186904759
16,is_s,17,Delta,0.974121722826058
16,is_s,18,Delta,1.2504208047601595
16,is_s,19,Delta,0.8684380747467648
16,is_s,20,Delta,0.5819065933098576
16,is_s,21,Delta,1.8628179022346978
16,is_s,22,Delta,1.1710647108035719
16,is_s,23,Delta,1.3921046221379367
16,is_s,24,Delta,1.629125482178256
16,is_s,25,Delta,1.1554243068392365
16,is_s,26,Delta,5.84354218547011
16,is_s,27,Delta,5.862777401889136
16,is_s,28,Delta,0.9951511960097007
16,is_s,29,Delta,3.533806852751056
16,is_s,30,Delta,4.642292797911695
16,is_s,31,Delta,0.4473065793580499
16,is_s,32,Delta,0.8187797286088958
16,is_s,33,Delta,0.31442009884824934
16,is_s,34,Delta,5.273304684619825
16,is_s,35,Delta,0.6623078811789047
16,is_s,36,Delta,4.4847311452421605
16,is_s,37,Delta,1.1671520150164123
16,is_s,38,Delta,4.612977220365236
16,is_s,39,Delta,1.0328232874115266
16,is_s,40,Delta,0.44300468574963503
16,is_s,41,Delta,1.794658542506699
16,is_s,42,Delta,1.2189480415347793
16,is_s,43,Delta,5.00048953843202
16,is_s,44,Delta,1.187563553914281
16,is_s,45,Delta,0.8430481931912982
16,is_s,46,Delta,0.8352329050236555
16,is_s,47,Delta,4.792538341133187
16,is_s,48,Delta,1.0433129969420203
16,is_s,49,Delta,1.365136358479183
16,is_s,50,Delta,1.7269494614904355
16,is_s,51,Delta,0.10033687940859262
16,is_s,52,Delta,6.141836044987271
16,is_s,53,Delta,5.41396855104045
16,is_s,55,Delta,0.7475392331691678
16,is_s,56,Delta,0.3218922943205237
16,is_s,57,Delta,1.2433672244233345
16,is_s,58,Delta,1.347607607605346
16,is_s,60,Delta,6.003743780742437
16,is_s,1,Theta,3.143199223750297
16,is_s,2,Theta,6.106552456310848
16,is_s,3,Theta,2.026664611706871
16,is_s,4,Theta,1.72690833874286
16,is_s,5,Theta,1.5125092376343532
16,is_s,6,Theta,0.9278354198198915
16,is_s,7,Theta,1.2340171466501633
16,is_s,8,Theta,5.735581744131059
16,is_s,9,Theta,0.28559396146262755
16,is_s,10,Theta,4.722534934666777
16,is_s,11,Theta,5.018940712899175
16,is_s,12,Theta,4.4667710155842535
16,is_s,13,Theta,2.652404341830925
16,is_s,14,Theta,0.42795324652471206
16,is_s,15,Theta,1.1162110454545984
16,is_s,16,Theta,5.172402105959829
16,is_s,17,Theta,0.8682707537870467
16,is_s,18,Theta,2.1008276996187747
16,is_s,19,Theta,1.658429655362718
16,is_s,20,Theta,1.155008862710347
16,is_s,21,Theta,1.4909083201328013
16,is_s,22,Theta,2.0990251957418606
16,is_s,23,Theta,5.2833650811333595
16,is_s,24,Theta,2.047156839329038
16,is_s,25,Theta,1.8970720185056207
16,is_s,26,Theta,4.838325591448643
16,is_s,27,Theta,5.383860092046975
16,is_s,28,Theta,1.044576994664468
16,is_s,29,Theta,2.0978881883894314
16,is_s,30,Theta,4.817971403139784
16,is_s,31,Theta,0.8889068461735686
16,is_s,32,Theta,1.7009805554211948
16,is_s,33,Theta,0.6369351970158177
16,is_s,34,Theta,1.8483402353425014
16,is_s,35,Theta,5.917121886909282
16,is_s,36,Theta,3.5399448262119946
16,is_s,37,Theta,2.7189503547351723
16,is_s,38,Theta,2.7138456324328235
16,is_s,39,Theta,1.5771665394840426
16,is_s,40,Theta,0.3707553303106756
16,is_s,41,Theta,2.412922480881684
16,is_s,42,Theta,0.9883550779478252
16,is_s,43,Theta,1.4364600019378941
16,is_s,44,Theta,2.1816193447831758
16,is_s,45,Theta,1.0357615748060875
16,is_s,46,Theta,1.6945123768047596
16,is_s,47,Theta,3.3626611022489468
16,is_s,48,Theta,0.564304773316076
16,is_s,49,Theta,2.4489536051657925
16,is_s,50,Theta,2.8773684380530256
16,is_s,51,Theta,0.35950070497907555
16,is_s,52,Theta,5.759404036174138
16,is_s,53,Theta,0.46824616281411263
16,is_s,55,Theta,0.8268436586614135
16,is_s,56,Theta,0.9317723907719061
16,is_s,57,Theta,0.9544492075241318
16,is_s,58,Theta,1.6215788665335669
16,is_s,60,Theta,1.1703343562946882
16,is_s,1,Alpha,3.536796928786341
16,is_s,2,Alpha,2.1044824681545817
16,is_s,3,Alpha,4.785180761520074
16,is_s,4,Alpha,3.474072788989563
16,is_s,5,Alpha,2.211889003374287
16,is_s,6,Alpha,0.15971695863226232
16,is_s,7,Alpha,2.3190639871190415
16,is_s,8,Alpha,2.975584687561856
16,is_s,9,Alpha,4.124783479991528
16,is_s,10,Alpha,4.358264580026514
16,is_s,11,Alpha,0.7873034879521457
16,is_s,12,Alpha,4.126449913164608
16,is_s,13,Alpha,3.0180288200461423
16,is_s,14,Alpha,3.2031963272633606
16,is_s,15,Alpha,5.505174291931371
16,is_s,16,Alpha,6.247736063227478
16,is_s,17,Alpha,5.923994724640999
16,is_s,18,Alpha,1.7334215455931976
16,is_s,19,Alpha,2.695353848032608
16,is_s,20,Alpha,1.0792319338068739
16,is_s,21,Alpha,1.501928441363089
16,is_s,22,Alpha,2.4243745811587307
16,is_s,23,Alpha,4.940051001200903
16,is_s,24,Alpha,2.588536057263805
16,is_s,25,Alpha,2.612753125759419
16,is_s,26,Alpha,3.9694392631935784
16,is_s,27,Alpha,4.415967962450242
16,is_s,28,Alpha,1.8790550189874007
16,is_s,29,Alpha,1.7859036535946469
16,is_s,30,Alpha,0.3797099782275772
16,is_s,31,Alpha,1.6886306241432303
16,is_s,32,Alpha,2.0252862490016437
16,is_s,33,Alpha,0.6226459711147236
16,is_s,34,Alpha,2.91791516086714
16,is_s,35,Alpha,0.5682317920962692
16,is_s,36,Alpha,0.4868643034765874
16,is_s,37,Alpha,0.8219490778638097
16,is_s,38,Alpha,2.785150390330117
16,is_s,39,Alpha,2.274577160671845
16,is_s,40,Alpha,1.9161841427464466
16,is_s,41,Alpha,2.700060613260655
16,is_s,42,Alpha,0.005451436234811041
16,is_s,43,Alpha,2.0804814338590645
16,is_s,44,Alpha,1.2101774692498626
16,is_s,45,Alpha,4.894276515437391
16,is_s,46,Alpha,3.3829303284771846
16,is_s,47,Alpha,3.0453694442605252
16,is_s,48,Alpha,1.0865032971994961
16,is_s,49,Alpha,2.6937314526239344
16,is_s,50,Alpha,4.246961050277885
16,is_s,51,Alpha,3.5527833680092926
16,is_s,52,Alpha,2.1722347274041476
16,is_s,53,Alpha,4.911861316588792
16,is_s,55,Alpha,1.3497177609399083
16,is_s,56,Alpha,1.9343646461052253
16,is_s,57,Alpha,0.14375645289265937
16,is_s,58,Alpha,2.1630230904029832
16,is_s,60,Alpha,2.5179057092922013
16,is_s,1,Beta,4.348427479904188
16,is_s,2,Beta,1.5420889803644597
16,is_s,3,Beta,1.230767825712306
16,is_s,4,Beta,3.5454494619749743
16,is_s,5,Beta,2.3649043384692883
16,is_s,6,Beta,3.6304112104109927
16,is_s,7,Beta,0.083744451232342
16,is_s,8,Beta,2.359627642430651
16,is_s,9,Beta,0.0024171917698995672
16,is_s,10,Beta,1.342176709140392
16,is_s,11,Beta,1.2424604137742938
16,is_s,12,Beta,2.0953342678753266
16,is_s,13,Beta,3.563244145161034
16,is_s,14,Beta,4.092900541867454
16,is_s,15,Beta,5.1271567340814315
16,is_s,16,Beta,6.085124238640763
16,is_s,17,Beta,4.59265396308716
16,is_s,18,Beta,1.3603883490177402
16,is_s,19,Beta,2.975764098285045
16,is_s,20,Beta,1.111362666067275
16,is_s,21,Beta,4.441487181451286
16,is_s,22,Beta,1.4578833877481598
16,is_s,23,Beta,0.0325271043600159
16,is_s,24,Beta,1.9318243181638715
16,is_s,25,Beta,3.8694451200794058
16,is_s,26,Beta,4.766460722228093
16,is_s,27,Beta,0.29573991110943126
16,is_s,28,Beta,3.163394141502205
16,is_s,29,Beta,1.0722825864934113
16,is_s,30,Beta,1.6250804869032704
16,is_s,31,Beta,2.499210915854728
16,is_s,32,Beta,1.4843700731925917
16,is_s,33,Beta,3.1520761235785923
16,is_s,34,Beta,1.2326597217562236
16,is_s,35,Beta,3.168134004986219
16,is_s,36,Beta,0.34659968448796424
16,is_s,37,Beta,1.5920885571441439
16,is_s,38,Beta,4.889320038673217
16,is_s,39,Beta,3.109335463057619
16,is_s,40,Beta,2.7743554646404767
16,is_s,41,Beta,4.019309308526903
16,is_s,42,Beta,4.839010769036579
16,is_s,43,Beta,2.42198972045145
16,is_s,44,Beta,1.2825327212074311
16,is_s,45,Beta,4.463016497216476
16,is_s,46,Beta,2.100635141929084
16,is_s,47,Beta,2.679465106564893
16,is_s,48,Beta,0.8578233422959827
16,is_s,49,Beta,3.540620919795637
16,is_s,50,Beta,4.299932859302381
16,is_s,51,Beta,4.496322529929446
16,is_s,52,Beta,5.960353535226871
16,is_s,53,Beta,4.088034422669345
16,is_s,55,Beta,3.484017753807817
16,is_s,56,Beta,4.354994086310391
16,is_s,57,Beta,0.7579500240033661
16,is_s,58,Beta,4.778489597895662
16,is_s,60,Beta,3.044473537862525
16,vs_s,1,Delta,0.6491890739110088
16,vs_s,2,Delta,6.23573129519582
16,vs_s,3,Delta,4.6257340629266
16,vs_s,4,Delta,1.4011011461252092
16,vs_s,5,Delta,1.2651719769174359
16,vs_s,6,Delta,0.5119287835814631
16,vs_s,7,Delta,5.596034396103324
16,vs_s,8,Delta,1.9342600720458862
16,vs_s,9,Delta,0.7106760551296369
16,vs_s,10,Delta,0.5600647940752178
16,vs_s,11,Delta,0.4359369446730546
16,vs_s,12,Delta,4.751125649160166
16,vs_s,13,Delta,0.9163515866890027
16,vs_s,14,Delta,4.010374925819099
16,vs_s,15,Delta,0.3239506682088571
16,vs_s,16,Delta,1.1449350630016888
16,vs_s,17,Delta,0.5017751815238909
16,vs_s,18,Delta,4.871408587902476
16,vs_s,19,Delta,1.9731513811916275
16,vs_s,20,Delta,1.5326291127505731
16,vs_s,21,Delta,5.24425661564186
16,vs_s,22,Delta,2.0592395327131667
16,vs_s,23,Delta,4.0376403443474125
16,vs_s,24,Delta,5.170492754176044
16,vs_s,25,Delta,4.658590453424171
16,vs_s,26,Delta,2.01157478712505
16,vs_s,27,Delta,1.5628615210514363
16,vs_s,28,Delta,5.121223770079268
16,vs_s,29,Delta,1.3609906556592044
16,vs_s,30,Delta,0.8722709322029095
16,vs_s,31,Delta,1.7836171404566643
16,vs_s,32,Delta,1.3454429509908357
16,vs_s,33,Delta,1.7817452669268377
16,vs_s,34,Delta,5.282569583907711
16,vs_s,35,Delta,0.524378192638113
16,vs_s,36,Delta,2.49594877717569
16,vs_s,37,Delta,5.0018934164039806
16,vs_s,38,Delta,1.3672788043894955
16,vs_s,39,Delta,1.8380970987364293
16,vs_s,40,Delta,5.511975579228973
16,vs_s,41,Delta,4.922961969471632
16,vs_s,42,Delta,0.4925018763369276
16,vs_s,43,Delta,1.303213591234466
16,vs_s,44,Delta,0.41053266230689495
16,vs_s,45,Delta,5.407762788419019
16,vs_s,46,Delta,1.9245114116036832
16,vs_s,47,Delta,0.4175891420454829
16,vs_s,48,Delta,1.209239926380862
16,vs_s,49,Delta,2.1212263678298435
16,vs_s,51,Delta,1.2288557846262385
16,vs_s,52,Delta,4.5477862392272606
16,vs_s,53,Delta,1.1260432437451062
16,vs_s,54,Delta,1.5571137679655174
16,vs_s,55,Delta,2.0910307990336285
16,vs_s,56,Delta,0.9536335745886213
16,vs_s,57,Delta,0.9906781590282822
16,vs_s,58,Delta,4.895441722523841
16,vs_s,59,Delta,0.45261759866920265
16,vs_s,60,Delta,1.0157725002992617
16,vs_s,1,Theta,0.3687768652376934
16,vs_s,2,Theta,1.9699363970371404
16,vs_s,3,Theta,5.163857467443075
16,vs_s,4,Theta,3.0559039963636456
16,vs_s,5,Theta,1.6854619105295383
16,vs_s,6,Theta,0.9412723888297927
16,vs_s,7,Theta,0.0005110727789910479
16,vs_s,8,Theta,2.777874909943436
16,vs_s,9,Theta,1.3484026841900143
16,vs_s,10,Theta,1.384986407534874
16,vs_s,11,Theta,6.116155919546138
16,vs_s,12,Theta,3.9104844450315683
16,vs_s,13,Theta,3.308515814227375
16,vs_s,14,Theta,2.5335238622274914
16,vs_s,15,Theta,0.148193649789456
16,vs_s,16,Theta,0.5463394186739594
16,vs_s,17,Theta,5.13536867409476
16,vs_s,18,Theta,4.003063011696623
16,vs_s,19,Theta,1.6916169729315746
16,vs_s,20,Theta,3.9155285903285755
16,vs_s,21,Theta,6.223740507033615
16,vs_s,22,Theta,2.9114962530728654
16,vs_s,23,Theta,3.135645398600036
16,vs_s,24,Theta,4.86624781962039
16,vs_s,25,Theta,2.4862141626052368
16,vs_s,26,Theta,2.3900427164843006
16,vs_s,27,Theta,2.6562204634772315
16,vs_s,28,Theta,4.342431318521369
16,vs_s,29,Theta,1.4753346602522033
16,vs_s,30,Theta,0.9867389676172142
16,vs_s,31,Theta,1.8061503602678786
16,vs_s,32,Theta,1.5571004211322736
16,vs_s,33,Theta,2.7269051815991694
16,vs_s,34,Theta,1.0538818440284599
16,vs_s,35,Theta,0.7718424399913951
16,vs_s,36,Theta,2.4862237400705314
16,vs_s,37,Theta,0.031293863191163625
16,vs_s,38,Theta,1.3564498201304058
16,vs_s,39,Theta,1.6747781915144653
16,vs_s,40,Theta,0.2223862013530968
16,vs_s,41,Theta,2.792038399303157
16,vs_s,42,Theta,1.3469761284093575
16,vs_s,43,Theta,2.5607351168484196
16,vs_s,44,Theta,5.1577084604722545
16,vs_s,45,Theta,0.6080879392043429
16,vs_s,46,Theta,3.67347682330074
16,vs_s,47,Theta,0.3860153110988608
16,vs_s,48,Theta,1.8207267071369706
16,vs_s,49,Theta,3.3461580271531255
16,vs_s,51,Theta,2.3611130993255984
16,vs_s,52,Theta,4.004899550330117
16,vs_s,53,Theta,0.14038129529962756
16,vs_s,54,Theta,2.537406500285048
16,vs_s,55,Theta,2.8932014467498153
16,vs_s,56,Theta,1.5168879733585776
16,vs_s,57,Theta,0.4601021219909997
16,vs_s,58,Theta,4.61810391843238
16,vs_s,59,Theta,0.8703483372705864
16,vs_s,60,Theta,1.580667780799616
16,vs_s,1,Alpha,3.4124998869916556
16,vs_s,2,Alpha,2.5785865190360773
16,vs_s,3,Alpha,5.45702397796652
16,vs_s,4,Alpha,3.190753706034503
16,vs_s,5,Alpha,2.3712334566441045
16,vs_s,6,Alpha,3.554955014469319
16,vs_s,7,Alpha,0.4512185209757147
16,vs_s,8,Alpha,3.441135357761318
16,vs_s,9,Alpha,5.580790600140606
16,vs_s,10,Alpha,1.7786357832233681
16,vs_s,11,Alpha,5.310529424508951
16,vs_s,12,Alpha,3.2666772773559596
16,vs_s,13,Alpha,5.103666148977037
16,vs_s,14,Alpha,2.878482107681997
16,vs_s,15,Alpha,3.3093336835176888
16,vs_s,16,Alpha,5.8054563116296105
16,vs_s,17,Alpha,3.8677767123938165
16,vs_s,18,Alpha,2.0637562576086688
16,vs_s,19,Alpha,2.044404487663325
16,vs_s,20,Alpha,4.355376500830573
16,vs_s,21,Alpha,3.5671645257583005
16,vs_s,22,Alpha,3.330773149693645
16,vs_s,23,Alpha,3.115803896892369
16,vs_s,24,Alpha,4.501290628675756
16,vs_s,25,Alpha,2.8958502177178387
16,vs_s,26,Alpha,2.299042087218709
16,vs_s,27,Alpha,3.2654281011322612
16,vs_s,28,Alpha,3.81828537054629
16,vs_s,29,Alpha,2.8945914686602796
16,vs_s,30,Alpha,2.291079447850439
16,vs_s,31,Alpha,1.8911501405956415
16,vs_s,32,Alpha,3.054629025347776
16,vs_s,33,Alpha,3.960514944648345
16,vs_s,34,Alpha,1.9942472637947688
16,vs_s,35,Alpha,1.117847651259888
16,vs_s,36,Alpha,2.179564533367662
16,vs_s,37,Alpha,3.235331728960188
16,vs_s,38,Alpha,5.30822579861177
16,vs_s,39,Alpha,1.711687473323369
16,vs_s,40,Alpha,0.6609382282740849
16,vs_s,41,Alpha,4.394466201755175
16,vs_s,42,Alpha,2.8103684837593246
16,vs_s,43,Alpha,2.7402073923056367
16,vs_s,44,Alpha,3.0892375976319233
16,vs_s,45,Alpha,5.4179561637980305
16,vs_s,46,Alpha,2.638692263466889
16,vs_s,47,Alpha,2.7413892633071764
16,vs_s,48,Alpha,2.012890680984873
16,vs_s,49,Alpha,3.4157514574962984
16,vs_s,51,Alpha,3.1092484415426753
16,vs_s,52,Alpha,3.9974138030389956
16,vs_s,53,Alpha,6.0755758000757085
16,vs_s,54,Alpha,2.6000938930498934
16,vs_s,55,Alpha,3.1062955982666245
16,vs_s,56,Alpha,1.4432423347920647
16,vs_s,57,Alpha,4.770371050329535
16,vs_s,58,Alpha,3.519770270594754
16,vs_s,59,Alpha,5.742573931771875
16,vs_s,60,Alpha,1.4486291092433257
16,vs_s,1,Beta,2.4757457543498167
16,vs_s,2,Beta,5.301720372239107
16,vs_s,3,Beta,3.2826361699774047
16,vs_s,4,Beta,5.609625469176137
16,vs_s,5,Beta,4.027279888511744
16,vs_s,6,Beta,5.883172567802872
16,vs_s,7,Beta,0.77633912703763
16,vs_s,8,Beta,6.27199843260918
16,vs_s,9,Beta,3.553327897033405
16,vs_s,10,Beta,0.5547618265332255
16,vs_s,11,Beta,4.967027109958734
16,vs_s,12,Beta,2.516350527824083
16,vs_s,13,Beta,1.0285198177053607
16,vs_s,14,Beta,4.49253524828691
16,vs_s,15,Beta,1.415088990956884
16,vs_s,16,Beta,4.826262199335824
16,vs_s,17,Beta,1.3658122784845699
16,vs_s,18,Beta,2.055581364270844
16,vs_s,19,Beta,3.065858765400774
16,vs_s,20,Beta,6.269278521935659
16,vs_s,21,Beta,4.441627561898995
16,vs_s,22,Beta,1.8448338505991475
16,vs_s,23,Beta,6.061931684512884
16,vs_s,24,Beta,5.4420203412743975
16,vs_s,25,Beta,4.071340865348337
16,vs_s,26,Beta,1.9143652742735446
16,vs_s,27,Beta,3.386936233227302
16,vs_s,28,Beta,1.2553910089531073
16,vs_s,29,Beta,3.0645454375577534
16,vs_s,30,Beta,0.5990087693785445
16,vs_s,31,Beta,5.629656834409119
16,vs_s,32,Beta,2.848732667290226
16,vs_s,33,Beta,5.058726736506208
16,vs_s,34,Beta,1.1333727814225507
16,vs_s,35,Beta,2.547794004592269
16,vs_s,36,Beta,0.3008272473866812
16,vs_s,37,Beta,4.155108916119226
16,vs_s,38,Beta,5.87553777974313
16,vs_s,39,Beta,2.0867376439312477
16,vs_s,40,Beta,4.871126711020322
16,vs_s,41,Beta,4.975044749543248
16,vs_s,42,Beta,5.950408891861937
16,vs_s,43,Beta,1.4069587640012426
16,vs_s,44,Beta,4.324487129240062
16,vs_s,45,Beta,5.511518782432098
16,vs_s,46,Beta,1.6267312642022733
16,vs_s,47,Beta,0.2019082105745807
16,vs_s,48,Beta,1.112296472650838
16,vs_s,49,Beta,1.4658676896010128
16,vs_s,51,Beta,5.25629030892361
16,vs_s,52,Beta,5.20981257087186
16,vs_s,53,Beta,5.22898007886287
16,vs_s,54,Beta,3.4174085307070223
16,vs_s,55,Beta,5.6718047601565225
16,vs_s,56,Beta,4.436593846387603
16,vs_s,57,Beta,6.224925774124641
16,vs_s,58,Beta,3.0394476663490337
16,vs_s,59,Beta,6.223628213642271
16,vs_s,60,Beta,1.4781629703142487
17,is_s,1,Delta,1.8928397720385015
17,is_s,2,Delta,1.8303145411218253
17,is_s,3,Delta,5.403288930444635
17,is_s,4,Delta,3.4202846832616305
17,is_s,5,Delta,2.985895999432503
17,is_s,6,Delta,4.08009164112842
17,is_s,7,Delta,2.321319596534422
17,is_s,9,Delta,2.316656099132997
17,is_s,10,Delta,3.6912621895748416
17,is_s,11,Delta,2.1391160620067575
17,is_s,12,Delta,0.7307468699920732
17,is_s,13,Delta,1.1329738164967207
17,is_s,14,Delta,0.8793573025282186
17,is_s,15,Delta,1.6341904332558783
17,is_s,16,Delta,4.892676177352679
17,is_s,17,Delta,4.74459948506598
17,is_s,18,Delta,1.883957839645096
17,is_s,19,Delta,4.189737171019347
17,is_s,20,Delta,2.2203238989009457
17,is_s,21,Delta,2.1615770471707534
17,is_s,22,Delta,4.333510139086281
17,is_s,23,Delta,0.043355982331598195
17,is_s,24,Delta,1.8955667492279675
17,is_s,25,Delta,0.31079467702390723
17,is_s,26,Delta,1.8153230074248439
17,is_s,27,Delta,1.5676645794142938
17,is_s,28,Delta,5.465772965093269
17,is_s,29,Delta,1.451575872370282
17,is_s,30,Delta,1.970187591399116
17,is_s,31,Delta,3.096997478169223
17,is_s,32,Delta,1.3066566610885004
17,is_s,33,Delta,1.6169985302635301
17,is_s,34,Delta,1.1392068867071448
17,is_s,35,Delta,2.122325229135915
17,is_s,36,Delta,1.4602846722882739
17,is_s,37,Delta,1.8193080114255924
17,is_s,38,Delta,1.9079564267631324
17,is_s,39,Delta,2.0133284890219336
17,is_s,40,Delta,4.596196485694609
17,is_s,41,Delta,1.7974256624884823
17,is_s,42,Delta,1.5364533104405034
17,is_s,43,Delta,2.371678680984254
17,is_s,44,Delta,2.0162279647149357
17,is_s,45,Delta,1.7793609814579092
17,is_s,46,Delta,4.649847990614861
17,is_s,47,Delta,1.5988505564199529
17,is_s,48,Delta,2.0163634874211334
17,is_s,49,Delta,1.4168780586392697
17,is_s,50,Delta,1.6501572586817101
17,is_s,51,Delta,4.981600210936999
17,is_s,52,Delta,2.432916768427452
17,is_s,53,Delta,3.005851167243438
17,is_s,54,Delta,2.738553082610103
17,is_s,55,Delta,1.6055161693335804
17,is_s,56,Delta,2.458221862037733
17,is_s,57,Delta,2.2136977921591794
17,is_s,58,Delta,1.200794889148629
17,is_s,59,Delta,2.7103112471656208
17,is_s,60,Delta,3.4350000568386085
17,is_s,1,Theta,3.083589205435663
17,is_s,2,Theta,2.4558099415235044
17,is_s,3,Theta,2.582067738473868
17,is_s,4,Theta,3.8922620885019885
17,is_s,5,Theta,2.8326096821051348
17,is_s,6,Theta,4.492683788555927
17,is_s,7,Theta,2.4644004703511593
17,is_s,9,Theta,3.010105307886517
17,is_s,10,Theta,4.032161790335206
17,is_s,11,Theta,2.807440125997118
17,is_s,12,Theta,1.406462976465166
17,is_s,13,Theta,0.4873744943414294
17,is_s,14,Theta,5.97310535975979
17,is_s,15,Theta,2.24622813353167
17,is_s,16,Theta,5.881076370527925
17,is_s,17,Theta,2.0666204324367206
17,is_s,18,Theta,2.105157752913955
17,is_s,19,Theta,2.8206745776823405
17,is_s,20,Theta,3.0804153906554816
17,is_s,21,Theta,1.0167886046036974
17,is_s,22,Theta,4.714292132087074
17,is_s,23,Theta,5.752244458338273
17,is_s,24,Theta,2.305412747573312
17,is_s,25,Theta,0.08146744841351398
17,is_s,26,Theta,1.8234444450364342
17,is_s,27,Theta,1.024468420442736
17,is_s,28,Theta,4.189003122806367
17,is_s,29,Theta,1.06209570904194
17,is_s,30,Theta,4.24347281316374
17,is_s,31,Theta,2.0784189085652334
17,is_s,32,Theta,1.6856772874804908
17,is_s,33,Theta,1.5681319549038077
17,is_s,34,Theta,1.5170766678877594
17,is_s,35,Theta,2.6772345164980345
17,is_s,36,Theta,1.752451752419466
17,is_s,37,Theta,2.5715981531846555
17,is_s,38,Theta,2.973760616579535
17,is_s,39,Theta,3.0235636672261954
17,is_s,40,Theta,3.249362086132227
17,is_s,41,Theta,1.5461769871205706
17,is_s,42,Theta,2.2248614926331944
17,is_s,43,Theta,0.29395080283525143
17,is_s,44,Theta,2.3820244283730707
17,is_s,45,Theta,1.8610996111608573
17,is_s,46,Theta,2.028424698440476
17,is_s,47,Theta,1.3796678323751783
17,is_s,48,Theta,2.9306811636184733
17,is_s,49,Theta,3.8173100655348455
17,is_s,50,Theta,1.5987220200110914
17,is_s,51,Theta,5.022646210057645
17,is_s,52,Theta,2.3590840302454783
17,is_s,53,Theta,3.4449863464738404
17,is_s,54,Theta,2.951905973076676
17,is_s,55,Theta,1.7719264533161543
17,is_s,56,Theta,2.292145553410962
17,is_s,57,Theta,2.319568428172837
17,is_s,58,Theta,4.892365255125743
17,is_s,59,Theta,2.680538295451233
17,is_s,60,Theta,3.195692353188921
17,is_s,1,Alpha,0.40472516597635283
17,is_s,2,Alpha,3.5531940719213924
17,is_s,3,Alpha,2.128349149659032
17,is_s,4,Alpha,3.423173576335695
17,is_s,5,Alpha,4.928728333877626
17,is_s,6,Alpha,3.833778166358693
17,is_s,7,Alpha,5.933450279203853
17,is_s,9,Alpha,6.064131467201593
17,is_s,10,Alpha,4.02324255410919
17,is_s,11,Alpha,0.35927130302799826
17,is_s,12,Alpha,1.376881954175557
17,is_s,13,Alpha,6.193927103272147
17,is_s,14,Alpha,4.8971375141490405
17,is_s,15,Alpha,4.092659435597995
17,is_s,16,Alpha,0.4103344976164008
17,is_s,17,Alpha,2.5249630079634
17,is_s,18,Alpha,1.7266249171597179
17,is_s,19,Alpha,0.46379412495463646
17,is_s,20,Alpha,4.546338250323811
17,is_s,21,Alpha,1.2826503022818443
17,is_s,22,Alpha,5.1749477506600465
17,is_s,23,Alpha,4.9194234611877095
17,is_s,24,Alpha,3.8034131427622886
17,is_s,25,Alpha,6.058970393491734
17,is_s,26,Alpha,1.9726323148665348
17,is_s,27,Alpha,0.5842152585852624
17,is_s,28,Alpha,2.4562296764633764
17,is_s,29,Alpha,3.816155794506763
17,is_s,30,Alpha,5.593702196848767
17,is_s,31,Alpha,0.6541549322475689
17,is_s,32,Alpha,2.013610168665552
17,is_s,33,Alpha,0.9606961006984812
17,is_s,34,Alpha,2.169113084185508
17,is_s,35,Alpha,2.327076712214211
17,is_s,36,Alpha,1.5174336822137462
17,is_s,37,Alpha,1.9675797094599647
17,is_s,38,Alpha,4.469818819069185
17,is_s,39,Alpha,2.509441282360472
17,is_s,40,Alpha,2.199081341859566
17,is_s,41,Alpha,0.5979777341392872
17,is_s,42,Alpha,2.998650679561375
17,is_s,43,Alpha,0.5159291082244367
17,is_s,44,Alpha,2.4417843639308807
17,is_s,45,Alpha,1.2344280660317462
17,is_s,46,Alpha,1.5846631939298186
17,is_s,47,Alpha,1.3100490067139698
17,is_s,48,Alpha,4.0488660733967325
17,is_s,49,Alpha,5.7869211411043
17,is_s,50,Alpha,2.176106614860442
17,is_s,51,Alpha,5.027729651706425
17,is_s,52,Alpha,1.7566030729181281
17,is_s,53,Alpha,3.474534559915156
17,is_s,54,Alpha,2.1904160537398076
17,is_s,55,Alpha,1.7655958711915003
17,is_s,56,Alpha,1.9109708089360624
17,is_s,57,Alpha,2.502860312232234
17,is_s,58,Alpha,4.816731161594215
17,is_s,59,Alpha,2.003521640103646
17,is_s,60,Alpha,0.8946419188202149
17,is_s,1,Beta,4.370488467183823
17,is_s,2,Beta,1.769331273466863
17,is_s,3,Beta,0.5205426751325711
17,is_s,4,Beta,3.093573483097944
17,is_s,5,Beta,1.1543172540782127
17,is_s,6,Beta,3.176599012333146
17,is_s,7,Beta,0.5113988787757945
17,is_s,9,Beta,1.656550517851561
17,is_s,10,Beta,1.0790397400814196
17,is_s,11,Beta,1.9557778949173326
17,is_s,12,Beta,1.2378799967974714
17,is_s,13,Beta,0.054325129715943846
17,is_s,14,Beta,3.84564533569437
17,is_s,15,Beta,4.802341188066717
17,is_s,16,Beta,2.9740993054585885
17,is_s,17,Beta,4.742344279301797
17,is_s,18,Beta,1.0477671108726798
17,is_s,19,Beta,5.894767229315034
17,is_s,20,Beta,5.677032819092701
17,is_s,21,Beta,1.466989347544432
17,is_s,22,Beta,2.236590543629374
17,is_s,23,Beta,4.455230579682792
17,is_s,24,Beta,0.11428773431341323
17,is_s,25,Beta,0.03557149919337213
17,is_s,26,Beta,3.3028773531640825
17,is_s,27,Beta,4.680758197635904
17,is_s,28,Beta,0.8834973718544342
17,is_s,29,Beta,4.208684221381786
17,is_s,30,Beta,2.189246416382831
17,is_s,31,Beta,1.3440896726952745
17,is_s,32,Beta,0.9068235523179592
17,is_s,33,Beta,3.71831565166604
17,is_s,34,Beta,0.8030547543243327
17,is_s,35,Beta,0.20279214480495664
17,is_s,36,Beta,5.8556347156909885
17,is_s,37,Beta,1.487485564951673
17,is_s,38,Beta,3.8625882682718062
17,is_s,39,Beta,1.3261640845337812
17,is_s,40,Beta,6.027193698532589
17,is_s,41,Beta,3.3596279975425354
17,is_s,42,Beta,4.069308221577117
17,is_s,43,Beta,3.9384304143734625
17,is_s,44,Beta,0.7227752383047313
17,is_s,45,Beta,5.621279305116946
17,is_s,46,Beta,4.224840695961229
17,is_s,47,Beta,3.3152896400798983
17,is_s,48,Beta,6.2053852425053355
17,is_s,49,Beta,2.990605801878437
17,is_s,50,Beta,1.901553362297324
17,is_s,51,Beta,3.7458244905668128
17,is_s,52,Beta,0.5785543198810017
17,is_s,53,Beta,3.1365269156775706
17,is_s,54,Beta,3.182386711851747
17,is_s,55,Beta,0.8301680604794961
17,is_s,56,Beta,0.9001459014771496
17,is_s,57,Beta,5.091100600647073
17,is_s,58,Beta,2.289651978796255
17,is_s,59,Beta,1.783882521201035
17,is_s,60,Beta,5.12626414185367
17,vs_s,1,Delta,4.9017082696614755
17,vs_s,2,Delta,4.264063269963182
17,vs_s,3,Delta,5.996473732176407
17,vs_s,4,Delta,1.8034408624052705
17,vs_s,5,Delta,4.659169795392969
17,vs_s,6,Delta,5.065516810548807
17,vs_s,7,Delta,4.263014289264737
17,vs_s,8,Delta,3.086304070049928
17,vs_s,9,Delta,1.8080573587372706
17,vs_s,10,Delta,0.3293781590392633
17,vs_s,11,Delta,5.518853103949275
17,vs_s,12,Delta,1.2285605956899914
17,vs_s,13,Delta,1.494257711034095
17,vs_s,14,Delta,2.031157551613597
17,vs_s,15,Delta,1.9140228935481731
17,vs_s,16,Delta,1.0433512071595898
17,vs_s,17,Delta,6.167874312844959
17,vs_s,18,Delta,1.7823153174221849
17,vs_s,19,Delta,3.703942598585094
17,vs_s,20,Delta,4.672237647788565
17,vs_s,21,Delta,6.0697354351098305
17,vs_s,22,Delta,2.6002486780098426
17,vs_s,23,Delta,1.454133936250168
17,vs_s,24,Delta,1.47290753604391
17,vs_s,25,Delta,2.107309248225873
17,vs_s,26,Delta,0.7930045736015995
17,vs_s,27,Delta,4.133810916260699
17,vs_s,28,Delta,0.4068740642338644
17,vs_s,29,Delta,1.7354894509366894
17,vs_s,30,Delta,4.188159444708944
17,vs_s,31,Delta,1.9049648740651721
17,vs_s,33,Delta,3.412012277528207
17,vs_s,34,Delta,4.979524618353608
17,vs_s,35,Delta,3.2256359411373685
17,vs_s,36,Delta,4.191807256540205
17,vs_s,37,Delta,0.42359693408955856
17,vs_s,38,Delta,1.7689804596022707
17,vs_s,39,Delta,2.1945028400313333
17,vs_s,40,Delta,3.1304937558030264
17,vs_s,41,Delta,6.028848512676737
17,vs_s,42,Delta,2.4800121411902802
17,vs_s,43,Delta,4.119007134953163
17,vs_s,44,Delta,1.7828216499383034
17,vs_s,45,Delta,4.452951739417916
17,vs_s,46,Delta,1.4023981125855258
17,vs_s,47,Delta,4.8855102090111195
17,vs_s,48,Delta,1.4549982885261326
17,vs_s,49,Delta,5.31630511019419
17,vs_s,50,Delta,1.2748140483880945
17,vs_s,51,Delta,1.926390718230223
17,vs_s,52,Delta,2.6841317952243977
17,vs_s,53,Delta,3.169340711890033
17,vs_s,54,Delta,1.9953503205066998
17,vs_s,55,Delta,1.43282379234296
17,vs_s,56,Delta,1.4714383148897217
17,vs_s,57,Delta,1.8396341181485387
17,vs_s,58,Delta,2.9880956216636076
17,vs_s,59,Delta,4.287948126057568
17,vs_s,60,Delta,5.213080345228871
17,vs_s,1,Theta,1.1654093870938553
17,vs_s,2,Theta,4.118399730352701
17,vs_s,3,Theta,3.5875858233422755
17,vs_s,4,Theta,1.306685842280216
17,vs_s,5,Theta,2.340539880704262
17,vs_s,6,Theta,3.758812438557538
17,vs_s,7,Theta,2.8035900131141784
17,vs_s,8,Theta,2.44045437719287
17,vs_s,9,Theta,1.9718616555217852
17,vs_s,10,Theta,0.9851194575860903
17,vs_s,11,Theta,4.661622394473568
17,vs_s,12,Theta,1.1300524266469918
17,vs_s,13,Theta,0.5488004031008071
17,vs_s,14,Theta,1.8088785947780164
17,vs_s,15,Theta,2.700645231723641
17,vs_s,16,Theta,0.9437955971705358
17,vs_s,17,Theta,1.008287182365994
17,vs_s,18,Theta,2.626102930946684
17,vs_s,19,Theta,3.3126798932455177
17,vs_s,20,Theta,4.103727943532409
17,vs_s,21,Theta,0.8265371434007169
17,vs_s,22,Theta,2.91144676364639
17,vs_s,23,Theta,1.900797796609164
17,vs_s,24,Theta,1.4797624229973347
17,vs_s,25,Theta,2.0993779288642234
17,vs_s,26,Theta,0.6963922926247279
17,vs_s,27,Theta,2.167805023711298
17,vs_s,28,Theta,5.697755194146929
17,vs_s,29,Theta,2.3674290525193675
17,vs_s,30,Theta,2.6345385897020877
17,vs_s,31,Theta,2.039007771610766
17,vs_s,33,Theta,2.95549995755278
17,vs_s,34,Theta,3.983138712721404
17,vs_s,35,Theta,2.754351093810714
17,vs_s,36,Theta,3.9447501778829057
17,vs_s,37,Theta,0.40075593163123363
17,vs_s,38,Theta,2.3084094749594697
17,vs_s,39,Theta,2.4706679899761315
17,vs_s,40,Theta,2.322915579625151
17,vs_s,41,Theta,6.068738431691777
17,vs_s,42,Theta,2.875532187687317
17,vs_s,43,Theta,2.2132250341012143
17,vs_s,44,Theta,5.053045124734412
17,vs_s,45,Theta,3.7510317148983394
17,vs_s,46,Theta,1.7053832659963875
17,vs_s,47,Theta,5.18131659248658
17,vs_s,48,Theta,0.5903917548526905
17,vs_s,49,Theta,6.170320588966986
17,vs_s,50,Theta,1.5746023897004477
17,vs_s,51,Theta,2.7275670111686057
17,vs_s,52,Theta,2.9759945507090726
17,vs_s,53,Theta,3.476829292917338
17,vs_s,54,Theta,1.885164891833329
17,vs_s,55,Theta,6.005912539863837
17,vs_s,56,Theta,1.8624013006361329
17,vs_s,57,Theta,2.1028169171188584
17,vs_s,58,Theta,2.723338805859485
17,vs_s,59,Theta,4.9006824544966525
17,vs_s,60,Theta,5.759658658402294
17,vs_s,1,Alpha,2.2265550769459486
17,vs_s,2,Alpha,4.227111803892848
17,vs_s,3,Alpha,4.823306144991687
17,vs_s,4,Alpha,4.20166235684006
17,vs_s,5,Alpha,2.9588120720228104
17,vs_s,6,Alpha,3.664814254939824
17,vs_s,7,Alpha,5.294495184518538
17,vs_s,8,Alpha,5.829361592284416
17,vs_s,9,Alpha,1.1296775086821087
17,vs_s,10,Alpha,2.5182446528731335
17,vs_s,11,Alpha,4.951027174265162
17,vs_s,12,Alpha,1.0378246658127257
17,vs_s,13,Alpha,5.877666830088379
17,vs_s,14,Alpha,0.22259977851179993
17,vs_s,15,Alpha,1.1856423548219157
17,vs_s,16,Alpha,0.9750260784551074
17,vs_s,17,Alpha,3.4090328101981053
17,vs_s,18,Alpha,0.5401394545985184
17,vs_s,19,Alpha,2.923937336250634
17,vs_s,20,Alpha,3.4495774592880823
17,vs_s,21,Alpha,0.42064132852490227
17,vs_s,22,Alpha,0.20381246489520857
17,vs_s,23,Alpha,1.0588679378920767
17,vs_s,24,Alpha,0.6501699158487252
17,vs_s,25,Alpha,2.000105549194219
17,vs_s,26,Alpha,0.6662117621222986
17,vs_s,27,Alpha,1.861492146728246
17,vs_s,28,Alpha,0.3070060375133889
17,vs_s,29,Alpha,2.5154853714207124
17,vs_s,30,Alpha,3.02076735801328
17,vs_s,31,Alpha,2.8265329488563977
17,vs_s,33,Alpha,2.005237222687831
17,vs_s,34,Alpha,3.1799012145034404
17,vs_s,35,Alpha,2.168659668696109
17,vs_s,36,Alpha,2.9585290556101795
17,vs_s,37,Alpha,1.1083296080607787
17,vs_s,38,Alpha,2.588368619127001
17,vs_s,39,Alpha,2.0983258338398167
17,vs_s,40,Alpha,2.248522860905535
17,vs_s,41,Alpha,1.9674887209075431
17,vs_s,42,Alpha,2.65710681314903
17,vs_s,43,Alpha,0.5761655572015429
17,vs_s,44,Alpha,1.3551191838812782
17,vs_s,45,Alpha,4.01286420257289
17,vs_s,46,Alpha,2.050558803446265
17,vs_s,47,Alpha,4.8593880752092895
17,vs_s,48,Alpha,6.186225032211913
17,vs_s,49,Alpha,3.3166326773124224
17,vs_s,50,Alpha,1.8491418836858968
17,vs_s,51,Alpha,2.704123311941081
17,vs_s,52,Alpha,3.7815712075605123
17,vs_s,53,Alpha,0.8570378681065577
17,vs_s,54,Alpha,0.10447461237942404
17,vs_s,55,Alpha,0.07375599790112121
17,vs_s,56,Alpha,3.0355669692367337
17,vs_s,57,Alpha,2.4368656504423187
17,vs_s,58,Alpha,1.3184347266570013
17,vs_s,59,Alpha,0.4692611259120265
17,vs_s,60,Alpha,4.157543903357919
17,vs_s,1,Beta,4.054660230135445
17,vs_s,2,Beta,4.793424153816257
17,vs_s,3,Beta,6.089589314450184
17,vs_s,4,Beta,1.2535909309760809
17,vs_s,5,Beta,3.431568218105432
17,vs_s,6,Beta,3.370842954757021
17,vs_s,7,Beta,4.608685171509514
17,vs_s,8,Beta,3.441328625330982
17,vs_s,9,Beta,3.2816301979199984
17,vs_s,10,Beta,4.803248615924206
17,vs_s,11,Beta,4.468755456843402
17,vs_s,12,Beta,2.120664731537739
17,vs_s,13,Beta,0.7780384014975348
17,vs_s,14,Beta,5.051714401853793
17,vs_s,15,Beta,4.684451626494054
17,vs_s,16,Beta,1.1057563351918034
17,vs_s,17,Beta,4.702104103576742
17,vs_s,18,Beta,0.00994257741008009
17,vs_s,19,Beta,2.5823232560203895
17,vs_s,20,Beta,3.6634141100808475
17,vs_s,21,Beta,1.0846676306253247
17,vs_s,22,Beta,1.1376332687930626
17,vs_s,23,Beta,1.5009325212496833
17,vs_s,24,Beta,5.10562688424289
17,vs_s,25,Beta,2.623962699428336
17,vs_s,26,Beta,5.487340598733153
17,vs_s,27,Beta,0.9370099164658396
17,vs_s,28,Beta,2.354011974262108
17,vs_s,29,Beta,3.8973122754906564
17,vs_s,30,Beta,3.6650339016482167
17,vs_s,31,Beta,4.767283488358343
17,vs_s,33,Beta,0.8585819756043093
17,vs_s,34,Beta,2.630540408932906
17,vs_s,35,Beta,1.2635285185735723
17,vs_s,36,Beta,3.6296896967134886
17,vs_s,37,Beta,2.7700085704057837
17,vs_s,38,Beta,6.272065230197847
17,vs_s,39,Beta,6.140907395677957
17,vs_s,40,Beta,2.637801037460961
17,vs_s,41,Beta,0.5897919569380929
17,vs_s,42,Beta,2.937199777179192
17,vs_s,43,Beta,2.703067983564019
17,vs_s,44,Beta,5.18947788593721
17,vs_s,45,Beta,4.603420637315311
17,vs_s,46,Beta,1.421096082586362
17,vs_s,47,Beta,6.173520067938708
17,vs_s,48,Beta,1.6219506216325306
17,vs_s,49,Beta,3.7501601603971433
17,vs_s,50,Beta,0.9568259211773432
17,vs_s,51,Beta,4.479159639587859
17,vs_s,52,Beta,3.9194778263262178
17,vs_s,53,Beta,5.144532202558724
17,vs_s,54,Beta,5.009745014840767
17,vs_s,55,Beta,5.546287762747034
17,vs_s,56,Beta,5.137061249012105
17,vs_s,57,Beta,2.965518402480298
17,vs_s,58,Beta,5.2864762337296085
17,vs_s,59,Beta,5.738961511076219
17,vs_s,60,Beta,5.9913148723518885
18,is_s,1,Delta,4.129201869435061
18,is_s,2,Delta,1.6508534268429125
18,is_s,3,Delta,2.929057773515239
18,is_s,4,Delta,1.3484076058275491
18,is_s,5,Delta,4.726744475664616
18,is_s,6,Delta,4.034768521639509
18,is_s,7,Delta,2.3730204028044835
18,is_s,8,Delta,1.9334492721349057
18,is_s,9,Delta,4.383901405337818
18,is_s,10,Delta,4.657007126506489
18,is_s,11,Delta,4.171425116490971
18,is_s,12,Delta,5.838059014631145
18,is_s,13,Delta,5.066785953868332
18,is_s,14,Delta,5.09063994782387
18,is_s,15,Delta,2.6585254863382812
18,is_s,16,Delta,4.625127320576898
18,is_s,17,Delta,4.8405052979052
18,is_s,18,Delta,3.866861809060771
18,is_s,19,Delta,2.2730607139786807
18,is_s,20,Delta,3.971431393252061
18,is_s,21,Delta,4.956920015186151
18,is_s,22,Delta,4.362295170587555
18,is_s,23,Delta,3.5968933427971295
18,is_s,24,Delta,4.717063135357264
18,is_s,25,Delta,5.161026332154735
18,is_s,26,Delta,4.798387692443215
18,is_s,27,Delta,5.507534811038823
18,is_s,28,Delta,3.633017448318847
18,is_s,29,Delta,4.850493822762436
18,is_s,30,Delta,4.916087763637046
18,is_s,32,Delta,3.41329218626919
18,is_s,33,Delta,4.737826992161601
18,is_s,34,Delta,6.02486196092074
18,is_s,35,Delta,1.9145743814307434
18,is_s,36,Delta,0.17994404605980402
18,is_s,37,Delta,0.19226922973660165
18,is_s,38,Delta,4.594747541437285
18,is_s,39,Delta,4.752249089928876
18,is_s,40,Delta,5.106720297387225
18,is_s,41,Delta,4.309240481385453
18,is_s,42,Delta,4.742908934306243
18,is_s,43,Delta,5.790992875115314
18,is_s,44,Delta,2.7955652426574553
18,is_s,45,Delta,5.069188260585429
18,is_s,46,Delta,4.492624602117581
18,is_s,47,Delta,4.7239769197782095
18,is_s,48,Delta,0.10310753875884401
18,is_s,49,Delta,5.082657281195096
18,is_s,50,Delta,1.4255134966783387
18,is_s,51,Delta,5.4913880668763415
18,is_s,52,Delta,4.754653003833277
18,is_s,53,Delta,4.462964025642538
18,is_s,54,Delta,2.296595021253047
18,is_s,55,Delta,2.800125467198959
18,is_s,56,Delta,2.0910390859931525
18,is_s,57,Delta,4.1288163188240254
18,is_s,58,Delta,1.9553832212453441
18,is_s,59,Delta,2.28151082121633
18,is_s,60,Delta,4.889223527309082
18,is_s,1,Theta,5.141047435157391
18,is_s,2,Theta,1.3897214604423265
18,is_s,3,Theta,1.528082112084132
18,is_s,4,Theta,5.8320476869302125
18,is_s,5,Theta,5.710703117524541
18,is_s,6,Theta,4.313209088327549
18,is_s,7,Theta,1.225434805503813
18,is_s,8,Theta,0.7680135785295139
18,is_s,9,Theta,3.295056628864234
18,is_s,10,Theta,5.295832021959325
18,is_s,11,Theta,4.190387681270302
18,is_s,12,Theta,1.139892891649404
18,is_s,13,Theta,5.153607339104365
18,is_s,14,Theta,5.993429972338712
18,is_s,15,Theta,2.5511024322674127
18,is_s,16,Theta,4.20596520715571
18,is_s,17,Theta,5.18872385589459
18,is_s,18,Theta,5.968457652536031
18,is_s,19,Theta,1.9101759953164712
18,is_s,20,Theta,1.493943192751495
18,is_s,21,Theta,0.12564744820837026
18,is_s,22,Theta,5.274121004243465
18,is_s,23,Theta,3.865299853690735
18,is_s,24,Theta,5.263605188378202
18,is_s,25,Theta,5.538531242830925
18,is_s,26,Theta,5.680074113838357
18,is_s,27,Theta,0.22695278028716753
18,is_s,28,Theta,4.750955727364376
18,is_s,29,Theta,5.9357790203839045
18,is_s,30,Theta,5.019952142348852
18,is_s,32,Theta,3.3394637153762585
18,is_s,33,Theta,5.71525934730339
18,is_s,34,Theta,0.141786897836322
18,is_s,35,Theta,3.14751902468936
18,is_s,36,Theta,0.12172489615669693
18,is_s,37,Theta,6.2774308545216115
18,is_s,38,Theta,5.459731542090054
18,is_s,39,Theta,0.02051225941996146
18,is_s,40,Theta,5.929708406900475
18,is_s,41,Theta,3.3604310828586486
18,is_s,42,Theta,0.12037250963527651
18,is_s,43,Theta,5.899746538904024
18,is_s,44,Theta,2.3930580323387054
18,is_s,45,Theta,5.223941941940505
18,is_s,46,Theta,3.5979454463355687
18,is_s,47,Theta,5.227703027928921
18,is_s,48,Theta,2.6781435994253795
18,is_s,49,Theta,5.388486238516423
18,is_s,50,Theta,1.23558758729439
18,is_s,51,Theta,6.097026494946254
18,is_s,52,Theta,4.908902014883818
18,is_s,53,Theta,5.157955858534374
18,is_s,54,Theta,3.447300323521972
18,is_s,55,Theta,4.47124229803028
18,is_s,56,Theta,3.0992527080562953
18,is_s,57,Theta,2.9663906401932123
18,is_s,58,Theta,1.6709927287957762
18,is_s,59,Theta,1.8311775315379102
18,is_s,60,Theta,5.368399411856148
18,is_s,1,Alpha,1.3826921927164952
18,is_s,2,Alpha,1.745067778912478
18,is_s,3,Alpha,0.7140907807262545
18,is_s,4,Alpha,5.474470831250342
18,is_s,5,Alpha,0.37048198788904824
18,is_s,6,Alpha,6.167827052364615
18,is_s,7,Alpha,0.7556081085922629
18,is_s,8,Alpha,1.2928442746112832
18,is_s,9,Alpha,0.8898849180299976
18,is_s,10,Alpha,0.9092733734705667
18,is_s,11,Alpha,1.0458172929565361
18,is_s,12,Alpha,0.41458708290906743
18,is_s,13,Alpha,0.00828994268206065
18,is_s,14,Alpha,3.897191719924944
18,is_s,15,Alpha,0.8745993746502254
18,is_s,16,Alpha,1.0289617725947235
18,is_s,17,Alpha,5.864101687409502
18,is_s,18,Alpha,5.9794536045482465
18,is_s,19,Alpha,1.1750199243706732
18,is_s,20,Alpha,0.7610670002517834
18,is_s,21,Alpha,0.39714852374203197
18,is_s,22,Alpha,6.019515489196074
18,is_s,23,Alpha,5.36364648077115
18,is_s,24,Alpha,6.098042902935126
18,is_s,25,Alpha,5.701294486074903
18,is_s,26,Alpha,6.20830858586611
18,is_s,27,Alpha,0.29645267116623086
18,is_s,28,Alpha,6.0208535324674335
18,is_s,29,Alpha,0.6756853113446446
18,is_s,30,Alpha,0.8522696486223057
18,is_s,32,Alpha,5.609813249764242
18,is_s,33,Alpha,0.8675635346679647
18,is_s,34,Alpha,0.48859161932347367
18,is_s,35,Alpha,4.921342482777687
18,is_s,36,Alpha,0.00013098603770443586
18,is_s,37,Alpha,0.36144364284690494
18,is_s,38,Alpha,1.155023991710152
18,is_s,39,Alpha,0.2674860965401633
18,is_s,40,Alpha,2.9672997984804925
18,is_s,41,Alpha,1.991413633191094
18,is_s,42,Alpha,0.2715933341487999
18,is_s,43,Alpha,5.603092340184756
18,is_s,44,Alpha,1.9166061713152862
18,is_s,45,Alpha,1.5792658522038714
18,is_s,46,Alpha,3.7332833569886796
18,is_s,47,Alpha,5.437300234168865
18,is_s,48,Alpha,0.2397379359947317
18,is_s,49,Alpha,5.411517384620153
18,is_s,50,Alpha,0.09964081411009656
18,is_s,51,Alpha,0.06920097156651965
18,is_s,52,Alpha,0.07121556097101721
18,is_s,53,Alpha,1.7959283965369708
18,is_s,54,Alpha,4.185368594405396
18,is_s,55,Alpha,4.649732349401765
18,is_s,56,Alpha,3.049824774090086
18,is_s,57,Alpha,0.9021554177410595
18,is_s,58,Alpha,1.3586296254985457
18,is_s,59,Alpha,1.7576902267428582
18,is_s,60,Alpha,5.473521432017631
18,is_s,1,Beta,0.07797270182370097
18,is_s,2,Beta,5.865923612798086
18,is_s,3,Beta,0.23970818081458262
18,is_s,4,Beta,3.6706874056895313
18,is_s,5,Beta,0.24289035100972978
18,is_s,6,Beta,0.3065381353564704
18,is_s,7,Beta,5.460648062866934
18,is_s,8,Beta,5.208225877310185
18,is_s,9,Beta,6.091114217389444
18,is_s,10,Beta,5.5580157489887005
18,is_s,11,Beta,1.98373906572638
18,is_s,12,Beta,3.3963949688737225
18,is_s,13,Beta,3.390254155714024
18,is_s,14,Beta,0.8368955093585498
18,is_s,15,Beta,3.6199548905457797
18,is_s,16,Beta,6.123303203049623
18,is_s,17,Beta,0.09999816272140168
18,is_s,18,Beta,1.3359903538096338
18,is_s,19,Beta,1.2388115994742899
18,is_s,20,Beta,4.94427455866591
18,is_s,21,Beta,6.14663673162543
18,is_s,22,Beta,4.80929135431878
18,is_s,23,Beta,5.656404548856566
18,is_s,24,Beta,1.8981452474075593
18,is_s,25,Beta,1.5080791090570882
18,is_s,26,Beta,2.0540269334224215
18,is_s,27,Beta,4.98462295806748
18,is_s,28,Beta,0.6228923219145757
18,is_s,29,Beta,4.504133257658337
18,is_s,30,Beta,1.3516459685541664
18,is_s,32,Beta,0.8222898045988524
18,is_s,33,Beta,2.477546390472814
18,is_s,34,Beta,5.93728650715292
18,is_s,35,Beta,3.067296009479384
18,is_s,36,Beta,0.06042766177064062
18,is_s,37,Beta,5.849624030726497
18,is_s,38,Beta,0.4423515541382106
18,is_s,39,Beta,0.13572207013607682
18,is_s,40,Beta,1.925045842842493
18,is_s,41,Beta,2.264784118456213
18,is_s,42,Beta,4.764189961667089
18,is_s,43,Beta,5.157488384551956
18,is_s,44,Beta,2.690479337688002
18,is_s,45,Beta,3.1168110459265352
18,is_s,46,Beta,4.718334261694812
18,is_s,47,Beta,4.920905424627182
18,is_s,48,Beta,2.331403758446136
18,is_s,49,Beta,1.757322029535422
18,is_s,50,Beta,2.928369299768792
18,is_s,51,Beta,1.1516524487176416
18,is_s,52,Beta,2.8320228346599476
18,is_s,53,Beta,1.593359568190686
18,is_s,54,Beta,5.454391419519302
18,is_s,55,Beta,4.639423179932077
18,is_s,56,Beta,2.040177017351339
18,is_s,57,Beta,4.746140212862971
18,is_s,58,Beta,0.12331798026002755
18,is_s,59,Beta,0.20004973720262864
18,is_s,60,Beta,3.757001219443012
18,vs_s,1,Delta,4.7697103346180665
18,vs_s,2,Delta,1.5352429288988632
18,vs_s,3,Delta,5.189918837611985
18,vs_s,4,Delta,5.843208778926698
18,vs_s,5,Delta,2.815388980064201
18,vs_s,6,Delta,1.2219897491728933
18,vs_s,7,Delta,0.7456892556468735
18,vs_s,8,Delta,2.550574851553464
18,vs_s,9,Delta,4.655156918021233
18,vs_s,10,Delta,0.8218019971043343
18,vs_s,11,Delta,4.786174564781713
18,vs_s,12,Delta,1.5154600245730072
18,vs_s,13,Delta,5.317082490820502
18,vs_s,14,Delta,3.8439071102451816
18,vs_s,15,Delta,5.031357221763034
18,vs_s,16,Delta,4.991869282677343
18,vs_s,17,Delta,4.927803158597916
18,vs_s,18,Delta,3.420672969016969
18,vs_s,19,Delta,1.668346911588972
18,vs_s,20,Delta,5.948760151465032
18,vs_s,21,Delta,1.2094755134015784
18,vs_s,22,Delta,5.312917160145178
18,vs_s,23,Delta,2.241265780238894
18,vs_s,24,Delta,4.6523283293673146
18,vs_s,25,Delta,4.183405078647713
18,vs_s,26,Delta,5.184729051593733
18,vs_s,27,Delta,4.460735678658152
18,vs_s,28,Delta,2.4680059512443937
18,vs_s,29,Delta,3.0874825661073664
18,vs_s,30,Delta,1.8829508087307467
18,vs_s,31,Delta,1.3323184028771597
18,vs_s,32,Delta,4.733053856017905
18,vs_s,33,Delta,4.538894840991267
18,vs_s,34,Delta,1.9794589551659982
18,vs_s,35,Delta,3.813707116248708
18,vs_s,36,Delta,2.968424132286516
18,vs_s,37,Delta,4.899159437753312
18,vs_s,38,Delta,4.614446186722255
18,vs_s,39,Delta,5.33544283229246
18,vs_s,40,Delta,4.487965278514964
18,vs_s,41,Delta,6.115585964264282
18,vs_s,42,Delta,1.1030490282670105
18,vs_s,43,Delta,0.904611873083388
18,vs_s,45,Delta,1.3577927646156167
18,vs_s,46,Delta,4.520223288913913
18,vs_s,47,Delta,6.070387553533477
18,vs_s,48,Delta,1.5213005251944316
18,vs_s,49,Delta,0.3083203742286145
18,vs_s,50,Delta,4.4524817738730675
18,vs_s,51,Delta,3.250791362088698
18,vs_s,52,Delta,4.571903990343059
18,vs_s,53,Delta,5.469331957511532
18,vs_s,54,Delta,5.193956406566703
18,vs_s,55,Delta,6.215385582625429
18,vs_s,56,Delta,1.4628033875210837
18,vs_s,57,Delta,4.901289730286248
18,vs_s,58,Delta,5.066418411575413
18,vs_s,59,Delta,5.0482244181353435
18,vs_s,60,Delta,5.954012602607026
18,vs_s,1,Theta,5.62015951550483
18,vs_s,2,Theta,0.903074968458689
18,vs_s,3,Theta,6.270885106800971
18,vs_s,4,Theta,5.476906297026239
18,vs_s,5,Theta,1.7789917439571823
18,vs_s,6,Theta,1.2367909323983155
18,vs_s,7,Theta,0.7581187993006386
18,vs_s,8,Theta,0.8647512333844054
18,vs_s,9,Theta,1.5277860071803198
18,vs_s,10,Theta,1.2564621407958692
18,vs_s,11,Theta,4.874098167572994
18,vs_s,12,Theta,1.4648634200021866
18,vs_s,13,Theta,0.1341411855830009
18,vs_s,14,Theta,3.7192901518151302
18,vs_s,15,Theta,5.941502918290555
18,vs_s,16,Theta,5.9085667476212995
18,vs_s,17,Theta,0.028461647697217183
18,vs_s,18,Theta,3.720804928427478
18,vs_s,19,Theta,0.5825980602916966
18,vs_s,20,Theta,0.6852174298610795
18,vs_s,21,Theta,1.6061142329272415
18,vs_s,22,Theta,5.6401269261749984
18,vs_s,23,Theta,3.416302342295156
18,vs_s,24,Theta,5.433761850991226
18,vs_s,25,Theta,4.455865384294728
18,vs_s,26,Theta,6.268937695133033
18,vs_s,27,Theta,4.875183891506402
18,vs_s,28,Theta,3.4947587794460873
18,vs_s,29,Theta,2.7564181126765144
18,vs_s,30,Theta,1.792330795703341
18,vs_s,31,Theta,6.1456709961696845
18,vs_s,32,Theta,4.496273756821987
18,vs_s,33,Theta,5.498253528046908
18,vs_s,34,Theta,1.098738694974914
18,vs_s,35,Theta,2.8938437259643295
18,vs_s,36,Theta,3.8934618246780714
18,vs_s,37,Theta,5.856543280437117
18,vs_s,38,Theta,4.001404147155353
18,vs_s,39,Theta,1.6359561924109896
18,vs_s,40,Theta,4.228406907855332
18,vs_s,41,Theta,4.830920402489095
18,vs_s,42,Theta,0.9616246079918651
18,vs_s,43,Theta,5.787337812679632
18,vs_s,45,Theta,0.4878158975464986
18,vs_s,46,Theta,3.761958202089366
18,vs_s,47,Theta,0.5553226349572993
18,vs_s,48,Theta,1.8439914584204735
18,vs_s,49,Theta,2.0519568533897115
18,vs_s,50,Theta,4.301679436050048
18,vs_s,51,Theta,3.124675821793613
18,vs_s,52,Theta,5.969558981348635
18,vs_s,53,Theta,6.128646493130302
18,vs_s,54,Theta,6.250421747347917
18,vs_s,55,Theta,1.607470236625427
18,vs_s,56,Theta,0.947659279000634
18,vs_s,57,Theta,5.619040227142863
18,vs_s,58,Theta,0.16973678885422597
18,vs_s,59,Theta,5.836387543705641
18,vs_s,60,Theta,0.544512258325264
18,vs_s,1,Alpha,1.3795488532028677
18,vs_s,2,Alpha,5.704079446178069
18,vs_s,3,Alpha,0.8356097186140031
18,vs_s,4,Alpha,4.887485931450179
18,vs_s,5,Alpha,1.7508463972348192
18,vs_s,6,Alpha,1.5979064919930213
18,vs_s,7,Alpha,0.046781669555258344
18,vs_s,8,Alpha,6.17229285615693
18,vs_s,9,Alpha,1.2935064525020137
18,vs_s,10,Alpha,1.6494780228954933
18,vs_s,11,Alpha,4.69456144489067
18,vs_s,12,Alpha,0.7319387193100306
18,vs_s,13,Alpha,0.6727361235040163
18,vs_s,14,Alpha,1.745144497164974
18,vs_s,15,Alpha,5.740497621539486
18,vs_s,16,Alpha,0.8487982178922194
18,vs_s,17,Alpha,0.025793253084195458
18,vs_s,18,Alpha,5.361387641648109
18,vs_s,19,Alpha,1.405552632557841
18,vs_s,20,Alpha,1.0991994530588765
18,vs_s,21,Alpha,2.0346508232005163
18,vs_s,22,Alpha,5.441942812870085
18,vs_s,23,Alpha,3.138828618642465
18,vs_s,24,Alpha,0.4763629388831042
18,vs_s,25,Alpha,5.353277529364987
18,vs_s,26,Alpha,6.1398428698551974
18,vs_s,27,Alpha,6.1192842342305
18,vs_s,28,Alpha,3.4581583651085466
18,vs_s,29,Alpha,0.892946633154508
18,vs_s,30,Alpha,1.547498286872269
18,vs_s,31,Alpha,5.8538419828106685
18,vs_s,32,Alpha,5.064911268531781
18,vs_s,33,Alpha,5.582470770938924
18,vs_s,34,Alpha,0.25477034717637725
18,vs_s,35,Alpha,2.534935206414813
18,vs_s,36,Alpha,4.605326533010713
18,vs_s,37,Alpha,0.4863216358631978
18,vs_s,38,Alpha,1.277900187529443
18,vs_s,39,Alpha,1.6226587505359058
18,vs_s,40,Alpha,1.6734069288188773
18,vs_s,41,Alpha,0.23030271999743362
18,vs_s,42,Alpha,0.07918661471535342
18,vs_s,43,Alpha,3.639554811177216
18,vs_s,45,Alpha,0.2750681542382431
18,vs_s,46,Alpha,2.33315110579192
18,vs_s,47,Alpha,1.2292363927530165
18,vs_s,48,Alpha,0.5794040627580179
18,vs_s,49,Alpha,2.4461978136026423
18,vs_s,50,Alpha,3.9935540344787404
18,vs_s,51,Alpha,1.4804653960026204
18,vs_s,52,Alpha,0.6067451712382418
18,vs_s,53,Alpha,0.08577377600191632
18,vs_s,54,Alpha,6.15432419423991
18,vs_s,55,Alpha,2.521656609998847
18,vs_s,56,Alpha,5.5086883086471765
18,vs_s,57,Alpha,0.7611536009362976
18,vs_s,58,Alpha,2.4880623685261365
18,vs_s,59,Alpha,1.4433184336017815
18,vs_s,60,Alpha,0.9864183585938411
18,vs_s,1,Beta,0.7734502265692431
18,vs_s,2,Beta,0.04605801995044144
18,vs_s,3,Beta,1.1704831254531223
18,vs_s,4,Beta,3.401085888653815
18,vs_s,5,Beta,3.984136316996424
18,vs_s,6,Beta,0.5500404863871343
18,vs_s,7,Beta,0.46167984256564876
18,vs_s,8,Beta,0.17625919204395155
18,vs_s,9,Beta,0.8667222460416389
18,vs_s,10,Beta,5.770323058791232
18,vs_s,11,Beta,4.182222890414208
18,vs_s,12,Beta,5.791955277173526
18,vs_s,13,Beta,0.6086224589380915
18,vs_s,14,Beta,6.055273062269451
18,vs_s,15,Beta,4.696004126974455
18,vs_s,16,Beta,4.422005988556371
18,vs_s,17,Beta,5.047955702970401
18,vs_s,18,Beta,0.12478504859762941
18,vs_s,19,Beta,0.5143916975043373
18,vs_s,20,Beta,3.7981436922949734
18,vs_s,21,Beta,5.840978737059171
18,vs_s,22,Beta,0.5662853583521279
18,vs_s,23,Beta,2.3835102879118497
18,vs_s,24,Beta,3.034686932677987
18,vs_s,25,Beta,3.4045796853236827
18,vs_s,26,Beta,4.531055372288963
18,vs_s,27,Beta,3.786494160757054
18,vs_s,28,Beta,2.2740890915869616
18,vs_s,29,Beta,5.24068815761117
18,vs_s,30,Beta,0.7380914776547496
18,vs_s,31,Beta,2.3879797364863857
18,vs_s,32,Beta,6.023237915254768
18,vs_s,33,Beta,1.4302929403210265
18,vs_s,34,Beta,1.1375304880598178
18,vs_s,35,Beta,1.9378557722065528
18,vs_s,36,Beta,6.179900413307945
18,vs_s,37,Beta,6.0280841741188995
18,vs_s,38,Beta,0.9633908192374528
18,vs_s,39,Beta,0.7634657861012045
18,vs_s,40,Beta,4.329066242357954
18,vs_s,41,Beta,1.7478512212906203
18,vs_s,42,Beta,3.3666430060668344
18,vs_s,43,Beta,4.612911405972811
18,vs_s,45,Beta,3.3085295156173267
18,vs_s,46,Beta,4.186510747674233
18,vs_s,47,Beta,2.906050329799907
18,vs_s,48,Beta,0.19606556296860167
18,vs_s,49,Beta,0.1943906492355762
18,vs_s,50,Beta,1.6200201371194034
18,vs_s,51,Beta,0.6669048053018749
18,vs_s,52,Beta,3.6662116989555824
18,vs_s,53,Beta,0.016351107526783693
18,vs_s,54,Beta,2.538085263621555
18,vs_s,55,Beta,5.405191313440415
18,vs_s,56,Beta,6.171527690702658
18,vs_s,57,Beta,2.600873835190355
18,vs_s,58,Beta,1.1564843309706012
18,vs_s,59,Beta,2.750713630823451
18,vs_s,60,Beta,1.653589679566391
19,vs_s,1,Delta,1.5122772316166346
19,vs_s,2,Delta,4.2037442388439015
19,vs_s,3,Delta,4.069593458512255
19,vs_s,4,Delta,1.8101751199636096
19,vs_s,5,Delta,5.838823575084521
19,vs_s,6,Delta,1.6816144463032487
19,vs_s,7,Delta,5.050639617872881
19,vs_s,8,Delta,0.4098062857607621
19,vs_s,9,Delta,1.839192512004159
19,vs_s,10,Delta,2.8046009404929255
19,vs_s,11,Delta,4.3496455692808915
19,vs_s,12,Delta,5.535274837881799
19,vs_s,13,Delta,1.6165944903882479
19,vs_s,14,Delta,4.373854635188699
19,vs_s,15,Delta,4.938345836701904
19,vs_s,16,Delta,3.2664212663500285
19,vs_s,17,Delta,4.47390589222892
19,vs_s,18,Delta,3.9229071567174487
19,vs_s,19,Delta,3.863558954556981
19,vs_s,21,Delta,4.159338495831602
19,vs_s,22,Delta,4.822973608559996
19,vs_s,23,Delta,1.4522019375815844
19,vs_s,24,Delta,5.379101782961001
19,vs_s,25,Delta,4.020935859600847
19,vs_s,26,Delta,0.9762434258527591
19,vs_s,27,Delta,3.7967369878946178
19,vs_s,28,Delta,4.0337282444818445
19,vs_s,29,Delta,1.4801290393104196
19,vs_s,30,Delta,1.5300107244660777
19,vs_s,31,Delta,1.2789757277294809
19,vs_s,32,Delta,1.9987536607107625
19,vs_s,33,Delta,4.541027327936563
19,vs_s,34,Delta,4.7279149903516196
19,vs_s,35,Delta,1.0297449694608085
19,vs_s,36,Delta,3.9081045929939857
19,vs_s,37,Delta,0.761464827359449
19,vs_s,38,Delta,0.5595030633279456
19,vs_s,39,Delta,1.7066009285740735
19,vs_s,40,Delta,3.8059008797006997
19,vs_s,41,Delta,0.9592005990538799
19,vs_s,42,Delta,1.62422864337753
19,vs_s,43,Delta,5.182345411219848
19,vs_s,44,Delta,1.8714156125966501
19,vs_s,45,Delta,1.4182130759171483
19,vs_s,46,Delta,4.716273874984391
19,vs_s,47,Delta,4.3331370094507555
19,vs_s,48,Delta,3.3935727166195333
19,vs_s,49,Delta,4.451813290970626
19,vs_s,50,Delta,5.169535372176158
19,vs_s,52,Delta,5.182792923364156
19,vs_s,53,Delta,1.9906980305338196
19,vs_s,54,Delta,0.9467487357393913
19,vs_s,55,Delta,4.757324449519336
19,vs_s,56,Delta,0.5685553506731603
19,vs_s,57,Delta,4.8452879229234025
19,vs_s,58,Delta,5.672873505931545
19,vs_s,59,Delta,5.973056632477756
19,vs_s,60,Delta,3.479251087815177
19,vs_s,1,Theta,1.6016035220511218
19,vs_s,2,Theta,5.38421999907427
19,vs_s,3,Theta,3.9112174632348404
19,vs_s,4,Theta,2.9851563388792313
19,vs_s,5,Theta,5.059877042259178
19,vs_s,6,Theta,1.4672838459861641
19,vs_s,7,Theta,4.958245903360474
19,vs_s,8,Theta,5.171507644518719
19,vs_s,9,Theta,4.038555990965456
19,vs_s,10,Theta,2.3913564673646697
19,vs_s,11,Theta,4.711075015535178
19,vs_s,12,Theta,3.8944007716625872
19,vs_s,13,Theta,6.115641632230848
19,vs_s,14,Theta,4.843144621180828
19,vs_s,15,Theta,4.706668536074577
19,vs_s,16,Theta,3.254566618629472
19,vs_s,17,Theta,4.642687201826768
19,vs_s,18,Theta,3.0751317359558814
19,vs_s,19,Theta,2.7447281086154556
19,vs_s,21,Theta,3.7130862141055623
19,vs_s,22,Theta,4.417726864331383
19,vs_s,23,Theta,1.480050096525691
19,vs_s,24,Theta,4.340712456453581
19,vs_s,25,Theta,3.391509089762464
19,vs_s,26,Theta,1.7153191973338
19,vs_s,27,Theta,3.0492813173412427
19,vs_s,28,Theta,3.980727146588344
19,vs_s,29,Theta,5.2281945305164585
19,vs_s,30,Theta,1.9710961960344184
19,vs_s,31,Theta,2.1629741884991067
19,vs_s,32,Theta,2.6747314483083193
19,vs_s,33,Theta,4.086006421331465
19,vs_s,34,Theta,4.000414459723322
19,vs_s,35,Theta,1.463034316251957
19,vs_s,36,Theta,4.735832880497445
19,vs_s,37,Theta,0.17483351619524104
19,vs_s,38,Theta,1.9720629068009914
19,vs_s,39,Theta,1.169111384558927
19,vs_s,40,Theta,3.6587730373325944
19,vs_s,41,Theta,2.0318789630433445
19,vs_s,42,Theta,2.6297649445822358
19,vs_s,43,Theta,5.739311716457916
19,vs_s,44,Theta,3.387610728734864
19,vs_s,45,Theta,1.0389772586624697
19,vs_s,46,Theta,5.490045468074902
19,vs_s,47,Theta,4.660026841335439
19,vs_s,48,Theta,2.813076736018666
19,vs_s,49,Theta,4.014769371681744
19,vs_s,50,Theta,5.465664018281898
19,vs_s,52,Theta,4.753292109456104
19,vs_s,53,Theta,4.7533116317173345
19,vs_s,54,Theta,0.35056206403628726
19,vs_s,55,Theta,6.184433968281677
19,vs_s,56,Theta,0.7864524312409135
19,vs_s,57,Theta,5.01835218515503
19,vs_s,58,Theta,5.579948901563503
19,vs_s,59,Theta,0.4480359643678043
19,vs_s,60,Theta,3.6300276432736527
19,vs_s,1,Alpha,0.5242273991859239
19,vs_s,2,Alpha,0.09055403809042491
19,vs_s,3,Alpha,2.2682677030507548
19,vs_s,4,Alpha,3.2349570759709185
19,vs_s,5,Alpha,2.2087145902861915
19,vs_s,6,Alpha,3.9518738906223545
19,vs_s,7,Alpha,4.9340233397214455
19,vs_s,8,Alpha,1.5632299714219715
19,vs_s,9,Alpha,5.903985964131317
19,vs_s,10,Alpha,0.507833126116926
19,vs_s,11,Alpha,4.180223018868197
19,vs_s,12,Alpha,5.419937330384653
19,vs_s,13,Alpha,6.2687843504423055
19,vs_s,14,Alpha,0.18847693926856762
19,vs_s,15,Alpha,1.556691493057167
19,vs_s,16,Alpha,1.1485398665628808
19,vs_s,17,Alpha,4.486344585968071
19,vs_s,18,Alpha,1.700964664623125
19,vs_s,19,Alpha,3.83769619550226
19,vs_s,21,Alpha,2.6817808616025127
19,vs_s,22,Alpha,5.30616454019531
19,vs_s,23,Alpha,1.4446297927633922
19,vs_s,24,Alpha,2.582657090722746
19,vs_s,25,Alpha,6.195489620885535
19,vs_s,26,Alpha,0.5715949056624069
19,vs_s,27,Alpha,5.739119134284039
19,vs_s,28,Alpha,4.198961548610798
19,vs_s,29,Alpha,1.717727416244254
19,vs_s,30,Alpha,1.3863313580905339
19,vs_s,31,Alpha,1.1103129317511269
19,vs_s,32,Alpha,5.9756330311566686
19,vs_s,33,Alpha,1.8354382948282306
19,vs_s,34,Alpha,3.807380664519635
19,vs_s,35,Alpha,3.8486752659023056
19,vs_s,36,Alpha,5.757160077442844
19,vs_s,37,Alpha,4.626823685119909
19,vs_s,38,Alpha,5.789875839606614
19,vs_s,39,Alpha,2.8127500890296813
19,vs_s,40,Alpha,5.545208836862097
19,vs_s,41,Alpha,4.660162927583044
19,vs_s,42,Alpha,3.429050154891673
19,vs_s,43,Alpha,2.2665485514477273
19,vs_s,44,Alpha,5.408746334608518
19,vs_s,45,Alpha,3.085788912278379
19,vs_s,46,Alpha,5.68145264392816
19,vs_s,47,Alpha,4.651693611066661
19,vs_s,48,Alpha,4.24474801537574
19,vs_s,49,Alpha,6.245903983948161
19,vs_s,50,Alpha,5.4455503608784195
19,vs_s,52,Alpha,4.3537586119317355
19,vs_s,53,Alpha,1.913300645660142
19,vs_s,54,Alpha,2.620576544642099
19,vs_s,55,Alpha,1.0223049609107313
19,vs_s,56,Alpha,5.666202774541597
19,vs_s,57,Alpha,0.33771358497038023
19,vs_s,58,Alpha,4.768645723539077
19,vs_s,59,Alpha,2.6881951999448845
19,vs_s,60,Alpha,3.5533890599056357
19,vs_s,1,Beta,3.428925928000669
19,vs_s,2,Beta,1.9238289474965866
19,vs_s,3,Beta,5.618323295717155
19,vs_s,4,Beta,2.01995558138369
19,vs_s,5,Beta,4.124027143954111
19,vs_s,6,Beta,2.8828165728851394
19,vs_s,7,Beta,1.913853974431426
19,vs_s,8,Beta,5.097761606085216
19,vs_s,9,Beta,4.880930150871441
19,vs_s,10,Beta,1.5658805477401543
19,vs_s,11,Beta,3.5997090203090294
19,vs_s,12,Beta,5.696850309880468
19,vs_s,13,Beta,1.3766138446033542
19,vs_s,14,Beta,5.830262665697656
19,vs_s,15,Beta,5.745849680501164
19,vs_s,16,Beta,0.9062860276645359
19,vs_s,17,Beta,4.5485772491632215
19,vs_s,18,Beta,0.5771881455716139
19,vs_s,19,Beta,3.6089281347181714
19,vs_s,21,Beta,1.7058612346102915
19,vs_s,22,Beta,6.174595252360127
19,vs_s,23,Beta,5.3673164918092375
19,vs_s,24,Beta,3.1593882843072376
19,vs_s,25,Beta,6.124094273577559
19,vs_s,26,Beta,6.008517094627423
19,vs_s,27,Beta,5.7045310033766805
19,vs_s,28,Beta,1.9822015934065471
19,vs_s,29,Beta,1.0489475236864452
19,vs_s,30,Beta,2.640078853133576
19,vs_s,31,Beta,0.2575195514525765
19,vs_s,32,Beta,5.7373454491689895
19,vs_s,33,Beta,0.8641127800091902
19,vs_s,34,Beta,3.5796219156088505
19,vs_s,35,Beta,5.088090505790582
19,vs_s,36,Beta,3.7009547592168177
19,vs_s,37,Beta,2.857240853262121
19,vs_s,38,Beta,4.94158042517543
19,vs_s,39,Beta,0.926412178790453
19,vs_s,40,Beta,0.8848727484814976
19,vs_s,41,Beta,0.7527163368057775
19,vs_s,42,Beta,1.7838256867660411
19,vs_s,43,Beta,1.6402966607891887
19,vs_s,44,Beta,5.871789800310255
19,vs_s,45,Beta,6.113502594661407
19,vs_s,46,Beta,2.8222462645338315
19,vs_s,47,Beta,4.7647843702153105
19,vs_s,48,Beta,4.093058841528061
19,vs_s,49,Beta,4.847882263442508
19,vs_s,50,Beta,5.728806860062665
19,vs_s,52,Beta,3.327744001048844
19,vs_s,53,Beta,2.33545371220869
19,vs_s,54,Beta,4.0901569712381285
19,vs_s,55,Beta,5.6909607286190775
19,vs_s,56,Beta,0.24704987367868636
19,vs_s,57,Beta,1.7700430513224275
19,vs_s,58,Beta,0.32983979307991856
19,vs_s,59,Beta,2.5816393915126565
19,vs_s,60,Beta,3.600088460936378
19,is_s,1,Delta,4.729681679306674
19,is_s,3,Delta,4.232746649655023
19,is_s,4,Delta,1.8969223107825917
19,is_s,5,Delta,1.9061206071363617
19,is_s,6,Delta,4.690052622502554
19,is_s,7,Delta,3.0852311031840864
19,is_s,8,Delta,4.635691392634249
19,is_s,9,Delta,1.4723557825063058
19,is_s,10,Delta,4.215831062247681
19,is_s,11,Delta,0.0657920766219575
19,is_s,12,Delta,1.9543715979739649
19,is_s,13,Delta,2.6942884533497464
19,is_s,14,Delta,1.3846038868526165
19,is_s,15,Delta,1.6989360424053177
19,is_s,16,Delta,1.5171556079508854
19,is_s,17,Delta,2.1088377304272927
19,is_s,18,Delta,5.51086010728353
19,is_s,19,Delta,1.5341899506436063
19,is_s,20,Delta,1.6692524982107717
19,is_s,21,Delta,3.308143947536875
19,is_s,22,Delta,1.2418193632130496
19,is_s,23,Delta,1.557592070381487
19,is_s,24,Delta,2.7999562499399757
19,is_s,25,Delta,3.6268402057399483
19,is_s,26,Delta,1.1694957906636274
19,is_s,27,Delta,4.77837121705024
19,is_s,28,Delta,0.013725709797294225
19,is_s,29,Delta,0.6290329232838775
19,is_s,30,Delta,1.5259796648747552
19,is_s,31,Delta,1.8816495817344487
19,is_s,32,Delta,4.531271805525121
19,is_s,33,Delta,0.30135957533080865
19,is_s,34,Delta,3.830162627063642
19,is_s,35,Delta,2.8999067518001618
19,is_s,36,Delta,4.996107144924146
19,is_s,37,Delta,2.075447848520864
19,is_s,38,Delta,0.205293315163568
19,is_s,40,Delta,1.717325774283122
19,is_s,41,Delta,0.8648869686809799
19,is_s,42,Delta,2.472858859008571
19,is_s,43,Delta,1.728762717440899
19,is_s,44,Delta,2.1084071022629045
19,is_s,45,Delta,3.407907107671215
19,is_s,46,Delta,1.2686160232069879
19,is_s,47,Delta,4.257247199640305
19,is_s,48,Delta,2.046857444112721
19,is_s,49,Delta,4.644079283873754
19,is_s,50,Delta,1.0165386629422384
19,is_s,51,Delta,4.680315160498171
19,is_s,52,Delta,4.7169319617657886
19,is_s,53,Delta,2.5984360846979353
19,is_s,54,Delta,2.1431715410333956
19,is_s,55,Delta,1.2228151420077842
19,is_s,56,Delta,1.7882990883607002
19,is_s,57,Delta,5.520515589468255
19,is_s,58,Delta,3.1882436756565165
19,is_s,59,Delta,5.132442589289137
19,is_s,60,Delta,2.8906922036588396
19,is_s,1,Theta,4.587013957295691
19,is_s,3,Theta,3.4032748690882455
19,is_s,4,Theta,3.2476965684952432
19,is_s,5,Theta,2.0856646394733285
19,is_s,6,Theta,4.117293055966195
19,is_s,7,Theta,4.0172646456823795
19,is_s,8,Theta,4.82217426908692
19,is_s,9,Theta,1.2674433423236062
19,is_s,10,Theta,5.867227765320543
19,is_s,11,Theta,6.189745059917691
19,is_s,12,Theta,1.5714508300282768
19,is_s,13,Theta,2.794014463859379
19,is_s,14,Theta,1.209164233233098
19,is_s,15,Theta,2.894950946035245
19,is_s,16,Theta,2.24850355267147
19,is_s,17,Theta,2.3380180764587783
19,is_s,18,Theta,6.188235212067386
19,is_s,19,Theta,5.114186306010335
19,is_s,20,Theta,1.8527469087336856
19,is_s,21,Theta,2.898022417186399
19,is_s,22,Theta,0.5805768261938837
19,is_s,23,Theta,2.2832029678917274
19,is_s,24,Theta,2.2532753733950326
19,is_s,25,Theta,3.363565266513684
19,is_s,26,Theta,1.474934577075358
19,is_s,27,Theta,4.819066471174741
19,is_s,28,Theta,0.7427819206000912
19,is_s,29,Theta,0.04521403163549635
19,is_s,30,Theta,1.4650512496856054
19,is_s,31,Theta,2.033758121170165
19,is_s,32,Theta,5.868141305695124
19,is_s,33,Theta,6.04906098416172
19,is_s,34,Theta,1.2828582947231038
19,is_s,35,Theta,3.4185499027394415
19,is_s,36,Theta,6.269510053444694
19,is_s,37,Theta,2.5162821358025544
19,is_s,38,Theta,3.5473306107534377
19,is_s,40,Theta,1.5360308849264694
19,is_s,41,Theta,1.0693984715096005
19,is_s,42,Theta,2.2958804449534913
19,is_s,43,Theta,2.2657584588317885
19,is_s,44,Theta,3.939948728658733
19,is_s,45,Theta,3.4594087052797113
19,is_s,46,Theta,5.276132600059961
19,is_s,47,Theta,4.483423764040265
19,is_s,48,Theta,5.49686393880027
19,is_s,49,Theta,3.6644572564653863
19,is_s,50,Theta,0.7306750874486316
19,is_s,51,Theta,4.34311312288389
19,is_s,52,Theta,4.89612929729991
19,is_s,53,Theta,2.554562635233063
19,is_s,54,Theta,2.593524202869172
19,is_s,55,Theta,0.8098716629454645
19,is_s,56,Theta,1.9069229309226432
19,is_s,57,Theta,5.667428398095111
19,is_s,58,Theta,3.5399405562510187
19,is_s,59,Theta,4.263890159946401
19,is_s,60,Theta,2.7963646023381314
19,is_s,1,Alpha,4.119654310581897
19,is_s,3,Alpha,3.339244182999757
19,is_s,4,Alpha,1.7887437448243073
19,is_s,5,Alpha,1.829827180668725
19,is_s,6,Alpha,3.8017245132806057
19,is_s,7,Alpha,3.9179791729109983
19,is_s,8,Alpha,5.453444215169144
19,is_s,9,Alpha,3.9940546025487733
19,is_s,10,Alpha,1.5096307879685311
19,is_s,11,Alpha,1.0715984548974218
19,is_s,12,Alpha,2.993825365981637
19,is_s,13,Alpha,2.138407879427593
19,is_s,14,Alpha,0.524772117606322
19,is_s,15,Alpha,1.915891749569505
19,is_s,16,Alpha,2.126503126555821
19,is_s,17,Alpha,1.3487327271298644
19,is_s,18,Alpha,5.511913986244121
19,is_s,19,Alpha,0.9453277638816711
19,is_s,20,Alpha,0.15975828986825608
19,is_s,21,Alpha,2.0159800064966396
19,is_s,22,Alpha,0.9481357233475998
19,is_s,23,Alpha,2.627571014670955
19,is_s,24,Alpha,1.255433645442521
19,is_s,25,Alpha,0.4723668474605563
19,is_s,26,Alpha,2.1399674601411647
19,is_s,27,Alpha,3.043664551652955
19,is_s,28,Alpha,1.6735467375232518
19,is_s,29,Alpha,3.872021866627422
19,is_s,30,Alpha,1.6631636771184148
19,is_s,31,Alpha,1.9388198293163414
19,is_s,32,Alpha,5.838470303673978
19,is_s,33,Alpha,6.1191209200645025
19,is_s,34,Alpha,0.8040880148109683
19,is_s,35,Alpha,1.9335106392574501
19,is_s,36,Alpha,3.607873997729964
19,is_s,37,Alpha,0.4646785053654857
19,is_s,38,Alpha,1.2465753524748484
19,is_s,40,Alpha,1.6638745554632588
19,is_s,41,Alpha,2.3944042503592287
19,is_s,42,Alpha,2.368822760617021
19,is_s,43,Alpha,1.9572024868693807
19,is_s,44,Alpha,4.242568315038929
19,is_s,45,Alpha,4.964841701014868
19,is_s,46,Alpha,4.060073110316003
19,is_s,47,Alpha,4.129512923483783
19,is_s,48,Alpha,3.1318392991474524
19,is_s,49,Alpha,3.2212924914908734
19,is_s,50,Alpha,0.5869405591588485
19,is_s,51,Alpha,6.091250431189537
19,is_s,52,Alpha,3.8715497684094196
19,is_s,53,Alpha,1.923671522129334
19,is_s,54,Alpha,1.995583346823831
19,is_s,55,Alpha,0.7721251709809237
19,is_s,56,Alpha,0.9664760640390136
19,is_s,57,Alpha,4.68616667574708
19,is_s,58,Alpha,1.2721315795358419
19,is_s,59,Alpha,3.354338911844401
19,is_s,60,Alpha,1.536973560685174
19,is_s,1,Beta,0.46677249502907087
19,is_s,3,Beta,2.8633289835800717
19,is_s,4,Beta,2.18701284445761
19,is_s,5,Beta,4.879764174235352
19,is_s,6,Beta,3.8770655351928043
19,is_s,7,Beta,4.310873289630622
19,is_s,8,Beta,4.3468115400192495
19,is_s,9,Beta,4.074799682747648
19,is_s,10,Beta,4.357960570257667
19,is_s,11,Beta,1.003519617263731
19,is_s,12,Beta,2.3590674854622042
19,is_s,13,Beta,4.862479585844488
19,is_s,14,Beta,0.6919682415574127
19,is_s,15,Beta,3.05576735715505
19,is_s,16,Beta,4.31050879440156
19,is_s,17,Beta,2.2322281390041416
19,is_s,18,Beta,4.668180278979322
19,is_s,19,Beta,3.846043506210808
19,is_s,20,Beta,2.027561190920865
19,is_s,21,Beta,3.1302012851057905
19,is_s,22,Beta,5.362796886500833
19,is_s,23,Beta,4.3142230743052385
19,is_s,24,Beta,5.610132121977495
19,is_s,25,Beta,0.5329298736724697
19,is_s,26,Beta,1.8245761728010803
19,is_s,27,Beta,2.661667106694101
19,is_s,28,Beta,1.3785270108354668
19,is_s,29,Beta,2.535812830591195
19,is_s,30,Beta,3.4356365586669604
19,is_s,31,Beta,2.535899802112004
19,is_s,32,Beta,2.4970974254911553
19,is_s,33,Beta,0.9910798064874575
19,is_s,34,Beta,0.17772742324740048
19,is_s,35,Beta,0.7866115823657072
19,is_s,36,Beta,2.6357877631127473
19,is_s,37,Beta,5.95455390997446
19,is_s,38,Beta,5.671315838646896
19,is_s,40,Beta,5.783317748644699
19,is_s,41,Beta,2.5563823246062607
19,is_s,42,Beta,2.1453232421400945
19,is_s,43,Beta,3.0498993600132804
19,is_s,44,Beta,4.878325308060755
19,is_s,45,Beta,5.1979331217835645
19,is_s,46,Beta,2.624730725558331
19,is_s,47,Beta,3.6921713502600655
19,is_s,48,Beta,0.27950720718966254
19,is_s,49,Beta,1.5884740045940953
19,is_s,50,Beta,1.6218923272007062
19,is_s,51,Beta,3.0819767637341915
19,is_s,52,Beta,3.8208714081171538
19,is_s,53,Beta,1.3257813764013608
19,is_s,54,Beta,6.187224197149817
19,is_s,55,Beta,3.0659081184633066
19,is_s,56,Beta,1.1233934980626703
19,is_s,57,Beta,1.2675657572683767
19,is_s,58,Beta,0.1819494464491566
19,is_s,59,Beta,0.5802475933936556
19,is_s,60,Beta,4.465331056209571
2,is_s,1,Delta,1.9099580158229195
2,is_s,2,Delta,0.4837126044477865
2,is_s,3,Delta,0.8385437982460225
2,is_s,4,Delta,1.6028144866589458
2,is_s,5,Delta,6.254019300377856
2,is_s,6,Delta,0.8836952892418779
2,is_s,7,Delta,4.807966198946846
2,is_s,8,Delta,1.4215248141432553
2,is_s,9,Delta,5.174067919294224
2,is_s,10,Delta,1.8744187416781577
2,is_s,11,Delta,4.035428547954957
2,is_s,12,Delta,4.1802883571260825
2,is_s,13,Delta,4.586505598948156
2,is_s,14,Delta,0.17903832014164237
2,is_s,15,Delta,0.1877307265043633
2,is_s,16,Delta,5.2156234722898525
2,is_s,17,Delta,2.3948499943019983
2,is_s,18,Delta,1.4919853871735236
2,is_s,19,Delta,1.775156924779366
2,is_s,20,Delta,1.5029856989040709
2,is_s,21,Delta,1.5114217701232986
2,is_s,22,Delta,4.968045967412307
2,is_s,23,Delta,3.5433975280012455
2,is_s,24,Delta,4.7440755743621565
2,is_s,25,Delta,0.9955931336400582
2,is_s,26,Delta,4.445470723184374
2,is_s,27,Delta,5.376082097803483
2,is_s,28,Delta,1.001874265877206
2,is_s,29,Delta,5.753245325284847
2,is_s,30,Delta,4.939480569510699
2,is_s,31,Delta,1.7486007915805164
2,is_s,32,Delta,4.308173569073448
2,is_s,33,Delta,6.274057772992377
2,is_s,34,Delta,4.811909821772415
2,is_s,35,Delta,1.202026260532
2,is_s,36,Delta,2.3248552857956586
2,is_s,37,Delta,4.466888747281111
2,is_s,38,Delta,1.4816055226243054
2,is_s,39,Delta,4.17133212010802
2,is_s,40,Delta,1.142604721852834
2,is_s,41,Delta,1.508687212115097
2,is_s,42,Delta,0.10682213854506961
2,is_s,43,Delta,2.312488850130234
2,is_s,44,Delta,4.957192458988658
2,is_s,45,Delta,3.8615384812691476
2,is_s,46,Delta,0.88973150021838
2,is_s,47,Delta,1.606682250094189
2,is_s,48,Delta,0.30793054200063374
2,is_s,49,Delta,0.5081514779338965
2,is_s,50,Delta,1.0107594042730548
2,is_s,51,Delta,5.9631678269782125
2,is_s,52,Delta,6.052354329709364
2,is_s,53,Delta,4.401189313325985
2,is_s,54,Delta,4.943525054432451
2,is_s,55,Delta,2.188464112313197
2,is_s,56,Delta,0.7241328994250193
2,is_s,57,Delta,2.0414051709375265
2,is_s,59,Delta,4.632805884870056
2,is_s,60,Delta,0.6914438676470577
2,is_s,1,Theta,3.8744708163072863
2,is_s,2,Theta,0.8227390799683207
2,is_s,3,Theta,0.6536934576380469
2,is_s,4,Theta,3.1633119002628276
2,is_s,5,Theta,6.03932517792224
2,is_s,6,Theta,1.3109876992675433
2,is_s,7,Theta,3.904424499832985
2,is_s,8,Theta,0.11656704045848401
2,is_s,9,Theta,4.9661542574730895
2,is_s,10,Theta,2.3402732617310384
2,is_s,11,Theta,3.9082443929468207
2,is_s,12,Theta,5.425730309126044
2,is_s,13,Theta,3.2280177960305783
2,is_s,14,Theta,0.7680600153299039
2,is_s,15,Theta,6.258242220701862
2,is_s,16,Theta,4.997518818813127
2,is_s,17,Theta,3.1392461574081327
2,is_s,18,Theta,1.4474173980884222
2,is_s,19,Theta,2.178853896471091
2,is_s,20,Theta,1.5624529835097727
2,is_s,21,Theta,2.6425080767901363
2,is_s,22,Theta,3.8872949891199786
2,is_s,23,Theta,2.9472615097538557
2,is_s,24,Theta,4.799873764379948
2,is_s,25,Theta,0.634081133828693
2,is_s,26,Theta,3.1549111127282687
2,is_s,27,Theta,5.069048426761021
2,is_s,28,Theta,1.6702654375107029
2,is_s,29,Theta,4.591817334913396
2,is_s,30,Theta,5.479996772369306
2,is_s,31,Theta,2.048528990987554
2,is_s,32,Theta,3.5284248766364885
2,is_s,33,Theta,6.213194813603078
2,is_s,34,Theta,4.958300046131781
2,is_s,35,Theta,6.110848567372964
2,is_s,36,Theta,3.2001525373352795
2,is_s,37,Theta,2.6393622841981705
2,is_s,38,Theta,1.0757326520320232
2,is_s,39,Theta,2.3654235211868238
2,is_s,40,Theta,1.1541820949992565
2,is_s,41,Theta,1.0963707677531682
2,is_s,42,Theta,6.270147284580893
2,is_s,43,Theta,2.102655109584499
2,is_s,44,Theta,1.9120087038455413
2,is_s,45,Theta,3.7078050699981016
2,is_s,46,Theta,0.572585840286118
2,is_s,47,Theta,2.693733086555731
2,is_s,48,Theta,0.2251518903284043
2,is_s,49,Theta,5.754298869433554
2,is_s,50,Theta,1.685824157232198
2,is_s,51,Theta,3.692520504790742
2,is_s,52,Theta,0.031177840858376518
2,is_s,53,Theta,5.034230054317048
2,is_s,54,Theta,5.446493174510493
2,is_s,55,Theta,2.4117340604917867
2,is_s,56,Theta,1.362251766784372
2,is_s,57,Theta,2.918992473077344
2,is_s,59,Theta,4.696014145224829
2,is_s,60,Theta,5.761677543044324
2,is_s,1,Alpha,3.9971407780508694
2,is_s,2,Alpha,1.147059496054052
2,is_s,3,Alpha,5.842575186401204
2,is_s,4,Alpha,2.9067734334050934
2,is_s,5,Alpha,5.513202968815307
2,is_s,6,Alpha,0.19821401440018113
2,is_s,7,Alpha,2.944601329954695
2,is_s,8,Alpha,4.366858393889584
2,is_s,9,Alpha,0.9070591439747716
2,is_s,10,Alpha,3.3959173078583986
2,is_s,11,Alpha,3.8389272980872455
2,is_s,12,Alpha,0.7035892950246344
2,is_s,13,Alpha,3.227871940717914
2,is_s,14,Alpha,1.4438388599054257
2,is_s,15,Alpha,1.295424419002537
2,is_s,16,Alpha,2.4069046783597394
2,is_s,17,Alpha,3.2699530665593715
2,is_s,18,Alpha,1.9605470811136638
2,is_s,19,Alpha,3.6805730493352224
2,is_s,20,Alpha,2.388734266270402
2,is_s,21,Alpha,3.4479614923836372
2,is_s,22,Alpha,2.6374476720774847
2,is_s,23,Alpha,2.566188842457746
2,is_s,24,Alpha,3.239180801032981
2,is_s,25,Alpha,0.9059528085155818
2,is_s,26,Alpha,2.7061943948423264
2,is_s,27,Alpha,3.539665844768172
2,is_s,28,Alpha,3.7675011852088063
2,is_s,29,Alpha,2.03167885513122
2,is_s,30,Alpha,1.693163627332957
2,is_s,31,Alpha,2.479450948131974
2,is_s,32,Alpha,2.5911500854134384
2,is_s,33,Alpha,5.9879775399179
2,is_s,34,Alpha,3.305554532568021
2,is_s,35,Alpha,0.19766145357402234
2,is_s,36,Alpha,3.657222626401555
2,is_s,37,Alpha,2.615600817300712
2,is_s,38,Alpha,6.257153413963425
2,is_s,39,Alpha,2.464173625744324
2,is_s,40,Alpha,1.7787810093648215
2,is_s,41,Alpha,1.3343535373348565
2,is_s,42,Alpha,6.03723987821384
2,is_s,43,Alpha,1.2558781897362283
2,is_s,44,Alpha,2.6621418388976403
2,is_s,45,Alpha,3.393677188947786
2,is_s,46,Alpha,5.915943696727094
2,is_s,47,Alpha,3.2109885488645706
2,is_s,48,Alpha,6.240622833383658
2,is_s,49,Alpha,1.8264664785351208
2,is_s,50,Alpha,3.6393673991193216
2,is_s,51,Alpha,3.331256743953477
2,is_s,52,Alpha,6.05413855243788
2,is_s,53,Alpha,5.81572506119867
2,is_s,54,Alpha,5.5873573907115155
2,is_s,55,Alpha,1.7740998670302293
2,is_s,56,Alpha,2.5453744546365855
2,is_s,57,Alpha,3.189110889217352
2,is_s,59,Alpha,4.293092516378998
2,is_s,60,Alpha,4.0657335713409175
2,is_s,1,Beta,3.0504754599734696
2,is_s,2,Beta,5.683243415868522
2,is_s,3,Beta,5.407188209557132
2,is_s,4,Beta,3.702615361799375
2,is_s,5,Beta,3.3310204574541378
2,is_s,6,Beta,4.097247283912127
2,is_s,7,Beta,6.032117855977964
2,is_s,8,Beta,3.1623092709781027
2,is_s,9,Beta,4.163545523448486
2,is_s,10,Beta,2.913794890964507
2,is_s,11,Beta,0.06706253162122788
2,is_s,12,Beta,3.946647801169596
2,is_s,13,Beta,3.3395091671220114
2,is_s,14,Beta,2.125463504990183
2,is_s,15,Beta,5.059286983946979
2,is_s,16,Beta,1.9215159083560267
2,is_s,17,Beta,1.0828216857897237
2,is_s,18,Beta,1.0211723514499076
2,is_s,19,Beta,2.0224356319201053
2,is_s,20,Beta,4.515766866778842
2,is_s,21,Beta,3.4994403493277333
2,is_s,22,Beta,2.5001592075751438
2,is_s,23,Beta,4.9353009458033394
2,is_s,24,Beta,3.5340153345606713
2,is_s,25,Beta,4.318627925354261
2,is_s,26,Beta,1.344531824702607
2,is_s,27,Beta,3.99636471263802
2,is_s,28,Beta,5.292545955658639
2,is_s,29,Beta,4.7162044710880675
2,is_s,30,Beta,4.534509227015203
2,is_s,31,Beta,0.20619357717535058
2,is_s,32,Beta,3.306360304191047
2,is_s,33,Beta,2.724375731127299
2,is_s,34,Beta,0.3107379923839581
2,is_s,35,Beta,5.845558345241724
2,is_s,36,Beta,2.6131373138332044
2,is_s,37,Beta,1.5160002616283927
2,is_s,38,Beta,6.021458862662586
2,is_s,39,Beta,5.365039741919
2,is_s,40,Beta,5.9895262400526486
2,is_s,41,Beta,2.1756112187276653
2,is_s,42,Beta,1.0666794808061684
2,is_s,43,Beta,5.062571475326865
2,is_s,44,Beta,2.602101428981614
2,is_s,45,Beta,0.6764801898321132
2,is_s,46,Beta,5.747367616106245
2,is_s,47,Beta,3.28083098627771
2,is_s,48,Beta,5.586556681976598
2,is_s,49,Beta,0.8974526787127647
2,is_s,50,Beta,4.091559456431275
2,is_s,51,Beta,0.4604655363016826
2,is_s,52,Beta,5.386404047626497
2,is_s,53,Beta,3.584256062027985
2,is_s,54,Beta,5.778457134629406
2,is_s,55,Beta,4.14345586363001
2,is_s,56,Beta,2.4319803035006156
2,is_s,57,Beta,1.8119585450588689
2,is_s,59,Beta,5.9770081035716185
2,is_s,60,Beta,3.8191285120295326
2,vs_s,1,Delta,0.1416279925081746
2,vs_s,2,Delta,5.9335745461464
2,vs_s,3,Delta,4.04192517466644
2,vs_s,4,Delta,3.604418647577524
2,vs_s,5,Delta,1.9896051979539888
2,vs_s,6,Delta,5.893075897927804
2,vs_s,7,Delta,6.121486782304283
2,vs_s,8,Delta,5.922258236999448
2,vs_s,9,Delta,5.586572913694812
2,vs_s,10,Delta,5.263984799243869
2,vs_s,11,Delta,1.2305356452807623
2,vs_s,12,Delta,4.758480516813224
2,vs_s,13,Delta,0.7789932243687219
2,vs_s,14,Delta,5.695978006155364
2,vs_s,15,Delta,5.075473840343849
2,vs_s,17,Delta,4.865009440057722
2,vs_s,18,Delta,1.7220224409192708
2,vs_s,19,Delta,1.0051093978140475
2,vs_s,20,Delta,2.299427442359449
2,vs_s,21,Delta,6.06806729664252
2,vs_s,22,Delta,1.114133091640852
2,vs_s,23,Delta,0.6632226812302507
2,vs_s,24,Delta,1.3450062413137542
2,vs_s,25,Delta,5.164003272114449
2,vs_s,26,Delta,0.7435103991340841
2,vs_s,27,Delta,0.2700099219364118
2,vs_s,28,Delta,0.777065024587753
2,vs_s,29,Delta,5.015706871601426
2,vs_s,30,Delta,4.548943341826051
2,vs_s,31,Delta,1.5520980160014526
2,vs_s,32,Delta,5.279404193756995
2,vs_s,33,Delta,2.438394369598734
2,vs_s,34,Delta,4.5282962044407125
2,vs_s,35,Delta,0.5818043390873564
2,vs_s,36,Delta,5.809322977428405
2,vs_s,37,Delta,4.332269951955929
2,vs_s,38,Delta,4.132875493455324
2,vs_s,39,Delta,1.6419725603554345
2,vs_s,40,Delta,4.646804582028655
2,vs_s,41,Delta,1.072542365923735
2,vs_s,42,Delta,5.274329965611116
2,vs_s,43,Delta,5.294349113422506
2,vs_s,44,Delta,1.6557737886327393
2,vs_s,45,Delta,4.931829270657073
2,vs_s,46,Delta,5.298673439795991
2,vs_s,47,Delta,4.950733166953791
2,vs_s,48,Delta,5.611352207316904
2,vs_s,49,Delta,0.4778392389304087
2,vs_s,50,Delta,5.295543470957337
2,vs_s,51,Delta,4.751100754522801
2,vs_s,52,Delta,1.2298326577698593
2,vs_s,53,Delta,5.841094990434579
2,vs_s,54,Delta,0.4228902527850165
2,vs_s,55,Delta,5.0891180318267795
2,vs_s,56,Delta,5.10302909316935
2,vs_s,57,Delta,4.926520402561303
2,vs_s,58,Delta,6.052094536174163
2,vs_s,59,Delta,4.560747972904373
2,vs_s,60,Delta,3.6433472057571485
2,vs_s,1,Theta,0.8072300498973692
2,vs_s,2,Theta,5.0460195719662275
2,vs_s,3,Theta,2.4280873422985843
2,vs_s,4,Theta,3.691103659813293
2,vs_s,5,Theta,5.349542509122215
2,vs_s,6,Theta,0.5045445754908009
2,vs_s,7,Theta,0.33959683636181953
2,vs_s,8,Theta,5.074740141394704
2,vs_s,9,Theta,6.199894376169115
2,vs_s,10,Theta,4.4471377362131905
2,vs_s,11,Theta,2.2138000621748306
2,vs_s,12,Theta,5.628783814311595
2,vs_s,13,Theta,0.45284375582183567
2,vs_s,14,Theta,0.003039336323243119
2,vs_s,15,Theta,4.66302157390902
2,vs_s,17,Theta,0.7454637948252497
2,vs_s,18,Theta,1.7791466734717072
2,vs_s,19,Theta,1.974280573999522
2,vs_s,20,Theta,3.921264565757422
2,vs_s,21,Theta,6.076140993870187
2,vs_s,22,Theta,2.6378190589758153
2,vs_s,23,Theta,0.9360485254459857
2,vs_s,24,Theta,1.0741952109653479
2,vs_s,25,Theta,4.839745684322567
2,vs_s,26,Theta,1.3905374751397401
2,vs_s,27,Theta,0.5701643699950828
2,vs_s,28,Theta,0.6238023046124836
2,vs_s,29,Theta,6.235153911997701
2,vs_s,30,Theta,4.406039109087597
2,vs_s,31,Theta,3.6322026314705043
2,vs_s,32,Theta,5.332339789307929
2,vs_s,33,Theta,2.1770803276689707
2,vs_s,34,Theta,5.07506230226449
2,vs_s,35,Theta,0.328378437973542
2,vs_s,36,Theta,5.91358621717681
2,vs_s,37,Theta,4.100085379556774
2,vs_s,38,Theta,3.6691778898732994
2,vs_s,39,Theta,2.1248307365353574
2,vs_s,40,Theta,2.959088239136409
2,vs_s,41,Theta,1.8614516886956418
2,vs_s,42,Theta,6.025809796714981
2,vs_s,43,Theta,4.946979659697868
2,vs_s,44,Theta,2.490937826486812
2,vs_s,45,Theta,4.86889542835763
2,vs_s,46,Theta,5.951120171514699
2,vs_s,47,Theta,5.756519059776286
2,vs_s,48,Theta,5.374684182092809
2,vs_s,49,Theta,1.425033032488065
2,vs_s,50,Theta,5.915808231838134
2,vs_s,51,Theta,3.759105783597527
2,vs_s,52,Theta,2.4657422825760436
2,vs_s,53,Theta,4.5478533269013255
2,vs_s,54,Theta,0.7159081634060741
2,vs_s,55,Theta,4.383516614974313
2,vs_s,56,Theta,4.328131957422491
2,vs_s,57,Theta,4.9764073585979745
2,vs_s,58,Theta,0.10535221530463243
2,vs_s,59,Theta,1.6690492855696477
2,vs_s,60,Theta,3.427556820731734
2,vs_s,1,Alpha,1.4251127154317407
2,vs_s,2,Alpha,2.6652676427591886
2,vs_s,3,Alpha,2.781893484471749
2,vs_s,4,Alpha,3.4385120503238853
2,vs_s,5,Alpha,0.141426042553714
2,vs_s,6,Alpha,1.324430349656801
2,vs_s,7,Alpha,2.457615214912123
2,vs_s,8,Alpha,4.338822546506362
2,vs_s,9,Alpha,3.088499196834486
2,vs_s,10,Alpha,3.689865298229669
2,vs_s,11,Alpha,3.6088897183112554
2,vs_s,12,Alpha,2.521239996387575
2,vs_s,13,Alpha,2.2980533431998733
2,vs_s,14,Alpha,2.645250783079051
2,vs_s,15,Alpha,3.986950514649244
2,vs_s,17,Alpha,1.6629025459547733
2,vs_s,18,Alpha,2.5235063750701525
2,vs_s,19,Alpha,2.4086857172208993
2,vs_s,20,Alpha,3.1405502051026506
2,vs_s,21,Alpha,2.354568294185534
2,vs_s,22,Alpha,3.286436952888028
2,vs_s,23,Alpha,1.199741618319276
2,vs_s,24,Alpha,3.9034101755992934
2,vs_s,25,Alpha,4.24519691381093
2,vs_s,26,Alpha,3.184200274188515
2,vs_s,27,Alpha,3.4722603750137373
2,vs_s,28,Alpha,0.5820821646430699
2,vs_s,29,Alpha,0.6318337902134622
2,vs_s,30,Alpha,3.7791438454523445
2,vs_s,31,Alpha,4.459288394546384
2,vs_s,32,Alpha,2.904231956356201
2,vs_s,33,Alpha,4.319632876312938
2,vs_s,34,Alpha,0.19987404909099796
2,vs_s,35,Alpha,3.496999596751061
2,vs_s,36,Alpha,4.478318890173604
2,vs_s,37,Alpha,3.3910004357679
2,vs_s,38,Alpha,3.354811001258906
2,vs_s,39,Alpha,1.7079490096184209
2,vs_s,40,Alpha,2.824779534157094
2,vs_s,41,Alpha,3.616122629789366
2,vs_s,42,Alpha,5.328710545124933
2,vs_s,43,Alpha,3.9612741478997733
2,vs_s,44,Alpha,4.477831449907002
2,vs_s,45,Alpha,3.2072077201577374
2,vs_s,46,Alpha,6.087223024451914
2,vs_s,47,Alpha,1.2425318931525955
2,vs_s,48,Alpha,4.194175449674717
2,vs_s,49,Alpha,2.8701292035437738
2,vs_s,50,Alpha,1.2825330625572946
2,vs_s,51,Alpha,3.049846886493193
2,vs_s,52,Alpha,2.596334765451599
2,vs_s,53,Alpha,4.0461729583388575
2,vs_s,54,Alpha,1.5827377303948926
2,vs_s,55,Alpha,2.4947864145905725
2,vs_s,56,Alpha,3.64123382080839
2,vs_s,57,Alpha,2.2562037918381184
2,vs_s,58,Alpha,3.636616724166382
2,vs_s,59,Alpha,3.381783787996534
2,vs_s,60,Alpha,3.9094766722627488
2,vs_s,1,Beta,4.009290707133146
2,vs_s,2,Beta,4.776110392847805
2,vs_s,3,Beta,2.743501490604819
2,vs_s,4,Beta,5.504712874452897
2,vs_s,5,Beta,5.051284105698031
2,vs_s,6,Beta,6.049881859806905
2,vs_s,7,Beta,1.038428698132111
2,vs_s,8,Beta,6.074258167809411
2,vs_s,9,Beta,3.7578183396284164
2,vs_s,10,Beta,5.16126957338865
2,vs_s,11,Beta,4.091240925163616
2,vs_s,12,Beta,1.2037144549315508
2,vs_s,13,Beta,3.607340222906166
2,vs_s,14,Beta,2.2608565223342776
2,vs_s,15,Beta,5.119457840598452
2,vs_s,17,Beta,1.7616287728582554
2,vs_s,18,Beta,3.460920825456832
2,vs_s,19,Beta,5.434950537683814
2,vs_s,20,Beta,4.320771781813827
2,vs_s,21,Beta,4.580134800547106
2,vs_s,22,Beta,1.6612502239020408
2,vs_s,23,Beta,6.189628642462703
2,vs_s,24,Beta,3.8252066618396205
2,vs_s,25,Beta,5.651235110492851
2,vs_s,26,Beta,3.151605647593808
2,vs_s,27,Beta,4.120156009044541
2,vs_s,28,Beta,6.066862077250853
2,vs_s,29,Beta,0.49534068853526486
2,vs_s,30,Beta,3.6956092646874534
2,vs_s,31,Beta,6.196384511587878
2,vs_s,32,Beta,4.50076254485773
2,vs_s,33,Beta,2.022717244628221
2,vs_s,34,Beta,5.114326130237741
2,vs_s,35,Beta,3.452212924209748
2,vs_s,36,Beta,2.833841083714967
2,vs_s,37,Beta,1.896805482048679
2,vs_s,38,Beta,3.091421335571488
2,vs_s,39,Beta,6.080910122819299
2,vs_s,40,Beta,3.494466512959515
2,vs_s,41,Beta,4.846262520720164
2,vs_s,42,Beta,5.263976685348505
2,vs_s,43,Beta,4.7770734436232996
2,vs_s,44,Beta,5.946053695444851
2,vs_s,45,Beta,3.0212752314621225
2,vs_s,46,Beta,4.758981456658429
2,vs_s,47,Beta,5.674264480277497
2,vs_s,48,Beta,0.17535685034516235
2,vs_s,49,Beta,0.06641761154249914
2,vs_s,50,Beta,5.843624822167169
2,vs_s,51,Beta,4.787798670124911
2,vs_s,52,Beta,3.3052830075068984
2,vs_s,53,Beta,4.833557861335701
2,vs_s,54,Beta,5.8219972950022765
2,vs_s,55,Beta,5.156815598103909
2,vs_s,56,Beta,2.3131366585274713
2,vs_s,57,Beta,3.2433819449948356
2,vs_s,58,Beta,3.372224047335332
2,vs_s,59,Beta,5.970264045247288
2,vs_s,60,Beta,3.4259126444535446
20,vs_s,1,Delta,3.78746842594414
20,vs_s,2,Delta,3.163373950629796
20,vs_s,3,Delta,4.741970146170289
20,vs_s,4,Delta,4.6931957494093
20,vs_s,5,Delta,3.0908634673856668
20,vs_s,6,Delta,4.6315653547036595
20,vs_s,7,Delta,6.089879974355755
20,vs_s,8,Delta,4.78664011054058
20,vs_s,9,Delta,4.425368698558424
20,vs_s,10,Delta,0.733009456996051
20,vs_s,11,Delta,4.829572123188535
20,vs_s,12,Delta,5.252330210335068
20,vs_s,13,Delta,2.2956128590659315
20,vs_s,14,Delta,4.411632060578575
20,vs_s,15,Delta,4.814054164891359
20,vs_s,16,Delta,3.4299697307236396
20,vs_s,17,Delta,4.4286529914164925
20,vs_s,18,Delta,3.7153724089160254
20,vs_s,19,Delta,5.068084883411442
20,vs_s,20,Delta,3.0685454151633946
20,vs_s,21,Delta,4.302080746635093
20,vs_s,22,Delta,2.535726287711129
20,vs_s,23,Delta,1.6671061524391695
20,vs_s,24,Delta,4.600933101535388
20,vs_s,25,Delta,4.935804276908451
20,vs_s,26,Delta,4.776114889127289
20,vs_s,27,Delta,3.9411534469506484
20,vs_s,28,Delta,4.36988970797748
20,vs_s,29,Delta,4.104436625656136
20,vs_s,30,Delta,4.639308882556559
20,vs_s,31,Delta,4.678365969244776
20,vs_s,32,Delta,3.2205319556917114
20,vs_s,33,Delta,4.718252720577307
20,vs_s,34,Delta,6.073431214762786
20,vs_s,35,Delta,3.4564789290456206
20,vs_s,36,Delta,4.04259952684666
20,vs_s,37,Delta,4.680470130198793
20,vs_s,39,Delta,4.510557597360191
20,vs_s,40,Delta,4.165902343926596
20,vs_s,41,Delta,4.690884118443471
20,vs_s,42,Delta,4.827401720960049
20,vs_s,43,Delta,4.4484916255877724
20,vs_s,44,Delta,1.8132222238337612
20,vs_s,45,Delta,4.923389673743429
20,vs_s,46,Delta,5.008527066737891
20,vs_s,47,Delta,4.7433671919701155
20,vs_s,48,Delta,4.693163515944191
20,vs_s,49,Delta,4.496720901957842
20,vs_s,50,Delta,1.8915941174456385
20,vs_s,51,Delta,6.278418741015337
20,vs_s,52,Delta,4.720217848657001
20,vs_s,53,Delta,4.4853575711075715
20,vs_s,54,Delta,3.825873781613047
20,vs_s,55,Delta,4.659279953808591
20,vs_s,56,Delta,4.818615737193703
20,vs_s,57,Delta,0.287083360763032
20,vs_s,58,Delta,3.7626798477911336
20,vs_s,59,Delta,4.940855062113254
20,vs_s,60,Delta,3.997825343736629
20,vs_s,1,Theta,3.796600445979002
20,vs_s,2,Theta,2.183278764130145
20,vs_s,3,Theta,4.008485168932538
20,vs_s,4,Theta,3.8316478294975225
20,vs_s,5,Theta,3.685222526681827
20,vs_s,6,Theta,3.9887966615035824
20,vs_s,7,Theta,5.381121127193648
20,vs_s,8,Theta,5.213300389073668
20,vs_s,9,Theta,4.2596930141967135
20,vs_s,10,Theta,6.228337253774408
20,vs_s,11,Theta,4.108400326156145
20,vs_s,12,Theta,6.090829481031447
20,vs_s,13,Theta,3.2562519333940925
20,vs_s,14,Theta,3.777409808752897
20,vs_s,15,Theta,2.7535837995736885
20,vs_s,16,Theta,2.4365117278832114
20,vs_s,17,Theta,4.342591544922707
20,vs_s,18,Theta,3.528720787604055
20,vs_s,19,Theta,5.309700713712973
20,vs_s,20,Theta,3.376590495348916
20,vs_s,21,Theta,2.430442519043837
20,vs_s,22,Theta,3.4200598880361817
20,vs_s,23,Theta,4.046552586677038
20,vs_s,24,Theta,4.564784193790427
20,vs_s,25,Theta,4.4667522396366035
20,vs_s,26,Theta,4.248009067870374
20,vs_s,27,Theta,2.7096907711203437
20,vs_s,28,Theta,3.2683942013921587
20,vs_s,29,Theta,4.036011355848253
20,vs_s,30,Theta,4.483921585389952
20,vs_s,31,Theta,4.528218374341078
20,vs_s,32,Theta,2.547471283031314
20,vs_s,33,Theta,5.801235135948347
20,vs_s,34,Theta,0.5090398457887624
20,vs_s,35,Theta,2.3253112514742815
20,vs_s,36,Theta,3.2389072667672205
20,vs_s,37,Theta,4.870515122234283
20,vs_s,39,Theta,2.6716354486624874
20,vs_s,40,Theta,3.6373830901071056
20,vs_s,41,Theta,4.710526916429021
20,vs_s,42,Theta,4.168262184484668
20,vs_s,43,Theta,4.396614643832868
20,vs_s,44,Theta,3.0716612426820333
20,vs_s,45,Theta,4.776841914507276
20,vs_s,46,Theta,4.804927765820216
20,vs_s,47,Theta,5.1212264141266575
20,vs_s,48,Theta,4.897537944035586
20,vs_s,49,Theta,3.988522587660219
20,vs_s,50,Theta,3.525136299127809
20,vs_s,51,Theta,0.5179649872316809
20,vs_s,52,Theta,4.010726239281055
20,vs_s,53,Theta,4.031403821866952
20,vs_s,54,Theta,3.0378707662747932
20,vs_s,55,Theta,4.479162544731724
20,vs_s,56,Theta,1.2099618475831948
20,vs_s,57,Theta,1.373114189319762
20,vs_s,58,Theta,2.414308914149921
20,vs_s,59,Theta,4.247081089065533
20,vs_s,60,Theta,4.154264539734612
20,vs_s,1,Alpha,4.174994872259196
20,vs_s,2,Alpha,2.7225858542122676
20,vs_s,3,Alpha,3.6510368258494186
20,vs_s,4,Alpha,4.109645287473261
20,vs_s,5,Alpha,3.310714371718053
20,vs_s,6,Alpha,5.132570782690992
20,vs_s,7,Alpha,3.2773199425482775
20,vs_s,8,Alpha,5.500128934563672
20,vs_s,9,Alpha,5.524821257132235
20,vs_s,10,Alpha,4.244171596520241
20,vs_s,11,Alpha,4.677412886598704
20,vs_s,12,Alpha,5.484822340397814
20,vs_s,13,Alpha,4.458490890988006
20,vs_s,14,Alpha,4.938164524724859
20,vs_s,15,Alpha,2.9894530819354777
20,vs_s,16,Alpha,2.0898881957900213
20,vs_s,17,Alpha,4.528935470171051
20,vs_s,18,Alpha,3.9367847808938095
20,vs_s,19,Alpha,2.3492177711159963
20,vs_s,20,Alpha,2.9549321941746114
20,vs_s,21,Alpha,2.567378886085846
20,vs_s,22,Alpha,4.276439289181203
20,vs_s,23,Alpha,3.0857727572952385
20,vs_s,24,Alpha,1.5023291953401205
20,vs_s,25,Alpha,1.4580184373562857
20,vs_s,26,Alpha,4.420568842577981
20,vs_s,27,Alpha,3.849072976544369
20,vs_s,28,Alpha,3.627920143113734
20,vs_s,29,Alpha,3.7124849297162106
20,vs_s,30,Alpha,2.7577144156254088
20,vs_s,31,Alpha,4.041810795477236
20,vs_s,32,Alpha,3.7442404174828656
20,vs_s,33,Alpha,5.873831173649147
20,vs_s,34,Alpha,0.6322128068078539
20,vs_s,35,Alpha,1.3223691467146428
20,vs_s,36,Alpha,2.842195294015546
20,vs_s,37,Alpha,4.435348374398492
20,vs_s,39,Alpha,1.224984401772542
20,vs_s,40,Alpha,4.279200401721466
20,vs_s,41,Alpha,4.837791187736228
20,vs_s,42,Alpha,3.144121693408708
20,vs_s,43,Alpha,4.640010242509564
20,vs_s,44,Alpha,3.7913288097084368
20,vs_s,45,Alpha,5.471774549584622
20,vs_s,46,Alpha,4.639110448451257
20,vs_s,47,Alpha,0.41344078869183065
20,vs_s,48,Alpha,5.081866024228629
20,vs_s,49,Alpha,3.0070562967710175
20,vs_s,50,Alpha,4.488543819268094
20,vs_s,51,Alpha,0.1024105879248973
20,vs_s,52,Alpha,2.422435150619164
20,vs_s,53,Alpha,0.5210410479830886
20,vs_s,54,Alpha,5.096848583643029
20,vs_s,55,Alpha,3.7759331407309444
20,vs_s,56,Alpha,5.233563101998691
20,vs_s,57,Alpha,5.333741263151401
20,vs_s,58,Alpha,5.910968614703838
20,vs_s,59,Alpha,4.518169583958697
20,vs_s,60,Alpha,3.2860703491895937
20,vs_s,1,Beta,1.7959963091305506
20,vs_s,2,Beta,1.4319744978480857
20,vs_s,3,Beta,4.73253399671699
20,vs_s,4,Beta,6.048602565526939
20,vs_s,5,Beta,6.219749418082631
20,vs_s,6,Beta,1.0921367253168572
20,vs_s,7,Beta,1.6422866360723527
20,vs_s,8,Beta,4.323942702388176
20,vs_s,9,Beta,4.5317728552670555
20,vs_s,10,Beta,5.113234615210452
20,vs_s,11,Beta,5.521454530833985
20,vs_s,12,Beta,3.506719039194652
20,vs_s,13,Beta,5.618637412332256
20,vs_s,14,Beta,5.649527550957782
20,vs_s,15,Beta,1.5761634893434666
20,vs_s,16,Beta,3.3955826942981644
20,vs_s,17,Beta,3.2789809736156617
20,vs_s,18,Beta,0.23432118715254202
20,vs_s,19,Beta,5.11894544243611
20,vs_s,20,Beta,4.72976065325053
20,vs_s,21,Beta,2.647613686714237
20,vs_s,22,Beta,5.1519466617901095
20,vs_s,23,Beta,1.2162190218125921
20,vs_s,24,Beta,1.1382908474178342
20,vs_s,25,Beta,1.0890567013062837
20,vs_s,26,Beta,1.634154586166005
20,vs_s,27,Beta,2.920344097774091
20,vs_s,28,Beta,4.079311147344415
20,vs_s,29,Beta,0.5423522997240462
20,vs_s,30,Beta,1.0943946814715992
20,vs_s,31,Beta,5.195172280381243
20,vs_s,32,Beta,3.188206089869692
20,vs_s,33,Beta,4.104701496850568
20,vs_s,34,Beta,2.821996457387453
20,vs_s,35,Beta,0.7435158608849085
20,vs_s,36,Beta,5.004028216736887
20,vs_s,37,Beta,6.215091009245197
20,vs_s,39,Beta,2.7104742721912483
20,vs_s,40,Beta,2.057433426532471
20,vs_s,41,Beta,4.5345659756525265
20,vs_s,42,Beta,0.2849338533562426
20,vs_s,43,Beta,0.731699557979269
20,vs_s,44,Beta,3.977613804598966
20,vs_s,45,Beta,5.565653035349383
20,vs_s,46,Beta,0.192961508958799
20,vs_s,47,Beta,1.6056361744375833
20,vs_s,48,Beta,4.360791452262807
20,vs_s,49,Beta,0.911759887610185
20,vs_s,50,Beta,5.4047936772219405
20,vs_s,51,Beta,0.45547120433348853
20,vs_s,52,Beta,3.440354471578829
20,vs_s,53,Beta,4.2746654112601945
20,vs_s,54,Beta,0.4977165817599132
20,vs_s,55,Beta,1.4766693289386672
20,vs_s,56,Beta,5.77712463138086
20,vs_s,57,Beta,1.5077950206332729
20,vs_s,58,Beta,4.861460594369365
20,vs_s,59,Beta,5.640838026731927
20,vs_s,60,Beta,1.8968269180506967
20,is_s,2,Delta,4.941568159591451
20,is_s,3,Delta,1.256527551904008
20,is_s,4,Delta,4.275440820444349
20,is_s,5,Delta,4.214644296560764
20,is_s,6,Delta,3.5263656576886553
20,is_s,7,Delta,4.456903913548048
20,is_s,8,Delta,2.795180782095496
20,is_s,9,Delta,5.019645319263669
20,is_s,10,Delta,3.6475000149654977
20,is_s,12,Delta,4.480248456130404
20,is_s,13,Delta,5.71272134914703
20,is_s,14,Delta,6.1481757820108545
20,is_s,15,Delta,5.744326649614324
20,is_s,16,Delta,4.6761660201159065
20,is_s,17,Delta,3.4781607360282414
20,is_s,18,Delta,2.2564822017482387
20,is_s,19,Delta,1.654000200431705
20,is_s,20,Delta,5.719266397262778
20,is_s,21,Delta,4.646630073263358
20,is_s,22,Delta,4.937655137276842
20,is_s,23,Delta,2.1358568019305615
20,is_s,24,Delta,0.8694750088607203
20,is_s,25,Delta,1.3665606195291444
20,is_s,26,Delta,4.188810075733855
20,is_s,27,Delta,4.34301923177712
20,is_s,28,Delta,1.8888612706721162
20,is_s,29,Delta,0.5601049957972895
20,is_s,30,Delta,2.9465002738821733
20,is_s,31,Delta,5.717902654337759
20,is_s,32,Delta,2.3321963516467283
20,is_s,33,Delta,2.0500153682185283
20,is_s,34,Delta,4.700360216690187
20,is_s,35,Delta,4.2513997251839735
20,is_s,36,Delta,4.187942246018795
20,is_s,37,Delta,5.102611845461121
20,is_s,38,Delta,0.9793887036407386
20,is_s,39,Delta,4.40584724562054
20,is_s,40,Delta,4.977863831223763
20,is_s,41,Delta,3.7533064629141455
20,is_s,42,Delta,4.6561649406540315
20,is_s,43,Delta,3.802144644606495
20,is_s,44,Delta,0.8756869508012779
20,is_s,45,Delta,5.064778214278421
20,is_s,46,Delta,4.473344088419145
20,is_s,47,Delta,4.859588746807324
20,is_s,48,Delta,4.46935906117852
20,is_s,49,Delta,4.235094100331221
20,is_s,50,Delta,3.129636805156696
20,is_s,51,Delta,4.605414135963391
20,is_s,52,Delta,3.0849339843204975
20,is_s,54,Delta,5.103399949547455
20,is_s,55,Delta,3.9980241910635086
20,is_s,56,Delta,2.0535165905459243
20,is_s,57,Delta,2.0366015829355506
20,is_s,58,Delta,5.378678495593592
20,is_s,59,Delta,3.3859455511579357
20,is_s,60,Delta,4.876858554846835
20,is_s,2,Theta,4.517137270219774
20,is_s,3,Theta,1.6330091338085346
20,is_s,4,Theta,3.069108714033891
20,is_s,5,Theta,4.128206945910543
20,is_s,6,Theta,4.1068754603329065
20,is_s,7,Theta,4.809886224613663
20,is_s,8,Theta,4.15470376234611
20,is_s,9,Theta,0.12401642595321295
20,is_s,10,Theta,3.4441699338478418
20,is_s,12,Theta,3.0249411532456603
20,is_s,13,Theta,6.253781702765134
20,is_s,14,Theta,6.1599394002537915
20,is_s,15,Theta,0.08249720680897943
20,is_s,16,Theta,4.246384821960341
20,is_s,17,Theta,4.017745444775475
20,is_s,18,Theta,2.716133123345818
20,is_s,19,Theta,1.3243631561300304
20,is_s,20,Theta,5.436444173875363
20,is_s,21,Theta,4.154518489416997
20,is_s,22,Theta,5.974528770132558
20,is_s,23,Theta,3.148151685763765
20,is_s,24,Theta,4.6251342121184384
20,is_s,25,Theta,0.27156974806649214
20,is_s,26,Theta,3.707323570151708
20,is_s,27,Theta,3.7500481419163205
20,is_s,28,Theta,2.7718296017237964
20,is_s,29,Theta,6.079305885328149
20,is_s,30,Theta,3.3548705513436436
20,is_s,31,Theta,0.05326662009500496
20,is_s,32,Theta,2.73676773493228
20,is_s,33,Theta,0.8811728884312439
20,is_s,34,Theta,4.901966703495313
20,is_s,35,Theta,4.0026584010394775
20,is_s,36,Theta,3.861746673072479
20,is_s,37,Theta,5.557515694577372
20,is_s,38,Theta,6.237610568188299
20,is_s,39,Theta,4.861780956405077
20,is_s,40,Theta,5.099690238237216
20,is_s,41,Theta,3.9813993441309248
20,is_s,42,Theta,4.739861224182164
20,is_s,43,Theta,2.945465611574575
20,is_s,44,Theta,2.0324173079329038
20,is_s,45,Theta,5.210612623840838
20,is_s,46,Theta,3.752947128351658
20,is_s,47,Theta,5.433014576139832
20,is_s,48,Theta,4.063956024127448
20,is_s,49,Theta,4.76487254976564
20,is_s,50,Theta,3.6740392502279238
20,is_s,51,Theta,5.252772344765907
20,is_s,52,Theta,1.9595391685369044
20,is_s,54,Theta,6.082383205719048
20,is_s,55,Theta,4.008582692978595
20,is_s,56,Theta,3.9931570871826896
20,is_s,57,Theta,2.8442720137026405
20,is_s,58,Theta,6.000776974669126
20,is_s,59,Theta,2.9019119125945387
20,is_s,60,Theta,5.691062515634014
20,is_s,2,Alpha,4.563533727774072
20,is_s,3,Alpha,4.303520725048549
20,is_s,4,Alpha,2.794529142781915
20,is_s,5,Alpha,5.492465665936042
20,is_s,6,Alpha,5.818732031441476
20,is_s,7,Alpha,5.957918218202536
20,is_s,8,Alpha,4.765314044199885
20,is_s,9,Alpha,5.197906060693452
20,is_s,10,Alpha,3.859391851448985
20,is_s,12,Alpha,4.2111377798533685
20,is_s,13,Alpha,0.06793107157390438
20,is_s,14,Alpha,0.029197170272518877
20,is_s,15,Alpha,0.8638880055322145
20,is_s,16,Alpha,3.868459115279687
20,is_s,17,Alpha,5.098296090181576
20,is_s,18,Alpha,2.2480197960086077
20,is_s,19,Alpha,1.9356868099599809
20,is_s,20,Alpha,3.1966708138034345
20,is_s,21,Alpha,3.7449999862238887
20,is_s,22,Alpha,5.228487069604923
20,is_s,23,Alpha,4.179290549783781
20,is_s,24,Alpha,4.97841736161046
20,is_s,25,Alpha,0.8103209131044531
20,is_s,26,Alpha,3.1457748171876974
20,is_s,27,Alpha,3.5999467134269145
20,is_s,28,Alpha,3.3139769026212904
20,is_s,29,Alpha,6.011247896880379
20,is_s,30,Alpha,3.2759096552326334
20,is_s,31,Alpha,0.3166368857151978
20,is_s,32,Alpha,2.3804053280513426
20,is_s,33,Alpha,6.256868911141885
20,is_s,34,Alpha,1.2020643214497995
20,is_s,35,Alpha,4.157577734639371
20,is_s,36,Alpha,3.8608917001790006
20,is_s,37,Alpha,2.299260401111248
20,is_s,38,Alpha,0.6568210242777368
20,is_s,39,Alpha,5.143345463752445
20,is_s,40,Alpha,4.159868667846949
20,is_s,41,Alpha,3.515599867535337
20,is_s,42,Alpha,5.715875199274282
20,is_s,43,Alpha,1.4390234158621475
20,is_s,44,Alpha,2.1087652302417736
20,is_s,45,Alpha,5.663857710177244
20,is_s,46,Alpha,2.919384295875415
20,is_s,47,Alpha,0.020164931795531305
20,is_s,48,Alpha,3.49455172794827
20,is_s,49,Alpha,4.1896313552595235
20,is_s,50,Alpha,3.688049966054364
20,is_s,51,Alpha,4.314208634412731
20,is_s,52,Alpha,2.1155689719763418
20,is_s,54,Alpha,0.5834034605970965
20,is_s,55,Alpha,3.7479254423387762
20,is_s,56,Alpha,3.338883910317541
20,is_s,57,Alpha,2.5102827574561615
20,is_s,58,Alpha,0.7528261367688711
20,is_s,59,Alpha,2.772046109838188
20,is_s,60,Alpha,6.06822974193905
20,is_s,2,Beta,4.926317909566862
20,is_s,3,Beta,4.826700905396377
20,is_s,4,Beta,1.7668417811023387
20,is_s,5,Beta,5.419807227503527
20,is_s,6,Beta,6.18330783211823
20,is_s,7,Beta,2.939179056824801
20,is_s,8,Beta,0.218639055866301
20,is_s,9,Beta,4.09385542925502
20,is_s,10,Beta,1.3951234203675094
20,is_s,12,Beta,6.052434563928052
20,is_s,13,Beta,1.5053101777696822
20,is_s,14,Beta,0.6964512543136152
20,is_s,15,Beta,2.520433822343499
20,is_s,16,Beta,3.701231310428423
20,is_s,17,Beta,5.86663787540512
20,is_s,18,Beta,1.0872964107758247
20,is_s,19,Beta,0.222432277109406
20,is_s,20,Beta,5.253450294528086
20,is_s,21,Beta,4.086829027913395
20,is_s,22,Beta,5.271204030874788
20,is_s,23,Beta,5.345665495630319
20,is_s,24,Beta,0.6961292052710918
20,is_s,25,Beta,0.8391368090240231
20,is_s,26,Beta,5.3671426956975345
20,is_s,27,Beta,4.979553260407778
20,is_s,28,Beta,2.2301214219733727
20,is_s,29,Beta,4.8185688852814375
20,is_s,30,Beta,2.4186555058406993
20,is_s,31,Beta,4.737079130064636
20,is_s,32,Beta,4.840785147300719
20,is_s,33,Beta,0.8044155011598081
20,is_s,34,Beta,0.9290530615416904
20,is_s,35,Beta,4.565385245824768
20,is_s,36,Beta,4.623876900245328
20,is_s,37,Beta,0.39319051792795473
20,is_s,38,Beta,4.7287337047631155
20,is_s,39,Beta,1.7047442476919714
20,is_s,40,Beta,4.124183382869962
20,is_s,41,Beta,1.5960483745011538
20,is_s,42,Beta,3.3129524953490446
20,is_s,43,Beta,0.7867298492704179
20,is_s,44,Beta,0.7860485498953864
20,is_s,45,Beta,5.110219343174247
20,is_s,46,Beta,4.620692955135293
20,is_s,47,Beta,3.4296172421765854
20,is_s,48,Beta,5.004252823290702
20,is_s,49,Beta,3.7271017135318716
20,is_s,50,Beta,4.190786329648281
20,is_s,51,Beta,4.378007943523288
20,is_s,52,Beta,3.2463054107119773
20,is_s,54,Beta,4.1204715107131396
20,is_s,55,Beta,5.10988958440805
20,is_s,56,Beta,3.7239397917158117
20,is_s,57,Beta,4.709356761565828
20,is_s,58,Beta,5.345866279497291
20,is_s,59,Beta,5.45933439597155
20,is_s,60,Beta,1.915985145695177
3,is_s,1,Delta,3.1351985704853482
3,is_s,2,Delta,1.0531326597972674
3,is_s,3,Delta,4.63287179185666
3,is_s,4,Delta,3.787039970733045
3,is_s,5,Delta,4.327812131644637
3,is_s,6,Delta,3.0775734559927925
3,is_s,7,Delta,2.327207887913398
3,is_s,8,Delta,2.0912080427470325
3,is_s,9,Delta,4.254532273824386
3,is_s,10,Delta,4.597429551241987
3,is_s,11,Delta,1.5853550483588614
3,is_s,12,Delta,3.248620150953371
3,is_s,13,Delta,2.7698670875190805
3,is_s,14,Delta,4.515369356948244
3,is_s,15,Delta,4.240535028507351
3,is_s,16,Delta,1.4554462786042095
3,is_s,17,Delta,4.279064287807834
3,is_s,18,Delta,5.499993537390971
3,is_s,19,Delta,3.5641885069164494
3,is_s,20,Delta,4.887981860348043
3,is_s,21,Delta,2.2466914856933613
3,is_s,22,Delta,1.8480891771082326
3,is_s,23,Delta,2.9747523654149943
3,is_s,24,Delta,1.9766362883320985
3,is_s,25,Delta,2.1625500572828056
3,is_s,26,Delta,1.090301499649258
3,is_s,27,Delta,4.777731644678344
3,is_s,28,Delta,2.3965653838532757
3,is_s,29,Delta,4.062664862577078
3,is_s,30,Delta,1.3345590607416902
3,is_s,31,Delta,0.6071150449462335
3,is_s,32,Delta,2.369021755190834
3,is_s,33,Delta,4.610818822943546
3,is_s,34,Delta,1.569388088803041
3,is_s,35,Delta,3.900171668713191
3,is_s,36,Delta,3.583842202909542
3,is_s,37,Delta,4.816059206934942
3,is_s,38,Delta,4.42567786800219
3,is_s,39,Delta,2.467221458891524
3,is_s,40,Delta,4.514441384631161
3,is_s,41,Delta,4.715460268149852
3,is_s,42,Delta,4.632491967019135
3,is_s,43,Delta,4.792033437765915
3,is_s,44,Delta,0.33353352343720233
3,is_s,45,Delta,0.3424405959768157
3,is_s,46,Delta,4.899968605647185
3,is_s,47,Delta,4.701547281919262
3,is_s,48,Delta,2.7846500295364582
3,is_s,49,Delta,3.652257173113536
3,is_s,50,Delta,5.436696243948196
3,is_s,51,Delta,1.1269935309870582
3,is_s,52,Delta,2.147156081551277
3,is_s,53,Delta,4.99342059966504
3,is_s,54,Delta,2.731965398057559
3,is_s,55,Delta,4.815835766700271
3,is_s,56,Delta,0.8970274943445705
3,is_s,57,Delta,2.2118006793605742
3,is_s,58,Delta,0.8560955045503184
3,is_s,59,Delta,4.056403879875619
3,is_s,60,Delta,3.6414482706358244
3,is_s,1,Theta,2.6910877230234127
3,is_s,2,Theta,1.4095028736064372
3,is_s,3,Theta,4.48014774752388
3,is_s,4,Theta,3.358627516179891
3,is_s,5,Theta,3.6109107498214605
3,is_s,6,Theta,2.5038107173190776
3,is_s,7,Theta,1.9369540228666857
3,is_s,8,Theta,1.992803167205107
3,is_s,9,Theta,3.873814682144747
3,is_s,10,Theta,0.7021868502675689
3,is_s,11,Theta,1.2771872138076763
3,is_s,12,Theta,2.169452111525705
3,is_s,13,Theta,2.9269894800943907
3,is_s,14,Theta,2.579303875416302
3,is_s,15,Theta,2.5928316824044515
3,is_s,16,Theta,1.806885559022797
3,is_s,17,Theta,4.864850477687287
3,is_s,18,Theta,0.28822536013119654
3,is_s,19,Theta,2.4783054360655394
3,is_s,20,Theta,0.8201786642070784
3,is_s,21,Theta,3.3106068123356405
3,is_s,22,Theta,2.0844566550830046
3,is_s,23,Theta,2.2102585643978645
3,is_s,24,Theta,0.8947254204126803
3,is_s,25,Theta,3.4600169570460553
3,is_s,26,Theta,1.330557338397328
3,is_s,27,Theta,4.6859298688227256
3,is_s,28,Theta,0.06078214312761972
3,is_s,29,Theta,1.1704435051265722
3,is_s,30,Theta,1.0634416740917783
3,is_s,31,Theta,1.4776181261257642
3,is_s,32,Theta,1.016129580341522
3,is_s,33,Theta,0.20330924377952903
3,is_s,34,Theta,1.901585097481118
3,is_s,35,Theta,4.104715973926745
3,is_s,36,Theta,2.2120852361123444
3,is_s,37,Theta,0.27686310979604123
3,is_s,38,Theta,4.47060181847946
3,is_s,39,Theta,1.950920610640287
3,is_s,40,Theta,5.0073979526029815
3,is_s,41,Theta,2.94648549981814
3,is_s,42,Theta,1.3621185677309284
3,is_s,43,Theta,0.560851714347491
3,is_s,44,Theta,0.11079983734377231
3,is_s,45,Theta,1.01685417609916
3,is_s,46,Theta,5.49119236348876
3,is_s,47,Theta,4.863943994682375
3,is_s,48,Theta,2.525092838854308
3,is_s,49,Theta,3.842319825973355
3,is_s,50,Theta,0.28190137102551927
3,is_s,51,Theta,1.4883596323460773
3,is_s,52,Theta,1.2500698362595255
3,is_s,53,Theta,5.789792643771978
3,is_s,54,Theta,2.001857452610201
3,is_s,55,Theta,5.429755510818831
3,is_s,56,Theta,6.176660656820384
3,is_s,57,Theta,1.8210528515991944
3,is_s,58,Theta,6.133504689655368
3,is_s,59,Theta,3.7007013868188
3,is_s,60,Theta,3.139288037152075
3,is_s,1,Alpha,2.2100821554480246
3,is_s,2,Alpha,1.5732357331414097
3,is_s,3,Alpha,6.219738272230544
3,is_s,4,Alpha,2.9059310469762054
3,is_s,5,Alpha,3.85602385081748
3,is_s,6,Alpha,1.7218725479877217
3,is_s,7,Alpha,1.0865429726860965
3,is_s,8,Alpha,1.83724547235484
3,is_s,9,Alpha,0.2618878657618036
3,is_s,10,Alpha,0.028394986769141914
3,is_s,11,Alpha,1.2711934465009063
3,is_s,12,Alpha,5.213470298365417
3,is_s,13,Alpha,0.7905764136883614
3,is_s,14,Alpha,2.5785295014599887
3,is_s,15,Alpha,3.9219800746527875
3,is_s,16,Alpha,4.337225048734846
3,is_s,17,Alpha,5.369557973382137
3,is_s,18,Alpha,5.705840471826765
3,is_s,19,Alpha,5.021159269023845
3,is_s,20,Alpha,2.8494379715390226
3,is_s,21,Alpha,4.870969019336279
3,is_s,22,Alpha,1.9745879507266848
3,is_s,23,Alpha,2.3694062469560424
3,is_s,24,Alpha,0.913872352940985
3,is_s,25,Alpha,4.905089151665768
3,is_s,26,Alpha,1.3526349379752274
3,is_s,27,Alpha,3.4013696836684324
3,is_s,28,Alpha,6.136598380007046
3,is_s,29,Alpha,4.35439127835341
3,is_s,30,Alpha,2.263752770134864
3,is_s,31,Alpha,1.884294643610635
3,is_s,32,Alpha,0.3053056726534318
3,is_s,33,Alpha,0.4309859437310291
3,is_s,34,Alpha,2.2152488223079216
3,is_s,35,Alpha,0.2723139181339864
3,is_s,36,Alpha,3.407272036348103
3,is_s,37,Alpha,0.22676095198055388
3,is_s,38,Alpha,5.182417891816611
3,is_s,39,Alpha,5.231779353014042
3,is_s,40,Alpha,5.760519421665151
3,is_s,41,Alpha,2.29958851904711
3,is_s,42,Alpha,0.250056091404468
3,is_s,43,Alpha,1.3704156651632795
3,is_s,44,Alpha,6.031350209543214
3,is_s,45,Alpha,1.411535034932783
3,is_s,46,Alpha,6.239815539125306
3,is_s,47,Alpha,4.934763751315259
3,is_s,48,Alpha,2.1215168077774558
3,is_s,49,Alpha,5.497040929742802
3,is_s,50,Alpha,2.0982935000639884
3,is_s,51,Alpha,6.07262971410021
3,is_s,52,Alpha,0.3440539441555877
3,is_s,53,Alpha,0.37345859571704887
3,is_s,54,Alpha,1.4377440442942562
3,is_s,55,Alpha,5.99613286776713
3,is_s,56,Alpha,2.8651912571215576
3,is_s,57,Alpha,1.761111550616824
3,is_s,58,Alpha,0.3582397126830566
3,is_s,59,Alpha,3.899398178566116
3,is_s,60,Alpha,3.26520320395502
3,is_s,1,Beta,4.0575843018956075
3,is_s,2,Beta,0.9631300107397647
3,is_s,3,Beta,3.554006813350047
3,is_s,4,Beta,4.761681837961807
3,is_s,5,Beta,5.784243008910909
3,is_s,6,Beta,1.0403831841815518
3,is_s,7,Beta,1.812144004851464
3,is_s,8,Beta,0.7892490697034606
3,is_s,9,Beta,5.629840313267972
3,is_s,10,Beta,1.9920480874451354
3,is_s,11,Beta,0.07374762395490475
3,is_s,12,Beta,4.590949738991709
3,is_s,13,Beta,1.3458678634989443
3,is_s,14,Beta,0.44140400875563446
3,is_s,15,Beta,0.49354863582995584
3,is_s,16,Beta,5.362291978445378
3,is_s,17,Beta,3.907231015998331
3,is_s,18,Beta,0.4651877688836714
3,is_s,19,Beta,2.092681198935494
3,is_s,20,Beta,2.7078308032252814
3,is_s,21,Beta,3.6002156064459774
3,is_s,22,Beta,0.07044886906300848
3,is_s,23,Beta,0.45242065951520827
3,is_s,24,Beta,3.078100395209243
3,is_s,25,Beta,2.74457123328101
3,is_s,26,Beta,2.7355687467174024
3,is_s,27,Beta,3.365965076410191
3,is_s,28,Beta,1.0012260081098918
3,is_s,29,Beta,3.4499744480117096
3,is_s,30,Beta,3.8509556804183793
3,is_s,31,Beta,5.681842919562826
3,is_s,32,Beta,3.7065421978326363
3,is_s,33,Beta,2.6260685058797764
3,is_s,34,Beta,3.5398744468152317
3,is_s,35,Beta,0.10998250986178423
3,is_s,36,Beta,3.3287402634237493
3,is_s,37,Beta,0.4534954367101669
3,is_s,38,Beta,1.4441285745392998
3,is_s,39,Beta,4.539783621045082
3,is_s,40,Beta,0.8154007726471578
3,is_s,41,Beta,3.581887391860566
3,is_s,42,Beta,0.23012491006651542
3,is_s,43,Beta,2.3598506771510372
3,is_s,44,Beta,5.441700849361664
3,is_s,45,Beta,4.744050052723333
3,is_s,46,Beta,6.16274400319296
3,is_s,47,Beta,5.2347885380268
3,is_s,48,Beta,0.44379743201252986
3,is_s,49,Beta,2.02940196715531
3,is_s,50,Beta,0.8848336724345077
3,is_s,51,Beta,0.26684195770175745
3,is_s,52,Beta,3.0213595877059367
3,is_s,53,Beta,6.176109179410828
3,is_s,54,Beta,0.8057059033173858
3,is_s,55,Beta,1.5836613344662942
3,is_s,56,Beta,2.4741119107252443
3,is_s,57,Beta,5.469916977830843
3,is_s,58,Beta,1.8829851640525097
3,is_s,59,Beta,6.218058134510417
3,is_s,60,Beta,0.2797696170197271
3,vs_s,1,Delta,0.12222651403531269
3,vs_s,2,Delta,4.869556042974896
3,vs_s,3,Delta,1.234879819408718
3,vs_s,5,Delta,4.464884797019401
3,vs_s,6,Delta,1.4339938870952451
3,vs_s,7,Delta,5.14731287863501
3,vs_s,8,Delta,5.330647095879399
3,vs_s,9,Delta,3.3971738500328517
3,vs_s,10,Delta,4.328576812402848
3,vs_s,11,Delta,4.222148780462724
3,vs_s,12,Delta,4.829917951477479
3,vs_s,13,Delta,3.6872416799650614
3,vs_s,14,Delta,1.7912613739881096
3,vs_s,15,Delta,4.563447761704737
3,vs_s,16,Delta,4.902260214590411
3,vs_s,17,Delta,1.3454958236567276
3,vs_s,18,Delta,4.5962801759254885
3,vs_s,19,Delta,4.87977439918129
3,vs_s,20,Delta,0.03530898544579869
3,vs_s,21,Delta,4.8203809106785895
3,vs_s,22,Delta,5.087325484085933
3,vs_s,23,Delta,2.4518466687810174
3,vs_s,24,Delta,1.0054714891488985
3,vs_s,25,Delta,3.896639633027769
3,vs_s,26,Delta,1.5167723317147095
3,vs_s,27,Delta,6.277682636325169
3,vs_s,28,Delta,1.188789039121719
3,vs_s,29,Delta,5.728355406532118
3,vs_s,30,Delta,1.1778761115941283
3,vs_s,31,Delta,1.6725722853771892
3,vs_s,32,Delta,2.02564770672445
3,vs_s,33,Delta,1.8168230991594407
3,vs_s,34,Delta,3.855442424380448
3,vs_s,35,Delta,3.077772990967506
3,vs_s,36,Delta,5.932293735321152
3,vs_s,37,Delta,0.852572527510108
3,vs_s,38,Delta,1.576161374676848
3,vs_s,39,Delta,1.0274116112546423
3,vs_s,40,Delta,1.5645946397613362
3,vs_s,41,Delta,2.073888258355424
3,vs_s,42,Delta,2.669524257315513
3,vs_s,43,Delta,3.5799371077537545
3,vs_s,44,Delta,5.32613285462892
3,vs_s,45,Delta,1.3891060539297928
3,vs_s,46,Delta,4.6118045254296955
3,vs_s,47,Delta,1.5941241740412782
3,vs_s,48,Delta,0.4788117027572206
3,vs_s,49,Delta,1.5451340341069506
3,vs_s,50,Delta,4.198703527426719
3,vs_s,51,Delta,4.344306510810348
3,vs_s,52,Delta,1.9688396851273098
3,vs_s,54,Delta,5.048839273923592
3,vs_s,55,Delta,2.822677157030246
3,vs_s,56,Delta,4.306025925808097
3,vs_s,57,Delta,5.185191605149593
3,vs_s,58,Delta,5.7310194759764395
3,vs_s,59,Delta,1.6248246137345768
3,vs_s,60,Delta,1.548849533112727
3,vs_s,1,Theta,0.6981644515346366
3,vs_s,2,Theta,0.44673739314243505
3,vs_s,3,Theta,3.8531882619458795
3,vs_s,5,Theta,4.411502231335865
3,vs_s,6,Theta,1.3032843919157282
3,vs_s,7,Theta,5.19235867114775
3,vs_s,8,Theta,6.275413586576163
3,vs_s,9,Theta,2.1720054117786325
3,vs_s,10,Theta,3.505037951881593
3,vs_s,11,Theta,1.1200696097582246
3,vs_s,12,Theta,5.33753254899819
3,vs_s,13,Theta,4.124575290820086
3,vs_s,14,Theta,2.0943761482404932
3,vs_s,15,Theta,2.553091034547584
3,vs_s,16,Theta,5.296641988423099
3,vs_s,17,Theta,6.018291700564417
3,vs_s,18,Theta,4.716644456605033
3,vs_s,19,Theta,4.546080207679573
3,vs_s,20,Theta,5.724650802003258
3,vs_s,21,Theta,4.4476988831461055
3,vs_s,22,Theta,0.17869316605699462
3,vs_s,23,Theta,2.1281345309307507
3,vs_s,24,Theta,0.6577061393202007
3,vs_s,25,Theta,3.530087516776861
3,vs_s,26,Theta,5.529370521549901
3,vs_s,27,Theta,6.181776963081999
3,vs_s,28,Theta,0.5210092849181587
3,vs_s,29,Theta,6.039351213903192
3,vs_s,30,Theta,6.136646038674079
3,vs_s,31,Theta,1.6231639331936851
3,vs_s,32,Theta,2.946350582765237
3,vs_s,33,Theta,5.327153149870854
3,vs_s,34,Theta,5.376567075194683
3,vs_s,35,Theta,2.793050102389862
3,vs_s,36,Theta,0.13723971903590232
3,vs_s,37,Theta,1.175003631969173
3,vs_s,38,Theta,1.0106179407491656
3,vs_s,39,Theta,5.061441965492271
3,vs_s,40,Theta,0.955789603543348
3,vs_s,41,Theta,2.6741482598455906
3,vs_s,42,Theta,0.5995183399890713
3,vs_s,43,Theta,4.43565838007229
3,vs_s,44,Theta,4.958084543305119
3,vs_s,45,Theta,2.13266232074493
3,vs_s,46,Theta,5.7295467316854225
3,vs_s,47,Theta,1.2429061178525642
3,vs_s,48,Theta,2.83583476334606
3,vs_s,49,Theta,1.8533857976853079
3,vs_s,50,Theta,3.7379116594876867
3,vs_s,51,Theta,1.746139766877301
3,vs_s,52,Theta,2.12190710057684
3,vs_s,54,Theta,2.197321350490198
3,vs_s,55,Theta,2.7523487602715884
3,vs_s,56,Theta,0.8116123775416961
3,vs_s,57,Theta,4.426094365455003
3,vs_s,58,Theta,5.751898971477933
3,vs_s,59,Theta,1.7246218394731105
3,vs_s,60,Theta,1.4615707334659251
3,vs_s,1,Alpha,4.778889489489712
3,vs_s,2,Alpha,0.1900247862296869
3,vs_s,3,Alpha,3.9254307146556537
3,vs_s,5,Alpha,5.624575024118662
3,vs_s,6,Alpha,1.6360717456805083
3,vs_s,7,Alpha,5.325084132112532
3,vs_s,8,Alpha,0.7157468324347549
3,vs_s,9,Alpha,0.9689288366558256
3,vs_s,10,Alpha,0.8406357960296531
3,vs_s,11,Alpha,1.1149803749325709
3,vs_s,12,Alpha,5.785287133209626
3,vs_s,13,Alpha,4.351123898592919
3,vs_s,14,Alpha,2.5996347224432825
3,vs_s,15,Alpha,5.7627054457269224
3,vs_s,16,Alpha,5.726807913844369
3,vs_s,17,Alpha,1.2733340583047992
3,vs_s,18,Alpha,4.5127875586915
3,vs_s,19,Alpha,4.332593189446019
3,vs_s,20,Alpha,4.486272758344121
3,vs_s,21,Alpha,4.766465608273949
3,vs_s,22,Alpha,0.05116324711482175
3,vs_s,23,Alpha,2.4247127120914502
3,vs_s,24,Alpha,0.0435656458759584
3,vs_s,25,Alpha,4.292910412458168
3,vs_s,26,Alpha,5.456532533135775
3,vs_s,27,Alpha,3.906726688929539
3,vs_s,28,Alpha,4.946765851122238
3,vs_s,29,Alpha,5.8583460463212464
3,vs_s,30,Alpha,5.158340741771677
3,vs_s,31,Alpha,1.1132859434801547
3,vs_s,32,Alpha,2.0834647588778767
3,vs_s,33,Alpha,5.671498051015211
3,vs_s,34,Alpha,5.20397860945357
3,vs_s,35,Alpha,5.606664668828389
3,vs_s,36,Alpha,0.2853193320373835
3,vs_s,37,Alpha,0.8909603838892343
3,vs_s,38,Alpha,0.35350261213443734
3,vs_s,39,Alpha,5.251670382869207
3,vs_s,40,Alpha,0.9370162867587788
3,vs_s,41,Alpha,3.684256331387124
3,vs_s,42,Alpha,0.01144775105164922
3,vs_s,43,Alpha,5.949764695239757
3,vs_s,44,Alpha,4.609512658123503
3,vs_s,45,Alpha,5.154029207701757
3,vs_s,46,Alpha,6.171057355587237
3,vs_s,47,Alpha,1.2134715847965063
3,vs_s,48,Alpha,3.5646073373827734
3,vs_s,49,Alpha,1.9313953497977827
3,vs_s,50,Alpha,3.158086557082161
3,vs_s,51,Alpha,4.001671992814622
3,vs_s,52,Alpha,0.7945692502112981
3,vs_s,54,Alpha,2.3386102291780455
3,vs_s,55,Alpha,0.6204918241537867
3,vs_s,56,Alpha,0.4874717537933326
3,vs_s,57,Alpha,4.046090760370221
3,vs_s,58,Alpha,5.221221364900193
3,vs_s,59,Alpha,0.5391345343591372
3,vs_s,60,Alpha,1.043478891609164
3,vs_s,1,Beta,0.08648530223638756
3,vs_s,2,Beta,1.031701407707752
3,vs_s,3,Beta,3.1636966701423925
3,vs_s,5,Beta,3.3063328640698755
3,vs_s,6,Beta,2.762367933853333
3,vs_s,7,Beta,0.7457968443130618
3,vs_s,8,Beta,4.877829668267879
3,vs_s,9,Beta,4.512077036935
3,vs_s,10,Beta,2.0034732137133187
3,vs_s,11,Beta,0.49629599370665956
3,vs_s,12,Beta,1.540333645568991
3,vs_s,13,Beta,3.3229828437002094
3,vs_s,14,Beta,4.430588787262502
3,vs_s,15,Beta,3.289087317415518
3,vs_s,16,Beta,2.839482743042899
3,vs_s,17,Beta,4.412903292042895
3,vs_s,18,Beta,3.3282203550016787
3,vs_s,19,Beta,3.148522468185844
3,vs_s,20,Beta,0.14667379950874138
3,vs_s,21,Beta,4.773086082867909
3,vs_s,22,Beta,5.329475461676534
3,vs_s,23,Beta,3.6354170868103513
3,vs_s,24,Beta,5.822524785568123
3,vs_s,25,Beta,5.906567511075096
3,vs_s,26,Beta,4.608900559507872
3,vs_s,27,Beta,6.2586028419006405
3,vs_s,28,Beta,3.995168229411046
3,vs_s,29,Beta,5.993057651391697
3,vs_s,30,Beta,5.5884009005637445
3,vs_s,31,Beta,0.0017683641416845375
3,vs_s,32,Beta,2.451511826010868
3,vs_s,33,Beta,1.800678269768321
3,vs_s,34,Beta,4.031968203762005
3,vs_s,35,Beta,3.6363858959431283
3,vs_s,36,Beta,0.37852815701360143
3,vs_s,37,Beta,3.392432641539136
3,vs_s,38,Beta,0.5925976359145455
3,vs_s,39,Beta,3.4527693227097855
3,vs_s,40,Beta,3.6959772418690218
3,vs_s,41,Beta,3.4524004034996016
3,vs_s,42,Beta,6.113954443272939
3,vs_s,43,Beta,2.930140652314042
3,vs_s,44,Beta,0.3628517262028131
3,vs_s,45,Beta,0.9538800728180267
3,vs_s,46,Beta,1.285193142001287
3,vs_s,47,Beta,5.888334726421238
3,vs_s,48,Beta,0.09977221403447425
3,vs_s,49,Beta,1.6710074691907815
3,vs_s,50,Beta,2.6328797867975817
3,vs_s,51,Beta,2.4711667313045704
3,vs_s,52,Beta,4.321453796415984
3,vs_s,54,Beta,1.6630398165353673
3,vs_s,55,Beta,2.841733330228296
3,vs_s,56,Beta,1.2496003870246097
3,vs_s,57,Beta,2.539037421554688
3,vs_s,58,Beta,0.5859428795943813
3,vs_s,59,Beta,0.5647319794012867
3,vs_s,60,Beta,2.947612927476029
4,is_s,1,Delta,0.779745956068876
4,is_s,2,Delta,6.223191517154528
4,is_s,3,Delta,1.6068918030906223
4,is_s,4,Delta,1.4480729976809377
4,is_s,5,Delta,2.6578822482541073
4,is_s,6,Delta,2.5121754756563925
4,is_s,7,Delta,5.816805185922502
4,is_s,8,Delta,0.35921947478930455
4,is_s,9,Delta,0.7297757582998717
4,is_s,10,Delta,0.08582666101090572
4,is_s,11,Delta,1.8966946324801326
4,is_s,12,Delta,0.1589149951180089
4,is_s,13,Delta,1.2305279695962807
4,is_s,14,Delta,0.8844048317495079
4,is_s,15,Delta,1.3554942645891277
4,is_s,16,Delta,1.5575001881637394
4,is_s,17,Delta,1.658084720460883
4,is_s,18,Delta,5.959988065999122
4,is_s,19,Delta,4.4529322212519205
4,is_s,20,Delta,5.7294674016170735
4,is_s,21,Delta,5.222622879432765
4,is_s,22,Delta,0.751458778733245
4,is_s,23,Delta,5.718399336243697
4,is_s,24,Delta,5.198268875083006
4,is_s,25,Delta,1.0615304234052785
4,is_s,26,Delta,0.9647629955763399
4,is_s,27,Delta,6.11925968369447
4,is_s,28,Delta,0.8638136826766134
4,is_s,29,Delta,1.489928957071511
4,is_s,30,Delta,0.7944215645239582
4,is_s,31,Delta,1.3624226485336026
4,is_s,32,Delta,2.082309079270459
4,is_s,33,Delta,0.33330554268232787
4,is_s,34,Delta,1.1926367564548408
4,is_s,35,Delta,5.03865319590949
4,is_s,36,Delta,0.0009084654875239858
4,is_s,37,Delta,1.0688539330346862
4,is_s,38,Delta,0.42603961893570713
4,is_s,39,Delta,5.48973827979587
4,is_s,40,Delta,5.043479411286009
4,is_s,41,Delta,5.1887510944502075
4,is_s,42,Delta,5.419929825179501
4,is_s,43,Delta,1.003972662361857
4,is_s,44,Delta,5.677766400145257
4,is_s,45,Delta,0.874914278499566
4,is_s,46,Delta,1.4095234800084615
4,is_s,47,Delta,0.23629771147513567
4,is_s,48,Delta,1.1619741565854527
4,is_s,49,Delta,0.23918337274885368
4,is_s,50,Delta,0.9840707611436802
4,is_s,51,Delta,0.6304677141345583
4,is_s,52,Delta,1.5714710796136346
4,is_s,53,Delta,0.7649660091816544
4,is_s,54,Delta,1.8136252426349164
4,is_s,55,Delta,0.9047868913917122
4,is_s,56,Delta,0.7370125748165736
4,is_s,57,Delta,1.2872801357619226
4,is_s,58,Delta,5.524888485791028
4,is_s,59,Delta,0.616081540962154
4,is_s,60,Delta,1.1556360828662557
4,is_s,1,Theta,0.671627680484824
4,is_s,2,Theta,0.5481281164538446
4,is_s,3,Theta,1.472507016910525
4,is_s,4,Theta,1.4408467848701987
4,is_s,5,Theta,1.3672298726837782
4,is_s,6,Theta,3.1730809121506303
4,is_s,7,Theta,0.6053111398928648
4,is_s,8,Theta,0.03723767061499076
4,is_s,9,Theta,0.3665783261530366
4,is_s,10,Theta,1.1855432422352374
4,is_s,11,Theta,3.1328322379998763
4,is_s,12,Theta,0.735958309413832
4,is_s,13,Theta,1.1808761824233815
4,is_s,14,Theta,0.7570810712486825
4,is_s,15,Theta,1.4927557696819194
4,is_s,16,Theta,1.8771679478397831
4,is_s,17,Theta,1.9283761617138206
4,is_s,18,Theta,5.707445427806285
4,is_s,19,Theta,2.385532761397538
4,is_s,20,Theta,5.794502062159983
4,is_s,21,Theta,4.490813456551906
4,is_s,22,Theta,2.0797756230874427
4,is_s,23,Theta,1.4719314327933872
4,is_s,24,Theta,0.9419081462323906
4,is_s,25,Theta,0.9058716227690826
4,is_s,26,Theta,2.056214867714766
4,is_s,27,Theta,1.5656809145371182
4,is_s,28,Theta,1.082917141005887
4,is_s,29,Theta,2.1387164831421264
4,is_s,30,Theta,0.8653208380094046
4,is_s,31,Theta,1.5867311437821783
4,is_s,32,Theta,1.8800721246476209
4,is_s,33,Theta,0.31866083445432525
4,is_s,34,Theta,1.7695280449688675
4,is_s,35,Theta,1.4099586039344083
4,is_s,36,Theta,1.8917146979991877
4,is_s,37,Theta,1.8315073539229783
4,is_s,38,Theta,1.5589423833832377
4,is_s,39,Theta,5.1418030687784135
4,is_s,40,Theta,4.867273175320094
4,is_s,41,Theta,5.511338929452571
4,is_s,42,Theta,5.10034725173271
4,is_s,43,Theta,1.548790327978342
4,is_s,44,Theta,6.21933716430984
4,is_s,45,Theta,1.4486463006440522
4,is_s,46,Theta,1.6382706989508915
4,is_s,47,Theta,1.2192715750934795
4,is_s,48,Theta,1.370113060096373
4,is_s,49,Theta,1.4410044232361248
4,is_s,50,Theta,1.403359110536695
4,is_s,51,Theta,0.4232079945590658
4,is_s,52,Theta,2.104718738181521
4,is_s,53,Theta,1.0367139371737366
4,is_s,54,Theta,1.8499863040978672
4,is_s,55,Theta,1.5143503248084338
4,is_s,56,Theta,1.3643062293401975
4,is_s,57,Theta,2.0671563258398127
4,is_s,58,Theta,1.1272599295225791
4,is_s,59,Theta,1.1473536554148804
4,is_s,60,Theta,1.0164052558479568
4,is_s,1,Alpha,3.369238293198431
4,is_s,2,Alpha,2.336771951430832
4,is_s,3,Alpha,2.217118334535104
4,is_s,4,Alpha,1.7422989393418227
4,is_s,5,Alpha,1.023749834000219
4,is_s,6,Alpha,5.164069532129359
4,is_s,7,Alpha,3.0917337375271767
4,is_s,8,Alpha,5.718632473480189
4,is_s,9,Alpha,5.763628115157229
4,is_s,10,Alpha,3.4586001803731885
4,is_s,11,Alpha,5.574720836853945
4,is_s,12,Alpha,0.36814229919284436
4,is_s,13,Alpha,4.434222142077478
4,is_s,14,Alpha,4.343415927999274
4,is_s,15,Alpha,2.5834620283283245
4,is_s,16,Alpha,0.13568307564045298
4,is_s,17,Alpha,2.586139793290261
4,is_s,18,Alpha,3.0118189200486993
4,is_s,19,Alpha,2.43597144283272
4,is_s,20,Alpha,5.05547341857144
4,is_s,21,Alpha,4.40949227261242
4,is_s,22,Alpha,4.362019723178971
4,is_s,23,Alpha,0.2175158178383179
4,is_s,24,Alpha,3.35482343720164
4,is_s,25,Alpha,4.060244747065489
4,is_s,26,Alpha,2.7315692651607075
4,is_s,27,Alpha,0.9517527891576688
4,is_s,28,Alpha,2.595320629059862
4,is_s,29,Alpha,2.871052810054392
4,is_s,30,Alpha,0.6059974672889761
4,is_s,31,Alpha,1.5681730245233239
4,is_s,32,Alpha,4.513439291891702
4,is_s,33,Alpha,6.131874460617484
4,is_s,34,Alpha,2.6103561304051155
4,is_s,35,Alpha,1.009899461933593
4,is_s,36,Alpha,3.9516292874933967
4,is_s,37,Alpha,3.557896714185629
4,is_s,38,Alpha,4.036827802962646
4,is_s,39,Alpha,4.400231226553791
4,is_s,40,Alpha,4.860373856044115
4,is_s,41,Alpha,3.430130146582764
4,is_s,42,Alpha,3.010943765137746
4,is_s,43,Alpha,3.2827962220197606
4,is_s,44,Alpha,3.4030425427969395
4,is_s,45,Alpha,1.513456332426536
4,is_s,46,Alpha,3.178691854463303
4,is_s,47,Alpha,1.6169976050977048
4,is_s,48,Alpha,1.5806902314448732
4,is_s,49,Alpha,4.055499551749641
4,is_s,50,Alpha,5.867847329054732
4,is_s,51,Alpha,0.057018056416855895
4,is_s,52,Alpha,2.2195123955098937
4,is_s,53,Alpha,4.051484883656984
4,is_s,54,Alpha,1.591881773393116
4,is_s,55,Alpha,2.1827215405164693
4,is_s,56,Alpha,0.8355362770738586
4,is_s,57,Alpha,2.490205820385027
4,is_s,58,Alpha,1.7508832322598158
4,is_s,59,Alpha,2.318662012228877
4,is_s,60,Alpha,0.9164222189220563
4,is_s,1,Beta,5.086464456791603
4,is_s,2,Beta,3.707484078225577
4,is_s,3,Beta,2.1493352462922917
4,is_s,4,Beta,4.681119844291213
4,is_s,5,Beta,3.379352138508476
4,is_s,6,Beta,4.991140288405216
4,is_s,7,Beta,4.066639414040735
4,is_s,8,Beta,3.5305343451507483
4,is_s,9,Beta,3.237825641391024
4,is_s,10,Beta,4.531078879776991
4,is_s,11,Beta,2.558930081539996
4,is_s,12,Beta,5.1070402983864405
4,is_s,13,Beta,5.380048154939802
4,is_s,14,Beta,5.170848672630344
4,is_s,15,Beta,6.15854402160668
4,is_s,16,Beta,3.4190439195309112
4,is_s,17,Beta,6.051297839529643
4,is_s,18,Beta,3.4949955080475528
4,is_s,19,Beta,1.0549030866707336
4,is_s,20,Beta,4.649766984384691
4,is_s,21,Beta,3.6706098455700364
4,is_s,22,Beta,5.2936363168096765
4,is_s,23,Beta,1.0553622595850276
4,is_s,24,Beta,4.335737897325639
4,is_s,25,Beta,0.897894583169014
4,is_s,26,Beta,2.7610269131349634
4,is_s,27,Beta,6.233491963488513
4,is_s,28,Beta,1.8662937259717165
4,is_s,29,Beta,5.723572361150832
4,is_s,30,Beta,0.23557080150485524
4,is_s,31,Beta,4.5348830219511225
4,is_s,32,Beta,5.728404600339282
4,is_s,33,Beta,4.339662251579808
4,is_s,34,Beta,4.8915599842692545
4,is_s,35,Beta,1.061843754924552
4,is_s,36,Beta,2.7005029798688085
4,is_s,37,Beta,3.2918372592168423
4,is_s,38,Beta,0.15244846226796405
4,is_s,39,Beta,4.310168992166018
4,is_s,40,Beta,0.6362616065856233
4,is_s,41,Beta,2.746307128881117
4,is_s,42,Beta,3.3253706667228378
4,is_s,43,Beta,3.100169427745833
4,is_s,44,Beta,2.4514247924345907
4,is_s,45,Beta,5.3035784310093
4,is_s,46,Beta,4.544334412389005
4,is_s,47,Beta,4.404875715086512
4,is_s,48,Beta,0.9831146789696925
4,is_s,49,Beta,3.683592069437831
4,is_s,50,Beta,1.1795069820476805
4,is_s,51,Beta,5.936016466507866
4,is_s,52,Beta,1.9141010825961748
4,is_s,53,Beta,1.444543664417303
4,is_s,54,Beta,4.8280116758098295
4,is_s,55,Beta,5.967019200861826
4,is_s,56,Beta,2.9669751491741545
4,is_s,57,Beta,2.1200168328404474
4,is_s,58,Beta,0.4464056254681859
4,is_s,59,Beta,1.2653506251008648
4,is_s,60,Beta,5.857359276955478
4,vs_s,1,Delta,0.6506569298672223
4,vs_s,2,Delta,1.5853365209168853
4,vs_s,3,Delta,0.9905798822433266
4,vs_s,4,Delta,0.32590111525561627
4,vs_s,5,Delta,1.5043837147685717
4,vs_s,6,Delta,4.512781722247418
4,vs_s,7,Delta,5.705393415567571
4,vs_s,8,Delta,0.6940308596366107
4,vs_s,9,Delta,1.1810438078008774
4,vs_s,10,Delta,6.258492114441204
4,vs_s,13,Delta,0.6184946778122469
4,vs_s,14,Delta,1.5114984964430387
4,vs_s,15,Delta,5.349573496583221
4,vs_s,16,Delta,5.4126705370265915
4,vs_s,17,Delta,1.1347409245575693
4,vs_s,18,Delta,0.7596826859447933
4,vs_s,19,Delta,4.731230958753409
4,vs_s,20,Delta,5.332850703899329
4,vs_s,21,Delta,1.2826960642450629
4,vs_s,22,Delta,2.2352895253418974
4,vs_s,23,Delta,1.0528664786960493
4,vs_s,24,Delta,1.4842106597681999
4,vs_s,25,Delta,0.26902056616396536
4,vs_s,26,Delta,5.320158060474852
4,vs_s,27,Delta,5.220533713906462
4,vs_s,28,Delta,5.402014024768691
4,vs_s,29,Delta,5.087727765317151
4,vs_s,30,Delta,4.745503291625393
4,vs_s,31,Delta,5.446052318892914
4,vs_s,32,Delta,0.2983683365230714
4,vs_s,33,Delta,0.8653337245665171
4,vs_s,34,Delta,0.6047975889777301
4,vs_s,35,Delta,0.3790990498387667
4,vs_s,36,Delta,0.770590313372453
4,vs_s,37,Delta,1.7474205243920904
4,vs_s,38,Delta,1.4943010913058936
4,vs_s,39,Delta,4.66184151137562
4,vs_s,40,Delta,1.409275654177427
4,vs_s,41,Delta,0.2400017154776094
4,vs_s,42,Delta,0.5658701609160164
4,vs_s,43,Delta,2.249862666290285
4,vs_s,44,Delta,0.7155741557424925
4,vs_s,45,Delta,0.8143617795233888
4,vs_s,46,Delta,1.1226420209393233
4,vs_s,47,Delta,5.815703205358015
4,vs_s,48,Delta,0.5524795492919682
4,vs_s,49,Delta,5.937233047933034
4,vs_s,50,Delta,0.21252939212613853
4,vs_s,51,Delta,5.529432425911794
4,vs_s,52,Delta,3.596162127761944
4,vs_s,53,Delta,0.12703014929448408
4,vs_s,54,Delta,0.1935203135268311
4,vs_s,55,Delta,0.802936590367969
4,vs_s,56,Delta,1.6289678568858394
4,vs_s,57,Delta,5.015757106465073
4,vs_s,58,Delta,5.131379968323859
4,vs_s,59,Delta,4.751938214925726
4,vs_s,1,Theta,0.5799426210557521
4,vs_s,2,Theta,1.8414089798742397
4,vs_s,3,Theta,1.9562568772819084
4,vs_s,4,Theta,1.3163388732036976
4,vs_s,5,Theta,1.8641748431045377
4,vs_s,6,Theta,2.373465741802132
4,vs_s,7,Theta,0.7448631130774329
4,vs_s,8,Theta,1.6621634033451949
4,vs_s,9,Theta,1.94357209405339
4,vs_s,10,Theta,3.4106349893202172
4,vs_s,13,Theta,2.1267835796519505
4,vs_s,14,Theta,1.455697661370566
4,vs_s,15,Theta,0.6880700468135568
4,vs_s,16,Theta,1.3062517843731467
4,vs_s,17,Theta,1.355377049297128
4,vs_s,18,Theta,0.5887564741273189
4,vs_s,19,Theta,3.655996841934854
4,vs_s,20,Theta,0.1600346793199723
4,vs_s,21,Theta,1.8975981342572819
4,vs_s,22,Theta,1.3093956119363819
4,vs_s,23,Theta,1.0560045142989138
4,vs_s,24,Theta,2.0032927471098616
4,vs_s,25,Theta,1.7219023389047676
4,vs_s,26,Theta,3.0363912560309894
4,vs_s,27,Theta,0.5392348616907238
4,vs_s,28,Theta,1.4337485408594657
4,vs_s,29,Theta,5.698291530460884
4,vs_s,30,Theta,2.0806974432209397
4,vs_s,31,Theta,1.1269615314793227
4,vs_s,32,Theta,1.294617117002401
4,vs_s,33,Theta,1.8012738942158681
4,vs_s,34,Theta,1.1968342179018443
4,vs_s,35,Theta,0.8103040666992524
4,vs_s,36,Theta,0.8295485715491182
4,vs_s,37,Theta,1.9780451971946547
4,vs_s,38,Theta,1.8265378761319684
4,vs_s,39,Theta,2.2949406377041606
4,vs_s,40,Theta,1.2574832815706167
4,vs_s,41,Theta,0.923889069156792
4,vs_s,42,Theta,2.372139305796902
4,vs_s,43,Theta,2.5138648406805473
4,vs_s,44,Theta,1.6489927283863774
4,vs_s,45,Theta,1.2470799246322752
4,vs_s,46,Theta,1.2881853009388384
4,vs_s,47,Theta,0.8473897802035487
4,vs_s,48,Theta,0.715634657498444
4,vs_s,49,Theta,0.6484739800359021
4,vs_s,50,Theta,0.009353744808762474
4,vs_s,51,Theta,0.8901693481149859
4,vs_s,52,Theta,2.121499362127993
4,vs_s,53,Theta,0.6334841997168221
4,vs_s,54,Theta,1.0748469811807897
4,vs_s,55,Theta,1.003280504488916
4,vs_s,56,Theta,1.909955048770759
4,vs_s,57,Theta,5.886288347073675
4,vs_s,58,Theta,5.010957422475915
4,vs_s,59,Theta,2.7497954553772144
4,vs_s,1,Alpha,4.359760513511251
4,vs_s,2,Alpha,2.167845220224301
4,vs_s,3,Alpha,2.383642765549098
4,vs_s,4,Alpha,1.6562997173145384
4,vs_s,5,Alpha,2.42400838500795
4,vs_s,6,Alpha,3.3087681450099646
4,vs_s,7,Alpha,3.022116838406893
4,vs_s,8,Alpha,2.318361133916455
4,vs_s,9,Alpha,3.924262722204162
4,vs_s,10,Alpha,4.5920511326959454
4,vs_s,13,Alpha,3.6449535505621387
4,vs_s,14,Alpha,2.346048958598357
4,vs_s,15,Alpha,1.3603722249915597
4,vs_s,16,Alpha,0.4285416452567878
4,vs_s,17,Alpha,1.2903707661374353
4,vs_s,18,Alpha,0.4051358912570061
4,vs_s,19,Alpha,2.8640750434968196
4,vs_s,20,Alpha,4.340502505875895
4,vs_s,21,Alpha,2.067505645674398
4,vs_s,22,Alpha,2.513882172990587
4,vs_s,23,Alpha,5.557917208714423
4,vs_s,24,Alpha,3.8193515085195244
4,vs_s,25,Alpha,2.7338421159309414
4,vs_s,26,Alpha,3.0474319277843778
4,vs_s,27,Alpha,6.246594314733945
4,vs_s,28,Alpha,0.6694544264863073
4,vs_s,29,Alpha,3.6253180142436747
4,vs_s,30,Alpha,2.0402035485446675
4,vs_s,31,Alpha,2.103236628352636
4,vs_s,32,Alpha,1.4111753560985534
4,vs_s,33,Alpha,2.7482602783604606
4,vs_s,34,Alpha,5.082405547854867
4,vs_s,35,Alpha,0.97140114468943
4,vs_s,36,Alpha,1.1573450466244861
4,vs_s,37,Alpha,2.041576883394975
4,vs_s,38,Alpha,3.2227670800478534
4,vs_s,39,Alpha,2.134196685868954
4,vs_s,40,Alpha,1.804624176893314
4,vs_s,41,Alpha,0.7839405612762924
4,vs_s,42,Alpha,3.8507624660137614
4,vs_s,43,Alpha,3.195168923885861
4,vs_s,44,Alpha,2.2655445330922794
4,vs_s,45,Alpha,2.405333302215615
4,vs_s,46,Alpha,1.9692035541210362
4,vs_s,47,Alpha,1.9594605298792833
4,vs_s,48,Alpha,0.34804970210136804
4,vs_s,49,Alpha,5.65688604357027
4,vs_s,50,Alpha,4.96288424262912
4,vs_s,51,Alpha,3.27532005537241
4,vs_s,52,Alpha,2.72443302583991
4,vs_s,53,Alpha,0.7754103517983708
4,vs_s,54,Alpha,3.1022672088145256
4,vs_s,55,Alpha,1.0198148027372635
4,vs_s,56,Alpha,1.997072540524051
4,vs_s,57,Alpha,4.109539562435037
4,vs_s,58,Alpha,3.9214222799129206
4,vs_s,59,Alpha,1.6910074346705355
4,vs_s,1,Beta,2.7335387698427565
4,vs_s,2,Beta,2.0031966549464375
4,vs_s,3,Beta,1.4683033769977047
4,vs_s,4,Beta,1.1433884694097345
4,vs_s,5,Beta,2.7182238878720106
4,vs_s,6,Beta,5.151915930568464
4,vs_s,7,Beta,2.1641878198174256
4,vs_s,8,Beta,2.6724743331154155
4,vs_s,9,Beta,4.490541306768821
4,vs_s,10,Beta,5.162264952036134
4,vs_s,13,Beta,3.899532470906474
4,vs_s,14,Beta,2.5339627207560906
4,vs_s,15,Beta,4.407449078642831
4,vs_s,16,Beta,3.289611869937518
4,vs_s,17,Beta,0.5145472507618486
4,vs_s,18,Beta,4.88354148967051
4,vs_s,19,Beta,2.8928524466007532
4,vs_s,20,Beta,3.6396876547542947
4,vs_s,21,Beta,6.0171986235517165
4,vs_s,22,Beta,3.9619782631688243
4,vs_s,23,Beta,4.185395332922878
4,vs_s,24,Beta,6.161014560362505
4,vs_s,25,Beta,2.6030617585333746
4,vs_s,26,Beta,5.5032555429560075
4,vs_s,27,Beta,0.3900599223593419
4,vs_s,28,Beta,0.8798210203841167
4,vs_s,29,Beta,2.8625338893437684
4,vs_s,30,Beta,2.073493381584061
4,vs_s,31,Beta,5.653531595988345
4,vs_s,32,Beta,0.029487444857977566
4,vs_s,33,Beta,1.0134118264258962
4,vs_s,34,Beta,6.134681680017305
4,vs_s,35,Beta,5.34978627131088
4,vs_s,36,Beta,4.939615253809469
4,vs_s,37,Beta,4.5242187601671855
4,vs_s,38,Beta,3.8608815097629394
4,vs_s,39,Beta,3.1241054300564044
4,vs_s,40,Beta,3.687221861003553
4,vs_s,41,Beta,5.723393468359255
4,vs_s,42,Beta,3.087738342808538
4,vs_s,43,Beta,3.9204938908552376
4,vs_s,44,Beta,1.5350678264090198
4,vs_s,45,Beta,2.064340161471781
4,vs_s,46,Beta,0.3384964221484757
4,vs_s,47,Beta,3.5768666910828553
4,vs_s,48,Beta,3.2881400944483326
4,vs_s,49,Beta,3.9639764859197895
4,vs_s,50,Beta,1.0326154051870684
4,vs_s,51,Beta,6.018929871549513
4,vs_s,52,Beta,5.26249794500564
4,vs_s,53,Beta,0.41419386741124153
4,vs_s,54,Beta,4.201488600831807
4,vs_s,55,Beta,1.3450050355065266
4,vs_s,56,Beta,2.6731740154562904
4,vs_s,57,Beta,5.554585227884348
4,vs_s,58,Beta,3.5609372510702384
4,vs_s,59,Beta,1.5267642398255004
5,vs_s,1,Delta,4.922944106699925
5,vs_s,2,Delta,5.832038044358076
5,vs_s,3,Delta,5.61046144965761
5,vs_s,4,Delta,5.03292897765413
5,vs_s,5,Delta,0.8113627619472938
5,vs_s,6,Delta,5.187596477910159
5,vs_s,7,Delta,5.184168312561425
5,vs_s,8,Delta,2.767237142937307
5,vs_s,9,Delta,4.825429736729556
5,vs_s,10,Delta,4.824619040877129
5,vs_s,11,Delta,4.889833307874982
5,vs_s,12,Delta,4.956905744063062
5,vs_s,13,Delta,5.093616038635871
5,vs_s,14,Delta,4.79685565089194
5,vs_s,15,Delta,4.908082394446338
5,vs_s,16,Delta,4.645645420490432
5,vs_s,17,Delta,4.516154025274485
5,vs_s,18,Delta,5.1665471704468455
5,vs_s,19,Delta,5.501056678825171
5,vs_s,20,Delta,0.09988543102051042
5,vs_s,21,Delta,5.794238442363782
5,vs_s,22,Delta,4.966538723938082
5,vs_s,23,Delta,4.638330231375528
5,vs_s,24,Delta,5.066157205318996
5,vs_s,25,Delta,5.191935266515184
5,vs_s,26,Delta,0.07624699193940092
5,vs_s,27,Delta,5.104268590061759
5,vs_s,28,Delta,5.057985265596505
5,vs_s,29,Delta,4.889572825226674
5,vs_s,30,Delta,5.445999934434033
5,vs_s,31,Delta,5.119920147066265
5,vs_s,32,Delta,5.966265639676091
5,vs_s,33,Delta,3.873183548476683
5,vs_s,34,Delta,4.768993139892935
5,vs_s,35,Delta,5.149163151571129
5,vs_s,36,Delta,6.261494252994499
5,vs_s,37,Delta,5.4445646424671095
5,vs_s,38,Delta,4.7395921603969615
5,vs_s,40,Delta,5.094578825045461
5,vs_s,41,Delta,0.0942360651930665
5,vs_s,42,Delta,4.667474030535864
5,vs_s,43,Delta,0.40897041899731756
5,vs_s,44,Delta,4.838785081776425
5,vs_s,45,Delta,5.132070865843703
5,vs_s,46,Delta,5.026516610876934
5,vs_s,47,Delta,5.080510209716476
5,vs_s,48,Delta,5.30081162258178
5,vs_s,49,Delta,5.347018326526761
5,vs_s,50,Delta,5.97597980206869
5,vs_s,51,Delta,4.211990119812345
5,vs_s,53,Delta,5.447446545289569
5,vs_s,54,Delta,5.226250099038221
5,vs_s,55,Delta,5.446133893805488
5,vs_s,56,Delta,5.186680579621601
5,vs_s,57,Delta,5.408610916587192
5,vs_s,58,Delta,5.386838143477459
5,vs_s,59,Delta,4.89772808197533
5,vs_s,60,Delta,4.806823589171476
5,vs_s,1,Theta,5.278752692271276
5,vs_s,2,Theta,0.2507906231569812
5,vs_s,3,Theta,0.17566844647011126
5,vs_s,4,Theta,5.95019255071025
5,vs_s,5,Theta,0.6079395948313171
5,vs_s,6,Theta,4.039379237055741
5,vs_s,7,Theta,5.951607491038119
5,vs_s,8,Theta,2.8301350974089874
5,vs_s,9,Theta,3.936466306666309
5,vs_s,10,Theta,4.552073671175905
5,vs_s,11,Theta,4.8547443009990685
5,vs_s,12,Theta,5.40656766538949
5,vs_s,13,Theta,6.1421672009875605
5,vs_s,14,Theta,4.275435210869218
5,vs_s,15,Theta,5.899447056204415
5,vs_s,16,Theta,4.784425252367016
5,vs_s,17,Theta,4.413390518286487
5,vs_s,18,Theta,0.09868953600802909
5,vs_s,19,Theta,1.4684692998011293
5,vs_s,20,Theta,6.199782426891361
5,vs_s,21,Theta,0.45485366454315146
5,vs_s,22,Theta,1.1018257570117926
5,vs_s,23,Theta,2.9132356967422037
5,vs_s,24,Theta,6.053359097452277
5,vs_s,25,Theta,0.1858183509569587
5,vs_s,26,Theta,0.4941837194778293
5,vs_s,27,Theta,5.6579003863711765
5,vs_s,28,Theta,0.5544168761085906
5,vs_s,29,Theta,2.7982179385037336
5,vs_s,30,Theta,5.892417772880157
5,vs_s,31,Theta,0.5386200198977127
5,vs_s,32,Theta,6.221144613293507
5,vs_s,33,Theta,2.327288678001639
5,vs_s,34,Theta,4.585079103422373
5,vs_s,35,Theta,5.840549835947959
5,vs_s,36,Theta,0.7376240380349439
5,vs_s,37,Theta,5.25608648910233
5,vs_s,38,Theta,5.706288185527882
5,vs_s,40,Theta,2.3694649032062816
5,vs_s,41,Theta,5.888589553651219
5,vs_s,42,Theta,4.185882025757724
5,vs_s,43,Theta,0.33101911744436324
5,vs_s,44,Theta,5.615776734545249
5,vs_s,45,Theta,5.812388561909411
5,vs_s,46,Theta,6.017192487570991
5,vs_s,47,Theta,0.4975960069839324
5,vs_s,48,Theta,6.1155795111768185
5,vs_s,49,Theta,6.258168205702664
5,vs_s,50,Theta,0.43654048951219054
5,vs_s,51,Theta,3.179782710451696
5,vs_s,53,Theta,0.05789645960380125
5,vs_s,54,Theta,6.035348718349537
5,vs_s,55,Theta,0.0013970458497935445
5,vs_s,56,Theta,5.65005022057404
5,vs_s,57,Theta,6.277958057777968
5,vs_s,58,Theta,0.33708856237537943
5,vs_s,59,Theta,5.29965920623426
5,vs_s,60,Theta,4.696172200220543
5,vs_s,1,Alpha,3.2560084912308076
5,vs_s,2,Alpha,3.0818111295357355
5,vs_s,3,Alpha,1.4790497167973502
5,vs_s,4,Alpha,0.7359529618705936
5,vs_s,5,Alpha,0.3330768439389712
5,vs_s,6,Alpha,4.115032992941652
5,vs_s,7,Alpha,4.995623225062472
5,vs_s,8,Alpha,4.360344058688102
5,vs_s,9,Alpha,2.1072449125537123
5,vs_s,10,Alpha,1.6875051497739104
5,vs_s,11,Alpha,5.574062933993327
5,vs_s,12,Alpha,0.42135652410222135
5,vs_s,13,Alpha,0.22706749935272197
5,vs_s,14,Alpha,1.2672779872884607
5,vs_s,15,Alpha,0.39968734441629056
5,vs_s,16,Alpha,0.9629706562944229
5,vs_s,17,Alpha,1.784206152345327
5,vs_s,18,Alpha,2.3796221375384583
5,vs_s,19,Alpha,2.7134084183359604
5,vs_s,20,Alpha,5.447283276739024
5,vs_s,21,Alpha,1.4542356162461747
5,vs_s,22,Alpha,6.159309757872208
5,vs_s,23,Alpha,1.9317949677766304
5,vs_s,24,Alpha,1.2811442590423576
5,vs_s,25,Alpha,1.4364065377170614
5,vs_s,26,Alpha,1.4614856430234369
5,vs_s,27,Alpha,0.3770697367046406
5,vs_s,28,Alpha,1.5322025869751992
5,vs_s,29,Alpha,4.134129447677431
5,vs_s,30,Alpha,0.8982516545922485
5,vs_s,31,Alpha,3.0005504319694105
5,vs_s,32,Alpha,0.5409240844671336
5,vs_s,33,Alpha,2.313477273189046
5,vs_s,34,Alpha,3.832897008188274
5,vs_s,35,Alpha,5.85308195506705
5,vs_s,36,Alpha,0.47653703639886175
5,vs_s,37,Alpha,4.146324130772826
5,vs_s,38,Alpha,0.8709130361984088
5,vs_s,40,Alpha,2.5946325192285244
5,vs_s,41,Alpha,4.6495569453357515
5,vs_s,42,Alpha,2.134207939985966
5,vs_s,43,Alpha,1.8511432120105238
5,vs_s,44,Alpha,0.3290392679173643
5,vs_s,45,Alpha,2.4824554767320115
5,vs_s,46,Alpha,0.8910059297545885
5,vs_s,47,Alpha,1.333887996467867
5,vs_s,48,Alpha,0.645023378847691
5,vs_s,49,Alpha,0.42900255503748774
5,vs_s,50,Alpha,0.32416361779555225
5,vs_s,51,Alpha,3.034055131286601
5,vs_s,53,Alpha,1.084266437902696
5,vs_s,54,Alpha,0.2718008923077695
5,vs_s,55,Alpha,0.22256019630172852
5,vs_s,56,Alpha,5.213325120375198
5,vs_s,57,Alpha,0.7105932561467929
5,vs_s,58,Alpha,0.21823507836236078
5,vs_s,59,Alpha,1.4418758442531205
5,vs_s,60,Alpha,5.067376053000237
5,vs_s,1,Beta,4.2392222249304075
5,vs_s,2,Beta,4.60084740348441
5,vs_s,3,Beta,1.4165640457977795
5,vs_s,4,Beta,3.074807139145132
5,vs_s,5,Beta,2.3354804797408786
5,vs_s,6,Beta,1.4197954018097112
5,vs_s,7,Beta,3.5283471155484594
5,vs_s,8,Beta,5.121797637405515
5,vs_s,9,Beta,1.173238966105018
5,vs_s,10,Beta,3.0865926528612238
5,vs_s,11,Beta,3.531230091436797
5,vs_s,12,Beta,6.112369723613242
5,vs_s,13,Beta,4.630586839680624
5,vs_s,14,Beta,6.151331707012289
5,vs_s,15,Beta,4.24735185121331
5,vs_s,16,Beta,3.0446464587864694
5,vs_s,17,Beta,5.162692979325953
5,vs_s,18,Beta,4.736764086674539
5,vs_s,19,Beta,5.727730158296749
5,vs_s,20,Beta,4.333717541647712
5,vs_s,21,Beta,4.186723986932327
5,vs_s,22,Beta,4.432933818031762
5,vs_s,23,Beta,4.29276552997261
5,vs_s,24,Beta,4.1828596227206525
5,vs_s,25,Beta,2.441942367712799
5,vs_s,26,Beta,4.609303846799452
5,vs_s,27,Beta,4.116118409226934
5,vs_s,28,Beta,2.040794518810336
5,vs_s,29,Beta,4.984335630932533
5,vs_s,30,Beta,3.398381877556789
5,vs_s,31,Beta,3.296538786841112
5,vs_s,32,Beta,1.636557923476834
5,vs_s,33,Beta,3.716652214065894
5,vs_s,34,Beta,3.05103557132909
5,vs_s,35,Beta,4.269507660394813
5,vs_s,36,Beta,3.3801016214947026
5,vs_s,37,Beta,2.9474686094166493
5,vs_s,38,Beta,5.677459290540012
5,vs_s,40,Beta,2.7603242914509734
5,vs_s,41,Beta,4.401386781679597
5,vs_s,42,Beta,3.963646004140255
5,vs_s,43,Beta,2.863368288561027
5,vs_s,44,Beta,3.3070255838608515
5,vs_s,45,Beta,4.207056992496129
5,vs_s,46,Beta,5.925985455006073
5,vs_s,47,Beta,4.3747781000835335
5,vs_s,48,Beta,2.9748230019192916
5,vs_s,49,Beta,2.517897442193663
5,vs_s,50,Beta,5.134181298259433
5,vs_s,51,Beta,4.571808248104059
5,vs_s,53,Beta,2.9668606959275414
5,vs_s,54,Beta,5.327435523801571
5,vs_s,55,Beta,2.8060066956099905
5,vs_s,56,Beta,0.8304283988005589
5,vs_s,57,Beta,2.7223584438948003
5,vs_s,58,Beta,0.6528451648479618
5,vs_s,59,Beta,3.0270266607501766
5,vs_s,60,Beta,5.333050359440621
5,is_s,1,Delta,4.718178552119284
5,is_s,2,Delta,4.795549236991028
5,is_s,3,Delta,4.114290383660848
5,is_s,4,Delta,4.703738594569055
5,is_s,5,Delta,1.3312419486931693
5,is_s,6,Delta,5.03158799224561
5,is_s,7,Delta,0.3043824519509341
5,is_s,8,Delta,4.707648526495018
5,is_s,9,Delta,4.800752635147255
5,is_s,10,Delta,4.778211214399569
5,is_s,11,Delta,4.712863894487677
5,is_s,12,Delta,1.6594741478467077
5,is_s,13,Delta,4.607905826540797
5,is_s,14,Delta,3.496599954392438
5,is_s,15,Delta,5.539070800712341
5,is_s,16,Delta,6.14630121314575
5,is_s,17,Delta,4.707192752510805
5,is_s,18,Delta,4.597558266616728
5,is_s,19,Delta,5.02818171967535
5,is_s,20,Delta,4.921392448842504
5,is_s,21,Delta,4.712356829050442
5,is_s,22,Delta,0.7465634993866146
5,is_s,23,Delta,5.1040816874274695
5,is_s,24,Delta,0.6689609876959901
5,is_s,25,Delta,0.9922643213004928
5,is_s,26,Delta,5.16500473834508
5,is_s,27,Delta,5.0618070626215905
5,is_s,28,Delta,4.84361639636229
5,is_s,29,Delta,4.9742612548830385
5,is_s,30,Delta,4.915135846859682
5,is_s,31,Delta,1.3334779576783362
5,is_s,32,Delta,4.522718914064191
5,is_s,33,Delta,5.822224156566444
5,is_s,34,Delta,4.84328500882181
5,is_s,35,Delta,2.236665329373779
5,is_s,36,Delta,5.573569739370618
5,is_s,37,Delta,5.310379495251275
5,is_s,38,Delta,5.8378327063985695
5,is_s,39,Delta,5.658357737337379
5,is_s,40,Delta,4.961175770619067
5,is_s,41,Delta,5.24672811850271
5,is_s,42,Delta,5.355220195746878
5,is_s,43,Delta,5.020289649341865
5,is_s,44,Delta,0.7622992289895781
5,is_s,45,Delta,5.018587955178463
5,is_s,46,Delta,0.46088719597688327
5,is_s,47,Delta,4.742989422999269
5,is_s,48,Delta,0.905618659747849
5,is_s,49,Delta,4.665190212722161
5,is_s,50,Delta,4.72409765673901
5,is_s,51,Delta,4.989218815333778
5,is_s,52,Delta,5.392351254294951
5,is_s,53,Delta,6.208649493054616
5,is_s,54,Delta,4.892018384172404
5,is_s,55,Delta,4.8765713023462265
5,is_s,56,Delta,2.383370204654581
5,is_s,57,Delta,4.880196068302492
5,is_s,58,Delta,0.7070025283876998
5,is_s,59,Delta,4.979731771593703
5,is_s,60,Delta,5.208404831415606
5,is_s,1,Theta,5.160856736003951
5,is_s,2,Theta,4.842455957248019
5,is_s,3,Theta,0.4500739984050827
5,is_s,4,Theta,5.339213008542962
5,is_s,5,Theta,0.6521593301644694
5,is_s,6,Theta,0.06521885259047547
5,is_s,7,Theta,1.0241058843425566
5,is_s,8,Theta,4.686642221845643
5,is_s,9,Theta,4.856025141620364
5,is_s,10,Theta,5.715709128094431
5,is_s,11,Theta,4.245714477674736
5,is_s,12,Theta,2.586566686376912
5,is_s,13,Theta,4.6978091031385105
5,is_s,14,Theta,2.498447069989525
5,is_s,15,Theta,0.6966196059484855
5,is_s,16,Theta,0.9739946684302775
5,is_s,17,Theta,4.725788865888955
5,is_s,18,Theta,3.555781879348264
5,is_s,19,Theta,5.674045877633041
5,is_s,20,Theta,5.345024671006316
5,is_s,21,Theta,4.280963005665711
5,is_s,22,Theta,0.5899869844689901
5,is_s,23,Theta,5.6266017428404895
5,is_s,24,Theta,5.739424791912887
5,is_s,25,Theta,0.37778448775048634
5,is_s,26,Theta,0.3439823122820853
5,is_s,27,Theta,1.5975549692716424
5,is_s,28,Theta,0.002605165842596685
5,is_s,29,Theta,4.8913796447122175
5,is_s,30,Theta,5.114603157872819
5,is_s,31,Theta,1.9797409070171579
5,is_s,32,Theta,4.790053069644949
5,is_s,33,Theta,0.4010186979394008
5,is_s,34,Theta,5.247323101806149
5,is_s,35,Theta,3.7675207577956162
5,is_s,36,Theta,5.901650689287644
5,is_s,37,Theta,5.720676750627489
5,is_s,38,Theta,0.3656433505853751
5,is_s,39,Theta,0.229200647973954
5,is_s,40,Theta,6.079415014971601
5,is_s,41,Theta,6.013695620571345
5,is_s,42,Theta,6.279942968922016
5,is_s,43,Theta,5.418352010408417
5,is_s,44,Theta,5.298730772355144
5,is_s,45,Theta,4.895501025218927
5,is_s,46,Theta,4.343237796767912
5,is_s,47,Theta,6.056391952453882
5,is_s,48,Theta,1.6487335742945652
5,is_s,49,Theta,3.7708061850646843
5,is_s,50,Theta,4.467308181330532
5,is_s,51,Theta,6.067063403822033
5,is_s,52,Theta,0.33804802330500733
5,is_s,53,Theta,0.4607914304141511
5,is_s,54,Theta,4.857865409773688
5,is_s,55,Theta,6.205635052008894
5,is_s,56,Theta,2.1225825332080523
5,is_s,57,Theta,1.6490858688221697
5,is_s,58,Theta,1.241477954797894
5,is_s,59,Theta,4.528862151936014
5,is_s,60,Theta,6.098208065959958
5,is_s,1,Alpha,0.5471484549641233
5,is_s,2,Alpha,4.205151749961328
5,is_s,3,Alpha,0.7521966603358025
5,is_s,4,Alpha,5.05247047734718
5,is_s,5,Alpha,6.12308396781646
5,is_s,6,Alpha,0.5317188007788625
5,is_s,7,Alpha,1.4335302554600493
5,is_s,8,Alpha,4.528009282519662
5,is_s,9,Alpha,2.699760397843431
5,is_s,10,Alpha,3.6382001063683695
5,is_s,11,Alpha,2.4277361573424807
5,is_s,12,Alpha,5.571497061341493
5,is_s,13,Alpha,4.886812844568706
5,is_s,14,Alpha,0.964880944938473
5,is_s,15,Alpha,0.010590019779113112
5,is_s,16,Alpha,1.6639710093013917
5,is_s,17,Alpha,1.9111268728770603
5,is_s,18,Alpha,2.4432047804441095
5,is_s,19,Alpha,5.752272765917549
5,is_s,20,Alpha,2.932425331393884
5,is_s,21,Alpha,1.871642797547366
5,is_s,22,Alpha,0.7978240275354166
5,is_s,23,Alpha,2.3652976642639323
5,is_s,24,Alpha,4.05138470478835
5,is_s,25,Alpha,6.1286534847748415
5,is_s,26,Alpha,2.649327297813361
5,is_s,27,Alpha,2.1046901698204294
5,is_s,28,Alpha,6.055314912095247
5,is_s,29,Alpha,3.899088279746292
5,is_s,30,Alpha,1.9672275821467222
5,is_s,31,Alpha,1.553930839336846
5,is_s,32,Alpha,5.6099445075389065
5,is_s,33,Alpha,0.9336569643329613
5,is_s,34,Alpha,5.379715884529239
5,is_s,35,Alpha,4.524981689701569
5,is_s,36,Alpha,6.216006598646409
5,is_s,37,Alpha,0.5083753187048962
5,is_s,38,Alpha,0.6671749812060564
5,is_s,39,Alpha,0.9369104857748835
5,is_s,40,Alpha,0.9924209853778406
5,is_s,41,Alpha,0.45812784280644786
5,is_s,42,Alpha,0.6528600150151675
5,is_s,43,Alpha,0.40385466624547633
5,is_s,44,Alpha,2.715956534177536
5,is_s,45,Alpha,5.947507120783569
5,is_s,46,Alpha,2.8274597243301853
5,is_s,47,Alpha,0.8690560494540566
5,is_s,48,Alpha,2.452332365559498
5,is_s,49,Alpha,3.7225619105106547
5,is_s,50,Alpha,1.7579765072503926
5,is_s,51,Alpha,3.2333593759156845
5,is_s,52,Alpha,0.7825900261195385
5,is_s,53,Alpha,1.7690073875705905
5,is_s,54,Alpha,1.695079442507728
5,is_s,55,Alpha,1.143324303224123
5,is_s,56,Alpha,0.7215507121916819
5,is_s,57,Alpha,2.3709923964740143
5,is_s,58,Alpha,2.1796907079939714
5,is_s,59,Alpha,1.1872051590367703
5,is_s,60,Alpha,6.062080961671115
5,is_s,1,Beta,1.2598900409522202
5,is_s,2,Beta,1.1962388297845168
5,is_s,3,Beta,5.190376586749688
5,is_s,4,Beta,5.848142097252993
5,is_s,5,Beta,3.523857377975759
5,is_s,6,Beta,4.769620374047114
5,is_s,7,Beta,2.9263776815551146
5,is_s,8,Beta,5.810942818864636
5,is_s,9,Beta,2.3416142878983695
5,is_s,10,Beta,1.2959616766946425
5,is_s,11,Beta,3.8214859539995967
5,is_s,12,Beta,5.034022718938861
5,is_s,13,Beta,5.970631159761503
5,is_s,14,Beta,0.09849208207331467
5,is_s,15,Beta,5.031583991426411
5,is_s,16,Beta,3.2191645441944394
5,is_s,17,Beta,1.7698766812621032
5,is_s,18,Beta,2.3007903608503097
5,is_s,19,Beta,3.2529136968282986
5,is_s,20,Beta,5.033902042002015
5,is_s,21,Beta,1.970330238404871
5,is_s,22,Beta,5.405636727985895
5,is_s,23,Beta,2.6682243695247028
5,is_s,24,Beta,4.251434850415299
5,is_s,25,Beta,5.47371141078475
5,is_s,26,Beta,3.251610069110851
5,is_s,27,Beta,3.340287126039625
5,is_s,28,Beta,4.7887216750217245
5,is_s,29,Beta,4.176995744424149
5,is_s,30,Beta,5.585976372539259
5,is_s,31,Beta,2.843343763646795
5,is_s,32,Beta,0.4043573022438821
5,is_s,33,Beta,2.2849914572152183
5,is_s,34,Beta,2.0902671947419993
5,is_s,35,Beta,3.1480099465416393
5,is_s,36,Beta,1.2650118027572113
5,is_s,37,Beta,0.0453530111653783
5,is_s,38,Beta,4.060981641462584
5,is_s,39,Beta,3.5396415939624184
5,is_s,40,Beta,4.619664605571937
5,is_s,41,Beta,0.6240970274172397
5,is_s,42,Beta,1.473420434716663
5,is_s,43,Beta,1.5837820590192047
5,is_s,44,Beta,2.242901916626399
5,is_s,45,Beta,1.6365138786620053
5,is_s,46,Beta,2.8557991067533934
5,is_s,47,Beta,4.613690927744206
5,is_s,48,Beta,4.159929876782204
5,is_s,49,Beta,5.032905403851007
5,is_s,50,Beta,3.9095254941830806
5,is_s,51,Beta,2.4728338662305402
5,is_s,52,Beta,0.28293172134948597
5,is_s,53,Beta,4.619257892842619
5,is_s,54,Beta,5.164908926329642
5,is_s,55,Beta,2.9195960745228184
5,is_s,56,Beta,6.250540754571661
5,is_s,57,Beta,3.182464760890506
5,is_s,58,Beta,5.552054771866709
5,is_s,59,Beta,6.217541413859911
5,is_s,60,Beta,2.6471921833265433
6,vs_s,1,Delta,0.5390729812140246
6,vs_s,2,Delta,6.0124562080027895
6,vs_s,3,Delta,1.8021100174932059
6,vs_s,4,Delta,0.8577752466764071
6,vs_s,5,Delta,3.1425513381950823
6,vs_s,6,Delta,3.108253629954502
6,vs_s,7,Delta,2.496110597024904
6,vs_s,8,Delta,5.431360156479103
6,vs_s,9,Delta,0.7457236883948927
6,vs_s,10,Delta,4.759561334257146
6,vs_s,11,Delta,5.484490587439951
6,vs_s,12,Delta,0.679233323789777
6,vs_s,13,Delta,1.2209949143076626
6,vs_s,14,Delta,1.6192466061265636
6,vs_s,15,Delta,0.9668073627555939
6,vs_s,16,Delta,1.1089841217665022
6,vs_s,17,Delta,1.5592121869986233
6,vs_s,18,Delta,5.310488934222974
6,vs_s,19,Delta,0.5500172396827655
6,vs_s,20,Delta,4.65852271344103
6,vs_s,21,Delta,1.3275565947775636
6,vs_s,22,Delta,1.6799006532046274
6,vs_s,23,Delta,1.5201157278150923
6,vs_s,24,Delta,1.412444958663462
6,vs_s,25,Delta,1.7493828204884607
6,vs_s,26,Delta,1.1964873956171511
6,vs_s,27,Delta,0.44996820477840843
6,vs_s,28,Delta,4.949358965376322
6,vs_s,29,Delta,1.3860274977148468
6,vs_s,30,Delta,0.9170645960083808
6,vs_s,31,Delta,4.99218883663323
6,vs_s,32,Delta,1.5837279534556876
6,vs_s,33,Delta,0.8400070539794409
6,vs_s,34,Delta,1.1230971517572266
6,vs_s,35,Delta,4.88171695965303
6,vs_s,36,Delta,1.0911880211699527
6,vs_s,37,Delta,1.5503958758449872
6,vs_s,38,Delta,1.1237793482959402
6,vs_s,39,Delta,1.3919415167948541
6,vs_s,40,Delta,1.8479232000181058
6,vs_s,41,Delta,1.0678744110682936
6,vs_s,42,Delta,1.3158295657291967
6,vs_s,43,Delta,4.989803849768021
6,vs_s,44,Delta,2.3329412539075234
6,vs_s,45,Delta,1.0663298253979192
6,vs_s,46,Delta,1.3423140721999278
6,vs_s,47,Delta,0.6365327921299554
6,vs_s,48,Delta,1.6104619291032245
6,vs_s,49,Delta,1.7737623454477514
6,vs_s,50,Delta,0.5522747139181676
6,vs_s,51,Delta,1.3686547135559466
6,vs_s,52,Delta,2.0654390439569457
6,vs_s,53,Delta,3.5328786740440274
6,vs_s,54,Delta,4.82606350451892
6,vs_s,55,Delta,0.01066744505948454
6,vs_s,56,Delta,0.8747939006459148
6,vs_s,57,Delta,5.690090105602837
6,vs_s,58,Delta,1.6548288658726948
6,vs_s,59,Delta,4.898955316407627
6,vs_s,60,Delta,1.7935826015235317
6,vs_s,1,Theta,0.10637480547036679
6,vs_s,2,Theta,0.27000548021884935
6,vs_s,3,Theta,0.8057397462148923
6,vs_s,4,Theta,1.2670465636127586
6,vs_s,5,Theta,1.033894901304422
6,vs_s,6,Theta,2.0876741003344614
6,vs_s,7,Theta,3.5417060155848947
6,vs_s,8,Theta,0.44230582420364317
6,vs_s,9,Theta,5.6388225609594755
6,vs_s,10,Theta,5.297241423395746
6,vs_s,11,Theta,0.9403498082135759
6,vs_s,12,Theta,5.847958158371441
6,vs_s,13,Theta,4.697157117225798
6,vs_s,14,Theta,1.5006893691899745
6,vs_s,15,Theta,0.8942257522315793
6,vs_s,16,Theta,1.2337829274041372
6,vs_s,17,Theta,1.2335500113780864
6,vs_s,18,Theta,0.8788835715361695
6,vs_s,19,Theta,0.7796749174951351
6,vs_s,20,Theta,5.2468153547539425
6,vs_s,21,Theta,1.0072521462357962
6,vs_s,22,Theta,0.8952822307039157
6,vs_s,23,Theta,6.2358331027732286
6,vs_s,24,Theta,6.220166623905958
6,vs_s,25,Theta,4.259228526899477
6,vs_s,26,Theta,0.4399741787647638
6,vs_s,27,Theta,0.30849613858290054
6,vs_s,28,Theta,2.5297712095232696
6,vs_s,29,Theta,1.2210690735975522
6,vs_s,30,Theta,6.088989057258329
6,vs_s,31,Theta,5.919238613826301
6,vs_s,32,Theta,1.8914609694989999
6,vs_s,33,Theta,0.5954437360719574
6,vs_s,34,Theta,1.1077340193278717
6,vs_s,35,Theta,4.833120520122457
6,vs_s,36,Theta,0.13945827729782995
6,vs_s,37,Theta,0.8431429268203943
6,vs_s,38,Theta,6.012725437157977
6,vs_s,39,Theta,0.8759348577802225
6,vs_s,40,Theta,2.724107908765374
6,vs_s,41,Theta,0.8566630718378744
6,vs_s,42,Theta,2.0949731402366654
6,vs_s,43,Theta,4.752850173903089
6,vs_s,44,Theta,1.6171303603982605
6,vs_s,45,Theta,0.6619740232486968
6,vs_s,46,Theta,1.217446360329
6,vs_s,47,Theta,0.339590393935925
6,vs_s,48,Theta,1.3387281679780274
6,vs_s,49,Theta,2.753404025054277
6,vs_s,50,Theta,0.7812850569306644
6,vs_s,51,Theta,1.0394220285605145
6,vs_s,52,Theta,2.0104463943207356
6,vs_s,53,Theta,2.9230838540121695
6,vs_s,54,Theta,5.798549606033398
6,vs_s,55,Theta,0.6961743514403571
6,vs_s,56,Theta,5.6460180846392145
6,vs_s,57,Theta,5.495031914256798
6,vs_s,58,Theta,1.9311421469406354
6,vs_s,59,Theta,5.073806153184877
6,vs_s,60,Theta,2.368394687700651
6,vs_s,1,Alpha,5.702638029634143
6,vs_s,2,Alpha,0.7160145545919939
6,vs_s,3,Alpha,5.963198002850778
6,vs_s,4,Alpha,1.9357922516729604
6,vs_s,5,Alpha,0.8165888779525463
6,vs_s,6,Alpha,3.0871085578098443
6,vs_s,7,Alpha,3.314607945607242
6,vs_s,8,Alpha,0.8334479280670746
6,vs_s,9,Alpha,6.187390256247971
6,vs_s,10,Alpha,5.297968002094148
6,vs_s,11,Alpha,1.1511010209117727
6,vs_s,12,Alpha,5.015582104739724
6,vs_s,13,Alpha,0.6418440963731666
6,vs_s,14,Alpha,1.95048370875964
6,vs_s,15,Alpha,0.8568578701208308
6,vs_s,16,Alpha,1.593528646636181
6,vs_s,17,Alpha,4.717026638806077
6,vs_s,18,Alpha,0.29310435700300846
6,vs_s,19,Alpha,1.0229163710962932
6,vs_s,20,Alpha,1.0220208078139128
6,vs_s,21,Alpha,1.5689392762864625
6,vs_s,22,Alpha,1.297296193010335
6,vs_s,23,Alpha,4.674024368909487
6,vs_s,24,Alpha,0.15761093848422583
6,vs_s,25,Alpha,0.827239759031169
6,vs_s,26,Alpha,0.2643748624064281
6,vs_s,27,Alpha,0.6571483393787961
6,vs_s,28,Alpha,2.6318516133681737
6,vs_s,29,Alpha,0.8911485588288445
6,vs_s,30,Alpha,4.896480763228989
6,vs_s,31,Alpha,0.7438613038477958
6,vs_s,32,Alpha,2.7644581371801
6,vs_s,33,Alpha,3.7320848101708823
6,vs_s,34,Alpha,0.2645016364807076
6,vs_s,35,Alpha,4.1164112391575385
6,vs_s,36,Alpha,0.5780662364868419
6,vs_s,37,Alpha,1.1819877887133872
6,vs_s,38,Alpha,3.066618180395964
6,vs_s,39,Alpha,0.13613953322993652
6,vs_s,40,Alpha,5.171852120625947
6,vs_s,41,Alpha,0.8519289468558028
6,vs_s,42,Alpha,3.0148825690235674
6,vs_s,43,Alpha,1.4951014532157432
6,vs_s,44,Alpha,1.0529848374165802
6,vs_s,45,Alpha,0.8479437639584615
6,vs_s,46,Alpha,4.517058990141926
6,vs_s,47,Alpha,6.147497986336845
6,vs_s,48,Alpha,0.5527973027054078
6,vs_s,49,Alpha,2.9157562845020717
6,vs_s,50,Alpha,3.2513933255895324
6,vs_s,51,Alpha,0.5838926963140906
6,vs_s,52,Alpha,4.740666192416295
6,vs_s,53,Alpha,2.355871639771647
6,vs_s,54,Alpha,5.616493309222825
6,vs_s,55,Alpha,4.131318558275844
6,vs_s,56,Alpha,5.176852552914789
6,vs_s,57,Alpha,5.304314246917331
6,vs_s,58,Alpha,3.2168629832863007
6,vs_s,59,Alpha,0.5060615519929139
6,vs_s,60,Alpha,2.2168724582796604
6,vs_s,1,Beta,2.9839117625275944
6,vs_s,2,Beta,5.616908045928774
6,vs_s,3,Beta,3.5762799974164294
6,vs_s,4,Beta,5.095764513991221
6,vs_s,5,Beta,0.5441747065929364
6,vs_s,6,Beta,1.9422471350006618
6,vs_s,7,Beta,5.146793216004924
6,vs_s,8,Beta,3.3214809555896148
6,vs_s,9,Beta,5.346152933479381
6,vs_s,10,Beta,5.581056656547031
6,vs_s,11,Beta,1.847100668019386
6,vs_s,12,Beta,0.5942059029094188
6,vs_s,13,Beta,1.9209792562360122
6,vs_s,14,Beta,0.08578694009359455
6,vs_s,15,Beta,4.9943700530135775
6,vs_s,16,Beta,4.820167835675924
6,vs_s,17,Beta,5.209595173525163
6,vs_s,18,Beta,0.739564664716496
6,vs_s,19,Beta,1.9409413038460037
6,vs_s,20,Beta,3.0147022674203616
6,vs_s,21,Beta,4.223329749678948
6,vs_s,22,Beta,2.6824205447472136
6,vs_s,23,Beta,2.2093536524533954
6,vs_s,24,Beta,0.9657057220615918
6,vs_s,25,Beta,1.067916295230104
6,vs_s,26,Beta,2.939721373470922
6,vs_s,27,Beta,0.271928760687127
6,vs_s,28,Beta,5.352138672834511
6,vs_s,29,Beta,1.7567028413362622
6,vs_s,30,Beta,5.875220471694395
6,vs_s,31,Beta,1.2408444939804597
6,vs_s,32,Beta,2.5975485972334695
6,vs_s,33,Beta,1.460553294789263
6,vs_s,34,Beta,4.7854760307210205
6,vs_s,35,Beta,1.6904480206689498
6,vs_s,36,Beta,0.5485560948478485
6,vs_s,37,Beta,1.8520932397361674
6,vs_s,38,Beta,3.5866980416067245
6,vs_s,39,Beta,0.1749810482578865
6,vs_s,40,Beta,0.4708956566004234
6,vs_s,41,Beta,4.915776336787374
6,vs_s,42,Beta,5.09781936968332
6,vs_s,43,Beta,1.6656083937678148
6,vs_s,44,Beta,4.156086864510945
6,vs_s,45,Beta,6.092567447822998
6,vs_s,46,Beta,5.188384231431295
6,vs_s,47,Beta,1.8780567984040295
6,vs_s,48,Beta,3.770664714344197
6,vs_s,49,Beta,2.4553378445962726
6,vs_s,50,Beta,2.7837990439516367
6,vs_s,51,Beta,4.145080304075009
6,vs_s,52,Beta,0.27667468641865545
6,vs_s,53,Beta,0.2983849221183875
6,vs_s,54,Beta,0.012514568549535294
6,vs_s,55,Beta,4.470929435142825
6,vs_s,56,Beta,4.99068214886892
6,vs_s,57,Beta,4.4567617009079985
6,vs_s,58,Beta,3.5036835362432797
6,vs_s,59,Beta,1.8880930925054455
6,vs_s,60,Beta,4.148070303547033
6,is_s,1,Delta,5.634483714280608
6,is_s,2,Delta,3.748858706328211
6,is_s,3,Delta,1.1651490988160582
6,is_s,5,Delta,1.7761059411596907
6,is_s,6,Delta,2.0549579073937383
6,is_s,7,Delta,2.260274607463452
6,is_s,8,Delta,0.30850131871940295
6,is_s,9,Delta,0.46948381134059336
6,is_s,10,Delta,1.2804387350950526
6,is_s,11,Delta,1.7042446350422362
6,is_s,12,Delta,1.2090226808965738
6,is_s,13,Delta,1.9016032187055607
6,is_s,14,Delta,1.2558298288905634
6,is_s,15,Delta,4.850572195161563
6,is_s,16,Delta,1.2010202271710217
6,is_s,17,Delta,0.04590091140793148
6,is_s,18,Delta,1.835400842227177
6,is_s,19,Delta,1.7809270815772897
6,is_s,20,Delta,1.4374525540725624
6,is_s,21,Delta,2.8649164338845523
6,is_s,22,Delta,1.6403759566687075
6,is_s,24,Delta,0.9776275847873482
6,is_s,25,Delta,1.1438488086469252
6,is_s,26,Delta,1.179392895349594
6,is_s,27,Delta,1.46251496607317
6,is_s,28,Delta,1.553524139058853
6,is_s,29,Delta,2.039796666264151
6,is_s,30,Delta,1.4635647176361852
6,is_s,31,Delta,1.4524703462344877
6,is_s,32,Delta,1.9556517275448813
6,is_s,33,Delta,1.9404971632907038
6,is_s,34,Delta,6.265167436920649
6,is_s,35,Delta,2.254754475732133
6,is_s,36,Delta,2.845984741152672
6,is_s,37,Delta,0.5705435714750811
6,is_s,38,Delta,1.7140704922547452
6,is_s,39,Delta,4.269811133680399
6,is_s,41,Delta,1.627742255190082
6,is_s,42,Delta,0.4193307244437163
6,is_s,43,Delta,0.9041569256496077
6,is_s,44,Delta,1.977526168697861
6,is_s,45,Delta,4.552372375204011
6,is_s,46,Delta,0.4321342921577031
6,is_s,47,Delta,5.903862519553643
6,is_s,48,Delta,5.109400000393356
6,is_s,49,Delta,1.5871653675542505
6,is_s,50,Delta,1.690059909576056
6,is_s,52,Delta,6.218988097916328
6,is_s,53,Delta,1.9747882110130086
6,is_s,54,Delta,1.251432453309766
6,is_s,55,Delta,1.5474829296258
6,is_s,56,Delta,1.614593766436948
6,is_s,57,Delta,3.2523116362510027
6,is_s,58,Delta,1.6982820763813509
6,is_s,59,Delta,4.720121256501196
6,is_s,60,Delta,0.5808402312702665
6,is_s,1,Theta,5.273780000187097
6,is_s,2,Theta,4.075085020948064
6,is_s,3,Theta,0.26648247164693956
6,is_s,5,Theta,2.4536169551530893
6,is_s,6,Theta,5.0567245716162965
6,is_s,7,Theta,2.6251990115442587
6,is_s,8,Theta,0.25021722532078655
6,is_s,9,Theta,0.5071831703702804
6,is_s,10,Theta,0.8474531029640042
6,is_s,11,Theta,2.107067964504911
6,is_s,12,Theta,0.3612581645345813
6,is_s,13,Theta,1.1098555297633204
6,is_s,14,Theta,1.4789431952177896
6,is_s,15,Theta,1.6621672140042711
6,is_s,16,Theta,0.26887833220525875
6,is_s,17,Theta,6.019909189392408
6,is_s,18,Theta,1.9803931218974762
6,is_s,19,Theta,1.5596538684065804
6,is_s,20,Theta,0.0917156951203408
6,is_s,21,Theta,1.9936707383369097
6,is_s,22,Theta,1.961161998452245
6,is_s,24,Theta,1.5542344016628864
6,is_s,25,Theta,0.9417367892233289
6,is_s,26,Theta,1.7142412601643546
6,is_s,27,Theta,2.114329591569003
6,is_s,28,Theta,1.7543578294714548
6,is_s,29,Theta,2.860854880620671
6,is_s,30,Theta,0.5580960899032624
6,is_s,31,Theta,2.427400526650262
6,is_s,32,Theta,2.6772256198656885
6,is_s,33,Theta,1.6344005143694917
6,is_s,34,Theta,0.4794328681042134
6,is_s,35,Theta,3.6159519141155383
6,is_s,36,Theta,2.886474892251955
6,is_s,37,Theta,0.630570730399493
6,is_s,38,Theta,3.962386150317413
6,is_s,39,Theta,3.027620203023253
6,is_s,41,Theta,0.42658794864867267
6,is_s,42,Theta,1.620520485094935
6,is_s,43,Theta,1.1434103373262636
6,is_s,44,Theta,1.1627195217811301
6,is_s,45,Theta,4.482648900985655
6,is_s,46,Theta,0.9334565274223268
6,is_s,47,Theta,5.096427865560677
6,is_s,48,Theta,4.726340434530348
6,is_s,49,Theta,1.3698896109764673
6,is_s,50,Theta,2.4815969748557385
6,is_s,52,Theta,0.03261778355819196
6,is_s,53,Theta,2.7699032616451396
6,is_s,54,Theta,0.3859392485114442
6,is_s,55,Theta,2.179199638700977
6,is_s,56,Theta,0.8652597657830949
6,is_s,57,Theta,3.111705805108606
6,is_s,58,Theta,1.4425269158452467
6,is_s,59,Theta,0.5348126779162301
6,is_s,60,Theta,0.5127795537591675
6,is_s,1,Alpha,1.7102856947320049
6,is_s,2,Alpha,5.0548651365336115
6,is_s,3,Alpha,1.1823405439121466
6,is_s,5,Alpha,1.7830215105821579
6,is_s,6,Alpha,5.435212509140847
6,is_s,7,Alpha,3.093438909067129
6,is_s,8,Alpha,4.70052775693659
6,is_s,9,Alpha,5.812878795167653
6,is_s,10,Alpha,3.478331138368809
6,is_s,11,Alpha,3.055812955013266
6,is_s,12,Alpha,1.3811136239468924
6,is_s,13,Alpha,6.1585614212200825
6,is_s,14,Alpha,6.112498823269899
6,is_s,15,Alpha,1.754595741492215
6,is_s,16,Alpha,6.0949084280911565
6,is_s,17,Alpha,1.2784821642296282
6,is_s,18,Alpha,1.7601627885211224
6,is_s,19,Alpha,5.328211397948276
6,is_s,20,Alpha,2.390302985560781
6,is_s,21,Alpha,1.3497837606830478
6,is_s,22,Alpha,1.9420707754586601
6,is_s,24,Alpha,1.5508815982187307
6,is_s,25,Alpha,0.12200389615257574
6,is_s,26,Alpha,1.1493867096354944
6,is_s,27,Alpha,2.4259946813793776
6,is_s,28,Alpha,1.2314340111254447
6,is_s,29,Alpha,3.791603782367277
6,is_s,30,Alpha,6.113492991032309
6,is_s,31,Alpha,4.702691115624167
6,is_s,32,Alpha,3.4250781342559686
6,is_s,33,Alpha,5.721217653547435
6,is_s,34,Alpha,0.5271519861725766
6,is_s,35,Alpha,4.3473080790985925
6,is_s,36,Alpha,0.8913127829836727
6,is_s,37,Alpha,0.35909559546302156
6,is_s,38,Alpha,3.870711241077
6,is_s,39,Alpha,2.36481503881668
6,is_s,41,Alpha,5.078053236364324
6,is_s,42,Alpha,1.8967944219335686
6,is_s,43,Alpha,1.579354912870428
6,is_s,44,Alpha,0.6328669863595843
6,is_s,45,Alpha,4.17823361672416
6,is_s,46,Alpha,0.7003222926383762
6,is_s,47,Alpha,3.9528661773166283
6,is_s,48,Alpha,3.4668317633055103
6,is_s,49,Alpha,5.274098705055371
6,is_s,50,Alpha,3.9918380471432835
6,is_s,52,Alpha,4.79863250014842
6,is_s,53,Alpha,3.300499995658575
6,is_s,54,Alpha,5.634769757563536
6,is_s,55,Alpha,2.99572996292519
6,is_s,56,Alpha,0.13330081345190303
6,is_s,57,Alpha,3.4456838681850788
6,is_s,58,Alpha,1.499822823484991
6,is_s,59,Alpha,5.931072011136951
6,is_s,60,Alpha,3.3592860431118705
6,is_s,1,Beta,3.767935995900636
6,is_s,2,Beta,3.3680871729385164
6,is_s,3,Beta,5.9235947134092655
6,is_s,5,Beta,0.8454221038031343
6,is_s,6,Beta,1.7123606970714567
6,is_s,7,Beta,1.1832679174368235
6,is_s,8,Beta,4.042934947948751
6,is_s,9,Beta,6.1163919603431705
6,is_s,10,Beta,1.0580885893263434
6,is_s,11,Beta,4.830087787474417
6,is_s,12,Beta,2.490897793449776
6,is_s,13,Beta,4.27984791038099
6,is_s,14,Beta,6.113957110731798
6,is_s,15,Beta,5.0167244207575195
6,is_s,16,Beta,4.879332528373368
6,is_s,17,Beta,5.615769396882972
6,is_s,18,Beta,3.271761534012878
6,is_s,19,Beta,6.00126064258265
6,is_s,20,Beta,0.2703544952395555
6,is_s,21,Beta,5.058225408597037
6,is_s,22,Beta,1.3724439698746098
6,is_s,24,Beta,4.982225895367638
6,is_s,25,Beta,0.5388537501300583
6,is_s,26,Beta,4.917471855604855
6,is_s,27,Beta,4.987237902393691
6,is_s,28,Beta,4.367337233665548
6,is_s,29,Beta,1.8526130986408422
6,is_s,30,Beta,1.0866673644670735
6,is_s,31,Beta,2.0489504993100836
6,is_s,32,Beta,4.673037296465058
6,is_s,33,Beta,3.47191011392061
6,is_s,34,Beta,5.348423748400638
6,is_s,35,Beta,4.654145585055003
6,is_s,36,Beta,1.1602670593551847
6,is_s,37,Beta,3.861554296210986
6,is_s,38,Beta,2.5398153658047593
6,is_s,39,Beta,4.199649926206479
6,is_s,41,Beta,5.957418043264086
6,is_s,42,Beta,2.7683523001790418
6,is_s,43,Beta,1.80303407739092
6,is_s,44,Beta,0.6411251278598635
6,is_s,45,Beta,3.9611176866644873
6,is_s,46,Beta,4.102738156172525
6,is_s,47,Beta,3.0253004928847007
6,is_s,48,Beta,4.551294089912664
6,is_s,49,Beta,4.296870005520535
6,is_s,50,Beta,3.2750377139681373
6,is_s,52,Beta,6.117354863240762
6,is_s,53,Beta,2.984214876883946
6,is_s,54,Beta,4.543588698689443
6,is_s,55,Beta,6.016953592218646
6,is_s,56,Beta,3.623799235128949
6,is_s,57,Beta,2.7786246579851364
6,is_s,58,Beta,4.406857119696245
6,is_s,59,Beta,4.0148261774074285
6,is_s,60,Beta,2.901789244806234
7,vs_s,1,Delta,1.2086942710392374
7,vs_s,2,Delta,4.812229822222288
7,vs_s,3,Delta,0.5418283005469751
7,vs_s,4,Delta,1.3774393233974158
7,vs_s,5,Delta,5.903354294598079
7,vs_s,6,Delta,4.837370104611599
7,vs_s,7,Delta,5.132171508009131
7,vs_s,8,Delta,1.4270175093828943
7,vs_s,9,Delta,5.801778901850421
7,vs_s,10,Delta,0.438002999120005
7,vs_s,11,Delta,4.819120041186484
7,vs_s,12,Delta,5.051542970158506
7,vs_s,13,Delta,4.913628129913262
7,vs_s,14,Delta,4.6703997341783134
7,vs_s,15,Delta,4.960471527664551
7,vs_s,16,Delta,1.4181078653080246
7,vs_s,17,Delta,4.359927715626731
7,vs_s,18,Delta,5.102224462970758
7,vs_s,19,Delta,5.018545560765097
7,vs_s,20,Delta,5.458407668793505
7,vs_s,21,Delta,4.558998707095172
7,vs_s,22,Delta,1.5642885386772423
7,vs_s,23,Delta,5.5604810630611246
7,vs_s,24,Delta,4.975356184991105
7,vs_s,25,Delta,5.0496825354453785
7,vs_s,26,Delta,5.159303920400787
7,vs_s,27,Delta,2.8442420694599724
7,vs_s,28,Delta,4.07992670693821
7,vs_s,29,Delta,5.374746211602306
7,vs_s,30,Delta,1.8508154081663295
7,vs_s,31,Delta,3.9948447667414806
7,vs_s,32,Delta,4.9934591025687185
7,vs_s,33,Delta,1.3203302846172649
7,vs_s,34,Delta,5.144164297807226
7,vs_s,35,Delta,4.809124496557973
7,vs_s,36,Delta,4.5382678533573095
7,vs_s,37,Delta,5.123534969510852
7,vs_s,38,Delta,4.828109624982338
7,vs_s,39,Delta,4.783110525712548
7,vs_s,40,Delta,4.611800839680745
7,vs_s,41,Delta,4.548316182719294
7,vs_s,42,Delta,5.11877199073179
7,vs_s,43,Delta,4.735045468425923
7,vs_s,44,Delta,5.085854139073788
7,vs_s,45,Delta,5.179191827708676
7,vs_s,46,Delta,5.503994186603591
7,vs_s,47,Delta,4.742761914757384
7,vs_s,48,Delta,5.607006633401276
7,vs_s,49,Delta,5.163917659101342
7,vs_s,50,Delta,0.10229767554872823
7,vs_s,51,Delta,5.042303779995938
7,vs_s,52,Delta,4.222602358684638
7,vs_s,53,Delta,4.322657658512499
7,vs_s,54,Delta,1.0922745927405755
7,vs_s,55,Delta,5.132159647136379
7,vs_s,56,Delta,4.967713381284722
7,vs_s,57,Delta,5.031765753319304
7,vs_s,58,Delta,5.181043796071653
7,vs_s,59,Delta,4.438394135361605
7,vs_s,60,Delta,5.414128213174107
7,vs_s,1,Theta,5.202603112533158
7,vs_s,2,Theta,4.474902496081406
7,vs_s,3,Theta,2.2567324027832516
7,vs_s,4,Theta,1.9782444836408024
7,vs_s,5,Theta,3.089411622857441
7,vs_s,6,Theta,4.462662343580858
7,vs_s,7,Theta,1.2157717547627491
7,vs_s,8,Theta,1.1206832297746498
7,vs_s,9,Theta,5.148213951508568
7,vs_s,10,Theta,4.080128717194204
7,vs_s,11,Theta,5.47014715201421
7,vs_s,12,Theta,3.9318878404658917
7,vs_s,13,Theta,4.301447702474097
7,vs_s,14,Theta,4.908206002223911
7,vs_s,15,Theta,5.548501771211903
7,vs_s,16,Theta,1.4022551177361684
7,vs_s,17,Theta,3.835832863581749
7,vs_s,18,Theta,5.535298797032926
7,vs_s,19,Theta,5.206441283448172
7,vs_s,20,Theta,5.040959971002478
7,vs_s,21,Theta,4.122733907992648
7,vs_s,22,Theta,0.7821787110753935
7,vs_s,23,Theta,5.615460419165264
7,vs_s,24,Theta,4.252973438009816
7,vs_s,25,Theta,0.09488166834775467
7,vs_s,26,Theta,0.016425675948066827
7,vs_s,27,Theta,5.398950399241921
7,vs_s,28,Theta,4.343517121244445
7,vs_s,29,Theta,5.641559362022637
7,vs_s,30,Theta,1.9193341339372505
7,vs_s,31,Theta,3.9038752141999464
7,vs_s,32,Theta,4.919135742147937
7,vs_s,33,Theta,1.5508894199039784
7,vs_s,34,Theta,4.265409320069745
7,vs_s,35,Theta,5.0287919131412915
7,vs_s,36,Theta,5.3634795840676235
7,vs_s,37,Theta,5.952347415639223
7,vs_s,38,Theta,5.344927873997267
7,vs_s,39,Theta,3.800635384675518
7,vs_s,40,Theta,4.768695926165767
7,vs_s,41,Theta,4.8747092642139425
7,vs_s,42,Theta,5.832848129350295
7,vs_s,43,Theta,4.413972532524445
7,vs_s,44,Theta,5.424019923491573
7,vs_s,45,Theta,0.08512249513929437
7,vs_s,46,Theta,5.755329556248916
7,vs_s,47,Theta,5.633798533200163
7,vs_s,48,Theta,0.015035499274272016
7,vs_s,49,Theta,5.63482917974707
7,vs_s,50,Theta,5.751888060016223
7,vs_s,51,Theta,0.21297252574346437
7,vs_s,52,Theta,4.705147953098146
7,vs_s,53,Theta,3.904993182626994
7,vs_s,54,Theta,0.8604241576156224
7,vs_s,55,Theta,6.22442412189399
7,vs_s,56,Theta,5.084419728790669
7,vs_s,57,Theta,0.0635813561616495
7,vs_s,58,Theta,4.70375198399409
7,vs_s,59,Theta,4.95050780287339
7,vs_s,60,Theta,5.7906237936284235
7,vs_s,1,Alpha,4.950281894545757
7,vs_s,2,Alpha,4.489195722507732
7,vs_s,3,Alpha,1.6474496339182192
7,vs_s,4,Alpha,2.360447586388571
7,vs_s,5,Alpha,2.8638999113346624
7,vs_s,6,Alpha,2.942796477231058
7,vs_s,7,Alpha,1.992857522086949
7,vs_s,8,Alpha,1.348541428622984
7,vs_s,9,Alpha,4.218437000289937
7,vs_s,10,Alpha,3.672863599098183
7,vs_s,11,Alpha,0.3981487919654384
7,vs_s,12,Alpha,2.0045051782433987
7,vs_s,13,Alpha,3.9985601947967226
7,vs_s,14,Alpha,4.854330029084599
7,vs_s,15,Alpha,0.05248663120221737
7,vs_s,16,Alpha,1.405517299428685
7,vs_s,17,Alpha,3.6539750944041556
7,vs_s,18,Alpha,1.3477017300669265
7,vs_s,19,Alpha,4.731457417698013
7,vs_s,20,Alpha,3.0752892584003133
7,vs_s,21,Alpha,3.8723374150204997
7,vs_s,22,Alpha,0.05462183350107325
7,vs_s,23,Alpha,3.337272388448954
7,vs_s,24,Alpha,3.5868902270621206
7,vs_s,25,Alpha,2.7624459565863204
7,vs_s,26,Alpha,1.006926133313354
7,vs_s,27,Alpha,0.7578355424709142
7,vs_s,28,Alpha,3.7943879851533793
7,vs_s,29,Alpha,1.064415080246998
7,vs_s,30,Alpha,5.90229493857929
7,vs_s,31,Alpha,4.7438640423237635
7,vs_s,32,Alpha,4.654372104449657
7,vs_s,33,Alpha,5.906529450901511
7,vs_s,34,Alpha,3.736941120143514
7,vs_s,35,Alpha,5.220699496608135
7,vs_s,36,Alpha,5.7297931296471925
7,vs_s,37,Alpha,0.17501326395255395
7,vs_s,38,Alpha,0.08247003704849072
7,vs_s,39,Alpha,2.1216410615934906
7,vs_s,40,Alpha,4.349566872887566
7,vs_s,41,Alpha,4.877876429794675
7,vs_s,42,Alpha,5.063994072206694
7,vs_s,43,Alpha,2.7506113485366908
7,vs_s,44,Alpha,5.12169711755968
7,vs_s,45,Alpha,6.083920031490361
7,vs_s,46,Alpha,3.9808996233034075
7,vs_s,47,Alpha,6.206261189749358
7,vs_s,48,Alpha,1.8370080430583355
7,vs_s,49,Alpha,4.87685695160049
7,vs_s,50,Alpha,0.9017473202502003
7,vs_s,51,Alpha,0.021971984143629723
7,vs_s,52,Alpha,3.572303760026545
7,vs_s,53,Alpha,5.180676910068875
7,vs_s,54,Alpha,1.2563458626606658
7,vs_s,55,Alpha,3.9118570905322234
7,vs_s,56,Alpha,4.497230931470203
7,vs_s,57,Alpha,0.5733452500896984
7,vs_s,58,Alpha,2.6390283673662376
7,vs_s,59,Alpha,0.5373870981177221
7,vs_s,60,Alpha,6.226752822588748
7,vs_s,1,Beta,0.9489802666294879
7,vs_s,2,Beta,2.944150106132493
7,vs_s,3,Beta,5.742345313174794
7,vs_s,4,Beta,1.4140577839493087
7,vs_s,5,Beta,5.761918458806884
7,vs_s,6,Beta,3.3619008338601355
7,vs_s,7,Beta,2.8606246292069057
7,vs_s,8,Beta,3.1814866046406047
7,vs_s,9,Beta,1.4163677021264753
7,vs_s,10,Beta,0.5517528808089699
7,vs_s,11,Beta,1.2493529020932226
7,vs_s,12,Beta,1.0890124628954756
7,vs_s,13,Beta,6.271756279736985
7,vs_s,14,Beta,3.8405877128272934
7,vs_s,15,Beta,4.227577636005967
7,vs_s,16,Beta,1.5740921009956046
7,vs_s,17,Beta,4.386658978264113
7,vs_s,18,Beta,5.102373770742301
7,vs_s,19,Beta,4.117529462973215
7,vs_s,20,Beta,6.127629375526781
7,vs_s,21,Beta,0.36700631296005853
7,vs_s,22,Beta,4.955140298141922
7,vs_s,23,Beta,3.3039703197034673
7,vs_s,24,Beta,4.878660831419014
7,vs_s,25,Beta,0.6473032182505065
7,vs_s,26,Beta,1.9384813751230745
7,vs_s,27,Beta,5.3975096054963245
7,vs_s,28,Beta,3.9789537429037596
7,vs_s,29,Beta,2.6464855728029146
7,vs_s,30,Beta,5.5556129077187055
7,vs_s,31,Beta,6.018081076193401
7,vs_s,32,Beta,0.5303816979152632
7,vs_s,33,Beta,1.6993435358379991
7,vs_s,34,Beta,5.064917096035408
7,vs_s,35,Beta,1.2372772696412895
7,vs_s,36,Beta,0.101023369489541
7,vs_s,37,Beta,6.08895711371903
7,vs_s,38,Beta,5.592954492351933
7,vs_s,39,Beta,2.5159205638548374
7,vs_s,40,Beta,0.4731659388381986
7,vs_s,41,Beta,0.7102947842778847
7,vs_s,42,Beta,5.5555784066621605
7,vs_s,43,Beta,1.3030452601965223
7,vs_s,44,Beta,4.2701601746161755
7,vs_s,45,Beta,5.757308387473648
7,vs_s,46,Beta,4.978705548089635
7,vs_s,47,Beta,0.4128711660273054
7,vs_s,48,Beta,2.884807038393827
7,vs_s,49,Beta,3.294365575952313
7,vs_s,50,Beta,2.771023129210559
7,vs_s,51,Beta,0.7565078026443243
7,vs_s,52,Beta,0.8082485207142994
7,vs_s,53,Beta,0.9759288304162483
7,vs_s,54,Beta,0.6955861440026915
7,vs_s,55,Beta,2.786722946708246
7,vs_s,56,Beta,5.692469899110288
7,vs_s,57,Beta,6.184951097547438
7,vs_s,58,Beta,4.155707080553598
7,vs_s,59,Beta,4.884380585492366
7,vs_s,60,Beta,4.547384805848322
7,is_s,1,Delta,5.64046114083408
7,is_s,2,Delta,4.735444940659059
7,is_s,3,Delta,5.144672706501629
7,is_s,4,Delta,1.266807930094859
7,is_s,5,Delta,5.456198294753962
7,is_s,6,Delta,5.307069000817002
7,is_s,7,Delta,4.710563417653403
7,is_s,8,Delta,3.9638888712882356
7,is_s,9,Delta,6.173226540805768
7,is_s,10,Delta,4.540363637672375
7,is_s,11,Delta,4.945495529672733
7,is_s,12,Delta,5.382744045163967
7,is_s,13,Delta,0.7593773417993749
7,is_s,14,Delta,1.3904183278489681
7,is_s,15,Delta,0.8645889951179065
7,is_s,17,Delta,5.79575235250144
7,is_s,18,Delta,5.015227945842677
7,is_s,19,Delta,1.8140142225948774
7,is_s,20,Delta,0.9820215590657391
7,is_s,21,Delta,4.234926352007282
7,is_s,22,Delta,4.6336977516083255
7,is_s,23,Delta,6.114713119323093
7,is_s,24,Delta,0.6854655939553994
7,is_s,25,Delta,4.579075644023704
7,is_s,26,Delta,4.573108548344082
7,is_s,27,Delta,5.21230123501069
7,is_s,28,Delta,4.68867581946793
7,is_s,29,Delta,4.29913001992542
7,is_s,30,Delta,4.477751880739537
7,is_s,31,Delta,5.133119251703219
7,is_s,32,Delta,1.1228243588882827
7,is_s,33,Delta,0.37240432120358485
7,is_s,34,Delta,4.847978693008216
7,is_s,35,Delta,0.5662255854496856
7,is_s,36,Delta,4.605761154256854
7,is_s,37,Delta,5.614981304951178
7,is_s,38,Delta,6.19049329339079
7,is_s,39,Delta,0.2502683189133709
7,is_s,40,Delta,4.909919359787385
7,is_s,41,Delta,6.122337371067861
7,is_s,42,Delta,4.658440666563318
7,is_s,43,Delta,0.9819844995631676
7,is_s,44,Delta,4.955356233010777
7,is_s,45,Delta,4.973704448088839
7,is_s,46,Delta,5.093967021863599
7,is_s,47,Delta,0.18232853279632003
7,is_s,48,Delta,0.04974093538159549
7,is_s,49,Delta,5.353048538449188
7,is_s,50,Delta,1.3349344340975355
7,is_s,51,Delta,5.151144829924083
7,is_s,52,Delta,1.3728376000822409
7,is_s,53,Delta,5.1566119304121765
7,is_s,54,Delta,5.709923023543171
7,is_s,55,Delta,5.137233101088182
7,is_s,56,Delta,5.325126761660974
7,is_s,57,Delta,5.390856495491574
7,is_s,58,Delta,5.882379335045295
7,is_s,59,Delta,1.3411933903907411
7,is_s,60,Delta,5.157056506344386
7,is_s,1,Theta,6.104495921952538
7,is_s,2,Theta,1.2232782653850018
7,is_s,3,Theta,4.689065168868751
7,is_s,4,Theta,1.499305730699443
7,is_s,5,Theta,4.817168335322469
7,is_s,6,Theta,5.702153025195567
7,is_s,7,Theta,4.437379274624847
7,is_s,8,Theta,3.6442406442976085
7,is_s,9,Theta,5.029905707833884
7,is_s,10,Theta,5.186688978568979
7,is_s,11,Theta,5.282675037464831
7,is_s,12,Theta,0.07901776716468148
7,is_s,13,Theta,1.6513758560990393
7,is_s,14,Theta,0.07958856261893095
7,is_s,15,Theta,6.275980313452844
7,is_s,17,Theta,6.144459645325373
7,is_s,18,Theta,5.96045354066957
7,is_s,19,Theta,2.7696377383261783
7,is_s,20,Theta,6.2525387895209095
7,is_s,21,Theta,4.119640345465996
7,is_s,22,Theta,1.0797855763270905
7,is_s,23,Theta,6.077213915475326
7,is_s,24,Theta,0.5612290667646724
7,is_s,25,Theta,5.5844000561491605
7,is_s,26,Theta,3.6914915720553902
7,is_s,27,Theta,2.9859304676961096
7,is_s,28,Theta,4.3512792620754315
7,is_s,29,Theta,4.302726876539488
7,is_s,30,Theta,3.5912351636109445
7,is_s,31,Theta,4.816653074276358
7,is_s,32,Theta,1.389042687460918
7,is_s,33,Theta,0.45776562899429873
7,is_s,34,Theta,4.946750515261568
7,is_s,35,Theta,0.8377207609827312
7,is_s,36,Theta,3.986401228538424
7,is_s,37,Theta,4.154082172220953
7,is_s,38,Theta,5.526611038411605
7,is_s,39,Theta,2.105597875100019
7,is_s,40,Theta,3.994401424106465
7,is_s,41,Theta,5.838409310792014
7,is_s,42,Theta,4.831517445885527
7,is_s,43,Theta,0.6148843081054566
7,is_s,44,Theta,5.078247627776086
7,is_s,45,Theta,4.881099825077706
7,is_s,46,Theta,4.2573820509130025
7,is_s,47,Theta,5.443862705687931
7,is_s,48,Theta,0.3768897887570462
7,is_s,49,Theta,5.522154697228315
7,is_s,50,Theta,1.9262503474789334
7,is_s,51,Theta,5.345815797393529
7,is_s,52,Theta,1.5563551337713586
7,is_s,53,Theta,5.954442364974558
7,is_s,54,Theta,0.7483897058579431
7,is_s,55,Theta,5.967392827762996
7,is_s,56,Theta,1.1367917759978894
7,is_s,57,Theta,4.93721147461709
7,is_s,58,Theta,5.751814516241914
7,is_s,59,Theta,0.568355931849051
7,is_s,60,Theta,6.047460545467881
7,is_s,1,Alpha,0.34808857984000136
7,is_s,2,Alpha,0.6349543426094154
7,is_s,3,Alpha,2.452313787841353
7,is_s,4,Alpha,1.8521796441489542
7,is_s,5,Alpha,2.8386902242588374
7,is_s,6,Alpha,0.36548679148017604
7,is_s,7,Alpha,3.3669742271043703
7,is_s,8,Alpha,4.224706977405692
7,is_s,9,Alpha,3.385707985624481
7,is_s,10,Alpha,1.4886612274688176
7,is_s,11,Alpha,4.617463743062547
7,is_s,12,Alpha,0.5980010435410726
7,is_s,13,Alpha,3.5163144508925646
7,is_s,14,Alpha,5.229036618703079
7,is_s,15,Alpha,6.181736603764033
7,is_s,17,Alpha,0.420269829454023
7,is_s,18,Alpha,0.5736240170777822
7,is_s,19,Alpha,3.927217091339004
7,is_s,20,Alpha,5.073513761200958
7,is_s,21,Alpha,4.52435733530676
7,is_s,22,Alpha,1.1613769830901712
7,is_s,23,Alpha,4.757185270596344
7,is_s,24,Alpha,0.5118521855277702
7,is_s,25,Alpha,0.1660368844014878
7,is_s,26,Alpha,3.686573552629023
7,is_s,27,Alpha,2.25924237352716
7,is_s,28,Alpha,2.548532915006471
7,is_s,29,Alpha,4.630964752337299
7,is_s,30,Alpha,3.109660445486149
7,is_s,31,Alpha,4.870881132447425
7,is_s,32,Alpha,3.9340409097058786
7,is_s,33,Alpha,3.851317651668596
7,is_s,34,Alpha,4.9312560280062625
7,is_s,35,Alpha,5.671088289251749
7,is_s,36,Alpha,3.6569274647982657
7,is_s,37,Alpha,4.524145178218097
7,is_s,38,Alpha,4.041412675773338
7,is_s,39,Alpha,3.2675794093693904
7,is_s,40,Alpha,3.4425588674144594
7,is_s,41,Alpha,2.4377756122803125
7,is_s,42,Alpha,5.8138136297640575
7,is_s,43,Alpha,4.886978429834639
7,is_s,44,Alpha,4.917666460700121
7,is_s,45,Alpha,2.626375435612762
7,is_s,46,Alpha,1.4834110960508942
7,is_s,47,Alpha,5.037623845206685
7,is_s,48,Alpha,5.747044320079152
7,is_s,49,Alpha,5.2308314834067815
7,is_s,50,Alpha,2.342772355071875
7,is_s,51,Alpha,5.4643244389540575
7,is_s,52,Alpha,1.534526145586534
7,is_s,53,Alpha,3.1457294224636896
7,is_s,54,Alpha,0.5801713279167164
7,is_s,55,Alpha,0.3295864941060899
7,is_s,56,Alpha,0.9883900307445558
7,is_s,57,Alpha,4.178777622677053
7,is_s,58,Alpha,0.3492260163593776
7,is_s,59,Alpha,0.48101356777182086
7,is_s,60,Alpha,3.2116956513038653
7,is_s,1,Beta,4.8427775716630235
7,is_s,2,Beta,5.36084866755387
7,is_s,3,Beta,2.48335671142511
7,is_s,4,Beta,0.9942416435488692
7,is_s,5,Beta,5.979997025021986
7,is_s,6,Beta,1.0925674352733616
7,is_s,7,Beta,2.3789809410594542
7,is_s,8,Beta,4.4929532450559355
7,is_s,9,Beta,5.026421081704404
7,is_s,10,Beta,3.595531592610065
7,is_s,11,Beta,2.2465813616215407
7,is_s,12,Beta,0.8014027286821137
7,is_s,13,Beta,5.970951211410055
7,is_s,14,Beta,4.721392000507018
7,is_s,15,Beta,0.033543056835742345
7,is_s,17,Beta,1.7480469263322098
7,is_s,18,Beta,3.7274747791766116
7,is_s,19,Beta,4.811100700639971
7,is_s,20,Beta,2.2756185680966072
7,is_s,21,Beta,0.3297334243788056
7,is_s,22,Beta,5.689543713231003
7,is_s,23,Beta,0.8432150261581361
7,is_s,24,Beta,0.5303673076304677
7,is_s,25,Beta,3.983459278464736
7,is_s,26,Beta,5.362594033825389
7,is_s,27,Beta,4.2728345252773305
7,is_s,28,Beta,3.5392360455186096
7,is_s,29,Beta,4.567532349489117
7,is_s,30,Beta,3.5092454907237336
7,is_s,31,Beta,0.692777521992047
7,is_s,32,Beta,0.4717734922302363
7,is_s,33,Beta,4.7917779060453025
7,is_s,34,Beta,4.797176092332888
7,is_s,35,Beta,5.0643169784505755
7,is_s,36,Beta,5.034105853457015
7,is_s,37,Beta,4.407551283487108
7,is_s,38,Beta,3.100481675087
7,is_s,39,Beta,1.467692074836343
7,is_s,40,Beta,1.5115243539801149
7,is_s,41,Beta,0.5061282436021638
7,is_s,42,Beta,1.960014021713512
7,is_s,43,Beta,3.453010423138182
7,is_s,44,Beta,1.1483023315542837
7,is_s,45,Beta,5.764236006995526
7,is_s,46,Beta,0.9849479130192834
7,is_s,47,Beta,1.4808850097185593
7,is_s,48,Beta,4.691912850454484
7,is_s,49,Beta,2.18280538210749
7,is_s,50,Beta,5.964652674320174
7,is_s,51,Beta,1.6140158522909251
7,is_s,52,Beta,5.201216341605756
7,is_s,53,Beta,1.2561023674388188
7,is_s,54,Beta,1.7022595769864428
7,is_s,55,Beta,6.17443053554289
7,is_s,56,Beta,1.7038065084315779
7,is_s,57,Beta,0.8636168706809717
7,is_s,58,Beta,2.0283414133416686
7,is_s,59,Beta,0.08128923400886308
7,is_s,60,Beta,2.4387998275882716
8,is_s,1,Delta,1.870531135770169
8,is_s,2,Delta,0.6959158962655869
8,is_s,3,Delta,3.3404172887108055
8,is_s,4,Delta,1.7326059882431215
8,is_s,5,Delta,4.066048424499359
8,is_s,6,Delta,2.8158324972606645
8,is_s,7,Delta,2.8391328894225865
8,is_s,8,Delta,6.0472851483901575
8,is_s,9,Delta,5.016531199326225
8,is_s,10,Delta,2.544979944124758
8,is_s,11,Delta,4.6025487029965575
8,is_s,12,Delta,4.222343178196672
8,is_s,13,Delta,2.1772455602331577
8,is_s,14,Delta,2.2904209435101057
8,is_s,15,Delta,4.210406601760456
8,is_s,16,Delta,3.934306580890855
8,is_s,17,Delta,4.381908273610754
8,is_s,18,Delta,5.030803955583585
8,is_s,19,Delta,4.151217924794034
8,is_s,20,Delta,3.8648860499836113
8,is_s,21,Delta,5.4060450867441014
8,is_s,22,Delta,4.920550194584266
8,is_s,23,Delta,2.5323936341429594
8,is_s,24,Delta,2.5056750240224304
8,is_s,25,Delta,3.885954898755575
8,is_s,26,Delta,4.661215411835279
8,is_s,27,Delta,4.667145315174801
8,is_s,28,Delta,3.7777236327557064
8,is_s,29,Delta,5.2054879486767405
8,is_s,30,Delta,2.97673632503119
8,is_s,31,Delta,1.1427926810836728
8,is_s,32,Delta,1.2914533250718203
8,is_s,33,Delta,4.38148815737442
8,is_s,34,Delta,1.55427291972682
8,is_s,35,Delta,3.7271469416107808
8,is_s,36,Delta,4.22219173172952
8,is_s,37,Delta,1.7168228672061823
8,is_s,38,Delta,0.9785538075133203
8,is_s,39,Delta,2.8905155381050327
8,is_s,40,Delta,1.4348873997908609
8,is_s,41,Delta,4.179661960631375
8,is_s,42,Delta,4.591219855744739
8,is_s,43,Delta,4.197567511304513
8,is_s,44,Delta,3.738931702664994
8,is_s,45,Delta,4.459973071806806
8,is_s,46,Delta,3.201274063316044
8,is_s,47,Delta,3.4962844501935124
8,is_s,48,Delta,2.808964331179061
8,is_s,49,Delta,3.91921765662079
8,is_s,50,Delta,5.1811268018455525
8,is_s,51,Delta,1.9738025976117821
8,is_s,52,Delta,3.9406540291157843
8,is_s,53,Delta,3.937419197876715
8,is_s,54,Delta,3.025416246798252
8,is_s,55,Delta,4.611780405172692
8,is_s,56,Delta,3.807745388278737
8,is_s,57,Delta,4.707898309985744
8,is_s,58,Delta,4.748918313847734
8,is_s,59,Delta,3.6974789149966516
8,is_s,60,Delta,4.195397370704731
8,is_s,1,Theta,4.767193903213276
8,is_s,2,Theta,0.8216090179581839
8,is_s,3,Theta,3.831088247644239
8,is_s,4,Theta,1.7573319718230012
8,is_s,5,Theta,3.6313605282555623
8,is_s,6,Theta,3.204613518961477
8,is_s,7,Theta,2.4829613471750114
8,is_s,8,Theta,2.014474295976575
8,is_s,9,Theta,3.6003862523164827
8,is_s,10,Theta,2.5966161987056164
8,is_s,11,Theta,3.8179705066134915
8,is_s,12,Theta,3.691244668236256
8,is_s,13,Theta,1.8408121221202516
8,is_s,14,Theta,4.13981733673776
8,is_s,15,Theta,4.43190404340337
8,is_s,16,Theta,3.6542012534871304
8,is_s,17,Theta,4.206908031053352
8,is_s,18,Theta,5.170106118468254
8,is_s,19,Theta,3.836799437923017
8,is_s,20,Theta,4.680676535220362
8,is_s,21,Theta,5.866331891116225
8,is_s,22,Theta,2.0130972185208535
8,is_s,23,Theta,3.771780452868529
8,is_s,24,Theta,2.27179185238201
8,is_s,25,Theta,3.565609437160206
8,is_s,26,Theta,4.673146416004101
8,is_s,27,Theta,1.580511469566012
8,is_s,28,Theta,3.7477964423751065
8,is_s,29,Theta,4.44000062405347
8,is_s,30,Theta,4.121012053869011
8,is_s,31,Theta,0.3717838892594921
8,is_s,32,Theta,0.23077085324977903
8,is_s,33,Theta,4.15538299352069
8,is_s,34,Theta,0.03930454230779742
8,is_s,35,Theta,4.429968774449348
8,is_s,36,Theta,3.7188482737919792
8,is_s,37,Theta,1.534421780202387
8,is_s,38,Theta,0.21108546215318735
8,is_s,39,Theta,2.7382865775058907
8,is_s,40,Theta,1.6548528264520557
8,is_s,41,Theta,4.110944556131026
8,is_s,42,Theta,0.6030486822815068
8,is_s,43,Theta,3.602002273629542
8,is_s,44,Theta,3.7962425855452753
8,is_s,45,Theta,5.520002078514887
8,is_s,46,Theta,3.8088039434451977
8,is_s,47,Theta,3.04809025222652
8,is_s,48,Theta,2.8447987745154886
8,is_s,49,Theta,5.003276588808712
8,is_s,50,Theta,6.127163672232581
8,is_s,51,Theta,1.4952002092535082
8,is_s,52,Theta,4.511887343722838
8,is_s,53,Theta,4.067114689845381
8,is_s,54,Theta,2.5904520565073703
8,is_s,55,Theta,6.158553027646678
8,is_s,56,Theta,1.3750719175481965
8,is_s,57,Theta,5.560918621267401
8,is_s,58,Theta,4.873076868467851
8,is_s,59,Theta,4.096497265545173
8,is_s,60,Theta,3.8698707545604156
8,is_s,1,Alpha,4.7802906606814215
8,is_s,2,Alpha,3.964181334365997
8,is_s,3,Alpha,4.32987502226927
8,is_s,4,Alpha,0.45072694756724146
8,is_s,5,Alpha,1.033854909948397
8,is_s,6,Alpha,5.057953240313772
8,is_s,7,Alpha,0.7686987007791195
8,is_s,8,Alpha,3.346584758110027
8,is_s,9,Alpha,3.170495044763697
8,is_s,10,Alpha,3.257686191722566
8,is_s,11,Alpha,3.47502090770335
8,is_s,12,Alpha,3.6224098178135606
8,is_s,13,Alpha,2.0004937194123946
8,is_s,14,Alpha,6.227960705669484
8,is_s,15,Alpha,5.633802688563184
8,is_s,16,Alpha,4.8317864138856645
8,is_s,17,Alpha,4.288400574487046
8,is_s,18,Alpha,5.120925219490778
8,is_s,19,Alpha,1.532906251243817
8,is_s,20,Alpha,5.580386175751697
8,is_s,21,Alpha,4.071174378313485
8,is_s,22,Alpha,6.121740910064037
8,is_s,23,Alpha,2.6563186431179724
8,is_s,24,Alpha,1.8726197886068783
8,is_s,25,Alpha,4.185895311456818
8,is_s,26,Alpha,4.0911227420234475
8,is_s,27,Alpha,4.299668038200575
8,is_s,28,Alpha,3.7903528639258246
8,is_s,29,Alpha,0.8198401755431244
8,is_s,30,Alpha,5.1352417459917055
8,is_s,31,Alpha,0.7831705742182188
8,is_s,32,Alpha,0.3913000582145271
8,is_s,33,Alpha,4.098910915993212
8,is_s,34,Alpha,6.071608737634146
8,is_s,35,Alpha,4.764054288973451
8,is_s,36,Alpha,3.851311644288446
8,is_s,37,Alpha,2.4341427744789663
8,is_s,38,Alpha,5.246714279692439
8,is_s,39,Alpha,3.4276314147086473
8,is_s,40,Alpha,2.8187315381770985
8,is_s,41,Alpha,0.27955339243458605
8,is_s,42,Alpha,4.591582895333315
8,is_s,43,Alpha,2.475995276460993
8,is_s,44,Alpha,3.312187015694713
8,is_s,45,Alpha,6.263925695594549
8,is_s,46,Alpha,6.169819361682294
8,is_s,47,Alpha,0.7958223007801869
8,is_s,48,Alpha,0.3479374341687551
8,is_s,49,Alpha,5.839514201965995
8,is_s,50,Alpha,0.7222570410309899
8,is_s,51,Alpha,1.2779930281689296
8,is_s,52,Alpha,4.427041804218976
8,is_s,53,Alpha,5.658839290180395
8,is_s,54,Alpha,1.8192752124359892
8,is_s,55,Alpha,0.47717635920052026
8,is_s,56,Alpha,1.0416041068175736
8,is_s,57,Alpha,5.800027264495399
8,is_s,58,Alpha,0.3478363601543215
8,is_s,59,Alpha,4.4712938190480065
8,is_s,60,Alpha,5.874709007775559
8,is_s,1,Beta,4.9346138667820405
8,is_s,2,Beta,5.5393639534235435
8,is_s,3,Beta,5.340264463339612
8,is_s,4,Beta,5.747050525396869
8,is_s,5,Beta,0.597531928946571
8,is_s,6,Beta,5.635799658487984
8,is_s,7,Beta,0.6659188088833867
8,is_s,8,Beta,3.814560571329299
8,is_s,9,Beta,4.029764465139964
8,is_s,10,Beta,4.188374902515594
8,is_s,11,Beta,3.818637894775467
8,is_s,12,Beta,5.173569449579231
8,is_s,13,Beta,5.729509868558965
8,is_s,14,Beta,5.92161812098041
8,is_s,15,Beta,6.150966264921474
8,is_s,16,Beta,0.6436033423967757
8,is_s,17,Beta,5.935527374018078
8,is_s,18,Beta,1.1588263628437714
8,is_s,19,Beta,3.483760776505802
8,is_s,20,Beta,0.6310069078079793
8,is_s,21,Beta,4.9387182964793395
8,is_s,22,Beta,5.545433301953088
8,is_s,23,Beta,0.11666150227549997
8,is_s,24,Beta,3.265938166498574
8,is_s,25,Beta,4.275092853048989
8,is_s,26,Beta,1.057348642540625
8,is_s,27,Beta,5.134874529636377
8,is_s,28,Beta,1.5289908024702954
8,is_s,29,Beta,2.468178052638094
8,is_s,30,Beta,6.171057168765935
8,is_s,31,Beta,1.1067824489273441
8,is_s,32,Beta,5.39567468723414
8,is_s,33,Beta,4.1896119141248
8,is_s,34,Beta,5.445894608150529
8,is_s,35,Beta,4.9161371463114705
8,is_s,36,Beta,4.04159696591202
8,is_s,37,Beta,1.4455961462207825
8,is_s,38,Beta,5.062364476045461
8,is_s,39,Beta,0.624874905461283
8,is_s,40,Beta,2.7081480225691243
8,is_s,41,Beta,0.22358317111012527
8,is_s,42,Beta,5.767183194507138
8,is_s,43,Beta,2.1941853681214165
8,is_s,44,Beta,2.8716142586817495
8,is_s,45,Beta,0.6116928627663811
8,is_s,46,Beta,4.977885168182379
8,is_s,47,Beta,4.869924819506677
8,is_s,48,Beta,2.2335024186516645
8,is_s,49,Beta,0.700654064844582
8,is_s,50,Beta,0.37958140953984587
8,is_s,51,Beta,3.464457302179506
8,is_s,52,Beta,1.0271762722956557
8,is_s,53,Beta,5.20756664398132
8,is_s,54,Beta,2.982960165210143
8,is_s,55,Beta,4.814078722455654
8,is_s,56,Beta,0.386125658336052
8,is_s,57,Beta,5.667035795259506
8,is_s,58,Beta,5.258236231896461
8,is_s,59,Beta,4.53425735254509
8,is_s,60,Beta,6.0185863949692155
8,vs_s,1,Delta,3.7894138432429676
8,vs_s,2,Delta,2.3434790441338986
8,vs_s,3,Delta,4.490437918012764
8,vs_s,4,Delta,2.0961506744313096
8,vs_s,5,Delta,4.687916975835601
8,vs_s,6,Delta,3.7482697688230155
8,vs_s,7,Delta,1.380659016207267
8,vs_s,8,Delta,4.305249513794184
8,vs_s,9,Delta,2.5962251800102347
8,vs_s,10,Delta,3.6186119970464987
8,vs_s,11,Delta,4.3348546014183125
8,vs_s,12,Delta,2.5235901306997817
8,vs_s,13,Delta,4.6500867880119685
8,vs_s,14,Delta,4.872171019840254
8,vs_s,15,Delta,3.011763288310548
8,vs_s,16,Delta,3.9651690096763446
8,vs_s,17,Delta,4.311457360603153
8,vs_s,18,Delta,4.367938361945793
8,vs_s,19,Delta,3.0508308175924244
8,vs_s,20,Delta,4.454661926263358
8,vs_s,21,Delta,0.97012962216685
8,vs_s,22,Delta,3.9206823190278706
8,vs_s,23,Delta,2.3625018630217673
8,vs_s,24,Delta,4.020452042837155
8,vs_s,25,Delta,3.9635781160356576
8,vs_s,26,Delta,3.4804591779551783
8,vs_s,27,Delta,2.602256579648991
8,vs_s,28,Delta,3.9498005495838755
8,vs_s,29,Delta,2.074111588465389
8,vs_s,30,Delta,4.952571972730216
8,vs_s,31,Delta,1.6619290286194406
8,vs_s,32,Delta,3.958001071277074
8,vs_s,33,Delta,2.7075753238829448
8,vs_s,34,Delta,3.075725200973081
8,vs_s,35,Delta,2.499231093786231
8,vs_s,36,Delta,2.6369240760411037
8,vs_s,37,Delta,2.6162367125739343
8,vs_s,38,Delta,4.154407986563966
8,vs_s,39,Delta,2.461781573281828
8,vs_s,40,Delta,2.2438177902464793
8,vs_s,41,Delta,1.959933975256014
8,vs_s,42,Delta,2.8417465197093237
8,vs_s,43,Delta,3.835753230609368
8,vs_s,44,Delta,2.3933630283355667
8,vs_s,45,Delta,4.6457123842913965
8,vs_s,46,Delta,4.969357155695122
8,vs_s,47,Delta,3.3597024273144847
8,vs_s,48,Delta,4.227336870443962
8,vs_s,49,Delta,3.277095347386013
8,vs_s,50,Delta,4.668784789918006
8,vs_s,51,Delta,4.615559033169446
8,vs_s,52,Delta,4.373591485294067
8,vs_s,53,Delta,5.0130661207697775
8,vs_s,54,Delta,3.3675635983678687
8,vs_s,55,Delta,1.520421056023576
8,vs_s,56,Delta,3.7719352402986304
8,vs_s,57,Delta,3.5256339211988323
8,vs_s,58,Delta,1.9565326445676463
8,vs_s,59,Delta,2.556617757901814
8,vs_s,60,Delta,1.530871214172531
8,vs_s,1,Theta,5.464573585664241
8,vs_s,2,Theta,3.16774402891598
8,vs_s,3,Theta,3.846408898573945
8,vs_s,4,Theta,4.158037345745725
8,vs_s,5,Theta,5.307510454120521
8,vs_s,6,Theta,2.8015004092061933
8,vs_s,7,Theta,0.8637488980449075
8,vs_s,8,Theta,5.800379870816248
8,vs_s,9,Theta,3.2874970949801448
8,vs_s,10,Theta,3.3398559390366858
8,vs_s,11,Theta,3.4479486096060312
8,vs_s,12,Theta,1.8175191567864932
8,vs_s,13,Theta,5.1585288616744
8,vs_s,14,Theta,4.707445067784693
8,vs_s,15,Theta,3.0492996591603236
8,vs_s,16,Theta,3.6722117103041785
8,vs_s,17,Theta,4.967622415882744
8,vs_s,18,Theta,4.806913025809719
8,vs_s,19,Theta,4.347172656982356
8,vs_s,20,Theta,3.6771272764782057
8,vs_s,21,Theta,1.1171019072978914
8,vs_s,22,Theta,3.5376859333995534
8,vs_s,23,Theta,2.3958484638964603
8,vs_s,24,Theta,3.9922903956029594
8,vs_s,25,Theta,5.013974264105148
8,vs_s,26,Theta,3.882476785203122
8,vs_s,27,Theta,3.5538729209529754
8,vs_s,28,Theta,3.9811178152994495
8,vs_s,29,Theta,3.5308675632931283
8,vs_s,30,Theta,5.3312183682974075
8,vs_s,31,Theta,1.406125244221925
8,vs_s,32,Theta,4.3617984490908555
8,vs_s,33,Theta,3.2356436094847796
8,vs_s,34,Theta,2.3632493589839645
8,vs_s,35,Theta,1.7407735414204448
8,vs_s,36,Theta,3.064544528673556
8,vs_s,37,Theta,1.5344171899333119
8,vs_s,38,Theta,3.9303350981843783
8,vs_s,39,Theta,2.3101192759664326
8,vs_s,40,Theta,3.152025153724319
8,vs_s,41,Theta,2.223288119165848
8,vs_s,42,Theta,4.800695811239187
8,vs_s,43,Theta,2.938997727796044
8,vs_s,44,Theta,1.672292700949519
8,vs_s,45,Theta,4.376700788054966
8,vs_s,46,Theta,2.5444856778779954
8,vs_s,47,Theta,3.413453820043347
8,vs_s,48,Theta,1.7156803434978838
8,vs_s,49,Theta,3.6191815169044923
8,vs_s,50,Theta,5.748671599949267
8,vs_s,51,Theta,4.620473946871633
8,vs_s,52,Theta,3.9564501266726984
8,vs_s,53,Theta,1.8811772307491372
8,vs_s,54,Theta,3.9444938075429383
8,vs_s,55,Theta,0.8495146114846669
8,vs_s,56,Theta,5.612911724143007
8,vs_s,57,Theta,3.271893782093277
8,vs_s,58,Theta,0.9264686945516606
8,vs_s,59,Theta,4.155195923897798
8,vs_s,60,Theta,5.176321657449833
8,vs_s,1,Alpha,0.5138847665298718
8,vs_s,2,Alpha,0.28701197961587366
8,vs_s,3,Alpha,2.7961357827458886
8,vs_s,4,Alpha,3.157706666831584
8,vs_s,5,Alpha,5.619253441812242
8,vs_s,6,Alpha,1.5631745454670045
8,vs_s,7,Alpha,6.0582515586409285
8,vs_s,8,Alpha,3.250668413567394
8,vs_s,9,Alpha,1.6474896385697007
8,vs_s,10,Alpha,4.228617091051107
8,vs_s,11,Alpha,3.643283796031071
8,vs_s,12,Alpha,0.01583000252727901
8,vs_s,13,Alpha,0.5814487677890584
8,vs_s,14,Alpha,4.543217210006019
8,vs_s,15,Alpha,2.9450372016140207
8,vs_s,16,Alpha,1.4185611337965494
8,vs_s,17,Alpha,0.04598546356545657
8,vs_s,18,Alpha,1.2348736393928696
8,vs_s,19,Alpha,5.598482360195509
8,vs_s,20,Alpha,3.436052826511945
8,vs_s,21,Alpha,3.1030442527121367
8,vs_s,22,Alpha,4.1072307044590435
8,vs_s,23,Alpha,0.05390687483674358
8,vs_s,24,Alpha,3.316706051338854
8,vs_s,25,Alpha,6.222578268403241
8,vs_s,26,Alpha,3.41118777324922
8,vs_s,27,Alpha,4.696083386671082
8,vs_s,28,Alpha,0.6016862920392261
8,vs_s,29,Alpha,4.466983233667097
8,vs_s,30,Alpha,5.665592665943714
8,vs_s,31,Alpha,1.7640542132964914
8,vs_s,32,Alpha,0.1237402390829733
8,vs_s,33,Alpha,3.2384356919198565
8,vs_s,34,Alpha,5.2403573253646565
8,vs_s,35,Alpha,0.7928313383207273
8,vs_s,36,Alpha,5.988687688704494
8,vs_s,37,Alpha,6.125286518278032
8,vs_s,38,Alpha,4.376677934119559
8,vs_s,39,Alpha,2.2041245733993566
8,vs_s,40,Alpha,4.407881090924189
8,vs_s,41,Alpha,2.3390575253782795
8,vs_s,42,Alpha,5.773580297414555
8,vs_s,43,Alpha,2.7051546348676787
8,vs_s,44,Alpha,1.362410661538293
8,vs_s,45,Alpha,3.746922127447213
8,vs_s,46,Alpha,3.171873005519427
8,vs_s,47,Alpha,4.455836565507427
8,vs_s,48,Alpha,6.0956727283350585
8,vs_s,49,Alpha,4.244480577134446
8,vs_s,50,Alpha,6.096152895684799
8,vs_s,51,Alpha,5.74411804067683
8,vs_s,52,Alpha,2.6188595468325078
8,vs_s,53,Alpha,2.0217596177263815
8,vs_s,54,Alpha,5.420185509172659
8,vs_s,55,Alpha,5.12000579302874
8,vs_s,56,Alpha,6.176788613052923
8,vs_s,57,Alpha,5.272926018613983
8,vs_s,58,Alpha,1.4049663355565345
8,vs_s,59,Alpha,4.487912671475595
8,vs_s,60,Alpha,5.238538313839341
8,vs_s,1,Beta,0.38306421671133034
8,vs_s,2,Beta,3.091765169066539
8,vs_s,3,Beta,1.628314875198593
8,vs_s,4,Beta,4.1377133571270255
8,vs_s,5,Beta,5.295550692459393
8,vs_s,6,Beta,2.775159804947267
8,vs_s,7,Beta,0.491736466690835
8,vs_s,8,Beta,2.521535793770089
8,vs_s,9,Beta,2.8119955362143267
8,vs_s,10,Beta,3.3076514624730566
8,vs_s,11,Beta,5.780862967219836
8,vs_s,12,Beta,3.916254363201159
8,vs_s,13,Beta,5.805706079524259
8,vs_s,14,Beta,0.7327804167151806
8,vs_s,15,Beta,1.464048441491009
8,vs_s,16,Beta,3.96813269058698
8,vs_s,17,Beta,4.678364263671685
8,vs_s,18,Beta,3.919045943444184
8,vs_s,19,Beta,2.8949947404823013
8,vs_s,20,Beta,5.638077851655825
8,vs_s,21,Beta,2.0170715431136492
8,vs_s,22,Beta,3.4216661838630538
8,vs_s,23,Beta,4.120373383042297
8,vs_s,24,Beta,5.541354645380316
8,vs_s,25,Beta,1.953181642373392
8,vs_s,26,Beta,1.9509572530870123
8,vs_s,27,Beta,1.3315941919964183
8,vs_s,28,Beta,0.21867522672545028
8,vs_s,29,Beta,3.940721410432722
8,vs_s,30,Beta,5.458104785621741
8,vs_s,31,Beta,2.1955226262632723
8,vs_s,32,Beta,0.21501301008353213
8,vs_s,33,Beta,4.822488265078434
8,vs_s,34,Beta,4.525850314884812
8,vs_s,35,Beta,5.3694849836200484
8,vs_s,36,Beta,0.208771057518992
8,vs_s,37,Beta,3.1954398299568165
8,vs_s,38,Beta,4.412539840768832
8,vs_s,39,Beta,3.4196886188758455
8,vs_s,40,Beta,4.963416729722937
8,vs_s,41,Beta,4.56585411057985
8,vs_s,42,Beta,0.08684239417505457
8,vs_s,43,Beta,4.0112193339310895
8,vs_s,44,Beta,3.5786339533711633
8,vs_s,45,Beta,1.7667758451766327
8,vs_s,46,Beta,1.84328990991925
8,vs_s,47,Beta,1.2241785909277032
8,vs_s,48,Beta,0.5563775952522643
8,vs_s,49,Beta,5.178597545829725
8,vs_s,50,Beta,2.6189345972671085
8,vs_s,51,Beta,4.144610389253291
8,vs_s,52,Beta,4.509203012335292
8,vs_s,53,Beta,3.5299543227182535
8,vs_s,54,Beta,2.8739616706777893
8,vs_s,55,Beta,3.536588137669555
8,vs_s,56,Beta,5.414671422993641
8,vs_s,57,Beta,2.560079708980756
8,vs_s,58,Beta,0.07405923907036677
8,vs_s,59,Beta,5.758699222380541
8,vs_s,60,Beta,5.218597681629577
9,is_s,1,Delta,1.1367125593350487
9,is_s,2,Delta,1.6680993316161525
9,is_s,3,Delta,1.0477645075910569
9,is_s,4,Delta,4.911767242888285
9,is_s,5,Delta,3.6772688750263542
9,is_s,6,Delta,6.110677442856136
9,is_s,7,Delta,1.065962391695295
9,is_s,8,Delta,0.36077286592922386
9,is_s,9,Delta,0.7231663744992881
9,is_s,10,Delta,1.693825826035515
9,is_s,11,Delta,1.646248900858444
9,is_s,12,Delta,1.8529835019412166
9,is_s,13,Delta,5.300389736909512
9,is_s,14,Delta,1.3891425008423326
9,is_s,15,Delta,0.4776776160120396
9,is_s,16,Delta,3.743951362773674
9,is_s,17,Delta,1.7634951748930092
9,is_s,18,Delta,1.384965968374601
9,is_s,19,Delta,1.0334225271696693
9,is_s,20,Delta,1.2447021916685126
9,is_s,21,Delta,5.853666534872777
9,is_s,22,Delta,1.5086379174490678
9,is_s,23,Delta,1.7419237737152031
9,is_s,24,Delta,5.589900437699482
9,is_s,25,Delta,1.826813897578598
9,is_s,26,Delta,1.7292768924181954
9,is_s,27,Delta,1.1185535194535545
9,is_s,28,Delta,1.80331412042901
9,is_s,29,Delta,2.307795621472195
9,is_s,30,Delta,0.6625110314308197
9,is_s,31,Delta,4.962318910244659
9,is_s,32,Delta,1.0729524873501075
9,is_s,33,Delta,1.4826422665559988
9,is_s,34,Delta,0.6440065539931055
9,is_s,35,Delta,2.021951964809219
9,is_s,36,Delta,0.14691882339292514
9,is_s,37,Delta,4.539277375911548
9,is_s,38,Delta,1.5873501206059817
9,is_s,39,Delta,2.0222637468740476
9,is_s,40,Delta,3.348158348492941
9,is_s,41,Delta,0.6002353175993249
9,is_s,42,Delta,1.5599449199702906
9,is_s,43,Delta,4.507704633579479
9,is_s,44,Delta,1.5990564232920677
9,is_s,45,Delta,5.065281295045489
9,is_s,46,Delta,1.2372717014835275
9,is_s,47,Delta,1.5348090972291732
9,is_s,48,Delta,1.6613373542503431
9,is_s,49,Delta,1.271545930463434
9,is_s,50,Delta,3.9919403717623068
9,is_s,51,Delta,1.345547304597359
9,is_s,52,Delta,6.275620226131352
9,is_s,53,Delta,2.3034527706130867
9,is_s,54,Delta,0.8148850093262489
9,is_s,55,Delta,1.785051339725192
9,is_s,56,Delta,1.371273789731506
9,is_s,57,Delta,0.45104987203936014
9,is_s,58,Delta,5.618228778433911
9,is_s,59,Delta,0.7112673612978108
9,is_s,60,Delta,1.043438059497374
9,is_s,1,Theta,1.4374666139163035
9,is_s,2,Theta,2.658598322810739
9,is_s,3,Theta,0.8672560724300868
9,is_s,4,Theta,6.180937185630631
9,is_s,5,Theta,3.235986768469328
9,is_s,6,Theta,0.8490567660488451
9,is_s,7,Theta,0.4906708895702159
9,is_s,8,Theta,6.010276327747289
9,is_s,9,Theta,0.41635818444007067
9,is_s,10,Theta,1.366126513557858
9,is_s,11,Theta,1.9151313952319842
9,is_s,12,Theta,2.598193974341649
9,is_s,13,Theta,5.718952262740144
9,is_s,14,Theta,1.3949297067618092
9,is_s,15,Theta,0.5725070798598334
9,is_s,16,Theta,5.2499920914208555
9,is_s,17,Theta,1.752350174545403
9,is_s,18,Theta,1.4085447772643906
9,is_s,19,Theta,0.5871353771854456
9,is_s,20,Theta,5.103051821072398
9,is_s,21,Theta,0.05935846715489081
9,is_s,22,Theta,1.4089582510804182
9,is_s,23,Theta,2.65430162302234
9,is_s,24,Theta,5.5934471283258596
9,is_s,25,Theta,2.455985160784327
9,is_s,26,Theta,1.4055035754726817
9,is_s,27,Theta,0.8620630730881316
9,is_s,28,Theta,2.246336152418688
9,is_s,29,Theta,4.872695134206019
9,is_s,30,Theta,0.63161989866698
9,is_s,31,Theta,5.5245516702137945
9,is_s,32,Theta,0.6183796909695958
9,is_s,33,Theta,1.4744280539264631
9,is_s,34,Theta,0.42217416605372865
9,is_s,35,Theta,2.0493064414873254
9,is_s,36,Theta,0.4149727912107862
9,is_s,37,Theta,0.8132792141087566
9,is_s,38,Theta,1.8040427813372337
9,is_s,39,Theta,2.5821547982081494
9,is_s,40,Theta,2.0025075579258185
9,is_s,41,Theta,6.05786181357573
9,is_s,42,Theta,2.463237135900086
9,is_s,43,Theta,2.301109130691834
9,is_s,44,Theta,2.950031438695179
9,is_s,45,Theta,5.370448999904027
9,is_s,46,Theta,1.6536353215334587
9,is_s,47,Theta,3.273085531255538
9,is_s,48,Theta,2.367335013697086
9,is_s,49,Theta,0.8342692110416521
9,is_s,50,Theta,1.5168430183245543
9,is_s,51,Theta,1.095829363278985
9,is_s,52,Theta,1.0845532021099713
9,is_s,53,Theta,1.5676399673572998
9,is_s,54,Theta,1.218248488429205
9,is_s,55,Theta,4.1626824334218995
9,is_s,56,Theta,1.3592774441556974
9,is_s,57,Theta,1.2835658480599574
9,is_s,58,Theta,0.17558589232833963
9,is_s,59,Theta,0.7636015344852456
9,is_s,60,Theta,1.8240442873629643
9,is_s,1,Alpha,2.5899290026159147
9,is_s,2,Alpha,3.458035380434643
9,is_s,3,Alpha,2.464693162799313
9,is_s,4,Alpha,4.1717243901278565
9,is_s,5,Alpha,3.134675589817031
9,is_s,6,Alpha,1.1526977907370735
9,is_s,7,Alpha,2.6537855977786773
9,is_s,8,Alpha,5.94079745433752
9,is_s,9,Alpha,0.18004586031047518
9,is_s,10,Alpha,1.1698393804343497
9,is_s,11,Alpha,4.635645816149333
9,is_s,12,Alpha,3.0765772464009347
9,is_s,13,Alpha,5.1102961622867324
9,is_s,14,Alpha,3.820803766717312
9,is_s,15,Alpha,1.5938592740733977
9,is_s,16,Alpha,3.557013808434236
9,is_s,17,Alpha,0.7212635595308592
9,is_s,18,Alpha,1.879825758734489
9,is_s,19,Alpha,5.559002088406283
9,is_s,20,Alpha,3.25455150387059
9,is_s,21,Alpha,3.4034979438167996
9,is_s,22,Alpha,1.679435809431885
9,is_s,23,Alpha,4.960381704447319
9,is_s,24,Alpha,4.831064774066242
9,is_s,25,Alpha,2.5777002066537933
9,is_s,26,Alpha,1.6351603442110385
9,is_s,27,Alpha,3.7948289996853646
9,is_s,28,Alpha,1.7266809046168732
9,is_s,29,Alpha,3.5250561146454094
9,is_s,30,Alpha,2.395874688301384
9,is_s,31,Alpha,2.340070247988061
9,is_s,32,Alpha,0.983687173877242
9,is_s,33,Alpha,2.0632546041627022
9,is_s,34,Alpha,0.18940733836577178
9,is_s,35,Alpha,3.247809278550635
9,is_s,36,Alpha,1.974473792594795
9,is_s,37,Alpha,1.4239320374328492
9,is_s,38,Alpha,2.3444337694117907
9,is_s,39,Alpha,0.04159204174066379
9,is_s,40,Alpha,1.618224112799066
9,is_s,41,Alpha,1.7735488503051444
9,is_s,42,Alpha,3.5524322966660864
9,is_s,43,Alpha,2.770833207558953
9,is_s,44,Alpha,3.2833465060245337
9,is_s,45,Alpha,3.331960812606133
9,is_s,46,Alpha,3.6900349496466363
9,is_s,47,Alpha,4.069869438159867
9,is_s,48,Alpha,2.56477079489813
9,is_s,49,Alpha,0.5995782667885299
9,is_s,50,Alpha,0.25119675139261244
9,is_s,51,Alpha,0.7837834237773876
9,is_s,52,Alpha,2.7083177407621197
9,is_s,53,Alpha,3.7541850122633735
9,is_s,54,Alpha,1.9921857578878452
9,is_s,55,Alpha,3.848111558320773
9,is_s,56,Alpha,2.972971814325992
9,is_s,57,Alpha,0.4653074232635203
9,is_s,58,Alpha,3.0890488775055864
9,is_s,59,Alpha,1.4973182029639034
9,is_s,60,Alpha,1.8639957659975606
9,is_s,1,Beta,1.9439208812433537
9,is_s,2,Beta,4.745141649792205
9,is_s,3,Beta,5.112228815770318
9,is_s,4,Beta,0.3059611124764387
9,is_s,5,Beta,5.392361113113779
9,is_s,6,Beta,0.07347951019111382
9,is_s,7,Beta,6.168950761125124
9,is_s,8,Beta,1.7387122611060943
9,is_s,9,Beta,1.7495156721627716
9,is_s,10,Beta,4.8865172720675005
9,is_s,11,Beta,5.814089141489732
9,is_s,12,Beta,1.9645556400547795
9,is_s,13,Beta,4.1459205629540605
9,is_s,14,Beta,0.7983271854348697
9,is_s,15,Beta,6.097841624322321
9,is_s,16,Beta,0.7622937909376793
9,is_s,17,Beta,0.044520245541727566
9,is_s,18,Beta,4.4662846854116065
9,is_s,19,Beta,1.2362351988262583
9,is_s,20,Beta,5.344566745928653
9,is_s,21,Beta,1.973824490462783
9,is_s,22,Beta,2.0033559173335957
9,is_s,23,Beta,4.581500119097278
9,is_s,24,Beta,4.320426452015186
9,is_s,25,Beta,2.3607927925959458
9,is_s,26,Beta,5.867851986554926
9,is_s,27,Beta,4.073665789156442
9,is_s,28,Beta,0.11651048703871678
9,is_s,29,Beta,2.9187376066760473
9,is_s,30,Beta,3.11950925939218
9,is_s,31,Beta,0.19128656552693232
9,is_s,32,Beta,2.200457485875542
9,is_s,33,Beta,4.834064708777074
9,is_s,34,Beta,1.0283692156260302
9,is_s,35,Beta,0.3553196060338398
9,is_s,36,Beta,0.8615114823686558
9,is_s,37,Beta,2.659363376988054
9,is_s,38,Beta,2.4220990575645804
9,is_s,39,Beta,0.7336163630157629
9,is_s,40,Beta,4.772599720330193
9,is_s,41,Beta,1.6124756892026115
9,is_s,42,Beta,3.126558767681606
9,is_s,43,Beta,2.9799912806687585
9,is_s,44,Beta,1.0363058470160624
9,is_s,45,Beta,4.420651701627818
9,is_s,46,Beta,0.38291676946857306
9,is_s,47,Beta,3.475507498738997
9,is_s,48,Beta,2.511182146083285
9,is_s,49,Beta,5.5017129719443965
9,is_s,50,Beta,5.307495734010884
9,is_s,51,Beta,3.8335371774798452
9,is_s,52,Beta,6.01573063056774
9,is_s,53,Beta,0.42440272116729333
9,is_s,54,Beta,3.6475209695937636
9,is_s,55,Beta,2.312997377948636
9,is_s,56,Beta,3.8218381521618388
9,is_s,57,Beta,4.753375298361724
9,is_s,58,Beta,0.8013844243583764
9,is_s,59,Beta,2.2781073497820636
9,is_s,60,Beta,3.929902881457069
9,vs_s,1,Delta,6.113409783398338
9,vs_s,2,Delta,1.305278819405243
9,vs_s,3,Delta,5.923665789913193
9,vs_s,4,Delta,1.2851410929787965
9,vs_s,5,Delta,1.7655427728834237
9,vs_s,6,Delta,2.0782390328373013
9,vs_s,7,Delta,0.8295356663289476
9,vs_s,8,Delta,0.8564635693254226
9,vs_s,9,Delta,1.4848267209838084
9,vs_s,10,Delta,0.741832058553425
9,vs_s,11,Delta,4.83972101578085
9,vs_s,12,Delta,3.3316652772709223
9,vs_s,13,Delta,5.1829252554115675
9,vs_s,14,Delta,1.6813355273440165
9,vs_s,15,Delta,4.740845624989387
9,vs_s,16,Delta,1.374767369513625
9,vs_s,17,Delta,5.214292931924188
9,vs_s,18,Delta,1.657715893203884
9,vs_s,19,Delta,1.7266589215137886
9,vs_s,20,Delta,0.9957234628318551
9,vs_s,21,Delta,2.4629355606355703
9,vs_s,22,Delta,0.9805872570814119
9,vs_s,23,Delta,1.8413211649330412
9,vs_s,24,Delta,5.784711980348055
9,vs_s,25,Delta,1.6688515709051182
9,vs_s,26,Delta,0.5521435762010002
9,vs_s,27,Delta,0.7095825448630793
9,vs_s,28,Delta,5.747498885814995
9,vs_s,29,Delta,1.0210304423969425
9,vs_s,30,Delta,0.24627516145208503
9,vs_s,31,Delta,0.5877997977426438
9,vs_s,32,Delta,4.405939096298948
9,vs_s,33,Delta,0.20124677445205025
9,vs_s,34,Delta,0.9794561699538796
9,vs_s,35,Delta,2.826011954010276
9,vs_s,36,Delta,1.3311019654743004
9,vs_s,37,Delta,0.40441754738308855
9,vs_s,39,Delta,1.6684717068292967
9,vs_s,40,Delta,0.9381648241660442
9,vs_s,41,Delta,5.317103135455131
9,vs_s,42,Delta,4.260316271044971
9,vs_s,43,Delta,1.2754137048840921
9,vs_s,44,Delta,1.5205437921359841
9,vs_s,45,Delta,1.347147973133763
9,vs_s,46,Delta,4.126814584728756
9,vs_s,47,Delta,1.2464945848265077
9,vs_s,48,Delta,1.1721520570689083
9,vs_s,49,Delta,1.2798961182105644
9,vs_s,50,Delta,3.75018441907713
9,vs_s,52,Delta,1.0165094586948817
9,vs_s,53,Delta,2.9829849571148066
9,vs_s,54,Delta,0.7667854276542961
9,vs_s,55,Delta,5.77357334934589
9,vs_s,56,Delta,1.3217543502334645
9,vs_s,57,Delta,5.840910596004411
9,vs_s,58,Delta,1.6339014895002837
9,vs_s,59,Delta,1.4099030929428666
9,vs_s,60,Delta,0.49243889312949823
9,vs_s,1,Theta,0.7845900862371612
9,vs_s,2,Theta,0.6407620198058718
9,vs_s,3,Theta,0.3937752860775559
9,vs_s,4,Theta,1.4128059455220285
9,vs_s,5,Theta,2.565240257877546
9,vs_s,6,Theta,1.4773723684856075
9,vs_s,7,Theta,0.302834499366621
9,vs_s,8,Theta,0.254021992519829
9,vs_s,9,Theta,1.8149191300897902
9,vs_s,10,Theta,1.9786353646316845
9,vs_s,11,Theta,1.5097958319117681
9,vs_s,12,Theta,5.307412050303671
9,vs_s,13,Theta,0.5064083923916881
9,vs_s,14,Theta,1.6337692492909437
9,vs_s,15,Theta,4.9844264282458415
9,vs_s,16,Theta,2.5625592081904234
9,vs_s,17,Theta,6.042562199226848
9,vs_s,18,Theta,1.3842279650320644
9,vs_s,19,Theta,1.011261982311458
9,vs_s,20,Theta,1.6330803425149951
9,vs_s,21,Theta,1.8203976788093141
9,vs_s,22,Theta,0.9529154265001741
9,vs_s,23,Theta,2.2423639451675528
9,vs_s,24,Theta,5.509641310985411
9,vs_s,25,Theta,2.297805911682313
9,vs_s,26,Theta,1.27800212117828
9,vs_s,27,Theta,6.1664654747804475
9,vs_s,28,Theta,6.019638016691504
9,vs_s,29,Theta,0.5997980614669047
9,vs_s,30,Theta,0.6310325564533675
9,vs_s,31,Theta,0.4103661315783137
9,vs_s,32,Theta,1.0003112992416998
9,vs_s,33,Theta,1.7581913018765887
9,vs_s,34,Theta,1.5082024982592452
9,vs_s,35,Theta,2.9863822837057024
9,vs_s,36,Theta,1.8424364099692416
9,vs_s,37,Theta,6.243485211038136
9,vs_s,39,Theta,1.2066977402701393
9,vs_s,40,Theta,1.437341757385053
9,vs_s,41,Theta,5.662800120892766
9,vs_s,42,Theta,3.412559022652329
9,vs_s,43,Theta,1.4779328407487
9,vs_s,44,Theta,1.8143310608161949
9,vs_s,45,Theta,2.9622965742821643
9,vs_s,46,Theta,2.5968246207658594
9,vs_s,47,Theta,1.0530468671561135
9,vs_s,48,Theta,1.2330255264399888
9,vs_s,49,Theta,1.5695416685935286
9,vs_s,50,Theta,1.9622797523196491
9,vs_s,52,Theta,0.9580574743805794
9,vs_s,53,Theta,0.20231303163800937
9,vs_s,54,Theta,1.6303552687691474
9,vs_s,55,Theta,5.2991347097979755
9,vs_s,56,Theta,1.6887765388347213
9,vs_s,57,Theta,0.535697246444333
9,vs_s,58,Theta,1.5687720999248271
9,vs_s,59,Theta,1.8535156073017383
9,vs_s,60,Theta,0.8654328380962619
9,vs_s,1,Alpha,4.5756187426704225
9,vs_s,2,Alpha,6.167878953904655
9,vs_s,3,Alpha,2.7767815194217014
9,vs_s,4,Alpha,2.7550683617768894
9,vs_s,5,Alpha,4.168936930432338
9,vs_s,6,Alpha,2.4964428654870825
9,vs_s,7,Alpha,4.7270516980962425
9,vs_s,8,Alpha,4.350780683128894
9,vs_s,9,Alpha,2.4010791514197938
9,vs_s,10,Alpha,0.971018379852871
9,vs_s,11,Alpha,2.072475537931295
9,vs_s,12,Alpha,2.5874454339907453
9,vs_s,13,Alpha,5.87637951915653
9,vs_s,14,Alpha,1.7994658495686524
9,vs_s,15,Alpha,2.715361886092377
9,vs_s,16,Alpha,2.960938641474452
9,vs_s,17,Alpha,0.970754386373795
9,vs_s,18,Alpha,2.829022325450688
9,vs_s,19,Alpha,0.9668690746160381
9,vs_s,20,Alpha,1.9002412196266363
9,vs_s,21,Alpha,1.5978300866911943
9,vs_s,22,Alpha,1.412177835816024
9,vs_s,23,Alpha,0.6542277537451737
9,vs_s,24,Alpha,1.4536320930717508
9,vs_s,25,Alpha,2.5730905919950406
9,vs_s,26,Alpha,2.0778644961105464
9,vs_s,27,Alpha,5.516206216681263
9,vs_s,28,Alpha,2.6662561513324348
9,vs_s,29,Alpha,5.596648590893874
9,vs_s,30,Alpha,2.3452524638402585
9,vs_s,31,Alpha,1.025147790025764
9,vs_s,32,Alpha,4.690580682734571
9,vs_s,33,Alpha,4.341430668929887
9,vs_s,34,Alpha,1.4709083439778357
9,vs_s,35,Alpha,2.4302658638997525
9,vs_s,36,Alpha,2.786993559340932
9,vs_s,37,Alpha,4.305039160633845
9,vs_s,39,Alpha,2.088380763068762
9,vs_s,40,Alpha,2.637436480256157
9,vs_s,41,Alpha,2.3836819888290846
9,vs_s,42,Alpha,3.490555390441771
9,vs_s,43,Alpha,1.5743730254796757
9,vs_s,44,Alpha,1.7742775473029195
9,vs_s,45,Alpha,3.701782909425415
9,vs_s,46,Alpha,2.890754783566956
9,vs_s,47,Alpha,1.5018168902261602
9,vs_s,48,Alpha,1.4415998885426304
9,vs_s,49,Alpha,4.526069949348644
9,vs_s,50,Alpha,1.146502160944815
9,vs_s,52,Alpha,4.336737408094196
9,vs_s,53,Alpha,4.1484988336015665
9,vs_s,54,Alpha,2.8728690728425463
9,vs_s,55,Alpha,2.4222037184939778
9,vs_s,56,Alpha,2.9652814339795452
9,vs_s,57,Alpha,3.6281414684799045
9,vs_s,58,Alpha,5.3618445465799915
9,vs_s,59,Alpha,1.6094683166389003
9,vs_s,60,Alpha,6.14662603737348
9,vs_s,1,Beta,3.7080539334032627
9,vs_s,2,Beta,5.841239024014604
9,vs_s,3,Beta,5.280526491350906
9,vs_s,4,Beta,1.6835249297608996
9,vs_s,5,Beta,2.682916968027958
9,vs_s,6,Beta,2.7128975125006405
9,vs_s,7,Beta,4.107459260168102
9,vs_s,8,Beta,5.239716126251075
9,vs_s,9,Beta,1.5364552408402767
9,vs_s,10,Beta,0.08221555192999638
9,vs_s,11,Beta,1.1617992925619556
9,vs_s,12,Beta,1.4656126567499048
9,vs_s,13,Beta,4.631208108550469
9,vs_s,14,Beta,6.119488796408032
9,vs_s,15,Beta,2.24666342222059
9,vs_s,16,Beta,4.5520239632382244
9,vs_s,17,Beta,5.889700652147701
9,vs_s,18,Beta,3.9758280762651896
9,vs_s,19,Beta,0.7624349997281558
9,vs_s,20,Beta,2.4846244832150592
9,vs_s,21,Beta,2.460590420023293
9,vs_s,22,Beta,0.3727821032150437
9,vs_s,23,Beta,2.593467962021483
9,vs_s,24,Beta,1.7385222365124506
9,vs_s,25,Beta,1.6472796660187754
9,vs_s,26,Beta,2.500823823914083
9,vs_s,27,Beta,4.144760522431822
9,vs_s,28,Beta,3.2435596391835655
9,vs_s,29,Beta,5.083291876008554
9,vs_s,30,Beta,2.375339195607341
9,vs_s,31,Beta,0.8132088294275361
9,vs_s,32,Beta,4.9460960893548584
9,vs_s,33,Beta,4.235594366969809
9,vs_s,34,Beta,0.18161283327565678
9,vs_s,35,Beta,3.118780260806343
9,vs_s,36,Beta,3.343044151461561
9,vs_s,37,Beta,4.358509101367227
9,vs_s,39,Beta,4.5664402645656565
9,vs_s,40,Beta,3.87551290524306
9,vs_s,41,Beta,5.449787418547768
9,vs_s,42,Beta,6.1129145419027795
9,vs_s,43,Beta,6.280929420781675
9,vs_s,44,Beta,3.9665539577111684
9,vs_s,45,Beta,5.107499531818867
9,vs_s,46,Beta,3.219999500184198
9,vs_s,47,Beta,5.838449442502694
9,vs_s,48,Beta,2.6660346984161976
9,vs_s,49,Beta,2.3321893534414624
9,vs_s,50,Beta,0.6235348785266029
9,vs_s,52,Beta,3.987270202672597
9,vs_s,53,Beta,2.1038082637301523
9,vs_s,54,Beta,3.629906366130269
9,vs_s,55,Beta,2.0690046092480205
9,vs_s,56,Beta,0.4757245080637238
9,vs_s,57,Beta,4.007553197444657
9,vs_s,58,Beta,2.1343886384442454
9,vs_s,59,Beta,3.196290642841368
9,vs_s,60,Beta,4.5460461115979065
