subject,condition,trial,band,angle_rad
10,a50_an,1,Delta,1.6588994260890417
10,a50_an,2,Delta,1.0778610053251414
10,a50_an,3,Delta,2.5178581220611465
10,a50_an,4,Delta,3.4974918826128927
10,a50_an,5,Delta,3.9954058335048184
10,a50_an,6,Delta,1.6938787092542644
10,a50_an,7,Delta,1.0980157750074304
10,a50_an,8,Delta,3.403561001318443
10,a50_an,9,Delta,0.4859079584599624
10,a50_an,10,Delta,1.7011228935499394
10,a50_an,11,Delta,1.6368046560699372
10,a50_an,12,Delta,3.3806493498578596
10,a50_an,13,Delta,5.960174800838022
10,a50_an,14,Delta,0.013960775689101389
10,a50_an,15,Delta,2.379629744527016
10,a50_an,16,Delta,1.9022245013941501
10,a50_an,17,Delta,4.728668981605028
10,a50_an,18,Delta,2.4610672148133514
10,a50_an,19,Delta,0.24090500117119346
10,a50_an,20,Delta,4.318960070018995
10,a50_an,21,Delta,2.026238020790346
10,a50_an,22,Delta,5.029780568655126
10,a50_an,23,Delta,1.6838474967443664
10,a50_an,24,Delta,1.914814387543956
10,a50_an,25,Delta,2.4678692546735177
10,a50_an,26,Delta,4.923521834324172
10,a50_an,27,Delta,0.9417591637594301
10,a50_an,28,Delta,4.03657636522362
10,a50_an,29,Delta,5.1520142549382815
10,a50_an,30,Delta,6.0834994104677325
10,a50_an,1,Theta,1.1373460264178594
10,a50_an,2,Theta,0.8637954638437372
10,a50_an,3,Theta,2.8049285845330307
10,a50_an,4,Theta,3.58161946169829
10,a50_an,5,Theta,2.569557225512728
10,a50_an,6,Theta,1.617096207007124
10,a50_an,7,Theta,0.22562933313071237
10,a50_an,8,Theta,2.701877133281344
10,a50_an,9,Theta,6.0005023488911675
10,a50_an,10,Theta,3.24654272994645
10,a50_an,11,Theta,5.648397182499394
10,a50_an,12,Theta,2.9726517555877785
10,a50_an,13,Theta,6.14340238857271
10,a50_an,14,Theta,4.316145965232117
10,a50_an,15,Theta,2.821142233929637
10,a50_an,16,Theta,2.7095663999885833
10,a50_an,17,Theta,4.387333602150644
10,a50_an,18,Theta,3.3934491996703637
10,a50_an,19,Theta,0.20885587800493477
10,a50_an,20,Theta,4.967879793317211
10,a50_an,21,Theta,3.1971128878910235
10,a50_an,22,Theta,4.90574238554412
10,a50_an,23,Theta,3.9862043451829314
10,a50_an,24,Theta,2.741627581446672
10,a50_an,25,Theta,2.1233314464067075
10,a50_an,26,Theta,4.710079702828649
10,a50_an,27,Theta,1.1689425894060006
10,a50_an,28,Theta,3.49542479865079
10,a50_an,29,Theta,5.305838265512757
10,a50_an,30,Theta,5.174926440327167
10,a50_an,1,Alpha,4.4237920139900115
10,a50_an,2,Alpha,5.536066660064332
10,a50_an,3,Alpha,1.9305239458243126
10,a50_an,4,Alpha,4.56284439190857
10,a50_an,5,Alpha,2.9719847968898967
10,a50_an,6,Alpha,1.565935140108395
10,a50_an,7,Alpha,5.45631217924935
10,a50_an,8,Alpha,4.794362726805355
10,a50_an,9,Alpha,4.050820476900954
10,a50_an,10,Alpha,0.6139334507376267
10,a50_an,11,Alpha,2.18791754713747
10,a50_an,12,Alpha,6.004077880391452
10,a50_an,13,Alpha,3.7517629469457514
10,a50_an,14,Alpha,1.5642607350987803
10,a50_an,15,Alpha,2.1720327603509375
10,a50_an,16,Alpha,3.278793240291099
10,a50_an,17,Alpha,5.775700445764995
10,a50_an,18,Alpha,2.9441248981253394
10,a50_an,19,Alpha,3.7936989045842
10,a50_an,20,Alpha,4.524110279394796
10,a50_an,21,Alpha,1.0227548051917108
10,a50_an,22,Alpha,4.681470165251097
10,a50_an,23,Alpha,3.6393878391337133
10,a50_an,24,Alpha,3.4512256361149074
10,a50_an,25,Alpha,4.52403208368186
10,a50_an,26,Alpha,4.511416688056696
10,a50_an,27,Alpha,3.870314148360569
10,a50_an,28,Alpha,4.68800937221765
10,a50_an,29,Alpha,4.621866759436568
10,a50_an,30,Alpha,2.1388105251246894
10,a50_an,1,Beta,1.8039755220039613
10,a50_an,2,Beta,3.773349046545604
10,a50_an,3,Beta,1.533063644489092
10,a50_an,4,Beta,2.087956918015272
10,a50_an,5,Beta,4.185625050682617
10,a50_an,6,Beta,4.3957127451661995
10,a50_an,7,Beta,4.696090743480753
10,a50_an,8,Beta,4.573553873855271
10,a50_an,9,Beta,4.657931611673855
10,a50_an,10,Beta,6.105148511999186
10,a50_an,11,Beta,2.7098415260112994
10,a50_an,12,Beta,3.1098343601246006
10,a50_an,13,Beta,4.059000151559762
10,a50_an,14,Beta,3.0615048887300125
10,a50_an,15,Beta,3.146239523613085
10,a50_an,16,Beta,4.32454172482684
10,a50_an,17,Beta,1.1305357137422691
10,a50_an,18,Beta,1.606337352505801
10,a50_an,19,Beta,2.015973131149227
10,a50_an,20,Beta,3.8104066495698374
10,a50_an,21,Beta,0.2915714282765896
10,a50_an,22,Beta,4.571039772486523
10,a50_an,23,Beta,2.831807532798303
10,a50_an,24,Beta,3.5386395483429913
10,a50_an,25,Beta,0.8186303508641731
10,a50_an,26,Beta,4.528544366449896
10,a50_an,27,Beta,4.247437397250934
10,a50_an,28,Beta,2.901541360201752
10,a50_an,29,Beta,0.8029914082528691
10,a50_an,30,Beta,2.5881103870041553
10,a75_an,1,Delta,2.8461481042625656
10,a75_an,2,Delta,5.247642888397708
10,a75_an,3,Delta,2.908694337624884
10,a75_an,4,Delta,1.45027196672829
10,a75_an,5,Delta,3.802340005856941
10,a75_an,6,Delta,5.265568861150928
10,a75_an,7,Delta,0.6455704340610043
10,a75_an,8,Delta,4.6415367286733495
10,a75_an,9,Delta,1.787144937333006
10,a75_an,10,Delta,1.9529072057628711
10,a75_an,11,Delta,3.894447047956799
10,a75_an,12,Delta,2.163802347729315
10,a75_an,13,Delta,2.299052556508093
10,a75_an,15,Delta,3.403827384746256
10,a75_an,1,Theta,4.1562646846705835
10,a75_an,2,Theta,0.10408092897546285
10,a75_an,3,Theta,2.6886802804149728
10,a75_an,4,Theta,3.069130756933422
10,a75_an,5,Theta,3.7969544476337362
10,a75_an,6,Theta,5.49747030438052
10,a75_an,7,Theta,0.5784713806989825
10,a75_an,8,Theta,5.481889129753375
10,a75_an,9,Theta,3.02340712741345
10,a75_an,10,Theta,1.8414077134259443
10,a75_an,11,Theta,4.270148756766496
10,a75_an,12,Theta,2.7400281996697324
10,a75_an,13,Theta,2.775283343880036
10,a75_an,15,Theta,3.0853897829923693
10,a75_an,1,Alpha,4.6047032153124885
10,a75_an,2,Alpha,2.0517333979832095
10,a75_an,3,Alpha,3.4297311192487396
10,a75_an,4,Alpha,6.204438535718491
10,a75_an,5,Alpha,1.303420933684095
10,a75_an,6,Alpha,0.43176175030601777
10,a75_an,7,Alpha,2.4724421729831985
10,a75_an,8,Alpha,1.2663218052318428
10,a75_an,9,Alpha,4.226016178702183
10,a75_an,10,Alpha,2.93878426818293
10,a75_an,11,Alpha,1.5573860005154625
10,a75_an,12,Alpha,4.001159278924622
10,a75_an,13,Alpha,1.9317750218719623
10,a75_an,15,Alpha,2.958130554978712
10,a75_an,1,Beta,4.738863209980286
10,a75_an,2,Beta,2.7184220097643546
10,a75_an,3,Beta,5.214970827966967
10,a75_an,4,Beta,1.5431955662868073
10,a75_an,5,Beta,0.32167518857820737
10,a75_an,6,Beta,2.119144175213214
10,a75_an,7,Beta,4.584384891124728
10,a75_an,8,Beta,1.997929165066246
10,a75_an,9,Beta,4.319907298498
10,a75_an,10,Beta,1.8505629985162495
10,a75_an,11,Beta,4.96646075879411
10,a75_an,12,Beta,4.3651998978438895
10,a75_an,13,Beta,2.581245794095125
10,a75_an,15,Beta,5.136704119336247
11,a50_an,1,Delta,5.143591717427261
11,a50_an,2,Delta,1.6605862067381343
11,a50_an,3,Delta,4.485135143051043
11,a50_an,4,Delta,3.5163920577713403
11,a50_an,5,Delta,3.856873415693989
11,a50_an,6,Delta,0.9092570808573706
11,a50_an,7,Delta,4.565367013539611
11,a50_an,8,Delta,1.8153434516289289
11,a50_an,9,Delta,1.4626953916225118
11,a50_an,10,Delta,0.9674334097202327
11,a50_an,11,Delta,4.786319485211272
11,a50_an,12,Delta,1.9903351137609369
11,a50_an,13,Delta,2.524694931626479
11,a50_an,14,Delta,3.4066297752476076
11,a50_an,15,Delta,2.1667597425419594
11,a50_an,16,Delta,3.7636009312684306
11,a50_an,17,Delta,4.653458902628506
11,a50_an,18,Delta,1.8169601462459117
11,a50_an,19,Delta,0.6966032156757713
11,a50_an,20,Delta,3.805288602720007
11,a50_an,21,Delta,1.502682435603419
11,a50_an,22,Delta,1.0317038690600921
11,a50_an,23,Delta,4.385224532296649
11,a50_an,24,Delta,5.425039981763561
11,a50_an,25,Delta,5.529202776052835
11,a50_an,26,Delta,5.171109957782349
11,a50_an,27,Delta,4.936411914610287
11,a50_an,28,Delta,2.061896555653128
11,a50_an,29,Delta,4.736731796410797
11,a50_an,30,Delta,1.7039706988354322
11,a50_an,1,Theta,5.876275940770285
11,a50_an,2,Theta,2.731494143949174
11,a50_an,3,Theta,4.822240345605618
11,a50_an,4,Theta,3.96443944343721
11,a50_an,5,Theta,4.1671122545322135
11,a50_an,6,Theta,0.8924142066779758
11,a50_an,7,Theta,4.621190138651558
11,a50_an,8,Theta,1.2469335611870485
11,a50_an,9,Theta,3.437397732488786
11,a50_an,10,Theta,1.6716109606072982
11,a50_an,11,Theta,1.972715427911688
11,a50_an,12,Theta,2.02697853580299
11,a50_an,13,Theta,2.1542737254631668
11,a50_an,14,Theta,2.4999373142869743
11,a50_an,15,Theta,2.0053555528933096
11,a50_an,16,Theta,3.8565609797969627
11,a50_an,17,Theta,4.287353168259145
11,a50_an,18,Theta,2.145027628545804
11,a50_an,19,Theta,0.7031677874817491
11,a50_an,20,Theta,3.5577958333343136
11,a50_an,21,Theta,1.4217663815352142
11,a50_an,22,Theta,1.5397898778335848
11,a50_an,23,Theta,3.732052190553604
11,a50_an,24,Theta,5.131804183657133
11,a50_an,25,Theta,5.514719565405749
11,a50_an,26,Theta,5.057619612957691
11,a50_an,27,Theta,6.02738728003891
11,a50_an,28,Theta,2.5829866722094423
11,a50_an,29,Theta,4.871671991772507
11,a50_an,30,Theta,1.482911625146889
11,a50_an,1,Alpha,0.4664384620733425
11,a50_an,2,Alpha,1.3837659847148658
11,a50_an,3,Alpha,2.3174414852253866
11,a50_an,4,Alpha,4.585060842398488
11,a50_an,5,Alpha,3.3641193911244387
11,a50_an,6,Alpha,2.439616126795097
11,a50_an,7,Alpha,1.7301955699485487
11,a50_an,8,Alpha,4.5386675336709805
11,a50_an,9,Alpha,2.6652627225949055
11,a50_an,10,Alpha,2.492002649503038
11,a50_an,11,Alpha,5.7641867595235965
11,a50_an,12,Alpha,2.347787556317116
11,a50_an,13,Alpha,5.12106187712278
11,a50_an,14,Alpha,3.4436952235583957
11,a50_an,15,Alpha,4.578851287993297
11,a50_an,16,Alpha,4.191926430645357
11,a50_an,17,Alpha,4.359496330540238
11,a50_an,18,Alpha,3.297082949834327
11,a50_an,19,Alpha,2.141315990337227
11,a50_an,20,Alpha,3.2641929005301673
11,a50_an,21,Alpha,4.585238195303912
11,a50_an,22,Alpha,0.9010039876750359
11,a50_an,23,Alpha,0.0826283054732231
11,a50_an,24,Alpha,3.4106111396371164
11,a50_an,25,Alpha,2.181886640028759
11,a50_an,26,Alpha,0.2807120865261401
11,a50_an,27,Alpha,2.989171405911968
11,a50_an,28,Alpha,1.9212238429243023
11,a50_an,29,Alpha,6.146931083050151
11,a50_an,30,Alpha,6.0681078598632965
11,a50_an,1,Beta,2.5313914746641912
11,a50_an,2,Beta,0.608376929949915
11,a50_an,3,Beta,1.285679805534031
11,a50_an,4,Beta,1.349368150458094
11,a50_an,5,Beta,5.8386397340075495
11,a50_an,6,Beta,1.5837549889828577
11,a50_an,7,Beta,3.3914293288675093
11,a50_an,8,Beta,4.551472828139186
11,a50_an,9,Beta,3.3368475649788256
11,a50_an,10,Beta,1.944956990193419
11,a50_an,11,Beta,2.4643106744880345
11,a50_an,12,Beta,2.046844182603467
11,a50_an,13,Beta,0.4302338787984982
11,a50_an,14,Beta,0.16243527477271255
11,a50_an,15,Beta,4.852901515377716
11,a50_an,16,Beta,4.579912220669402
11,a50_an,17,Beta,2.6929501447765634
11,a50_an,18,Beta,3.361144281232793
11,a50_an,19,Beta,3.1440802970914152
11,a50_an,20,Beta,4.049070644813532
11,a50_an,21,Beta,2.5841804800210277
11,a50_an,22,Beta,4.789421044987172
11,a50_an,23,Beta,3.342811369777375
11,a50_an,24,Beta,1.2793193221925827
11,a50_an,25,Beta,5.943725607749173
11,a50_an,26,Beta,2.012723153547942
11,a50_an,27,Beta,4.9937445203488435
11,a50_an,28,Beta,2.158484558772126
11,a50_an,29,Beta,6.0597040717317645
11,a50_an,30,Beta,0.8381915172155355
11,a75_an,1,Delta,4.397469247168625
11,a75_an,2,Delta,5.0231089060018075
11,a75_an,3,Delta,4.242570234800239
11,a75_an,4,Delta,4.524938466750247
11,a75_an,5,Delta,1.6273124240135137
11,a75_an,6,Delta,2.1808260593974986
11,a75_an,7,Delta,4.782929288122013
11,a75_an,8,Delta,4.972184026689631
11,a75_an,9,Delta,4.430995563834504
11,a75_an,10,Delta,3.521237331415902
11,a75_an,11,Delta,0.7941560205166777
11,a75_an,12,Delta,3.5472312931634518
11,a75_an,13,Delta,3.480845359364178
11,a75_an,14,Delta,3.769429855745932
11,a75_an,15,Delta,5.049811545095559
11,a75_an,1,Theta,5.077435604080367
11,a75_an,2,Theta,4.943865928732845
11,a75_an,3,Theta,3.0169068886792223
11,a75_an,4,Theta,4.193116705540968
11,a75_an,5,Theta,0.8986735449185466
11,a75_an,6,Theta,3.3271560837404026
11,a75_an,7,Theta,4.201682300684146
11,a75_an,8,Theta,5.32536816300097
11,a75_an,9,Theta,2.8444942798242048
11,a75_an,10,Theta,3.335211659795997
11,a75_an,11,Theta,1.2194202671383771
11,a75_an,12,Theta,4.039532907623592
11,a75_an,13,Theta,3.142547553381374
11,a75_an,14,Theta,3.897813123231608
11,a75_an,15,Theta,4.951284537416205
11,a75_an,1,Alpha,1.62079022689853
11,a75_an,2,Alpha,4.5140783499071375
11,a75_an,3,Alpha,2.081378912273141
11,a75_an,4,Alpha,3.3545801079434843
11,a75_an,5,Alpha,6.181586724001548
11,a75_an,6,Alpha,6.208010695516028
11,a75_an,7,Alpha,5.561961759610073
11,a75_an,8,Alpha,2.4720647806573797
11,a75_an,9,Alpha,2.0528650300627334
11,a75_an,10,Alpha,0.015413479205006667
11,a75_an,11,Alpha,2.464442907872078
11,a75_an,12,Alpha,5.978326947227888
11,a75_an,13,Alpha,5.979363196154494
11,a75_an,14,Alpha,5.733399279964357
11,a75_an,15,Alpha,0.04693576620109129
11,a75_an,1,Beta,1.886641178677938
11,a75_an,2,Beta,4.995238332841982
11,a75_an,3,Beta,2.6791038869798705
11,a75_an,4,Beta,6.1709080342331175
11,a75_an,5,Beta,2.428146806828425
11,a75_an,6,Beta,4.994993316255347
11,a75_an,7,Beta,3.2562419981597173
11,a75_an,8,Beta,5.096638642269843
11,a75_an,9,Beta,1.1373465039141994
11,a75_an,10,Beta,0.2858008203639947
11,a75_an,11,Beta,2.140164035962606
11,a75_an,12,Beta,0.8976201844927496
11,a75_an,13,Beta,4.063726462095834
11,a75_an,14,Beta,4.361011293305349
11,a75_an,15,Beta,5.59755200866711
12,a50_an,1,Delta,4.170583054274524
12,a50_an,2,Delta,5.616460569493395
12,a50_an,3,Delta,4.9313966547088475
12,a50_an,4,Delta,3.5294414372417755
12,a50_an,5,Delta,2.401540368877794
12,a50_an,6,Delta,3.798550721152024
12,a50_an,7,Delta,1.4522795748056778
12,a50_an,8,Delta,1.3182493643796984
12,a50_an,9,Delta,4.7789349368200025
12,a50_an,10,Delta,4.7870379254016875
12,a50_an,12,Delta,0.7672835541240666
12,a50_an,13,Delta,4.287943404044274
12,a50_an,14,Delta,4.468856517431021
12,a50_an,15,Delta,4.950961443985076
12,a50_an,16,Delta,0.08193579603836135
12,a50_an,17,Delta,3.7402548365841835
12,a50_an,18,Delta,1.8104201941527007
12,a50_an,19,Delta,2.035109468480789
12,a50_an,20,Delta,2.893100439077746
12,a50_an,21,Delta,3.7868922436585093
12,a50_an,22,Delta,0.9892746827808584
12,a50_an,23,Delta,5.03777293527501
12,a50_an,24,Delta,1.7001426480717665
12,a50_an,25,Delta,1.0511084777862207
12,a50_an,26,Delta,3.163614455555758
12,a50_an,27,Delta,3.9803764865841305
12,a50_an,28,Delta,1.4321475542928752
12,a50_an,29,Delta,1.3321758651715638
12,a50_an,30,Delta,4.964339762194043
12,a50_an,1,Theta,4.2605421573551086
12,a50_an,2,Theta,5.120053084076661
12,a50_an,3,Theta,5.198357388669271
12,a50_an,4,Theta,3.748689988270925
12,a50_an,5,Theta,2.1676441822179564
12,a50_an,6,Theta,3.5930576804209573
12,a50_an,7,Theta,1.7316843759821836
12,a50_an,8,Theta,0.8220429021037834
12,a50_an,9,Theta,3.869954029355908
12,a50_an,10,Theta,4.986881470329377
12,a50_an,12,Theta,0.11650543210827587
12,a50_an,13,Theta,3.8442268961174655
12,a50_an,14,Theta,4.292370405586786
12,a50_an,15,Theta,4.830554298965538
12,a50_an,16,Theta,0.40243068147064043
12,a50_an,17,Theta,3.14320618484262
12,a50_an,18,Theta,4.346599307979681
12,a50_an,19,Theta,1.0749860719798372
12,a50_an,20,Theta,3.7451281395810945
12,a50_an,21,Theta,3.52524417100905
12,a50_an,22,Theta,5.510862634297039
12,a50_an,23,Theta,4.828958838137943
12,a50_an,24,Theta,2.1545317237207615
12,a50_an,25,Theta,0.2639771113764808
12,a50_an,26,Theta,3.300260735488356
12,a50_an,27,Theta,3.3548133384228485
12,a50_an,28,Theta,0.9471161825272963
12,a50_an,29,Theta,0.8047655080026798
12,a50_an,30,Theta,5.486890590728704
12,a50_an,1,Alpha,4.1166122038587325
12,a50_an,2,Alpha,4.9695859139163865
12,a50_an,3,Alpha,4.082483655548181
12,a50_an,4,Alpha,3.757192027384311
12,a50_an,5,Alpha,1.4710668566979548
12,a50_an,6,Alpha,2.9608997652485964
12,a50_an,7,Alpha,3.169925754698214
12,a50_an,8,Alpha,0.9501798057773009
12,a50_an,9,Alpha,3.0481068562613363
12,a50_an,10,Alpha,1.7039907075032303
12,a50_an,12,Alpha,3.4898167010835506
12,a50_an,13,Alpha,0.7444187930910224
12,a50_an,14,Alpha,3.2287329038394246
12,a50_an,15,Alpha,3.1343825469757474
12,a50_an,16,Alpha,2.7302211801043272
12,a50_an,17,Alpha,3.3701368850606896
12,a50_an,18,Alpha,3.178786385189092
12,a50_an,19,Alpha,4.244471797040569
12,a50_an,20,Alpha,4.125360171905803
12,a50_an,21,Alpha,0.7233634720452007
12,a50_an,22,Alpha,4.510225605157562
12,a50_an,23,Alpha,1.943089281011225
12,a50_an,24,Alpha,1.245912898683509
12,a50_an,25,Alpha,2.600105743863187
12,a50_an,26,Alpha,3.2036389617835157
12,a50_an,27,Alpha,3.6288569365044316
12,a50_an,28,Alpha,4.406475186598366
12,a50_an,29,Alpha,2.052759247842446
12,a50_an,30,Alpha,4.100080543496988
12,a50_an,1,Beta,4.057645080848292
12,a50_an,2,Beta,1.1551529302813506
12,a50_an,3,Beta,0.3845927162755384
12,a50_an,4,Beta,3.543643866511238
12,a50_an,5,Beta,0.6159802178445561
12,a50_an,6,Beta,5.133124576081693
12,a50_an,7,Beta,3.336590555595688
12,a50_an,8,Beta,1.7919868144551738
12,a50_an,9,Beta,2.8632644511226237
12,a50_an,10,Beta,2.3483978422526373
12,a50_an,12,Beta,4.573318776770242
12,a50_an,13,Beta,1.174244065096894
12,a50_an,14,Beta,0.6011378683887616
12,a50_an,15,Beta,1.6283528808369963
12,a50_an,16,Beta,3.9380449651689933
12,a50_an,17,Beta,5.796980827406882
12,a50_an,18,Beta,3.909183728861294
12,a50_an,19,Beta,5.080029652069273
12,a50_an,20,Beta,5.0824109711973255
12,a50_an,21,Beta,0.5571922150025241
12,a50_an,22,Beta,5.6636557985057
12,a50_an,23,Beta,1.601777659147841
12,a50_an,24,Beta,0.8267357588212538
12,a50_an,25,Beta,2.306759109899573
12,a50_an,26,Beta,3.2682045831393585
12,a50_an,27,Beta,4.0695314221200505
12,a50_an,28,Beta,4.826791492314063
12,a50_an,29,Beta,1.5113709496200465
12,a50_an,30,Beta,0.45970039345504626
12,a75_an,1,Delta,2.8315237089940593
12,a75_an,2,Delta,3.5095628248963053
12,a75_an,3,Delta,1.756270067951408
12,a75_an,4,Delta,5.145855666656484
12,a75_an,5,Delta,2.7941023752402074
12,a75_an,6,Delta,2.1603416808489397
12,a75_an,7,Delta,4.679188623950461
12,a75_an,8,Delta,5.452672924000869
12,a75_an,9,Delta,3.0045809419281193
12,a75_an,10,Delta,3.0558647542046278
12,a75_an,11,Delta,0.6961657722121186
12,a75_an,12,Delta,5.150648793222551
12,a75_an,13,Delta,3.338188366959677
12,a75_an,14,Delta,5.394961374602265
12,a75_an,15,Delta,3.98374910364748
12,a75_an,1,Theta,4.160024471241587
12,a75_an,2,Theta,3.434534259213821
12,a75_an,3,Theta,4.238781236974964
12,a75_an,4,Theta,5.79235368844734
12,a75_an,5,Theta,2.139812556385237
12,a75_an,6,Theta,2.1294978590821714
12,a75_an,7,Theta,4.575680388807128
12,a75_an,8,Theta,5.249522625791194
12,a75_an,9,Theta,3.3307615409734677
12,a75_an,10,Theta,3.6294886945100986
12,a75_an,11,Theta,6.106056879566501
12,a75_an,12,Theta,3.1496609851096373
12,a75_an,13,Theta,2.371072636473569
12,a75_an,14,Theta,0.41042832770389776
12,a75_an,15,Theta,3.9958395884732076
12,a75_an,1,Alpha,4.788173026320321
12,a75_an,2,Alpha,0.0022491413233767374
12,a75_an,3,Alpha,4.670498916774632
12,a75_an,4,Alpha,5.776847672401553
12,a75_an,5,Alpha,5.185916610992675
12,a75_an,6,Alpha,2.628256091832525
12,a75_an,7,Alpha,4.561962052516532
12,a75_an,8,Alpha,1.612034371971975
12,a75_an,9,Alpha,5.514227206338133
12,a75_an,10,Alpha,2.214621362359801
12,a75_an,11,Alpha,0.03861329464720946
12,a75_an,12,Alpha,4.584269976075578
12,a75_an,13,Alpha,3.698520441979537
12,a75_an,14,Alpha,5.387532414466627
12,a75_an,15,Alpha,6.227464593640732
12,a75_an,1,Beta,4.092292749555656
12,a75_an,2,Beta,5.557614697314084
12,a75_an,3,Beta,5.651326483538227
12,a75_an,4,Beta,5.827819531413011
12,a75_an,5,Beta,4.2609507615781785
12,a75_an,6,Beta,1.5371180749974391
12,a75_an,7,Beta,4.861265305734683
12,a75_an,8,Beta,4.304946686601486
12,a75_an,9,Beta,6.26196265634615
12,a75_an,10,Beta,1.8474361456468265
12,a75_an,11,Beta,2.6769412447095644
12,a75_an,12,Beta,0.8209499916736063
12,a75_an,13,Beta,3.2854305138045086
12,a75_an,14,Beta,3.3955323486119875
12,a75_an,15,Beta,3.8962872506086343
13,a75_an,1,Delta,4.038486115545366
13,a75_an,2,Delta,5.004447000931664
13,a75_an,3,Delta,6.175496952408298
13,a75_an,4,Delta,4.797649591993669
13,a75_an,5,Delta,4.664077982267944
13,a75_an,6,Delta,5.338530155161305
13,a75_an,7,Delta,0.7222981207412839
13,a75_an,8,Delta,1.8675742030826121
13,a75_an,9,Delta,5.101389393311049
13,a75_an,10,Delta,5.231699306253826
13,a75_an,11,Delta,6.007359593849273
13,a75_an,12,Delta,5.701468698959575
13,a75_an,13,Delta,4.1419144648226816
13,a75_an,14,Delta,1.9058189754803991
13,a75_an,15,Delta,5.0390679511533865
13,a75_an,1,Theta,3.600984903442824
13,a75_an,2,Theta,5.238453597217472
13,a75_an,3,Theta,0.6202549261439045
13,a75_an,4,Theta,4.23989253704641
13,a75_an,5,Theta,4.896603250959889
13,a75_an,6,Theta,5.943566805337133
13,a75_an,7,Theta,3.793189167972801
13,a75_an,8,Theta,1.3982495584141337
13,a75_an,9,Theta,4.552997933438025
13,a75_an,10,Theta,5.533683654702774
13,a75_an,11,Theta,0.020442943308989853
13,a75_an,12,Theta,6.194962651910512
13,a75_an,13,Theta,4.059029858516983
13,a75_an,14,Theta,1.9967875784940066
13,a75_an,15,Theta,3.6154620138302698
13,a75_an,1,Alpha,2.8678238143667856
13,a75_an,2,Alpha,4.551572183674595
13,a75_an,3,Alpha,3.7656093688298324
13,a75_an,4,Alpha,1.7249524077755833
13,a75_an,5,Alpha,4.345548602905433
13,a75_an,6,Alpha,4.102094135487805
13,a75_an,7,Alpha,2.5709304229883236
13,a75_an,8,Alpha,0.5854345722041105
13,a75_an,9,Alpha,4.123779887398751
13,a75_an,10,Alpha,2.7395747887719666
13,a75_an,11,Alpha,1.3864405378582483
13,a75_an,12,Alpha,4.207657353571497
13,a75_an,13,Alpha,2.665518152938712
13,a75_an,14,Alpha,2.049272655739281
13,a75_an,15,Alpha,3.5355190009506883
13,a75_an,1,Beta,0.734735151649981
13,a75_an,2,Beta,5.584422985820544
13,a75_an,3,Beta,3.2051845964142465
13,a75_an,4,Beta,6.044045333593885
13,a75_an,5,Beta,2.8270377970253513
13,a75_an,6,Beta,3.568945569818203
13,a75_an,7,Beta,1.5450727600624719
13,a75_an,8,Beta,1.3387847657070004
13,a75_an,9,Beta,3.236030580168688
13,a75_an,10,Beta,0.8115638647483756
13,a75_an,11,Beta,5.431305234067015
13,a75_an,12,Beta,2.4982199038347677
13,a75_an,13,Beta,3.568971327508536
13,a75_an,14,Beta,4.286807391249528
13,a75_an,15,Beta,0.3160871407237598
13,a50_an,1,Delta,2.1089402320717845
13,a50_an,2,Delta,6.224949428964342
13,a50_an,3,Delta,1.956921352001271
13,a50_an,4,Delta,0.8479740926963216
13,a50_an,5,Delta,1.8148622985718366
13,a50_an,6,Delta,0.2768632700143012
13,a50_an,7,Delta,4.658682892394397
13,a50_an,8,Delta,1.4491270028591265
13,a50_an,9,Delta,4.899826768176805
13,a50_an,10,Delta,5.209162176641181
13,a50_an,11,Delta,5.169288850770995
13,a50_an,12,Delta,5.143749651808262
13,a50_an,13,Delta,4.526806750418138
13,a50_an,14,Delta,5.743142012151991
13,a50_an,15,Delta,1.5600623599947392
13,a50_an,16,Delta,3.8597575721832444
13,a50_an,17,Delta,4.864639154946361
13,a50_an,18,Delta,0.9259701075305056
13,a50_an,19,Delta,1.3639559162017194
13,a50_an,20,Delta,5.144146882337079
13,a50_an,21,Delta,2.7374103891671377
13,a50_an,22,Delta,4.4797337314033685
13,a50_an,23,Delta,5.1888390775462305
13,a50_an,24,Delta,4.690295102745407
13,a50_an,25,Delta,5.189060046146331
13,a50_an,26,Delta,1.2669421443593212
13,a50_an,27,Delta,1.4839346011118375
13,a50_an,28,Delta,4.3629993153214786
13,a50_an,29,Delta,0.8742520259144342
13,a50_an,30,Delta,2.143715478176984
13,a50_an,1,Theta,3.147312646323391
13,a50_an,2,Theta,5.824139404417703
13,a50_an,3,Theta,2.4842624548565317
13,a50_an,4,Theta,1.2862680199148862
13,a50_an,5,Theta,3.371570744716029
13,a50_an,6,Theta,0.663227997787841
13,a50_an,7,Theta,4.367514989060849
13,a50_an,8,Theta,0.8128647842451344
13,a50_an,9,Theta,2.3378143811249372
13,a50_an,10,Theta,5.412894573595583
13,a50_an,11,Theta,1.844363130708525
13,a50_an,12,Theta,6.189039903473685
13,a50_an,13,Theta,4.2307535799767395
13,a50_an,14,Theta,0.03731430655963853
13,a50_an,15,Theta,1.9274885188198647
13,a50_an,16,Theta,4.506691124057704
13,a50_an,17,Theta,5.4833103572422655
13,a50_an,18,Theta,1.2334144224122936
13,a50_an,19,Theta,1.3778597076163597
13,a50_an,20,Theta,4.3936475431676145
13,a50_an,21,Theta,2.043348072824294
13,a50_an,22,Theta,4.74506292032336
13,a50_an,23,Theta,5.147825948159829
13,a50_an,24,Theta,4.7455443592523014
13,a50_an,25,Theta,5.235249025493644
13,a50_an,26,Theta,1.7928469795141702
13,a50_an,27,Theta,1.95200429349777
13,a50_an,28,Theta,2.3233741858344703
13,a50_an,29,Theta,5.768666358535941
13,a50_an,30,Theta,2.2066125783106316
13,a50_an,1,Alpha,2.149576254037745
13,a50_an,2,Alpha,1.615194841360235
13,a50_an,3,Alpha,6.014620028371818
13,a50_an,4,Alpha,2.0335435350622952
13,a50_an,5,Alpha,0.6269649401069058
13,a50_an,6,Alpha,1.4144609719001742
13,a50_an,7,Alpha,0.923044304828827
13,a50_an,8,Alpha,1.4706795119394305
13,a50_an,9,Alpha,1.966399100384391
13,a50_an,10,Alpha,4.5582591448725935
13,a50_an,11,Alpha,0.2872086774330875
13,a50_an,12,Alpha,4.971539516811953
13,a50_an,13,Alpha,2.203624741745901
13,a50_an,14,Alpha,2.308685340954528
13,a50_an,15,Alpha,2.6997285191046556
13,a50_an,16,Alpha,3.5568718032577653
13,a50_an,17,Alpha,4.074239542271458
13,a50_an,18,Alpha,0.7758534551661056
13,a50_an,19,Alpha,1.8864003663524038
13,a50_an,20,Alpha,5.307081701375401
13,a50_an,21,Alpha,3.3523342721144664
13,a50_an,22,Alpha,5.995145827218576
13,a50_an,23,Alpha,5.414027249554978
13,a50_an,24,Alpha,1.889926007460804
13,a50_an,25,Alpha,4.718027898038198
13,a50_an,26,Alpha,3.321995341620235
13,a50_an,27,Alpha,2.5749294960765368
13,a50_an,28,Alpha,0.5341411891180305
13,a50_an,29,Alpha,2.881277931206705
13,a50_an,30,Alpha,4.370056465123733
13,a50_an,1,Beta,1.160808573428537
13,a50_an,2,Beta,4.609496279946386
13,a50_an,3,Beta,5.684606126670253
13,a50_an,4,Beta,2.232412867234979
13,a50_an,5,Beta,2.4348448864686083
13,a50_an,6,Beta,3.2404024389582546
13,a50_an,7,Beta,5.367826551758388
13,a50_an,8,Beta,0.24281789042795263
13,a50_an,9,Beta,0.013011195498870838
13,a50_an,10,Beta,5.203563482099159
13,a50_an,11,Beta,0.04845121855071735
13,a50_an,12,Beta,1.955780611562152
13,a50_an,13,Beta,1.367759498294903
13,a50_an,14,Beta,2.2748880592763814
13,a50_an,15,Beta,6.107159622023583
13,a50_an,16,Beta,5.304706532539
13,a50_an,17,Beta,4.22285636557177
13,a50_an,18,Beta,3.033230307276894
13,a50_an,19,Beta,3.8416962492470255
13,a50_an,20,Beta,3.921334782696077
13,a50_an,21,Beta,5.030592510708864
13,a50_an,22,Beta,1.3512442661848578
13,a50_an,23,Beta,3.7312640983366077
13,a50_an,24,Beta,2.197864694021232
13,a50_an,25,Beta,4.51711976335187
13,a50_an,26,Beta,0.06921961654563874
13,a50_an,27,Beta,3.0295809962957554
13,a50_an,28,Beta,1.6415316663291928
13,a50_an,29,Beta,1.6009402823784329
13,a50_an,30,Beta,2.6119591890416753
14,a75_an,1,Delta,1.889566972176957
14,a75_an,2,Delta,4.851647728988869
14,a75_an,3,Delta,3.828758917849974
14,a75_an,4,Delta,6.1813382511848
14,a75_an,5,Delta,4.583333297401669
14,a75_an,6,Delta,0.34965618363676326
14,a75_an,7,Delta,4.507365110847323
14,a75_an,8,Delta,4.1790158622609095
14,a75_an,9,Delta,4.898857138005429
14,a75_an,10,Delta,1.039287060462075
14,a75_an,11,Delta,2.066640221955485
14,a75_an,12,Delta,0.8378647053629517
14,a75_an,13,Delta,1.661823082276232
14,a75_an,14,Delta,4.240056677005983
14,a75_an,15,Delta,4.772577032167852
14,a75_an,1,Theta,2.3947696798601816
14,a75_an,2,Theta,4.526545068692439
14,a75_an,3,Theta,4.060865848828664
14,a75_an,4,Theta,5.6635333944717745
14,a75_an,5,Theta,4.098576355528401
14,a75_an,6,Theta,5.590532780614677
14,a75_an,7,Theta,4.621794750817541
14,a75_an,8,Theta,3.5180727533943497
14,a75_an,9,Theta,1.1847867826817016
14,a75_an,10,Theta,2.356492962946844
14,a75_an,11,Theta,1.4502449062941198
14,a75_an,12,Theta,0.9883404767792487
14,a75_an,13,Theta,2.1200124899243065
14,a75_an,14,Theta,4.260610252114018
14,a75_an,15,Theta,4.752267404653519
14,a75_an,1,Alpha,2.2577600561797007
14,a75_an,2,Alpha,5.535925793946536
14,a75_an,3,Alpha,5.508497048420882
14,a75_an,4,Alpha,0.958690609305616
14,a75_an,5,Alpha,5.95521801996628
14,a75_an,6,Alpha,5.524241198308806
14,a75_an,7,Alpha,4.548676725855058
14,a75_an,8,Alpha,2.9262744982576283
14,a75_an,9,Alpha,1.6334789062861952
14,a75_an,10,Alpha,3.474043234379749
14,a75_an,11,Alpha,5.863985766329189
14,a75_an,12,Alpha,1.7271357011163053
14,a75_an,13,Alpha,4.891196073754693
14,a75_an,14,Alpha,0.3352794587395923
14,a75_an,15,Alpha,2.0450130344562627
14,a75_an,1,Beta,2.330735349460691
14,a75_an,2,Beta,1.4411817732268108
14,a75_an,3,Beta,5.486455383359991
14,a75_an,4,Beta,1.801545532647323
14,a75_an,5,Beta,1.5546305043677293
14,a75_an,6,Beta,0.28247397944729524
14,a75_an,7,Beta,1.4806643495372505
14,a75_an,8,Beta,1.716834471994255
14,a75_an,9,Beta,3.4456033082140483
14,a75_an,10,Beta,4.824325240121016
14,a75_an,11,Beta,5.675299054875859
14,a75_an,12,Beta,0.4422701762543514
14,a75_an,13,Beta,1.4639051818460342
14,a75_an,14,Beta,3.0928926014342455
14,a75_an,15,Beta,4.314764141752403
14,a50_an,1,Delta,1.7810646725927177
14,a50_an,2,Delta,3.127631103595969
14,a50_an,3,Delta,1.350257381899002
14,a50_an,4,Delta,2.559256589659361
14,a50_an,5,Delta,5.7427974777572945
14,a50_an,6,Delta,1.3480949736710537
14,a50_an,7,Delta,1.3739449071646428
14,a50_an,8,Delta,1.6764705312292736
14,a50_an,9,Delta,6.108447885925776
14,a50_an,10,Delta,0.6842752556747056
14,a50_an,11,Delta,0.6302156304194942
14,a50_an,12,Delta,0.7235313882131043
14,a50_an,13,Delta,2.687579682513216
14,a50_an,14,Delta,4.042877791248437
14,a50_an,15,Delta,2.216426835950447
14,a50_an,16,Delta,1.899889581122211
14,a50_an,17,Delta,0.46493756135986286
14,a50_an,18,Delta,1.544082999695976
14,a50_an,19,Delta,3.631734829218229
14,a50_an,20,Delta,5.635901217431143
14,a50_an,21,Delta,4.05764475192341
14,a50_an,22,Delta,0.998728629258438
14,a50_an,23,Delta,5.908456849143487
14,a50_an,24,Delta,0.8014274350901966
14,a50_an,25,Delta,4.7789261927828
14,a50_an,26,Delta,1.6868437852181803
14,a50_an,27,Delta,6.253283072364909
14,a50_an,28,Delta,1.8386732314154255
14,a50_an,29,Delta,4.2750391790050735
14,a50_an,30,Delta,3.8273639650217697
14,a50_an,1,Theta,1.7098586716883275
14,a50_an,2,Theta,3.750845593358707
14,a50_an,3,Theta,1.077868523973638
14,a50_an,4,Theta,2.1585475867814106
14,a50_an,5,Theta,0.3885525869534794
14,a50_an,6,Theta,4.164630949185989
14,a50_an,7,Theta,1.731371790021547
14,a50_an,8,Theta,1.4067041225381522
14,a50_an,9,Theta,5.298483668523071
14,a50_an,10,Theta,1.163523946238693
14,a50_an,11,Theta,6.1493313153304605
14,a50_an,12,Theta,0.7828364728039191
14,a50_an,13,Theta,3.578832053899565
14,a50_an,14,Theta,4.112477834391908
14,a50_an,15,Theta,2.9985776530887676
14,a50_an,16,Theta,0.2845737255060704
14,a50_an,17,Theta,6.039124871150004
14,a50_an,18,Theta,1.2462952245298358
14,a50_an,19,Theta,3.747147512943109
14,a50_an,20,Theta,4.491519782194314
14,a50_an,21,Theta,3.669355038005977
14,a50_an,22,Theta,1.3352206358086978
14,a50_an,23,Theta,1.0561775533216664
14,a50_an,24,Theta,0.6470422980774871
14,a50_an,25,Theta,5.135465951612703
14,a50_an,26,Theta,1.4117985442421788
14,a50_an,27,Theta,6.124620451560017
14,a50_an,28,Theta,1.2522905852104842
14,a50_an,29,Theta,5.790408680950753
14,a50_an,30,Theta,3.279062091687276
14,a50_an,1,Alpha,1.6718724750655078
14,a50_an,2,Alpha,3.8855291138630665
14,a50_an,3,Alpha,3.100079425915515
14,a50_an,4,Alpha,0.4066351415499824
14,a50_an,5,Alpha,1.1500060680180237
14,a50_an,6,Alpha,5.127456728637206
14,a50_an,7,Alpha,6.044677376614465
14,a50_an,8,Alpha,2.9618091344059865
14,a50_an,9,Alpha,0.2210654037851754
14,a50_an,10,Alpha,5.970191776048976
14,a50_an,11,Alpha,5.897118354040815
14,a50_an,12,Alpha,2.3626974200893573
14,a50_an,13,Alpha,1.5451645886822012
14,a50_an,14,Alpha,5.67765893249174
14,a50_an,15,Alpha,2.5489572138978014
14,a50_an,16,Alpha,4.9747883506833634
14,a50_an,17,Alpha,3.7163968137779655
14,a50_an,18,Alpha,1.1943034740472156
14,a50_an,19,Alpha,1.2704331935333808
14,a50_an,20,Alpha,2.387310553938397
14,a50_an,21,Alpha,3.037637162943661
14,a50_an,22,Alpha,1.8037553440411298
14,a50_an,23,Alpha,3.0600837569245316
14,a50_an,24,Alpha,0.405566218541855
14,a50_an,25,Alpha,0.5546405220888336
14,a50_an,26,Alpha,1.5025562112858615
14,a50_an,27,Alpha,4.822128770958566
14,a50_an,28,Alpha,5.27294706172313
14,a50_an,29,Alpha,6.053739913010781
14,a50_an,30,Alpha,1.3182786076987945
14,a50_an,1,Beta,1.0130877919190064
14,a50_an,2,Beta,5.377761045599466
14,a50_an,3,Beta,0.826823813792097
14,a50_an,4,Beta,6.027799824425482
14,a50_an,5,Beta,1.966763233168602
14,a50_an,6,Beta,5.939260735303874
14,a50_an,7,Beta,0.0355751606360868
14,a50_an,8,Beta,5.071496133497423
14,a50_an,9,Beta,0.2179532014536132
14,a50_an,10,Beta,5.924765938116914
14,a50_an,11,Beta,1.7286192317901883
14,a50_an,12,Beta,3.2518199877180267
14,a50_an,13,Beta,2.25638009585844
14,a50_an,14,Beta,5.695862493858403
14,a50_an,15,Beta,2.731190699422991
14,a50_an,16,Beta,4.140587337547652
14,a50_an,17,Beta,4.078149255633538
14,a50_an,18,Beta,2.0744888970908195
14,a50_an,19,Beta,6.037922532483197
14,a50_an,20,Beta,0.6579588976073957
14,a50_an,21,Beta,2.0943486713863884
14,a50_an,22,Beta,2.421463859784942
14,a50_an,23,Beta,0.8788816111421516
14,a50_an,24,Beta,3.010714507222717
14,a50_an,25,Beta,5.202463744261406
14,a50_an,26,Beta,0.09022995072608168
14,a50_an,27,Beta,4.125308121991813
14,a50_an,28,Beta,3.0164806336157515
14,a50_an,29,Beta,1.5266937691439373
14,a50_an,30,Beta,0.6035595139139833
15,a75_an,1,Delta,2.860615793845979
15,a75_an,2,Delta,4.0719848573241215
15,a75_an,3,Delta,5.06593791825072
15,a75_an,4,Delta,3.031627286730291
15,a75_an,5,Delta,0.7418341364979276
15,a75_an,6,Delta,2.291721972271543
15,a75_an,7,Delta,1.2761739054545587
15,a75_an,8,Delta,3.055679289466616
15,a75_an,9,Delta,2.323655981631073
15,a75_an,10,Delta,2.073961028406506
15,a75_an,11,Delta,3.125164052135011
15,a75_an,12,Delta,1.121617368397018
15,a75_an,13,Delta,1.40195285720987
15,a75_an,14,Delta,2.232195080535831
15,a75_an,15,Delta,0.5614585012433991
15,a75_an,1,Theta,2.9786099694176817
15,a75_an,2,Theta,3.3030983396660507
15,a75_an,3,Theta,4.54433695235
15,a75_an,4,Theta,3.287102789726815
15,a75_an,5,Theta,5.431093839086974
15,a75_an,6,Theta,4.751032215604685
15,a75_an,7,Theta,6.221773408766306
15,a75_an,8,Theta,2.7395233918270225
15,a75_an,9,Theta,4.0691356619166195
15,a75_an,10,Theta,4.104623472554947
15,a75_an,11,Theta,3.292322857356894
15,a75_an,12,Theta,0.1852530666247177
15,a75_an,13,Theta,1.3851891168454313
15,a75_an,14,Theta,2.230718588548087
15,a75_an,15,Theta,5.859663521439481
15,a75_an,1,Alpha,1.765162014041149
15,a75_an,2,Alpha,3.26763659912758
15,a75_an,3,Alpha,5.347295651877223
15,a75_an,4,Alpha,3.2534822153021548
15,a75_an,5,Alpha,5.886696149301153
15,a75_an,6,Alpha,5.0236987035747385
15,a75_an,7,Alpha,5.068278283044032
15,a75_an,8,Alpha,3.6427906865361224
15,a75_an,9,Alpha,0.641680179733239
15,a75_an,10,Alpha,5.196291699846286
15,a75_an,11,Alpha,3.465176984203206
15,a75_an,12,Alpha,0.2590963712467597
15,a75_an,13,Alpha,2.9720301440900103
15,a75_an,14,Alpha,3.397860826552951
15,a75_an,15,Alpha,0.005134069225246639
15,a75_an,1,Beta,4.3468700883194185
15,a75_an,2,Beta,4.1204577272540694
15,a75_an,3,Beta,1.7343641172511177
15,a75_an,4,Beta,2.8095066691147172
15,a75_an,5,Beta,3.042498098383554
15,a75_an,6,Beta,3.785810184696413
15,a75_an,7,Beta,3.937007227822144
15,a75_an,8,Beta,4.068248629374278
15,a75_an,9,Beta,5.83060791874326
15,a75_an,10,Beta,0.19263936401906626
15,a75_an,11,Beta,1.0412072072822014
15,a75_an,12,Beta,4.479955156578274
15,a75_an,13,Beta,1.7258031487714558
15,a75_an,14,Beta,3.4452506859995378
15,a75_an,15,Beta,5.0916346119979305
15,a50_an,1,Delta,4.812740029397227
15,a50_an,2,Delta,4.490976010307605
15,a50_an,3,Delta,4.103820656735493
15,a50_an,4,Delta,1.7284709199552266
15,a50_an,5,Delta,2.76414584109308
15,a50_an,6,Delta,1.9516199494442048
15,a50_an,7,Delta,4.269496247850927
15,a50_an,8,Delta,3.2188953311978517
15,a50_an,9,Delta,4.59497255236231
15,a50_an,10,Delta,2.4053844483719584
15,a50_an,11,Delta,2.283827411753662
15,a50_an,12,Delta,3.6978443196411885
15,a50_an,13,Delta,4.185968023614027
15,a50_an,14,Delta,4.046370303953397
15,a50_an,15,Delta,4.7564807004361604
15,a50_an,16,Delta,4.630131869378532
15,a50_an,17,Delta,3.2734485978924024
15,a50_an,18,Delta,3.6247802609394886
15,a50_an,19,Delta,3.35662267870408
15,a50_an,20,Delta,3.0972507725190104
15,a50_an,21,Delta,5.1405136984795
15,a50_an,22,Delta,3.263808227549108
15,a50_an,23,Delta,3.8005748534918817
15,a50_an,24,Delta,4.775023621454951
15,a50_an,25,Delta,3.840185314568805
15,a50_an,26,Delta,1.8286430384125607
15,a50_an,27,Delta,2.2449297569632156
15,a50_an,28,Delta,3.079000387833972
15,a50_an,29,Delta,3.7123979505077536
15,a50_an,30,Delta,3.806265722370574
15,a50_an,1,Theta,4.374075380660409
15,a50_an,2,Theta,4.407046826340584
15,a50_an,3,Theta,3.6373111171870636
15,a50_an,4,Theta,1.55784926979599
15,a50_an,5,Theta,2.7384723362913412
15,a50_an,6,Theta,2.640733377424451
15,a50_an,7,Theta,4.702846136217888
15,a50_an,8,Theta,3.4166721798159685
15,a50_an,9,Theta,4.972084622310941
15,a50_an,10,Theta,2.6261198061886097
15,a50_an,11,Theta,1.9241822988886452
15,a50_an,12,Theta,2.4809792080760893
15,a50_an,13,Theta,3.6130490743426744
15,a50_an,14,Theta,3.062938568929266
15,a50_an,15,Theta,0.5069110723799586
15,a50_an,16,Theta,3.7178290834695753
15,a50_an,17,Theta,3.885048962289013
15,a50_an,18,Theta,4.333194241375666
15,a50_an,19,Theta,3.4408589858055882
15,a50_an,20,Theta,3.554159407937848
15,a50_an,21,Theta,3.7984888503857683
15,a50_an,22,Theta,3.1051212118784606
15,a50_an,23,Theta,3.534045864834564
15,a50_an,24,Theta,2.7380940234964415
15,a50_an,25,Theta,3.749581828920551
15,a50_an,26,Theta,2.1491785764214772
15,a50_an,27,Theta,4.733021793624136
15,a50_an,28,Theta,3.278140524088653
15,a50_an,29,Theta,4.155335768590195
15,a50_an,30,Theta,3.1935829868756707
15,a50_an,1,Alpha,0.5132471242620211
15,a50_an,2,Alpha,2.668757766925716
15,a50_an,3,Alpha,6.0509726536521375
15,a50_an,4,Alpha,1.0068943321488157
15,a50_an,5,Alpha,5.989712002319287
15,a50_an,6,Alpha,5.264669337348215
15,a50_an,7,Alpha,5.326901650916981
15,a50_an,8,Alpha,3.688383648880889
15,a50_an,9,Alpha,4.115914785954049
15,a50_an,10,Alpha,0.6162878796827056
15,a50_an,11,Alpha,1.4063445162024568
15,a50_an,12,Alpha,4.964564038390662
15,a50_an,13,Alpha,0.65795676359653
15,a50_an,14,Alpha,5.622994346769421
15,a50_an,15,Alpha,6.0391274682089415
15,a50_an,16,Alpha,3.860714920055192
15,a50_an,17,Alpha,4.437333842727211
15,a50_an,18,Alpha,0.16671316749594506
15,a50_an,19,Alpha,2.8184055948827704
15,a50_an,20,Alpha,4.301913185374525
15,a50_an,21,Alpha,3.477953997231439
15,a50_an,22,Alpha,2.7678929764390547
15,a50_an,23,Alpha,0.9895813255392258
15,a50_an,24,Alpha,1.8546937535000636
15,a50_an,25,Alpha,5.725078738060713
15,a50_an,26,Alpha,5.02016065469974
15,a50_an,27,Alpha,4.117630068298279
15,a50_an,28,Alpha,3.6863574766284652
15,a50_an,29,Alpha,4.0752699303205056
15,a50_an,30,Alpha,1.1256170817923528
15,a50_an,1,Beta,3.023794289305637
15,a50_an,2,Beta,1.0132401248620242
15,a50_an,3,Beta,6.104782978052409
15,a50_an,4,Beta,1.5819352013283743
15,a50_an,5,Beta,3.8000993003210883
15,a50_an,6,Beta,2.9896544421287934
15,a50_an,7,Beta,5.322656799050128
15,a50_an,8,Beta,1.4774450286641303
15,a50_an,9,Beta,2.559259360206176
15,a50_an,10,Beta,2.0885436496390697
15,a50_an,11,Beta,1.1528058622351298
15,a50_an,12,Beta,5.755603481790281
15,a50_an,13,Beta,5.3743162632601384
15,a50_an,14,Beta,3.9026741341166
15,a50_an,15,Beta,1.1743271293339907
15,a50_an,16,Beta,3.677036457401514
15,a50_an,17,Beta,5.168612047272618
15,a50_an,18,Beta,4.39004855722543
15,a50_an,19,Beta,2.0078578934234224
15,a50_an,20,Beta,0.17991825792302427
15,a50_an,21,Beta,4.263830010692485
15,a50_an,22,Beta,2.7936794832804996
15,a50_an,23,Beta,6.075416453404776
15,a50_an,24,Beta,2.705993780843156
15,a50_an,25,Beta,5.996643721012912
15,a50_an,26,Beta,0.1943771027918024
15,a50_an,27,Beta,2.580434642800539
15,a50_an,28,Beta,0.6689795987658433
15,a50_an,29,Beta,3.737083012348699
15,a50_an,30,Beta,6.0439828443365045
16,a75_an,1,Delta,5.339573128076478
16,a75_an,2,Delta,4.107089194679222
16,a75_an,3,Delta,2.0378809550100385
16,a75_an,4,Delta,4.668872366098492
16,a75_an,5,Delta,5.974217366904358
16,a75_an,6,Delta,5.644699490633415
16,a75_an,8,Delta,4.461949834536519
16,a75_an,9,Delta,4.4651049067083495
16,a75_an,10,Delta,4.492726811169678
16,a75_an,11,Delta,5.124934514125501
16,a75_an,12,Delta,4.790681995371626
16,a75_an,13,Delta,2.9945836948560234
16,a75_an,14,Delta,4.570607198080356
16,a75_an,15,Delta,3.761493212633538
16,a75_an,1,Theta,4.754085198882072
16,a75_an,2,Theta,3.3531243766676564
16,a75_an,3,Theta,2.8315717709767037
16,a75_an,4,Theta,3.2155011252272825
16,a75_an,5,Theta,0.8627258102648094
16,a75_an,6,Theta,5.925766760273413
16,a75_an,8,Theta,4.610216000969308
16,a75_an,9,Theta,4.0699067440928225
16,a75_an,10,Theta,4.146074867519646
16,a75_an,11,Theta,5.168513973795338
16,a75_an,12,Theta,4.442866513877451
16,a75_an,13,Theta,2.497852202179904
16,a75_an,14,Theta,4.532286377314119
16,a75_an,15,Theta,4.128350385136515
16,a75_an,1,Alpha,4.264400651663587
16,a75_an,2,Alpha,2.0231113702019474
16,a75_an,3,Alpha,1.7316197266402653
16,a75_an,4,Alpha,1.6306490856798799
16,a75_an,5,Alpha,2.977781180828464
16,a75_an,6,Alpha,3.306552779767563
16,a75_an,8,Alpha,1.2657420371570332
16,a75_an,9,Alpha,4.324193823433512
16,a75_an,10,Alpha,2.874152261782921
16,a75_an,11,Alpha,4.629861908950355
16,a75_an,12,Alpha,5.003525267119292
16,a75_an,13,Alpha,2.5321735475029894
16,a75_an,14,Alpha,4.468396352019579
16,a75_an,15,Alpha,4.123521328879214
16,a75_an,1,Beta,5.310196778671401
16,a75_an,2,Beta,0.9879522109335985
16,a75_an,3,Beta,6.0007074643861
16,a75_an,4,Beta,2.036281505770924
16,a75_an,5,Beta,5.043997822411939
16,a75_an,6,Beta,5.028065469618172
16,a75_an,8,Beta,0.4508539651159152
16,a75_an,9,Beta,3.2245530453559588
16,a75_an,10,Beta,2.388103792639334
16,a75_an,11,Beta,1.3162866406775162
16,a75_an,12,Beta,5.787809639126897
16,a75_an,13,Beta,0.8403474381789316
16,a75_an,14,Beta,3.872301077998782
16,a75_an,15,Beta,4.304528144888767
16,a50_an,1,Delta,4.111624711832684
16,a50_an,2,Delta,2.470571904862077
16,a50_an,3,Delta,4.90224486144551
16,a50_an,4,Delta,0.8306890163954246
16,a50_an,5,Delta,2.370458444727394
16,a50_an,6,Delta,5.095537891090302
16,a50_an,7,Delta,5.551415255438201
16,a50_an,8,Delta,6.095378109817687
16,a50_an,10,Delta,4.672419074548982
16,a50_an,11,Delta,1.77561611528362
16,a50_an,12,Delta,4.729097196168048
16,a50_an,13,Delta,1.0652254732974933
16,a50_an,14,Delta,1.3859428643168814
16,a50_an,15,Delta,6.180692145505415
16,a50_an,16,Delta,2.1057094784186043
16,a50_an,17,Delta,4.144654972477669
16,a50_an,18,Delta,1.509193936722379
16,a50_an,19,Delta,6.095783613741866
16,a50_an,20,Delta,2.2499805757697757
16,a50_an,21,Delta,3.995832005795317
16,a50_an,22,Delta,4.773644579969273
16,a50_an,23,Delta,4.215558950217087
16,a50_an,24,Delta,2.542143797400058
16,a50_an,25,Delta,4.166340206647709
16,a50_an,26,Delta,4.703592245782347
16,a50_an,27,Delta,2.1142338690056173
16,a50_an,28,Delta,3.483708082035103
16,a50_an,29,Delta,1.3780544308817395
16,a50_an,30,Delta,4.5406105604265505
16,a50_an,1,Theta,5.382954067154807
16,a50_an,2,Theta,2.5692903114750045
16,a50_an,3,Theta,5.182347753935284
16,a50_an,4,Theta,6.096240583736046
16,a50_an,5,Theta,3.782902065683159
16,a50_an,6,Theta,5.544095392823514
16,a50_an,7,Theta,2.358899871799113
16,a50_an,8,Theta,4.069106570701418
16,a50_an,10,Theta,1.7416422030363414
16,a50_an,11,Theta,1.2638444421257664
16,a50_an,12,Theta,4.373589447370545
16,a50_an,13,Theta,0.5811193930080298
16,a50_an,14,Theta,1.1165379085107974
16,a50_an,15,Theta,0.21883135716120913
16,a50_an,16,Theta,0.8183068333709792
16,a50_an,17,Theta,3.2801556992840037
16,a50_an,18,Theta,6.121785477579985
16,a50_an,19,Theta,1.0325647672779357
16,a50_an,20,Theta,3.0476567644951613
16,a50_an,21,Theta,4.707426778357915
16,a50_an,22,Theta,4.806724906400614
16,a50_an,23,Theta,4.196882644569392
16,a50_an,24,Theta,2.702193636243376
16,a50_an,25,Theta,3.3573414156864807
16,a50_an,26,Theta,5.448515472658018
16,a50_an,27,Theta,2.9628018468843997
16,a50_an,28,Theta,4.3797623975066795
16,a50_an,29,Theta,1.7277591375164312
16,a50_an,30,Theta,1.6381966982818297
16,a50_an,1,Alpha,0.19800622271968532
16,a50_an,2,Alpha,0.17829176344451597
16,a50_an,3,Alpha,3.7992352156512097
16,a50_an,4,Alpha,0.04393886869201403
16,a50_an,5,Alpha,2.6150829440503394
16,a50_an,6,Alpha,2.951856689677013
16,a50_an,7,Alpha,4.185137643803028
16,a50_an,8,Alpha,3.376519440006195
16,a50_an,10,Alpha,0.1345990979247295
16,a50_an,11,Alpha,1.1916068469958363
16,a50_an,12,Alpha,2.8342853352081945
16,a50_an,13,Alpha,3.1409725658394283
16,a50_an,14,Alpha,1.6595679933874006
16,a50_an,15,Alpha,0.296624849983945
16,a50_an,16,Alpha,5.262644335350332
16,a50_an,17,Alpha,5.685020442715387
16,a50_an,18,Alpha,6.180647666790319
16,a50_an,19,Alpha,0.7662640821974631
16,a50_an,20,Alpha,2.479023785223851
16,a50_an,21,Alpha,5.352446706013952
16,a50_an,22,Alpha,1.4855595750843722
16,a50_an,23,Alpha,1.9529317990213397
16,a50_an,24,Alpha,0.7132746221336848
16,a50_an,25,Alpha,2.7538409966907595
16,a50_an,26,Alpha,0.23873698690715545
16,a50_an,27,Alpha,4.386568756423399
16,a50_an,28,Alpha,5.017815299585719
16,a50_an,29,Alpha,0.6032279477658344
16,a50_an,30,Alpha,1.3793623239125252
16,a50_an,1,Beta,2.367338659912368
16,a50_an,2,Beta,5.681028084612359
16,a50_an,3,Beta,5.504545566992442
16,a50_an,4,Beta,0.4795932859087815
16,a50_an,5,Beta,2.663049463775649
16,a50_an,6,Beta,2.429413415457788
16,a50_an,7,Beta,3.064436320406057
16,a50_an,8,Beta,0.9580972373082518
16,a50_an,10,Beta,1.679276985696108
16,a50_an,11,Beta,5.174013404387442
16,a50_an,12,Beta,4.054385429495471
16,a50_an,13,Beta,4.363530586244961
16,a50_an,14,Beta,5.991002694171527
16,a50_an,15,Beta,1.6036927968278332
16,a50_an,16,Beta,0.35191509702198576
16,a50_an,17,Beta,0.16464190661223252
16,a50_an,18,Beta,5.700272008507866
16,a50_an,19,Beta,3.613766646850425
16,a50_an,20,Beta,3.075638866242865
16,a50_an,21,Beta,5.405491422528083
16,a50_an,22,Beta,0.09604834898107595
16,a50_an,23,Beta,4.950290743672219
16,a50_an,24,Beta,0.7298154920003703
16,a50_an,25,Beta,4.516249997023866
16,a50_an,26,Beta,0.41098158140267405
16,a50_an,27,Beta,5.3640304528548555
16,a50_an,28,Beta,4.723826788658547
16,a50_an,29,Beta,5.263522810847322
16,a50_an,30,Beta,5.614795982104031
17,a75_an,1,Delta,2.749139471881636
17,a75_an,2,Delta,0.49164656384467226
17,a75_an,3,Delta,3.4019748775143395
17,a75_an,4,Delta,1.1624165990986755
17,a75_an,5,Delta,2.2373310780707514
17,a75_an,6,Delta,2.7402026570463978
17,a75_an,7,Delta,2.7906336682829926
17,a75_an,8,Delta,3.368917762847196
17,a75_an,9,Delta,0.19005237262068905
17,a75_an,10,Delta,4.8128906183190825
17,a75_an,11,Delta,4.817144741358905
17,a75_an,12,Delta,2.4506027609928744
17,a75_an,13,Delta,2.336712580710185
17,a75_an,14,Delta,4.484722131132411
17,a75_an,15,Delta,4.690459437741717
17,a75_an,1,Theta,3.118697087431277
17,a75_an,2,Theta,0.23419857366930233
17,a75_an,3,Theta,3.2722731349471075
17,a75_an,4,Theta,0.6362382026138055
17,a75_an,5,Theta,2.0954358938306306
17,a75_an,6,Theta,0.8638961443503013
17,a75_an,7,Theta,2.79617344346774
17,a75_an,8,Theta,2.079257457649565
17,a75_an,9,Theta,1.4013490982191799
17,a75_an,10,Theta,0.044066825260574524
17,a75_an,11,Theta,2.011452265037047
17,a75_an,12,Theta,3.223785005603943
17,a75_an,13,Theta,3.055986777457642
17,a75_an,14,Theta,4.448742555849362
17,a75_an,15,Theta,3.3296248828653767
17,a75_an,1,Alpha,0.7429994407071014
17,a75_an,2,Alpha,0.09367531000463658
17,a75_an,3,Alpha,4.119236121333433
17,a75_an,4,Alpha,1.8960533692017367
17,a75_an,5,Alpha,5.434215652740116
17,a75_an,6,Alpha,0.19904174738309535
17,a75_an,7,Alpha,4.018321918242862
17,a75_an,8,Alpha,0.8975840049863192
17,a75_an,9,Alpha,2.605097007316422
17,a75_an,10,Alpha,0.5868752616176505
17,a75_an,11,Alpha,1.7736896587779816
17,a75_an,12,Alpha,3.9211094769406762
17,a75_an,13,Alpha,2.9913120515367706
17,a75_an,14,Alpha,5.602873691129137
17,a75_an,15,Alpha,3.2094721621552136
17,a75_an,1,Beta,4.323498284185955
17,a75_an,2,Beta,0.2665163219845374
17,a75_an,3,Beta,4.874691302956069
17,a75_an,4,Beta,0.4039821253755252
17,a75_an,5,Beta,6.178019135295764
17,a75_an,6,Beta,0.9989977554455534
17,a75_an,7,Beta,5.1928411425085965
17,a75_an,8,Beta,2.2360282255142763
17,a75_an,9,Beta,3.8588993787014916
17,a75_an,10,Beta,4.856677183198963
17,a75_an,11,Beta,1.1884258525606932
17,a75_an,12,Beta,2.9750913059951665
17,a75_an,13,Beta,5.155171864185387
17,a75_an,14,Beta,6.12815876500553
17,a75_an,15,Beta,3.459548917140471
17,a50_an,1,Delta,4.248756616244512
17,a50_an,2,Delta,4.561546520268051
17,a50_an,3,Delta,0.5197282996889376
17,a50_an,4,Delta,1.9371390910716002
17,a50_an,5,Delta,1.8547933534121395
17,a50_an,6,Delta,1.8504324666593521
17,a50_an,7,Delta,3.4851132447295354
17,a50_an,8,Delta,5.755692933741352
17,a50_an,9,Delta,1.1106096229200069
17,a50_an,10,Delta,4.252065499842136
17,a50_an,11,Delta,1.6501623632527567
17,a50_an,12,Delta,5.375920976042865
17,a50_an,13,Delta,3.6357076159243906
17,a50_an,14,Delta,6.0558343138997754
17,a50_an,16,Delta,2.6901727457695475
17,a50_an,17,Delta,3.1734119885407206
17,a50_an,18,Delta,2.6136732839509107
17,a50_an,19,Delta,4.203273645257138
17,a50_an,20,Delta,2.8922741514503887
17,a50_an,21,Delta,0.9561365333723519
17,a50_an,22,Delta,1.5436773526894576
17,a50_an,23,Delta,1.6647206142632764
17,a50_an,24,Delta,5.651456316960991
17,a50_an,25,Delta,6.095886767002713
17,a50_an,26,Delta,2.0143706204710314
17,a50_an,27,Delta,5.948845520583527
17,a50_an,28,Delta,4.167739446733384
17,a50_an,29,Delta,1.0013987350771592
17,a50_an,30,Delta,1.339008600571383
17,a50_an,1,Theta,2.6481117876020357
17,a50_an,2,Theta,4.179801893955082
17,a50_an,3,Theta,0.23029029365056441
17,a50_an,4,Theta,1.755897991670213
17,a50_an,5,Theta,1.9028176613217527
17,a50_an,6,Theta,3.032294337906621
17,a50_an,7,Theta,2.900033251193531
17,a50_an,8,Theta,5.724491027951851
17,a50_an,9,Theta,1.2829325568679273
17,a50_an,10,Theta,2.332954342335861
17,a50_an,11,Theta,0.9485665361950825
17,a50_an,12,Theta,0.08160673626356513
17,a50_an,13,Theta,4.548206779219227
17,a50_an,14,Theta,6.1002286893356565
17,a50_an,16,Theta,3.173906689089697
17,a50_an,17,Theta,1.999945403500725
17,a50_an,18,Theta,2.1971833151180884
17,a50_an,19,Theta,3.409211114330403
17,a50_an,20,Theta,2.6371893942486255
17,a50_an,21,Theta,6.152239513069711
17,a50_an,22,Theta,1.4105365994166452
17,a50_an,23,Theta,1.1000404401794373
17,a50_an,24,Theta,5.851031669898138
17,a50_an,25,Theta,0.1364421620517927
17,a50_an,26,Theta,2.202423866173253
17,a50_an,27,Theta,5.106717906201781
17,a50_an,28,Theta,4.283940428780369
17,a50_an,29,Theta,0.9046350561628433
17,a50_an,30,Theta,1.1195242673961983
17,a50_an,1,Alpha,0.5312554195736846
17,a50_an,2,Alpha,5.311102450449114
17,a50_an,3,Alpha,2.6253512564805934
17,a50_an,4,Alpha,0.5282205219257476
17,a50_an,5,Alpha,3.8236876847029784
17,a50_an,6,Alpha,3.578927910939912
17,a50_an,7,Alpha,6.036986097839322
17,a50_an,8,Alpha,5.023812313855474
17,a50_an,9,Alpha,2.442795180677422
17,a50_an,10,Alpha,0.261261666559472
17,a50_an,11,Alpha,5.895380323444633
17,a50_an,12,Alpha,4.381600290858068
17,a50_an,13,Alpha,5.697681034406738
17,a50_an,14,Alpha,1.846720054744391
17,a50_an,16,Alpha,3.2951559495893994
17,a50_an,17,Alpha,1.6525810000519818
17,a50_an,18,Alpha,4.3961159455834355
17,a50_an,19,Alpha,3.5443222655320006
17,a50_an,20,Alpha,3.2831400016988095
17,a50_an,21,Alpha,1.6772510103562788
17,a50_an,22,Alpha,5.531185728209614
17,a50_an,23,Alpha,3.236651816268468
17,a50_an,24,Alpha,4.895871525322421
17,a50_an,25,Alpha,1.253020314514401
17,a50_an,26,Alpha,1.6838062905668054
17,a50_an,27,Alpha,5.573386648365863
17,a50_an,28,Alpha,4.036513060098034
17,a50_an,29,Alpha,0.8959448454771068
17,a50_an,30,Alpha,2.786136119716379
17,a50_an,1,Beta,1.3030491336478243
17,a50_an,2,Beta,3.8943571252734857
17,a50_an,3,Beta,1.469479780399183
17,a50_an,4,Beta,1.2527656440653003
17,a50_an,5,Beta,3.458041922956966
17,a50_an,6,Beta,3.932834354177891
17,a50_an,7,Beta,1.420856751963339
17,a50_an,8,Beta,5.86646984320806
17,a50_an,9,Beta,3.065842594251512
17,a50_an,10,Beta,4.905190371356927
17,a50_an,11,Beta,0.49509259216298884
17,a50_an,12,Beta,1.173415297162793
17,a50_an,13,Beta,6.141731974326069
17,a50_an,14,Beta,0.12103792380891949
17,a50_an,16,Beta,3.9678422908171784
17,a50_an,17,Beta,2.188532541357783
17,a50_an,18,Beta,5.364517993850171
17,a50_an,19,Beta,1.221874339907125
17,a50_an,20,Beta,5.084727128858309
17,a50_an,21,Beta,1.0805040781214836
17,a50_an,22,Beta,1.3596497512433936
17,a50_an,23,Beta,3.140186191640893
17,a50_an,24,Beta,5.31835204607392
17,a50_an,25,Beta,0.813345335566058
17,a50_an,26,Beta,2.4600948501033115
17,a50_an,27,Beta,0.7427275889110043
17,a50_an,28,Beta,2.2964177320330807
17,a50_an,29,Beta,0.42249859669246703
17,a50_an,30,Beta,0.023981923747859395
18,a50_an,1,Delta,1.8346305777205794
18,a50_an,2,Delta,1.6106018497454664
18,a50_an,3,Delta,3.5998620826051813
18,a50_an,4,Delta,4.0297640831745
18,a50_an,5,Delta,3.0038625606413727
18,a50_an,6,Delta,2.485921547154841
18,a50_an,7,Delta,1.4318368152440695
18,a50_an,8,Delta,2.4897592417990237
18,a50_an,9,Delta,5.793935948322451
18,a50_an,10,Delta,2.850685970256266
18,a50_an,11,Delta,3.457447214945806
18,a50_an,12,Delta,2.325669748836728
18,a50_an,13,Delta,1.851078642339231
18,a50_an,14,Delta,2.109491620878517
18,a50_an,15,Delta,4.753902874920012
18,a50_an,16,Delta,0.04360364729778891
18,a50_an,17,Delta,4.91053260593077
18,a50_an,18,Delta,3.5953782682006317
18,a50_an,19,Delta,2.69517081381175
18,a50_an,20,Delta,5.711701477306812
18,a50_an,21,Delta,4.04977024488474
18,a50_an,22,Delta,1.9803282150359605
18,a50_an,23,Delta,4.093089250755624
18,a50_an,24,Delta,2.228138932173434
18,a50_an,25,Delta,2.6831464397078744
18,a50_an,26,Delta,2.889343535207112
18,a50_an,27,Delta,2.14162084533373
18,a50_an,28,Delta,1.3738877104148883
18,a50_an,29,Delta,2.445702759028928
18,a50_an,30,Delta,2.1500705635832134
18,a50_an,1,Theta,2.2536567544764687
18,a50_an,2,Theta,6.19002562920544
18,a50_an,3,Theta,4.346349375421029
18,a50_an,4,Theta,3.8367456458196383
18,a50_an,5,Theta,3.3065939197017915
18,a50_an,6,Theta,1.7879172588674173
18,a50_an,7,Theta,1.110825957223437
18,a50_an,8,Theta,4.701699775174728
18,a50_an,9,Theta,6.104553962150704
18,a50_an,10,Theta,3.8535763196777584
18,a50_an,11,Theta,3.2819565973070817
18,a50_an,12,Theta,2.8978518600549803
18,a50_an,13,Theta,0.7738176329053342
18,a50_an,14,Theta,2.0957730817555498
18,a50_an,15,Theta,4.967711680933163
18,a50_an,16,Theta,0.7734661688805708
18,a50_an,17,Theta,5.7474156190618135
18,a50_an,18,Theta,2.973551511809786
18,a50_an,19,Theta,1.9489511258635972
18,a50_an,20,Theta,5.3436672422254645
18,a50_an,21,Theta,3.608532402374389
18,a50_an,22,Theta,1.3779297986566192
18,a50_an,23,Theta,3.4622587893318966
18,a50_an,24,Theta,2.933263572185003
18,a50_an,25,Theta,2.4755916974168586
18,a50_an,26,Theta,3.160759170103283
18,a50_an,27,Theta,1.6996901913457736
18,a50_an,28,Theta,0.8895964640430132
18,a50_an,29,Theta,1.71294919545026
18,a50_an,30,Theta,3.039982835124207
18,a50_an,1,Alpha,2.0181853419215634
18,a50_an,2,Alpha,4.5675876423681245
18,a50_an,3,Alpha,3.133906064983546
18,a50_an,4,Alpha,3.6626671296510502
18,a50_an,5,Alpha,0.08918082360649299
18,a50_an,6,Alpha,1.8198903902215853
18,a50_an,7,Alpha,2.005051572695057
18,a50_an,8,Alpha,4.9623999159788825
18,a50_an,9,Alpha,3.1149292922032665
18,a50_an,10,Alpha,3.7681754280507103
18,a50_an,11,Alpha,2.684570192180077
18,a50_an,12,Alpha,3.250907365494962
18,a50_an,13,Alpha,5.672899765174869
18,a50_an,14,Alpha,2.292059515372187
18,a50_an,15,Alpha,4.185552998155222
18,a50_an,16,Alpha,2.3247421343365127
18,a50_an,17,Alpha,0.15446483932943805
18,a50_an,18,Alpha,1.8085050034907741
18,a50_an,19,Alpha,1.844303585766018
18,a50_an,20,Alpha,0.17429860953738469
18,a50_an,21,Alpha,3.444510279555769
18,a50_an,22,Alpha,5.119854714442701
18,a50_an,23,Alpha,3.257375804707164
18,a50_an,24,Alpha,3.418057133938961
18,a50_an,25,Alpha,2.610754375960118
18,a50_an,26,Alpha,3.721508958990106
18,a50_an,27,Alpha,2.899944857633617
18,a50_an,28,Alpha,5.988410040640456
18,a50_an,29,Alpha,2.2504985703777924
18,a50_an,30,Alpha,2.03541670129073
18,a50_an,1,Beta,2.03225072116605
18,a50_an,2,Beta,3.9444596908614105
18,a50_an,3,Beta,2.5569855538456085
18,a50_an,4,Beta,1.9675093671310784
18,a50_an,5,Beta,0.410302893883231
18,a50_an,6,Beta,2.7766525218336735
18,a50_an,7,Beta,5.078705894303829
18,a50_an,8,Beta,5.354963747193031
18,a50_an,9,Beta,2.1553631389711687
18,a50_an,10,Beta,4.851861764402027
18,a50_an,11,Beta,0.5492412478282197
18,a50_an,12,Beta,3.2715442009847178
18,a50_an,13,Beta,5.476022546864609
18,a50_an,14,Beta,2.6113811446369533
18,a50_an,15,Beta,3.9185358105532315
18,a50_an,16,Beta,1.4251727525013858
18,a50_an,17,Beta,1.3780134237089257
18,a50_an,18,Beta,0.2805269566501061
18,a50_an,19,Beta,0.4542005524620006
18,a50_an,20,Beta,5.686583540177524
18,a50_an,21,Beta,4.327250681915521
18,a50_an,22,Beta,0.48189768876621136
18,a50_an,23,Beta,2.475954288772687
18,a50_an,24,Beta,0.049628048061494026
18,a50_an,25,Beta,3.144767646634307
18,a50_an,26,Beta,2.624960648979884
18,a50_an,27,Beta,2.8021684771103517
18,a50_an,28,Beta,1.4052376482745796
18,a50_an,29,Beta,2.731660451643146
18,a50_an,30,Beta,3.1693061741176307
18,a75_an,1,Delta,1.4245505076317015
18,a75_an,2,Delta,1.5700546103395407
18,a75_an,3,Delta,1.83566154040332
18,a75_an,4,Delta,1.4367655570838471
18,a75_an,5,Delta,1.9239059229341826
18,a75_an,6,Delta,4.08096502653049
18,a75_an,7,Delta,3.8986219871015977
18,a75_an,8,Delta,6.143117950931939
18,a75_an,9,Delta,1.053924120502462
18,a75_an,10,Delta,1.3600917421330945
18,a75_an,11,Delta,5.371442619422648
18,a75_an,12,Delta,1.7106272230495214
18,a75_an,13,Delta,5.104598700178361
18,a75_an,14,Delta,3.283805131057563
18,a75_an,15,Delta,2.2286151089324653
18,a75_an,1,Theta,1.092820049532005
18,a75_an,2,Theta,1.281530328864005
18,a75_an,3,Theta,2.2206389479906226
18,a75_an,4,Theta,0.8177750911585138
18,a75_an,5,Theta,1.9568162292384816
18,a75_an,6,Theta,3.9926637201663198
18,a75_an,7,Theta,4.213043700032978
18,a75_an,8,Theta,0.4747847792731953
18,a75_an,9,Theta,1.3120318623841
18,a75_an,10,Theta,0.47532438457136433
18,a75_an,11,Theta,5.63469428814658
18,a75_an,12,Theta,2.4262043454837388
18,a75_an,13,Theta,4.462770024062484
18,a75_an,14,Theta,2.468328032201102
18,a75_an,15,Theta,2.402180413379891
18,a75_an,1,Alpha,4.9127906259555
18,a75_an,2,Alpha,1.41396006115458
18,a75_an,3,Alpha,5.563508544365998
18,a75_an,4,Alpha,3.1779534843670674
18,a75_an,5,Alpha,1.229227331913169
18,a75_an,6,Alpha,5.251892670557229
18,a75_an,7,Alpha,4.824455910973554
18,a75_an,8,Alpha,5.8843674842237315
18,a75_an,9,Alpha,2.020514070980534
18,a75_an,10,Alpha,4.490432101655142
18,a75_an,11,Alpha,2.8833936209036035
18,a75_an,12,Alpha,1.328984422814977
18,a75_an,13,Alpha,3.1371989185598452
18,a75_an,14,Alpha,2.0892010274826465
18,a75_an,15,Alpha,3.9761939645969266
18,a75_an,1,Beta,4.0208438063359715
18,a75_an,2,Beta,2.9160124434146724
18,a75_an,3,Beta,1.2719400170239208
18,a75_an,4,Beta,4.091944387630978
18,a75_an,5,Beta,0.6521937937487564
18,a75_an,6,Beta,2.775975102504925
18,a75_an,7,Beta,4.033740760290989
18,a75_an,8,Beta,5.036183377982593
18,a75_an,9,Beta,1.3796595629655588
18,a75_an,10,Beta,5.2432376926377255
18,a75_an,11,Beta,0.590349010495059
18,a75_an,12,Beta,2.3540457290013417
18,a75_an,13,Beta,4.646056668147498
18,a75_an,14,Beta,0.18683449965852464
18,a75_an,15,Beta,3.625278226546254
19,a75_an,1,Delta,4.019741744701874
19,a75_an,3,Delta,1.0725082586162569
19,a75_an,4,Delta,4.740209944209287
19,a75_an,5,Delta,1.6185987843491945
19,a75_an,6,Delta,1.9003539439223762
19,a75_an,7,Delta,3.559326279842386
19,a75_an,8,Delta,2.372390045262583
19,a75_an,9,Delta,4.277575285526458
19,a75_an,10,Delta,5.192139630037842
19,a75_an,11,Delta,1.4517333370284504
19,a75_an,12,Delta,2.842964179697212
19,a75_an,13,Delta,3.1764606415402095
19,a75_an,14,Delta,1.3711449590078872
19,a75_an,15,Delta,2.8515951293559474
19,a75_an,1,Theta,3.925534435680794
19,a75_an,3,Theta,0.5502105315413915
19,a75_an,4,Theta,4.850237365812157
19,a75_an,5,Theta,5.961197475017406
19,a75_an,6,Theta,2.772435128247646
19,a75_an,7,Theta,3.2571990423029
19,a75_an,8,Theta,4.221292763893718
19,a75_an,9,Theta,4.133439005160554
19,a75_an,10,Theta,5.339398207804143
19,a75_an,11,Theta,2.3176094829388125
19,a75_an,12,Theta,2.5595505346868626
19,a75_an,13,Theta,3.392957157800511
19,a75_an,14,Theta,0.9388063652891268
19,a75_an,15,Theta,2.7685024053427663
19,a75_an,1,Alpha,0.3053710643205451
19,a75_an,3,Alpha,1.7997245586361503
19,a75_an,4,Alpha,5.172340165558142
19,a75_an,5,Alpha,5.037329179750898
19,a75_an,6,Alpha,5.9596501743517685
19,a75_an,7,Alpha,3.139425633198682
19,a75_an,8,Alpha,4.70529464765324
19,a75_an,9,Alpha,2.5287160250788254
19,a75_an,10,Alpha,0.44076239527147376
19,a75_an,11,Alpha,4.045774745298902
19,a75_an,12,Alpha,1.3052664756964218
19,a75_an,13,Alpha,5.101522012775086
19,a75_an,14,Alpha,1.4727407605600868
19,a75_an,15,Alpha,0.512640448312327
19,a75_an,1,Beta,0.0659161631005793
19,a75_an,3,Beta,5.22761888423531
19,a75_an,4,Beta,5.966913145515527
19,a75_an,5,Beta,4.5840394616619795
19,a75_an,6,Beta,0.09556476043831015
19,a75_an,7,Beta,5.020405465426117
19,a75_an,8,Beta,2.9532015618296357
19,a75_an,9,Beta,1.5754508040923874
19,a75_an,10,Beta,2.7902412822173055
19,a75_an,11,Beta,5.3135201572984725
19,a75_an,12,Beta,1.6924212514687698
19,a75_an,13,Beta,3.796568660642204
19,a75_an,14,Beta,2.823549846817519
19,a75_an,15,Beta,0.2186282798919148
19,a50_an,1,Delta,4.024255999568699
19,a50_an,3,Delta,4.6297238531188025
19,a50_an,4,Delta,4.505842554670236
19,a50_an,5,Delta,4.939203268082124
19,a50_an,6,Delta,1.8293205156261263
19,a50_an,7,Delta,1.1123497133283209
19,a50_an,8,Delta,3.941633937440651
19,a50_an,9,Delta,2.908246564495591
19,a50_an,10,Delta,4.0257965017717385
19,a50_an,11,Delta,6.147075677169198
19,a50_an,12,Delta,5.320560393958999
19,a50_an,13,Delta,5.586349459879507
19,a50_an,14,Delta,5.250554226382116
19,a50_an,15,Delta,1.5223711037300536
19,a50_an,16,Delta,2.316411822071182
19,a50_an,17,Delta,5.381360520494239
19,a50_an,18,Delta,4.197217792966527
19,a50_an,19,Delta,2.349373846799063
19,a50_an,20,Delta,4.249731415433828
19,a50_an,21,Delta,1.703523961987467
19,a50_an,22,Delta,4.548233473794106
19,a50_an,23,Delta,0.5621537363974871
19,a50_an,24,Delta,4.1748940260692216
19,a50_an,25,Delta,0.2745569674354736
19,a50_an,26,Delta,1.1836926840504747
19,a50_an,27,Delta,3.09197017456964
19,a50_an,28,Delta,4.980950578597311
19,a50_an,29,Delta,0.6216809698608973
19,a50_an,30,Delta,5.761425887788106
19,a50_an,1,Theta,2.072695679343057
19,a50_an,3,Theta,4.8558603390587685
19,a50_an,4,Theta,4.068837987106728
19,a50_an,5,Theta,4.6795130469592685
19,a50_an,6,Theta,1.7911451775507228
19,a50_an,7,Theta,5.692065897964929
19,a50_an,8,Theta,2.3488212084043827
19,a50_an,9,Theta,2.8090478580042526
19,a50_an,10,Theta,6.186573153219718
19,a50_an,11,Theta,5.3533862204493
19,a50_an,12,Theta,5.552218757852234
19,a50_an,13,Theta,5.026940341466249
19,a50_an,14,Theta,5.896024559437765
19,a50_an,15,Theta,0.929769752674007
19,a50_an,16,Theta,2.259278410967775
19,a50_an,17,Theta,5.891377323393209
19,a50_an,18,Theta,4.742814525908353
19,a50_an,19,Theta,4.030432111188869
19,a50_an,20,Theta,3.759123350122329
19,a50_an,21,Theta,3.847317169955843
19,a50_an,22,Theta,4.931668221745638
19,a50_an,23,Theta,0.6070530896299439
19,a50_an,24,Theta,3.6981527066364306
19,a50_an,25,Theta,6.025254251239817
19,a50_an,26,Theta,0.009973656675034527
19,a50_an,27,Theta,3.8929984420551857
19,a50_an,28,Theta,4.5262341128944215
19,a50_an,29,Theta,0.11988622590122272
19,a50_an,30,Theta,5.706180973814074
19,a50_an,1,Alpha,5.5247046192684355
19,a50_an,3,Alpha,5.252606437804868
19,a50_an,4,Alpha,2.100370939732251
19,a50_an,5,Alpha,2.883770645372213
19,a50_an,6,Alpha,0.6097498180157508
19,a50_an,7,Alpha,4.189352839676609
19,a50_an,8,Alpha,5.881837969228697
19,a50_an,9,Alpha,3.9899990991778553
19,a50_an,10,Alpha,5.716917784868059
19,a50_an,11,Alpha,3.637392654416657
19,a50_an,12,Alpha,5.881472170016014
19,a50_an,13,Alpha,4.879315177781878
19,a50_an,14,Alpha,1.9833019375386483
19,a50_an,15,Alpha,0.8966996024268209
19,a50_an,16,Alpha,3.2053623454077793
19,a50_an,17,Alpha,4.3140493645368085
19,a50_an,18,Alpha,3.9824175934993273
19,a50_an,19,Alpha,4.677647314748771
19,a50_an,20,Alpha,6.050069380058503
19,a50_an,21,Alpha,5.084252589091417
19,a50_an,22,Alpha,0.8728450715864173
19,a50_an,23,Alpha,3.0888948103053986
19,a50_an,24,Alpha,2.0082718234411265
19,a50_an,25,Alpha,0.7619209491000686
19,a50_an,26,Alpha,4.772903769755984
19,a50_an,27,Alpha,4.87587266372768
19,a50_an,28,Alpha,5.393537047777358
19,a50_an,29,Alpha,5.4923708041309505
19,a50_an,30,Alpha,0.0707888405614762
19,a50_an,1,Beta,3.9915988118025645
19,a50_an,3,Beta,4.6670974539684424
19,a50_an,4,Beta,0.9100728580207348
19,a50_an,5,Beta,2.68087157835772
19,a50_an,6,Beta,4.036506718665115
19,a50_an,7,Beta,4.476772285451404
19,a50_an,8,Beta,1.641005080020209
19,a50_an,9,Beta,0.15790277822556464
19,a50_an,10,Beta,3.0619966582219122
19,a50_an,11,Beta,2.714277039968176
19,a50_an,12,Beta,4.177661087536405
19,a50_an,13,Beta,5.469513866399757
19,a50_an,14,Beta,6.277682344953988
19,a50_an,15,Beta,1.5838647038819664
19,a50_an,16,Beta,1.826620454132072
19,a50_an,17,Beta,3.79994988533208
19,a50_an,18,Beta,0.2406949769792927
19,a50_an,19,Beta,5.520047520634342
19,a50_an,20,Beta,2.83215137028003
19,a50_an,21,Beta,2.2616464928170883
19,a50_an,22,Beta,1.2417046881904117
19,a50_an,23,Beta,3.3379737101522333
19,a50_an,24,Beta,1.3732448599914135
19,a50_an,25,Beta,0.17261014098233748
19,a50_an,26,Beta,3.7435886554901727
19,a50_an,27,Beta,4.821125289280226
19,a50_an,28,Beta,5.350053644091082
19,a50_an,29,Beta,4.236804322853532
19,a50_an,30,Beta,1.4239876346049465
2,a75_an,1,Delta,1.1065268312417962
2,a75_an,2,Delta,0.07337762381479246
2,a75_an,3,Delta,0.9156533289012493
2,a75_an,4,Delta,4.180509119458792
2,a75_an,5,Delta,1.8437471237335716
2,a75_an,6,Delta,1.9818078102525756
2,a75_an,7,Delta,0.28947546320196954
2,a75_an,8,Delta,5.658546426500801
2,a75_an,9,Delta,3.716442239044318
2,a75_an,10,Delta,2.0406841117282113
2,a75_an,11,Delta,1.5311460765159806
2,a75_an,12,Delta,5.427393903127731
2,a75_an,13,Delta,3.8354068663131575
2,a75_an,14,Delta,1.436609749962059
2,a75_an,15,Delta,2.1416846071286115
2,a75_an,1,Theta,0.5784413089785821
2,a75_an,2,Theta,6.224713030477046
2,a75_an,3,Theta,0.24348338799164435
2,a75_an,4,Theta,4.757522065232311
2,a75_an,5,Theta,1.4221820810433794
2,a75_an,6,Theta,5.0061086617543396
2,a75_an,7,Theta,1.0262781533992094
2,a75_an,8,Theta,0.33142882168418
2,a75_an,9,Theta,3.431754548834932
2,a75_an,10,Theta,2.5597811974808913
2,a75_an,11,Theta,1.7023244874278571
2,a75_an,12,Theta,1.3720092078546957
2,a75_an,13,Theta,3.490509156803289
2,a75_an,14,Theta,1.2124902769907322
2,a75_an,15,Theta,1.989532108628552
2,a75_an,1,Alpha,0.12765198070496178
2,a75_an,2,Alpha,3.250639981070402
2,a75_an,3,Alpha,5.648297198931193
2,a75_an,4,Alpha,4.836221507202383
2,a75_an,5,Alpha,3.4066977708313724
2,a75_an,6,Alpha,3.339094776696614
2,a75_an,7,Alpha,0.6635787845251012
2,a75_an,8,Alpha,0.8245979361231444
2,a75_an,9,Alpha,5.782191592160544
2,a75_an,10,Alpha,6.256334455989367
2,a75_an,11,Alpha,4.429631549671313
2,a75_an,12,Alpha,4.360324396998985
2,a75_an,13,Alpha,3.844032219001423
2,a75_an,14,Alpha,4.127339350306755
2,a75_an,15,Alpha,2.2343759712177995
2,a75_an,1,Beta,1.1172201825613657
2,a75_an,2,Beta,2.7349499956874443
2,a75_an,3,Beta,5.4817468249737775
2,a75_an,4,Beta,5.64826721694577
2,a75_an,5,Beta,4.119802893699254
2,a75_an,6,Beta,3.284829636286038
2,a75_an,7,Beta,1.3998706401014123
2,a75_an,8,Beta,0.16263999158354112
2,a75_an,9,Beta,2.9211904535355484
2,a75_an,10,Beta,6.135294566483789
2,a75_an,11,Beta,3.5085388943079625
2,a75_an,12,Beta,4.620873026336579
2,a75_an,13,Beta,3.351019022534554
2,a75_an,14,Beta,5.124934682926442
2,a75_an,15,Beta,3.6110446885384024
2,a50_an,1,Delta,1.328097923723738
2,a50_an,2,Delta,1.2139880709367095
2,a50_an,3,Delta,1.6511914896147857
2,a50_an,4,Delta,1.3293649926512046
2,a50_an,5,Delta,2.735341137547747
2,a50_an,6,Delta,3.2096285124731865
2,a50_an,7,Delta,4.587259694010156
2,a50_an,8,Delta,0.29730004655924863
2,a50_an,9,Delta,1.6911515819620797
2,a50_an,10,Delta,1.4640500052060776
2,a50_an,11,Delta,2.0817760682521405
2,a50_an,12,Delta,2.209507432725872
2,a50_an,13,Delta,1.9078101671700287
2,a50_an,14,Delta,1.7209238769020303
2,a50_an,15,Delta,5.973213642546411
2,a50_an,16,Delta,4.897977858651653
2,a50_an,17,Delta,4.337229217543434
2,a50_an,18,Delta,5.9400477716386355
2,a50_an,19,Delta,1.8368032030089634
2,a50_an,20,Delta,0.6386287196708006
2,a50_an,21,Delta,1.9473561494139326
2,a50_an,22,Delta,2.153131888212065
2,a50_an,23,Delta,5.580076757364812
2,a50_an,24,Delta,3.0978700306407077
2,a50_an,25,Delta,2.2936894767286224
2,a50_an,26,Delta,0.7929146313128433
2,a50_an,27,Delta,2.1744723381514204
2,a50_an,28,Delta,4.306044558215948
2,a50_an,29,Delta,4.039340927202999
2,a50_an,30,Delta,1.2410511442449395
2,a50_an,1,Theta,1.7896796826151464
2,a50_an,2,Theta,1.2161975786827641
2,a50_an,3,Theta,2.049515642513947
2,a50_an,4,Theta,1.0567811669304021
2,a50_an,5,Theta,2.4662243092172202
2,a50_an,6,Theta,2.352129230157124
2,a50_an,7,Theta,1.9192520792429053
2,a50_an,8,Theta,0.41373662559056873
2,a50_an,9,Theta,1.5480202091703226
2,a50_an,10,Theta,1.4483502555145076
2,a50_an,11,Theta,2.379305637417908
2,a50_an,12,Theta,2.4132558000954885
2,a50_an,13,Theta,1.795154936153559
2,a50_an,14,Theta,1.9926543073669947
2,a50_an,15,Theta,5.70877867542297
2,a50_an,16,Theta,4.935705418226707
2,a50_an,17,Theta,0.43706051959855496
2,a50_an,18,Theta,6.044151059228792
2,a50_an,19,Theta,1.8017537243748545
2,a50_an,20,Theta,1.020470620176339
2,a50_an,21,Theta,0.7896292444359966
2,a50_an,22,Theta,1.987953670699618
2,a50_an,23,Theta,1.6488413091401088
2,a50_an,24,Theta,2.95013182566964
2,a50_an,25,Theta,2.351300666060782
2,a50_an,26,Theta,0.4664719911326153
2,a50_an,27,Theta,1.5945018839466922
2,a50_an,28,Theta,4.240829984112727
2,a50_an,29,Theta,4.898847830382927
2,a50_an,30,Theta,0.7662449968636612
2,a50_an,1,Alpha,2.6079859678410044
2,a50_an,2,Alpha,2.891624827415333
2,a50_an,3,Alpha,1.0289801578245912
2,a50_an,4,Alpha,5.169052731102053
2,a50_an,5,Alpha,5.6666324436588935
2,a50_an,6,Alpha,2.8585672380504463
2,a50_an,7,Alpha,2.877785898501156
2,a50_an,8,Alpha,2.409189257764283
2,a50_an,9,Alpha,4.673542014919329
2,a50_an,10,Alpha,4.687411012766098
2,a50_an,11,Alpha,0.6195485884603131
2,a50_an,12,Alpha,0.44470510677824543
2,a50_an,13,Alpha,3.3858994120975954
2,a50_an,14,Alpha,3.4233994923003928
2,a50_an,15,Alpha,6.156589055394098
2,a50_an,16,Alpha,4.948114077628859
2,a50_an,17,Alpha,0.5843022323967929
2,a50_an,18,Alpha,5.947654018171037
2,a50_an,19,Alpha,3.826991859253236
2,a50_an,20,Alpha,3.25234287261351
2,a50_an,21,Alpha,5.692033440087766
2,a50_an,22,Alpha,5.274246223937356
2,a50_an,23,Alpha,4.999154702080055
2,a50_an,24,Alpha,3.3081332518328264
2,a50_an,25,Alpha,4.309806558203923
2,a50_an,26,Alpha,3.887838798762931
2,a50_an,27,Alpha,1.3670376030541889
2,a50_an,28,Alpha,3.821450399831572
2,a50_an,29,Alpha,5.706797642753672
2,a50_an,30,Alpha,3.3653406834139092
2,a50_an,1,Beta,1.779803906674806
2,a50_an,2,Beta,3.0957280204893607
2,a50_an,3,Beta,5.432879768973142
2,a50_an,4,Beta,4.17736666858802
2,a50_an,5,Beta,2.7905540287313615
2,a50_an,6,Beta,1.366688203889001
2,a50_an,7,Beta,0.9654030623090883
2,a50_an,8,Beta,2.1520060118520985
2,a50_an,9,Beta,4.415717272028861
2,a50_an,10,Beta,5.942850314342811
2,a50_an,11,Beta,2.7443140971831133
2,a50_an,12,Beta,3.7393394287535253
2,a50_an,13,Beta,2.8368633161650645
2,a50_an,14,Beta,3.510920169604835
2,a50_an,15,Beta,6.009391619926071
2,a50_an,16,Beta,3.854675333167117
2,a50_an,17,Beta,0.8398769913703119
2,a50_an,18,Beta,4.288020968462197
2,a50_an,19,Beta,3.8811267513036216
2,a50_an,20,Beta,2.7460739432917314
2,a50_an,21,Beta,0.5156329616531184
2,a50_an,22,Beta,3.2822717496019136
2,a50_an,23,Beta,0.8156461843355818
2,a50_an,24,Beta,2.5414296259505678
2,a50_an,25,Beta,3.917909691426163
2,a50_an,26,Beta,3.203371791694308
2,a50_an,27,Beta,5.433695113511409
2,a50_an,28,Beta,2.8034447861025718
2,a50_an,29,Beta,0.1375792543622856
2,a50_an,30,Beta,2.2011430498130706
20,a75_an,1,Delta,3.2082864368466963
20,a75_an,2,Delta,3.3315336841705467
20,a75_an,3,Delta,2.1169645320488013
20,a75_an,4,Delta,4.766992040742418
20,a75_an,5,Delta,2.1533224865748495
20,a75_an,6,Delta,4.769795232323645
20,a75_an,7,Delta,5.790679046859024
20,a75_an,8,Delta,3.7381482266450514
20,a75_an,9,Delta,5.071841004887109
20,a75_an,10,Delta,1.222262488402469
20,a75_an,12,Delta,3.3592967745927362
20,a75_an,13,Delta,1.2543912265568202
20,a75_an,14,Delta,1.9666880115191163
20,a75_an,15,Delta,5.5199818896273545
20,a75_an,1,Theta,2.0493923467846744
20,a75_an,2,Theta,3.558284018497228
20,a75_an,3,Theta,1.901912438044769
20,a75_an,4,Theta,5.144494256937385
20,a75_an,5,Theta,2.126591286498855
20,a75_an,6,Theta,5.58943649963426
20,a75_an,7,Theta,5.602075248755337
20,a75_an,8,Theta,5.237580522656334
20,a75_an,9,Theta,5.303526980593419
20,a75_an,10,Theta,1.4692609776079941
20,a75_an,12,Theta,3.5549769934941837
20,a75_an,13,Theta,1.4353299304194447
20,a75_an,14,Theta,2.1401419533877024
20,a75_an,15,Theta,5.766483055545622
20,a75_an,1,Alpha,1.5459333863815927
20,a75_an,2,Alpha,1.6485373306049456
20,a75_an,3,Alpha,6.25689252836324
20,a75_an,4,Alpha,0.9103393110994056
20,a75_an,5,Alpha,4.950281580114735
20,a75_an,6,Alpha,0.6334892033225572
20,a75_an,7,Alpha,5.334254878267622
20,a75_an,8,Alpha,1.0606230019043874
20,a75_an,9,Alpha,0.508400816706282
20,a75_an,10,Alpha,2.7737576417210903
20,a75_an,12,Alpha,0.5961281211192496
20,a75_an,13,Alpha,0.8312151881078764
20,a75_an,14,Alpha,4.113140821798792
20,a75_an,15,Alpha,0.032330823707593985
20,a75_an,1,Beta,0.6742670315334861
20,a75_an,2,Beta,0.48127676995113655
20,a75_an,3,Beta,5.710808053398251
20,a75_an,4,Beta,0.38929738015755544
20,a75_an,5,Beta,0.5878388458325973
20,a75_an,6,Beta,0.9388318790708972
20,a75_an,7,Beta,1.2926619533616146
20,a75_an,8,Beta,5.005885145652769
20,a75_an,9,Beta,2.784480586621594
20,a75_an,10,Beta,4.617298819438478
20,a75_an,12,Beta,0.24335848704146135
20,a75_an,13,Beta,1.0381169492909457
20,a75_an,14,Beta,3.8771011411480534
20,a75_an,15,Beta,2.060767053021032
20,a50_an,1,Delta,4.6405078124532855
20,a50_an,2,Delta,1.5987085523375058
20,a50_an,3,Delta,4.929235004343239
20,a50_an,4,Delta,6.0625152631496455
20,a50_an,5,Delta,3.922740972166089
20,a50_an,6,Delta,1.1965356915725667
20,a50_an,7,Delta,1.301515113358433
20,a50_an,8,Delta,0.3495679205919973
20,a50_an,9,Delta,5.22955157526045
20,a50_an,10,Delta,4.64848622390234
20,a50_an,12,Delta,0.9777010716372568
20,a50_an,13,Delta,2.344854242116779
20,a50_an,14,Delta,4.015425663965253
20,a50_an,15,Delta,2.856173746525598
20,a50_an,16,Delta,0.42442487632569736
20,a50_an,17,Delta,4.975479283135301
20,a50_an,18,Delta,4.454260813552116
20,a50_an,19,Delta,4.419521104254459
20,a50_an,20,Delta,6.250934221613856
20,a50_an,21,Delta,3.290669295115818
20,a50_an,22,Delta,5.258836759039927
20,a50_an,23,Delta,1.980191882511943
20,a50_an,24,Delta,5.599127515314784
20,a50_an,25,Delta,4.606587334701934
20,a50_an,26,Delta,3.5427925652027357
20,a50_an,27,Delta,0.26347744059266603
20,a50_an,28,Delta,4.449127955980907
20,a50_an,29,Delta,0.8735640006897719
20,a50_an,30,Delta,2.0398561054548274
20,a50_an,1,Theta,1.8108389687485988
20,a50_an,2,Theta,1.5919472793185792
20,a50_an,3,Theta,5.935235607371231
20,a50_an,4,Theta,1.0787091825605193
20,a50_an,5,Theta,2.8257694109521276
20,a50_an,6,Theta,1.1602038888232347
20,a50_an,7,Theta,1.2104642131444623
20,a50_an,8,Theta,0.9401469635319158
20,a50_an,9,Theta,5.643337170505074
20,a50_an,10,Theta,1.7097262914300375
20,a50_an,12,Theta,0.2835975953040736
20,a50_an,13,Theta,2.508182125977298
20,a50_an,14,Theta,3.63100697140666
20,a50_an,15,Theta,3.2131513286103193
20,a50_an,16,Theta,6.28058152590104
20,a50_an,17,Theta,0.37711261150923636
20,a50_an,18,Theta,2.15496212753131
20,a50_an,19,Theta,4.103224633557312
20,a50_an,20,Theta,1.1520491548994787
20,a50_an,21,Theta,2.813955503380807
20,a50_an,22,Theta,5.766256508597078
20,a50_an,23,Theta,2.105222450024534
20,a50_an,24,Theta,0.3772376195855282
20,a50_an,25,Theta,3.9931232203913987
20,a50_an,26,Theta,3.2718471323999596
20,a50_an,27,Theta,0.25656421733935486
20,a50_an,28,Theta,1.5345065278278478
20,a50_an,29,Theta,5.748557551236491
20,a50_an,30,Theta,2.8264100088982245
20,a50_an,1,Alpha,0.7016520116170046
20,a50_an,2,Alpha,5.364723581988385
20,a50_an,3,Alpha,0.2877493656118581
20,a50_an,4,Alpha,5.818761686109163
20,a50_an,5,Alpha,0.854292313166655
20,a50_an,6,Alpha,2.6211483236680677
20,a50_an,7,Alpha,1.1251848138323775
20,a50_an,8,Alpha,1.0551123112929144
20,a50_an,9,Alpha,1.7836094973117838
20,a50_an,10,Alpha,3.9522208931083647
20,a50_an,12,Alpha,5.033613057076634
20,a50_an,13,Alpha,1.3080059614771409
20,a50_an,14,Alpha,0.6339460176517969
20,a50_an,15,Alpha,4.16083351388051
20,a50_an,16,Alpha,0.8883123757811099
20,a50_an,17,Alpha,1.9397056393642098
20,a50_an,18,Alpha,3.3743133437253725
20,a50_an,19,Alpha,6.074988285592325
20,a50_an,20,Alpha,4.3899908410412944
20,a50_an,21,Alpha,0.5649765318236536
20,a50_an,22,Alpha,3.95291767657981
20,a50_an,23,Alpha,1.3766992189850846
20,a50_an,24,Alpha,2.494473832359972
20,a50_an,25,Alpha,3.7376265750680036
20,a50_an,26,Alpha,2.092219461119021
20,a50_an,27,Alpha,3.8087179804029336
20,a50_an,28,Alpha,2.2731700259645478
20,a50_an,29,Alpha,4.207882491913063
20,a50_an,30,Alpha,1.1826148581258187
20,a50_an,1,Beta,5.802558646394894
20,a50_an,2,Beta,0.9014775705459169
20,a50_an,3,Beta,4.584150133338766
20,a50_an,4,Beta,5.768000639880311
20,a50_an,5,Beta,5.8019371179099215
20,a50_an,6,Beta,1.8622240227205917
20,a50_an,7,Beta,0.09772884701384014
20,a50_an,8,Beta,1.5138945385659146
20,a50_an,9,Beta,3.619234867063491
20,a50_an,10,Beta,4.228686061508896
20,a50_an,12,Beta,4.739057387794314
20,a50_an,13,Beta,1.0736875638378294
20,a50_an,14,Beta,6.1611437308834605
20,a50_an,15,Beta,5.4470578843907065
20,a50_an,16,Beta,5.297514211286026
20,a50_an,17,Beta,2.676408974880532
20,a50_an,18,Beta,0.7790301760027175
20,a50_an,19,Beta,0.9681411329573603
20,a50_an,20,Beta,3.777876329444227
20,a50_an,21,Beta,1.8759581323538281
20,a50_an,22,Beta,0.21015210915809737
20,a50_an,23,Beta,1.5971948404842133
20,a50_an,24,Beta,5.4457756293154205
20,a50_an,25,Beta,4.331028088199253
20,a50_an,26,Beta,0.15046120664969376
20,a50_an,27,Beta,5.336184157015944
20,a50_an,28,Beta,5.621638621443315
20,a50_an,29,Beta,1.2538530868954105
20,a50_an,30,Beta,4.9475813392935395
3,a75_an,1,Delta,4.638906614630871
3,a75_an,2,Delta,5.454679761100304
3,a75_an,3,Delta,5.345780116432025
3,a75_an,4,Delta,4.53771391699045
3,a75_an,5,Delta,0.7510637497104676
3,a75_an,6,Delta,1.2700836703832752
3,a75_an,7,Delta,5.40805278900202
3,a75_an,8,Delta,1.1840829844451888
3,a75_an,9,Delta,5.13676653953256
3,a75_an,11,Delta,4.425810772890249
3,a75_an,12,Delta,4.571426502688998
3,a75_an,13,Delta,1.1905125893983477
3,a75_an,14,Delta,5.157879058240523
3,a75_an,15,Delta,5.15355371121613
3,a75_an,1,Theta,4.025594990296286
3,a75_an,2,Theta,6.032944665888184
3,a75_an,3,Theta,6.169047241941265
3,a75_an,4,Theta,2.5246135042911897
3,a75_an,5,Theta,5.628710759980658
3,a75_an,6,Theta,1.3637678146211802
3,a75_an,7,Theta,1.6786669021916292
3,a75_an,8,Theta,1.2872652500794015
3,a75_an,9,Theta,5.521253323109479
3,a75_an,11,Theta,1.750203121738192
3,a75_an,12,Theta,2.2599408355355295
3,a75_an,13,Theta,1.469126366244011
3,a75_an,14,Theta,5.751056015683314
3,a75_an,15,Theta,5.678234674277993
3,a75_an,1,Alpha,6.2183336396944595
3,a75_an,2,Alpha,4.737472108018008
3,a75_an,3,Alpha,4.26654727357827
3,a75_an,4,Alpha,5.671052751051623
3,a75_an,5,Alpha,4.250352075602753
3,a75_an,6,Alpha,1.031468395644662
3,a75_an,7,Alpha,0.4772767461183971
3,a75_an,8,Alpha,1.386434993629977
3,a75_an,9,Alpha,1.4388311241108271
3,a75_an,11,Alpha,1.8419976702570635
3,a75_an,12,Alpha,5.189741355977761
3,a75_an,13,Alpha,5.736517248633417
3,a75_an,14,Alpha,1.9815291022136472
3,a75_an,15,Alpha,2.4447662291668726
3,a75_an,1,Beta,4.602529303386824
3,a75_an,2,Beta,2.8168755252757918
3,a75_an,3,Beta,4.967642235973151
3,a75_an,4,Beta,0.144545516754381
3,a75_an,5,Beta,3.408405096512006
3,a75_an,6,Beta,0.7758149962934999
3,a75_an,7,Beta,5.469151213686957
3,a75_an,8,Beta,1.4645280822802211
3,a75_an,9,Beta,1.9269489135229494
3,a75_an,11,Beta,2.0762182329483623
3,a75_an,12,Beta,4.783965846244519
3,a75_an,13,Beta,0.22342350306368752
3,a75_an,14,Beta,1.670926396730183
3,a75_an,15,Beta,2.294369972847002
3,a50_an,1,Delta,5.111906374985525
3,a50_an,2,Delta,0.47846226359918737
3,a50_an,3,Delta,1.4410199133430281
3,a50_an,4,Delta,6.042454543379707
3,a50_an,5,Delta,5.235445634235831
3,a50_an,6,Delta,0.8662986157744589
3,a50_an,7,Delta,2.393686548663556
3,a50_an,8,Delta,4.888461060337191
3,a50_an,9,Delta,1.7433180400707433
3,a50_an,10,Delta,0.2939306050830387
3,a50_an,11,Delta,0.5147239885108621
3,a50_an,12,Delta,3.639057173996214
3,a50_an,13,Delta,0.3260167902982973
3,a50_an,14,Delta,5.016227967450467
3,a50_an,15,Delta,5.253326143454605
3,a50_an,16,Delta,5.050622397781592
3,a50_an,17,Delta,3.597182234174562
3,a50_an,18,Delta,0.6501865151898458
3,a50_an,19,Delta,0.8879617096635584
3,a50_an,20,Delta,1.3187788702466676
3,a50_an,21,Delta,6.152596583945466
3,a50_an,22,Delta,0.8517270886097928
3,a50_an,23,Delta,0.9005274548886043
3,a50_an,24,Delta,1.4325289687134677
3,a50_an,25,Delta,2.8504450727591437
3,a50_an,26,Delta,6.256905269815326
3,a50_an,27,Delta,1.379341109928035
3,a50_an,28,Delta,2.9317970285540613
3,a50_an,29,Delta,1.0830437224474914
3,a50_an,30,Delta,4.683481874905361
3,a50_an,1,Theta,4.756126573607132
3,a50_an,2,Theta,5.02707659634913
3,a50_an,3,Theta,0.9301631383641806
3,a50_an,4,Theta,0.29832995679117125
3,a50_an,5,Theta,4.988955802493866
3,a50_an,6,Theta,0.2900980498410367
3,a50_an,7,Theta,2.755950515294771
3,a50_an,8,Theta,5.110877065455892
3,a50_an,9,Theta,1.7458767231948134
3,a50_an,10,Theta,0.9851048451114808
3,a50_an,11,Theta,0.3294349614314223
3,a50_an,12,Theta,3.538599970826671
3,a50_an,13,Theta,5.867705391560883
3,a50_an,14,Theta,1.3055474064025856
3,a50_an,15,Theta,6.124297260308561
3,a50_an,16,Theta,5.035669327070506
3,a50_an,17,Theta,1.3057168305505782
3,a50_an,18,Theta,1.0957143323128944
3,a50_an,19,Theta,0.9659493660611286
3,a50_an,20,Theta,1.299282992273974
3,a50_an,21,Theta,0.15097622464804691
3,a50_an,22,Theta,1.5236470484127307
3,a50_an,23,Theta,0.4609440569281776
3,a50_an,24,Theta,5.55047544827772
3,a50_an,25,Theta,4.843042915754566
3,a50_an,26,Theta,0.7836531810020901
3,a50_an,27,Theta,0.9323108001756152
3,a50_an,28,Theta,2.070947367018171
3,a50_an,29,Theta,0.9793421833276842
3,a50_an,30,Theta,4.438837901853084
3,a50_an,1,Alpha,4.817326124463934
3,a50_an,2,Alpha,4.446482394938142
3,a50_an,3,Alpha,0.5414170113407744
3,a50_an,4,Alpha,0.446775438279948
3,a50_an,5,Alpha,4.967737657331485
3,a50_an,6,Alpha,3.9508400672319395
3,a50_an,7,Alpha,1.409534196172005
3,a50_an,8,Alpha,0.8687924796016799
3,a50_an,9,Alpha,1.099445318842372
3,a50_an,10,Alpha,0.14927094514696496
3,a50_an,11,Alpha,4.5784575834196195
3,a50_an,12,Alpha,3.144812598958179
3,a50_an,13,Alpha,5.620888383271124
3,a50_an,14,Alpha,3.1647987723456414
3,a50_an,15,Alpha,5.8812175564858125
3,a50_an,16,Alpha,3.763632787382875
3,a50_an,17,Alpha,0.8040113922120553
3,a50_an,18,Alpha,2.1647157275405413
3,a50_an,19,Alpha,2.4455812853300087
3,a50_an,20,Alpha,1.2483694842937123
3,a50_an,21,Alpha,5.413763033337301
3,a50_an,22,Alpha,2.6781278841487586
3,a50_an,23,Alpha,2.932927918032116
3,a50_an,24,Alpha,0.11253613263022992
3,a50_an,25,Alpha,0.35129232482000056
3,a50_an,26,Alpha,0.9265339303088863
3,a50_an,27,Alpha,0.6826954844285279
3,a50_an,28,Alpha,0.20491881724546596
3,a50_an,29,Alpha,0.1469984469486676
3,a50_an,30,Alpha,5.464942429202259
3,a50_an,1,Beta,2.654401341837898
3,a50_an,2,Beta,4.395869550038846
3,a50_an,3,Beta,3.9352154429951294
3,a50_an,4,Beta,2.520597838007385
3,a50_an,5,Beta,4.403070784544861
3,a50_an,6,Beta,2.370797206306701
3,a50_an,7,Beta,1.8221833440733124
3,a50_an,8,Beta,5.493584421519231
3,a50_an,9,Beta,0.5812819266761614
3,a50_an,10,Beta,1.0490139376325653
3,a50_an,11,Beta,4.267686522483196
3,a50_an,12,Beta,0.3684584411686149
3,a50_an,13,Beta,2.0047300367654346
3,a50_an,14,Beta,3.270575609940434
3,a50_an,15,Beta,4.040111369009105
3,a50_an,16,Beta,0.1819537465731055
3,a50_an,17,Beta,0.9324302174363952
3,a50_an,18,Beta,0.6942315443870609
3,a50_an,19,Beta,4.018658144777457
3,a50_an,20,Beta,0.615953797396823
3,a50_an,21,Beta,4.631391568642809
3,a50_an,22,Beta,2.908513958193638
3,a50_an,23,Beta,2.018181818782782
3,a50_an,24,Beta,0.7146076316341163
3,a50_an,25,Beta,6.050733248020753
3,a50_an,26,Beta,4.2537382371455
3,a50_an,27,Beta,1.050551646764735
3,a50_an,28,Beta,1.148202702973232
3,a50_an,29,Beta,2.466905675552216
3,a50_an,30,Beta,5.381906916182508
4,a50_an,1,Delta,3.5879912339944293
4,a50_an,2,Delta,4.770316771405693
4,a50_an,3,Delta,0.019200585179242082
4,a50_an,4,Delta,4.499877217507761
4,a50_an,5,Delta,4.879948101168565
4,a50_an,6,Delta,4.904819437327261
4,a50_an,7,Delta,3.265958005350699
4,a50_an,8,Delta,1.1195660987532903
4,a50_an,9,Delta,0.37646973348171087
4,a50_an,10,Delta,5.840818792162003
4,a50_an,11,Delta,5.367788860586689
4,a50_an,13,Delta,4.569187668053974
4,a50_an,14,Delta,1.339405582430619
4,a50_an,15,Delta,3.2496833074774303
4,a50_an,16,Delta,4.7489166388793445
4,a50_an,17,Delta,4.4258370155465565
4,a50_an,18,Delta,3.9319581597280457
4,a50_an,19,Delta,3.608058462851739
4,a50_an,20,Delta,3.857742774333065
4,a50_an,21,Delta,3.112252612321273
4,a50_an,22,Delta,1.2799559202162665
4,a50_an,23,Delta,4.185915847814094
4,a50_an,24,Delta,5.812211494592597
4,a50_an,25,Delta,3.2391855589065055
4,a50_an,26,Delta,5.478155387402774
4,a50_an,27,Delta,4.9561322053457335
4,a50_an,28,Delta,4.340524664617195
4,a50_an,29,Delta,3.9864071682272693
4,a50_an,30,Delta,4.884859200499838
4,a50_an,1,Theta,2.950523170726101
4,a50_an,2,Theta,5.833124283181358
4,a50_an,3,Theta,6.160561730720733
4,a50_an,4,Theta,4.660342618576073
4,a50_an,5,Theta,4.931318654319947
4,a50_an,6,Theta,4.123959013421352
4,a50_an,7,Theta,3.822624418696364
4,a50_an,8,Theta,5.582332161156651
4,a50_an,9,Theta,5.867211880334823
4,a50_an,10,Theta,1.6573416771971294
4,a50_an,11,Theta,0.7231988648734773
4,a50_an,13,Theta,5.274604634692506
4,a50_an,14,Theta,4.5364279137773975
4,a50_an,15,Theta,3.2775563427904393
4,a50_an,16,Theta,4.929414248337276
4,a50_an,17,Theta,4.986169997292659
4,a50_an,18,Theta,0.9631050352924219
4,a50_an,19,Theta,3.4157193391372074
4,a50_an,20,Theta,2.311112818846114
4,a50_an,21,Theta,3.224890575628359
4,a50_an,22,Theta,1.2116262921154632
4,a50_an,23,Theta,6.044953675634568
4,a50_an,24,Theta,6.055060396226181
4,a50_an,25,Theta,2.5389917616969155
4,a50_an,26,Theta,5.614629083238795
4,a50_an,27,Theta,5.449312701250072
4,a50_an,28,Theta,3.7038212436902724
4,a50_an,29,Theta,3.2130178563764815
4,a50_an,30,Theta,5.1406647863630575
4,a50_an,1,Alpha,1.1605999511617924
4,a50_an,2,Alpha,4.070228321254891
4,a50_an,3,Alpha,0.6244094402397251
4,a50_an,4,Alpha,3.6055847202513016
4,a50_an,5,Alpha,4.332398607583836
4,a50_an,6,Alpha,0.01151781798205854
4,a50_an,7,Alpha,4.841736060512941
4,a50_an,8,Alpha,4.721763424905513
4,a50_an,9,Alpha,5.826551832699914
4,a50_an,10,Alpha,3.0640814621538466
4,a50_an,11,Alpha,0.6763629007262484
4,a50_an,13,Alpha,5.296895026966697
4,a50_an,14,Alpha,3.956923312415632
4,a50_an,15,Alpha,4.405360069420226
4,a50_an,16,Alpha,2.7778267051328065
4,a50_an,17,Alpha,4.831476581338674
4,a50_an,18,Alpha,0.3843645139030034
4,a50_an,19,Alpha,4.9095894692556845
4,a50_an,20,Alpha,6.263432673301834
4,a50_an,21,Alpha,3.060042452129267
4,a50_an,22,Alpha,1.0748002545799555
4,a50_an,23,Alpha,0.617065984890835
4,a50_an,24,Alpha,1.0324186277063419
4,a50_an,25,Alpha,6.110009052682025
4,a50_an,26,Alpha,1.1384901832898489
4,a50_an,27,Alpha,0.21586237814524872
4,a50_an,28,Alpha,3.9918746686678
4,a50_an,29,Alpha,4.11415170755808
4,a50_an,30,Alpha,5.962268790720985
4,a50_an,1,Beta,5.446002877141688
4,a50_an,2,Beta,2.6271414986879633
4,a50_an,3,Beta,3.9075502153352284
4,a50_an,4,Beta,3.0292978461620303
4,a50_an,5,Beta,3.289959577758788
4,a50_an,6,Beta,2.150669188614239
4,a50_an,7,Beta,2.984293475284226
4,a50_an,8,Beta,4.087625700013725
4,a50_an,9,Beta,0.27090384450760674
4,a50_an,10,Beta,6.266145442249608
4,a50_an,11,Beta,5.461298534105494
4,a50_an,13,Beta,3.9962662512006317
4,a50_an,14,Beta,2.838292785447962
4,a50_an,15,Beta,5.762475263496377
4,a50_an,16,Beta,3.517728632853954
4,a50_an,17,Beta,4.4833938052684115
4,a50_an,18,Beta,1.7106127035340848
4,a50_an,19,Beta,4.840350635209144
4,a50_an,20,Beta,0.42910680051579986
4,a50_an,21,Beta,1.4477851999356353
4,a50_an,22,Beta,1.4098036242355925
4,a50_an,23,Beta,0.4929449313872768
4,a50_an,24,Beta,3.1458349359051887
4,a50_an,25,Beta,5.360269156002061
4,a50_an,26,Beta,2.174381632373123
4,a50_an,27,Beta,1.6246531161577697
4,a50_an,28,Beta,0.7796753330005632
4,a50_an,29,Beta,4.067250183596788
4,a50_an,30,Beta,0.33794792595838
4,a75_an,2,Delta,5.111863234800222
4,a75_an,3,Delta,4.451778024781912
4,a75_an,4,Delta,0.17442185229105653
4,a75_an,5,Delta,3.4554782392709265
4,a75_an,6,Delta,4.742820477920647
4,a75_an,7,Delta,5.023198628382066
4,a75_an,8,Delta,4.4292966735206925
4,a75_an,9,Delta,1.8984941420705974
4,a75_an,10,Delta,4.859784115334278
4,a75_an,11,Delta,4.606261607602085
4,a75_an,12,Delta,4.693778181006396
4,a75_an,13,Delta,5.493941824913624
4,a75_an,14,Delta,1.900571837230713
4,a75_an,15,Delta,5.219315880790104
4,a75_an,2,Theta,5.095682258090637
4,a75_an,3,Theta,4.794820655128165
4,a75_an,4,Theta,1.370682256938087
4,a75_an,5,Theta,2.14196902009705
4,a75_an,6,Theta,5.171767215403531
4,a75_an,7,Theta,5.976154209187874
4,a75_an,8,Theta,5.270439951216735
4,a75_an,9,Theta,1.0738803987381667
4,a75_an,10,Theta,5.99728756595677
4,a75_an,11,Theta,4.943521457747418
4,a75_an,12,Theta,5.207554717618643
4,a75_an,13,Theta,6.081198423119747
4,a75_an,14,Theta,1.6760893627961988
4,a75_an,15,Theta,5.277195887656672
4,a75_an,2,Alpha,6.014861306466287
4,a75_an,3,Alpha,4.723021681736263
4,a75_an,4,Alpha,1.6802171188617903
4,a75_an,5,Alpha,1.6460371619242111
4,a75_an,6,Alpha,4.406692254051315
4,a75_an,7,Alpha,2.750145946919319
4,a75_an,8,Alpha,4.938851347059271
4,a75_an,9,Alpha,4.551099763679704
4,a75_an,10,Alpha,1.8957845063503864
4,a75_an,11,Alpha,4.915431730071195
4,a75_an,12,Alpha,0.5011261802251518
4,a75_an,13,Alpha,5.400095343083009
4,a75_an,14,Alpha,6.2396121697683595
4,a75_an,15,Alpha,3.454995281775095
4,a75_an,2,Beta,1.5174597729400607
4,a75_an,3,Beta,4.0047017048015245
4,a75_an,4,Beta,3.062248703262394
4,a75_an,5,Beta,1.2748142386151675
4,a75_an,6,Beta,1.1691839705158282
4,a75_an,7,Beta,2.8325907627589295
4,a75_an,8,Beta,5.6819557798230615
4,a75_an,9,Beta,0.3044333160062321
4,a75_an,10,Beta,4.1193937020255795
4,a75_an,11,Beta,5.265578312902105
4,a75_an,12,Beta,5.239958497327656
4,a75_an,13,Beta,5.347578246818883
4,a75_an,14,Beta,3.104405020076861
4,a75_an,15,Beta,2.7933026666104706
5,a50_an,1,Delta,4.652384414925102
5,a50_an,2,Delta,3.9054416588292815
5,a50_an,3,Delta,4.308248728870919
5,a50_an,4,Delta,1.1370334334731071
5,a50_an,5,Delta,0.10373414532883936
5,a50_an,6,Delta,3.92201141130166
5,a50_an,7,Delta,5.384877421020086
5,a50_an,8,Delta,4.021954944783158
5,a50_an,9,Delta,0.046984895765483675
5,a50_an,10,Delta,4.990042714715877
5,a50_an,11,Delta,2.7785461393182844
5,a50_an,12,Delta,3.8101352669567956
5,a50_an,13,Delta,2.024704050984041
5,a50_an,14,Delta,5.3543884725833575
5,a50_an,15,Delta,2.28442137508636
5,a50_an,17,Delta,5.783384152638274
5,a50_an,18,Delta,4.383939956062373
5,a50_an,19,Delta,6.200699368281257
5,a50_an,20,Delta,3.47081101128374
5,a50_an,21,Delta,0.9659449733642544
5,a50_an,22,Delta,1.9327257412933947
5,a50_an,23,Delta,2.7663178796889847
5,a50_an,24,Delta,0.8888285596931165
5,a50_an,25,Delta,3.983898856896846
5,a50_an,26,Delta,3.158814869049561
5,a50_an,27,Delta,5.66651538800087
5,a50_an,28,Delta,2.736669199182272
5,a50_an,29,Delta,0.40523418364639313
5,a50_an,30,Delta,0.6602158397787488
5,a50_an,1,Theta,4.847094365197565
5,a50_an,2,Theta,1.563681140965
5,a50_an,3,Theta,1.4932800867510154
5,a50_an,4,Theta,1.5262895595225867
5,a50_an,5,Theta,6.119918114589913
5,a50_an,6,Theta,4.279867486875908
5,a50_an,7,Theta,5.293165034720501
5,a50_an,8,Theta,3.1377552077046538
5,a50_an,9,Theta,6.2722170053386614
5,a50_an,10,Theta,5.253301186017649
5,a50_an,11,Theta,2.8810502565593166
5,a50_an,12,Theta,0.536383274658674
5,a50_an,13,Theta,2.1537131794763273
5,a50_an,14,Theta,5.049924401710714
5,a50_an,15,Theta,1.3579138053327013
5,a50_an,17,Theta,0.7222505559638663
5,a50_an,18,Theta,3.8096424533426307
5,a50_an,19,Theta,0.23761594867880304
5,a50_an,20,Theta,3.715318186987087
5,a50_an,21,Theta,0.6110889820641192
5,a50_an,22,Theta,5.271164638537879
5,a50_an,23,Theta,2.8225411001182517
5,a50_an,24,Theta,0.9359053364564506
5,a50_an,25,Theta,4.115662589016308
5,a50_an,26,Theta,4.877776436408344
5,a50_an,27,Theta,5.42544698930044
5,a50_an,28,Theta,3.300728564873466
5,a50_an,29,Theta,5.144572138449358
5,a50_an,30,Theta,0.5179802918225151
5,a50_an,1,Alpha,4.373056686921952
5,a50_an,2,Alpha,0.691040697955271
5,a50_an,3,Alpha,0.15517432710708357
5,a50_an,4,Alpha,0.623572885014941
5,a50_an,5,Alpha,2.403180211972948
5,a50_an,6,Alpha,5.7671374496226875
5,a50_an,7,Alpha,6.118496698586287
5,a50_an,8,Alpha,2.871409271189957
5,a50_an,9,Alpha,4.7015128121310354
5,a50_an,10,Alpha,1.2394578573971178
5,a50_an,11,Alpha,1.995042386581681
5,a50_an,12,Alpha,0.8686078757614637
5,a50_an,13,Alpha,1.8396098990092955
5,a50_an,14,Alpha,0.8791028227403392
5,a50_an,15,Alpha,1.457118017119434
5,a50_an,17,Alpha,4.293841314990027
5,a50_an,18,Alpha,1.3299981253117739
5,a50_an,19,Alpha,4.0951809259483465
5,a50_an,20,Alpha,4.24042056011456
5,a50_an,21,Alpha,0.761717283686064
5,a50_an,22,Alpha,5.593975821682406
5,a50_an,23,Alpha,4.101076363047049
5,a50_an,24,Alpha,2.9832009330401634
5,a50_an,25,Alpha,1.3845770375418052
5,a50_an,26,Alpha,0.08127761348193459
5,a50_an,27,Alpha,0.6339132205418027
5,a50_an,28,Alpha,1.317258820363722
5,a50_an,29,Alpha,0.10087818219436523
5,a50_an,30,Alpha,1.4543473348676004
5,a50_an,1,Beta,4.69330070292239
5,a50_an,2,Beta,4.740019725495941
5,a50_an,3,Beta,6.044167341357159
5,a50_an,4,Beta,5.959735805509818
5,a50_an,5,Beta,3.0019271041223847
5,a50_an,6,Beta,0.3019276755278289
5,a50_an,7,Beta,5.526877972680324
5,a50_an,8,Beta,3.243610657616338
5,a50_an,9,Beta,5.355002629148889
5,a50_an,10,Beta,3.0389364101955163
5,a50_an,11,Beta,2.7408053697572523
5,a50_an,12,Beta,1.3326185812254645
5,a50_an,13,Beta,1.6892234653278708
5,a50_an,14,Beta,0.6757879672884461
5,a50_an,15,Beta,2.106164472933015
5,a50_an,17,Beta,5.6827882328729915
5,a50_an,18,Beta,6.055494941884091
5,a50_an,19,Beta,3.089666188482709
5,a50_an,20,Beta,3.3648487142589083
5,a50_an,21,Beta,4.581964021227122
5,a50_an,22,Beta,5.105740266931125
5,a50_an,23,Beta,5.704923804512769
5,a50_an,24,Beta,3.707845808420515
5,a50_an,25,Beta,0.27314229345616536
5,a50_an,26,Beta,0.4703907782557584
5,a50_an,27,Beta,0.937218833151551
5,a50_an,28,Beta,2.404973927790396
5,a50_an,29,Beta,0.46607719398089087
5,a50_an,30,Beta,1.6581847692710912
5,a75_an,1,Delta,5.532846472150318
5,a75_an,2,Delta,0.0284409776718002
5,a75_an,3,Delta,2.158133742155552
5,a75_an,4,Delta,5.794595119318852
5,a75_an,5,Delta,2.519333848193961
5,a75_an,6,Delta,3.274468435671302
5,a75_an,7,Delta,1.2932342140603548
5,a75_an,8,Delta,1.7809987661183468
5,a75_an,9,Delta,6.018938604525721
5,a75_an,10,Delta,3.695274674339091
5,a75_an,11,Delta,3.634267580244321
5,a75_an,12,Delta,4.116728524454427
5,a75_an,13,Delta,5.394780632421359
5,a75_an,14,Delta,1.2100950090750164
5,a75_an,15,Delta,4.4170637329388995
5,a75_an,1,Theta,5.8658468382146305
5,a75_an,2,Theta,0.5294523615587543
5,a75_an,3,Theta,1.7735826184355732
5,a75_an,4,Theta,0.5637746320428481
5,a75_an,5,Theta,4.9133500206511656
5,a75_an,6,Theta,1.9820905427660847
5,a75_an,7,Theta,3.9996496245025535
5,a75_an,8,Theta,2.108340441199669
5,a75_an,9,Theta,6.078515512860919
5,a75_an,10,Theta,3.7702434426573777
5,a75_an,11,Theta,3.609420130945847
5,a75_an,12,Theta,4.087026236852514
5,a75_an,13,Theta,6.113781594055884
5,a75_an,14,Theta,0.8338811429303481
5,a75_an,15,Theta,3.6473919882566337
5,a75_an,1,Alpha,4.403030638445227
5,a75_an,2,Alpha,3.49506859794809
5,a75_an,3,Alpha,1.180092214345157
5,a75_an,4,Alpha,3.616534450938822
5,a75_an,5,Alpha,5.4510588586617805
5,a75_an,6,Alpha,1.146780493535314
5,a75_an,7,Alpha,6.037431321884245
5,a75_an,8,Alpha,2.2395173586660975
5,a75_an,9,Alpha,1.9906452100082788
5,a75_an,10,Alpha,1.5560392833253391
5,a75_an,11,Alpha,0.8303157997354486
5,a75_an,12,Alpha,4.082111108689761
5,a75_an,13,Alpha,3.05024070305245
5,a75_an,14,Alpha,0.18112814817455736
5,a75_an,15,Alpha,4.3413103260721595
5,a75_an,1,Beta,1.5533730584411958
5,a75_an,2,Beta,0.3758955068023076
5,a75_an,3,Beta,2.4763631369242387
5,a75_an,4,Beta,4.255637973350897
5,a75_an,5,Beta,4.635888195952083
5,a75_an,6,Beta,5.8281607395424135
5,a75_an,7,Beta,6.080742797878546
5,a75_an,8,Beta,2.9792296211919687
5,a75_an,9,Beta,2.028398765928222
5,a75_an,10,Beta,4.796975312087085
5,a75_an,11,Beta,1.8015436518317187
5,a75_an,12,Beta,3.389196438774324
5,a75_an,13,Beta,2.171564665079309
5,a75_an,14,Beta,4.944320677702787
5,a75_an,15,Beta,4.996321870765449
6,a75_an,1,Delta,2.1496963733288137
6,a75_an,2,Delta,2.9122775048284235
6,a75_an,3,Delta,5.082120659623583
6,a75_an,4,Delta,4.784275653611595
6,a75_an,5,Delta,1.2957334088564998
6,a75_an,6,Delta,0.9498451373249841
6,a75_an,7,Delta,1.0280306941045352
6,a75_an,8,Delta,1.5209242296518513
6,a75_an,9,Delta,5.032989407212337
6,a75_an,10,Delta,1.8321812066140775
6,a75_an,11,Delta,1.8579820460151297
6,a75_an,12,Delta,4.532385610014638
6,a75_an,13,Delta,4.693142047002366
6,a75_an,14,Delta,0.5597829580211269
6,a75_an,15,Delta,1.3374112237420923
6,a75_an,1,Theta,2.766456173447172
6,a75_an,2,Theta,2.7817809135345946
6,a75_an,3,Theta,5.347050323360535
6,a75_an,4,Theta,5.233009836788126
6,a75_an,5,Theta,0.36824267405742106
6,a75_an,6,Theta,0.5520740472194456
6,a75_an,7,Theta,0.9737869934395703
6,a75_an,8,Theta,2.258523975519523
6,a75_an,9,Theta,5.854861992773196
6,a75_an,10,Theta,5.808014334409359
6,a75_an,11,Theta,2.1105573889517264
6,a75_an,12,Theta,4.530940466788203
6,a75_an,13,Theta,5.322448484672177
6,a75_an,14,Theta,0.6167888759106863
6,a75_an,15,Theta,0.5436386019699547
6,a75_an,1,Alpha,4.752191319940087
6,a75_an,2,Alpha,4.981128335484741
6,a75_an,3,Alpha,0.6254342735876821
6,a75_an,4,Alpha,1.3660360156084173
6,a75_an,5,Alpha,5.05738535488946
6,a75_an,6,Alpha,5.627195541534806
6,a75_an,7,Alpha,1.165899127923564
6,a75_an,8,Alpha,2.1982229739417
6,a75_an,9,Alpha,2.2970597906045325
6,a75_an,10,Alpha,5.475774156952702
6,a75_an,11,Alpha,3.4542930190323724
6,a75_an,12,Alpha,2.6866077765703396
6,a75_an,13,Alpha,3.9351944878840674
6,a75_an,14,Alpha,1.182716726635024
6,a75_an,15,Alpha,2.917881755508733
6,a75_an,1,Beta,2.762293418135368
6,a75_an,2,Beta,3.4728775350963
6,a75_an,3,Beta,2.7530924482565635
6,a75_an,4,Beta,0.7380631198376506
6,a75_an,5,Beta,1.3023984637537231
6,a75_an,6,Beta,1.8070748441595057
6,a75_an,7,Beta,4.775771469558681
6,a75_an,8,Beta,2.14111191444206
6,a75_an,9,Beta,2.7259125766695007
6,a75_an,10,Beta,1.0867530893924808
6,a75_an,11,Beta,5.969576200733631
6,a75_an,12,Beta,3.960042807057457
6,a75_an,13,Beta,4.2191708273767095
6,a75_an,14,Beta,0.4455570612554215
6,a75_an,15,Beta,4.5399953142764975
6,a50_an,1,Delta,5.014739465287121
6,a50_an,2,Delta,0.9819044873143967
6,a50_an,3,Delta,4.857138561259141
6,a50_an,4,Delta,5.474843267406812
6,a50_an,5,Delta,2.918071803188259
6,a50_an,6,Delta,4.131946491216821
6,a50_an,7,Delta,1.9439390059584103
6,a50_an,8,Delta,5.94001809941294
6,a50_an,9,Delta,1.6043047609006558
6,a50_an,10,Delta,5.117750198093103
6,a50_an,11,Delta,3.8976350712996206
6,a50_an,12,Delta,2.016539223682903
6,a50_an,13,Delta,1.0628537880077333
6,a50_an,14,Delta,1.88248672813966
6,a50_an,15,Delta,5.870132011221841
6,a50_an,16,Delta,4.884910682209499
6,a50_an,17,Delta,0.9787355336498873
6,a50_an,18,Delta,1.4527078241124955
6,a50_an,19,Delta,1.4270182361993817
6,a50_an,20,Delta,5.341004136366287
6,a50_an,21,Delta,2.226491922548477
6,a50_an,22,Delta,1.983354099545556
6,a50_an,23,Delta,0.9982097405061363
6,a50_an,24,Delta,2.460488694903591
6,a50_an,25,Delta,3.671771920518031
6,a50_an,26,Delta,1.487012790708402
6,a50_an,27,Delta,1.1121716568362827
6,a50_an,28,Delta,2.3264933064856335
6,a50_an,29,Delta,0.9023414278954409
6,a50_an,30,Delta,1.5263059787106321
6,a50_an,1,Theta,5.295220548050437
6,a50_an,2,Theta,0.49255109339629405
6,a50_an,3,Theta,5.264261753797385
6,a50_an,4,Theta,5.656808866950595
6,a50_an,5,Theta,5.004632296276667
6,a50_an,6,Theta,4.403606459564472
6,a50_an,7,Theta,1.6627937285535392
6,a50_an,8,Theta,0.5007264071233742
6,a50_an,9,Theta,1.7026199264617803
6,a50_an,10,Theta,5.022576644433532
6,a50_an,11,Theta,4.462552064280533
6,a50_an,12,Theta,2.0972264812316372
6,a50_an,13,Theta,1.1148421116915148
6,a50_an,14,Theta,3.4108104106948343
6,a50_an,15,Theta,0.29139075233706485
6,a50_an,16,Theta,5.034502620781901
6,a50_an,17,Theta,0.05975220395943458
6,a50_an,18,Theta,4.420716370129911
6,a50_an,19,Theta,0.5219405827822572
6,a50_an,20,Theta,5.591771955650916
6,a50_an,21,Theta,3.5307562008434172
6,a50_an,22,Theta,3.9788600436739925
6,a50_an,23,Theta,0.6434844308134217
6,a50_an,24,Theta,2.5664292763114176
6,a50_an,25,Theta,3.2641034641906175
6,a50_an,26,Theta,0.069912467146969
6,a50_an,27,Theta,1.0090776462677096
6,a50_an,28,Theta,3.902071286004826
6,a50_an,29,Theta,6.141553746919843
6,a50_an,30,Theta,1.5887826898816764
6,a50_an,1,Alpha,2.9900726937767543
6,a50_an,2,Alpha,3.7729097429157616
6,a50_an,3,Alpha,6.213076262002145
6,a50_an,4,Alpha,5.980262086488585
6,a50_an,5,Alpha,0.6108433784549762
6,a50_an,6,Alpha,0.4524528170310194
6,a50_an,7,Alpha,5.356593525609483
6,a50_an,8,Alpha,3.982276947566934
6,a50_an,9,Alpha,4.220884851650418
6,a50_an,10,Alpha,1.4924353081173418
6,a50_an,11,Alpha,3.953480074803195
6,a50_an,12,Alpha,4.574908528002744
6,a50_an,13,Alpha,0.28429522421933906
6,a50_an,14,Alpha,4.958675470665218
6,a50_an,15,Alpha,1.2360944837525583
6,a50_an,16,Alpha,4.706978782022755
6,a50_an,17,Alpha,0.29755980290671635
6,a50_an,18,Alpha,4.449375440507142
6,a50_an,19,Alpha,1.273808061163295
6,a50_an,20,Alpha,3.7551640844914456
6,a50_an,21,Alpha,0.8280506084141471
6,a50_an,22,Alpha,6.1378136751114205
6,a50_an,23,Alpha,1.7032316436807298
6,a50_an,24,Alpha,4.143018113721999
6,a50_an,25,Alpha,0.374740636516549
6,a50_an,26,Alpha,2.4926336887489136
6,a50_an,27,Alpha,0.5133076674260196
6,a50_an,28,Alpha,2.904489261323196
6,a50_an,29,Alpha,4.755186277777213
6,a50_an,30,Alpha,5.352714777992652
6,a50_an,1,Beta,3.190142174621195
6,a50_an,2,Beta,3.2612916837494166
6,a50_an,3,Beta,0.8477244112008775
6,a50_an,4,Beta,1.9362454106050986
6,a50_an,5,Beta,4.148079107838861
6,a50_an,6,Beta,6.09608955237575
6,a50_an,7,Beta,1.054301060501249
6,a50_an,8,Beta,2.8239349116105976
6,a50_an,9,Beta,1.7523323395961117
6,a50_an,10,Beta,3.367687374603538
6,a50_an,11,Beta,4.243628442812269
6,a50_an,12,Beta,1.8185729485075575
6,a50_an,13,Beta,1.7739749642175229
6,a50_an,14,Beta,5.792984758480274
6,a50_an,15,Beta,0.333714705559208
6,a50_an,16,Beta,2.8232615325976553
6,a50_an,17,Beta,1.7789974421641994
6,a50_an,18,Beta,1.1317546044193496
6,a50_an,19,Beta,1.3895552965341764
6,a50_an,20,Beta,4.6823400958279
6,a50_an,21,Beta,2.651205709584966
6,a50_an,22,Beta,0.9910886374522966
6,a50_an,23,Beta,0.6693540156711748
6,a50_an,24,Beta,0.18515973948971842
6,a50_an,25,Beta,3.549422605256247
6,a50_an,26,Beta,3.8122112098735155
6,a50_an,27,Beta,0.7434115125798201
6,a50_an,28,Beta,3.8820672773325997
6,a50_an,29,Beta,3.2025684320726224
6,a50_an,30,Beta,4.994835100627197
7,a50_an,1,Delta,6.143121537078176
7,a50_an,2,Delta,1.7810411167467401
7,a50_an,3,Delta,1.3076808393931019
7,a50_an,4,Delta,1.9391066177140128
7,a50_an,5,Delta,4.68187686452547
7,a50_an,6,Delta,3.4884437226789475
7,a50_an,7,Delta,0.2098663606431174
7,a50_an,8,Delta,0.8289429948293031
7,a50_an,9,Delta,4.461562864824306
7,a50_an,10,Delta,1.7299192506814909
7,a50_an,11,Delta,4.857794069571209
7,a50_an,13,Delta,3.9729578162225483
7,a50_an,14,Delta,4.466701978680086
7,a50_an,15,Delta,4.597458632222264
7,a50_an,16,Delta,2.1380179331226725
7,a50_an,17,Delta,4.319616160115822
7,a50_an,18,Delta,4.102656113128795
7,a50_an,19,Delta,4.4123407660158325
7,a50_an,20,Delta,2.9151710957141317
7,a50_an,21,Delta,3.9408860882712493
7,a50_an,22,Delta,1.6313915990964276
7,a50_an,23,Delta,1.5438196948604814
7,a50_an,24,Delta,0.29989850608568874
7,a50_an,25,Delta,1.2494327882790932
7,a50_an,26,Delta,0.9272024543721421
7,a50_an,27,Delta,1.690314237577238
7,a50_an,28,Delta,2.6909104575442533
7,a50_an,29,Delta,4.207171105558584
7,a50_an,30,Delta,2.656471578936102
7,a50_an,1,Theta,2.1073251814532803
7,a50_an,2,Theta,2.7852171159463968
7,a50_an,3,Theta,2.32552439828811
7,a50_an,4,Theta,3.438032027257404
7,a50_an,5,Theta,5.276383661710136
7,a50_an,6,Theta,4.12425116311111
7,a50_an,7,Theta,5.320509354052733
7,a50_an,8,Theta,3.044614425159515
7,a50_an,9,Theta,0.16492607692757827
7,a50_an,10,Theta,2.190615803610798
7,a50_an,11,Theta,5.674827506128328
7,a50_an,13,Theta,3.645805596342852
7,a50_an,14,Theta,3.923504360286894
7,a50_an,15,Theta,6.044148657491103
7,a50_an,16,Theta,2.3007101054469272
7,a50_an,17,Theta,4.342372217654595
7,a50_an,18,Theta,3.8843040311449966
7,a50_an,19,Theta,2.4638258380985643
7,a50_an,20,Theta,2.8948295542953315
7,a50_an,21,Theta,3.382996898188977
7,a50_an,22,Theta,2.772066169057014
7,a50_an,23,Theta,1.5722542943755489
7,a50_an,24,Theta,0.3675871919594989
7,a50_an,25,Theta,6.179764465804362
7,a50_an,26,Theta,4.574165949923504
7,a50_an,27,Theta,1.7142893489187012
7,a50_an,28,Theta,3.513939608134053
7,a50_an,29,Theta,4.303988876866529
7,a50_an,30,Theta,4.197271130124097
7,a50_an,1,Alpha,3.7515311848023654
7,a50_an,2,Alpha,2.9388442623084314
7,a50_an,3,Alpha,3.244449525866781
7,a50_an,4,Alpha,3.6253880742109375
7,a50_an,5,Alpha,4.31072570492858
7,a50_an,6,Alpha,3.360081954239187
7,a50_an,7,Alpha,0.6136999672979566
7,a50_an,8,Alpha,2.1057687368970823
7,a50_an,9,Alpha,5.932616210979558
7,a50_an,10,Alpha,3.732717739694352
7,a50_an,11,Alpha,0.5935330652181793
7,a50_an,13,Alpha,0.3963959375965129
7,a50_an,14,Alpha,1.2115508896459786
7,a50_an,15,Alpha,1.3352349396119012
7,a50_an,16,Alpha,1.8399957752236409
7,a50_an,17,Alpha,1.8226201002284408
7,a50_an,18,Alpha,2.2854425422925133
7,a50_an,19,Alpha,2.036240544770002
7,a50_an,20,Alpha,1.751557390145399
7,a50_an,21,Alpha,1.7240699083599365
7,a50_an,22,Alpha,1.9206317890128273
7,a50_an,23,Alpha,3.9407032589438296
7,a50_an,24,Alpha,4.753606510469377
7,a50_an,25,Alpha,4.948364135675856
7,a50_an,26,Alpha,3.46438892907772
7,a50_an,27,Alpha,6.0952661734081675
7,a50_an,28,Alpha,4.706571626003753
7,a50_an,29,Alpha,5.839154562912671
7,a50_an,30,Alpha,3.679984891497576
7,a50_an,1,Beta,1.7710215305590435
7,a50_an,2,Beta,4.16773319399719
7,a50_an,3,Beta,2.1466224198728066
7,a50_an,4,Beta,1.2048636678910198
7,a50_an,5,Beta,3.8237563557841354
7,a50_an,6,Beta,3.0857944932791277
7,a50_an,7,Beta,5.4725759535969996
7,a50_an,8,Beta,3.1535651810190335
7,a50_an,9,Beta,3.359769669991839
7,a50_an,10,Beta,3.9703779070111764
7,a50_an,11,Beta,0.7887508439537302
7,a50_an,13,Beta,2.470217627990136
7,a50_an,14,Beta,0.31833186591759244
7,a50_an,15,Beta,1.8072204585207763
7,a50_an,16,Beta,0.6317278477445528
7,a50_an,17,Beta,1.4134207525154336
7,a50_an,18,Beta,1.9599122758594991
7,a50_an,19,Beta,2.3006006712490477
7,a50_an,20,Beta,3.9916255258718523
7,a50_an,21,Beta,2.2703698629917617
7,a50_an,22,Beta,1.3366752099765515
7,a50_an,23,Beta,2.9300827123743467
7,a50_an,24,Beta,4.46976111035355
7,a50_an,25,Beta,4.453182580823616
7,a50_an,26,Beta,3.913262113254388
7,a50_an,27,Beta,5.364759389847404
7,a50_an,28,Beta,2.7529262575368225
7,a50_an,29,Beta,6.0462026655102115
7,a50_an,30,Beta,0.9573146275399007
7,a75_an,1,Delta,2.6127124109443702
7,a75_an,2,Delta,2.2891399825920002
7,a75_an,3,Delta,1.5630112320117624
7,a75_an,4,Delta,4.608660932331306
7,a75_an,5,Delta,5.3687933649573765
7,a75_an,6,Delta,4.452755693042771
7,a75_an,7,Delta,2.8152418868248206
7,a75_an,9,Delta,0.536032210185227
7,a75_an,10,Delta,1.3726682781443225
7,a75_an,11,Delta,4.856245019992307
7,a75_an,12,Delta,1.4415874264472326
7,a75_an,13,Delta,0.5809858521460511
7,a75_an,15,Delta,4.917327333212908
7,a75_an,1,Theta,2.6604674639501567
7,a75_an,2,Theta,4.033219843051765
7,a75_an,3,Theta,3.462623423334178
7,a75_an,4,Theta,4.1741054152367845
7,a75_an,5,Theta,6.151647976802114
7,a75_an,6,Theta,4.465563472351
7,a75_an,7,Theta,3.4317638242684243
7,a75_an,9,Theta,5.678787465294967
7,a75_an,10,Theta,1.3357293848026572
7,a75_an,11,Theta,3.9751190847291697
7,a75_an,12,Theta,1.3727942722162272
7,a75_an,13,Theta,0.6190117369170806
7,a75_an,15,Theta,5.424601757635415
7,a75_an,1,Alpha,5.737451713155452
7,a75_an,2,Alpha,1.4858115194550072
7,a75_an,3,Alpha,5.430574306300245
7,a75_an,4,Alpha,1.8344820144841834
7,a75_an,5,Alpha,1.4097062583600595
7,a75_an,6,Alpha,1.553589741827668
7,a75_an,7,Alpha,0.16758857025235338
7,a75_an,9,Alpha,4.759450338934769
7,a75_an,10,Alpha,1.7323649268856935
7,a75_an,11,Alpha,1.1813333057094877
7,a75_an,12,Alpha,4.812417332705599
7,a75_an,13,Alpha,0.7623042484172036
7,a75_an,15,Alpha,2.472226957784923
7,a75_an,1,Beta,0.2568434197254352
7,a75_an,2,Beta,1.8903328439780949
7,a75_an,3,Beta,0.41800614308966155
7,a75_an,4,Beta,1.7488110900113352
7,a75_an,5,Beta,3.930653029225595
7,a75_an,6,Beta,2.256641859574738
7,a75_an,7,Beta,5.57123904659735
7,a75_an,9,Beta,3.6557417268050454
7,a75_an,10,Beta,4.867232003819562
7,a75_an,11,Beta,1.6744339259305798
7,a75_an,12,Beta,0.4207159825819261
7,a75_an,13,Beta,0.7955751859062674
7,a75_an,15,Beta,2.4580014229573095
8,a75_an,1,Delta,3.444266578468112
8,a75_an,2,Delta,2.164821090951877
8,a75_an,3,Delta,1.03006076278003
8,a75_an,4,Delta,4.2092857429244805
8,a75_an,5,Delta,4.849850597002137
8,a75_an,6,Delta,3.1616407354844767
8,a75_an,7,Delta,0.3133230433424701
8,a75_an,8,Delta,4.584549172429769
8,a75_an,9,Delta,6.154465104535606
8,a75_an,10,Delta,5.200267453956549
8,a75_an,11,Delta,1.4042533862159428
8,a75_an,12,Delta,1.4111075581801789
8,a75_an,13,Delta,1.497024369126454
8,a75_an,14,Delta,2.2331812780546163
8,a75_an,15,Delta,2.3545881015311942
8,a75_an,1,Theta,3.7193077314845557
8,a75_an,2,Theta,2.6722187065379894
8,a75_an,3,Theta,2.1406065443594864
8,a75_an,4,Theta,3.9061449708046627
8,a75_an,5,Theta,4.22119920414813
8,a75_an,6,Theta,3.6503548950482285
8,a75_an,7,Theta,0.7127385218201899
8,a75_an,8,Theta,4.002068612306191
8,a75_an,9,Theta,5.606461009124391
8,a75_an,10,Theta,1.6795442967319698
8,a75_an,11,Theta,1.679042639706494
8,a75_an,12,Theta,1.633252653497375
8,a75_an,13,Theta,2.6113495797686213
8,a75_an,14,Theta,2.109095253487041
8,a75_an,15,Theta,2.8222735165399473
8,a75_an,1,Alpha,3.28363207948045
8,a75_an,2,Alpha,2.7891981096383303
8,a75_an,3,Alpha,5.643318127686768
8,a75_an,4,Alpha,3.9889166035106522
8,a75_an,5,Alpha,2.29220407901798
8,a75_an,6,Alpha,1.201730510150138
8,a75_an,7,Alpha,0.7644019314686401
8,a75_an,8,Alpha,4.1212181765454385
8,a75_an,9,Alpha,5.520483158121713
8,a75_an,10,Alpha,2.1191561386046245
8,a75_an,11,Alpha,5.908545257017895
8,a75_an,12,Alpha,1.4347851948124384
8,a75_an,13,Alpha,4.704151308638455
8,a75_an,14,Alpha,2.910847411767178
8,a75_an,15,Alpha,4.360476870777518
8,a75_an,1,Beta,3.8937920633343843
8,a75_an,2,Beta,2.6580003357405
8,a75_an,3,Beta,4.2686999861971575
8,a75_an,4,Beta,4.919583115505169
8,a75_an,5,Beta,3.1162740377694162
8,a75_an,6,Beta,1.8875839038252333
8,a75_an,7,Beta,1.3484223914837938
8,a75_an,8,Beta,4.680335531828074
8,a75_an,9,Beta,6.2259153219445755
8,a75_an,10,Beta,6.08146375265942
8,a75_an,11,Beta,5.845431850245898
8,a75_an,12,Beta,5.9195249817661875
8,a75_an,13,Beta,4.738876138900253
8,a75_an,14,Beta,4.209770357285329
8,a75_an,15,Beta,5.449796458827983
8,a50_an,1,Delta,4.5377827880333115
8,a50_an,2,Delta,3.0292795903881515
8,a50_an,3,Delta,4.767093193192481
8,a50_an,4,Delta,5.961458117190889
8,a50_an,5,Delta,1.3643449502134148
8,a50_an,6,Delta,1.1593010999384452
8,a50_an,7,Delta,2.681353652181823
8,a50_an,8,Delta,1.4669069939807542
8,a50_an,9,Delta,1.53962045271872
8,a50_an,10,Delta,4.313276811045807
8,a50_an,11,Delta,4.436468863102638
8,a50_an,12,Delta,1.5006167457446637
8,a50_an,13,Delta,1.2205071574550186
8,a50_an,14,Delta,4.444481554070109
8,a50_an,15,Delta,3.0393568135023954
8,a50_an,16,Delta,1.365287303327495
8,a50_an,17,Delta,3.460825043647366
8,a50_an,18,Delta,2.0302609640929234
8,a50_an,19,Delta,1.5974451664585487
8,a50_an,20,Delta,1.9567858804834783
8,a50_an,21,Delta,1.851065387830471
8,a50_an,22,Delta,1.9681674731192398
8,a50_an,23,Delta,3.961873219739983
8,a50_an,24,Delta,3.1659757628914567
8,a50_an,25,Delta,3.4847345847756546
8,a50_an,26,Delta,5.808401944644761
8,a50_an,27,Delta,1.5014018038660648
8,a50_an,28,Delta,4.5176865668731505
8,a50_an,29,Delta,1.8144041210281525
8,a50_an,30,Delta,1.380306707921159
8,a50_an,1,Theta,4.408078972354896
8,a50_an,2,Theta,3.362806154759188
8,a50_an,3,Theta,2.789100784478025
8,a50_an,4,Theta,5.999007625856499
8,a50_an,5,Theta,1.4614808659170881
8,a50_an,6,Theta,0.22307095157291806
8,a50_an,7,Theta,3.8320551524606876
8,a50_an,8,Theta,1.3891030839033118
8,a50_an,9,Theta,1.2873399957624132
8,a50_an,10,Theta,3.954602320059707
8,a50_an,11,Theta,4.1930519304123575
8,a50_an,12,Theta,1.3419827555586936
8,a50_an,13,Theta,5.762764935172263
8,a50_an,14,Theta,3.990711938924472
8,a50_an,15,Theta,3.009203540720347
8,a50_an,16,Theta,2.8293297352816165
8,a50_an,17,Theta,2.585280213245874
8,a50_an,18,Theta,4.06331427914909
8,a50_an,19,Theta,1.1852191872421014
8,a50_an,20,Theta,2.40966537557295
8,a50_an,21,Theta,4.005354299064584
8,a50_an,22,Theta,1.8960150230097308
8,a50_an,23,Theta,3.5818261731652794
8,a50_an,24,Theta,1.5554335788464693
8,a50_an,25,Theta,4.127189727787343
8,a50_an,26,Theta,5.637405860889359
8,a50_an,27,Theta,2.3851340297961396
8,a50_an,28,Theta,4.614700951850401
8,a50_an,29,Theta,2.158099093666279
8,a50_an,30,Theta,0.9000394710738419
8,a50_an,1,Alpha,3.5710367929378015
8,a50_an,2,Alpha,1.9069542666799562
8,a50_an,3,Alpha,5.45979132719102
8,a50_an,4,Alpha,5.059128233868636
8,a50_an,5,Alpha,0.2643390656293489
8,a50_an,6,Alpha,5.765248163023172
8,a50_an,7,Alpha,3.9258542812287525
8,a50_an,8,Alpha,2.6366861208837666
8,a50_an,9,Alpha,0.11414271403819622
8,a50_an,10,Alpha,3.7137002088980875
8,a50_an,11,Alpha,5.763569531296601
8,a50_an,12,Alpha,1.6196448831313837
8,a50_an,13,Alpha,0.2290835141544949
8,a50_an,14,Alpha,3.556472418993768
8,a50_an,15,Alpha,3.6117389943748206
8,a50_an,16,Alpha,1.3669663713710334
8,a50_an,17,Alpha,0.559665518954884
8,a50_an,18,Alpha,4.202582624376202
8,a50_an,19,Alpha,2.885542077965692
8,a50_an,20,Alpha,1.2225837464643254
8,a50_an,21,Alpha,6.2173416052222645
8,a50_an,22,Alpha,5.053414450530442
8,a50_an,23,Alpha,4.03843614707967
8,a50_an,24,Alpha,5.617806816522741
8,a50_an,25,Alpha,6.282974750417861
8,a50_an,26,Alpha,4.421860120528457
8,a50_an,27,Alpha,4.878989032958191
8,a50_an,28,Alpha,2.853048708720873
8,a50_an,29,Alpha,3.6945078018529425
8,a50_an,30,Alpha,2.781126805718499
8,a50_an,1,Beta,3.9457306385376403
8,a50_an,2,Beta,1.8984028323010587
8,a50_an,3,Beta,2.2774224158627345
8,a50_an,4,Beta,6.046227366803311
8,a50_an,5,Beta,4.406047896274353
8,a50_an,6,Beta,5.582966194968687
8,a50_an,7,Beta,0.026876825152959027
8,a50_an,8,Beta,4.041874642373373
8,a50_an,9,Beta,0.517578112943883
8,a50_an,10,Beta,4.28103633921154
8,a50_an,11,Beta,5.852117800154006
8,a50_an,12,Beta,0.4154989063921596
8,a50_an,13,Beta,1.2928115493549026
8,a50_an,14,Beta,4.651275138329614
8,a50_an,15,Beta,1.4555862848440353
8,a50_an,16,Beta,4.427462430570537
8,a50_an,17,Beta,4.700441730205383
8,a50_an,18,Beta,1.9060978624350362
8,a50_an,19,Beta,1.9977370141961195
8,a50_an,20,Beta,1.9325462586183697
8,a50_an,21,Beta,4.7666326205528975
8,a50_an,22,Beta,6.022958372495032
8,a50_an,23,Beta,4.873615452911006
8,a50_an,24,Beta,4.8315129912867505
8,a50_an,25,Beta,3.87129606903989
8,a50_an,26,Beta,0.4065823022871403
8,a50_an,27,Beta,1.090342570507539
8,a50_an,28,Beta,5.746726518624694
8,a50_an,29,Beta,3.024654460795661
8,a50_an,30,Beta,4.6521406242455665
9,a50_an,1,Delta,1.885678936481077
9,a50_an,2,Delta,3.2192040568136857
9,a50_an,3,Delta,1.7127124680829675
9,a50_an,4,Delta,0.8919440388264089
9,a50_an,5,Delta,3.919767236849613
9,a50_an,6,Delta,5.334198853613895
9,a50_an,7,Delta,3.3154882181701133
9,a50_an,8,Delta,1.311123967797789
9,a50_an,9,Delta,3.4031088031006345
9,a50_an,10,Delta,5.647459505268439
9,a50_an,11,Delta,1.4383731234929207
9,a50_an,12,Delta,1.3744950175151718
9,a50_an,13,Delta,1.9390948846069807
9,a50_an,14,Delta,1.5565166565746862
9,a50_an,15,Delta,4.057094998151547
9,a50_an,16,Delta,1.2103174722412824
9,a50_an,17,Delta,3.199633598965717
9,a50_an,18,Delta,1.7043796199654628
9,a50_an,19,Delta,1.3385170133189925
9,a50_an,20,Delta,2.0962122593438925
9,a50_an,21,Delta,4.87641101767189
9,a50_an,22,Delta,0.29245203302166256
9,a50_an,23,Delta,0.5458709903237281
9,a50_an,24,Delta,2.003732679349385
9,a50_an,25,Delta,1.5215571195012332
9,a50_an,26,Delta,2.1346744621010845
9,a50_an,27,Delta,4.6559728205439415
9,a50_an,28,Delta,4.260611710386598
9,a50_an,29,Delta,0.608318446331667
9,a50_an,30,Delta,1.551382874181759
9,a50_an,1,Theta,2.7885082640620777
9,a50_an,2,Theta,2.3731552128198783
9,a50_an,3,Theta,1.9359602703082464
9,a50_an,4,Theta,1.146213938143304
9,a50_an,5,Theta,3.983055442638468
9,a50_an,6,Theta,5.744908437036347
9,a50_an,7,Theta,3.3252690825803013
9,a50_an,8,Theta,1.168780623497029
9,a50_an,9,Theta,4.0494844453498855
9,a50_an,10,Theta,5.483685522504058
9,a50_an,11,Theta,1.2530716571271918
9,a50_an,12,Theta,0.8767939002568861
9,a50_an,13,Theta,2.832919054066963
9,a50_an,14,Theta,5.647458536361425
9,a50_an,15,Theta,3.8265631418525827
9,a50_an,16,Theta,5.714942639404624
9,a50_an,17,Theta,3.6622146898847054
9,a50_an,18,Theta,3.7124033684823456
9,a50_an,19,Theta,1.1342494945629666
9,a50_an,20,Theta,1.2984766839580808
9,a50_an,21,Theta,5.615763297493572
9,a50_an,22,Theta,4.900529775231084
9,a50_an,23,Theta,6.095776419654932
9,a50_an,24,Theta,1.212388224687607
9,a50_an,25,Theta,1.5632608463324134
9,a50_an,26,Theta,2.0017282248180663
9,a50_an,27,Theta,2.727734906514791
9,a50_an,28,Theta,4.320802722970031
9,a50_an,29,Theta,0.5030754843952905
9,a50_an,30,Theta,0.7486481450156584
9,a50_an,1,Alpha,1.4354520905952879
9,a50_an,2,Alpha,2.4105099166337447
9,a50_an,3,Alpha,0.7792992688607091
9,a50_an,4,Alpha,2.569427752588167
9,a50_an,5,Alpha,1.1672049049088153
9,a50_an,6,Alpha,0.8541981588648082
9,a50_an,7,Alpha,1.8626667043469716
9,a50_an,8,Alpha,2.2038993362448807
9,a50_an,9,Alpha,4.203105074084653
9,a50_an,10,Alpha,0.12264151491726738
9,a50_an,11,Alpha,3.9114290849190074
9,a50_an,12,Alpha,3.585164804261066
9,a50_an,13,Alpha,5.687551578594677
9,a50_an,14,Alpha,2.920967450778899
9,a50_an,15,Alpha,2.723430892296898
9,a50_an,16,Alpha,5.305896622164923
9,a50_an,17,Alpha,6.2503624931551895
9,a50_an,18,Alpha,2.8706279193276676
9,a50_an,19,Alpha,1.2112072330387929
9,a50_an,20,Alpha,5.299893035053428
9,a50_an,21,Alpha,3.8145921088969224
9,a50_an,22,Alpha,0.14062320045916313
9,a50_an,23,Alpha,2.6770878047139606
9,a50_an,24,Alpha,5.075450218536642
9,a50_an,25,Alpha,3.930510689174306
9,a50_an,26,Alpha,1.759584700362548
9,a50_an,27,Alpha,0.5565815299206316
9,a50_an,28,Alpha,1.125514206164205
9,a50_an,29,Alpha,3.5894436777783287
9,a50_an,30,Alpha,4.291983044904432
9,a50_an,1,Beta,3.5949963551260544
9,a50_an,2,Beta,3.42742820789178
9,a50_an,3,Beta,0.9575302757399597
9,a50_an,4,Beta,0.8824617445342448
9,a50_an,5,Beta,6.190521476165327
9,a50_an,6,Beta,2.4422524549531848
9,a50_an,7,Beta,4.7584476637441595
9,a50_an,8,Beta,3.7316438044658655
9,a50_an,9,Beta,4.226778653126736
9,a50_an,10,Beta,4.998748801312473
9,a50_an,11,Beta,5.0658345215547085
9,a50_an,12,Beta,3.1205516698419853
9,a50_an,13,Beta,3.420664669551603
9,a50_an,14,Beta,2.7677254205225066
9,a50_an,15,Beta,2.110842465329303
9,a50_an,16,Beta,0.5509929673951595
9,a50_an,17,Beta,0.339740307891615
9,a50_an,18,Beta,3.953013641222264
9,a50_an,19,Beta,1.4135686376107364
9,a50_an,20,Beta,5.171868542020198
9,a50_an,21,Beta,1.7964938236114119
9,a50_an,22,Beta,1.1260925545109568
9,a50_an,23,Beta,2.0160697196336463
9,a50_an,24,Beta,5.052460556693752
9,a50_an,25,Beta,4.581033263801674
9,a50_an,26,Beta,1.042174650826838
9,a50_an,27,Beta,2.767115740146366
9,a50_an,28,Beta,5.9495710400206
9,a50_an,29,Beta,2.480268783339374
9,a50_an,30,Beta,3.7384404914581713
9,a75_an,1,Delta,1.4964263951789054
9,a75_an,2,Delta,1.7268389836333713
9,a75_an,3,Delta,1.5082670430375178
9,a75_an,4,Delta,1.2186042332731963
9,a75_an,5,Delta,1.3183849172458775
9,a75_an,6,Delta,0.8569638872903402
9,a75_an,7,Delta,1.5851629268728182
9,a75_an,8,Delta,1.6524086181693813
9,a75_an,10,Delta,5.329762486805464
9,a75_an,11,Delta,0.07857882302051002
9,a75_an,12,Delta,1.928107293127378
9,a75_an,13,Delta,5.179832099648131
9,a75_an,14,Delta,0.5796451001434617
9,a75_an,15,Delta,2.1123210204143428
9,a75_an,1,Theta,1.9663825158028796
9,a75_an,2,Theta,1.2823226106556278
9,a75_an,3,Theta,1.421870768325784
9,a75_an,4,Theta,2.240682792534169
9,a75_an,5,Theta,0.4154441802083211
9,a75_an,6,Theta,0.9057807685234144
9,a75_an,7,Theta,1.3729876066325282
9,a75_an,8,Theta,5.363900011638606
9,a75_an,10,Theta,5.9208183574171045
9,a75_an,11,Theta,0.18730392535038023
9,a75_an,12,Theta,0.22719261337916277
9,a75_an,13,Theta,5.242471527429553
9,a75_an,14,Theta,5.550124231551816
9,a75_an,15,Theta,4.910012054977227
9,a75_an,1,Alpha,0.6378954849211891
9,a75_an,2,Alpha,1.1151319104040283
9,a75_an,3,Alpha,6.249324644190676
9,a75_an,4,Alpha,2.9011607454375437
9,a75_an,5,Alpha,0.3130939209153467
9,a75_an,6,Alpha,5.906296779206835
9,a75_an,7,Alpha,4.822552133723835
9,a75_an,8,Alpha,4.859127218252948
9,a75_an,10,Alpha,5.495425123834673
9,a75_an,11,Alpha,3.7838996733588317
9,a75_an,12,Alpha,0.7432964506299818
9,a75_an,13,Alpha,4.060229732253954
9,a75_an,14,Alpha,4.235165504284938
9,a75_an,15,Alpha,4.828606026891735
9,a75_an,1,Beta,0.5996372703468371
9,a75_an,2,Beta,1.0059899251679236
9,a75_an,3,Beta,3.3845037482929383
9,a75_an,4,Beta,1.806604135633416
9,a75_an,5,Beta,2.364968759215441
9,a75_an,6,Beta,5.514015502236609
9,a75_an,7,Beta,3.736886298647422
9,a75_an,8,Beta,5.5414708137053115
9,a75_an,10,Beta,6.183679556348053
9,a75_an,11,Beta,0.5977786455261268
9,a75_an,12,Beta,3.7411115025115764
9,a75_an,13,Beta,0.654006066070871
9,a75_an,14,Beta,2.615476644939384
9,a75_an,15,Beta,0.5571104386446444
