subject,condition,trial,band,angle_rad
10,ia_a,1,Delta,4.167444986351926
10,ia_a,2,Delta,1.9466527525329596
10,ia_a,3,Delta,4.642242602444133
10,ia_a,4,Delta,1.3658532100163152
10,ia_a,5,Delta,1.45018164530357
10,ia_a,6,Delta,5.632958882011645
10,ia_a,7,Delta,1.0665528462416871
10,ia_a,8,Delta,4.47836211875273
10,ia_a,9,Delta,1.26962661078789
10,ia_a,10,Delta,1.9864268221933372
10,ia_a,11,Delta,1.4929686045504416
10,ia_a,12,Delta,4.7835410385594175
10,ia_a,13,Delta,2.7996987216538454
10,ia_a,14,Delta,1.7039753548005718
10,ia_a,15,Delta,2.756970263400085
10,ia_a,16,Delta,1.2079869644949526
10,ia_a,17,Delta,1.171503929272459
10,ia_a,18,Delta,4.837751504885558
10,ia_a,19,Delta,4.227522506591797
10,ia_a,20,Delta,0.9778978608657953
10,ia_a,21,Delta,5.262628168400141
10,ia_a,22,Delta,1.9706257940100302
10,ia_a,23,Delta,2.111215765417723
10,ia_a,24,Delta,2.818003654669621
10,ia_a,25,Delta,1.8216787081205437
10,ia_a,26,Delta,4.490060155912074
10,ia_a,27,Delta,3.930787691726168
10,ia_a,28,Delta,3.260806249802104
10,ia_a,29,Delta,2.7686008272769165
10,ia_a,30,Delta,2.1101048426642457
10,ia_a,31,Delta,5.093049910399618
10,ia_a,32,Delta,0.1913509664609955
10,ia_a,33,Delta,1.4909829090133835
10,ia_a,34,Delta,0.5652385779186532
10,ia_a,35,Delta,2.018445945278762
10,ia_a,36,Delta,1.4139068113813262
10,ia_a,37,Delta,1.4934535368324011
10,ia_a,38,Delta,0.7075056063322518
10,ia_a,39,Delta,4.806345281889834
10,ia_a,40,Delta,5.701220016752794
10,ia_a,41,Delta,0.3707954921511619
10,ia_a,42,Delta,5.776325795292498
10,ia_a,43,Delta,3.678203437392181
10,ia_a,44,Delta,1.3248467084569797
10,ia_a,45,Delta,4.6520618753636205
10,ia_a,46,Delta,1.737044418682433
10,ia_a,47,Delta,1.6399845240086481
10,ia_a,48,Delta,2.2132236948086774
10,ia_a,49,Delta,4.5216319845179065
10,ia_a,50,Delta,4.677817982757274
10,ia_a,51,Delta,1.6186031188074967
10,ia_a,52,Delta,1.7689127085815544
10,ia_a,53,Delta,3.4394296848477075
10,ia_a,54,Delta,1.1911864104866263
10,ia_a,55,Delta,4.746160540270997
10,ia_a,56,Delta,4.5800893865730545
10,ia_a,57,Delta,4.622751182336393
10,ia_a,58,Delta,5.363099635425967
10,ia_a,59,Delta,2.3917112646500813
10,ia_a,60,Delta,4.1116955953884275
10,ia_a,1,Theta,4.610117752531705
10,ia_a,2,Theta,1.7736196186693929
10,ia_a,3,Theta,5.133206114244622
10,ia_a,4,Theta,1.326067751986286
10,ia_a,5,Theta,1.104544125796258
10,ia_a,6,Theta,5.381803156140531
10,ia_a,7,Theta,0.4298358279493396
10,ia_a,8,Theta,4.058719818864355
10,ia_a,9,Theta,5.917629976877135
10,ia_a,10,Theta,2.6257958051145236
10,ia_a,11,Theta,2.73425020464826
10,ia_a,12,Theta,0.36493775251057065
10,ia_a,13,Theta,4.2242083325078665
10,ia_a,14,Theta,3.4289021481978557
10,ia_a,15,Theta,3.1252715431788127
10,ia_a,16,Theta,1.0782219476692103
10,ia_a,17,Theta,0.7390228460146817
10,ia_a,18,Theta,5.823058319461866
10,ia_a,19,Theta,4.182370790706057
10,ia_a,20,Theta,5.4757857198665345
10,ia_a,21,Theta,6.006222895756927
10,ia_a,22,Theta,2.7054898407710146
10,ia_a,23,Theta,2.9284669589765713
10,ia_a,24,Theta,1.2940700335096436
10,ia_a,25,Theta,1.663783577494089
10,ia_a,26,Theta,0.7798917266038009
10,ia_a,27,Theta,6.049045007140573
10,ia_a,28,Theta,3.384832944076255
10,ia_a,29,Theta,3.5105671543255017
10,ia_a,30,Theta,2.5817856868176006
10,ia_a,31,Theta,1.0708897104924677
10,ia_a,32,Theta,5.91449583742922
10,ia_a,33,Theta,0.5803156374058859
10,ia_a,34,Theta,0.1651494103022935
10,ia_a,35,Theta,2.702642971615497
10,ia_a,36,Theta,1.3711393134757592
10,ia_a,37,Theta,1.636138844163094
10,ia_a,38,Theta,0.03522842824963828
10,ia_a,39,Theta,4.179573950409507
10,ia_a,40,Theta,0.7529320447136942
10,ia_a,41,Theta,0.6859373721639263
10,ia_a,42,Theta,0.019177156516648922
10,ia_a,43,Theta,2.126381466571669
10,ia_a,44,Theta,0.39939971804173124
10,ia_a,45,Theta,4.54404477842136
10,ia_a,46,Theta,5.918031886484854
10,ia_a,47,Theta,1.4375591014382572
10,ia_a,48,Theta,1.358130283557698
10,ia_a,49,Theta,3.3258116501106123
10,ia_a,50,Theta,5.740285140012207
10,ia_a,51,Theta,1.8339956953452323
10,ia_a,52,Theta,1.6974530551795812
10,ia_a,53,Theta,2.934164421284458
10,ia_a,54,Theta,0.26309312119582534
10,ia_a,55,Theta,4.503150540838322
10,ia_a,56,Theta,5.438437481237456
10,ia_a,57,Theta,3.4469564774161947
10,ia_a,58,Theta,5.565324757101946
10,ia_a,59,Theta,2.34963126790331
10,ia_a,60,Theta,3.0848538538151162
10,ia_a,1,Alpha,5.090624642356405
10,ia_a,2,Alpha,0.5973833542027831
10,ia_a,3,Alpha,2.293951135317748
10,ia_a,4,Alpha,1.0050048829881195
10,ia_a,5,Alpha,0.4139353458007249
10,ia_a,6,Alpha,4.792872305694043
10,ia_a,7,Alpha,0.6915991118211323
10,ia_a,8,Alpha,1.929540756509342
10,ia_a,9,Alpha,4.5968149550093385
10,ia_a,10,Alpha,5.504127181840658
10,ia_a,11,Alpha,3.3064322906926646
10,ia_a,12,Alpha,5.483323427620182
10,ia_a,13,Alpha,6.230383502975403
10,ia_a,14,Alpha,4.399563604793124
10,ia_a,15,Alpha,4.785275316158419
10,ia_a,16,Alpha,6.14150543678014
10,ia_a,17,Alpha,1.6813790576204715
10,ia_a,18,Alpha,0.4857535518635174
10,ia_a,19,Alpha,4.29760756783636
10,ia_a,20,Alpha,4.080893049578463
10,ia_a,21,Alpha,6.225374686427386
10,ia_a,22,Alpha,4.635845181126797
10,ia_a,23,Alpha,2.3121105042683476
10,ia_a,24,Alpha,2.6615190648357863
10,ia_a,25,Alpha,2.4561679152139
10,ia_a,26,Alpha,6.18620133910762
10,ia_a,27,Alpha,0.11921599844241772
10,ia_a,28,Alpha,3.0972064248561684
10,ia_a,29,Alpha,4.116800198674918
10,ia_a,30,Alpha,2.6975128339801344
10,ia_a,31,Alpha,2.0095022994581577
10,ia_a,32,Alpha,3.3397183461598017
10,ia_a,33,Alpha,6.072865180063863
10,ia_a,34,Alpha,0.26189592977198384
10,ia_a,35,Alpha,3.1357509764291502
10,ia_a,36,Alpha,1.0553741409263715
10,ia_a,37,Alpha,1.1471221515067003
10,ia_a,38,Alpha,5.5598221056821355
10,ia_a,39,Alpha,1.7526161896841606
10,ia_a,40,Alpha,1.876974281218426
10,ia_a,41,Alpha,1.1016190965401933
10,ia_a,42,Alpha,1.646718233835614
10,ia_a,43,Alpha,6.189563930327773
10,ia_a,44,Alpha,4.8755137281429395
10,ia_a,45,Alpha,3.6166509916272465
10,ia_a,46,Alpha,5.655432471264989
10,ia_a,47,Alpha,5.816185777064084
10,ia_a,48,Alpha,2.425194510214139
10,ia_a,49,Alpha,1.7139990045561369
10,ia_a,50,Alpha,5.917080524534374
10,ia_a,51,Alpha,3.2377293736004282
10,ia_a,52,Alpha,0.46707606706234095
10,ia_a,53,Alpha,3.598265405204914
10,ia_a,54,Alpha,1.4741628877556898
10,ia_a,55,Alpha,2.124643510972386
10,ia_a,56,Alpha,5.314135638647078
10,ia_a,57,Alpha,3.908089592444121
10,ia_a,58,Alpha,2.0986858208409878
10,ia_a,59,Alpha,2.44018546924382
10,ia_a,60,Alpha,2.188200482450426
10,ia_a,1,Beta,3.1816228882258604
10,ia_a,2,Beta,3.1037243588569776
10,ia_a,3,Beta,5.75951058032076
10,ia_a,4,Beta,6.273717647729739
10,ia_a,5,Beta,0.34324261781497717
10,ia_a,6,Beta,5.418599935828808
10,ia_a,7,Beta,3.7000567864416567
10,ia_a,8,Beta,5.550110120596912
10,ia_a,9,Beta,3.113948671160015
10,ia_a,10,Beta,2.806515108416749
10,ia_a,11,Beta,3.7224126307711605
10,ia_a,12,Beta,5.551635291002239
10,ia_a,13,Beta,3.9212509229431367
10,ia_a,14,Beta,2.8803341704464636
10,ia_a,15,Beta,1.6798362122609372
10,ia_a,16,Beta,4.974765011740986
10,ia_a,17,Beta,5.187461579635322
10,ia_a,18,Beta,2.6176427904223183
10,ia_a,19,Beta,5.171330579317013
10,ia_a,20,Beta,1.7653513678578188
10,ia_a,21,Beta,6.069042630245208
10,ia_a,22,Beta,5.6756998520389255
10,ia_a,23,Beta,2.4819553915028734
10,ia_a,24,Beta,3.4291766780867046
10,ia_a,25,Beta,3.9256689207937754
10,ia_a,26,Beta,4.771984043280559
10,ia_a,27,Beta,0.8799863073810452
10,ia_a,28,Beta,5.254374131509046
10,ia_a,29,Beta,4.851741827486353
10,ia_a,30,Beta,4.705782710537012
10,ia_a,31,Beta,0.8213009781240757
10,ia_a,32,Beta,2.80264502904818
10,ia_a,33,Beta,2.4616553072553815
10,ia_a,34,Beta,5.406229132464385
10,ia_a,35,Beta,1.0905753650448236
10,ia_a,36,Beta,6.08193861998652
10,ia_a,37,Beta,4.773767548355568
10,ia_a,38,Beta,4.756163038121592
10,ia_a,39,Beta,3.42960104295385
10,ia_a,40,Beta,5.26425729769594
10,ia_a,41,Beta,0.8513137181941567
10,ia_a,42,Beta,3.7801514863638506
10,ia_a,43,Beta,2.1381253043787294
10,ia_a,44,Beta,1.5611078269444838
10,ia_a,45,Beta,1.7283288625782727
10,ia_a,46,Beta,3.2797867025006893
10,ia_a,47,Beta,3.098914036635124
10,ia_a,48,Beta,1.0235934243796636
10,ia_a,49,Beta,3.9801380677047407
10,ia_a,50,Beta,3.121414407143837
10,ia_a,51,Beta,5.109856615852173
10,ia_a,52,Beta,4.477552969375967
10,ia_a,53,Beta,4.904832902970721
10,ia_a,54,Beta,4.692296664765436
10,ia_a,55,Beta,2.1656952742496838
10,ia_a,56,Beta,4.109380682495674
10,ia_a,57,Beta,2.8945362893758584
10,ia_a,58,Beta,4.3758387765980125
10,ia_a,59,Beta,1.680519658598237
10,ia_a,60,Beta,0.7889877510765254
11,ia_a,1,Delta,5.808976579280922
11,ia_a,2,Delta,1.7939245981578091
11,ia_a,3,Delta,1.9392243687581816
11,ia_a,4,Delta,1.1510075705812617
11,ia_a,5,Delta,4.91640102674392
11,ia_a,6,Delta,6.034234813192843
11,ia_a,7,Delta,1.6655151505370467
11,ia_a,8,Delta,5.091387188193089
11,ia_a,9,Delta,5.885148650160815
11,ia_a,10,Delta,5.399632843781961
11,ia_a,11,Delta,0.7937745306681663
11,ia_a,12,Delta,5.043514866398384
11,ia_a,13,Delta,1.4725820850708213
11,ia_a,14,Delta,0.9297454244141686
11,ia_a,15,Delta,1.2647488316960467
11,ia_a,16,Delta,1.3642098599183903
11,ia_a,17,Delta,2.520791675892233
11,ia_a,18,Delta,1.4413633229033573
11,ia_a,19,Delta,4.3197590931906715
11,ia_a,20,Delta,5.133030015368304
11,ia_a,21,Delta,0.6373838430047314
11,ia_a,22,Delta,5.71283599313358
11,ia_a,23,Delta,5.736341259129837
11,ia_a,24,Delta,0.7100941740994647
11,ia_a,25,Delta,0.22231041663575937
11,ia_a,26,Delta,2.5292211895011385
11,ia_a,27,Delta,5.32909556947909
11,ia_a,28,Delta,4.6958079291021395
11,ia_a,29,Delta,1.7562953208927137
11,ia_a,30,Delta,4.9301494405030475
11,ia_a,32,Delta,1.0503246140253084
11,ia_a,33,Delta,3.0300815584558816
11,ia_a,34,Delta,4.335177937582449
11,ia_a,35,Delta,6.042321024475018
11,ia_a,36,Delta,1.3766436324150506
11,ia_a,37,Delta,0.095686927023374
11,ia_a,38,Delta,1.0052796051165251
11,ia_a,39,Delta,1.7998123418531335
11,ia_a,40,Delta,0.3497734502299228
11,ia_a,41,Delta,5.3010649894035105
11,ia_a,42,Delta,1.382229521086846
11,ia_a,43,Delta,3.084321820327231
11,ia_a,44,Delta,2.5782865044198036
11,ia_a,45,Delta,1.601205778923458
11,ia_a,46,Delta,1.4737249697362758
11,ia_a,47,Delta,1.425662470831616
11,ia_a,48,Delta,1.2296944448788323
11,ia_a,49,Delta,2.0839797418617754
11,ia_a,50,Delta,1.7061748944010013
11,ia_a,51,Delta,1.2364181609832066
11,ia_a,52,Delta,0.5519679735463143
11,ia_a,53,Delta,0.7204742967233807
11,ia_a,54,Delta,1.2616834149332625
11,ia_a,55,Delta,1.367678914709512
11,ia_a,56,Delta,4.6106968776157355
11,ia_a,57,Delta,5.612461391132546
11,ia_a,58,Delta,4.964650007672083
11,ia_a,59,Delta,0.21028261763462353
11,ia_a,60,Delta,0.521117149839813
11,ia_a,1,Theta,0.19327342457832872
11,ia_a,2,Theta,2.005149318554786
11,ia_a,3,Theta,4.6645780240624015
11,ia_a,4,Theta,1.3171678814655259
11,ia_a,5,Theta,5.201861503899496
11,ia_a,6,Theta,5.117930603723658
11,ia_a,7,Theta,3.49329547930959
11,ia_a,8,Theta,4.684284453553337
11,ia_a,9,Theta,5.27704769466364
11,ia_a,10,Theta,5.07446950205882
11,ia_a,11,Theta,1.9963369578591996
11,ia_a,12,Theta,5.021044444698051
11,ia_a,13,Theta,2.257971783633847
11,ia_a,14,Theta,4.573749656132396
11,ia_a,15,Theta,5.66446854159242
11,ia_a,16,Theta,2.0984625366726473
11,ia_a,17,Theta,2.066116197350653
11,ia_a,18,Theta,3.1465454835549163
11,ia_a,19,Theta,2.2470673198455824
11,ia_a,20,Theta,5.659828322783111
11,ia_a,21,Theta,4.8764326824155
11,ia_a,22,Theta,5.342227484599094
11,ia_a,23,Theta,4.791733490206197
11,ia_a,24,Theta,0.5339312946771297
11,ia_a,25,Theta,1.588000081637421
11,ia_a,26,Theta,3.448949778767122
11,ia_a,27,Theta,5.617508427292575
11,ia_a,28,Theta,4.195527198301324
11,ia_a,29,Theta,2.122899072040713
11,ia_a,30,Theta,4.662136331492352
11,ia_a,32,Theta,0.17706164011280254
11,ia_a,33,Theta,2.8719164110641997
11,ia_a,34,Theta,4.8331494118770735
11,ia_a,35,Theta,4.98058055955158
11,ia_a,36,Theta,5.990579479586356
11,ia_a,37,Theta,1.2771226201151378
11,ia_a,38,Theta,0.008813444281034836
11,ia_a,39,Theta,2.875543974627921
11,ia_a,40,Theta,4.928155177026431
11,ia_a,41,Theta,5.735987748530799
11,ia_a,42,Theta,1.8130996610587131
11,ia_a,43,Theta,4.056595590087431
11,ia_a,44,Theta,3.194499317561836
11,ia_a,45,Theta,5.743066728495704
11,ia_a,46,Theta,2.40662616766713
11,ia_a,47,Theta,1.1734493954359297
11,ia_a,48,Theta,2.3918343029354836
11,ia_a,49,Theta,4.605906417895556
11,ia_a,50,Theta,1.8164722742973531
11,ia_a,51,Theta,1.748875333662522
11,ia_a,52,Theta,5.914617250991331
11,ia_a,53,Theta,4.429157687248782
11,ia_a,54,Theta,0.911298377006247
11,ia_a,55,Theta,0.8250400954779995
11,ia_a,56,Theta,3.4304797904566193
11,ia_a,57,Theta,1.6965745532053973
11,ia_a,58,Theta,5.156546321827966
11,ia_a,59,Theta,3.2753643619472554
11,ia_a,60,Theta,6.2287572814569
11,ia_a,1,Alpha,1.152756752401851
11,ia_a,2,Alpha,1.6293361891419298
11,ia_a,3,Alpha,5.9682097787653365
11,ia_a,4,Alpha,3.4210857510948554
11,ia_a,5,Alpha,5.515280011472888
11,ia_a,6,Alpha,4.2577976430690345
11,ia_a,7,Alpha,1.0327912764387348
11,ia_a,8,Alpha,5.691582494094399
11,ia_a,9,Alpha,5.299277206352739
11,ia_a,10,Alpha,4.703686254390041
11,ia_a,11,Alpha,2.8945432973892538
11,ia_a,12,Alpha,2.6863157922534255
11,ia_a,13,Alpha,3.2940562619603497
11,ia_a,14,Alpha,4.265631463715692
11,ia_a,15,Alpha,5.147902518134329
11,ia_a,16,Alpha,4.28320287888717
11,ia_a,17,Alpha,0.9859951364858632
11,ia_a,18,Alpha,3.3307895779924293
11,ia_a,19,Alpha,1.6327849340893361
11,ia_a,20,Alpha,0.4274543312806998
11,ia_a,21,Alpha,4.815676231105177
11,ia_a,22,Alpha,4.85731831395786
11,ia_a,23,Alpha,3.7877810238739675
11,ia_a,24,Alpha,0.6265148359967567
11,ia_a,25,Alpha,2.292336692355908
11,ia_a,26,Alpha,2.799161546870756
11,ia_a,27,Alpha,6.250912541387249
11,ia_a,28,Alpha,4.3258592116679955
11,ia_a,29,Alpha,0.9196688869081778
11,ia_a,30,Alpha,4.184909040579553
11,ia_a,32,Alpha,5.537554600811325
11,ia_a,33,Alpha,4.771589242439023
11,ia_a,34,Alpha,1.7440594646855052
11,ia_a,35,Alpha,5.64027372205351
11,ia_a,36,Alpha,0.2362226421875339
11,ia_a,37,Alpha,1.6041910884927943
11,ia_a,38,Alpha,0.0014432848229900667
11,ia_a,39,Alpha,3.562526134910248
11,ia_a,40,Alpha,5.284949661901598
11,ia_a,41,Alpha,0.3917720799792303
11,ia_a,42,Alpha,3.2500327036104983
11,ia_a,43,Alpha,4.8571068588352935
11,ia_a,44,Alpha,2.761942559360482
11,ia_a,45,Alpha,5.747219512780772
11,ia_a,46,Alpha,2.1719074735287762
11,ia_a,47,Alpha,0.2804240857221594
11,ia_a,48,Alpha,2.5698413063046663
11,ia_a,49,Alpha,4.97500434322011
11,ia_a,50,Alpha,0.47760479874723616
11,ia_a,51,Alpha,1.7628837134773891
11,ia_a,52,Alpha,2.3678627810039434
11,ia_a,53,Alpha,4.834748903331366
11,ia_a,54,Alpha,2.0674093465053436
11,ia_a,55,Alpha,0.19692279985426733
11,ia_a,56,Alpha,3.2327628542999474
11,ia_a,57,Alpha,0.5569200172325709
11,ia_a,58,Alpha,5.31549939577176
11,ia_a,59,Alpha,1.6807690909373023
11,ia_a,60,Alpha,5.926892182937528
11,ia_a,1,Beta,6.18864281321823
11,ia_a,2,Beta,3.8647684394941173
11,ia_a,3,Beta,3.7483602043213438
11,ia_a,4,Beta,4.153063942610495
11,ia_a,5,Beta,1.1631625911931518
11,ia_a,6,Beta,2.5494299581451934
11,ia_a,7,Beta,2.4145474327607026
11,ia_a,8,Beta,5.067213173086403
11,ia_a,9,Beta,5.512940117458658
11,ia_a,10,Beta,2.818929900828258
11,ia_a,11,Beta,6.211277981296666
11,ia_a,12,Beta,1.246470520705595
11,ia_a,13,Beta,2.1157367310759545
11,ia_a,14,Beta,3.989568612195745
11,ia_a,15,Beta,4.056462298712399
11,ia_a,16,Beta,5.187284437535284
11,ia_a,17,Beta,2.685005740391851
11,ia_a,18,Beta,1.7744072510299582
11,ia_a,19,Beta,2.543722233562688
11,ia_a,20,Beta,6.104185731953007
11,ia_a,21,Beta,5.562965521160755
11,ia_a,22,Beta,0.12556165500528066
11,ia_a,23,Beta,3.5004087877325745
11,ia_a,24,Beta,1.0404070495595827
11,ia_a,25,Beta,1.0536180851161296
11,ia_a,26,Beta,3.3307840122038415
11,ia_a,27,Beta,4.122625410052503
11,ia_a,28,Beta,2.7033498478404296
11,ia_a,29,Beta,2.3298424804050413
11,ia_a,30,Beta,1.757256695184384
11,ia_a,32,Beta,1.8771375616855694
11,ia_a,33,Beta,0.06465402996519945
11,ia_a,34,Beta,5.204270947662069
11,ia_a,35,Beta,1.7784516679802393
11,ia_a,36,Beta,0.17195342958775053
11,ia_a,37,Beta,3.53309192388011
11,ia_a,38,Beta,0.18963261043806648
11,ia_a,39,Beta,1.413019249977077
11,ia_a,40,Beta,5.035863663552398
11,ia_a,41,Beta,5.11454358768937
11,ia_a,42,Beta,0.7910658801745747
11,ia_a,43,Beta,2.092843103604945
11,ia_a,44,Beta,3.9375653412605396
11,ia_a,45,Beta,3.3336436185640026
11,ia_a,46,Beta,1.7251912914592267
11,ia_a,47,Beta,0.7266999448933794
11,ia_a,48,Beta,1.3875485413342448
11,ia_a,49,Beta,4.341224335143139
11,ia_a,50,Beta,2.575416906532343
11,ia_a,51,Beta,5.230604618958716
11,ia_a,52,Beta,3.5319741497463464
11,ia_a,53,Beta,0.0019765572053089568
11,ia_a,54,Beta,5.311349515647907
11,ia_a,55,Beta,5.656651221390598
11,ia_a,56,Beta,4.301738468625095
11,ia_a,57,Beta,1.2529779793987137
11,ia_a,58,Beta,1.3016432757013516
11,ia_a,59,Beta,1.8061177346439097
11,ia_a,60,Beta,4.645893817832874
12,ia_a,1,Delta,5.178360378346836
12,ia_a,2,Delta,3.7896462481122257
12,ia_a,3,Delta,4.2483016694120455
12,ia_a,4,Delta,1.7385130643668574
12,ia_a,6,Delta,2.9115206953183117
12,ia_a,7,Delta,4.511753097071165
12,ia_a,8,Delta,0.8868374004808461
12,ia_a,9,Delta,5.624140404178022
12,ia_a,10,Delta,6.254805766951888
12,ia_a,11,Delta,1.5206897046869872
12,ia_a,12,Delta,4.265530002819807
12,ia_a,13,Delta,0.1296345928674902
12,ia_a,14,Delta,1.427107494527271
12,ia_a,15,Delta,1.6317627637431475
12,ia_a,16,Delta,4.949306028801351
12,ia_a,17,Delta,1.5157462982136103
12,ia_a,18,Delta,4.592802922629653
12,ia_a,19,Delta,1.4853309162772883
12,ia_a,20,Delta,2.0452853127989026
12,ia_a,21,Delta,6.185346929591605
12,ia_a,22,Delta,4.931968347282618
12,ia_a,23,Delta,2.4788560630258543
12,ia_a,24,Delta,4.585668086849848
12,ia_a,25,Delta,1.6253681092004495
12,ia_a,26,Delta,2.0647784837740293
12,ia_a,27,Delta,0.9035983307937784
12,ia_a,28,Delta,2.1210359792354034
12,ia_a,29,Delta,2.0127617004695675
12,ia_a,30,Delta,0.1255162387634957
12,ia_a,31,Delta,4.61169589192988
12,ia_a,32,Delta,4.310571950410337
12,ia_a,33,Delta,2.2639832094204797
12,ia_a,34,Delta,3.9294391644493545
12,ia_a,35,Delta,0.7397531362856336
12,ia_a,36,Delta,2.1168185598699636
12,ia_a,37,Delta,5.206119291691171
12,ia_a,38,Delta,3.695406435874407
12,ia_a,39,Delta,1.6342827361302024
12,ia_a,40,Delta,0.6438220729821011
12,ia_a,41,Delta,4.88976122640972
12,ia_a,42,Delta,3.642374118244665
12,ia_a,43,Delta,0.9028712794277922
12,ia_a,44,Delta,0.08783686906461245
12,ia_a,45,Delta,1.5326197134936037
12,ia_a,46,Delta,0.9331965539274306
12,ia_a,47,Delta,4.928565426638098
12,ia_a,48,Delta,0.6674286635294584
12,ia_a,49,Delta,1.1892533545192152
12,ia_a,50,Delta,0.21520424729698806
12,ia_a,51,Delta,3.6126592874560775
12,ia_a,52,Delta,1.5847519852973244
12,ia_a,53,Delta,1.4149665581991782
12,ia_a,54,Delta,1.576986115843169
12,ia_a,55,Delta,0.8662493566328815
12,ia_a,56,Delta,1.2450581369822884
12,ia_a,57,Delta,2.9074157994069987
12,ia_a,58,Delta,4.10562008921103
12,ia_a,59,Delta,1.429048984379522
12,ia_a,60,Delta,1.8442932107700791
12,ia_a,1,Theta,6.099048043507988
12,ia_a,2,Theta,3.5791727271708647
12,ia_a,3,Theta,4.235648677392982
12,ia_a,4,Theta,2.8172734795587453
12,ia_a,6,Theta,2.5262327343568254
12,ia_a,7,Theta,3.677652465471103
12,ia_a,8,Theta,1.2278607724395858
12,ia_a,9,Theta,0.3143657317313893
12,ia_a,10,Theta,6.051375952941285
12,ia_a,11,Theta,3.8023181709385083
12,ia_a,12,Theta,1.5506348799916096
12,ia_a,13,Theta,0.7166722453216104
12,ia_a,14,Theta,1.6178242510686194
12,ia_a,15,Theta,4.648711663543403
12,ia_a,16,Theta,5.2603098916159325
12,ia_a,17,Theta,1.2573737067479858
12,ia_a,18,Theta,4.272969234692521
12,ia_a,19,Theta,1.327133210215391
12,ia_a,20,Theta,3.0745488559110847
12,ia_a,21,Theta,0.8306644895392696
12,ia_a,22,Theta,5.747810563572324
12,ia_a,23,Theta,3.0041249600039683
12,ia_a,24,Theta,3.773896341848272
12,ia_a,25,Theta,2.176437991323107
12,ia_a,26,Theta,2.2609544518263975
12,ia_a,27,Theta,1.0662398263069992
12,ia_a,28,Theta,1.9367457215568948
12,ia_a,29,Theta,3.1903202692212043
12,ia_a,30,Theta,5.056831956791486
12,ia_a,31,Theta,5.261131390034535
12,ia_a,32,Theta,1.3443088332572162
12,ia_a,33,Theta,2.766236045699318
12,ia_a,34,Theta,2.8633510366049095
12,ia_a,35,Theta,0.8993877361705973
12,ia_a,36,Theta,3.8966090281134127
12,ia_a,37,Theta,5.399358804399679
12,ia_a,38,Theta,1.9622986331742565
12,ia_a,39,Theta,2.422126567656631
12,ia_a,40,Theta,0.9905729947750018
12,ia_a,41,Theta,4.80829515276241
12,ia_a,42,Theta,2.2197361141958316
12,ia_a,43,Theta,1.6534466275093402
12,ia_a,44,Theta,5.8075787929395535
12,ia_a,45,Theta,0.9322332767332557
12,ia_a,46,Theta,0.7312483934611097
12,ia_a,47,Theta,5.304349853161605
12,ia_a,48,Theta,0.7855853633499156
12,ia_a,49,Theta,0.624657780101751
12,ia_a,50,Theta,1.275183292279399
12,ia_a,51,Theta,4.836294798238391
12,ia_a,52,Theta,2.342208419055658
12,ia_a,53,Theta,1.0248951732451592
12,ia_a,54,Theta,5.138972625456269
12,ia_a,55,Theta,0.8802021107872757
12,ia_a,56,Theta,0.9187959360590553
12,ia_a,57,Theta,3.3631971214426635
12,ia_a,58,Theta,5.302081550472032
12,ia_a,59,Theta,0.7481271654338768
12,ia_a,60,Theta,1.6661570117216078
12,ia_a,1,Alpha,5.913522650401279
12,ia_a,2,Alpha,2.5122614704970383
12,ia_a,3,Alpha,3.1163962456766194
12,ia_a,4,Alpha,3.6735816725923303
12,ia_a,6,Alpha,2.2604439539600123
12,ia_a,7,Alpha,2.263922046568425
12,ia_a,8,Alpha,2.669740453635118
12,ia_a,9,Alpha,0.9919844701785625
12,ia_a,10,Alpha,6.152561828241518
12,ia_a,11,Alpha,4.3398529628685045
12,ia_a,12,Alpha,0.97143314222622
12,ia_a,13,Alpha,0.858111170101225
12,ia_a,14,Alpha,3.6455713125316804
12,ia_a,15,Alpha,0.2092933032337059
12,ia_a,16,Alpha,4.131488434395563
12,ia_a,17,Alpha,0.6059996062375782
12,ia_a,18,Alpha,3.39714029092128
12,ia_a,19,Alpha,0.7862157614554218
12,ia_a,20,Alpha,2.533885764273853
12,ia_a,21,Alpha,0.7319919564124661
12,ia_a,22,Alpha,5.809728341208331
12,ia_a,23,Alpha,0.3742787350421907
12,ia_a,24,Alpha,5.5376370035520885
12,ia_a,25,Alpha,3.2230481162478637
12,ia_a,26,Alpha,2.3051443854360625
12,ia_a,27,Alpha,4.266428491166479
12,ia_a,28,Alpha,2.1530219112794673
12,ia_a,29,Alpha,4.4835212249508425
12,ia_a,30,Alpha,5.200877260155892
12,ia_a,31,Alpha,5.673940786897801
12,ia_a,32,Alpha,1.9910807299056135
12,ia_a,33,Alpha,2.7338110939265645
12,ia_a,34,Alpha,3.0152567377042265
12,ia_a,35,Alpha,0.7344472136608149
12,ia_a,36,Alpha,6.152085593130148
12,ia_a,37,Alpha,6.003208091823459
12,ia_a,38,Alpha,0.4520029770170391
12,ia_a,39,Alpha,3.2813880930468136
12,ia_a,40,Alpha,0.5062298313328554
12,ia_a,41,Alpha,1.2387841292618074
12,ia_a,42,Alpha,1.682754252267255
12,ia_a,43,Alpha,6.180455366098606
12,ia_a,44,Alpha,4.691219672055229
12,ia_a,45,Alpha,1.0782557229866332
12,ia_a,46,Alpha,5.719710595361191
12,ia_a,47,Alpha,5.230770217537993
12,ia_a,48,Alpha,0.893046008235284
12,ia_a,49,Alpha,0.034429387852826156
12,ia_a,50,Alpha,0.18617342907722056
12,ia_a,51,Alpha,5.972035454516279
12,ia_a,52,Alpha,1.7737016496030442
12,ia_a,53,Alpha,1.0022471942515305
12,ia_a,54,Alpha,4.5184998587087595
12,ia_a,55,Alpha,1.334267548752658
12,ia_a,56,Alpha,1.317804453912893
12,ia_a,57,Alpha,6.157216620862441
12,ia_a,58,Alpha,0.6597059185409124
12,ia_a,59,Alpha,0.7452668713895845
12,ia_a,60,Alpha,0.7495925011040909
12,ia_a,1,Beta,5.220175556844035
12,ia_a,2,Beta,2.9947768625097755
12,ia_a,3,Beta,4.877401764374042
12,ia_a,4,Beta,1.5204573709960483
12,ia_a,6,Beta,2.440859932205673
12,ia_a,7,Beta,4.795820979584854
12,ia_a,8,Beta,4.69590547848411
12,ia_a,9,Beta,3.662392001308806
12,ia_a,10,Beta,2.4343574601344784
12,ia_a,11,Beta,1.6542095441789062
12,ia_a,12,Beta,5.530092470927327
12,ia_a,13,Beta,4.363696890876733
12,ia_a,14,Beta,5.7861074637003735
12,ia_a,15,Beta,4.965381151567859
12,ia_a,16,Beta,5.950801835541086
12,ia_a,17,Beta,5.436595943642712
12,ia_a,18,Beta,0.48013004390851277
12,ia_a,19,Beta,1.1995491818931963
12,ia_a,20,Beta,4.231997040703202
12,ia_a,21,Beta,5.922537853297189
12,ia_a,22,Beta,3.6561471119566287
12,ia_a,23,Beta,4.987428181461225
12,ia_a,24,Beta,3.342314357737683
12,ia_a,25,Beta,0.09003458403614434
12,ia_a,26,Beta,5.31882480355032
12,ia_a,27,Beta,5.837339739462562
12,ia_a,28,Beta,1.6135965506244638
12,ia_a,29,Beta,3.2207747105836138
12,ia_a,30,Beta,1.8027905740406542
12,ia_a,31,Beta,2.049520764786196
12,ia_a,32,Beta,0.9453728279142585
12,ia_a,33,Beta,2.439491297566413
12,ia_a,34,Beta,2.394062389495558
12,ia_a,35,Beta,5.705963179572344
12,ia_a,36,Beta,2.455723400969213
12,ia_a,37,Beta,5.929227797527298
12,ia_a,38,Beta,1.5977027578051768
12,ia_a,39,Beta,3.3388015822686805
12,ia_a,40,Beta,6.126676444905287
12,ia_a,41,Beta,0.17601554062782984
12,ia_a,42,Beta,4.443206749315323
12,ia_a,43,Beta,0.38578076856662735
12,ia_a,44,Beta,2.297686873601156
12,ia_a,45,Beta,4.051490868629717
12,ia_a,46,Beta,5.010167207777631
12,ia_a,47,Beta,2.7811151577752837
12,ia_a,48,Beta,5.529004247390675
12,ia_a,49,Beta,5.738961689165026
12,ia_a,50,Beta,0.3284365734764282
12,ia_a,51,Beta,0.8896149916358719
12,ia_a,52,Beta,2.3409467696593125
12,ia_a,53,Beta,4.946662968734578
12,ia_a,54,Beta,4.956747033724594
12,ia_a,55,Beta,0.7936663786079354
12,ia_a,56,Beta,0.723454419945057
12,ia_a,57,Beta,1.3204347767603297
12,ia_a,58,Beta,0.28480418808180474
12,ia_a,59,Beta,5.263888684260522
12,ia_a,60,Beta,0.7419361652470157
13,ia_a,1,Delta,4.586753788304047
13,ia_a,2,Delta,2.464231330275559
13,ia_a,3,Delta,1.908641577063045
13,ia_a,4,Delta,3.310978676693681
13,ia_a,5,Delta,2.08056759281788
13,ia_a,6,Delta,4.469030395569518
13,ia_a,7,Delta,3.1301573372862617
13,ia_a,8,Delta,0.7810482436205293
13,ia_a,9,Delta,3.3753286374557656
13,ia_a,10,Delta,2.6884361993149315
13,ia_a,11,Delta,2.707576316662105
13,ia_a,12,Delta,4.700272263790211
13,ia_a,13,Delta,3.7466636666206807
13,ia_a,14,Delta,4.718086362820955
13,ia_a,15,Delta,2.294062513974991
13,ia_a,16,Delta,1.849275175639507
13,ia_a,17,Delta,4.738016413912174
13,ia_a,18,Delta,4.903711148366965
13,ia_a,19,Delta,5.143500883392891
13,ia_a,20,Delta,4.870468509089796
13,ia_a,21,Delta,4.864288871592937
13,ia_a,22,Delta,4.691127699899714
13,ia_a,23,Delta,1.489391858197496
13,ia_a,24,Delta,1.3854627680968805
13,ia_a,25,Delta,5.052573827799494
13,ia_a,26,Delta,3.7065798224197617
13,ia_a,27,Delta,4.558812395019232
13,ia_a,28,Delta,5.25831948579709
13,ia_a,29,Delta,4.0487541119798305
13,ia_a,30,Delta,6.179672190860873
13,ia_a,31,Delta,0.7635290444135128
13,ia_a,32,Delta,4.665697458497416
13,ia_a,33,Delta,4.475325749534875
13,ia_a,34,Delta,4.10321899251768
13,ia_a,35,Delta,3.080423069485961
13,ia_a,36,Delta,1.0329325288868143
13,ia_a,37,Delta,1.8027587099377744
13,ia_a,39,Delta,3.468512241523134
13,ia_a,40,Delta,5.41102820705953
13,ia_a,41,Delta,1.626002905798634
13,ia_a,42,Delta,1.4392704086798829
13,ia_a,43,Delta,1.8236151892798291
13,ia_a,44,Delta,5.828502345952518
13,ia_a,45,Delta,2.431543747454417
13,ia_a,46,Delta,1.8369076155891126
13,ia_a,47,Delta,1.031153864377174
13,ia_a,48,Delta,5.507048121000671
13,ia_a,49,Delta,2.613726305208629
13,ia_a,50,Delta,3.741092278461864
13,ia_a,51,Delta,3.8704876023022257
13,ia_a,52,Delta,3.679751291043662
13,ia_a,53,Delta,4.669944143501981
13,ia_a,54,Delta,3.784924433468484
13,ia_a,55,Delta,1.8878076759461189
13,ia_a,56,Delta,6.110620681313339
13,ia_a,57,Delta,3.53923067169369
13,ia_a,58,Delta,3.4735574061494687
13,ia_a,59,Delta,1.4798566056883105
13,ia_a,60,Delta,1.382876619817017
13,ia_a,1,Theta,5.252877995380613
13,ia_a,2,Theta,3.3397452571429023
13,ia_a,3,Theta,1.6572774731318707
13,ia_a,4,Theta,1.5464640508365886
13,ia_a,5,Theta,1.550296915620468
13,ia_a,6,Theta,3.6901583923064214
13,ia_a,7,Theta,2.2271398234483635
13,ia_a,8,Theta,5.695982541820627
13,ia_a,9,Theta,2.4252230877625514
13,ia_a,10,Theta,2.8361750820968763
13,ia_a,11,Theta,3.669305694843342
13,ia_a,12,Theta,5.015187382080851
13,ia_a,13,Theta,4.097882614995857
13,ia_a,14,Theta,3.8079168501668947
13,ia_a,15,Theta,2.973425777698848
13,ia_a,16,Theta,1.6456659163588399
13,ia_a,17,Theta,5.108755779136878
13,ia_a,18,Theta,0.8157413510436723
13,ia_a,19,Theta,6.195942968009991
13,ia_a,20,Theta,3.944765579112984
13,ia_a,21,Theta,1.9101782579469513
13,ia_a,22,Theta,0.799529086595884
13,ia_a,23,Theta,0.49969821103317963
13,ia_a,24,Theta,1.8248986743438722
13,ia_a,25,Theta,4.611574646698943
13,ia_a,26,Theta,2.852106356592994
13,ia_a,27,Theta,3.810766956823839
13,ia_a,28,Theta,6.1468793909534165
13,ia_a,29,Theta,2.689419915582936
13,ia_a,30,Theta,0.8950303130379037
13,ia_a,31,Theta,0.546874251902176
13,ia_a,32,Theta,3.994769791391361
13,ia_a,33,Theta,3.7606960091638753
13,ia_a,34,Theta,5.471831537060295
13,ia_a,35,Theta,4.463296938480113
13,ia_a,36,Theta,1.3966145366409701
13,ia_a,37,Theta,3.2119088803978055
13,ia_a,39,Theta,1.249656073696504
13,ia_a,40,Theta,4.192495395169896
13,ia_a,41,Theta,3.9418809071611065
13,ia_a,42,Theta,0.5257839675858536
13,ia_a,43,Theta,2.0296484405012896
13,ia_a,44,Theta,5.9907008694214525
13,ia_a,45,Theta,2.548605461997025
13,ia_a,46,Theta,0.5340479079091164
13,ia_a,47,Theta,6.053674807205618
13,ia_a,48,Theta,1.5159915986749
13,ia_a,49,Theta,3.943044450950056
13,ia_a,50,Theta,3.4232930038813736
13,ia_a,51,Theta,2.995849019217458
13,ia_a,52,Theta,3.598816341077925
13,ia_a,53,Theta,0.9988583057067517
13,ia_a,54,Theta,3.6645631190914143
13,ia_a,55,Theta,2.828923811200444
13,ia_a,56,Theta,0.8273757524284253
13,ia_a,57,Theta,3.783406478800089
13,ia_a,58,Theta,3.9013205352023808
13,ia_a,59,Theta,2.8195924353967676
13,ia_a,60,Theta,1.7675657446461317
13,ia_a,1,Alpha,1.4001669734334645
13,ia_a,2,Alpha,4.814659388177923
13,ia_a,3,Alpha,2.061897350331594
13,ia_a,4,Alpha,0.5369292450266505
13,ia_a,5,Alpha,1.898644734982882
13,ia_a,6,Alpha,3.365790676841721
13,ia_a,7,Alpha,1.4447106335302446
13,ia_a,8,Alpha,4.787964612592644
13,ia_a,9,Alpha,2.0533158536370406
13,ia_a,10,Alpha,5.941868219754742
13,ia_a,11,Alpha,5.906538279103622
13,ia_a,12,Alpha,5.149458165928877
13,ia_a,13,Alpha,4.065268444266399
13,ia_a,14,Alpha,2.7857616699539265
13,ia_a,15,Alpha,4.780295805181956
13,ia_a,16,Alpha,1.8790320781293002
13,ia_a,17,Alpha,0.28376580838028403
13,ia_a,18,Alpha,1.954297564717483
13,ia_a,19,Alpha,3.9692617388250144
13,ia_a,20,Alpha,3.9276621910469283
13,ia_a,21,Alpha,1.2905360754444226
13,ia_a,22,Alpha,1.7218789303997093
13,ia_a,23,Alpha,1.28168722547139
13,ia_a,24,Alpha,2.785051722106283
13,ia_a,25,Alpha,4.081841435533908
13,ia_a,26,Alpha,5.806691419662757
13,ia_a,27,Alpha,1.265364237133479
13,ia_a,28,Alpha,1.643819709447108
13,ia_a,29,Alpha,0.06721516625084756
13,ia_a,30,Alpha,2.5023565992480283
13,ia_a,31,Alpha,1.1776747705140918
13,ia_a,32,Alpha,4.281132569599638
13,ia_a,33,Alpha,3.2595839281124017
13,ia_a,34,Alpha,6.094247035864274
13,ia_a,35,Alpha,4.0873995421294405
13,ia_a,36,Alpha,2.0632443014735813
13,ia_a,37,Alpha,3.33973720933362
13,ia_a,39,Alpha,1.067496206769377
13,ia_a,40,Alpha,1.9893936196825721
13,ia_a,41,Alpha,2.9678811997074965
13,ia_a,42,Alpha,6.1926891441754295
13,ia_a,43,Alpha,5.116255817432977
13,ia_a,44,Alpha,5.879274682678284
13,ia_a,45,Alpha,1.7012736432621771
13,ia_a,46,Alpha,6.164788214849319
13,ia_a,47,Alpha,4.227119475558419
13,ia_a,48,Alpha,3.7364887174503068
13,ia_a,49,Alpha,0.41989204886551557
13,ia_a,50,Alpha,0.9835721277676341
13,ia_a,51,Alpha,0.37410790219424395
13,ia_a,52,Alpha,1.9043369465796829
13,ia_a,53,Alpha,1.642799922901636
13,ia_a,54,Alpha,6.205083714783316
13,ia_a,55,Alpha,4.012335824508893
13,ia_a,56,Alpha,0.41121150233965575
13,ia_a,57,Alpha,2.708079619474826
13,ia_a,58,Alpha,5.650542483249836
13,ia_a,59,Alpha,4.713898280472887
13,ia_a,60,Alpha,0.07465860357400916
13,ia_a,1,Beta,3.451611374114263
13,ia_a,2,Beta,4.953611457932558
13,ia_a,3,Beta,4.286030312941227
13,ia_a,4,Beta,5.522578323803499
13,ia_a,5,Beta,1.4362079370191547
13,ia_a,6,Beta,3.2147932211685704
13,ia_a,7,Beta,1.1016081404152442
13,ia_a,8,Beta,2.3290752170084574
13,ia_a,9,Beta,3.3967065358311244
13,ia_a,10,Beta,4.047801548278182
13,ia_a,11,Beta,3.6420242683062614
13,ia_a,12,Beta,1.878184968881604
13,ia_a,13,Beta,3.203539354292789
13,ia_a,14,Beta,0.49423803375609915
13,ia_a,15,Beta,4.786452638712356
13,ia_a,16,Beta,1.0167265188012966
13,ia_a,17,Beta,3.9479946921554845
13,ia_a,18,Beta,1.4866474963396794
13,ia_a,19,Beta,0.3375748960986783
13,ia_a,20,Beta,3.122699412415173
13,ia_a,21,Beta,1.4331083713043482
13,ia_a,22,Beta,0.2668903966663743
13,ia_a,23,Beta,6.081529242851577
13,ia_a,24,Beta,5.431336622305033
13,ia_a,25,Beta,3.473982785481392
13,ia_a,26,Beta,1.7570039810922784
13,ia_a,27,Beta,2.7605611860888053
13,ia_a,28,Beta,3.5635439814171224
13,ia_a,29,Beta,1.0176330504541231
13,ia_a,30,Beta,0.8668593572793271
13,ia_a,31,Beta,0.382902075097783
13,ia_a,32,Beta,1.6600528225781017
13,ia_a,33,Beta,2.083857033463986
13,ia_a,34,Beta,5.65063011167618
13,ia_a,35,Beta,0.6692859420982803
13,ia_a,36,Beta,2.3965322857154723
13,ia_a,37,Beta,1.2264876292061557
13,ia_a,39,Beta,4.424309391339925
13,ia_a,40,Beta,4.80091467199108
13,ia_a,41,Beta,4.23623426882304
13,ia_a,42,Beta,4.041267009718039
13,ia_a,43,Beta,2.6601133536178554
13,ia_a,44,Beta,4.225911042668576
13,ia_a,45,Beta,4.301068900906647
13,ia_a,46,Beta,2.012429377445804
13,ia_a,47,Beta,3.9510872620949993
13,ia_a,48,Beta,4.148787253398006
13,ia_a,49,Beta,0.14042922633354532
13,ia_a,50,Beta,4.768697627055528
13,ia_a,51,Beta,1.970889064499778
13,ia_a,52,Beta,2.162500247355771
13,ia_a,53,Beta,0.6955103393736541
13,ia_a,54,Beta,3.3702517435629358
13,ia_a,55,Beta,5.784641871885545
13,ia_a,56,Beta,2.041705016747247
13,ia_a,57,Beta,0.10515513194618016
13,ia_a,58,Beta,5.247762833476594
13,ia_a,59,Beta,2.5939766781342586
13,ia_a,60,Beta,3.7097350465400982
14,ia_a,1,Delta,1.0672790952435258
14,ia_a,2,Delta,1.8069190566924893
14,ia_a,3,Delta,4.729808217137421
14,ia_a,4,Delta,6.212642237903024
14,ia_a,5,Delta,2.6797802144302656
14,ia_a,6,Delta,0.9326440645231456
14,ia_a,7,Delta,1.6530623457928602
14,ia_a,8,Delta,4.15423917928511
14,ia_a,9,Delta,1.7832591802958664
14,ia_a,10,Delta,3.9379243894766987
14,ia_a,11,Delta,6.162865296196988
14,ia_a,12,Delta,2.8535224209544032
14,ia_a,13,Delta,3.2772209930716105
14,ia_a,14,Delta,1.3772243994283535
14,ia_a,15,Delta,2.7466446539148306
14,ia_a,16,Delta,1.4633447762383451
14,ia_a,17,Delta,2.422436501189365
14,ia_a,18,Delta,2.1387917282208684
14,ia_a,19,Delta,1.537291603057136
14,ia_a,20,Delta,2.3349137563974476
14,ia_a,21,Delta,1.4765787790783902
14,ia_a,22,Delta,4.064384322292945
14,ia_a,23,Delta,3.611402733714766
14,ia_a,24,Delta,4.408061041330662
14,ia_a,25,Delta,2.0407405102608913
14,ia_a,26,Delta,3.899148134320841
14,ia_a,27,Delta,3.449709174838614
14,ia_a,28,Delta,1.7436338130540745
14,ia_a,29,Delta,4.689898348195177
14,ia_a,30,Delta,1.2491054828724855
14,ia_a,31,Delta,1.6938478900618248
14,ia_a,32,Delta,1.8719344748466433
14,ia_a,33,Delta,2.1339296958894822
14,ia_a,34,Delta,4.1525901238057745
14,ia_a,35,Delta,2.1565901017702775
14,ia_a,36,Delta,4.241031657811337
14,ia_a,37,Delta,3.8886258610736073
14,ia_a,38,Delta,2.669450721058232
14,ia_a,39,Delta,2.1518580174289337
14,ia_a,40,Delta,4.783277999170448
14,ia_a,41,Delta,3.540202773543807
14,ia_a,42,Delta,0.5134935047872642
14,ia_a,43,Delta,4.896365787299882
14,ia_a,44,Delta,4.543523570871266
14,ia_a,45,Delta,1.86126362355933
14,ia_a,46,Delta,2.6082198749074545
14,ia_a,47,Delta,1.4313204960238561
14,ia_a,48,Delta,0.4706349330517608
14,ia_a,49,Delta,4.078060505451622
14,ia_a,50,Delta,3.8321711345782794
14,ia_a,51,Delta,3.399677263365962
14,ia_a,52,Delta,4.268281111204615
14,ia_a,53,Delta,5.7120250592772654
14,ia_a,54,Delta,2.725708911586527
14,ia_a,55,Delta,2.7337901535371247
14,ia_a,56,Delta,3.9435316463060563
14,ia_a,57,Delta,2.703277303287784
14,ia_a,58,Delta,5.828539547101935
14,ia_a,59,Delta,4.819976583994638
14,ia_a,60,Delta,3.759129011048087
14,ia_a,1,Theta,3.0800817274938685
14,ia_a,2,Theta,1.5383783664985065
14,ia_a,3,Theta,3.9082552880141814
14,ia_a,4,Theta,0.18810907188956721
14,ia_a,5,Theta,3.791661456631719
14,ia_a,6,Theta,0.5139185259537757
14,ia_a,7,Theta,3.2137373923243775
14,ia_a,8,Theta,4.936424583536946
14,ia_a,9,Theta,2.048862385282581
14,ia_a,10,Theta,4.1446517991840865
14,ia_a,11,Theta,2.553058767070462
14,ia_a,12,Theta,3.3649588472901755
14,ia_a,13,Theta,4.259566508945671
14,ia_a,14,Theta,5.992390055421368
14,ia_a,15,Theta,3.736816657176443
14,ia_a,16,Theta,3.676001322196896
14,ia_a,17,Theta,3.4175432635153085
14,ia_a,18,Theta,1.9058417376729506
14,ia_a,19,Theta,1.2270387146697017
14,ia_a,20,Theta,4.100379857769836
14,ia_a,21,Theta,1.1447481783551834
14,ia_a,22,Theta,4.493484797034992
14,ia_a,23,Theta,3.4534275408601673
14,ia_a,24,Theta,5.265688882382291
14,ia_a,25,Theta,3.77784364532336
14,ia_a,26,Theta,4.163857442545166
14,ia_a,27,Theta,3.8185722874412726
14,ia_a,28,Theta,1.701038936824685
14,ia_a,29,Theta,4.471362479659199
14,ia_a,30,Theta,0.22696108463602513
14,ia_a,31,Theta,1.9865088868742042
14,ia_a,32,Theta,2.191762137311831
14,ia_a,33,Theta,5.93598681569013
14,ia_a,34,Theta,4.024823746202739
14,ia_a,35,Theta,2.8204052658074037
14,ia_a,36,Theta,4.201760042155214
14,ia_a,37,Theta,3.2552111207017767
14,ia_a,38,Theta,2.9776414732082324
14,ia_a,39,Theta,3.458715509705454
14,ia_a,40,Theta,6.105517177834955
14,ia_a,41,Theta,3.879581613689272
14,ia_a,42,Theta,5.392042009958554
14,ia_a,43,Theta,5.691117978531635
14,ia_a,44,Theta,4.390634357452161
14,ia_a,45,Theta,0.9695581022771577
14,ia_a,46,Theta,1.143328144442677
14,ia_a,47,Theta,2.428187699477427
14,ia_a,48,Theta,1.803879871049373
14,ia_a,49,Theta,4.082980036598365
14,ia_a,50,Theta,3.688177719353066
14,ia_a,51,Theta,3.6112355837857435
14,ia_a,52,Theta,4.676887260850228
14,ia_a,53,Theta,0.7466410465662402
14,ia_a,54,Theta,2.8977054700204135
14,ia_a,55,Theta,3.2672226806892795
14,ia_a,56,Theta,2.1981399805642985
14,ia_a,57,Theta,3.3770900723027917
14,ia_a,58,Theta,5.822844076769585
14,ia_a,59,Theta,5.301222763915796
14,ia_a,60,Theta,4.353988983514086
14,ia_a,1,Alpha,4.894796368518209
14,ia_a,2,Alpha,1.0175873763063097
14,ia_a,3,Alpha,3.530506504549551
14,ia_a,4,Alpha,3.7759456677145433
14,ia_a,5,Alpha,2.349821997257509
14,ia_a,6,Alpha,4.8285200408779225
14,ia_a,7,Alpha,4.482224481854993
14,ia_a,8,Alpha,0.1093809479258232
14,ia_a,9,Alpha,6.246606060656129
14,ia_a,10,Alpha,3.6769270518795
14,ia_a,11,Alpha,3.0430504439271866
14,ia_a,12,Alpha,4.678983571283838
14,ia_a,13,Alpha,5.560086743190797
14,ia_a,14,Alpha,6.238483815996659
14,ia_a,15,Alpha,3.3711296430654594
14,ia_a,16,Alpha,3.322701892221886
14,ia_a,17,Alpha,3.5210093195632552
14,ia_a,18,Alpha,5.077392665201181
14,ia_a,19,Alpha,1.5065216873965717
14,ia_a,20,Alpha,4.240695023479798
14,ia_a,21,Alpha,1.3224896706662803
14,ia_a,22,Alpha,0.7137155210108355
14,ia_a,23,Alpha,3.8615828494641162
14,ia_a,24,Alpha,5.4585872557776245
14,ia_a,25,Alpha,5.066030078131699
14,ia_a,26,Alpha,4.870822075768176
14,ia_a,27,Alpha,3.503439583088392
14,ia_a,28,Alpha,3.590215484118497
14,ia_a,29,Alpha,4.743848872773089
14,ia_a,30,Alpha,5.839350991914251
14,ia_a,31,Alpha,0.3162735580821798
14,ia_a,32,Alpha,0.43262060822606135
14,ia_a,33,Alpha,0.12215825570172073
14,ia_a,34,Alpha,5.908921025428292
14,ia_a,35,Alpha,1.0692708893737157
14,ia_a,36,Alpha,1.7875719793334286
14,ia_a,37,Alpha,5.598201301722823
14,ia_a,38,Alpha,2.0159794193932346
14,ia_a,39,Alpha,2.824250965650407
14,ia_a,40,Alpha,6.088325217076129
14,ia_a,41,Alpha,4.576660318784229
14,ia_a,42,Alpha,2.7868741746079304
14,ia_a,43,Alpha,0.9619050249578139
14,ia_a,44,Alpha,1.7656579008682096
14,ia_a,45,Alpha,0.2653914330243301
14,ia_a,46,Alpha,4.441763204207536
14,ia_a,47,Alpha,1.3925719189592574
14,ia_a,48,Alpha,2.97366551853591
14,ia_a,49,Alpha,3.611773850098258
14,ia_a,50,Alpha,4.187246836897034
14,ia_a,51,Alpha,3.1547305329807056
14,ia_a,52,Alpha,0.383219763982567
14,ia_a,53,Alpha,1.8337298740053187
14,ia_a,54,Alpha,2.9164988339365254
14,ia_a,55,Alpha,3.0096341447449664
14,ia_a,56,Alpha,2.4573948381044244
14,ia_a,57,Alpha,4.043234114230076
14,ia_a,58,Alpha,0.3169204290203383
14,ia_a,59,Alpha,0.1821581612352306
14,ia_a,60,Alpha,3.2699840821472317
14,ia_a,1,Beta,3.9324127151147374
14,ia_a,2,Beta,2.232186589025976
14,ia_a,3,Beta,5.750158058865461
14,ia_a,4,Beta,4.252283049067384
14,ia_a,5,Beta,3.6483307060888728
14,ia_a,6,Beta,0.462144346516973
14,ia_a,7,Beta,5.804424064867704
14,ia_a,8,Beta,1.2225362958740347
14,ia_a,9,Beta,1.7821816072499397
14,ia_a,10,Beta,3.8665841501738636
14,ia_a,11,Beta,3.6279859104705765
14,ia_a,12,Beta,4.1651622971203395
14,ia_a,13,Beta,4.061260213809027
14,ia_a,14,Beta,1.2646068016046887
14,ia_a,15,Beta,3.30499038344974
14,ia_a,16,Beta,1.4767588085428864
14,ia_a,17,Beta,2.608222903426442
14,ia_a,18,Beta,6.079500218171951
14,ia_a,19,Beta,2.9698962001681317
14,ia_a,20,Beta,1.2430911266564117
14,ia_a,21,Beta,5.282306985460156
14,ia_a,22,Beta,2.0097099944073347
14,ia_a,23,Beta,3.5855930255891293
14,ia_a,24,Beta,6.2368409407425665
14,ia_a,25,Beta,1.5505684863399922
14,ia_a,26,Beta,1.859918818687709
14,ia_a,27,Beta,4.0416621837553794
14,ia_a,28,Beta,2.2067772757814192
14,ia_a,29,Beta,0.39221246263455084
14,ia_a,30,Beta,3.5078421027581803
14,ia_a,31,Beta,3.6899161319586877
14,ia_a,32,Beta,1.117400565293813
14,ia_a,33,Beta,0.5138874767080297
14,ia_a,34,Beta,2.421809447972169
14,ia_a,35,Beta,1.508417020079952
14,ia_a,36,Beta,0.06677143774122492
14,ia_a,37,Beta,3.6240434204443237
14,ia_a,38,Beta,1.116381343935486
14,ia_a,39,Beta,2.28562805555388
14,ia_a,40,Beta,0.013527728770103475
14,ia_a,41,Beta,1.7009834843079186
14,ia_a,42,Beta,5.958733513027504
14,ia_a,43,Beta,6.063391330658083
14,ia_a,44,Beta,1.3602824129062008
14,ia_a,45,Beta,2.5173509336284736
14,ia_a,46,Beta,1.6403079368752609
14,ia_a,47,Beta,3.666264915526333
14,ia_a,48,Beta,1.338505120019363
14,ia_a,49,Beta,2.2164043066493373
14,ia_a,50,Beta,1.8586666951882076
14,ia_a,51,Beta,4.020142171503769
14,ia_a,52,Beta,1.7198161782894745
14,ia_a,53,Beta,5.560440680255795
14,ia_a,54,Beta,4.044132634232389
14,ia_a,55,Beta,6.065883294888071
14,ia_a,56,Beta,2.3827324848490825
14,ia_a,57,Beta,2.2460275941012644
14,ia_a,58,Beta,3.031744897808007
14,ia_a,59,Beta,5.568369596941694
14,ia_a,60,Beta,3.5376952841072273
15,ia_a,1,Delta,0.934587125420212
15,ia_a,2,Delta,4.928689729111694
15,ia_a,3,Delta,1.5835622897589396
15,ia_a,4,Delta,0.9423248893632318
15,ia_a,5,Delta,0.8064654780308838
15,ia_a,6,Delta,1.9476125365644874
15,ia_a,7,Delta,1.8783766784472176
15,ia_a,8,Delta,6.266529301250823
15,ia_a,9,Delta,1.8606456156010616
15,ia_a,10,Delta,2.2502616546374665
15,ia_a,11,Delta,0.941967849093809
15,ia_a,12,Delta,4.737488275242653
15,ia_a,13,Delta,5.3052227784279165
15,ia_a,14,Delta,1.388876694421685
15,ia_a,15,Delta,1.2961631447070698
15,ia_a,16,Delta,5.764840681448347
15,ia_a,17,Delta,4.122635635795792
15,ia_a,18,Delta,1.0481414438741514
15,ia_a,19,Delta,3.201603150152229
15,ia_a,20,Delta,5.291816854051658
15,ia_a,21,Delta,1.3484064444605441
15,ia_a,22,Delta,5.852620941281035
15,ia_a,23,Delta,0.7194607649986589
15,ia_a,24,Delta,0.8017274815281443
15,ia_a,25,Delta,0.61527673381839
15,ia_a,26,Delta,1.66438318682477
15,ia_a,27,Delta,1.5124769967787812
15,ia_a,28,Delta,1.3961060857246108
15,ia_a,29,Delta,5.799107646284839
15,ia_a,30,Delta,3.8131558168789277
15,ia_a,31,Delta,1.614370450912883
15,ia_a,33,Delta,2.78512969995046
15,ia_a,34,Delta,3.3793732762137596
15,ia_a,35,Delta,3.554474991759128
15,ia_a,36,Delta,0.13054363407818864
15,ia_a,37,Delta,6.1407538757121065
15,ia_a,38,Delta,1.4737374786742456
15,ia_a,39,Delta,4.054843591754139
15,ia_a,40,Delta,1.0323014795128913
15,ia_a,41,Delta,3.916099075816798
15,ia_a,42,Delta,5.785906330109422
15,ia_a,43,Delta,5.756900996868218
15,ia_a,44,Delta,5.05043102101372
15,ia_a,45,Delta,4.531067354954203
15,ia_a,46,Delta,0.583464124929438
15,ia_a,47,Delta,1.8575192946225787
15,ia_a,48,Delta,0.850761501874547
15,ia_a,49,Delta,5.282986884268322
15,ia_a,50,Delta,0.6258979589703654
15,ia_a,51,Delta,5.190925505118399
15,ia_a,52,Delta,1.926803414566275
15,ia_a,54,Delta,4.278212578281128
15,ia_a,55,Delta,1.7169993977916966
15,ia_a,56,Delta,0.7713779099363015
15,ia_a,57,Delta,2.029078132685781
15,ia_a,58,Delta,5.068429277802645
15,ia_a,59,Delta,5.387540150847884
15,ia_a,60,Delta,6.159324622887612
15,ia_a,1,Theta,0.5853103855983776
15,ia_a,2,Theta,4.407667700938799
15,ia_a,3,Theta,1.3729241643479997
15,ia_a,4,Theta,1.995523673179305
15,ia_a,5,Theta,0.436270238179457
15,ia_a,6,Theta,2.10505072099047
15,ia_a,7,Theta,2.3532567155206388
15,ia_a,8,Theta,1.8100092035815025
15,ia_a,9,Theta,1.8471839447437093
15,ia_a,10,Theta,2.048160852233824
15,ia_a,11,Theta,5.984733683023159
15,ia_a,12,Theta,3.16211077337629
15,ia_a,13,Theta,5.032594680660468
15,ia_a,14,Theta,0.9663242212246143
15,ia_a,15,Theta,1.6128119887476764
15,ia_a,16,Theta,0.8095175742283582
15,ia_a,17,Theta,3.2627216326135833
15,ia_a,18,Theta,1.870539187609096
15,ia_a,19,Theta,3.2242879851808484
15,ia_a,20,Theta,4.852354843726781
15,ia_a,21,Theta,1.561246711837112
15,ia_a,22,Theta,6.193376718801894
15,ia_a,23,Theta,0.5085971402721103
15,ia_a,24,Theta,0.8586881718775067
15,ia_a,25,Theta,0.035652316948596434
15,ia_a,26,Theta,2.4639019547385668
15,ia_a,27,Theta,1.9221017368698916
15,ia_a,28,Theta,1.6156655230839825
15,ia_a,29,Theta,5.267098183892987
15,ia_a,30,Theta,2.454180680302665
15,ia_a,31,Theta,2.6746803915842032
15,ia_a,33,Theta,2.4058376215402073
15,ia_a,34,Theta,2.995809870689898
15,ia_a,35,Theta,2.8747601885022
15,ia_a,36,Theta,0.8730113488255394
15,ia_a,37,Theta,0.630493212968304
15,ia_a,38,Theta,1.2315714703194023
15,ia_a,39,Theta,3.3476856114200984
15,ia_a,40,Theta,0.6818441900361927
15,ia_a,41,Theta,5.411860830207036
15,ia_a,42,Theta,6.027507773586225
15,ia_a,43,Theta,0.8629111491495064
15,ia_a,44,Theta,3.1230643485744536
15,ia_a,45,Theta,1.7362287450541216
15,ia_a,46,Theta,1.0242751433660793
15,ia_a,47,Theta,2.3985378062870693
15,ia_a,48,Theta,0.9066901736658023
15,ia_a,49,Theta,5.849253049769044
15,ia_a,50,Theta,0.005228392477229561
15,ia_a,51,Theta,5.364918779218092
15,ia_a,52,Theta,2.057749878891213
15,ia_a,54,Theta,2.8241803933449385
15,ia_a,55,Theta,2.5617953728366176
15,ia_a,56,Theta,0.4092032915763669
15,ia_a,57,Theta,2.211747617811843
15,ia_a,58,Theta,5.397009292243475
15,ia_a,59,Theta,5.304739531614582
15,ia_a,60,Theta,0.2500618814640432
15,ia_a,1,Alpha,2.152719140815177
15,ia_a,2,Alpha,3.0127720493925274
15,ia_a,3,Alpha,5.620018480669116
15,ia_a,4,Alpha,3.1018885479216984
15,ia_a,5,Alpha,5.093686742315745
15,ia_a,6,Alpha,0.05029765647096617
15,ia_a,7,Alpha,2.6113456345131105
15,ia_a,8,Alpha,0.05098563447599402
15,ia_a,9,Alpha,3.0799657286027164
15,ia_a,10,Alpha,1.5402191610758544
15,ia_a,11,Alpha,5.890871778795033
15,ia_a,12,Alpha,1.3832680846865286
15,ia_a,13,Alpha,3.0464258952012786
15,ia_a,14,Alpha,3.8198838711916294
15,ia_a,15,Alpha,1.1112116530634422
15,ia_a,16,Alpha,1.6112901586679063
15,ia_a,17,Alpha,2.7346233305847507
15,ia_a,18,Alpha,4.250467439340934
15,ia_a,19,Alpha,4.166452034233557
15,ia_a,20,Alpha,4.594878857930635
15,ia_a,21,Alpha,1.894160273912062
15,ia_a,22,Alpha,0.5001443520721294
15,ia_a,23,Alpha,0.8557005220203833
15,ia_a,24,Alpha,3.0036967304338527
15,ia_a,25,Alpha,5.9684413923082085
15,ia_a,26,Alpha,3.616686299450239
15,ia_a,27,Alpha,1.708809483730358
15,ia_a,28,Alpha,1.844762443670932
15,ia_a,29,Alpha,5.078996053957891
15,ia_a,30,Alpha,2.57023421568803
15,ia_a,31,Alpha,2.2315632957299973
15,ia_a,33,Alpha,5.2067615757061345
15,ia_a,34,Alpha,1.170045983276435
15,ia_a,35,Alpha,6.100076346638354
15,ia_a,36,Alpha,1.450830130122467
15,ia_a,37,Alpha,0.7705218964373126
15,ia_a,38,Alpha,1.1248328607332463
15,ia_a,39,Alpha,3.9063846801084887
15,ia_a,40,Alpha,0.6052673950673764
15,ia_a,41,Alpha,1.3076431489099054
15,ia_a,42,Alpha,2.688959215982884
15,ia_a,43,Alpha,1.796243333635608
15,ia_a,44,Alpha,3.1072299403000683
15,ia_a,45,Alpha,1.910661490806101
15,ia_a,46,Alpha,0.7069693459401782
15,ia_a,47,Alpha,6.248264654663766
15,ia_a,48,Alpha,2.1260264475528583
15,ia_a,49,Alpha,4.048194558340326
15,ia_a,50,Alpha,5.388742548155239
15,ia_a,51,Alpha,3.2985297493286
15,ia_a,52,Alpha,0.1943391343256167
15,ia_a,54,Alpha,2.6141875554134644
15,ia_a,55,Alpha,0.22221700030336058
15,ia_a,56,Alpha,0.797204151995071
15,ia_a,57,Alpha,1.7453729967089333
15,ia_a,58,Alpha,5.283346127836928
15,ia_a,59,Alpha,0.5917614044431542
15,ia_a,60,Alpha,5.4874914178082745
15,ia_a,1,Beta,1.9021754362875174
15,ia_a,2,Beta,3.834956673090826
15,ia_a,3,Beta,1.0085981229591017
15,ia_a,4,Beta,2.7195342236150077
15,ia_a,5,Beta,3.424257415302158
15,ia_a,6,Beta,5.6463018805985135
15,ia_a,7,Beta,2.2458690182549517
15,ia_a,8,Beta,3.1405548938070518
15,ia_a,9,Beta,5.70263415551544
15,ia_a,10,Beta,3.0567430400358844
15,ia_a,11,Beta,3.882871656725605
15,ia_a,12,Beta,6.004885910458855
15,ia_a,13,Beta,2.722880328981556
15,ia_a,14,Beta,3.5651715317939145
15,ia_a,15,Beta,3.321599303448571
15,ia_a,16,Beta,3.008640262008958
15,ia_a,17,Beta,2.441110522603786
15,ia_a,18,Beta,3.495406633522132
15,ia_a,19,Beta,2.5394121215380006
15,ia_a,20,Beta,1.7746665483979662
15,ia_a,21,Beta,0.3038511331347946
15,ia_a,22,Beta,3.3373958330706226
15,ia_a,23,Beta,3.5347604625648956
15,ia_a,24,Beta,5.590792011272008
15,ia_a,25,Beta,1.253195842749867
15,ia_a,26,Beta,2.1875807882113687
15,ia_a,27,Beta,3.9909181755029106
15,ia_a,28,Beta,3.9219406559980676
15,ia_a,29,Beta,5.756212898399403
15,ia_a,30,Beta,2.3481647827575376
15,ia_a,31,Beta,2.221120440670238
15,ia_a,33,Beta,2.8283651262190213
15,ia_a,34,Beta,2.9330119969941237
15,ia_a,35,Beta,3.5452470230371236
15,ia_a,36,Beta,3.15513220633205
15,ia_a,37,Beta,4.825535691141857
15,ia_a,38,Beta,1.96923206849291
15,ia_a,39,Beta,1.8387091228359118
15,ia_a,40,Beta,0.02924468350521585
15,ia_a,41,Beta,0.7599784483146493
15,ia_a,42,Beta,5.305528546178879
15,ia_a,43,Beta,1.065379597251492
15,ia_a,44,Beta,5.536941704027568
15,ia_a,45,Beta,4.1370407796611595
15,ia_a,46,Beta,3.857105979610424
15,ia_a,47,Beta,3.068336923436246
15,ia_a,48,Beta,2.763461607163524
15,ia_a,49,Beta,3.959415209280866
15,ia_a,50,Beta,0.6211583881538911
15,ia_a,51,Beta,1.8830238408138495
15,ia_a,52,Beta,4.038942823103993
15,ia_a,54,Beta,5.585225546166147
15,ia_a,55,Beta,3.62784877120665
15,ia_a,56,Beta,4.446148526357833
15,ia_a,57,Beta,4.605104321234218
15,ia_a,58,Beta,2.6868460984319924
15,ia_a,59,Beta,5.2909279885235705
15,ia_a,60,Beta,3.125148931838966
16,ia_a,1,Delta,4.105589890316709
16,ia_a,2,Delta,1.0122668952401022
16,ia_a,3,Delta,2.2811648404553964
16,ia_a,4,Delta,2.9385241770147132
16,ia_a,5,Delta,1.1254441018961714
16,ia_a,6,Delta,4.295324117810721
16,ia_a,7,Delta,1.330976104051919
16,ia_a,8,Delta,2.1012510328112946
16,ia_a,9,Delta,1.5967299851386736
16,ia_a,10,Delta,1.8899647088639007
16,ia_a,11,Delta,4.381878021470761
16,ia_a,12,Delta,1.9150328089724316
16,ia_a,13,Delta,1.3849472420304296
16,ia_a,14,Delta,5.000287031574322
16,ia_a,15,Delta,4.578883664819417
16,ia_a,16,Delta,4.364763769137595
16,ia_a,17,Delta,1.2443635278282448
16,ia_a,18,Delta,5.00483283519336
16,ia_a,19,Delta,3.4922894029463962
16,ia_a,20,Delta,5.785303398876222
16,ia_a,21,Delta,3.197368193635023
16,ia_a,22,Delta,1.4200744483662642
16,ia_a,23,Delta,3.926960884199136
16,ia_a,24,Delta,4.706437891670239
16,ia_a,25,Delta,3.9106708782566293
16,ia_a,26,Delta,3.16072136437931
16,ia_a,28,Delta,4.195793073555299
16,ia_a,29,Delta,4.301108219700156
16,ia_a,30,Delta,2.981269085036346
16,ia_a,31,Delta,5.225071413030014
16,ia_a,32,Delta,1.2429181891100196
16,ia_a,33,Delta,2.1512347777249126
16,ia_a,34,Delta,2.8936994491408523
16,ia_a,35,Delta,5.2950294974379215
16,ia_a,36,Delta,1.11869228125253
16,ia_a,37,Delta,1.5212146670352327
16,ia_a,38,Delta,1.6530610149243643
16,ia_a,39,Delta,2.6444044692559925
16,ia_a,40,Delta,1.185275543810954
16,ia_a,41,Delta,2.4853871881771217
16,ia_a,42,Delta,2.253110537110475
16,ia_a,43,Delta,5.206664511854448
16,ia_a,44,Delta,4.162079972157088
16,ia_a,46,Delta,2.210263625306619
16,ia_a,47,Delta,1.9233281657412493
16,ia_a,48,Delta,3.534784333888224
16,ia_a,49,Delta,2.825281872077299
16,ia_a,50,Delta,4.038082850174792
16,ia_a,51,Delta,2.9572927810631815
16,ia_a,52,Delta,3.20554126003262
16,ia_a,53,Delta,3.371761656058006
16,ia_a,54,Delta,5.2564929238686044
16,ia_a,55,Delta,0.7305800323446985
16,ia_a,56,Delta,4.627144689662101
16,ia_a,57,Delta,2.791879531760668
16,ia_a,58,Delta,3.2981037758343406
16,ia_a,59,Delta,0.2642742164025013
16,ia_a,60,Delta,0.3143650256685187
16,ia_a,1,Theta,3.679539322018218
16,ia_a,2,Theta,5.702332681326455
16,ia_a,3,Theta,2.3169918037442563
16,ia_a,4,Theta,3.05791904326178
16,ia_a,5,Theta,1.7107754720663393
16,ia_a,6,Theta,4.871713912707144
16,ia_a,7,Theta,4.7340807159173535
16,ia_a,8,Theta,0.05314023847472593
16,ia_a,9,Theta,2.2796212188658713
16,ia_a,10,Theta,4.916261663952609
16,ia_a,11,Theta,4.078033691544498
16,ia_a,12,Theta,3.474864860605609
16,ia_a,13,Theta,1.8731103884891092
16,ia_a,14,Theta,4.766084913981576
16,ia_a,15,Theta,3.280636842671952
16,ia_a,16,Theta,3.7749825129689274
16,ia_a,17,Theta,0.4941293982225682
16,ia_a,18,Theta,5.2274030849299935
16,ia_a,19,Theta,3.232547218027423
16,ia_a,20,Theta,5.799206416450571
16,ia_a,21,Theta,3.147105933431436
16,ia_a,22,Theta,0.5159947798941998
16,ia_a,23,Theta,2.4058211663294093
16,ia_a,24,Theta,4.327031492234329
16,ia_a,25,Theta,3.142156665119526
16,ia_a,26,Theta,2.339832467649497
16,ia_a,28,Theta,4.641152266656441
16,ia_a,29,Theta,4.1151480409751215
16,ia_a,30,Theta,2.993432481413564
16,ia_a,31,Theta,0.08335226592727275
16,ia_a,32,Theta,3.9132785941348844
16,ia_a,33,Theta,2.670402853835625
16,ia_a,34,Theta,2.022641524230337
16,ia_a,35,Theta,4.8917633624276124
16,ia_a,36,Theta,0.13902416243430518
16,ia_a,37,Theta,1.8088070372889604
16,ia_a,38,Theta,3.1052807918924574
16,ia_a,39,Theta,4.040074276718589
16,ia_a,40,Theta,5.43279465859735
16,ia_a,41,Theta,3.931839405951821
16,ia_a,42,Theta,2.422200622697461
16,ia_a,43,Theta,5.4744230305775385
16,ia_a,44,Theta,4.479599614123002
16,ia_a,46,Theta,2.876620825577639
16,ia_a,47,Theta,2.049378262139482
16,ia_a,48,Theta,3.548205371498932
16,ia_a,49,Theta,3.8142761847599944
16,ia_a,50,Theta,4.16181756242426
16,ia_a,51,Theta,3.3009982471079033
16,ia_a,52,Theta,3.462156256121458
16,ia_a,53,Theta,3.592390089432931
16,ia_a,54,Theta,4.835138414949799
16,ia_a,55,Theta,3.247384237076752
16,ia_a,56,Theta,5.670965908253269
16,ia_a,57,Theta,4.001644941287411
16,ia_a,58,Theta,3.787811456026035
16,ia_a,59,Theta,0.4793471369657177
16,ia_a,60,Theta,0.8651279542812514
16,ia_a,1,Alpha,3.3292941554425544
16,ia_a,2,Alpha,5.342231257835414
16,ia_a,3,Alpha,2.9324399488705644
16,ia_a,4,Alpha,0.6868467716334579
16,ia_a,5,Alpha,3.700361361977886
16,ia_a,6,Alpha,1.8793470148293698
16,ia_a,7,Alpha,5.983366067136183
16,ia_a,8,Alpha,0.6271630937674374
16,ia_a,9,Alpha,2.6073127975849744
16,ia_a,10,Alpha,5.200697487877673
16,ia_a,11,Alpha,1.894886491133975
16,ia_a,12,Alpha,5.075755525729172
16,ia_a,13,Alpha,1.8886598720602175
16,ia_a,14,Alpha,5.0209947233333505
16,ia_a,15,Alpha,2.6073006239269905
16,ia_a,16,Alpha,4.0378115522009494
16,ia_a,17,Alpha,5.052628824513848
16,ia_a,18,Alpha,2.0521487113707795
16,ia_a,19,Alpha,1.7566370774537492
16,ia_a,20,Alpha,0.9019099432877207
16,ia_a,21,Alpha,2.847968188648906
16,ia_a,22,Alpha,0.3970818072341863
16,ia_a,23,Alpha,2.5579668534596802
16,ia_a,24,Alpha,5.996309693983879
16,ia_a,25,Alpha,1.7800624667126117
16,ia_a,26,Alpha,2.206508997560428
16,ia_a,28,Alpha,6.011787395723845
16,ia_a,29,Alpha,4.5503336199659135
16,ia_a,30,Alpha,1.9714695470954162
16,ia_a,31,Alpha,2.1423215485187956
16,ia_a,32,Alpha,2.6976073098814717
16,ia_a,33,Alpha,2.5004409155032175
16,ia_a,34,Alpha,0.9973624680848832
16,ia_a,35,Alpha,2.029268351217184
16,ia_a,36,Alpha,6.088856353706898
16,ia_a,37,Alpha,2.9845658416507583
16,ia_a,38,Alpha,2.3392054772981212
16,ia_a,39,Alpha,4.628342413593735
16,ia_a,40,Alpha,3.6903117914572583
16,ia_a,41,Alpha,5.967865014209486
16,ia_a,42,Alpha,1.7992604321792947
16,ia_a,43,Alpha,4.132727571973252
16,ia_a,44,Alpha,5.388240809422129
16,ia_a,46,Alpha,4.034829936803021
16,ia_a,47,Alpha,3.9880790246861264
16,ia_a,48,Alpha,2.5930287065085844
16,ia_a,49,Alpha,2.4101401265142233
16,ia_a,50,Alpha,2.9554908255199916
16,ia_a,51,Alpha,4.162301235626494
16,ia_a,52,Alpha,5.077573933560025
16,ia_a,53,Alpha,3.011023207669997
16,ia_a,54,Alpha,3.010099743286378
16,ia_a,55,Alpha,2.2562001535167
16,ia_a,56,Alpha,0.2960777218055163
16,ia_a,57,Alpha,4.724720603430523
16,ia_a,58,Alpha,3.084688595642803
16,ia_a,59,Alpha,1.8413690593908754
16,ia_a,60,Alpha,0.9839773880265017
16,ia_a,1,Beta,2.6836951837212406
16,ia_a,2,Beta,0.9445752603874914
16,ia_a,3,Beta,0.9712376778615727
16,ia_a,4,Beta,0.6017247886589895
16,ia_a,5,Beta,4.54478144310108
16,ia_a,6,Beta,3.9454375219225253
16,ia_a,7,Beta,5.4340905614973805
16,ia_a,8,Beta,3.8858022508747303
16,ia_a,9,Beta,0.8093190310928933
16,ia_a,10,Beta,5.199240366472875
16,ia_a,11,Beta,3.6540363695201337
16,ia_a,12,Beta,5.552251996988597
16,ia_a,13,Beta,5.95205599908913
16,ia_a,14,Beta,3.894480545013222
16,ia_a,15,Beta,0.9775785373900335
16,ia_a,16,Beta,6.152275066311187
16,ia_a,17,Beta,2.2679427840295077
16,ia_a,18,Beta,0.9125692976755964
16,ia_a,19,Beta,5.709010004878801
16,ia_a,20,Beta,1.7913335819493312
16,ia_a,21,Beta,5.607389575862818
16,ia_a,22,Beta,0.810171017936701
16,ia_a,23,Beta,0.809428706985741
16,ia_a,24,Beta,2.888243031150935
16,ia_a,25,Beta,6.07020112269894
16,ia_a,26,Beta,1.4822704940275446
16,ia_a,28,Beta,3.280755085544278
16,ia_a,29,Beta,1.5573870311233926
16,ia_a,30,Beta,0.1711567120299481
16,ia_a,31,Beta,3.1429728431119193
16,ia_a,32,Beta,1.2972202637970272
16,ia_a,33,Beta,5.449812717369364
16,ia_a,34,Beta,4.531427803561469
16,ia_a,35,Beta,0.13231726269626254
16,ia_a,36,Beta,3.426232861208011
16,ia_a,37,Beta,2.8363073043079914
16,ia_a,38,Beta,0.5580192637721042
16,ia_a,39,Beta,1.5551537483085085
16,ia_a,40,Beta,2.509412641555196
16,ia_a,41,Beta,0.8925561788989521
16,ia_a,42,Beta,4.115724459407039
16,ia_a,43,Beta,4.039581899219472
16,ia_a,44,Beta,3.752836473228964
16,ia_a,46,Beta,0.6891896399519757
16,ia_a,47,Beta,1.5818737143231862
16,ia_a,48,Beta,0.5052865009220425
16,ia_a,49,Beta,1.1553911290736039
16,ia_a,50,Beta,5.364174921958645
16,ia_a,51,Beta,0.4211465555382058
16,ia_a,52,Beta,2.18476850272047
16,ia_a,53,Beta,2.9945222579384057
16,ia_a,54,Beta,3.5539098944946543
16,ia_a,55,Beta,2.6777582011095102
16,ia_a,56,Beta,5.433466908885324
16,ia_a,57,Beta,1.0425563981039834
16,ia_a,58,Beta,4.807299097735193
16,ia_a,59,Beta,4.243284417630534
16,ia_a,60,Beta,5.684825063461615
17,ia_a,1,Delta,1.7801231751297801
17,ia_a,2,Delta,1.7794985542003046
17,ia_a,3,Delta,1.5679533300266442
17,ia_a,4,Delta,1.5481460200171553
17,ia_a,5,Delta,2.213872391679464
17,ia_a,6,Delta,1.6061855347165295
17,ia_a,7,Delta,2.6982335920378318
17,ia_a,8,Delta,1.7993718997257773
17,ia_a,9,Delta,1.86914624574279
17,ia_a,10,Delta,4.953650213429099
17,ia_a,11,Delta,1.301720583023505
17,ia_a,12,Delta,1.454700275122069
17,ia_a,13,Delta,1.8607217756388115
17,ia_a,14,Delta,1.3944536417374205
17,ia_a,15,Delta,4.630345103312643
17,ia_a,16,Delta,1.7230329907134054
17,ia_a,17,Delta,1.8732443283794327
17,ia_a,18,Delta,4.8649445626770405
17,ia_a,19,Delta,1.8677021021743452
17,ia_a,20,Delta,3.9780314519562747
17,ia_a,21,Delta,0.8879199812825657
17,ia_a,22,Delta,1.728395972244889
17,ia_a,23,Delta,1.215484735369182
17,ia_a,24,Delta,4.921865610150704
17,ia_a,26,Delta,1.2844160531999775
17,ia_a,27,Delta,1.6884613311044603
17,ia_a,28,Delta,3.8770353152253847
17,ia_a,29,Delta,0.3998225234644911
17,ia_a,30,Delta,1.671321783623832
17,ia_a,31,Delta,0.9074156821968317
17,ia_a,32,Delta,1.3909896605820635
17,ia_a,33,Delta,1.7393437013055395
17,ia_a,34,Delta,2.079341638293308
17,ia_a,35,Delta,1.6957029220413649
17,ia_a,36,Delta,2.661620311285702
17,ia_a,37,Delta,6.233510007107259
17,ia_a,38,Delta,3.3578577114707318
17,ia_a,39,Delta,1.610108431151773
17,ia_a,40,Delta,1.8463544691561966
17,ia_a,41,Delta,5.033536256127344
17,ia_a,42,Delta,1.6924043779845566
17,ia_a,43,Delta,1.6479775623094373
17,ia_a,44,Delta,5.455691155320173
17,ia_a,45,Delta,3.8582702610684514
17,ia_a,46,Delta,3.3581406597521584
17,ia_a,47,Delta,2.298082352283254
17,ia_a,48,Delta,1.3222829432082923
17,ia_a,49,Delta,1.7189300682484607
17,ia_a,50,Delta,1.8195440863511247
17,ia_a,51,Delta,3.023102820032334
17,ia_a,52,Delta,2.4949943432183694
17,ia_a,53,Delta,1.3307524502711585
17,ia_a,54,Delta,5.414894265202482
17,ia_a,55,Delta,3.4597476273028818
17,ia_a,56,Delta,0.676173102291002
17,ia_a,57,Delta,4.278931305820391
17,ia_a,58,Delta,4.303039991557732
17,ia_a,59,Delta,1.7455944384227102
17,ia_a,60,Delta,1.8684857091165434
17,ia_a,1,Theta,2.2342849487641234
17,ia_a,2,Theta,1.0569242949399384
17,ia_a,3,Theta,1.2970923567346782
17,ia_a,4,Theta,2.0888038964143374
17,ia_a,5,Theta,3.194825151818441
17,ia_a,6,Theta,2.1951416837213737
17,ia_a,7,Theta,2.9126367634158834
17,ia_a,8,Theta,1.9879932374982763
17,ia_a,9,Theta,2.3813491747843205
17,ia_a,10,Theta,3.30267783882606
17,ia_a,11,Theta,1.458467066667334
17,ia_a,12,Theta,1.516311891968807
17,ia_a,13,Theta,2.1874911643528105
17,ia_a,14,Theta,1.2331318584538595
17,ia_a,15,Theta,4.965661061096833
17,ia_a,16,Theta,2.138874330804025
17,ia_a,17,Theta,2.2984487373100446
17,ia_a,18,Theta,5.453437324212093
17,ia_a,19,Theta,2.1486879863738007
17,ia_a,20,Theta,4.274693905854646
17,ia_a,21,Theta,6.273022949145727
17,ia_a,22,Theta,1.7989234365194726
17,ia_a,23,Theta,1.1250198355117438
17,ia_a,24,Theta,0.4574190231769881
17,ia_a,26,Theta,1.9186234597414313
17,ia_a,27,Theta,2.1867935830582557
17,ia_a,28,Theta,3.2203171555418466
17,ia_a,29,Theta,0.13269208192619905
17,ia_a,30,Theta,1.5339647934187486
17,ia_a,31,Theta,1.7142516750410146
17,ia_a,32,Theta,1.0395053825839187
17,ia_a,33,Theta,1.5907555241854499
17,ia_a,34,Theta,1.6855358289264917
17,ia_a,35,Theta,2.103929100252726
17,ia_a,36,Theta,2.562565599215489
17,ia_a,37,Theta,1.0203375025641945
17,ia_a,38,Theta,2.240699515845305
17,ia_a,39,Theta,1.87769350094314
17,ia_a,40,Theta,1.6714391126776618
17,ia_a,41,Theta,0.23150935684137255
17,ia_a,42,Theta,1.7672787071971061
17,ia_a,43,Theta,0.24847885185874022
17,ia_a,44,Theta,5.618197749677827
17,ia_a,45,Theta,4.233345138967791
17,ia_a,46,Theta,4.405676165112516
17,ia_a,47,Theta,2.710095955053884
17,ia_a,48,Theta,1.844997074927672
17,ia_a,49,Theta,2.356335948320249
17,ia_a,50,Theta,1.8478654004503705
17,ia_a,51,Theta,2.1677020868435988
17,ia_a,52,Theta,2.842588046918112
17,ia_a,53,Theta,1.4751724311127055
17,ia_a,54,Theta,5.982392971831564
17,ia_a,55,Theta,3.562106652817352
17,ia_a,56,Theta,1.7077033307690754
17,ia_a,57,Theta,2.4387326056302925
17,ia_a,58,Theta,1.2624128967816592
17,ia_a,59,Theta,1.1003164382760449
17,ia_a,60,Theta,1.7732772202047737
17,ia_a,1,Alpha,3.082533698492736
17,ia_a,2,Alpha,0.8297070288699409
17,ia_a,3,Alpha,4.83282818782439
17,ia_a,4,Alpha,3.9734652938869384
17,ia_a,5,Alpha,4.710336426407232
17,ia_a,6,Alpha,1.548405617168545
17,ia_a,7,Alpha,3.870200329205902
17,ia_a,8,Alpha,2.718495738275915
17,ia_a,9,Alpha,3.484760299570178
17,ia_a,10,Alpha,5.124809013022048
17,ia_a,11,Alpha,1.6394554824903649
17,ia_a,12,Alpha,1.540339322190046
17,ia_a,13,Alpha,2.276083661313288
17,ia_a,14,Alpha,3.1887869336011256
17,ia_a,15,Alpha,4.9860895010291575
17,ia_a,16,Alpha,3.4093893276076144
17,ia_a,17,Alpha,1.8337207424952016
17,ia_a,18,Alpha,6.176662334184873
17,ia_a,19,Alpha,2.854215416838334
17,ia_a,20,Alpha,5.655409490397261
17,ia_a,21,Alpha,6.267047967117362
17,ia_a,22,Alpha,1.896200776011015
17,ia_a,23,Alpha,0.4391323876304141
17,ia_a,24,Alpha,1.3619643327040987
17,ia_a,26,Alpha,3.2294782266489483
17,ia_a,27,Alpha,3.2571346638807106
17,ia_a,28,Alpha,0.9114128781128973
17,ia_a,29,Alpha,4.967934723850519
17,ia_a,30,Alpha,1.3829677119018755
17,ia_a,31,Alpha,2.963342898973178
17,ia_a,32,Alpha,4.988317672171861
17,ia_a,33,Alpha,5.783656039176562
17,ia_a,34,Alpha,0.056719170968549594
17,ia_a,35,Alpha,2.6757760950469547
17,ia_a,36,Alpha,0.1148424967688806
17,ia_a,37,Alpha,0.6987528591185528
17,ia_a,38,Alpha,0.7631309351438241
17,ia_a,39,Alpha,0.8145686695122228
17,ia_a,40,Alpha,6.258107829497996
17,ia_a,41,Alpha,0.9966687690073519
17,ia_a,42,Alpha,1.7379948000917134
17,ia_a,43,Alpha,5.747297470275425
17,ia_a,44,Alpha,5.311583977589058
17,ia_a,45,Alpha,1.9010509745278876
17,ia_a,46,Alpha,5.7192608807757335
17,ia_a,47,Alpha,1.027562299267097
17,ia_a,48,Alpha,1.9336803011062735
17,ia_a,49,Alpha,2.384347211334671
17,ia_a,50,Alpha,1.8121084291790601
17,ia_a,51,Alpha,2.2275584696340918
17,ia_a,52,Alpha,4.920644862045673
17,ia_a,53,Alpha,5.498813892811532
17,ia_a,54,Alpha,5.858349192631546
17,ia_a,55,Alpha,1.763627444950048
17,ia_a,56,Alpha,1.7824214120603035
17,ia_a,57,Alpha,1.3825770729855735
17,ia_a,58,Alpha,4.952132297528312
17,ia_a,59,Alpha,1.6555112697322427
17,ia_a,60,Alpha,0.6263422230450717
17,ia_a,1,Beta,0.19118261961774655
17,ia_a,2,Beta,1.5564457661582491
17,ia_a,3,Beta,0.6993337177078108
17,ia_a,4,Beta,6.088316192026957
17,ia_a,5,Beta,1.542435555922041
17,ia_a,6,Beta,4.309298041299549
17,ia_a,7,Beta,0.1566239414400204
17,ia_a,8,Beta,4.486889006946176
17,ia_a,9,Beta,0.533858955206101
17,ia_a,10,Beta,2.3522791036735806
17,ia_a,11,Beta,3.307888450299137
17,ia_a,12,Beta,0.7722873814179846
17,ia_a,13,Beta,3.086650458054804
17,ia_a,14,Beta,0.41842356945036707
17,ia_a,15,Beta,2.606675992938394
17,ia_a,16,Beta,0.44899109196991455
17,ia_a,17,Beta,0.4242000280428411
17,ia_a,18,Beta,6.100796107467332
17,ia_a,19,Beta,1.069521737096656
17,ia_a,20,Beta,2.1163262118795796
17,ia_a,21,Beta,0.7745420373863035
17,ia_a,22,Beta,0.06767881167938838
17,ia_a,23,Beta,5.175818994526324
17,ia_a,24,Beta,3.1374841686082373
17,ia_a,26,Beta,1.844624813298303
17,ia_a,27,Beta,0.03897670098931059
17,ia_a,28,Beta,2.8045222941817713
17,ia_a,29,Beta,5.795839946718256
17,ia_a,30,Beta,3.031504374455438
17,ia_a,31,Beta,4.996228372217531
17,ia_a,32,Beta,6.275831934328434
17,ia_a,33,Beta,4.820296462374095
17,ia_a,34,Beta,3.43944037244493
17,ia_a,35,Beta,4.233566094251584
17,ia_a,36,Beta,5.731510361899793
17,ia_a,37,Beta,1.8215474722187133
17,ia_a,38,Beta,1.274881552071589
17,ia_a,39,Beta,6.06623217062979
17,ia_a,40,Beta,1.144941542504288
17,ia_a,41,Beta,2.0031034701769834
17,ia_a,42,Beta,1.693047638710028
17,ia_a,43,Beta,0.05294319200914954
17,ia_a,44,Beta,3.5971142926065935
17,ia_a,45,Beta,0.5929268120922548
17,ia_a,46,Beta,5.7517451509661806
17,ia_a,47,Beta,1.3506996949964023
17,ia_a,48,Beta,0.43297060211398497
17,ia_a,49,Beta,1.8707558493737966
17,ia_a,50,Beta,6.254185915457393
17,ia_a,51,Beta,2.7135734252627417
17,ia_a,52,Beta,0.038641489874353924
17,ia_a,53,Beta,6.193470386204507
17,ia_a,54,Beta,5.931725456705635
17,ia_a,55,Beta,1.3104530477010334
17,ia_a,56,Beta,2.41205476555874
17,ia_a,57,Beta,0.7981121717973703
17,ia_a,58,Beta,4.281303197636416
17,ia_a,59,Beta,0.7835533274941228
17,ia_a,60,Beta,2.7817233997082145
18,ia_a,1,Delta,0.3484230889908543
18,ia_a,2,Delta,1.6321324184029138
18,ia_a,3,Delta,2.3828641059607953
18,ia_a,4,Delta,2.018847958899999
18,ia_a,5,Delta,2.1959282798185487
18,ia_a,6,Delta,4.214550438173054
18,ia_a,7,Delta,2.4351191838464463
18,ia_a,8,Delta,4.177969366808304
18,ia_a,9,Delta,4.589450169387582
18,ia_a,10,Delta,0.1927593511591683
18,ia_a,11,Delta,5.23027749673415
18,ia_a,12,Delta,1.7807686179501803
18,ia_a,13,Delta,0.14641186962622357
18,ia_a,14,Delta,4.365830064593326
18,ia_a,15,Delta,4.470532029384661
18,ia_a,16,Delta,1.4860554208957513
18,ia_a,17,Delta,5.073212895754092
18,ia_a,18,Delta,1.503939791870865
18,ia_a,19,Delta,2.600282933291956
18,ia_a,20,Delta,4.605281239059241
18,ia_a,21,Delta,4.336407382192094
18,ia_a,22,Delta,2.5782068796298767
18,ia_a,23,Delta,4.949259103493366
18,ia_a,24,Delta,0.8024207688807087
18,ia_a,25,Delta,4.744130100758999
18,ia_a,26,Delta,5.636104343961695
18,ia_a,27,Delta,5.385572556030039
18,ia_a,29,Delta,5.582219296697402
18,ia_a,30,Delta,4.139735694599265
18,ia_a,31,Delta,5.3174664829946385
18,ia_a,32,Delta,4.757434888281831
18,ia_a,33,Delta,4.227270764088427
18,ia_a,34,Delta,0.3912130992464692
18,ia_a,35,Delta,0.49429167979783156
18,ia_a,36,Delta,4.487118438723871
18,ia_a,37,Delta,2.0584976350155277
18,ia_a,38,Delta,1.2139236590633227
18,ia_a,39,Delta,4.752704741369744
18,ia_a,40,Delta,5.206207239565305
18,ia_a,41,Delta,4.093350755434441
18,ia_a,42,Delta,5.117929428509967
18,ia_a,43,Delta,4.874945024262765
18,ia_a,44,Delta,5.337305540502403
18,ia_a,45,Delta,4.427800563375069
18,ia_a,46,Delta,4.379182748692012
18,ia_a,47,Delta,1.6287572970533961
18,ia_a,48,Delta,0.08685978396855976
18,ia_a,49,Delta,3.464403066822519
18,ia_a,50,Delta,1.8365684966001068
18,ia_a,51,Delta,5.3126931571460165
18,ia_a,52,Delta,2.948443039497175
18,ia_a,53,Delta,0.7350821464586372
18,ia_a,54,Delta,3.6035152869975247
18,ia_a,55,Delta,5.994973961803561
18,ia_a,56,Delta,5.197516208710701
18,ia_a,57,Delta,1.3110350531914998
18,ia_a,58,Delta,4.294463584561881
18,ia_a,59,Delta,3.7572705865855767
18,ia_a,60,Delta,4.234282382128782
18,ia_a,1,Theta,5.216946390542227
18,ia_a,2,Theta,2.9997631279700676
18,ia_a,3,Theta,3.120961662414962
18,ia_a,4,Theta,4.413867662838129
18,ia_a,5,Theta,2.481822589254037
18,ia_a,6,Theta,2.6102052694540325
18,ia_a,7,Theta,3.376035761570259
18,ia_a,8,Theta,4.18017660997339
18,ia_a,9,Theta,3.0258821142426444
18,ia_a,10,Theta,0.8000442580407882
18,ia_a,11,Theta,5.092404313575277
18,ia_a,12,Theta,0.9776971043991267
18,ia_a,13,Theta,5.831164116227826
18,ia_a,14,Theta,4.9261962958411445
18,ia_a,15,Theta,5.083390544313666
18,ia_a,16,Theta,5.726716186309035
18,ia_a,17,Theta,3.330554640753012
18,ia_a,18,Theta,4.657635197638156
18,ia_a,19,Theta,3.2808139152367164
18,ia_a,20,Theta,4.2636763775134945
18,ia_a,21,Theta,3.384845553066963
18,ia_a,22,Theta,2.2017783854525783
18,ia_a,23,Theta,2.7890164452732615
18,ia_a,24,Theta,3.477705569016756
18,ia_a,25,Theta,3.838130414062584
18,ia_a,26,Theta,5.754034412290834
18,ia_a,27,Theta,6.071578619011981
18,ia_a,29,Theta,1.551933087297125
18,ia_a,30,Theta,2.8409165321452576
18,ia_a,31,Theta,5.394348935794854
18,ia_a,32,Theta,4.010554029915863
18,ia_a,33,Theta,4.107046944055398
18,ia_a,34,Theta,1.634145949006798
18,ia_a,35,Theta,0.43820297683559994
18,ia_a,36,Theta,1.8030468390826921
18,ia_a,37,Theta,2.0180317458982966
18,ia_a,38,Theta,1.3920164755809499
18,ia_a,39,Theta,2.9770189752525495
18,ia_a,40,Theta,4.46710909090176
18,ia_a,41,Theta,3.518557375803228
18,ia_a,42,Theta,5.57117113339071
18,ia_a,43,Theta,4.935487745183873
18,ia_a,44,Theta,0.3162561408564679
18,ia_a,45,Theta,3.1442029935089093
18,ia_a,46,Theta,5.0300426131268985
18,ia_a,47,Theta,1.9518739823441131
18,ia_a,48,Theta,5.860812816059881
18,ia_a,49,Theta,3.0118437660352084
18,ia_a,50,Theta,1.7675713023019821
18,ia_a,51,Theta,5.6111784675188074
18,ia_a,52,Theta,2.451901497719297
18,ia_a,53,Theta,0.7625866610381677
18,ia_a,54,Theta,3.625235356499695
18,ia_a,55,Theta,1.1616291732750224
18,ia_a,56,Theta,6.224574199050286
18,ia_a,57,Theta,1.3054471028970804
18,ia_a,58,Theta,5.049510320297518
18,ia_a,59,Theta,2.7782274645824776
18,ia_a,60,Theta,3.85673317738269
18,ia_a,1,Alpha,4.425106253645503
18,ia_a,2,Alpha,4.992650891828566
18,ia_a,3,Alpha,3.739690554557422
18,ia_a,4,Alpha,5.690566072585582
18,ia_a,5,Alpha,0.940512704955632
18,ia_a,6,Alpha,2.947900161702899
18,ia_a,7,Alpha,2.9399488900907893
18,ia_a,8,Alpha,1.769588435728097
18,ia_a,9,Alpha,3.7449452910108865
18,ia_a,10,Alpha,5.415985487922285
18,ia_a,11,Alpha,4.64691922088928
18,ia_a,12,Alpha,6.086186084895896
18,ia_a,13,Alpha,4.696501525586529
18,ia_a,14,Alpha,1.1927490043026288
18,ia_a,15,Alpha,1.4762056012072424
18,ia_a,16,Alpha,6.180430163813408
18,ia_a,17,Alpha,3.6809492699774786
18,ia_a,18,Alpha,4.914471482822212
18,ia_a,19,Alpha,2.81532815036082
18,ia_a,20,Alpha,4.5271095171152576
18,ia_a,21,Alpha,3.7620700848138005
18,ia_a,22,Alpha,2.804743409247865
18,ia_a,23,Alpha,2.094958653573897
18,ia_a,24,Alpha,3.927897252126761
18,ia_a,25,Alpha,2.5162596708743195
18,ia_a,26,Alpha,0.6494620737802276
18,ia_a,27,Alpha,4.993000908073483
18,ia_a,29,Alpha,4.2795670920639886
18,ia_a,30,Alpha,3.154132140984231
18,ia_a,31,Alpha,5.867293191755661
18,ia_a,32,Alpha,4.423076577809447
18,ia_a,33,Alpha,0.0674506854255611
18,ia_a,34,Alpha,2.309831709784675
18,ia_a,35,Alpha,0.15375940491562348
18,ia_a,36,Alpha,1.048570274411992
18,ia_a,37,Alpha,5.578380086754168
18,ia_a,38,Alpha,0.3696935790190828
18,ia_a,39,Alpha,1.308247540419709
18,ia_a,40,Alpha,3.5024118772391972
18,ia_a,41,Alpha,4.34729124098331
18,ia_a,42,Alpha,5.722441137305925
18,ia_a,43,Alpha,1.7056755859985617
18,ia_a,44,Alpha,0.1421882506480771
18,ia_a,45,Alpha,3.0536649402886207
18,ia_a,46,Alpha,4.65603536601762
18,ia_a,47,Alpha,2.5286377270379736
18,ia_a,48,Alpha,0.02986607679138914
18,ia_a,49,Alpha,2.150698481964603
18,ia_a,50,Alpha,2.851285990731774
18,ia_a,51,Alpha,5.561292382619557
18,ia_a,52,Alpha,3.215774422425037
18,ia_a,53,Alpha,0.6205970337934841
18,ia_a,54,Alpha,4.448058248142654
18,ia_a,55,Alpha,1.2702554153974857
18,ia_a,56,Alpha,1.9391287009061227
18,ia_a,57,Alpha,5.651767381798949
18,ia_a,58,Alpha,5.970400121323902
18,ia_a,59,Alpha,1.0581856815006618
18,ia_a,60,Alpha,3.254509855862029
18,ia_a,1,Beta,2.0830928727977995
18,ia_a,2,Beta,5.256869319362346
18,ia_a,3,Beta,0.43669501760126805
18,ia_a,4,Beta,3.8492248530340714
18,ia_a,5,Beta,4.537485845642628
18,ia_a,6,Beta,1.853352571580942
18,ia_a,7,Beta,4.747656279123568
18,ia_a,8,Beta,1.3501160542445012
18,ia_a,9,Beta,4.7853380667999215
18,ia_a,10,Beta,0.4832910513285481
18,ia_a,11,Beta,4.970816968872514
18,ia_a,12,Beta,4.57587769407064
18,ia_a,13,Beta,5.802144842125885
18,ia_a,14,Beta,4.838086614750621
18,ia_a,15,Beta,5.161572053255949
18,ia_a,16,Beta,4.051504328708992
18,ia_a,17,Beta,3.622579627911483
18,ia_a,18,Beta,2.606208297563562
18,ia_a,19,Beta,0.5372252032928643
18,ia_a,20,Beta,2.801724287756908
18,ia_a,21,Beta,0.5760739332129787
18,ia_a,22,Beta,6.1209223346061385
18,ia_a,23,Beta,0.4329244134463568
18,ia_a,24,Beta,0.5736238972549034
18,ia_a,25,Beta,0.5129664839436513
18,ia_a,26,Beta,0.9874586578634191
18,ia_a,27,Beta,6.15316645679844
18,ia_a,29,Beta,1.0636206828477075
18,ia_a,30,Beta,2.067666958165568
18,ia_a,31,Beta,0.95896798823879
18,ia_a,32,Beta,2.4596371230822687
18,ia_a,33,Beta,2.386980150873413
18,ia_a,34,Beta,5.061582381074836
18,ia_a,35,Beta,4.698595379196877
18,ia_a,36,Beta,0.8873804959040126
18,ia_a,37,Beta,0.8409424567075966
18,ia_a,38,Beta,2.2619341864632663
18,ia_a,39,Beta,2.263086526464014
18,ia_a,40,Beta,4.413322721447932
18,ia_a,41,Beta,0.5307485626797638
18,ia_a,42,Beta,3.7342840953657146
18,ia_a,43,Beta,1.9667258651767061
18,ia_a,44,Beta,4.5139332769004525
18,ia_a,45,Beta,0.6452660392249202
18,ia_a,46,Beta,3.224782664375125
18,ia_a,47,Beta,4.543345426266912
18,ia_a,48,Beta,3.3819003660028244
18,ia_a,49,Beta,0.7395350768110929
18,ia_a,50,Beta,4.506929782185681
18,ia_a,51,Beta,4.890316460441323
18,ia_a,52,Beta,3.867292139042314
18,ia_a,53,Beta,3.6538975927615773
18,ia_a,54,Beta,5.700995492631961
18,ia_a,55,Beta,5.8016646661478575
18,ia_a,56,Beta,1.1079040761384578
18,ia_a,57,Beta,2.8645866921927547
18,ia_a,58,Beta,1.5618642031352707
18,ia_a,59,Beta,0.3338948523096841
18,ia_a,60,Beta,1.207347314390436
2,ia_a,1,Delta,5.396293546598664
2,ia_a,2,Delta,1.1997449139745588
2,ia_a,3,Delta,5.018745442468684
2,ia_a,4,Delta,2.317645097123307
2,ia_a,5,Delta,0.9421180749623186
2,ia_a,6,Delta,5.751533687685653
2,ia_a,7,Delta,2.339915684489359
2,ia_a,8,Delta,1.491246050250166
2,ia_a,9,Delta,4.9562884799597
2,ia_a,10,Delta,6.2570790414764454
2,ia_a,11,Delta,0.542153039068578
2,ia_a,12,Delta,1.4967968552545872
2,ia_a,13,Delta,4.067673633890211
2,ia_a,14,Delta,3.6523243597449024
2,ia_a,15,Delta,1.625270671709276
2,ia_a,16,Delta,4.5469578344836945
2,ia_a,17,Delta,1.903706161966712
2,ia_a,18,Delta,0.7499803100868792
2,ia_a,19,Delta,0.7807090666382657
2,ia_a,20,Delta,1.8461420886310096
2,ia_a,21,Delta,0.7737936079730184
2,ia_a,22,Delta,4.039754418563776
2,ia_a,23,Delta,0.9326829703579321
2,ia_a,24,Delta,1.1272216547232226
2,ia_a,25,Delta,3.3037286352827264
2,ia_a,26,Delta,1.1595501501881642
2,ia_a,27,Delta,5.333248049015432
2,ia_a,28,Delta,6.256551559802427
2,ia_a,29,Delta,1.5105849402387777
2,ia_a,30,Delta,1.585224391280372
2,ia_a,31,Delta,2.1215704211528723
2,ia_a,32,Delta,4.843961425067915
2,ia_a,33,Delta,0.6110116491057315
2,ia_a,34,Delta,1.4297758726557586
2,ia_a,35,Delta,1.548768992511576
2,ia_a,36,Delta,1.9821260781539038
2,ia_a,37,Delta,1.2254608972071273
2,ia_a,38,Delta,1.3970315298533278
2,ia_a,39,Delta,1.9259383490856627
2,ia_a,40,Delta,1.0867842320199341
2,ia_a,41,Delta,5.603125997697463
2,ia_a,42,Delta,0.46075996993168267
2,ia_a,43,Delta,0.3686298653574037
2,ia_a,44,Delta,0.5180658310716785
2,ia_a,45,Delta,1.276545393906972
2,ia_a,46,Delta,1.1802761764856822
2,ia_a,47,Delta,2.4305399087487762
2,ia_a,48,Delta,0.8825959938403243
2,ia_a,49,Delta,1.5138061402649927
2,ia_a,51,Delta,1.3219838854121644
2,ia_a,52,Delta,1.3229164233735171
2,ia_a,54,Delta,1.1460104913079325
2,ia_a,55,Delta,1.18294297682385
2,ia_a,56,Delta,1.265201324656187
2,ia_a,57,Delta,3.9259268356863806
2,ia_a,58,Delta,1.230149552719931
2,ia_a,59,Delta,1.5260318069623737
2,ia_a,60,Delta,0.5187914092778725
2,ia_a,1,Theta,1.3107020757808652
2,ia_a,2,Theta,0.8649223940624409
2,ia_a,3,Theta,0.480309356798787
2,ia_a,4,Theta,2.632384955416585
2,ia_a,5,Theta,0.8497552859888996
2,ia_a,6,Theta,0.035828424982034396
2,ia_a,7,Theta,2.0447062429143927
2,ia_a,8,Theta,0.008031643287942187
2,ia_a,9,Theta,5.189710348550815
2,ia_a,10,Theta,0.1718515704417267
2,ia_a,11,Theta,0.16059989779738915
2,ia_a,12,Theta,1.9430777277925078
2,ia_a,13,Theta,3.8925235676391825
2,ia_a,14,Theta,3.2566187017466697
2,ia_a,15,Theta,1.5972304137665976
2,ia_a,16,Theta,4.0581291565026945
2,ia_a,17,Theta,3.918668864855843
2,ia_a,18,Theta,1.99582551147052
2,ia_a,19,Theta,0.6909188857384418
2,ia_a,20,Theta,3.060822897741004
2,ia_a,21,Theta,1.6034582475401042
2,ia_a,22,Theta,3.016650320330471
2,ia_a,23,Theta,1.3280359876538907
2,ia_a,24,Theta,0.11506165372323006
2,ia_a,25,Theta,3.819137586225976
2,ia_a,26,Theta,1.8209047104825677
2,ia_a,27,Theta,5.8006525398695405
2,ia_a,28,Theta,0.12870983551849322
2,ia_a,29,Theta,1.7707987164964478
2,ia_a,30,Theta,1.3864540492221678
2,ia_a,31,Theta,3.7846020449411175
2,ia_a,32,Theta,5.157174966858814
2,ia_a,33,Theta,0.4708457547411051
2,ia_a,34,Theta,1.7080587880238987
2,ia_a,35,Theta,3.2406941256062147
2,ia_a,36,Theta,3.0616422062702378
2,ia_a,37,Theta,0.7827860872048614
2,ia_a,38,Theta,1.296002777013007
2,ia_a,39,Theta,2.322025066565374
2,ia_a,40,Theta,1.5360512623943385
2,ia_a,41,Theta,1.3541175744314242
2,ia_a,42,Theta,0.8850376101487661
2,ia_a,43,Theta,5.567555386883841
2,ia_a,44,Theta,1.1526211423862027
2,ia_a,45,Theta,1.0206135075699647
2,ia_a,46,Theta,0.833525775595422
2,ia_a,47,Theta,2.6777653765439218
2,ia_a,48,Theta,0.29953890212152323
2,ia_a,49,Theta,2.1569637469576866
2,ia_a,51,Theta,5.186180506099049
2,ia_a,52,Theta,0.4823835196401193
2,ia_a,54,Theta,1.1619549756534138
2,ia_a,55,Theta,0.9273938440048533
2,ia_a,56,Theta,0.41715585466485117
2,ia_a,57,Theta,4.041329291890062
2,ia_a,58,Theta,1.63785201863419
2,ia_a,59,Theta,2.2690459535666476
2,ia_a,60,Theta,0.6721170675631869
2,ia_a,1,Alpha,1.161167048182662
2,ia_a,2,Alpha,0.67004271596152
2,ia_a,3,Alpha,1.7173621254533538
2,ia_a,4,Alpha,3.423057421769787
2,ia_a,5,Alpha,0.5826184527049322
2,ia_a,6,Alpha,3.474661897199361
2,ia_a,7,Alpha,2.0038071154215875
2,ia_a,8,Alpha,6.151852006432208
2,ia_a,9,Alpha,3.6668526429390162
2,ia_a,10,Alpha,0.799834183164693
2,ia_a,11,Alpha,6.068757955970102
2,ia_a,12,Alpha,2.2161147938709105
2,ia_a,13,Alpha,4.568992302859588
2,ia_a,14,Alpha,2.924167790010876
2,ia_a,15,Alpha,1.5349616174026208
2,ia_a,16,Alpha,3.2512987577529593
2,ia_a,17,Alpha,5.075375588588039
2,ia_a,18,Alpha,0.8424861068960495
2,ia_a,19,Alpha,0.25144962739785115
2,ia_a,20,Alpha,1.2334221299276187
2,ia_a,21,Alpha,2.230303932540184
2,ia_a,22,Alpha,0.39797957593470656
2,ia_a,23,Alpha,2.645359681236291
2,ia_a,24,Alpha,5.254243780767742
2,ia_a,25,Alpha,3.3186742950652413
2,ia_a,26,Alpha,2.3727928701109207
2,ia_a,27,Alpha,5.930903189362172
2,ia_a,28,Alpha,4.83972226512443
2,ia_a,29,Alpha,0.9105411817082433
2,ia_a,30,Alpha,6.198664623400356
2,ia_a,31,Alpha,5.427364000558261
2,ia_a,32,Alpha,4.553127203124952
2,ia_a,33,Alpha,1.477977261660805
2,ia_a,34,Alpha,1.2209226148189294
2,ia_a,35,Alpha,2.1023866644289675
2,ia_a,36,Alpha,0.2612775674010953
2,ia_a,37,Alpha,5.832120191093814
2,ia_a,38,Alpha,2.1984392454891624
2,ia_a,39,Alpha,3.1605251919143047
2,ia_a,40,Alpha,1.5024595495679014
2,ia_a,41,Alpha,2.084530788068494
2,ia_a,42,Alpha,6.012754925953648
2,ia_a,43,Alpha,5.804130143873448
2,ia_a,44,Alpha,1.5138527861518534
2,ia_a,45,Alpha,0.8607762886895192
2,ia_a,46,Alpha,0.6077592846699427
2,ia_a,47,Alpha,1.296572270999195
2,ia_a,48,Alpha,0.7888233797880626
2,ia_a,49,Alpha,2.580009435571038
2,ia_a,51,Alpha,4.260814576221502
2,ia_a,52,Alpha,4.970417717510022
2,ia_a,54,Alpha,2.2127922931791573
2,ia_a,55,Alpha,0.3451105054910877
2,ia_a,56,Alpha,4.917168311256163
2,ia_a,57,Alpha,5.345469708030913
2,ia_a,58,Alpha,3.9099238955164473
2,ia_a,59,Alpha,2.921644010946079
2,ia_a,60,Alpha,4.378814868336862
2,ia_a,1,Beta,5.530252427160751
2,ia_a,2,Beta,3.5621923652028165
2,ia_a,3,Beta,2.90592772684045
2,ia_a,4,Beta,1.5154342297951793
2,ia_a,5,Beta,0.10363677398829074
2,ia_a,6,Beta,1.3038265317627136
2,ia_a,7,Beta,0.7927927908709957
2,ia_a,8,Beta,2.1151232338318477
2,ia_a,9,Beta,4.346652605922457
2,ia_a,10,Beta,3.7143715351097826
2,ia_a,11,Beta,3.8724825801432323
2,ia_a,12,Beta,2.9994751795608634
2,ia_a,13,Beta,1.6700143105868948
2,ia_a,14,Beta,0.8104127067544942
2,ia_a,15,Beta,0.9061258476184271
2,ia_a,16,Beta,5.705419163738724
2,ia_a,17,Beta,2.60621989607792
2,ia_a,18,Beta,0.284786786024585
2,ia_a,19,Beta,5.604771966433489
2,ia_a,20,Beta,3.0265229855405633
2,ia_a,21,Beta,4.580027110269077
2,ia_a,22,Beta,4.0182554732465015
2,ia_a,23,Beta,0.7113228188037093
2,ia_a,24,Beta,1.1680344753361864
2,ia_a,25,Beta,1.1933130478124534
2,ia_a,26,Beta,4.079843986071355
2,ia_a,27,Beta,0.28612485593031917
2,ia_a,28,Beta,3.380271949015114
2,ia_a,29,Beta,4.954689245459521
2,ia_a,30,Beta,3.1074836262925047
2,ia_a,31,Beta,5.074334532917194
2,ia_a,32,Beta,0.9277257850769961
2,ia_a,33,Beta,2.218638668638245
2,ia_a,34,Beta,2.0643060692051374
2,ia_a,35,Beta,0.6505619246130532
2,ia_a,36,Beta,4.576520434122282
2,ia_a,37,Beta,2.43019286453549
2,ia_a,38,Beta,5.457308018054116
2,ia_a,39,Beta,1.128712509758798
2,ia_a,40,Beta,4.55184598151825
2,ia_a,41,Beta,4.02185072411311
2,ia_a,42,Beta,0.7429995784609803
2,ia_a,43,Beta,2.176763461225247
2,ia_a,44,Beta,5.822104434676706
2,ia_a,45,Beta,4.998227501943383
2,ia_a,46,Beta,2.571331925172838
2,ia_a,47,Beta,4.257141360628606
2,ia_a,48,Beta,0.874328067715212
2,ia_a,49,Beta,4.649708469122693
2,ia_a,51,Beta,3.2805605407209564
2,ia_a,52,Beta,3.9654050871623046
2,ia_a,54,Beta,3.447831904906808
2,ia_a,55,Beta,5.159702075216404
2,ia_a,56,Beta,3.3402136264711557
2,ia_a,57,Beta,1.0637942173231478
2,ia_a,58,Beta,3.390594223127489
2,ia_a,59,Beta,3.264462133487099
2,ia_a,60,Beta,0.17719811287386772
20,ia_a,1,Delta,2.2005554793778312
20,ia_a,2,Delta,6.054943613824803
20,ia_a,3,Delta,1.7529283152929425
20,ia_a,4,Delta,1.8681656439279142
20,ia_a,5,Delta,0.09838873552270642
20,ia_a,6,Delta,3.8718947060464752
20,ia_a,7,Delta,1.0083793200396036
20,ia_a,8,Delta,1.7686874462881563
20,ia_a,9,Delta,0.671913791818383
20,ia_a,10,Delta,1.2759269410189096
20,ia_a,11,Delta,1.7780608724201632
20,ia_a,12,Delta,1.5708813914772755
20,ia_a,13,Delta,1.325022427754448
20,ia_a,14,Delta,1.9339201171688645
20,ia_a,16,Delta,1.4688826999943727
20,ia_a,17,Delta,0.499813673999331
20,ia_a,18,Delta,2.0323454240904812
20,ia_a,19,Delta,1.6596251671073574
20,ia_a,20,Delta,2.8023296320528908
20,ia_a,21,Delta,5.948596523163291
20,ia_a,22,Delta,5.913152099735397
20,ia_a,23,Delta,1.1420918348499285
20,ia_a,24,Delta,6.02919083952127
20,ia_a,25,Delta,5.329597704539226
20,ia_a,26,Delta,1.6669436290133777
20,ia_a,27,Delta,5.160708672736215
20,ia_a,28,Delta,5.219754486383717
20,ia_a,29,Delta,3.802075879287354
20,ia_a,30,Delta,4.564040404273975
20,ia_a,31,Delta,2.4202003425757663
20,ia_a,32,Delta,4.883140809395872
20,ia_a,33,Delta,3.6758493468711277
20,ia_a,34,Delta,3.0385622068123115
20,ia_a,35,Delta,3.867127981045841
20,ia_a,36,Delta,3.9639043955856916
20,ia_a,37,Delta,1.4657083809173534
20,ia_a,38,Delta,5.627022633663675
20,ia_a,39,Delta,2.9991529543581184
20,ia_a,40,Delta,0.9347642991326199
20,ia_a,41,Delta,4.200217377325675
20,ia_a,42,Delta,0.5870948660713835
20,ia_a,43,Delta,4.112253111924197
20,ia_a,44,Delta,1.6069964709580093
20,ia_a,45,Delta,4.267579115139506
20,ia_a,46,Delta,2.093268846745804
20,ia_a,47,Delta,4.568982290716365
20,ia_a,48,Delta,1.335156017736757
20,ia_a,49,Delta,0.8420032748150259
20,ia_a,51,Delta,0.7737243537499013
20,ia_a,52,Delta,2.9235561642165946
20,ia_a,53,Delta,2.624870078380289
20,ia_a,54,Delta,4.5310816561196905
20,ia_a,55,Delta,5.505363987372481
20,ia_a,56,Delta,2.205851407429797
20,ia_a,57,Delta,5.417797152778329
20,ia_a,58,Delta,0.28684098536392877
20,ia_a,59,Delta,5.187718687178565
20,ia_a,60,Delta,2.1790431755326645
20,ia_a,1,Theta,2.7385078219851793
20,ia_a,2,Theta,6.207378701006105
20,ia_a,3,Theta,5.077501428907025
20,ia_a,4,Theta,6.266829093136358
20,ia_a,5,Theta,6.275919662752269
20,ia_a,6,Theta,4.090223636688821
20,ia_a,7,Theta,1.0832127354959817
20,ia_a,8,Theta,2.497032428094993
20,ia_a,9,Theta,1.540519231799325
20,ia_a,10,Theta,1.520103143062676
20,ia_a,11,Theta,1.1894784395609483
20,ia_a,12,Theta,0.45039079794852277
20,ia_a,13,Theta,5.820286588699473
20,ia_a,14,Theta,2.011761033699065
20,ia_a,16,Theta,1.628259143071536
20,ia_a,17,Theta,0.9958925252034977
20,ia_a,18,Theta,1.8742599004043765
20,ia_a,19,Theta,5.019308616145831
20,ia_a,20,Theta,2.4599282795529906
20,ia_a,21,Theta,0.5438960110198191
20,ia_a,22,Theta,5.76283825248783
20,ia_a,23,Theta,1.1103334375367855
20,ia_a,24,Theta,4.067068004722332
20,ia_a,25,Theta,0.492972496382554
20,ia_a,26,Theta,0.2785416834216128
20,ia_a,27,Theta,6.084076155980421
20,ia_a,28,Theta,1.3965027132440286
20,ia_a,29,Theta,2.571125798541043
20,ia_a,30,Theta,0.13648736994663344
20,ia_a,31,Theta,2.734587242580992
20,ia_a,32,Theta,5.302743256908168
20,ia_a,33,Theta,3.678112822989187
20,ia_a,34,Theta,3.131300992574339
20,ia_a,35,Theta,4.885580401208468
20,ia_a,36,Theta,4.365847711719045
20,ia_a,37,Theta,0.7423105738181535
20,ia_a,38,Theta,5.683991417704986
20,ia_a,39,Theta,4.481275618889924
20,ia_a,40,Theta,5.877505999715069
20,ia_a,41,Theta,5.3260005592279045
20,ia_a,42,Theta,0.7161543493388669
20,ia_a,43,Theta,3.548048897841196
20,ia_a,44,Theta,1.9667349515159935
20,ia_a,45,Theta,4.957315842015446
20,ia_a,46,Theta,5.952033757253096
20,ia_a,47,Theta,3.7705153773866775
20,ia_a,48,Theta,1.012322722694242
20,ia_a,49,Theta,1.2979640560982442
20,ia_a,51,Theta,0.601944124871164
20,ia_a,52,Theta,4.186571878132331
20,ia_a,53,Theta,2.869790483946612
20,ia_a,54,Theta,4.716224534207147
20,ia_a,55,Theta,5.573008951505491
20,ia_a,56,Theta,3.857725631665496
20,ia_a,57,Theta,5.926508225279102
20,ia_a,58,Theta,5.814929588776319
20,ia_a,59,Theta,6.133949197971768
20,ia_a,60,Theta,2.7947167272650435
20,ia_a,1,Alpha,5.747918659047082
20,ia_a,2,Alpha,5.16955871842794
20,ia_a,3,Alpha,5.067029271089577
20,ia_a,4,Alpha,0.6699333814476025
20,ia_a,5,Alpha,0.31818442568265687
20,ia_a,6,Alpha,4.674672644584804
20,ia_a,7,Alpha,5.427783725057149
20,ia_a,8,Alpha,4.466501546599814
20,ia_a,9,Alpha,1.0759088421096408
20,ia_a,10,Alpha,6.039842426063022
20,ia_a,11,Alpha,1.249001124262516
20,ia_a,12,Alpha,0.644665126700511
20,ia_a,13,Alpha,3.764411582016683
20,ia_a,14,Alpha,1.246167263322389
20,ia_a,16,Alpha,5.582675930144033
20,ia_a,17,Alpha,2.326969934651679
20,ia_a,18,Alpha,3.364248289916571
20,ia_a,19,Alpha,5.868337116622129
20,ia_a,20,Alpha,1.717514241318943
20,ia_a,21,Alpha,3.63449077315855
20,ia_a,22,Alpha,5.459267131318762
20,ia_a,23,Alpha,4.320793531613883
20,ia_a,24,Alpha,3.3266606979700692
20,ia_a,25,Alpha,0.7094700299382535
20,ia_a,26,Alpha,5.282042182398129
20,ia_a,27,Alpha,0.217427624355766
20,ia_a,28,Alpha,0.8413807825547873
20,ia_a,29,Alpha,2.4815369899105706
20,ia_a,30,Alpha,6.250435370223195
20,ia_a,31,Alpha,5.720264372033367
20,ia_a,32,Alpha,5.065479221729045
20,ia_a,33,Alpha,5.677598068349201
20,ia_a,34,Alpha,3.672905786644542
20,ia_a,35,Alpha,6.003821017064304
20,ia_a,36,Alpha,4.609565796433769
20,ia_a,37,Alpha,1.0000762058323145
20,ia_a,38,Alpha,5.984354296355397
20,ia_a,39,Alpha,4.697787620793553
20,ia_a,40,Alpha,5.398539595895298
20,ia_a,41,Alpha,5.831924304672174
20,ia_a,42,Alpha,5.721822148038568
20,ia_a,43,Alpha,3.470198523337564
20,ia_a,44,Alpha,2.274388921380652
20,ia_a,45,Alpha,4.589948387577217
20,ia_a,46,Alpha,1.0848566806083795
20,ia_a,47,Alpha,3.108483221278147
20,ia_a,48,Alpha,4.952873067820205
20,ia_a,49,Alpha,1.842109419662432
20,ia_a,51,Alpha,4.5787513967465046
20,ia_a,52,Alpha,1.2887528828317223
20,ia_a,53,Alpha,3.208161072415514
20,ia_a,54,Alpha,4.433842017002081
20,ia_a,55,Alpha,4.114840557195906
20,ia_a,56,Alpha,4.489078497192457
20,ia_a,57,Alpha,5.841568531343016
20,ia_a,58,Alpha,3.390547989844729
20,ia_a,59,Alpha,1.4531420508076625
20,ia_a,60,Alpha,1.1992479201915707
20,ia_a,1,Beta,0.06988099401182281
20,ia_a,2,Beta,6.048339091257068
20,ia_a,3,Beta,4.139576774947463
20,ia_a,4,Beta,1.8323243376027099
20,ia_a,5,Beta,4.245101881303238
20,ia_a,6,Beta,4.186579288809707
20,ia_a,7,Beta,1.3922490947647397
20,ia_a,8,Beta,1.2820689235670857
20,ia_a,9,Beta,2.2066948849823342
20,ia_a,10,Beta,2.315738518738025
20,ia_a,11,Beta,2.330256091217997
20,ia_a,12,Beta,0.994781436807426
20,ia_a,13,Beta,1.5729908393057797
20,ia_a,14,Beta,1.7974566963334262
20,ia_a,16,Beta,0.6234309516122852
20,ia_a,17,Beta,5.512201247647082
20,ia_a,18,Beta,3.570911084883781
20,ia_a,19,Beta,0.17380116836705983
20,ia_a,20,Beta,3.0621738025201632
20,ia_a,21,Beta,4.123450512231038
20,ia_a,22,Beta,3.5327523173454263
20,ia_a,23,Beta,4.897576535703514
20,ia_a,24,Beta,4.806117065518244
20,ia_a,25,Beta,0.09890930320763669
20,ia_a,26,Beta,5.545978126943961
20,ia_a,27,Beta,0.2705386091777723
20,ia_a,28,Beta,5.9608515579707015
20,ia_a,29,Beta,0.9423432577121258
20,ia_a,30,Beta,4.815899385128973
20,ia_a,31,Beta,1.2125045170611484
20,ia_a,32,Beta,2.1015796373063464
20,ia_a,33,Beta,4.600270155873713
20,ia_a,34,Beta,0.5850379505710125
20,ia_a,35,Beta,2.7828840539579187
20,ia_a,36,Beta,1.9808153923973584
20,ia_a,37,Beta,2.7825692787356884
20,ia_a,38,Beta,6.280367545952544
20,ia_a,39,Beta,0.38988908325203503
20,ia_a,40,Beta,2.7110924502479046
20,ia_a,41,Beta,5.050776950364412
20,ia_a,42,Beta,2.392356030249651
20,ia_a,43,Beta,5.248723173113862
20,ia_a,44,Beta,1.4319303615003534
20,ia_a,45,Beta,1.9833394398899356
20,ia_a,46,Beta,0.6474640951944087
20,ia_a,47,Beta,0.40244895271672115
20,ia_a,48,Beta,2.7193607560481765
20,ia_a,49,Beta,2.5915861445557504
20,ia_a,51,Beta,4.505503601283805
20,ia_a,52,Beta,0.839491364206199
20,ia_a,53,Beta,1.8323700547161987
20,ia_a,54,Beta,5.21783790661441
20,ia_a,55,Beta,4.3472001709348564
20,ia_a,56,Beta,4.659787359794821
20,ia_a,57,Beta,4.806765186109349
20,ia_a,58,Beta,2.4172651746071883
20,ia_a,59,Beta,1.1151860297561633
20,ia_a,60,Beta,0.36211462964093577
3,ia_a,2,Delta,3.231607892883499
3,ia_a,3,Delta,4.546711051443144
3,ia_a,4,Delta,1.4860254549361618
3,ia_a,5,Delta,2.637109834787331
3,ia_a,6,Delta,1.395971735186513
3,ia_a,7,Delta,3.8093567814794773
3,ia_a,8,Delta,5.14597476723314
3,ia_a,9,Delta,5.224114773333497
3,ia_a,10,Delta,3.742170786974868
3,ia_a,11,Delta,3.642529766661012
3,ia_a,12,Delta,3.432616223885616
3,ia_a,13,Delta,2.2107161542489195
3,ia_a,14,Delta,5.493310302672555
3,ia_a,15,Delta,2.5240580868646507
3,ia_a,16,Delta,5.774742967685846
3,ia_a,17,Delta,3.644697905591999
3,ia_a,18,Delta,2.0498128177673856
3,ia_a,19,Delta,4.694886341555325
3,ia_a,20,Delta,5.238599187820684
3,ia_a,21,Delta,0.9431179828721796
3,ia_a,22,Delta,4.240306729828855
3,ia_a,23,Delta,0.82378720900145
3,ia_a,24,Delta,4.973893562599534
3,ia_a,25,Delta,4.931625296959357
3,ia_a,26,Delta,5.694291810921626
3,ia_a,27,Delta,4.4921245788436295
3,ia_a,29,Delta,4.64416991572031
3,ia_a,30,Delta,0.7288758209830408
3,ia_a,32,Delta,1.489218804582642
3,ia_a,33,Delta,6.050182418894648
3,ia_a,34,Delta,1.8830765546185817
3,ia_a,35,Delta,4.407500310261293
3,ia_a,36,Delta,5.822161957548622
3,ia_a,37,Delta,5.047083991233444
3,ia_a,38,Delta,5.487523201732042
3,ia_a,39,Delta,1.3529574742171953
3,ia_a,40,Delta,3.5918033447259545
3,ia_a,41,Delta,4.659567465948717
3,ia_a,42,Delta,4.424917441126538
3,ia_a,43,Delta,2.06936233762476
3,ia_a,44,Delta,1.6416683155978409
3,ia_a,45,Delta,2.9171552962118046
3,ia_a,46,Delta,1.8854709095884754
3,ia_a,47,Delta,4.686395423691398
3,ia_a,48,Delta,4.725285211474896
3,ia_a,49,Delta,1.5811016495497925
3,ia_a,50,Delta,2.9150333995528315
3,ia_a,51,Delta,6.013449528366472
3,ia_a,52,Delta,4.475520415314555
3,ia_a,53,Delta,2.043293259296577
3,ia_a,54,Delta,4.794632137554263
3,ia_a,55,Delta,0.6971004393215716
3,ia_a,56,Delta,5.457053213051287
3,ia_a,57,Delta,2.0276800921647875
3,ia_a,58,Delta,5.0113716858495625
3,ia_a,59,Delta,2.3772107145119556
3,ia_a,60,Delta,1.574408741255279
3,ia_a,2,Theta,3.48214295666568
3,ia_a,3,Theta,4.980639721688968
3,ia_a,4,Theta,1.2013538029281385
3,ia_a,5,Theta,3.6700114402719195
3,ia_a,6,Theta,0.760485146251721
3,ia_a,7,Theta,4.297584473852379
3,ia_a,8,Theta,5.240102019016915
3,ia_a,9,Theta,5.996476121754043
3,ia_a,10,Theta,3.6535190078720503
3,ia_a,11,Theta,3.0420066161861143
3,ia_a,12,Theta,0.12571293809842038
3,ia_a,13,Theta,5.2182291348644725
3,ia_a,14,Theta,4.96192766962397
3,ia_a,15,Theta,4.313110062566007
3,ia_a,16,Theta,5.949133828477676
3,ia_a,17,Theta,2.250095061344206
3,ia_a,18,Theta,2.0778200679283385
3,ia_a,19,Theta,5.00427846646856
3,ia_a,20,Theta,1.8228365388268606
3,ia_a,21,Theta,1.0263660405485162
3,ia_a,22,Theta,3.8080584229549963
3,ia_a,23,Theta,5.2518216380809974
3,ia_a,24,Theta,0.8420570542078277
3,ia_a,25,Theta,4.938973346480321
3,ia_a,26,Theta,0.3043667408630289
3,ia_a,27,Theta,5.719140269831316
3,ia_a,29,Theta,3.9508430059536046
3,ia_a,30,Theta,0.15200164796811577
3,ia_a,32,Theta,0.9179989571938924
3,ia_a,33,Theta,1.5297307733149934
3,ia_a,34,Theta,2.3946364560781457
3,ia_a,35,Theta,5.507800130050216
3,ia_a,36,Theta,5.38574267721396
3,ia_a,37,Theta,6.0642520436610114
3,ia_a,38,Theta,5.905680503234314
3,ia_a,39,Theta,1.6060616255498448
3,ia_a,40,Theta,3.0914375667835423
3,ia_a,41,Theta,0.21459392131785854
3,ia_a,42,Theta,4.2344490352087725
3,ia_a,43,Theta,2.122355834506177
3,ia_a,44,Theta,4.452861438324142
3,ia_a,45,Theta,2.0181312445118773
3,ia_a,46,Theta,4.206633569584897
3,ia_a,47,Theta,5.745785640098659
3,ia_a,48,Theta,5.311493862162569
3,ia_a,49,Theta,1.6497033995796353
3,ia_a,50,Theta,3.3729397693737675
3,ia_a,51,Theta,0.6272988941193637
3,ia_a,52,Theta,4.691070133582255
3,ia_a,53,Theta,2.480461457832495
3,ia_a,54,Theta,6.041500699740958
3,ia_a,55,Theta,0.5688710275936611
3,ia_a,56,Theta,5.209336653491872
3,ia_a,57,Theta,1.4807862380160166
3,ia_a,58,Theta,5.376549296959533
3,ia_a,59,Theta,1.888687504353356
3,ia_a,60,Theta,2.0263601261880626
3,ia_a,2,Alpha,2.849173470639605
3,ia_a,3,Alpha,5.17962603260043
3,ia_a,4,Alpha,2.6065366281976954
3,ia_a,5,Alpha,5.083524823661674
3,ia_a,6,Alpha,1.5338176696663675
3,ia_a,7,Alpha,0.10582406191290795
3,ia_a,8,Alpha,6.084793132521597
3,ia_a,9,Alpha,0.6464613240963787
3,ia_a,10,Alpha,2.5394916606112123
3,ia_a,11,Alpha,3.0645254157811928
3,ia_a,12,Alpha,0.7809793753401162
3,ia_a,13,Alpha,5.76085921312474
3,ia_a,14,Alpha,1.4452079593072267
3,ia_a,15,Alpha,5.243451194929113
3,ia_a,16,Alpha,3.2299637365982417
3,ia_a,17,Alpha,6.131101455178489
3,ia_a,18,Alpha,1.4802758173829187
3,ia_a,19,Alpha,4.90750650819773
3,ia_a,20,Alpha,2.9678977387490053
3,ia_a,21,Alpha,2.1570813384266727
3,ia_a,22,Alpha,3.983276400569227
3,ia_a,23,Alpha,3.2877213376160888
3,ia_a,24,Alpha,2.576904623026773
3,ia_a,25,Alpha,4.777380219726681
3,ia_a,26,Alpha,2.5492183762264364
3,ia_a,27,Alpha,5.817568442851727
3,ia_a,29,Alpha,1.4119262497950664
3,ia_a,30,Alpha,6.110514687480565
3,ia_a,32,Alpha,5.993757434728498
3,ia_a,33,Alpha,3.0161831263843952
3,ia_a,34,Alpha,3.0266936407236567
3,ia_a,35,Alpha,4.9547519761032195
3,ia_a,36,Alpha,4.748881436265083
3,ia_a,37,Alpha,0.021686722980475106
3,ia_a,38,Alpha,5.455916235465374
3,ia_a,39,Alpha,3.1486775919725134
3,ia_a,40,Alpha,3.578500192926128
3,ia_a,41,Alpha,2.5959837459003077
3,ia_a,42,Alpha,4.92989030371016
3,ia_a,43,Alpha,2.961631494288807
3,ia_a,44,Alpha,1.502519771994141
3,ia_a,45,Alpha,2.8812438108951306
3,ia_a,46,Alpha,3.908780869894575
3,ia_a,47,Alpha,6.165025724609366
3,ia_a,48,Alpha,4.55341605103081
3,ia_a,49,Alpha,2.0053204790286294
3,ia_a,50,Alpha,2.6522853987666317
3,ia_a,51,Alpha,2.3721231464828767
3,ia_a,52,Alpha,5.748928297090738
3,ia_a,53,Alpha,4.942634334505055
3,ia_a,54,Alpha,0.96113415061435
3,ia_a,55,Alpha,0.40568187288687024
3,ia_a,56,Alpha,4.397790903690285
3,ia_a,57,Alpha,5.724412562921884
3,ia_a,58,Alpha,5.582207349918199
3,ia_a,59,Alpha,1.529060042961524
3,ia_a,60,Alpha,1.876886634273666
3,ia_a,2,Beta,3.4921472407738126
3,ia_a,3,Beta,4.827821406088586
3,ia_a,4,Beta,0.6406450119395818
3,ia_a,5,Beta,0.4392469023576018
3,ia_a,6,Beta,4.588797087142563
3,ia_a,7,Beta,3.0178018696818856
3,ia_a,8,Beta,2.315025634183202
3,ia_a,9,Beta,0.18588978892405378
3,ia_a,10,Beta,0.49771442709111136
3,ia_a,11,Beta,3.4604974418819627
3,ia_a,12,Beta,1.9889737424520855
3,ia_a,13,Beta,3.771513782365426
3,ia_a,14,Beta,5.299798877297533
3,ia_a,15,Beta,4.7854524945743275
3,ia_a,16,Beta,0.700850038287134
3,ia_a,17,Beta,1.2902085251491582
3,ia_a,18,Beta,3.7226552733337797
3,ia_a,19,Beta,1.7858355778148487
3,ia_a,20,Beta,3.1739714897132636
3,ia_a,21,Beta,4.093453774847076
3,ia_a,22,Beta,4.909955852896133
3,ia_a,23,Beta,2.7115085299135058
3,ia_a,24,Beta,0.8465142227529664
3,ia_a,25,Beta,3.5507629392539326
3,ia_a,26,Beta,1.041272498750508
3,ia_a,27,Beta,2.6019394720037483
3,ia_a,29,Beta,3.302983502682828
3,ia_a,30,Beta,3.8876342528390175
3,ia_a,32,Beta,6.037376164785774
3,ia_a,33,Beta,0.8343603993709791
3,ia_a,34,Beta,3.3073822484830684
3,ia_a,35,Beta,3.7998169745498984
3,ia_a,36,Beta,0.89412123550438
3,ia_a,37,Beta,3.7424587406174745
3,ia_a,38,Beta,1.9138953330936805
3,ia_a,39,Beta,1.250181928394242
3,ia_a,40,Beta,1.2615849711797604
3,ia_a,41,Beta,5.949922117473918
3,ia_a,42,Beta,3.6354122090228134
3,ia_a,43,Beta,1.6397502616752846
3,ia_a,44,Beta,2.8761903723409854
3,ia_a,45,Beta,2.3175008443048
3,ia_a,46,Beta,3.8242828821822736
3,ia_a,47,Beta,0.3720082513525399
3,ia_a,48,Beta,2.3554780473948216
3,ia_a,49,Beta,4.242947055588938
3,ia_a,50,Beta,5.395127774272021
3,ia_a,51,Beta,0.11113340508103733
3,ia_a,52,Beta,3.2646003440913973
3,ia_a,53,Beta,1.1642510942830364
3,ia_a,54,Beta,3.208535379758834
3,ia_a,55,Beta,3.1081877876203827
3,ia_a,56,Beta,4.760104509254866
3,ia_a,57,Beta,1.8522859258856645
3,ia_a,58,Beta,1.7351786287710236
3,ia_a,59,Beta,0.7922152582396096
3,ia_a,60,Beta,1.080025011577887
4,ia_a,3,Delta,1.665428514158995
4,ia_a,4,Delta,2.0969390186119865
4,ia_a,5,Delta,1.9036575109841902
4,ia_a,6,Delta,4.597795297391158
4,ia_a,7,Delta,4.589666060665851
4,ia_a,8,Delta,3.940926363448471
4,ia_a,10,Delta,2.9899597831870395
4,ia_a,11,Delta,4.8734272985690295
4,ia_a,12,Delta,1.8389017033542443
4,ia_a,13,Delta,5.034855311653281
4,ia_a,14,Delta,3.744505399364306
4,ia_a,15,Delta,4.471810889887711
4,ia_a,16,Delta,4.869273965929071
4,ia_a,17,Delta,4.837320644770745
4,ia_a,18,Delta,1.4787445325117035
4,ia_a,19,Delta,3.940978483447712
4,ia_a,20,Delta,1.52716353059548
4,ia_a,21,Delta,2.626109539660566
4,ia_a,22,Delta,4.205825217879997
4,ia_a,23,Delta,1.6634717897053848
4,ia_a,24,Delta,2.3568346289374724
4,ia_a,25,Delta,5.153161026113376
4,ia_a,26,Delta,4.751455811324558
4,ia_a,27,Delta,3.909914115123102
4,ia_a,28,Delta,1.545089235590592
4,ia_a,29,Delta,5.52665767251527
4,ia_a,30,Delta,5.4675962577086885
4,ia_a,31,Delta,4.755391815645233
4,ia_a,32,Delta,1.355421349041467
4,ia_a,33,Delta,0.9131676568420766
4,ia_a,35,Delta,6.02341961235671
4,ia_a,36,Delta,2.9825883587030932
4,ia_a,37,Delta,4.6714930392939555
4,ia_a,38,Delta,1.464245368952735
4,ia_a,39,Delta,5.165502691510687
4,ia_a,40,Delta,4.065469809030654
4,ia_a,41,Delta,3.9786179257910623
4,ia_a,42,Delta,1.3010974711791252
4,ia_a,43,Delta,1.5414110974785913
4,ia_a,44,Delta,1.38760004512605
4,ia_a,45,Delta,2.2456833704684733
4,ia_a,46,Delta,0.6902866770228188
4,ia_a,47,Delta,5.501980725754803
4,ia_a,48,Delta,1.9448017118474559
4,ia_a,49,Delta,0.25134339801727085
4,ia_a,50,Delta,0.884831294274874
4,ia_a,51,Delta,5.296764622364867
4,ia_a,52,Delta,3.5475033292104112
4,ia_a,53,Delta,0.17558292816049448
4,ia_a,54,Delta,5.515240127850601
4,ia_a,55,Delta,5.219110459498866
4,ia_a,56,Delta,4.342086360268899
4,ia_a,57,Delta,5.3335601289794745
4,ia_a,58,Delta,4.480431476132115
4,ia_a,59,Delta,4.251502328869627
4,ia_a,3,Theta,4.827165317555832
4,ia_a,4,Theta,2.2060210633656405
4,ia_a,5,Theta,3.0310711825295362
4,ia_a,6,Theta,5.161305768948305
4,ia_a,7,Theta,4.760009069045838
4,ia_a,8,Theta,3.651886016168815
4,ia_a,10,Theta,2.9138331589262663
4,ia_a,11,Theta,6.150669114470015
4,ia_a,12,Theta,1.9770174126749382
4,ia_a,13,Theta,4.928667966305072
4,ia_a,14,Theta,3.774815745320824
4,ia_a,15,Theta,3.8365610499955003
4,ia_a,16,Theta,4.196311088093414
4,ia_a,17,Theta,5.086334570592888
4,ia_a,18,Theta,1.5573933630301717
4,ia_a,19,Theta,3.782318804353415
4,ia_a,20,Theta,2.048410031497356
4,ia_a,21,Theta,2.1290404560056726
4,ia_a,22,Theta,3.7296490106243634
4,ia_a,23,Theta,1.790964904950769
4,ia_a,24,Theta,3.3864689765933265
4,ia_a,25,Theta,0.16636813435274223
4,ia_a,26,Theta,0.24325470728872578
4,ia_a,27,Theta,4.8064189250709495
4,ia_a,28,Theta,5.2769492836936
4,ia_a,29,Theta,5.197868394961662
4,ia_a,30,Theta,0.2315476930267003
4,ia_a,31,Theta,5.489564357850347
4,ia_a,32,Theta,0.8070311222348697
4,ia_a,33,Theta,6.08878919152772
4,ia_a,35,Theta,0.1993627525716365
4,ia_a,36,Theta,2.7954897106905534
4,ia_a,37,Theta,4.591293890911643
4,ia_a,38,Theta,0.12213534030435251
4,ia_a,39,Theta,4.4371358966082655
4,ia_a,40,Theta,3.020399713603341
4,ia_a,41,Theta,3.5208075403922283
4,ia_a,42,Theta,1.498002112180972
4,ia_a,43,Theta,1.1491100943897143
4,ia_a,44,Theta,2.0294676127032063
4,ia_a,45,Theta,3.707982296606407
4,ia_a,46,Theta,0.7255118749430263
4,ia_a,47,Theta,5.578580162558561
4,ia_a,48,Theta,3.0005376188465527
4,ia_a,49,Theta,1.0945539400380708
4,ia_a,50,Theta,0.8764902884170556
4,ia_a,51,Theta,0.9879375863287562
4,ia_a,52,Theta,2.78217611438591
4,ia_a,53,Theta,1.045702058501744
4,ia_a,54,Theta,0.327607055698223
4,ia_a,55,Theta,5.7829682848210435
4,ia_a,56,Theta,3.421642155240378
4,ia_a,57,Theta,4.657164367797996
4,ia_a,58,Theta,6.02432509613454
4,ia_a,59,Theta,1.8557511882306403
4,ia_a,3,Alpha,2.903166311101196
4,ia_a,4,Alpha,1.8853934657502172
4,ia_a,5,Alpha,2.994498410833668
4,ia_a,6,Alpha,0.5582320182275182
4,ia_a,7,Alpha,5.635692987125296
4,ia_a,8,Alpha,3.460391300038307
4,ia_a,10,Alpha,3.1301555772064993
4,ia_a,11,Alpha,0.21091839391494757
4,ia_a,12,Alpha,2.3235891517341085
4,ia_a,13,Alpha,4.900851440136161
4,ia_a,14,Alpha,4.176274782850755
4,ia_a,15,Alpha,4.266511425587587
4,ia_a,16,Alpha,3.0182928039453336
4,ia_a,17,Alpha,2.654083093179348
4,ia_a,18,Alpha,0.9583073017063097
4,ia_a,19,Alpha,3.109005424034335
4,ia_a,20,Alpha,2.8944733449651183
4,ia_a,21,Alpha,1.8020409104280972
4,ia_a,22,Alpha,2.5803574506959035
4,ia_a,23,Alpha,2.1004770877162557
4,ia_a,24,Alpha,3.8715123185660762
4,ia_a,25,Alpha,1.305664320013871
4,ia_a,26,Alpha,0.41984964905452743
4,ia_a,27,Alpha,5.685687019025861
4,ia_a,28,Alpha,5.748036120152682
4,ia_a,29,Alpha,2.923979112298626
4,ia_a,30,Alpha,1.8945091031243453
4,ia_a,31,Alpha,0.45598424671543414
4,ia_a,32,Alpha,0.4870731463684529
4,ia_a,33,Alpha,1.3325611839446234
4,ia_a,35,Alpha,5.284511893104245
4,ia_a,36,Alpha,1.846907150494792
4,ia_a,37,Alpha,3.9564907441116595
4,ia_a,38,Alpha,2.2932525324411697
4,ia_a,39,Alpha,3.5499839180088406
4,ia_a,40,Alpha,1.953739918076812
4,ia_a,41,Alpha,3.713676465639711
4,ia_a,42,Alpha,3.091128787765065
4,ia_a,43,Alpha,0.2904784411192634
4,ia_a,44,Alpha,3.069188539482898
4,ia_a,45,Alpha,5.11781987329621
4,ia_a,46,Alpha,0.2688962595175036
4,ia_a,47,Alpha,5.48876060787185
4,ia_a,48,Alpha,4.175689209549975
4,ia_a,49,Alpha,2.5097920036103227
4,ia_a,50,Alpha,5.420777051163057
4,ia_a,51,Alpha,2.056714424430159
4,ia_a,52,Alpha,2.418519102011279
4,ia_a,53,Alpha,1.1086566057258205
4,ia_a,54,Alpha,1.9609159445614563
4,ia_a,55,Alpha,5.495494818838064
4,ia_a,56,Alpha,2.569411647828215
4,ia_a,57,Alpha,5.973384476858003
4,ia_a,58,Alpha,3.4148314008947747
4,ia_a,59,Alpha,2.8424125896985593
4,ia_a,3,Beta,3.3739085137920988
4,ia_a,4,Beta,5.839685172441698
4,ia_a,5,Beta,1.1950906635807872
4,ia_a,6,Beta,1.3413616394309316
4,ia_a,7,Beta,0.145552946835645
4,ia_a,8,Beta,3.053151599650528
4,ia_a,10,Beta,4.0947631418355
4,ia_a,11,Beta,2.4066633776509803
4,ia_a,12,Beta,3.4639645931297776
4,ia_a,13,Beta,0.239517576884959
4,ia_a,14,Beta,3.5125795212910202
4,ia_a,15,Beta,5.2988796208606335
4,ia_a,16,Beta,3.353701125190263
4,ia_a,17,Beta,5.9863812277669
4,ia_a,18,Beta,5.188272582279419
4,ia_a,19,Beta,3.2521512395597787
4,ia_a,20,Beta,3.62024548609869
4,ia_a,21,Beta,5.666076042369143
4,ia_a,22,Beta,6.09038432647446
4,ia_a,23,Beta,4.312835583691767
4,ia_a,24,Beta,6.006342300032873
4,ia_a,25,Beta,2.8235726004401513
4,ia_a,26,Beta,3.832248630735718
4,ia_a,27,Beta,4.453618239371911
4,ia_a,28,Beta,1.1246640535209171
4,ia_a,29,Beta,0.38230375478081463
4,ia_a,30,Beta,0.5178650942234847
4,ia_a,31,Beta,0.6206055045966856
4,ia_a,32,Beta,2.3193458139780057
4,ia_a,33,Beta,3.265396311456002
4,ia_a,35,Beta,3.3222335571691666
4,ia_a,36,Beta,1.6456553597354608
4,ia_a,37,Beta,3.876139007308463
4,ia_a,38,Beta,4.67520626256366
4,ia_a,39,Beta,6.012836990890529
4,ia_a,40,Beta,5.238785712442934
4,ia_a,41,Beta,1.1501533521497604
4,ia_a,42,Beta,3.1654335000636245
4,ia_a,43,Beta,4.489572161991487
4,ia_a,44,Beta,2.9834499987868335
4,ia_a,45,Beta,1.95416258385903
4,ia_a,46,Beta,3.3388089280024205
4,ia_a,47,Beta,3.993586594636028
4,ia_a,48,Beta,3.7241763154847947
4,ia_a,49,Beta,1.7846462276647481
4,ia_a,50,Beta,4.603630469321822
4,ia_a,51,Beta,2.1152495989962223
4,ia_a,52,Beta,5.311562516557673
4,ia_a,53,Beta,4.898991541482131
4,ia_a,54,Beta,0.10233510739145747
4,ia_a,55,Beta,1.3692987717948935
4,ia_a,56,Beta,1.809912945267888
4,ia_a,57,Beta,1.0769528776188149
4,ia_a,58,Beta,4.4837266886261995
4,ia_a,59,Beta,2.8820548485896023
5,ia_a,1,Delta,4.289334305532495
5,ia_a,2,Delta,5.5657189941600205
5,ia_a,3,Delta,4.826886275189536
5,ia_a,6,Delta,1.7977070127145984
5,ia_a,7,Delta,4.603655337452629
5,ia_a,8,Delta,5.084340363350517
5,ia_a,9,Delta,1.716750597319189
5,ia_a,10,Delta,3.92504408283461
5,ia_a,12,Delta,1.0238848356373749
5,ia_a,15,Delta,3.0188888446702062
5,ia_a,16,Delta,4.691568597623118
5,ia_a,17,Delta,2.5651994368648907
5,ia_a,20,Delta,4.2410150837328136
5,ia_a,21,Delta,4.847828718300367
5,ia_a,22,Delta,1.7925558663106262
5,ia_a,23,Delta,4.1010726348504445
5,ia_a,25,Delta,2.8199282581538005
5,ia_a,27,Delta,4.294644024725777
5,ia_a,28,Delta,3.890166351548799
5,ia_a,29,Delta,1.1898290076699694
5,ia_a,30,Delta,2.639042863645893
5,ia_a,32,Delta,6.087476674040885
5,ia_a,33,Delta,4.754343265257603
5,ia_a,34,Delta,4.499829181668337
5,ia_a,35,Delta,4.21329596415761
5,ia_a,36,Delta,4.218132987960409
5,ia_a,37,Delta,4.37520135630011
5,ia_a,38,Delta,4.439272240885145
5,ia_a,39,Delta,1.7507141086041376
5,ia_a,40,Delta,0.8208402946756741
5,ia_a,41,Delta,1.0457200346077016
5,ia_a,42,Delta,2.743107322556027
5,ia_a,44,Delta,4.051038276318719
5,ia_a,45,Delta,1.000838276890587
5,ia_a,46,Delta,3.932862067465464
5,ia_a,47,Delta,1.7400995940394999
5,ia_a,48,Delta,5.449889168096203
5,ia_a,49,Delta,3.1648581453396973
5,ia_a,50,Delta,3.6054422862047626
5,ia_a,51,Delta,1.025051566368446
5,ia_a,52,Delta,0.5331792707456171
5,ia_a,53,Delta,1.1312973959190673
5,ia_a,54,Delta,4.802254563253395
5,ia_a,55,Delta,5.239186161022546
5,ia_a,56,Delta,4.90124575924438
5,ia_a,57,Delta,4.1102983799400175
5,ia_a,58,Delta,4.616963904040779
5,ia_a,59,Delta,0.7987281907741105
5,ia_a,1,Theta,3.592281046183776
5,ia_a,2,Theta,5.83383009050264
5,ia_a,3,Theta,5.585672024436299
5,ia_a,6,Theta,0.16791164522342633
5,ia_a,7,Theta,5.169450687871452
5,ia_a,8,Theta,5.44091227190562
5,ia_a,9,Theta,1.8177545604706131
5,ia_a,10,Theta,5.108418471866031
5,ia_a,12,Theta,2.035511296840988
5,ia_a,15,Theta,3.0020494351274936
5,ia_a,16,Theta,4.963821407743312
5,ia_a,17,Theta,2.5960926066102763
5,ia_a,20,Theta,3.1578034095260397
5,ia_a,21,Theta,5.840856207877487
5,ia_a,22,Theta,2.3766251332005184
5,ia_a,23,Theta,3.876518398597923
5,ia_a,25,Theta,3.3700890536678267
5,ia_a,27,Theta,5.026287712275348
5,ia_a,28,Theta,4.323847417025998
5,ia_a,29,Theta,5.22047035786057
5,ia_a,30,Theta,2.159561256648749
5,ia_a,32,Theta,6.256946017660436
5,ia_a,33,Theta,5.522154563650982
5,ia_a,34,Theta,2.9804305431391294
5,ia_a,35,Theta,2.6806229069681233
5,ia_a,36,Theta,4.140751694330964
5,ia_a,37,Theta,3.9767896567407393
5,ia_a,38,Theta,4.732177899473076
5,ia_a,39,Theta,2.092123065189456
5,ia_a,40,Theta,0.8944117082075436
5,ia_a,41,Theta,5.81227479894684
5,ia_a,42,Theta,5.07038904219044
5,ia_a,44,Theta,3.1724285301018136
5,ia_a,45,Theta,1.408109012962741
5,ia_a,46,Theta,4.160964344304714
5,ia_a,47,Theta,5.360025337217616
5,ia_a,48,Theta,6.011989495009634
5,ia_a,49,Theta,4.775533950008581
5,ia_a,50,Theta,3.7768528137571318
5,ia_a,51,Theta,0.4963086623411779
5,ia_a,52,Theta,5.619365165909125
5,ia_a,53,Theta,5.902766487857123
5,ia_a,54,Theta,5.03275709586641
5,ia_a,55,Theta,5.088133907824589
5,ia_a,56,Theta,4.862672788785497
5,ia_a,57,Theta,4.470280046320701
5,ia_a,58,Theta,3.949962842434307
5,ia_a,59,Theta,0.3313338969211294
5,ia_a,1,Alpha,1.9976197938363032
5,ia_a,2,Alpha,0.22532073217072812
5,ia_a,3,Alpha,5.623322786385336
5,ia_a,6,Alpha,5.812440302780611
5,ia_a,7,Alpha,6.248752161955632
5,ia_a,8,Alpha,0.3586590046468016
5,ia_a,9,Alpha,0.8212256992964646
5,ia_a,10,Alpha,1.5065854070790075
5,ia_a,12,Alpha,3.3891974029393808
5,ia_a,15,Alpha,2.326999864430512
5,ia_a,16,Alpha,3.661581489817586
5,ia_a,17,Alpha,2.914895205002916
5,ia_a,20,Alpha,3.7598760766040487
5,ia_a,21,Alpha,0.8656593540305227
5,ia_a,22,Alpha,3.709315142428879
5,ia_a,23,Alpha,1.9160543115132236
5,ia_a,25,Alpha,0.007613395182435252
5,ia_a,27,Alpha,5.559209227845496
5,ia_a,28,Alpha,3.755676563330056
5,ia_a,29,Alpha,5.557550279457672
5,ia_a,30,Alpha,2.276769304163453
5,ia_a,32,Alpha,0.33483438709582747
5,ia_a,33,Alpha,1.3706607841201432
5,ia_a,34,Alpha,0.7850654494484647
5,ia_a,35,Alpha,0.20584253718855844
5,ia_a,36,Alpha,5.298299148462248
5,ia_a,37,Alpha,3.1593512450021293
5,ia_a,38,Alpha,0.5966339405374811
5,ia_a,39,Alpha,3.1225674046594443
5,ia_a,40,Alpha,1.1218224639588765
5,ia_a,41,Alpha,1.4719554513349546
5,ia_a,42,Alpha,0.7617865180688976
5,ia_a,44,Alpha,2.2660454459629773
5,ia_a,45,Alpha,1.8058019593696124
5,ia_a,46,Alpha,4.937491853010644
5,ia_a,47,Alpha,1.7639128605868375
5,ia_a,48,Alpha,0.37006436008010546
5,ia_a,49,Alpha,4.821826355973295
5,ia_a,50,Alpha,3.28611748289605
5,ia_a,51,Alpha,0.8088102411548994
5,ia_a,52,Alpha,4.411086441521493
5,ia_a,53,Alpha,1.2249594880627295
5,ia_a,54,Alpha,0.27535786533397766
5,ia_a,55,Alpha,3.2724311934042394
5,ia_a,56,Alpha,1.879649619067175
5,ia_a,57,Alpha,5.138036378844863
5,ia_a,58,Alpha,2.977152847222395
5,ia_a,59,Alpha,0.8794746800239396
5,ia_a,1,Beta,6.010956583419176
5,ia_a,2,Beta,1.06488102817721
5,ia_a,3,Beta,6.1669863570704955
5,ia_a,6,Beta,3.23493802302095
5,ia_a,7,Beta,3.308928647727931
5,ia_a,8,Beta,4.117824234370383
5,ia_a,9,Beta,1.6037298440483134
5,ia_a,10,Beta,5.520994668330967
5,ia_a,12,Beta,3.039725085792351
5,ia_a,15,Beta,1.911092089844214
5,ia_a,16,Beta,0.7425170039798534
5,ia_a,17,Beta,4.751218327534046
5,ia_a,20,Beta,4.958624612502508
5,ia_a,21,Beta,5.548043688067958
5,ia_a,22,Beta,1.3431123122181252
5,ia_a,23,Beta,1.5537759823460673
5,ia_a,25,Beta,6.204102120099738
5,ia_a,27,Beta,2.668311956199146
5,ia_a,28,Beta,2.362446041989238
5,ia_a,29,Beta,6.203458093232872
5,ia_a,30,Beta,4.9211306411633355
5,ia_a,32,Beta,4.654691674784183
5,ia_a,33,Beta,4.51190208777018
5,ia_a,34,Beta,5.8384430313330835
5,ia_a,35,Beta,5.805119925089448
5,ia_a,36,Beta,1.6538012950681058
5,ia_a,37,Beta,3.2998504525669823
5,ia_a,38,Beta,6.152167524662779
5,ia_a,39,Beta,2.23679925452595
5,ia_a,40,Beta,4.461761747132952
5,ia_a,41,Beta,5.6640604734478055
5,ia_a,42,Beta,4.571758841865191
5,ia_a,44,Beta,5.046519550998814
5,ia_a,45,Beta,2.3968982956925324
5,ia_a,46,Beta,0.9751532875761466
5,ia_a,47,Beta,4.735024530250359
5,ia_a,48,Beta,5.2474442831919035
5,ia_a,49,Beta,6.254395549695003
5,ia_a,50,Beta,0.8122349591746967
5,ia_a,51,Beta,5.727736229194341
5,ia_a,52,Beta,0.621323911659454
5,ia_a,53,Beta,5.892290186466228
5,ia_a,54,Beta,1.1564319308813982
5,ia_a,55,Beta,3.47476245537964
5,ia_a,56,Beta,1.0623706410764222
5,ia_a,57,Beta,5.31571752970695
5,ia_a,58,Beta,0.635583507717667
5,ia_a,59,Beta,5.938390510200931
6,ia_a,1,Delta,4.079669068692543
6,ia_a,2,Delta,2.106170660956505
6,ia_a,3,Delta,4.383916135846837
6,ia_a,4,Delta,2.772953559082034
6,ia_a,5,Delta,1.942709754820934
6,ia_a,6,Delta,1.503443325683227
6,ia_a,7,Delta,3.9629522061731546
6,ia_a,8,Delta,1.9797160498306232
6,ia_a,9,Delta,4.378004709333625
6,ia_a,10,Delta,3.3709321173084437
6,ia_a,11,Delta,2.914585163141711
6,ia_a,12,Delta,1.78549811157673
6,ia_a,13,Delta,2.1561731103277113
6,ia_a,15,Delta,3.018544500869272
6,ia_a,16,Delta,1.7969549040715385
6,ia_a,17,Delta,2.556263310791284
6,ia_a,18,Delta,1.441582048390219
6,ia_a,19,Delta,4.181653051881961
6,ia_a,20,Delta,3.396875871871526
6,ia_a,21,Delta,4.000146310047626
6,ia_a,22,Delta,3.8716375078517316
6,ia_a,23,Delta,5.2357642619812195
6,ia_a,24,Delta,4.421607251443537
6,ia_a,25,Delta,5.673240698615891
6,ia_a,26,Delta,1.1675723446586337
6,ia_a,27,Delta,4.79580866354804
6,ia_a,28,Delta,1.8039822564982766
6,ia_a,29,Delta,0.25794510493494416
6,ia_a,30,Delta,4.266044777982474
6,ia_a,31,Delta,4.979630028962555
6,ia_a,32,Delta,4.4354609456125775
6,ia_a,33,Delta,5.252864252550215
6,ia_a,34,Delta,4.833767055543655
6,ia_a,35,Delta,4.151531004797997
6,ia_a,36,Delta,2.1208303895251124
6,ia_a,37,Delta,4.216351926938813
6,ia_a,38,Delta,4.652650515540863
6,ia_a,39,Delta,0.09531824374942952
6,ia_a,41,Delta,4.91177123725274
6,ia_a,42,Delta,5.322343163692036
6,ia_a,43,Delta,0.4005870219435613
6,ia_a,44,Delta,3.0272546433313057
6,ia_a,45,Delta,6.119186918605621
6,ia_a,46,Delta,5.221671617348491
6,ia_a,47,Delta,2.6493196046195977
6,ia_a,48,Delta,4.5472383522786455
6,ia_a,50,Delta,2.680454496831625
6,ia_a,51,Delta,3.257566881110584
6,ia_a,52,Delta,0.6425098429981254
6,ia_a,53,Delta,3.5781036512301134
6,ia_a,54,Delta,4.439622356345929
6,ia_a,56,Delta,2.0529571452309168
6,ia_a,58,Delta,1.222260060579943
6,ia_a,59,Delta,2.6548407560422316
6,ia_a,60,Delta,1.7936396888292774
6,ia_a,1,Theta,0.9879445912965983
6,ia_a,2,Theta,2.670868338242603
6,ia_a,3,Theta,4.210814803800211
6,ia_a,4,Theta,3.028386724901187
6,ia_a,5,Theta,2.194168522068162
6,ia_a,6,Theta,1.0313082234295494
6,ia_a,7,Theta,5.319719547900961
6,ia_a,8,Theta,5.248224167047724
6,ia_a,9,Theta,3.8947810276327774
6,ia_a,10,Theta,3.259879522419874
6,ia_a,11,Theta,3.3404548541968926
6,ia_a,12,Theta,1.0828005843463864
6,ia_a,13,Theta,0.9640395634017304
6,ia_a,15,Theta,3.55750165072068
6,ia_a,16,Theta,0.5219374530164063
6,ia_a,17,Theta,1.8188701400478
6,ia_a,18,Theta,0.857337190424611
6,ia_a,19,Theta,5.237340660125147
6,ia_a,20,Theta,3.1278676612135516
6,ia_a,21,Theta,4.2816857950185945
6,ia_a,22,Theta,3.7632706557869904
6,ia_a,23,Theta,5.784953786338578
6,ia_a,24,Theta,3.475718513748543
6,ia_a,25,Theta,5.865598824824118
6,ia_a,26,Theta,1.0929921829697014
6,ia_a,27,Theta,4.808161528066225
6,ia_a,28,Theta,1.993936799148347
6,ia_a,29,Theta,0.28889661039080394
6,ia_a,30,Theta,5.832510912427175
6,ia_a,31,Theta,5.572600015256385
6,ia_a,32,Theta,5.486776401911351
6,ia_a,33,Theta,6.154700349046827
6,ia_a,34,Theta,5.321933316843044
6,ia_a,35,Theta,2.5124541893633396
6,ia_a,36,Theta,1.3085297874727537
6,ia_a,37,Theta,3.9531614952877576
6,ia_a,38,Theta,1.0136024581257415
6,ia_a,39,Theta,6.2017111987509
6,ia_a,41,Theta,5.684862305069621
6,ia_a,42,Theta,4.556766126798686
6,ia_a,43,Theta,5.561252322647887
6,ia_a,44,Theta,1.5406907434824448
6,ia_a,45,Theta,6.245737450108637
6,ia_a,46,Theta,6.05770038004145
6,ia_a,47,Theta,1.9317167365076788
6,ia_a,48,Theta,1.5447260866523311
6,ia_a,50,Theta,1.8968785795015823
6,ia_a,51,Theta,4.445988512236684
6,ia_a,52,Theta,0.741312865679841
6,ia_a,53,Theta,3.971712576150985
6,ia_a,54,Theta,4.683752377990548
6,ia_a,56,Theta,2.4882512591747457
6,ia_a,58,Theta,0.23068909283815425
6,ia_a,59,Theta,2.0936398875923237
6,ia_a,60,Theta,1.308310502390512
6,ia_a,1,Alpha,5.545573326627553
6,ia_a,2,Alpha,3.8010338181094228
6,ia_a,3,Alpha,5.369389394306475
6,ia_a,4,Alpha,3.1692282871892044
6,ia_a,5,Alpha,3.15122859422326
6,ia_a,6,Alpha,2.2352277007615866
6,ia_a,7,Alpha,0.6728680188703524
6,ia_a,8,Alpha,0.28932000245694256
6,ia_a,9,Alpha,3.0184114608273425
6,ia_a,10,Alpha,4.065940734504844
6,ia_a,11,Alpha,2.7270484834267017
6,ia_a,12,Alpha,1.1037324384966436
6,ia_a,13,Alpha,5.848835587204178
6,ia_a,15,Alpha,1.9085734381425983
6,ia_a,16,Alpha,1.0558994645359048
6,ia_a,17,Alpha,5.011534331304282
6,ia_a,18,Alpha,0.8347743314775099
6,ia_a,19,Alpha,5.206024094286154
6,ia_a,20,Alpha,0.21489574378245363
6,ia_a,21,Alpha,4.474724065312548
6,ia_a,22,Alpha,0.6780005365600724
6,ia_a,23,Alpha,2.209453630137972
6,ia_a,24,Alpha,1.1960929593126584
6,ia_a,25,Alpha,5.884071674814855
6,ia_a,26,Alpha,1.1073927033330218
6,ia_a,27,Alpha,1.5741433850649507
6,ia_a,28,Alpha,2.0838739737159657
6,ia_a,29,Alpha,0.26217126179483013
6,ia_a,30,Alpha,1.1786441871025006
6,ia_a,31,Alpha,4.834152650892913
6,ia_a,32,Alpha,5.110985701068137
6,ia_a,33,Alpha,5.78969984912501
6,ia_a,34,Alpha,2.6243876319153316
6,ia_a,35,Alpha,2.0526052965875596
6,ia_a,36,Alpha,0.7519400027627677
6,ia_a,37,Alpha,0.4284550474829862
6,ia_a,38,Alpha,0.5721274248356225
6,ia_a,39,Alpha,5.154438849991654
6,ia_a,41,Alpha,5.713785741194643
6,ia_a,42,Alpha,2.737379111795818
6,ia_a,43,Alpha,4.45651156390446
6,ia_a,44,Alpha,0.5884950143108338
6,ia_a,45,Alpha,0.0855139394358503
6,ia_a,46,Alpha,1.1349224888799958
6,ia_a,47,Alpha,1.7829710909989274
6,ia_a,48,Alpha,1.5276968734564462
6,ia_a,50,Alpha,6.268138875711704
6,ia_a,51,Alpha,0.6526974046212665
6,ia_a,52,Alpha,0.18206395766643216
6,ia_a,53,Alpha,4.651861239149778
6,ia_a,54,Alpha,1.3587708403802963
6,ia_a,56,Alpha,2.2793069489887934
6,ia_a,58,Alpha,2.2898961880503137
6,ia_a,59,Alpha,1.3637543674727453
6,ia_a,60,Alpha,0.6672271762384426
6,ia_a,1,Beta,5.649491003869484
6,ia_a,2,Beta,3.303753546635799
6,ia_a,3,Beta,3.3090946506398264
6,ia_a,4,Beta,4.013460473343158
6,ia_a,5,Beta,3.8210407295971476
6,ia_a,6,Beta,4.908422902923093
6,ia_a,7,Beta,5.610498726196718
6,ia_a,8,Beta,2.4958005509359316
6,ia_a,9,Beta,5.762846810713492
6,ia_a,10,Beta,4.739072469244042
6,ia_a,11,Beta,1.320374511237616
6,ia_a,12,Beta,2.32712424118737
6,ia_a,13,Beta,5.746859602534865
6,ia_a,15,Beta,0.5199429825954265
6,ia_a,16,Beta,3.0695862481856238
6,ia_a,17,Beta,6.147826258961822
6,ia_a,18,Beta,2.418535702488259
6,ia_a,19,Beta,1.214765079289086
6,ia_a,20,Beta,1.4434504710625344
6,ia_a,21,Beta,3.9826785409618
6,ia_a,22,Beta,5.3870874234717
6,ia_a,23,Beta,6.16151664898021
6,ia_a,24,Beta,1.0352105402611709
6,ia_a,25,Beta,0.05540460446291981
6,ia_a,26,Beta,4.170197675274208
6,ia_a,27,Beta,2.6327140875872588
6,ia_a,28,Beta,1.475997568504411
6,ia_a,29,Beta,0.431056977886608
6,ia_a,30,Beta,0.5719006423473423
6,ia_a,31,Beta,3.374853793589714
6,ia_a,32,Beta,2.44758530661475
6,ia_a,33,Beta,0.2750328157472561
6,ia_a,34,Beta,0.1268881342223209
6,ia_a,35,Beta,1.2065723689471064
6,ia_a,36,Beta,0.8577146662541628
6,ia_a,37,Beta,5.644094268612052
6,ia_a,38,Beta,0.9284883919864033
6,ia_a,39,Beta,3.095609484553312
6,ia_a,41,Beta,5.179268121306379
6,ia_a,42,Beta,2.5173085986984036
6,ia_a,43,Beta,5.535968199883689
6,ia_a,44,Beta,1.9393498472226876
6,ia_a,45,Beta,2.9999504422895233
6,ia_a,46,Beta,5.820767350159611
6,ia_a,47,Beta,1.787991133441845
6,ia_a,48,Beta,5.921264704948843
6,ia_a,50,Beta,4.9314789371809
6,ia_a,51,Beta,4.420740796938041
6,ia_a,52,Beta,4.011111015176037
6,ia_a,53,Beta,3.6864580765805757
6,ia_a,54,Beta,2.9940499455515592
6,ia_a,56,Beta,5.921790497070081
6,ia_a,58,Beta,1.7982027961570295
6,ia_a,59,Beta,2.8584764172379207
6,ia_a,60,Beta,4.9467021295980915
7,ia_a,1,Delta,3.9653978693542253
7,ia_a,2,Delta,4.746689603028976
7,ia_a,3,Delta,5.177820559128712
7,ia_a,4,Delta,1.4162312502729748
7,ia_a,5,Delta,0.5116424008043946
7,ia_a,6,Delta,4.890781395331565
7,ia_a,7,Delta,3.544575933605781
7,ia_a,8,Delta,1.1563490049241116
7,ia_a,9,Delta,3.89888019394351
7,ia_a,10,Delta,1.3010317559326214
7,ia_a,11,Delta,4.567165237173176
7,ia_a,12,Delta,1.1025927051542734
7,ia_a,13,Delta,5.026345187137366
7,ia_a,14,Delta,2.657464195894992
7,ia_a,15,Delta,0.871212522556175
7,ia_a,16,Delta,1.720687583538133
7,ia_a,17,Delta,4.340065912327276
7,ia_a,18,Delta,5.197312962325987
7,ia_a,19,Delta,1.9122921593160642
7,ia_a,20,Delta,1.632776752644879
7,ia_a,21,Delta,3.5745045292162394
7,ia_a,22,Delta,3.7512090562036855
7,ia_a,23,Delta,6.16022354637504
7,ia_a,24,Delta,2.183325820584688
7,ia_a,25,Delta,2.071949127851412
7,ia_a,26,Delta,4.628305183292408
7,ia_a,27,Delta,2.8583408858990835
7,ia_a,28,Delta,1.3515661166167183
7,ia_a,29,Delta,4.587601638178588
7,ia_a,30,Delta,0.8274656349899623
7,ia_a,31,Delta,1.476100269827125
7,ia_a,32,Delta,4.843858779303675
7,ia_a,33,Delta,5.2806842296963215
7,ia_a,34,Delta,1.4825919972452732
7,ia_a,35,Delta,1.1279901178859426
7,ia_a,36,Delta,2.0876372346311447
7,ia_a,37,Delta,0.008707188756692996
7,ia_a,38,Delta,4.207209619975075
7,ia_a,39,Delta,0.3668001019186071
7,ia_a,40,Delta,5.55635943482359
7,ia_a,41,Delta,4.878617314873739
7,ia_a,42,Delta,3.4037462935723624
7,ia_a,43,Delta,4.865228391285182
7,ia_a,44,Delta,0.13615675454278472
7,ia_a,45,Delta,1.1015306002387504
7,ia_a,46,Delta,1.4705332199289118
7,ia_a,47,Delta,5.987157744950861
7,ia_a,48,Delta,0.26686190677471916
7,ia_a,49,Delta,3.68792060816519
7,ia_a,50,Delta,2.0811510538116322
7,ia_a,51,Delta,2.663629022872112
7,ia_a,52,Delta,1.1774171841771564
7,ia_a,53,Delta,1.2498229785917305
7,ia_a,54,Delta,1.833959402313736
7,ia_a,55,Delta,0.41132363722909243
7,ia_a,56,Delta,1.9881205304274845
7,ia_a,57,Delta,1.4293703458435616
7,ia_a,58,Delta,1.6531441042358443
7,ia_a,59,Delta,3.1655182400910955
7,ia_a,60,Delta,5.014942328521339
7,ia_a,1,Theta,2.7140177983545675
7,ia_a,2,Theta,3.664765558806415
7,ia_a,3,Theta,0.2923888603246571
7,ia_a,4,Theta,1.657083790218258
7,ia_a,5,Theta,0.5555727017864807
7,ia_a,6,Theta,5.8183612373953615
7,ia_a,7,Theta,3.0762768462544465
7,ia_a,8,Theta,1.0822412102617651
7,ia_a,9,Theta,3.633871828709031
7,ia_a,10,Theta,2.880494860994558
7,ia_a,11,Theta,1.3347469614891554
7,ia_a,12,Theta,6.2641427118649595
7,ia_a,13,Theta,4.850466940184668
7,ia_a,14,Theta,3.1614383657965863
7,ia_a,15,Theta,0.5777226653940005
7,ia_a,16,Theta,2.9297868068744317
7,ia_a,17,Theta,5.374928172735504
7,ia_a,18,Theta,5.680654441262055
7,ia_a,19,Theta,3.6960684476779924
7,ia_a,20,Theta,0.17971435822848525
7,ia_a,21,Theta,2.6819675475431866
7,ia_a,22,Theta,4.342795430119581
7,ia_a,23,Theta,0.5579371919902157
7,ia_a,24,Theta,2.6117195707200787
7,ia_a,25,Theta,3.4826153533687334
7,ia_a,26,Theta,5.663550301872639
7,ia_a,27,Theta,2.8981411887752238
7,ia_a,28,Theta,0.8141610863952642
7,ia_a,29,Theta,4.618856574697253
7,ia_a,30,Theta,0.3473024894923537
7,ia_a,31,Theta,1.5361895051283248
7,ia_a,32,Theta,2.8147233994275056
7,ia_a,33,Theta,0.9446303147357463
7,ia_a,34,Theta,1.4974079640280535
7,ia_a,35,Theta,0.8048208491089829
7,ia_a,36,Theta,5.87987935382767
7,ia_a,37,Theta,6.168407360562797
7,ia_a,38,Theta,4.028305773111861
7,ia_a,39,Theta,1.6328937884071644
7,ia_a,40,Theta,5.88534161166294
7,ia_a,41,Theta,4.147822983299639
7,ia_a,42,Theta,3.467781454867108
7,ia_a,43,Theta,5.671241077775141
7,ia_a,44,Theta,0.34441708803919924
7,ia_a,45,Theta,0.9867802725204116
7,ia_a,46,Theta,0.7677016199976483
7,ia_a,47,Theta,3.1958043332057784
7,ia_a,48,Theta,0.7644366783824718
7,ia_a,49,Theta,4.0758153246478726
7,ia_a,50,Theta,2.239407641137103
7,ia_a,51,Theta,3.6568742932833054
7,ia_a,52,Theta,0.7112820437658827
7,ia_a,53,Theta,2.2195529630011896
7,ia_a,54,Theta,1.713864940622577
7,ia_a,55,Theta,4.366586430537399
7,ia_a,56,Theta,2.628127618807932
7,ia_a,57,Theta,1.9636111528888907
7,ia_a,58,Theta,2.961881501732292
7,ia_a,59,Theta,3.0644703962720845
7,ia_a,60,Theta,5.482206423364792
7,ia_a,1,Alpha,2.34657807210009
7,ia_a,2,Alpha,2.936346067108612
7,ia_a,3,Alpha,5.713635322985198
7,ia_a,4,Alpha,5.107176052594605
7,ia_a,5,Alpha,3.8836406782411785
7,ia_a,6,Alpha,5.1338866819937055
7,ia_a,7,Alpha,2.177617655438098
7,ia_a,8,Alpha,2.1062957727993927
7,ia_a,9,Alpha,4.243521336048897
7,ia_a,10,Alpha,4.465069224079967
7,ia_a,11,Alpha,1.9331636697301133
7,ia_a,12,Alpha,3.479662250001925
7,ia_a,13,Alpha,5.165487134382812
7,ia_a,14,Alpha,2.715937362297918
7,ia_a,15,Alpha,4.6941204456639944
7,ia_a,16,Alpha,2.8830888751323247
7,ia_a,17,Alpha,5.490523377341023
7,ia_a,18,Alpha,1.707076828030976
7,ia_a,19,Alpha,4.517268067601751
7,ia_a,20,Alpha,1.362395863799046
7,ia_a,21,Alpha,2.2100556969007776
7,ia_a,22,Alpha,5.800295100851503
7,ia_a,23,Alpha,0.4972606371017048
7,ia_a,24,Alpha,1.6589561574300182
7,ia_a,25,Alpha,4.433283830074395
7,ia_a,26,Alpha,5.4165852346789345
7,ia_a,27,Alpha,6.164684005170006
7,ia_a,28,Alpha,3.0669251804553914
7,ia_a,29,Alpha,0.3308836293857922
7,ia_a,30,Alpha,0.2572818492576858
7,ia_a,31,Alpha,2.1810236095743987
7,ia_a,32,Alpha,0.12023496203125597
7,ia_a,33,Alpha,2.8987237372094024
7,ia_a,34,Alpha,1.0352321312684165
7,ia_a,35,Alpha,1.3843403260953422
7,ia_a,36,Alpha,0.38326395619966014
7,ia_a,37,Alpha,2.176875645683243
7,ia_a,38,Alpha,4.796986920633593
7,ia_a,39,Alpha,3.6988537848654994
7,ia_a,40,Alpha,3.4801207441375968
7,ia_a,41,Alpha,3.5388495756692064
7,ia_a,42,Alpha,0.3005017019203188
7,ia_a,43,Alpha,5.583022602653703
7,ia_a,44,Alpha,5.416318589940833
7,ia_a,45,Alpha,6.275021329651169
7,ia_a,46,Alpha,0.5112411004415531
7,ia_a,47,Alpha,2.5372459669433103
7,ia_a,48,Alpha,1.1150645053006596
7,ia_a,49,Alpha,5.052230827795084
7,ia_a,50,Alpha,1.4147796146907539
7,ia_a,51,Alpha,5.590679502071727
7,ia_a,52,Alpha,1.2185677837614952
7,ia_a,53,Alpha,3.1001345778528853
7,ia_a,54,Alpha,2.4803818179664137
7,ia_a,55,Alpha,3.0612267024930038
7,ia_a,56,Alpha,4.916282331585438
7,ia_a,57,Alpha,3.359614155522767
7,ia_a,58,Alpha,2.2207290517472975
7,ia_a,59,Alpha,4.3170530896019805
7,ia_a,60,Alpha,5.962561513869801
7,ia_a,1,Beta,4.915264696440554
7,ia_a,2,Beta,0.4239065017718388
7,ia_a,3,Beta,4.145461865763107
7,ia_a,4,Beta,2.186643151231349
7,ia_a,5,Beta,2.681542522649485
7,ia_a,6,Beta,4.949788211126644
7,ia_a,7,Beta,3.5230495166287326
7,ia_a,8,Beta,0.28482116023461956
7,ia_a,9,Beta,3.7018767670267883
7,ia_a,10,Beta,5.695010769316225
7,ia_a,11,Beta,2.922439933078106
7,ia_a,12,Beta,3.576970905891315
7,ia_a,13,Beta,2.9643839564371137
7,ia_a,14,Beta,2.8601530532835846
7,ia_a,15,Beta,3.4005763383586403
7,ia_a,16,Beta,6.07224728856115
7,ia_a,17,Beta,4.556572451333861
7,ia_a,18,Beta,0.10063961133721698
7,ia_a,19,Beta,2.4565474924696384
7,ia_a,20,Beta,1.7323158638987783
7,ia_a,21,Beta,3.969658737136943
7,ia_a,22,Beta,3.8416195421024697
7,ia_a,23,Beta,3.0640796696399355
7,ia_a,24,Beta,5.59232962575922
7,ia_a,25,Beta,2.4431917928562905
7,ia_a,26,Beta,4.9107376554075435
7,ia_a,27,Beta,5.618496776873092
7,ia_a,28,Beta,2.7560336957487026
7,ia_a,29,Beta,1.9902047959535543
7,ia_a,30,Beta,2.514011636640539
7,ia_a,31,Beta,1.5384806313496064
7,ia_a,32,Beta,4.611631196726042
7,ia_a,33,Beta,2.012781285797748
7,ia_a,34,Beta,3.192665678403122
7,ia_a,35,Beta,4.520639194474661
7,ia_a,36,Beta,4.647022847421741
7,ia_a,37,Beta,2.3001398454731317
7,ia_a,38,Beta,4.345315610252742
7,ia_a,39,Beta,3.1148479805997504
7,ia_a,40,Beta,5.974729801386207
7,ia_a,41,Beta,2.600544075760104
7,ia_a,42,Beta,0.9370993737625251
7,ia_a,43,Beta,1.3182625023508185
7,ia_a,44,Beta,1.6940705608142141
7,ia_a,45,Beta,4.462820236758843
7,ia_a,46,Beta,3.7416733088028664
7,ia_a,47,Beta,0.8152034449770957
7,ia_a,48,Beta,2.3043193062277614
7,ia_a,49,Beta,3.3475994139871124
7,ia_a,50,Beta,4.629548022787723
7,ia_a,51,Beta,2.663483641753635
7,ia_a,52,Beta,1.4851389007023867
7,ia_a,53,Beta,2.3722701107531483
7,ia_a,54,Beta,3.0570643879483335
7,ia_a,55,Beta,2.022888843424043
7,ia_a,56,Beta,0.34063613573671964
7,ia_a,57,Beta,5.134642939475471
7,ia_a,58,Beta,2.879632051336058
7,ia_a,59,Beta,0.06195235401357303
7,ia_a,60,Beta,3.508583691953093
8,ia_a,1,Delta,1.7307974433271256
8,ia_a,2,Delta,6.033436665760101
8,ia_a,3,Delta,1.8516757665552757
8,ia_a,4,Delta,5.327605392086687
8,ia_a,5,Delta,0.09901167363350183
8,ia_a,6,Delta,1.0684342460659513
8,ia_a,7,Delta,5.02674909320344
8,ia_a,8,Delta,0.2754288214528724
8,ia_a,9,Delta,4.686118154047546
8,ia_a,10,Delta,0.847387625602944
8,ia_a,11,Delta,5.624343528576952
8,ia_a,12,Delta,4.8826190451898555
8,ia_a,13,Delta,0.7987360704632843
8,ia_a,14,Delta,4.7311679753457305
8,ia_a,15,Delta,2.5250423413901295
8,ia_a,16,Delta,3.068608804863971
8,ia_a,17,Delta,4.766428572189805
8,ia_a,18,Delta,1.2505874853165508
8,ia_a,19,Delta,1.89170916046901
8,ia_a,20,Delta,2.3016172909117993
8,ia_a,21,Delta,4.060401330242572
8,ia_a,22,Delta,2.8438563720706367
8,ia_a,23,Delta,2.139839540713095
8,ia_a,24,Delta,1.3100599298174982
8,ia_a,25,Delta,1.492267089077755
8,ia_a,26,Delta,6.090838840614148
8,ia_a,27,Delta,1.212234494185703
8,ia_a,28,Delta,1.4954195605425333
8,ia_a,29,Delta,1.8260188563201445
8,ia_a,30,Delta,5.1537037951500695
8,ia_a,31,Delta,3.7199008962754667
8,ia_a,32,Delta,1.8984844691746303
8,ia_a,33,Delta,4.092199486837561
8,ia_a,34,Delta,5.221702437789739
8,ia_a,35,Delta,4.3612943706474505
8,ia_a,36,Delta,2.0717698979807717
8,ia_a,37,Delta,1.1698638956059095
8,ia_a,38,Delta,4.914138937612998
8,ia_a,39,Delta,1.1359192627490635
8,ia_a,40,Delta,1.6063881018881598
8,ia_a,41,Delta,1.228692995994645
8,ia_a,42,Delta,3.5497219010808565
8,ia_a,43,Delta,4.9133860687675925
8,ia_a,44,Delta,1.8281724781485782
8,ia_a,45,Delta,0.06323030450696028
8,ia_a,47,Delta,5.2835411195289606
8,ia_a,49,Delta,1.891346067154592
8,ia_a,50,Delta,1.4055801193397959
8,ia_a,51,Delta,2.493810043764044
8,ia_a,52,Delta,1.1336670210718562
8,ia_a,53,Delta,5.480599002121795
8,ia_a,54,Delta,4.007495293193657
8,ia_a,55,Delta,1.1887180606889831
8,ia_a,56,Delta,2.1061226309280596
8,ia_a,57,Delta,4.08546060263529
8,ia_a,58,Delta,1.9596893819420471
8,ia_a,59,Delta,1.1318406175855746
8,ia_a,60,Delta,1.3583010181901911
8,ia_a,1,Theta,1.3070653923173954
8,ia_a,2,Theta,5.758031323503534
8,ia_a,3,Theta,1.6487610105210024
8,ia_a,4,Theta,5.105589374087906
8,ia_a,5,Theta,5.3783305348546016
8,ia_a,6,Theta,2.030600765245528
8,ia_a,7,Theta,2.91342555345934
8,ia_a,8,Theta,4.249311064888202
8,ia_a,9,Theta,4.060952745811962
8,ia_a,10,Theta,0.2796377838945265
8,ia_a,11,Theta,0.14519009083727064
8,ia_a,12,Theta,5.522560514045719
8,ia_a,13,Theta,0.2570750781301783
8,ia_a,14,Theta,3.188122817861309
8,ia_a,15,Theta,3.5624809283253165
8,ia_a,16,Theta,3.1157515881383193
8,ia_a,17,Theta,5.092097999826309
8,ia_a,18,Theta,4.8624386650374
8,ia_a,19,Theta,2.158849112680314
8,ia_a,20,Theta,3.0500424707086737
8,ia_a,21,Theta,3.1682425773088108
8,ia_a,22,Theta,1.4231497904443056
8,ia_a,23,Theta,3.412274188695726
8,ia_a,24,Theta,0.9704716493239954
8,ia_a,25,Theta,0.8697284050285736
8,ia_a,26,Theta,5.945263194380403
8,ia_a,27,Theta,0.15883000424093255
8,ia_a,28,Theta,1.226337477467145
8,ia_a,29,Theta,2.842503382902354
8,ia_a,30,Theta,1.5013468473658742
8,ia_a,31,Theta,3.065456783264757
8,ia_a,32,Theta,1.9678003877844823
8,ia_a,33,Theta,3.8708222492651454
8,ia_a,34,Theta,4.861175731944544
8,ia_a,35,Theta,1.0340705468125073
8,ia_a,36,Theta,1.7709173851568711
8,ia_a,37,Theta,1.1861995813494914
8,ia_a,38,Theta,6.039397059517288
8,ia_a,39,Theta,1.8165593958039283
8,ia_a,40,Theta,1.360692973542989
8,ia_a,41,Theta,1.1409084064850041
8,ia_a,42,Theta,4.230190922643281
8,ia_a,43,Theta,4.678679387690555
8,ia_a,44,Theta,1.5943848924804487
8,ia_a,45,Theta,5.743737405951121
8,ia_a,47,Theta,5.447255655587375
8,ia_a,49,Theta,1.1584101786547993
8,ia_a,50,Theta,0.469149879613673
8,ia_a,51,Theta,2.6312324861715877
8,ia_a,52,Theta,1.2851014234984304
8,ia_a,53,Theta,1.0955927744675544
8,ia_a,54,Theta,1.8032314159795417
8,ia_a,55,Theta,5.9450774651630285
8,ia_a,56,Theta,0.0606323012173007
8,ia_a,57,Theta,3.6445116073127264
8,ia_a,58,Theta,2.6098344859325615
8,ia_a,59,Theta,5.940929603358943
8,ia_a,60,Theta,2.0024519455743457
8,ia_a,1,Alpha,0.0966877781459791
8,ia_a,2,Alpha,0.0199256700872815
8,ia_a,3,Alpha,0.3642038745803417
8,ia_a,4,Alpha,2.32013879107663
8,ia_a,5,Alpha,2.547588909909852
8,ia_a,6,Alpha,1.0497227145058936
8,ia_a,7,Alpha,2.8267284058491735
8,ia_a,8,Alpha,0.8610525971363127
8,ia_a,9,Alpha,4.927427376866083
8,ia_a,10,Alpha,5.55629263509801
8,ia_a,11,Alpha,0.7865856901953721
8,ia_a,12,Alpha,0.477644736784653
8,ia_a,13,Alpha,5.702959532212318
8,ia_a,14,Alpha,4.854984117290982
8,ia_a,15,Alpha,3.779812272758731
8,ia_a,16,Alpha,5.052193132215728
8,ia_a,17,Alpha,5.401031535364307
8,ia_a,18,Alpha,4.930135830205764
8,ia_a,19,Alpha,2.2875590218051216
8,ia_a,20,Alpha,5.017199857061466
8,ia_a,21,Alpha,2.536814013198581
8,ia_a,22,Alpha,6.087313266972213
8,ia_a,23,Alpha,3.882799725047578
8,ia_a,24,Alpha,5.583351569980151
8,ia_a,25,Alpha,2.241260849866207
8,ia_a,26,Alpha,0.9851993620853519
8,ia_a,27,Alpha,5.536594565022248
8,ia_a,28,Alpha,0.5824272029222574
8,ia_a,29,Alpha,3.0346750055245835
8,ia_a,30,Alpha,5.4751065042491
8,ia_a,31,Alpha,6.038587785306395
8,ia_a,32,Alpha,3.6524161589730637
8,ia_a,33,Alpha,3.1475057615259394
8,ia_a,34,Alpha,4.705253262865152
8,ia_a,35,Alpha,4.994315173673247
8,ia_a,36,Alpha,5.806048884617309
8,ia_a,37,Alpha,1.0531909773534582
8,ia_a,38,Alpha,0.17258344950067017
8,ia_a,39,Alpha,2.8414304493201277
8,ia_a,40,Alpha,2.716860088014075
8,ia_a,41,Alpha,0.77804087174763
8,ia_a,42,Alpha,0.8742003369471897
8,ia_a,43,Alpha,4.337300932262044
8,ia_a,44,Alpha,1.609685860737215
8,ia_a,45,Alpha,0.9740619794910245
8,ia_a,47,Alpha,4.784741084551377
8,ia_a,49,Alpha,1.7439765485319205
8,ia_a,50,Alpha,1.4618292351228952
8,ia_a,51,Alpha,2.149805304258008
8,ia_a,52,Alpha,0.7922112378985057
8,ia_a,53,Alpha,3.3368285387094754
8,ia_a,54,Alpha,1.8181705951995049
8,ia_a,55,Alpha,0.858054438790444
8,ia_a,56,Alpha,0.9751956765852753
8,ia_a,57,Alpha,0.7538628000769101
8,ia_a,58,Alpha,2.6733534359354607
8,ia_a,59,Alpha,4.611111070405667
8,ia_a,60,Alpha,2.6927741963433407
8,ia_a,1,Beta,4.550745463199332
8,ia_a,2,Beta,1.170871506507354
8,ia_a,3,Beta,2.073169345093941
8,ia_a,4,Beta,3.634097664188844
8,ia_a,5,Beta,3.108643571083837
8,ia_a,6,Beta,0.40868663535670274
8,ia_a,7,Beta,6.183687534160418
8,ia_a,8,Beta,1.3967220989559481
8,ia_a,9,Beta,1.5701917971219537
8,ia_a,10,Beta,4.083937760766888
8,ia_a,11,Beta,6.1154326108742705
8,ia_a,12,Beta,4.222271243255344
8,ia_a,13,Beta,0.9060184651352168
8,ia_a,14,Beta,3.0090405394952446
8,ia_a,15,Beta,0.7912164253733238
8,ia_a,16,Beta,5.3498975798206105
8,ia_a,17,Beta,5.400422695684448
8,ia_a,18,Beta,1.7397583604229574
8,ia_a,19,Beta,2.2842897447362676
8,ia_a,20,Beta,2.26895603253375
8,ia_a,21,Beta,3.4966077819390415
8,ia_a,22,Beta,1.0814151884609466
8,ia_a,23,Beta,3.056774633586721
8,ia_a,24,Beta,0.5107744436885565
8,ia_a,25,Beta,3.385339995775327
8,ia_a,26,Beta,3.687574087087209
8,ia_a,27,Beta,3.4652845406879433
8,ia_a,28,Beta,1.9852650644725696
8,ia_a,29,Beta,5.842472379293087
8,ia_a,30,Beta,2.698132943684333
8,ia_a,31,Beta,5.449573063922138
8,ia_a,32,Beta,0.5080969401232677
8,ia_a,33,Beta,4.579277956845946
8,ia_a,34,Beta,3.8236009769972483
8,ia_a,35,Beta,1.4558530958264433
8,ia_a,36,Beta,1.9645498941761494
8,ia_a,37,Beta,1.0536541892862317
8,ia_a,38,Beta,6.158163764889234
8,ia_a,39,Beta,3.4742259352154847
8,ia_a,40,Beta,0.5128421948814754
8,ia_a,41,Beta,2.024764373299775
8,ia_a,42,Beta,1.850065852686328
8,ia_a,43,Beta,2.958035985305612
8,ia_a,44,Beta,3.0337352781519757
8,ia_a,45,Beta,6.064802764550447
8,ia_a,47,Beta,0.8802020883398184
8,ia_a,49,Beta,1.5762319048189735
8,ia_a,50,Beta,2.4087944529941803
8,ia_a,51,Beta,2.9281920922264297
8,ia_a,52,Beta,2.606586650896836
8,ia_a,53,Beta,3.069812980856915
8,ia_a,54,Beta,2.535411229061659
8,ia_a,55,Beta,0.07348038602879078
8,ia_a,56,Beta,3.7777980439853183
8,ia_a,57,Beta,1.6531887909898295
8,ia_a,58,Beta,2.043881940928649
8,ia_a,59,Beta,5.7159094980926755
8,ia_a,60,Beta,4.247306169751567
9,ia_a,1,Delta,6.274323331617206
9,ia_a,2,Delta,1.2390004041328266
9,ia_a,3,Delta,2.3303674027703902
9,ia_a,4,Delta,3.558480234931775
9,ia_a,5,Delta,0.9514868386687186
9,ia_a,6,Delta,4.295748909553774
9,ia_a,8,Delta,1.2894981138379136
9,ia_a,9,Delta,5.055730606525068
9,ia_a,11,Delta,4.0986853237212735
9,ia_a,13,Delta,0.6052818175350909
9,ia_a,14,Delta,1.9289622686047547
9,ia_a,15,Delta,3.852750669856444
9,ia_a,16,Delta,2.5053541911202895
9,ia_a,18,Delta,4.283833908510356
9,ia_a,19,Delta,4.488482444342263
9,ia_a,20,Delta,2.317428462274471
9,ia_a,21,Delta,4.423764004177091
9,ia_a,22,Delta,1.4918874252564327
9,ia_a,23,Delta,1.9762807787731695
9,ia_a,24,Delta,1.9122183734692404
9,ia_a,25,Delta,2.2796188957693166
9,ia_a,26,Delta,0.9967317545492395
9,ia_a,28,Delta,3.395545650071461
9,ia_a,29,Delta,3.2151497678316105
9,ia_a,30,Delta,2.694156763666065
9,ia_a,31,Delta,4.825253249253862
9,ia_a,32,Delta,1.5693074909720088
9,ia_a,33,Delta,4.686918349324422
9,ia_a,34,Delta,5.4995220906557725
9,ia_a,35,Delta,3.61808961050236
9,ia_a,37,Delta,5.533370415163833
9,ia_a,38,Delta,2.0370025728450263
9,ia_a,39,Delta,1.9759865210529508
9,ia_a,40,Delta,1.6736979710590605
9,ia_a,41,Delta,5.476732635583824
9,ia_a,42,Delta,4.4315866317464625
9,ia_a,43,Delta,2.239155291255929
9,ia_a,44,Delta,2.9104078394504884
9,ia_a,45,Delta,5.272168262244044
9,ia_a,46,Delta,2.168829109955272
9,ia_a,47,Delta,1.4455478941728277
9,ia_a,48,Delta,4.501913456694939
9,ia_a,49,Delta,2.0553561464447987
9,ia_a,52,Delta,2.100574964079339
9,ia_a,53,Delta,4.136704964376554
9,ia_a,54,Delta,0.08269713350198561
9,ia_a,55,Delta,2.1049307253954836
9,ia_a,56,Delta,5.738492143306887
9,ia_a,57,Delta,2.415907972108057
9,ia_a,58,Delta,2.5657481132529476
9,ia_a,59,Delta,2.9696448634001635
9,ia_a,60,Delta,1.6218796728926153
9,ia_a,1,Theta,5.540316713603843
9,ia_a,2,Theta,2.1507937549169025
9,ia_a,3,Theta,3.0736226414010868
9,ia_a,4,Theta,2.4956661232423984
9,ia_a,5,Theta,5.111384027884606
9,ia_a,6,Theta,2.1183970812403707
9,ia_a,8,Theta,0.8959071654342494
9,ia_a,9,Theta,5.576183163116367
9,ia_a,11,Theta,2.9211965697272895
9,ia_a,13,Theta,0.2264120853853048
9,ia_a,14,Theta,2.5077356334351504
9,ia_a,15,Theta,3.1639555255942984
9,ia_a,16,Theta,3.656012586878805
9,ia_a,18,Theta,4.809627672818713
9,ia_a,19,Theta,3.552441480606259
9,ia_a,20,Theta,1.4854873138968363
9,ia_a,21,Theta,4.281566802659512
9,ia_a,22,Theta,4.203500019269976
9,ia_a,23,Theta,3.6679003685054115
9,ia_a,24,Theta,1.8520255497292657
9,ia_a,25,Theta,3.607204433247537
9,ia_a,26,Theta,1.7345891075631295
9,ia_a,28,Theta,2.4998320606769124
9,ia_a,29,Theta,2.00844161477559
9,ia_a,30,Theta,3.0468140019608208
9,ia_a,31,Theta,0.08901462117521512
9,ia_a,32,Theta,1.5692976132438703
9,ia_a,33,Theta,5.904634136460922
9,ia_a,34,Theta,5.499804765801607
9,ia_a,35,Theta,4.814100215703094
9,ia_a,37,Theta,3.2461442855328797
9,ia_a,38,Theta,2.584618797963428
9,ia_a,39,Theta,4.5257645858722935
9,ia_a,40,Theta,1.0323762901029585
9,ia_a,41,Theta,5.9179733546652775
9,ia_a,42,Theta,2.015382860818299
9,ia_a,43,Theta,2.4141093782179084
9,ia_a,44,Theta,4.279706697579957
9,ia_a,45,Theta,5.365039932597824
9,ia_a,46,Theta,2.5233608986810596
9,ia_a,47,Theta,0.23951929833939267
9,ia_a,48,Theta,3.957765963574593
9,ia_a,49,Theta,2.579880755758548
9,ia_a,52,Theta,2.605923265155606
9,ia_a,53,Theta,4.044827927647987
9,ia_a,54,Theta,4.59922962041722
9,ia_a,55,Theta,2.7309313772315136
9,ia_a,56,Theta,6.116921282491489
9,ia_a,57,Theta,2.9362638986763234
9,ia_a,58,Theta,2.0883709424879098
9,ia_a,59,Theta,2.880544570519987
9,ia_a,60,Theta,2.4350384272171652
9,ia_a,1,Alpha,0.4024076490589003
9,ia_a,2,Alpha,2.21012974159321
9,ia_a,3,Alpha,4.308489286459997
9,ia_a,4,Alpha,6.215311462711463
9,ia_a,5,Alpha,5.326420193048274
9,ia_a,6,Alpha,2.088821759255391
9,ia_a,8,Alpha,4.85783430827056
9,ia_a,9,Alpha,1.92756234221563
9,ia_a,11,Alpha,1.111631832300979
9,ia_a,13,Alpha,5.013942553928786
9,ia_a,14,Alpha,3.0678406799625653
9,ia_a,15,Alpha,2.7341029688045864
9,ia_a,16,Alpha,0.4924036134261913
9,ia_a,18,Alpha,6.044220948437485
9,ia_a,19,Alpha,2.6923615739433844
9,ia_a,20,Alpha,1.0224969466046525
9,ia_a,21,Alpha,3.5072390352798215
9,ia_a,22,Alpha,2.685735273340453
9,ia_a,23,Alpha,3.9492515207113374
9,ia_a,24,Alpha,1.8752612720493775
9,ia_a,25,Alpha,3.7998282889480266
9,ia_a,26,Alpha,1.7691333281849797
9,ia_a,28,Alpha,3.5069549949851653
9,ia_a,29,Alpha,5.699612113788338
9,ia_a,30,Alpha,3.4682811625263463
9,ia_a,31,Alpha,1.4001427684096721
9,ia_a,32,Alpha,2.070700291741694
9,ia_a,33,Alpha,0.7888235599101924
9,ia_a,34,Alpha,4.816716250641206
9,ia_a,35,Alpha,0.5860791350597264
9,ia_a,37,Alpha,5.317427231408118
9,ia_a,38,Alpha,2.2172737849013058
9,ia_a,39,Alpha,2.3960501894815303
9,ia_a,40,Alpha,1.550065617969645
9,ia_a,41,Alpha,6.194869784569181
9,ia_a,42,Alpha,3.0712782425275
9,ia_a,43,Alpha,3.4650020780130237
9,ia_a,44,Alpha,3.264481118612398
9,ia_a,45,Alpha,6.139781007129777
9,ia_a,46,Alpha,2.802652230013567
9,ia_a,47,Alpha,4.617380968069411
9,ia_a,48,Alpha,4.317853542208035
9,ia_a,49,Alpha,4.4431349773982065
9,ia_a,52,Alpha,1.8566947674041905
9,ia_a,53,Alpha,4.364831699505309
9,ia_a,54,Alpha,4.241652468945374
9,ia_a,55,Alpha,2.729767000192458
9,ia_a,56,Alpha,1.0747801993063053
9,ia_a,57,Alpha,3.489084571243169
9,ia_a,58,Alpha,1.027151178266139
9,ia_a,59,Alpha,1.3897281736619682
9,ia_a,60,Alpha,2.504759395053634
9,ia_a,1,Beta,0.8659290617782045
9,ia_a,2,Beta,3.236480910413214
9,ia_a,3,Beta,3.5745560569046266
9,ia_a,4,Beta,4.372381993082453
9,ia_a,5,Beta,2.70925562934975
9,ia_a,6,Beta,1.2127901568984825
9,ia_a,8,Beta,5.057262023102696
9,ia_a,9,Beta,4.813683802248629
9,ia_a,11,Beta,6.063044420681158
9,ia_a,13,Beta,3.2899798792633614
9,ia_a,14,Beta,1.0885288342812842
9,ia_a,15,Beta,0.4851067677241692
9,ia_a,16,Beta,2.667153469638443
9,ia_a,18,Beta,4.544199088938236
9,ia_a,19,Beta,0.9677777814445511
9,ia_a,20,Beta,1.1082916529605649
9,ia_a,21,Beta,2.1698190984094836
9,ia_a,22,Beta,5.0587915217176604
9,ia_a,23,Beta,2.592562250117923
9,ia_a,24,Beta,2.662590904470121
9,ia_a,25,Beta,4.723853262951021
9,ia_a,26,Beta,5.318426495896958
9,ia_a,28,Beta,5.125442838922812
9,ia_a,29,Beta,2.346760129908208
9,ia_a,30,Beta,1.0867773386975914
9,ia_a,31,Beta,0.5572881586867006
9,ia_a,32,Beta,2.8368775970803854
9,ia_a,33,Beta,2.1704844951359923
9,ia_a,34,Beta,0.7570610389015124
9,ia_a,35,Beta,3.560443093903076
9,ia_a,37,Beta,5.278895181326696
9,ia_a,38,Beta,1.9647991223744814
9,ia_a,39,Beta,2.3199483365802367
9,ia_a,40,Beta,2.943570273507539
9,ia_a,41,Beta,0.041169968002094166
9,ia_a,42,Beta,1.8162285777675375
9,ia_a,43,Beta,3.0266120638437997
9,ia_a,44,Beta,3.3215718332472237
9,ia_a,45,Beta,3.129378795645889
9,ia_a,46,Beta,0.6016369297627645
9,ia_a,47,Beta,2.5602939576148818
9,ia_a,48,Beta,4.684100859338422
9,ia_a,49,Beta,5.244402078588337
9,ia_a,52,Beta,4.47068857173486
9,ia_a,53,Beta,4.322061744408472
9,ia_a,54,Beta,2.487258995874106
9,ia_a,55,Beta,2.878983156338583
9,ia_a,56,Beta,1.5651207581607836
9,ia_a,57,Beta,5.715396499939509
9,ia_a,58,Beta,0.8733668229084733
9,ia_a,59,Beta,4.949051626304625
9,ia_a,60,Beta,3.6127190822045865
10,va_a,1,Delta,6.0838988866516015
10,va_a,2,Delta,5.022613088234365
10,va_a,3,Delta,4.123498824596254
10,va_a,4,Delta,4.360501981545398
10,va_a,5,Delta,5.310687394349321
10,va_a,6,Delta,4.088609725428132
10,va_a,8,Delta,2.2697886571923163
10,va_a,9,Delta,4.842290341690635
10,va_a,10,Delta,4.57407984086464
10,va_a,11,Delta,6.1030555295311775
10,va_a,12,Delta,1.162441856583821
10,va_a,13,Delta,3.6408877478026644
10,va_a,14,Delta,6.251447735978587
10,va_a,15,Delta,6.211850665021054
10,va_a,16,Delta,4.91568610598665
10,va_a,17,Delta,2.6513232800096107
10,va_a,18,Delta,6.066388168272935
10,va_a,19,Delta,4.310593011637946
10,va_a,20,Delta,2.7469525398063332
10,va_a,21,Delta,4.20228148735976
10,va_a,22,Delta,3.673432773694696
10,va_a,23,Delta,2.0050047996271423
10,va_a,24,Delta,1.4996102637896258
10,va_a,25,Delta,4.874958069623062
10,va_a,26,Delta,4.12235317149478
10,va_a,27,Delta,3.4890837176027936
10,va_a,28,Delta,6.173166640656738
10,va_a,29,Delta,1.426017738316127
10,va_a,30,Delta,5.125724265644488
10,va_a,31,Delta,4.747522398030258
10,va_a,32,Delta,4.791013885468607
10,va_a,33,Delta,4.310422157611541
10,va_a,34,Delta,4.66715320605572
10,va_a,35,Delta,5.52035942859205
10,va_a,36,Delta,1.4955664664617843
10,va_a,37,Delta,5.913329952140006
10,va_a,38,Delta,4.087490859195551
10,va_a,39,Delta,1.032068700517759
10,va_a,40,Delta,1.0833445269748372
10,va_a,41,Delta,2.279478286509214
10,va_a,42,Delta,1.3286467652821776
10,va_a,43,Delta,5.493671886203004
10,va_a,44,Delta,4.104705037665834
10,va_a,45,Delta,1.2973213385826525
10,va_a,46,Delta,5.440106077078987
10,va_a,47,Delta,3.801048897640414
10,va_a,48,Delta,4.393065695280881
10,va_a,49,Delta,3.9418580148806917
10,va_a,50,Delta,4.816782873866081
10,va_a,51,Delta,4.438298438434569
10,va_a,52,Delta,4.899898336136998
10,va_a,53,Delta,1.7828252263788897
10,va_a,54,Delta,2.6818437703826987
10,va_a,55,Delta,3.8302441759374855
10,va_a,56,Delta,5.025536531065587
10,va_a,57,Delta,5.455774773999984
10,va_a,58,Delta,1.2554279370206454
10,va_a,59,Delta,0.9255581903558483
10,va_a,60,Delta,5.078374860590156
10,va_a,1,Theta,0.007072522105118939
10,va_a,2,Theta,5.011180878003646
10,va_a,3,Theta,4.456509038436074
10,va_a,4,Theta,4.78036788140605
10,va_a,5,Theta,5.4109492216392026
10,va_a,6,Theta,4.923274374610138
10,va_a,8,Theta,4.949966919636352
10,va_a,9,Theta,0.021119184748611894
10,va_a,10,Theta,5.039391860911732
10,va_a,11,Theta,5.9963743237184035
10,va_a,12,Theta,0.8408211173065456
10,va_a,13,Theta,5.298653437941411
10,va_a,14,Theta,5.638821585639954
10,va_a,15,Theta,0.7101356504237067
10,va_a,16,Theta,1.3285477442544904
10,va_a,17,Theta,4.434657343328765
10,va_a,18,Theta,5.965510219092003
10,va_a,19,Theta,4.740637852841143
10,va_a,20,Theta,2.0390446163887472
10,va_a,21,Theta,3.8895787008516156
10,va_a,22,Theta,4.353844047994343
10,va_a,23,Theta,2.99891079618625
10,va_a,24,Theta,1.2728218552601591
10,va_a,25,Theta,5.355985756823691
10,va_a,26,Theta,3.0831285484744213
10,va_a,27,Theta,2.912663452282608
10,va_a,28,Theta,0.501335265222211
10,va_a,29,Theta,1.2366980557568732
10,va_a,30,Theta,5.512916167882809
10,va_a,31,Theta,4.938022447956978
10,va_a,32,Theta,0.9383598402154957
10,va_a,33,Theta,4.214269411539911
10,va_a,34,Theta,4.794200411985679
10,va_a,35,Theta,6.177341340613999
10,va_a,36,Theta,0.3323867865225377
10,va_a,37,Theta,5.695962817376384
10,va_a,38,Theta,3.916191224190404
10,va_a,39,Theta,0.2347953475617163
10,va_a,40,Theta,1.0312135975223264
10,va_a,41,Theta,2.0490162217461587
10,va_a,42,Theta,0.6693371450009457
10,va_a,43,Theta,5.731423463336364
10,va_a,44,Theta,3.4482496692708184
10,va_a,45,Theta,0.3817677472035316
10,va_a,46,Theta,4.204098426645357
10,va_a,47,Theta,3.227729073390711
10,va_a,48,Theta,5.014746083914551
10,va_a,49,Theta,4.553286683236369
10,va_a,50,Theta,5.103935383959436
10,va_a,51,Theta,4.286619959114336
10,va_a,52,Theta,6.073155581894837
10,va_a,53,Theta,2.358815590244252
10,va_a,54,Theta,3.703960908849584
10,va_a,55,Theta,2.6552827557226633
10,va_a,56,Theta,5.890208460847582
10,va_a,57,Theta,6.03406737783273
10,va_a,58,Theta,0.5802253841537808
10,va_a,59,Theta,3.6603130934181065
10,va_a,60,Theta,5.341454389610121
10,va_a,1,Alpha,0.4250750926111318
10,va_a,2,Alpha,4.69357770653673
10,va_a,3,Alpha,5.50284376964654
10,va_a,4,Alpha,0.31223530300370184
10,va_a,5,Alpha,5.4715134016100855
10,va_a,6,Alpha,4.99723841148553
10,va_a,8,Alpha,4.000531888414744
10,va_a,9,Alpha,1.9378678415413901
10,va_a,10,Alpha,5.023989971649829
10,va_a,11,Alpha,0.502155674103521
10,va_a,12,Alpha,0.19837918703389923
10,va_a,13,Alpha,0.2458600258958099
10,va_a,14,Alpha,5.036101579699627
10,va_a,15,Alpha,1.9982752450591983
10,va_a,16,Alpha,0.22341045856151687
10,va_a,17,Alpha,5.848375324334436
10,va_a,18,Alpha,5.4634170202151
10,va_a,19,Alpha,5.2948707033391775
10,va_a,20,Alpha,0.5188245801893995
10,va_a,21,Alpha,2.3596540100222767
10,va_a,22,Alpha,0.16701203909540252
10,va_a,23,Alpha,4.10397857392528
10,va_a,24,Alpha,6.082370008314252
10,va_a,25,Alpha,1.389087319012023
10,va_a,26,Alpha,5.671409848493435
10,va_a,27,Alpha,2.781153289821393
10,va_a,28,Alpha,6.060724250211081
10,va_a,29,Alpha,5.254484758786264
10,va_a,30,Alpha,0.08057301956075485
10,va_a,31,Alpha,6.053870079737287
10,va_a,32,Alpha,0.5390617635349106
10,va_a,33,Alpha,5.104695435495217
10,va_a,34,Alpha,4.791059713086664
10,va_a,35,Alpha,0.5408446673537987
10,va_a,36,Alpha,0.6841984493701851
10,va_a,37,Alpha,5.402638112963379
10,va_a,38,Alpha,3.906444108263791
10,va_a,39,Alpha,5.291883591067946
10,va_a,40,Alpha,1.3893951584539392
10,va_a,41,Alpha,0.9397952017503013
10,va_a,42,Alpha,6.281296804487044
10,va_a,43,Alpha,3.8184040650894135
10,va_a,44,Alpha,4.0258283876514644
10,va_a,45,Alpha,0.40258406215997733
10,va_a,46,Alpha,2.4095412300701753
10,va_a,47,Alpha,2.031753868805731
10,va_a,48,Alpha,0.4688456363142151
10,va_a,49,Alpha,4.171019047059036
10,va_a,50,Alpha,0.24171623700525485
10,va_a,51,Alpha,5.3806456699468015
10,va_a,52,Alpha,0.555558587051633
10,va_a,53,Alpha,2.1588472885736616
10,va_a,54,Alpha,2.695916196448373
10,va_a,55,Alpha,2.9638528424030266
10,va_a,56,Alpha,2.408792526528758
10,va_a,57,Alpha,1.6125750255119011
10,va_a,58,Alpha,1.1101901462399784
10,va_a,59,Alpha,4.192200811663875
10,va_a,60,Alpha,5.390191064687732
10,va_a,1,Beta,6.265483439495064
10,va_a,2,Beta,2.83853212401896
10,va_a,3,Beta,3.3166287704302593
10,va_a,4,Beta,1.1437996876969134
10,va_a,5,Beta,3.810766907514982
10,va_a,6,Beta,2.3471487866444947
10,va_a,8,Beta,1.9438698656842524
10,va_a,9,Beta,2.9317341732011095
10,va_a,10,Beta,4.530474624296618
10,va_a,11,Beta,3.0244465144253674
10,va_a,12,Beta,1.0232606897709198
10,va_a,13,Beta,6.066676747661115
10,va_a,14,Beta,1.8119026693817815
10,va_a,15,Beta,0.16396282340297025
10,va_a,16,Beta,1.7554803380688373
10,va_a,17,Beta,5.762916382269234
10,va_a,18,Beta,4.794576135889744
10,va_a,19,Beta,5.216690545706321
10,va_a,20,Beta,1.5198691201200454
10,va_a,21,Beta,2.7139067941679826
10,va_a,22,Beta,2.060340465957154
10,va_a,23,Beta,2.703806966674373
10,va_a,24,Beta,1.197750936614288
10,va_a,25,Beta,1.788347796341364
10,va_a,26,Beta,5.620871887506399
10,va_a,27,Beta,3.4325590330878857
10,va_a,28,Beta,5.733268866060833
10,va_a,29,Beta,0.7789435118173308
10,va_a,30,Beta,5.730785921168401
10,va_a,31,Beta,6.173901520371949
10,va_a,32,Beta,1.5196396309270546
10,va_a,33,Beta,0.7001809712986263
10,va_a,34,Beta,0.5835855046202081
10,va_a,35,Beta,2.0452668408372716
10,va_a,36,Beta,4.258367965044997
10,va_a,37,Beta,4.55250221283727
10,va_a,38,Beta,2.683713586624096
10,va_a,39,Beta,4.625570781395583
10,va_a,40,Beta,1.1467928077388743
10,va_a,41,Beta,0.8251800781770805
10,va_a,42,Beta,5.7953725557988855
10,va_a,43,Beta,1.6646530060522018
10,va_a,44,Beta,5.603107762578098
10,va_a,45,Beta,3.0564285150580273
10,va_a,46,Beta,2.555258504780622
10,va_a,47,Beta,3.0946952874347824
10,va_a,48,Beta,4.778457189491392
10,va_a,49,Beta,0.28911409069725263
10,va_a,50,Beta,1.8730189237480923
10,va_a,51,Beta,1.4513387817365155
10,va_a,52,Beta,1.3068276414275517
10,va_a,53,Beta,4.18919498783157
10,va_a,54,Beta,0.12373932842845474
10,va_a,55,Beta,5.599931607660786
10,va_a,56,Beta,0.4471777890044018
10,va_a,57,Beta,4.871176556437726
10,va_a,58,Beta,1.9374306015262504
10,va_a,59,Beta,2.364387000193365
10,va_a,60,Beta,4.317510032945448
11,va_a,1,Delta,5.848593549044275
11,va_a,2,Delta,0.9280070347288784
11,va_a,3,Delta,3.9081526823867647
11,va_a,4,Delta,6.228010319023009
11,va_a,5,Delta,5.261588036629832
11,va_a,6,Delta,5.357991087568344
11,va_a,7,Delta,4.880329605098884
11,va_a,8,Delta,5.216103998650734
11,va_a,9,Delta,3.425139064301437
11,va_a,10,Delta,4.4487533726863235
11,va_a,11,Delta,4.53030780718386
11,va_a,12,Delta,1.3841170310814945
11,va_a,13,Delta,2.228726940245092
11,va_a,14,Delta,0.9898581440084128
11,va_a,15,Delta,4.523349978523976
11,va_a,16,Delta,5.078075288691576
11,va_a,17,Delta,4.619365430617553
11,va_a,18,Delta,0.18248015537595308
11,va_a,19,Delta,3.8853202857907587
11,va_a,20,Delta,0.3527298861268482
11,va_a,21,Delta,2.335294733562897
11,va_a,22,Delta,5.684880781725326
11,va_a,23,Delta,4.507462746532527
11,va_a,24,Delta,1.4378876104561134
11,va_a,25,Delta,2.607179844072423
11,va_a,26,Delta,0.5981757212148556
11,va_a,27,Delta,5.508188318690449
11,va_a,28,Delta,2.8131763207040326
11,va_a,29,Delta,5.123315726828237
11,va_a,30,Delta,4.454745500249629
11,va_a,31,Delta,5.444320566800309
11,va_a,32,Delta,4.289847842948619
11,va_a,33,Delta,4.286961457651374
11,va_a,34,Delta,3.84557489149325
11,va_a,35,Delta,3.242756631784404
11,va_a,36,Delta,4.983351617237972
11,va_a,37,Delta,4.168683233299854
11,va_a,38,Delta,4.245815489670983
11,va_a,39,Delta,4.725436512104895
11,va_a,40,Delta,4.080816551356422
11,va_a,41,Delta,1.6234086772701517
11,va_a,42,Delta,0.5848760714236764
11,va_a,43,Delta,5.313520053966417
11,va_a,44,Delta,4.6490597735624375
11,va_a,45,Delta,4.46633219934435
11,va_a,46,Delta,0.6402180092414698
11,va_a,47,Delta,1.7229519343596094
11,va_a,48,Delta,5.259560837994849
11,va_a,49,Delta,0.2830152701545384
11,va_a,50,Delta,4.933879391993096
11,va_a,51,Delta,4.128143840002794
11,va_a,52,Delta,0.042172877939440884
11,va_a,53,Delta,0.5425779097818926
11,va_a,54,Delta,1.4164360535286749
11,va_a,55,Delta,1.1962234947803176
11,va_a,56,Delta,5.903154324454945
11,va_a,57,Delta,4.403157853446789
11,va_a,58,Delta,4.419291545524129
11,va_a,59,Delta,4.877740187521095
11,va_a,60,Delta,4.644908854440422
11,va_a,1,Theta,5.317722123526988
11,va_a,2,Theta,1.8323743656598697
11,va_a,3,Theta,1.361996490656801
11,va_a,4,Theta,1.0782496627808869
11,va_a,5,Theta,4.431024266567828
11,va_a,6,Theta,1.9080551192658026
11,va_a,7,Theta,5.462087519863721
11,va_a,8,Theta,4.830589478560502
11,va_a,9,Theta,2.109736742864878
11,va_a,10,Theta,4.50681325015704
11,va_a,11,Theta,3.4448276244958786
11,va_a,12,Theta,6.018544634819788
11,va_a,13,Theta,2.9562962860499273
11,va_a,14,Theta,0.6894803522644237
11,va_a,15,Theta,4.26604691435279
11,va_a,16,Theta,4.2152300315602105
11,va_a,17,Theta,4.397371424075726
11,va_a,18,Theta,0.6824643167972794
11,va_a,19,Theta,3.760201957720395
11,va_a,20,Theta,0.26423794905483683
11,va_a,21,Theta,2.5641495959557927
11,va_a,22,Theta,5.860790161173185
11,va_a,23,Theta,5.104052037439525
11,va_a,24,Theta,1.7535768273194288
11,va_a,25,Theta,2.054697176171229
11,va_a,26,Theta,1.5097643409610773
11,va_a,27,Theta,5.716825981244778
11,va_a,28,Theta,3.6082940252125555
11,va_a,29,Theta,5.659293007444815
11,va_a,30,Theta,4.026201507729455
11,va_a,31,Theta,1.2975947564045274
11,va_a,32,Theta,4.004208057110219
11,va_a,33,Theta,3.703162230319884
11,va_a,34,Theta,3.70402194191438
11,va_a,35,Theta,3.8006396883006697
11,va_a,36,Theta,5.707990039051385
11,va_a,37,Theta,3.7144943913351844
11,va_a,38,Theta,4.798319983216418
11,va_a,39,Theta,4.8014915019930635
11,va_a,40,Theta,4.019188620999846
11,va_a,41,Theta,1.557742714685067
11,va_a,42,Theta,0.3753740803488934
11,va_a,43,Theta,5.786061615874802
11,va_a,44,Theta,5.417392757246263
11,va_a,45,Theta,4.557889271978078
11,va_a,46,Theta,4.7887228809860085
11,va_a,47,Theta,4.676750626299811
11,va_a,48,Theta,0.21591185099491986
11,va_a,49,Theta,6.045615834311298
11,va_a,50,Theta,4.752188945959871
11,va_a,51,Theta,4.3296583920915275
11,va_a,52,Theta,0.040440671904774586
11,va_a,53,Theta,3.034231993069812
11,va_a,54,Theta,0.9914778818986646
11,va_a,55,Theta,0.9123071056510432
11,va_a,56,Theta,5.795528756167014
11,va_a,57,Theta,4.169073363006329
11,va_a,58,Theta,2.409513839300003
11,va_a,59,Theta,4.527641940980541
11,va_a,60,Theta,4.281830254751705
11,va_a,1,Alpha,2.78730213513195
11,va_a,2,Alpha,2.7861376119664234
11,va_a,3,Alpha,6.12840557870191
11,va_a,4,Alpha,0.9817287728077819
11,va_a,5,Alpha,3.7666664915043984
11,va_a,6,Alpha,2.3588430942743743
11,va_a,7,Alpha,5.10255000894036
11,va_a,8,Alpha,2.2389983964522644
11,va_a,9,Alpha,1.147727414537808
11,va_a,10,Alpha,4.674248283768784
11,va_a,11,Alpha,1.7056377451439189
11,va_a,12,Alpha,1.5589782958895284
11,va_a,13,Alpha,2.47169671299856
11,va_a,14,Alpha,6.111604339254819
11,va_a,15,Alpha,5.739561059419174
11,va_a,16,Alpha,2.855377715625338
11,va_a,17,Alpha,2.6559490763270768
11,va_a,18,Alpha,1.7916291583609099
11,va_a,19,Alpha,3.65679283782361
11,va_a,20,Alpha,5.8807117616135205
11,va_a,21,Alpha,2.3953527085283697
11,va_a,22,Alpha,0.44037693807963874
11,va_a,23,Alpha,5.082975891951284
11,va_a,24,Alpha,4.1171812187077155
11,va_a,25,Alpha,1.7264137749859572
11,va_a,26,Alpha,3.817689756506589
11,va_a,27,Alpha,0.635994169953935
11,va_a,28,Alpha,3.788630508320542
11,va_a,29,Alpha,0.08903095196825929
11,va_a,30,Alpha,4.426938681151038
11,va_a,31,Alpha,1.5630776122041015
11,va_a,32,Alpha,4.140438196465028
11,va_a,33,Alpha,2.832965149421791
11,va_a,34,Alpha,3.5827254511455946
11,va_a,35,Alpha,4.32059299195671
11,va_a,36,Alpha,5.830789575316845
11,va_a,37,Alpha,0.5646365847077708
11,va_a,38,Alpha,5.274716123169626
11,va_a,39,Alpha,5.424367489972715
11,va_a,40,Alpha,4.821503018637075
11,va_a,41,Alpha,5.010034586207754
11,va_a,42,Alpha,1.7957232125229043
11,va_a,43,Alpha,6.047849450580811
11,va_a,44,Alpha,2.9525230167432124
11,va_a,45,Alpha,4.206657287186871
11,va_a,46,Alpha,3.541997161073497
11,va_a,47,Alpha,5.553778056652522
11,va_a,48,Alpha,1.800393199437014
11,va_a,49,Alpha,3.9871620626340465
11,va_a,50,Alpha,4.236902241834022
11,va_a,51,Alpha,5.327077534014821
11,va_a,52,Alpha,5.749901496007535
11,va_a,53,Alpha,3.3282222407230213
11,va_a,54,Alpha,0.6048863793431298
11,va_a,55,Alpha,0.42037443417915143
11,va_a,56,Alpha,4.741267576133108
11,va_a,57,Alpha,3.650007249477956
11,va_a,58,Alpha,2.441021954568048
11,va_a,59,Alpha,4.35601295916703
11,va_a,60,Alpha,4.412812501878429
11,va_a,1,Beta,0.631112690313309
11,va_a,2,Beta,0.3315834225229508
11,va_a,3,Beta,3.0936172189782805
11,va_a,4,Beta,2.0792208109621524
11,va_a,5,Beta,5.522135718539601
11,va_a,6,Beta,3.392411069432394
11,va_a,7,Beta,0.6744682197412554
11,va_a,8,Beta,4.194205836063409
11,va_a,9,Beta,3.756545958326851
11,va_a,10,Beta,5.330257737110438
11,va_a,11,Beta,5.235653793607354
11,va_a,12,Beta,3.653785674757699
11,va_a,13,Beta,0.26199778002763063
11,va_a,14,Beta,4.159005109168989
11,va_a,15,Beta,5.281071249327867
11,va_a,16,Beta,5.225307443424641
11,va_a,17,Beta,2.8101609744724843
11,va_a,18,Beta,3.791646556665476
11,va_a,19,Beta,4.17471291131025
11,va_a,20,Beta,3.4097087547872014
11,va_a,21,Beta,0.21073873732838808
11,va_a,22,Beta,0.9933440131913067
11,va_a,23,Beta,6.2415868144103825
11,va_a,24,Beta,1.4553507919394348
11,va_a,25,Beta,2.4191134806716046
11,va_a,26,Beta,5.084580238770931
11,va_a,27,Beta,4.704234575723869
11,va_a,28,Beta,1.931184034257354
11,va_a,29,Beta,4.638759725714848
11,va_a,30,Beta,0.9734633339392637
11,va_a,31,Beta,5.481683236737097
11,va_a,32,Beta,4.771638801758927
11,va_a,33,Beta,1.913666917225332
11,va_a,34,Beta,2.0394135619744787
11,va_a,35,Beta,2.7443807729228125
11,va_a,36,Beta,5.4988468251322145
11,va_a,37,Beta,5.337826784610377
11,va_a,38,Beta,4.968307722105078
11,va_a,39,Beta,2.0405174580509344
11,va_a,40,Beta,5.793614086425838
11,va_a,41,Beta,5.82100272991071
11,va_a,42,Beta,0.914133253051823
11,va_a,43,Beta,1.951887419936444
11,va_a,44,Beta,5.277564964061537
11,va_a,45,Beta,2.637993393480095
11,va_a,46,Beta,2.8060372622871497
11,va_a,47,Beta,3.528553739974775
11,va_a,48,Beta,6.213783567669358
11,va_a,49,Beta,2.2723494311296433
11,va_a,50,Beta,4.915932945773525
11,va_a,51,Beta,0.4606517302105753
11,va_a,52,Beta,5.349608361107976
11,va_a,53,Beta,0.27659611292929903
11,va_a,54,Beta,1.0822797305734593
11,va_a,55,Beta,0.5733434993194002
11,va_a,56,Beta,4.554244347784844
11,va_a,57,Beta,3.772372165384752
11,va_a,58,Beta,2.0196507088461706
11,va_a,59,Beta,4.70563980023314
11,va_a,60,Beta,4.5651342721024895
12,va_a,1,Delta,5.956632771561286
12,va_a,2,Delta,5.478413105464866
12,va_a,3,Delta,3.4621737174460163
12,va_a,4,Delta,1.7584717824262337
12,va_a,5,Delta,5.133677039347841
12,va_a,6,Delta,1.8568759924742602
12,va_a,7,Delta,5.299153180738164
12,va_a,8,Delta,5.028365585011908
12,va_a,9,Delta,2.6419842613896822
12,va_a,10,Delta,5.233567020162424
12,va_a,11,Delta,0.06557613403680114
12,va_a,12,Delta,4.7468673370618735
12,va_a,13,Delta,1.3176720126822896
12,va_a,14,Delta,4.928856770342077
12,va_a,15,Delta,0.2670474067288823
12,va_a,16,Delta,2.2586058094492243
12,va_a,17,Delta,5.61486125956836
12,va_a,18,Delta,5.555629003277434
12,va_a,19,Delta,5.1352326272112
12,va_a,20,Delta,4.002054979018556
12,va_a,21,Delta,4.917625832122509
12,va_a,22,Delta,0.9342909087331245
12,va_a,23,Delta,3.0790109231422513
12,va_a,24,Delta,0.9879188610458065
12,va_a,25,Delta,4.349679186008803
12,va_a,26,Delta,1.0836668543320753
12,va_a,27,Delta,5.724262081831044
12,va_a,28,Delta,4.307859883447162
12,va_a,29,Delta,0.9949063451832002
12,va_a,30,Delta,6.225311918730606
12,va_a,31,Delta,5.288806747972714
12,va_a,32,Delta,2.3727788082442056
12,va_a,33,Delta,0.9917285351529955
12,va_a,34,Delta,5.973075476345153
12,va_a,35,Delta,4.721162686704818
12,va_a,36,Delta,5.259617052482858
12,va_a,37,Delta,5.59796848281802
12,va_a,38,Delta,4.4179641185076886
12,va_a,39,Delta,4.926122642655412
12,va_a,40,Delta,0.043726525288056824
12,va_a,41,Delta,4.896115382618115
12,va_a,42,Delta,0.601844329886246
12,va_a,43,Delta,4.370342625730193
12,va_a,44,Delta,4.326275446806653
12,va_a,45,Delta,6.111725064865588
12,va_a,46,Delta,5.237977362007221
12,va_a,47,Delta,5.347441570272898
12,va_a,48,Delta,5.220140094772307
12,va_a,49,Delta,4.932093465895206
12,va_a,50,Delta,4.646704733129061
12,va_a,51,Delta,4.588862254055616
12,va_a,52,Delta,5.093559242609858
12,va_a,53,Delta,5.027569002566918
12,va_a,54,Delta,6.15001501071639
12,va_a,55,Delta,6.248924461966583
12,va_a,56,Delta,4.83944209884265
12,va_a,58,Delta,0.5352788114747994
12,va_a,59,Delta,4.200779644151712
12,va_a,60,Delta,5.931076022422404
12,va_a,1,Theta,6.066319489131092
12,va_a,2,Theta,0.41341847963138667
12,va_a,3,Theta,4.06216310576567
12,va_a,4,Theta,3.017463286114009
12,va_a,5,Theta,4.638682394982312
12,va_a,6,Theta,2.3638034723417647
12,va_a,7,Theta,4.38541969149941
12,va_a,8,Theta,5.021463606713765
12,va_a,9,Theta,2.6282224381708814
12,va_a,10,Theta,5.002010652065167
12,va_a,11,Theta,5.562113427868534
12,va_a,12,Theta,4.39654673309399
12,va_a,13,Theta,1.4093237360959565
12,va_a,14,Theta,4.833664540572001
12,va_a,15,Theta,0.2664062421887665
12,va_a,16,Theta,1.345939404660013
12,va_a,17,Theta,5.404515901897398
12,va_a,18,Theta,6.006824206391624
12,va_a,19,Theta,5.0118801310361825
12,va_a,20,Theta,3.4377737920345606
12,va_a,21,Theta,4.799967805406044
12,va_a,22,Theta,1.687873128008885
12,va_a,23,Theta,3.2528094856963103
12,va_a,24,Theta,2.3073747329935417
12,va_a,25,Theta,2.774921535697621
12,va_a,26,Theta,1.206344630895083
12,va_a,27,Theta,0.09783034024258191
12,va_a,28,Theta,4.010539966183589
12,va_a,29,Theta,0.8769179905630956
12,va_a,30,Theta,1.5675907725203657
12,va_a,31,Theta,5.2617171372289935
12,va_a,32,Theta,2.683735340997194
12,va_a,33,Theta,0.9508088733966751
12,va_a,34,Theta,2.0574451389095096
12,va_a,35,Theta,4.429213460949564
12,va_a,36,Theta,1.095398644415243
12,va_a,37,Theta,0.48651291806586755
12,va_a,38,Theta,5.240329510946012
12,va_a,39,Theta,0.8635947599474432
12,va_a,40,Theta,0.6510267833862102
12,va_a,41,Theta,5.753392068166851
12,va_a,42,Theta,0.9565928433684737
12,va_a,43,Theta,3.698032013849991
12,va_a,44,Theta,3.855489369502378
12,va_a,45,Theta,1.1500154561796978
12,va_a,46,Theta,4.713017681701027
12,va_a,47,Theta,6.122668091760282
12,va_a,48,Theta,5.224687755278511
12,va_a,49,Theta,4.62749034494768
12,va_a,50,Theta,3.8295491964679385
12,va_a,51,Theta,3.8900454467351633
12,va_a,52,Theta,5.3340225498755025
12,va_a,53,Theta,5.843382089947437
12,va_a,54,Theta,0.7836737320409227
12,va_a,55,Theta,5.645628261705501
12,va_a,56,Theta,4.228733507820294
12,va_a,58,Theta,1.8063523691900965
12,va_a,59,Theta,3.8854523438791637
12,va_a,60,Theta,0.3065677696982786
12,va_a,1,Alpha,1.4924948606560178
12,va_a,2,Alpha,0.8726073495980716
12,va_a,3,Alpha,5.220969358292962
12,va_a,4,Alpha,2.3885471396939995
12,va_a,5,Alpha,3.758210044632069
12,va_a,6,Alpha,2.537470361237285
12,va_a,7,Alpha,1.1750756047630078
12,va_a,8,Alpha,4.310862209576028
12,va_a,9,Alpha,3.835072571988836
12,va_a,10,Alpha,4.456030662678723
12,va_a,11,Alpha,4.213419765666812
12,va_a,12,Alpha,2.0394442973994673
12,va_a,13,Alpha,1.9555234103408217
12,va_a,14,Alpha,4.25924976265571
12,va_a,15,Alpha,1.895975957764561
12,va_a,16,Alpha,0.8543829600869357
12,va_a,17,Alpha,2.1517957546886257
12,va_a,18,Alpha,1.2540768740125336
12,va_a,19,Alpha,5.064367273913563
12,va_a,20,Alpha,3.4062177271736216
12,va_a,21,Alpha,4.904453951979563
12,va_a,22,Alpha,3.543922275707693
12,va_a,23,Alpha,4.292412037510011
12,va_a,24,Alpha,3.0649572416845055
12,va_a,25,Alpha,2.2812866903075166
12,va_a,26,Alpha,1.6128167499148915
12,va_a,27,Alpha,0.3495428016956379
12,va_a,28,Alpha,3.126146012189915
12,va_a,29,Alpha,2.1608994874610428
12,va_a,30,Alpha,2.2147727012558303
12,va_a,31,Alpha,5.882622722093118
12,va_a,32,Alpha,4.885195122850702
12,va_a,33,Alpha,2.0411599357094032
12,va_a,34,Alpha,3.989557171642295
12,va_a,35,Alpha,0.3083554049460845
12,va_a,36,Alpha,0.9740345228554245
12,va_a,37,Alpha,5.175926368875883
12,va_a,38,Alpha,4.6354396386745185
12,va_a,39,Alpha,0.8568217938680244
12,va_a,40,Alpha,3.1544985143929036
12,va_a,41,Alpha,4.973441796432057
12,va_a,42,Alpha,3.843602165260347
12,va_a,43,Alpha,3.6228792485575636
12,va_a,44,Alpha,3.700073250790672
12,va_a,45,Alpha,2.9143533408386757
12,va_a,46,Alpha,4.2748007917673085
12,va_a,47,Alpha,0.9076102618638207
12,va_a,48,Alpha,5.013499273146403
12,va_a,49,Alpha,3.2494228410297388
12,va_a,50,Alpha,3.1909671810965587
12,va_a,51,Alpha,4.823139886666084
12,va_a,52,Alpha,0.011513260782224448
12,va_a,53,Alpha,1.659858191498935
12,va_a,54,Alpha,0.6032250818538002
12,va_a,55,Alpha,4.8522107731829855
12,va_a,56,Alpha,1.881566056152083
12,va_a,58,Alpha,3.4738769163194125
12,va_a,59,Alpha,3.9356751314795004
12,va_a,60,Alpha,0.5495241433923876
12,va_a,1,Beta,5.301174353574014
12,va_a,2,Beta,0.9367111492555068
12,va_a,3,Beta,2.2769759821917734
12,va_a,4,Beta,4.43084254783558
12,va_a,5,Beta,3.6431773736383164
12,va_a,6,Beta,1.81794175513088
12,va_a,7,Beta,3.266473428889563
12,va_a,8,Beta,2.9764768979164433
12,va_a,9,Beta,4.603570962525348
12,va_a,10,Beta,3.072057698020082
12,va_a,11,Beta,0.9959557425763373
12,va_a,12,Beta,0.9939211120446345
12,va_a,13,Beta,5.739905016670548
12,va_a,14,Beta,2.0769077888395473
12,va_a,15,Beta,3.09762713663708
12,va_a,16,Beta,1.1655841848340873
12,va_a,17,Beta,2.7763794943800018
12,va_a,18,Beta,6.015062347867095
12,va_a,19,Beta,3.7986575636526254
12,va_a,20,Beta,2.530585810293342
12,va_a,21,Beta,5.768472767837195
12,va_a,22,Beta,3.037041061005345
12,va_a,23,Beta,2.9585626858850484
12,va_a,24,Beta,6.137048407195813
12,va_a,25,Beta,4.0357364822672634
12,va_a,26,Beta,1.6663425517885255
12,va_a,27,Beta,3.8774365546793366
12,va_a,28,Beta,0.5428897050214415
12,va_a,29,Beta,0.6117360165489961
12,va_a,30,Beta,0.27714504893591324
12,va_a,31,Beta,2.047368177158198
12,va_a,32,Beta,1.1710017920625573
12,va_a,33,Beta,3.281190086623062
12,va_a,34,Beta,3.4791705000378768
12,va_a,35,Beta,1.572455083164254
12,va_a,36,Beta,2.009973719278092
12,va_a,37,Beta,0.5260113477860983
12,va_a,38,Beta,4.733108924465103
12,va_a,39,Beta,0.6864329865402619
12,va_a,40,Beta,1.0659886990579257
12,va_a,41,Beta,4.613109749296457
12,va_a,42,Beta,4.407135843576824
12,va_a,43,Beta,1.2049689356099764
12,va_a,44,Beta,3.3283244015795916
12,va_a,45,Beta,0.003126578557339568
12,va_a,46,Beta,4.274610052854191
12,va_a,47,Beta,0.22759237950672523
12,va_a,48,Beta,3.119756012772748
12,va_a,49,Beta,2.211028467450741
12,va_a,50,Beta,0.7107747355028332
12,va_a,51,Beta,2.5190196062122596
12,va_a,52,Beta,3.5310836548037035
12,va_a,53,Beta,4.510490628484636
12,va_a,54,Beta,5.564283774966483
12,va_a,55,Beta,1.5629894858676818
12,va_a,56,Beta,2.81640673247012
12,va_a,58,Beta,3.7156155101103
12,va_a,59,Beta,2.6659073048911894
12,va_a,60,Beta,1.4694069458266867
13,va_a,1,Delta,4.730746360226685
13,va_a,2,Delta,1.3350490540989526
13,va_a,3,Delta,5.835400890619504
13,va_a,4,Delta,4.731772327741195
13,va_a,5,Delta,3.7862119212807617
13,va_a,6,Delta,3.9727781209135786
13,va_a,7,Delta,5.312076926629535
13,va_a,8,Delta,5.725416485214999
13,va_a,9,Delta,4.567252488074413
13,va_a,10,Delta,5.8359546267223825
13,va_a,11,Delta,0.8969187206716596
13,va_a,12,Delta,5.561735788676054
13,va_a,13,Delta,5.337476131761872
13,va_a,14,Delta,1.8481364769368744
13,va_a,15,Delta,1.3536496273839456
13,va_a,16,Delta,3.5266480879845443
13,va_a,17,Delta,0.5707668860779027
13,va_a,18,Delta,2.780120108652936
13,va_a,19,Delta,0.44715986783314987
13,va_a,20,Delta,1.2371535486805196
13,va_a,21,Delta,6.19073668917147
13,va_a,22,Delta,1.978272602427056
13,va_a,23,Delta,5.228480519649348
13,va_a,24,Delta,5.077090125238502
13,va_a,25,Delta,4.82898231985571
13,va_a,26,Delta,2.23296834681755
13,va_a,27,Delta,2.0415408462753564
13,va_a,28,Delta,5.206824193840701
13,va_a,29,Delta,4.324146521880959
13,va_a,30,Delta,6.25092436949087
13,va_a,31,Delta,0.059386526164295184
13,va_a,32,Delta,0.5117444001264457
13,va_a,33,Delta,5.127530054759109
13,va_a,34,Delta,1.3452287915620478
13,va_a,35,Delta,0.3999978520964323
13,va_a,36,Delta,5.415285528211138
13,va_a,37,Delta,4.605262635302679
13,va_a,38,Delta,4.03873370594151
13,va_a,39,Delta,4.698517000906189
13,va_a,40,Delta,1.3081675094977925
13,va_a,41,Delta,5.386195428340776
13,va_a,42,Delta,4.63673432489436
13,va_a,43,Delta,3.026847166632682
13,va_a,44,Delta,5.062651198900247
13,va_a,45,Delta,3.797921229100262
13,va_a,46,Delta,0.3879193501962054
13,va_a,47,Delta,3.962857143889717
13,va_a,48,Delta,4.792084696231876
13,va_a,49,Delta,4.986995328871914
13,va_a,50,Delta,5.911455132331489
13,va_a,51,Delta,5.3370814890460965
13,va_a,52,Delta,5.110988136673493
13,va_a,53,Delta,5.223403073482103
13,va_a,54,Delta,1.3514548589899247
13,va_a,55,Delta,3.645816370020183
13,va_a,56,Delta,3.8251794268725745
13,va_a,57,Delta,5.638904188817962
13,va_a,58,Delta,4.625119867003213
13,va_a,59,Delta,4.574994359742193
13,va_a,60,Delta,6.015724338776931
13,va_a,1,Theta,2.817376462496421
13,va_a,2,Theta,1.1724580329455188
13,va_a,3,Theta,4.933473381918478
13,va_a,4,Theta,4.023105244889807
13,va_a,5,Theta,3.2601871843167864
13,va_a,6,Theta,4.581631260785662
13,va_a,7,Theta,3.782160719862252
13,va_a,8,Theta,0.4808059140850046
13,va_a,9,Theta,3.3352456627529756
13,va_a,10,Theta,1.5871110984602705
13,va_a,11,Theta,5.112911023624976
13,va_a,12,Theta,5.867549063648562
13,va_a,13,Theta,5.6045694621408275
13,va_a,14,Theta,5.00862643607906
13,va_a,15,Theta,4.681278266576383
13,va_a,16,Theta,4.3094008014773095
13,va_a,17,Theta,1.6838574081576791
13,va_a,18,Theta,2.5142231977093634
13,va_a,19,Theta,1.3307739400547374
13,va_a,20,Theta,1.1006745838041143
13,va_a,21,Theta,0.33601268639700294
13,va_a,22,Theta,2.443709763359405
13,va_a,23,Theta,4.838185391795591
13,va_a,24,Theta,6.063814324310956
13,va_a,25,Theta,5.32237826282009
13,va_a,26,Theta,3.4453108715025786
13,va_a,27,Theta,2.237602602056103
13,va_a,28,Theta,2.1684564336937697
13,va_a,29,Theta,3.839016110614296
13,va_a,30,Theta,0.29044579428626294
13,va_a,31,Theta,3.5962717939173308
13,va_a,32,Theta,1.0081789175560185
13,va_a,33,Theta,0.40121364940520876
13,va_a,34,Theta,2.151654403267876
13,va_a,35,Theta,0.765135040606875
13,va_a,36,Theta,0.01300096195094423
13,va_a,37,Theta,4.5985203545908355
13,va_a,38,Theta,4.839262088467747
13,va_a,39,Theta,5.021742905979308
13,va_a,40,Theta,6.055842897369378
13,va_a,41,Theta,1.0995440339833082
13,va_a,42,Theta,0.25839920453255
13,va_a,43,Theta,2.852763138451161
13,va_a,44,Theta,4.697513838591395
13,va_a,45,Theta,3.4761242489555526
13,va_a,46,Theta,2.1912670420411273
13,va_a,47,Theta,4.222510553260523
13,va_a,48,Theta,4.382377537361114
13,va_a,49,Theta,5.473197873436266
13,va_a,50,Theta,6.034065094271318
13,va_a,51,Theta,0.08595001087709096
13,va_a,52,Theta,5.066724452331993
13,va_a,53,Theta,5.579348642972978
13,va_a,54,Theta,1.4785387715521532
13,va_a,55,Theta,2.2148841467443017
13,va_a,56,Theta,1.4449351831711525
13,va_a,57,Theta,0.27990552843062777
13,va_a,58,Theta,4.919746535437189
13,va_a,59,Theta,4.261903355098979
13,va_a,60,Theta,0.15431194290155945
13,va_a,1,Alpha,2.81965161046777
13,va_a,2,Alpha,3.3270847875190435
13,va_a,3,Alpha,4.063878036861276
13,va_a,4,Alpha,4.058169843726951
13,va_a,5,Alpha,3.327515984204863
13,va_a,6,Alpha,0.21295109282979238
13,va_a,7,Alpha,1.538852866916538
13,va_a,8,Alpha,0.6218176381062671
13,va_a,9,Alpha,2.5799776415150713
13,va_a,10,Alpha,2.523124276660243
13,va_a,11,Alpha,2.5597551488689128
13,va_a,12,Alpha,0.5700206921502383
13,va_a,13,Alpha,5.492901018023696
13,va_a,14,Alpha,4.956700987276764
13,va_a,15,Alpha,4.095046225687142
13,va_a,16,Alpha,4.15347834625981
13,va_a,17,Alpha,3.2291982173825615
13,va_a,18,Alpha,3.2265028859257185
13,va_a,19,Alpha,6.230952436996624
13,va_a,20,Alpha,4.525366634280082
13,va_a,21,Alpha,0.7130382385334082
13,va_a,22,Alpha,0.3717682116596669
13,va_a,23,Alpha,4.261540423935431
13,va_a,24,Alpha,0.39275951489653976
13,va_a,25,Alpha,0.8333509180672686
13,va_a,26,Alpha,2.7770543693758736
13,va_a,27,Alpha,3.6940456124407826
13,va_a,28,Alpha,3.199549980501758
13,va_a,29,Alpha,3.3369040496567908
13,va_a,30,Alpha,0.7330796514115333
13,va_a,31,Alpha,3.844776570541528
13,va_a,32,Alpha,6.114181393581615
13,va_a,33,Alpha,1.234790812211283
13,va_a,34,Alpha,4.014885888319844
13,va_a,35,Alpha,0.8386401184863469
13,va_a,36,Alpha,0.5799552147362663
13,va_a,37,Alpha,4.714824742115584
13,va_a,38,Alpha,5.954662285572453
13,va_a,39,Alpha,1.8348939298243698
13,va_a,40,Alpha,4.719083640440087
13,va_a,41,Alpha,2.4539927417004543
13,va_a,42,Alpha,0.2940081877629223
13,va_a,43,Alpha,1.2975652216757412
13,va_a,44,Alpha,4.2602206092001325
13,va_a,45,Alpha,2.7925671716451146
13,va_a,46,Alpha,2.002193876782413
13,va_a,47,Alpha,1.266683891061623
13,va_a,48,Alpha,3.7636634094126693
13,va_a,49,Alpha,4.846302609933717
13,va_a,50,Alpha,5.641317488021267
13,va_a,51,Alpha,0.3125072726311309
13,va_a,52,Alpha,4.429847730537953
13,va_a,53,Alpha,1.0845577586836659
13,va_a,54,Alpha,1.3054579093786962
13,va_a,55,Alpha,1.7678693665035095
13,va_a,56,Alpha,5.17503198628708
13,va_a,57,Alpha,1.1712877880972392
13,va_a,58,Alpha,5.137643201274506
13,va_a,59,Alpha,0.7559975967654674
13,va_a,60,Alpha,0.17461741995978317
13,va_a,1,Beta,3.875470298402065
13,va_a,2,Beta,4.431106946753297
13,va_a,3,Beta,3.677426475331127
13,va_a,4,Beta,3.765559220960602
13,va_a,5,Beta,0.46049275064841577
13,va_a,6,Beta,5.700941183621584
13,va_a,7,Beta,2.9549270123421194
13,va_a,8,Beta,2.4656389141847086
13,va_a,9,Beta,2.8319204188715235
13,va_a,10,Beta,5.459430833902556
13,va_a,11,Beta,3.6554931539010114
13,va_a,12,Beta,2.4770629263666493
13,va_a,13,Beta,3.368097555847614
13,va_a,14,Beta,0.30001437985987045
13,va_a,15,Beta,1.8232123903224489
13,va_a,16,Beta,3.591748507845718
13,va_a,17,Beta,4.702114095838745
13,va_a,18,Beta,4.080359089981978
13,va_a,19,Beta,3.561602274702868
13,va_a,20,Beta,4.484462547666086
13,va_a,21,Beta,5.5563704923987185
13,va_a,22,Beta,5.413788654331398
13,va_a,23,Beta,3.7843688936828523
13,va_a,24,Beta,3.9668964291459554
13,va_a,25,Beta,0.3113982449993058
13,va_a,26,Beta,0.5316824549424427
13,va_a,27,Beta,2.6398804154573465
13,va_a,28,Beta,5.609485169444495
13,va_a,29,Beta,2.925260068773734
13,va_a,30,Beta,3.9993924779559955
13,va_a,31,Beta,0.2839928870380633
13,va_a,32,Beta,4.022600929146107
13,va_a,33,Beta,4.673084014140298
13,va_a,34,Beta,3.5723850335556224
13,va_a,35,Beta,1.7592309815372158
13,va_a,36,Beta,3.9460299297350097
13,va_a,37,Beta,1.1255790510418746
13,va_a,38,Beta,2.911006100596711
13,va_a,39,Beta,2.1451874652230334
13,va_a,40,Beta,4.440935988090233
13,va_a,41,Beta,3.1852224529397435
13,va_a,42,Beta,2.780052526142036
13,va_a,43,Beta,3.531489024902698
13,va_a,44,Beta,2.975484044395314
13,va_a,45,Beta,2.688456358535386
13,va_a,46,Beta,4.681743012075012
13,va_a,47,Beta,4.720693001331619
13,va_a,48,Beta,0.10175297290173299
13,va_a,49,Beta,2.7852616836304054
13,va_a,50,Beta,2.122608016421634
13,va_a,51,Beta,5.660053937886509
13,va_a,52,Beta,2.616984697181412
13,va_a,53,Beta,5.3963601762039115
13,va_a,54,Beta,2.806080968256681
13,va_a,55,Beta,5.523825936268148
13,va_a,56,Beta,5.910014330154987
13,va_a,57,Beta,1.2973202128791923
13,va_a,58,Beta,5.087466341241773
13,va_a,59,Beta,2.5882261991953626
13,va_a,60,Beta,4.042603851478184
14,va_a,1,Delta,1.3360456126243287
14,va_a,2,Delta,4.692038604448814
14,va_a,3,Delta,4.516364255326651
14,va_a,4,Delta,0.07826198426879859
14,va_a,5,Delta,4.813513112433364
14,va_a,6,Delta,5.043523589512135
14,va_a,7,Delta,4.768444744875142
14,va_a,8,Delta,2.7915453342175467
14,va_a,9,Delta,3.4155986989489744
14,va_a,10,Delta,0.37426874296534707
14,va_a,11,Delta,1.8692319124811114
14,va_a,12,Delta,2.886392867223876
14,va_a,13,Delta,3.8473171169744225
14,va_a,14,Delta,4.674509053050656
14,va_a,15,Delta,1.2469522914082076
14,va_a,16,Delta,4.738427710980034
14,va_a,17,Delta,4.47366565786111
14,va_a,18,Delta,1.752307762799918
14,va_a,19,Delta,4.580823421185467
14,va_a,20,Delta,0.5354569684955218
14,va_a,21,Delta,4.687045362363124
14,va_a,22,Delta,5.386444487467114
14,va_a,23,Delta,2.2944856091937735
14,va_a,24,Delta,5.1739906185632805
14,va_a,25,Delta,4.452734664470448
14,va_a,26,Delta,4.925763464043428
14,va_a,27,Delta,2.7689445526299425
14,va_a,28,Delta,4.312520150320443
14,va_a,29,Delta,0.4218292730592447
14,va_a,30,Delta,4.943673462758052
14,va_a,31,Delta,4.512583039056257
14,va_a,32,Delta,4.767268666616415
14,va_a,33,Delta,1.315960201447935
14,va_a,34,Delta,4.4398316636402475
14,va_a,35,Delta,4.948441188670242
14,va_a,36,Delta,5.415616611344266
14,va_a,37,Delta,1.6831892804806765
14,va_a,38,Delta,4.888948291194506
14,va_a,39,Delta,4.564699900980081
14,va_a,40,Delta,1.3669744086368958
14,va_a,41,Delta,0.1489179261279816
14,va_a,42,Delta,3.7973855786497017
14,va_a,43,Delta,4.923351030520443
14,va_a,44,Delta,0.3306674493461022
14,va_a,45,Delta,1.5491124852682268
14,va_a,46,Delta,1.5116480073711924
14,va_a,47,Delta,1.2684158397978953
14,va_a,48,Delta,4.132433962946886
14,va_a,49,Delta,1.1285992420339381
14,va_a,50,Delta,4.6714791708487216
14,va_a,51,Delta,5.5966876750968835
14,va_a,52,Delta,4.887895902775155
14,va_a,53,Delta,1.3677619638516378
14,va_a,54,Delta,4.905692590133596
14,va_a,55,Delta,5.63123322738809
14,va_a,56,Delta,1.2762738405188623
14,va_a,57,Delta,2.5782768910637417
14,va_a,58,Delta,4.543656448214918
14,va_a,59,Delta,3.7936960890344733
14,va_a,60,Delta,0.1274821855236323
14,va_a,1,Theta,2.3973346668595035
14,va_a,2,Theta,3.2246919006669046
14,va_a,3,Theta,1.998066417084162
14,va_a,4,Theta,0.2627911673063599
14,va_a,5,Theta,0.9484965911248904
14,va_a,6,Theta,0.44456462544852393
14,va_a,7,Theta,5.1641446103708954
14,va_a,8,Theta,2.147428299479164
14,va_a,9,Theta,4.025260343582958
14,va_a,10,Theta,5.108812128083386
14,va_a,11,Theta,2.218727286349518
14,va_a,12,Theta,3.238668777078876
14,va_a,13,Theta,2.403260274587234
14,va_a,14,Theta,5.907596330135606
14,va_a,15,Theta,0.7985537589410686
14,va_a,16,Theta,4.769145837799426
14,va_a,17,Theta,2.5827109735380502
14,va_a,18,Theta,5.972311036912649
14,va_a,19,Theta,3.5006716475704476
14,va_a,20,Theta,0.3215452834898139
14,va_a,21,Theta,3.630344157832346
14,va_a,22,Theta,5.089699693149373
14,va_a,23,Theta,2.883954036338714
14,va_a,24,Theta,5.522512068561653
14,va_a,25,Theta,3.5087850302487134
14,va_a,26,Theta,5.317864995023552
14,va_a,27,Theta,4.988198910746366
14,va_a,28,Theta,4.517378032318426
14,va_a,29,Theta,5.581623214259407
14,va_a,30,Theta,5.969223261796791
14,va_a,31,Theta,3.4756971937492716
14,va_a,32,Theta,5.465105976860125
14,va_a,33,Theta,2.6963245515941825
14,va_a,34,Theta,5.042973434297151
14,va_a,35,Theta,4.518942450774803
14,va_a,36,Theta,0.2061799311953875
14,va_a,37,Theta,2.5195482466153742
14,va_a,38,Theta,5.515572162870153
14,va_a,39,Theta,2.236825181374485
14,va_a,40,Theta,1.0192653889750412
14,va_a,41,Theta,6.002410192929853
14,va_a,42,Theta,3.0239920275881067
14,va_a,43,Theta,6.189724111219767
14,va_a,44,Theta,5.9246488757524025
14,va_a,45,Theta,1.5197447480430182
14,va_a,46,Theta,0.7186231705586996
14,va_a,47,Theta,1.0964771758340286
14,va_a,48,Theta,4.104999878968568
14,va_a,49,Theta,1.6304800403060968
14,va_a,50,Theta,5.097671662473774
14,va_a,51,Theta,6.227930993851255
14,va_a,52,Theta,4.474714275781162
14,va_a,53,Theta,1.4226874040114992
14,va_a,54,Theta,5.162331307887968
14,va_a,55,Theta,1.1743403840803184
14,va_a,56,Theta,0.49006467669350023
14,va_a,57,Theta,2.5499875253275555
14,va_a,58,Theta,4.8909484545418165
14,va_a,59,Theta,3.400767153733104
14,va_a,60,Theta,1.0229694999582712
14,va_a,1,Alpha,5.002439952110644
14,va_a,2,Alpha,1.4275935327130653
14,va_a,3,Alpha,1.964437599681966
14,va_a,4,Alpha,0.18130255912619458
14,va_a,5,Alpha,3.7003887254596357
14,va_a,6,Alpha,0.6612478362124754
14,va_a,7,Alpha,0.2165955590905965
14,va_a,8,Alpha,2.539990310843733
14,va_a,9,Alpha,5.560619393150175
14,va_a,10,Alpha,3.2390788626236007
14,va_a,11,Alpha,2.5409171135575073
14,va_a,12,Alpha,3.66416198996522
14,va_a,13,Alpha,2.1513330675513855
14,va_a,14,Alpha,5.689355873337339
14,va_a,15,Alpha,3.205697612882407
14,va_a,16,Alpha,4.805118693746552
14,va_a,17,Alpha,3.175647011261869
14,va_a,18,Alpha,4.872929598220338
14,va_a,19,Alpha,2.211625963795737
14,va_a,20,Alpha,2.757904251962538
14,va_a,21,Alpha,3.1714373673226572
14,va_a,22,Alpha,4.442184061242357
14,va_a,23,Alpha,3.1700860200225125
14,va_a,24,Alpha,0.5055054014687873
14,va_a,25,Alpha,3.238946810871795
14,va_a,26,Alpha,1.642667264779666
14,va_a,27,Alpha,6.19345148741431
14,va_a,28,Alpha,4.989090689213674
14,va_a,29,Alpha,4.059720194809932
14,va_a,30,Alpha,6.150314072710914
14,va_a,31,Alpha,2.9743764405423407
14,va_a,32,Alpha,5.111129111202896
14,va_a,33,Alpha,3.7725939673995246
14,va_a,34,Alpha,0.1767352532344682
14,va_a,35,Alpha,4.600840080894374
14,va_a,36,Alpha,0.03633542370521927
14,va_a,37,Alpha,5.6060536644657075
14,va_a,38,Alpha,6.0315803652331805
14,va_a,39,Alpha,1.1363085218302196
14,va_a,40,Alpha,5.262345248407017
14,va_a,41,Alpha,5.907539146451195
14,va_a,42,Alpha,1.5224393949633777
14,va_a,43,Alpha,0.4559034026008114
14,va_a,44,Alpha,1.4684702043323237
14,va_a,45,Alpha,0.2511482846161219
14,va_a,46,Alpha,5.7990679870698
14,va_a,47,Alpha,1.1768983189706963
14,va_a,48,Alpha,4.839201874605259
14,va_a,49,Alpha,1.8052331242959854
14,va_a,50,Alpha,5.250799982383513
14,va_a,51,Alpha,0.8228631749102872
14,va_a,52,Alpha,2.815028837993807
14,va_a,53,Alpha,2.325646780091655
14,va_a,54,Alpha,5.9225478514786225
14,va_a,55,Alpha,0.6434476196389538
14,va_a,56,Alpha,3.7051729948957086
14,va_a,57,Alpha,2.278371350880629
14,va_a,58,Alpha,5.004708047546296
14,va_a,59,Alpha,4.28369618031844
14,va_a,60,Alpha,2.540278959029093
14,va_a,1,Beta,6.156913711782503
14,va_a,2,Beta,0.41936347725425627
14,va_a,3,Beta,0.04467668141544828
14,va_a,4,Beta,5.472120659189783
14,va_a,5,Beta,3.1553448753731557
14,va_a,6,Beta,0.4504233168685673
14,va_a,7,Beta,0.587753202408279
14,va_a,8,Beta,1.458881287512269
14,va_a,9,Beta,5.4381803884052875
14,va_a,10,Beta,3.2388070874319728
14,va_a,11,Beta,0.5916980802245793
14,va_a,12,Beta,5.271717295047787
14,va_a,13,Beta,1.0583181994100643
14,va_a,14,Beta,0.1480021283611488
14,va_a,15,Beta,6.165926858185071
14,va_a,16,Beta,2.639915367383374
14,va_a,17,Beta,1.9173048653454734
14,va_a,18,Beta,0.5956278161473252
14,va_a,19,Beta,0.42585809897531635
14,va_a,20,Beta,2.185187098477776
14,va_a,21,Beta,3.6651562662163615
14,va_a,22,Beta,1.0409336314352486
14,va_a,23,Beta,4.831348713444152
14,va_a,24,Beta,6.281688858892363
14,va_a,25,Beta,1.924422563765644
14,va_a,26,Beta,3.507664878743225
14,va_a,27,Beta,3.900069016885834
14,va_a,28,Beta,1.528319576250413
14,va_a,29,Beta,2.263781002888295
14,va_a,30,Beta,2.4267342491666097
14,va_a,31,Beta,5.1299013710507815
14,va_a,32,Beta,2.9576917775766662
14,va_a,33,Beta,4.138827036212922
14,va_a,34,Beta,3.030308744004961
14,va_a,35,Beta,4.119402986186691
14,va_a,36,Beta,0.37894150179464325
14,va_a,37,Beta,5.832969987728359
14,va_a,38,Beta,0.8548019997775196
14,va_a,39,Beta,1.5113584695790918
14,va_a,40,Beta,3.292897788995783
14,va_a,41,Beta,0.5982916311258171
14,va_a,42,Beta,3.372874833280753
14,va_a,43,Beta,0.9710095762633248
14,va_a,44,Beta,2.3438915234002677
14,va_a,45,Beta,2.6566239945950016
14,va_a,46,Beta,4.8321257081014055
14,va_a,47,Beta,5.59338601758286
14,va_a,48,Beta,3.843534434404455
14,va_a,49,Beta,0.3346125619785432
14,va_a,50,Beta,2.886717975970725
14,va_a,51,Beta,5.363153401764635
14,va_a,52,Beta,2.545075436186805
14,va_a,53,Beta,3.018389321251738
14,va_a,54,Beta,0.307942674467934
14,va_a,55,Beta,1.9720082313195197
14,va_a,56,Beta,4.145414145160388
14,va_a,57,Beta,2.296364648075935
14,va_a,58,Beta,3.420883978908865
14,va_a,59,Beta,1.7146396922901848
14,va_a,60,Beta,4.706717360914422
15,va_a,1,Delta,3.58989283560742
15,va_a,2,Delta,0.48073565576606386
15,va_a,3,Delta,3.855104616901366
15,va_a,4,Delta,3.2843336786201798
15,va_a,5,Delta,4.106668888764235
15,va_a,6,Delta,6.200967564989043
15,va_a,7,Delta,1.161974601666387
15,va_a,8,Delta,4.098928345748986
15,va_a,9,Delta,1.4537276358685975
15,va_a,10,Delta,1.4754333313712202
15,va_a,11,Delta,1.507929855042323
15,va_a,12,Delta,1.2005180900169767
15,va_a,13,Delta,0.590098055209499
15,va_a,14,Delta,3.854995204125103
15,va_a,15,Delta,1.4191958063169163
15,va_a,16,Delta,4.621957604256404
15,va_a,17,Delta,1.1426809284732118
15,va_a,18,Delta,1.3214489017747963
15,va_a,19,Delta,3.9988905158606594
15,va_a,20,Delta,4.877850268400634
15,va_a,21,Delta,0.7909887460695044
15,va_a,22,Delta,1.0936104190951044
15,va_a,23,Delta,1.5576514441850018
15,va_a,24,Delta,4.583118958824541
15,va_a,25,Delta,0.7976746792830733
15,va_a,26,Delta,5.290303201654878
15,va_a,27,Delta,4.325660655135499
15,va_a,28,Delta,0.7620952521504638
15,va_a,29,Delta,5.943524695474171
15,va_a,30,Delta,3.0841277102093807
15,va_a,31,Delta,2.478561165446295
15,va_a,32,Delta,2.2347157769266697
15,va_a,33,Delta,1.3677755188317111
15,va_a,34,Delta,5.505382582485231
15,va_a,35,Delta,3.8604845031774984
15,va_a,36,Delta,1.2342001690424642
15,va_a,37,Delta,5.416195498329337
15,va_a,38,Delta,1.4813796501916876
15,va_a,39,Delta,1.707311883871832
15,va_a,41,Delta,1.7794343577077008
15,va_a,42,Delta,1.4256134612209754
15,va_a,43,Delta,0.7737809100292143
15,va_a,44,Delta,3.0869590922586974
15,va_a,45,Delta,1.1587672369083621
15,va_a,46,Delta,1.7870678556635637
15,va_a,47,Delta,1.1858984367455976
15,va_a,48,Delta,1.2338076998051244
15,va_a,49,Delta,4.516451739186077
15,va_a,50,Delta,4.312232853840108
15,va_a,51,Delta,3.124080240064597
15,va_a,52,Delta,5.0548955118604635
15,va_a,53,Delta,0.5597665212506349
15,va_a,54,Delta,6.247776466852351
15,va_a,55,Delta,4.51382683355422
15,va_a,56,Delta,4.9100007640590535
15,va_a,57,Delta,0.32400870200164156
15,va_a,58,Delta,4.742776207437476
15,va_a,59,Delta,0.9986404410077122
15,va_a,60,Delta,0.4420687427478624
15,va_a,1,Theta,2.8827468066624253
15,va_a,2,Theta,0.7842301580478352
15,va_a,3,Theta,1.703912589513869
15,va_a,4,Theta,3.2015858437267832
15,va_a,5,Theta,3.484233354062556
15,va_a,6,Theta,6.204011571664298
15,va_a,7,Theta,0.12790566493434657
15,va_a,8,Theta,1.9846268605295179
15,va_a,9,Theta,1.9998116296333603
15,va_a,10,Theta,1.0906477923871665
15,va_a,11,Theta,1.281598660974421
15,va_a,12,Theta,1.2818964682876948
15,va_a,13,Theta,1.626747281435599
15,va_a,14,Theta,2.7968610596229744
15,va_a,15,Theta,0.6653033945854236
15,va_a,16,Theta,5.234191073781144
15,va_a,17,Theta,1.184920220814225
15,va_a,18,Theta,4.921591847576744
15,va_a,19,Theta,2.5462640539098476
15,va_a,20,Theta,0.35404076587503097
15,va_a,21,Theta,1.2760329258463856
15,va_a,22,Theta,0.7695393577791614
15,va_a,23,Theta,1.564754957547732
15,va_a,24,Theta,4.218103740377237
15,va_a,25,Theta,0.1759088121776799
15,va_a,26,Theta,0.2642366333288829
15,va_a,27,Theta,3.263257373206558
15,va_a,28,Theta,6.080643315074646
15,va_a,29,Theta,1.1801834927860868
15,va_a,30,Theta,4.700614526625722
15,va_a,31,Theta,1.372850296126075
15,va_a,32,Theta,2.692474748952109
15,va_a,33,Theta,0.07536596024979383
15,va_a,34,Theta,6.020709956062087
15,va_a,35,Theta,1.46122721111565
15,va_a,36,Theta,1.0025661577207352
15,va_a,37,Theta,0.4138844803521891
15,va_a,38,Theta,1.0291681921005025
15,va_a,39,Theta,2.96948179157963
15,va_a,41,Theta,1.6130666094179456
15,va_a,42,Theta,0.43426305116061303
15,va_a,43,Theta,0.22953615272343236
15,va_a,44,Theta,0.24004733184669177
15,va_a,45,Theta,1.7148988749592786
15,va_a,46,Theta,2.047824981391024
15,va_a,47,Theta,6.1211766075728375
15,va_a,48,Theta,1.0889513521758434
15,va_a,49,Theta,3.9417389740923405
15,va_a,50,Theta,5.08646410057485
15,va_a,51,Theta,2.8567299225466845
15,va_a,52,Theta,0.13934466437054438
15,va_a,53,Theta,0.2518464325768757
15,va_a,54,Theta,1.1146641432485376
15,va_a,55,Theta,4.526790428370678
15,va_a,56,Theta,4.402241584110275
15,va_a,57,Theta,0.15587472104927036
15,va_a,58,Theta,0.7935487764450021
15,va_a,59,Theta,5.607038750170256
15,va_a,60,Theta,6.17264768611018
15,va_a,1,Alpha,0.8255022608769471
15,va_a,2,Alpha,1.692917565668937
15,va_a,3,Alpha,1.7177976729229127
15,va_a,4,Alpha,2.712058920289306
15,va_a,5,Alpha,2.965396255054112
15,va_a,6,Alpha,0.5775426981692636
15,va_a,7,Alpha,0.2583227406339791
15,va_a,8,Alpha,5.798039659571286
15,va_a,9,Alpha,2.839909494493666
15,va_a,10,Alpha,1.2406789407935601
15,va_a,11,Alpha,1.1510651774951257
15,va_a,12,Alpha,2.2224113928006917
15,va_a,13,Alpha,1.7987535852146832
15,va_a,14,Alpha,4.623082747196737
15,va_a,15,Alpha,2.814902332851946
15,va_a,16,Alpha,1.1958764446043115
15,va_a,17,Alpha,0.16018658313533105
15,va_a,18,Alpha,2.9713910623368838
15,va_a,19,Alpha,4.128012758245587
15,va_a,20,Alpha,0.9810875321898789
15,va_a,21,Alpha,1.4232298375826604
15,va_a,22,Alpha,0.48860584986348465
15,va_a,23,Alpha,2.205782381260068
15,va_a,24,Alpha,3.245731807678134
15,va_a,25,Alpha,4.806814313135543
15,va_a,26,Alpha,2.332409589611687
15,va_a,27,Alpha,4.099649554745278
15,va_a,28,Alpha,4.833976523529618
15,va_a,29,Alpha,2.2720987852864685
15,va_a,30,Alpha,3.4207210388536646
15,va_a,31,Alpha,0.4789920148516698
15,va_a,32,Alpha,3.7145028634676986
15,va_a,33,Alpha,4.916532358732718
15,va_a,34,Alpha,0.5006233099739933
15,va_a,35,Alpha,5.700643903658028
15,va_a,36,Alpha,5.971346031087655
15,va_a,37,Alpha,1.0870989977149985
15,va_a,38,Alpha,0.6900632248283718
15,va_a,39,Alpha,3.590230618890821
15,va_a,41,Alpha,2.2858011499936195
15,va_a,42,Alpha,2.1236337099981655
15,va_a,43,Alpha,5.17926281246067
15,va_a,44,Alpha,5.9600250044825565
15,va_a,45,Alpha,2.016495019454075
15,va_a,46,Alpha,2.542797354477319
15,va_a,47,Alpha,0.052422050864128183
15,va_a,48,Alpha,1.1940326687416112
15,va_a,49,Alpha,3.581452015574176
15,va_a,50,Alpha,0.8432019915347202
15,va_a,51,Alpha,2.862069098070293
15,va_a,52,Alpha,1.6129648919910133
15,va_a,53,Alpha,5.427685203974626
15,va_a,54,Alpha,1.7368619001247976
15,va_a,55,Alpha,4.340841797897748
15,va_a,56,Alpha,3.331816857466441
15,va_a,57,Alpha,5.61163909415189
15,va_a,58,Alpha,0.46698426234277973
15,va_a,59,Alpha,4.280915414317322
15,va_a,60,Alpha,0.26733306753282204
15,va_a,1,Beta,2.0992998463228756
15,va_a,2,Beta,1.9543185645763632
15,va_a,3,Beta,4.763605748140101
15,va_a,4,Beta,2.485766183018642
15,va_a,5,Beta,1.3474087865042537
15,va_a,6,Beta,5.679388546830992
15,va_a,7,Beta,1.9893587516830888
15,va_a,8,Beta,6.158217375341381
15,va_a,9,Beta,5.994378715475158
15,va_a,10,Beta,1.8178736622931793
15,va_a,11,Beta,1.620044120120598
15,va_a,12,Beta,0.7865800420101479
15,va_a,13,Beta,0.8153337730890774
15,va_a,14,Beta,2.824201035216811
15,va_a,15,Beta,4.614731950590214
15,va_a,16,Beta,5.635778324753337
15,va_a,17,Beta,6.174470225613361
15,va_a,18,Beta,3.6420048390269395
15,va_a,19,Beta,0.9870552976037297
15,va_a,20,Beta,5.820508939096084
15,va_a,21,Beta,1.66370010174505
15,va_a,22,Beta,1.2181255827361532
15,va_a,23,Beta,2.1391158739050664
15,va_a,24,Beta,0.7309986758801436
15,va_a,25,Beta,5.503380440479879
15,va_a,26,Beta,1.12939937967497
15,va_a,27,Beta,0.4779170198351195
15,va_a,28,Beta,1.8654623088270779
15,va_a,29,Beta,4.450227698585858
15,va_a,30,Beta,4.924518707198247
15,va_a,31,Beta,0.9909272141474884
15,va_a,32,Beta,5.668455949588037
15,va_a,33,Beta,5.0520525962962965
15,va_a,34,Beta,5.33532023809501
15,va_a,35,Beta,1.7292612124491222
15,va_a,36,Beta,4.544268294502133
15,va_a,37,Beta,5.474916258128317
15,va_a,38,Beta,3.813634916396228
15,va_a,39,Beta,2.781418100134405
15,va_a,41,Beta,1.465829727504105
15,va_a,42,Beta,5.345473845178619
15,va_a,43,Beta,0.8855860834356193
15,va_a,44,Beta,5.563441755191775
15,va_a,45,Beta,5.718553449373932
15,va_a,46,Beta,4.968678157109554
15,va_a,47,Beta,0.9753058184197988
15,va_a,48,Beta,2.8349353295842015
15,va_a,49,Beta,4.214399090982904
15,va_a,50,Beta,3.273621942241978
15,va_a,51,Beta,4.417670941271048
15,va_a,52,Beta,2.0803116584334584
15,va_a,53,Beta,3.4682822525348933
15,va_a,54,Beta,2.4036195697297953
15,va_a,55,Beta,3.134707712516374
15,va_a,56,Beta,6.2028139390585295
15,va_a,57,Beta,1.2914160248952036
15,va_a,58,Beta,0.14346069715344797
15,va_a,59,Beta,6.044033108607525
15,va_a,60,Beta,0.7051955052322747
16,va_a,1,Delta,0.5948021632826427
16,va_a,2,Delta,4.478782827134971
16,va_a,3,Delta,1.5117441492985013
16,va_a,4,Delta,1.662208524504219
16,va_a,5,Delta,1.2171355259789434
16,va_a,6,Delta,4.9056840486477675
16,va_a,7,Delta,1.7618479534354796
16,va_a,8,Delta,0.2750027596264643
16,va_a,9,Delta,1.9212805654270164
16,va_a,10,Delta,0.7255203418066957
16,va_a,11,Delta,0.3141179806712418
16,va_a,12,Delta,0.9563721871270076
16,va_a,13,Delta,2.428199636519357
16,va_a,14,Delta,0.515789778023621
16,va_a,15,Delta,1.9293598165596773
16,va_a,16,Delta,5.98697752388867
16,va_a,17,Delta,1.361221657400768
16,va_a,18,Delta,5.383608756698393
16,va_a,19,Delta,3.703069838694244
16,va_a,20,Delta,1.4131686963681092
16,va_a,21,Delta,1.9836007626157506
16,va_a,22,Delta,1.7729906015093402
16,va_a,23,Delta,2.17665553226469
16,va_a,24,Delta,0.8748701587552873
16,va_a,26,Delta,4.653525509356296
16,va_a,27,Delta,4.388804196042024
16,va_a,28,Delta,2.7866266572233953
16,va_a,29,Delta,3.5651456380667654
16,va_a,30,Delta,0.4469666266580062
16,va_a,31,Delta,1.6733712479808
16,va_a,32,Delta,5.137631769636371
16,va_a,33,Delta,2.6549425210803426
16,va_a,34,Delta,2.6629497013143255
16,va_a,35,Delta,6.009377395735722
16,va_a,36,Delta,2.4991653720197786
16,va_a,37,Delta,0.09583538435510836
16,va_a,38,Delta,0.2918387788584141
16,va_a,39,Delta,5.989238615440836
16,va_a,40,Delta,1.6486926026970887
16,va_a,41,Delta,1.610674427291819
16,va_a,42,Delta,5.379240400061143
16,va_a,43,Delta,1.4322249946866963
16,va_a,44,Delta,4.038331927344975
16,va_a,45,Delta,2.5868030837531486
16,va_a,46,Delta,0.3594298563525733
16,va_a,47,Delta,1.8963114121955313
16,va_a,48,Delta,0.5503884604534699
16,va_a,49,Delta,5.925000948073894
16,va_a,50,Delta,1.6497677157477488
16,va_a,51,Delta,0.35800553487838294
16,va_a,52,Delta,2.460777667080004
16,va_a,53,Delta,4.831839480853403
16,va_a,54,Delta,1.836363267097886
16,va_a,55,Delta,1.4552942185961877
16,va_a,56,Delta,1.4482708015454462
16,va_a,57,Delta,1.505215521758935
16,va_a,58,Delta,4.146951488708434
16,va_a,59,Delta,0.8278994676431053
16,va_a,60,Delta,1.851155759740692
16,va_a,1,Theta,1.0790375913982717
16,va_a,2,Theta,4.027244313116
16,va_a,3,Theta,2.319525743975278
16,va_a,4,Theta,1.9638111121077033
16,va_a,5,Theta,5.650899787022705
16,va_a,6,Theta,0.796168689763129
16,va_a,7,Theta,2.568798487932037
16,va_a,8,Theta,0.08625947599341122
16,va_a,9,Theta,1.379288709469509
16,va_a,10,Theta,0.775810218537848
16,va_a,11,Theta,4.883935422081537
16,va_a,12,Theta,0.5642189879915038
16,va_a,13,Theta,2.9540411379142775
16,va_a,14,Theta,0.9786641885267334
16,va_a,15,Theta,3.4597270233676762
16,va_a,16,Theta,0.9173727205673713
16,va_a,17,Theta,1.5985440051343724
16,va_a,18,Theta,5.247432275794813
16,va_a,19,Theta,4.084794743270496
16,va_a,20,Theta,1.4473209004803262
16,va_a,21,Theta,2.9385407103623016
16,va_a,22,Theta,2.57147849668071
16,va_a,23,Theta,1.7071791140094446
16,va_a,24,Theta,6.057157846481697
16,va_a,26,Theta,1.4595644628583186
16,va_a,27,Theta,1.001891029834901
16,va_a,28,Theta,3.104148911276074
16,va_a,29,Theta,4.0564517360327965
16,va_a,30,Theta,2.032085033958073
16,va_a,31,Theta,1.3654312118083194
16,va_a,32,Theta,5.853103016744252
16,va_a,33,Theta,3.4371045914878176
16,va_a,34,Theta,3.5493723218239186
16,va_a,35,Theta,0.4260872116854271
16,va_a,36,Theta,4.898586158261297
16,va_a,37,Theta,6.020997165000454
16,va_a,38,Theta,0.4896053687057413
16,va_a,39,Theta,5.947168132494283
16,va_a,40,Theta,1.8054619133094274
16,va_a,41,Theta,1.7063710446662395
16,va_a,42,Theta,5.01907879944428
16,va_a,43,Theta,2.3873536183222264
16,va_a,44,Theta,3.786222699604546
16,va_a,45,Theta,3.6790781252319262
16,va_a,46,Theta,0.5157254414949102
16,va_a,47,Theta,2.7406801538685692
16,va_a,48,Theta,5.049196442763339
16,va_a,49,Theta,5.8889546429922595
16,va_a,50,Theta,1.35659656233983
16,va_a,51,Theta,1.7455989042467823
16,va_a,52,Theta,2.2672321794920873
16,va_a,53,Theta,4.236969135571451
16,va_a,54,Theta,1.9802257662886504
16,va_a,55,Theta,1.839963985977986
16,va_a,56,Theta,1.5647690200573958
16,va_a,57,Theta,0.9970131477508559
16,va_a,58,Theta,4.11926091253797
16,va_a,59,Theta,5.393443213271505
16,va_a,60,Theta,2.423243093254772
16,va_a,1,Alpha,2.4884084364427626
16,va_a,2,Alpha,2.56723597037157
16,va_a,3,Alpha,1.8826876277823708
16,va_a,4,Alpha,1.75804015625357
16,va_a,5,Alpha,4.667153570953555
16,va_a,6,Alpha,1.8912923865409565
16,va_a,7,Alpha,2.5525400314653726
16,va_a,8,Alpha,5.8725295312949
16,va_a,9,Alpha,0.39714958699630176
16,va_a,10,Alpha,1.0310788050707034
16,va_a,11,Alpha,5.134074383726913
16,va_a,12,Alpha,6.177475575323321
16,va_a,13,Alpha,1.5578423561315884
16,va_a,14,Alpha,1.370706945625373
16,va_a,15,Alpha,4.5338341478187
16,va_a,16,Alpha,0.862242261415939
16,va_a,17,Alpha,1.6326718318207187
16,va_a,18,Alpha,5.609648765032467
16,va_a,19,Alpha,3.2919536756126355
16,va_a,20,Alpha,4.562788018281655
16,va_a,21,Alpha,3.489493158907584
16,va_a,22,Alpha,2.9325669863835695
16,va_a,23,Alpha,1.9170635802610527
16,va_a,24,Alpha,1.1542694878830089
16,va_a,26,Alpha,1.4388654205131852
16,va_a,27,Alpha,0.9561421530139347
16,va_a,28,Alpha,5.4148453500043505
16,va_a,29,Alpha,4.898200751586351
16,va_a,30,Alpha,4.1377636134576985
16,va_a,31,Alpha,5.568527912157092
16,va_a,32,Alpha,1.888367834602934
16,va_a,33,Alpha,3.3467808680696836
16,va_a,34,Alpha,0.23144682685413104
16,va_a,35,Alpha,2.4531965590066127
16,va_a,36,Alpha,5.837177585477512
16,va_a,37,Alpha,0.7660415885638424
16,va_a,38,Alpha,0.6951499942626794
16,va_a,39,Alpha,5.639912070171583
16,va_a,40,Alpha,4.0521949113220135
16,va_a,41,Alpha,4.759287947193842
16,va_a,42,Alpha,3.7638441298204164
16,va_a,43,Alpha,2.422861594993994
16,va_a,44,Alpha,3.998465139814918
16,va_a,45,Alpha,4.706351921086791
16,va_a,46,Alpha,0.5346520684943975
16,va_a,47,Alpha,4.342105423378636
16,va_a,48,Alpha,1.5268724248320718
16,va_a,49,Alpha,5.262109657288397
16,va_a,50,Alpha,6.246210484748251
16,va_a,51,Alpha,2.9848177975667824
16,va_a,52,Alpha,1.5703701373167236
16,va_a,53,Alpha,0.9459785582550841
16,va_a,54,Alpha,2.768263218370172
16,va_a,55,Alpha,3.2356101439865435
16,va_a,56,Alpha,5.422518718109347
16,va_a,57,Alpha,5.803889082475138
16,va_a,58,Alpha,4.581326420661652
16,va_a,59,Alpha,5.9453614414228015
16,va_a,60,Alpha,3.560799136388285
16,va_a,1,Beta,0.39115326820319796
16,va_a,2,Beta,3.1431130566848036
16,va_a,3,Beta,5.819454820137972
16,va_a,4,Beta,0.33072794803240707
16,va_a,5,Beta,3.4465510367246037
16,va_a,6,Beta,4.645880717449426
16,va_a,7,Beta,5.4434470005324735
16,va_a,8,Beta,4.10214555394418
16,va_a,9,Beta,3.5178580316096655
16,va_a,10,Beta,0.5285033112221356
16,va_a,11,Beta,5.799283605435833
16,va_a,12,Beta,4.410579228362107
16,va_a,13,Beta,1.2858779081069156
16,va_a,14,Beta,0.7393963951181451
16,va_a,15,Beta,0.04201706123869382
16,va_a,16,Beta,3.6634209618518194
16,va_a,17,Beta,4.239777754095659
16,va_a,18,Beta,5.89370229263976
16,va_a,19,Beta,4.897856690340698
16,va_a,20,Beta,1.9150762246320066
16,va_a,21,Beta,3.765137169669458
16,va_a,22,Beta,1.7478334679897307
16,va_a,23,Beta,1.3352247438139575
16,va_a,24,Beta,5.900538777235823
16,va_a,26,Beta,2.8453738961753228
16,va_a,27,Beta,0.9785016701212622
16,va_a,28,Beta,0.04291070991106544
16,va_a,29,Beta,5.368031181423354
16,va_a,30,Beta,2.7702596091405916
16,va_a,31,Beta,3.6829999216283014
16,va_a,32,Beta,3.800752861154203
16,va_a,33,Beta,3.1126478946764546
16,va_a,34,Beta,6.1339016302919385
16,va_a,35,Beta,2.665486429169673
16,va_a,36,Beta,6.1261645604515005
16,va_a,37,Beta,5.404787431313056
16,va_a,38,Beta,2.6367461000985375
16,va_a,39,Beta,2.2679466160857156
16,va_a,40,Beta,2.0902907900774146
16,va_a,41,Beta,2.3816411547462852
16,va_a,42,Beta,0.20594996373357588
16,va_a,43,Beta,0.8579196050749732
16,va_a,44,Beta,4.300316551847416
16,va_a,45,Beta,1.2627680162863895
16,va_a,46,Beta,4.724688407395699
16,va_a,47,Beta,4.648998082304954
16,va_a,48,Beta,4.839586929694148
16,va_a,49,Beta,6.249656712711012
16,va_a,50,Beta,2.893305243732834
16,va_a,51,Beta,3.0977749549518148
16,va_a,52,Beta,3.1586490854997487
16,va_a,53,Beta,4.530927765258983
16,va_a,54,Beta,6.130121883786436
16,va_a,55,Beta,5.46844826714696
16,va_a,56,Beta,1.3862249824831383
16,va_a,57,Beta,1.861280594502924
16,va_a,58,Beta,5.3402116774493695
16,va_a,59,Beta,5.990764710872399
16,va_a,60,Beta,4.774515093141087
17,va_a,1,Delta,1.1426825053559222
17,va_a,2,Delta,4.998427690752248
17,va_a,3,Delta,0.41524004171833584
17,va_a,4,Delta,0.11838557650169386
17,va_a,5,Delta,1.076860472284339
17,va_a,6,Delta,4.765210311495564
17,va_a,7,Delta,2.5355757575458853
17,va_a,8,Delta,1.8281422361917838
17,va_a,9,Delta,5.466239317060613
17,va_a,10,Delta,5.075866505389488
17,va_a,11,Delta,1.174008989453433
17,va_a,12,Delta,1.5623987933818775
17,va_a,13,Delta,5.000796491635601
17,va_a,14,Delta,1.526251618290452
17,va_a,15,Delta,1.5193964283433141
17,va_a,16,Delta,2.499547505255995
17,va_a,17,Delta,0.1315166643390566
17,va_a,18,Delta,4.614350349478375
17,va_a,19,Delta,2.7616892743776305
17,va_a,20,Delta,3.723657474479824
17,va_a,21,Delta,6.142553953673932
17,va_a,22,Delta,4.364642642737298
17,va_a,23,Delta,1.875513110352351
17,va_a,24,Delta,4.6479495844581695
17,va_a,25,Delta,4.720275277163266
17,va_a,26,Delta,1.201635266493291
17,va_a,27,Delta,1.1920847078007715
17,va_a,28,Delta,4.627216547339474
17,va_a,29,Delta,0.523409958703999
17,va_a,30,Delta,4.5400684296965865
17,va_a,31,Delta,2.1659287543460075
17,va_a,32,Delta,3.6895864911981135
17,va_a,33,Delta,2.316358467872908
17,va_a,34,Delta,4.536499153251906
17,va_a,35,Delta,4.536685195521264
17,va_a,36,Delta,3.5378879927444955
17,va_a,37,Delta,1.5798713066941494
17,va_a,38,Delta,3.0431482958169407
17,va_a,39,Delta,5.392036629511626
17,va_a,40,Delta,4.527513916895918
17,va_a,41,Delta,1.0998329648332141
17,va_a,42,Delta,4.620855762385377
17,va_a,43,Delta,1.2325052215203738
17,va_a,44,Delta,5.268969240679137
17,va_a,45,Delta,4.604903514696579
17,va_a,46,Delta,3.7597895469112403
17,va_a,47,Delta,5.5651410644565535
17,va_a,48,Delta,1.6019856231357816
17,va_a,49,Delta,6.1659827866302965
17,va_a,51,Delta,0.37191534405223403
17,va_a,52,Delta,6.037700267030456
17,va_a,53,Delta,1.39301696689387
17,va_a,54,Delta,0.5103674797452217
17,va_a,55,Delta,1.1134817584261445
17,va_a,56,Delta,0.21475354506795213
17,va_a,57,Delta,1.9201875553229644
17,va_a,58,Delta,4.548468711377956
17,va_a,59,Delta,1.3940536095555747
17,va_a,60,Delta,5.474900815603853
17,va_a,1,Theta,6.204517442106335
17,va_a,2,Theta,5.350973376467149
17,va_a,3,Theta,2.88691635061463
17,va_a,4,Theta,5.454749334849383
17,va_a,5,Theta,1.5867724787566286
17,va_a,6,Theta,3.526768103553468
17,va_a,7,Theta,2.869748978361289
17,va_a,8,Theta,1.7202835090982211
17,va_a,9,Theta,5.239626967591103
17,va_a,10,Theta,3.228965121101613
17,va_a,11,Theta,1.2017561847947513
17,va_a,12,Theta,2.5505745319047017
17,va_a,13,Theta,0.568281403087742
17,va_a,14,Theta,4.286008647225123
17,va_a,15,Theta,0.4765510473477436
17,va_a,16,Theta,2.2298723091178787
17,va_a,17,Theta,6.077027145544136
17,va_a,18,Theta,4.368388725691252
17,va_a,19,Theta,0.10389046558034835
17,va_a,20,Theta,3.6687536280971846
17,va_a,21,Theta,0.3943046324063156
17,va_a,22,Theta,3.6402904600626282
17,va_a,23,Theta,1.8499582194634347
17,va_a,24,Theta,2.2117899381433
17,va_a,25,Theta,3.9000810366024563
17,va_a,26,Theta,0.5246433604086849
17,va_a,27,Theta,0.6218504058194432
17,va_a,28,Theta,5.383653219810486
17,va_a,29,Theta,6.153251732013283
17,va_a,30,Theta,5.773885349106334
17,va_a,31,Theta,1.9151391198084469
17,va_a,32,Theta,3.7208202035397995
17,va_a,33,Theta,2.164621876299472
17,va_a,34,Theta,3.7577925804510715
17,va_a,35,Theta,0.5729644477181649
17,va_a,36,Theta,4.267333448547565
17,va_a,37,Theta,1.2677144812368601
17,va_a,38,Theta,3.3411248302209966
17,va_a,39,Theta,5.498720337807457
17,va_a,40,Theta,5.727621841942466
17,va_a,41,Theta,5.477733886842
17,va_a,42,Theta,0.5348417078354294
17,va_a,43,Theta,1.1919242741294263
17,va_a,44,Theta,4.216496545870935
17,va_a,45,Theta,4.019699887950699
17,va_a,46,Theta,5.43817257389641
17,va_a,47,Theta,5.104956781606377
17,va_a,48,Theta,0.48257749044139664
17,va_a,49,Theta,0.07021011266418094
17,va_a,51,Theta,0.22684732109121428
17,va_a,52,Theta,1.845488910782238
17,va_a,53,Theta,1.723112190694703
17,va_a,54,Theta,6.131933077312612
17,va_a,55,Theta,0.23082033223980825
17,va_a,56,Theta,5.219223434111075
17,va_a,57,Theta,2.787366539020857
17,va_a,58,Theta,3.943206011613811
17,va_a,59,Theta,1.3670517557640804
17,va_a,60,Theta,5.497013264300979
17,va_a,1,Alpha,6.274381293235104
17,va_a,2,Alpha,2.5570518586517337
17,va_a,3,Alpha,4.353077949993617
17,va_a,4,Alpha,4.632254099234212
17,va_a,5,Alpha,2.450453637904987
17,va_a,6,Alpha,2.611939392966773
17,va_a,7,Alpha,1.321897078077679
17,va_a,8,Alpha,5.46685904981927
17,va_a,9,Alpha,4.481399033948218
17,va_a,10,Alpha,4.768487349706651
17,va_a,11,Alpha,4.370886972489152
17,va_a,12,Alpha,3.3263071034645146
17,va_a,13,Alpha,5.810626285922027
17,va_a,14,Alpha,5.736600735241658
17,va_a,15,Alpha,2.2307953021953595
17,va_a,16,Alpha,5.230740788429452
17,va_a,17,Alpha,4.339223664497411
17,va_a,18,Alpha,3.7550665118271014
17,va_a,19,Alpha,1.802162256291111
17,va_a,20,Alpha,0.6375550104339116
17,va_a,21,Alpha,0.515928887428231
17,va_a,22,Alpha,4.139843654254262
17,va_a,23,Alpha,4.700563770159957
17,va_a,24,Alpha,5.344317099252798
17,va_a,25,Alpha,1.218649097721128
17,va_a,26,Alpha,0.8458281529436472
17,va_a,27,Alpha,1.6482433518645334
17,va_a,28,Alpha,5.614087060510784
17,va_a,29,Alpha,0.12661364219348992
17,va_a,30,Alpha,4.927377810348387
17,va_a,31,Alpha,3.0805455374587365
17,va_a,32,Alpha,1.6638282434924148
17,va_a,33,Alpha,6.2319863790458125
17,va_a,34,Alpha,2.512284057050551
17,va_a,35,Alpha,2.2368714887442565
17,va_a,36,Alpha,0.33476038270611475
17,va_a,37,Alpha,4.980042686044333
17,va_a,38,Alpha,2.8908208436009106
17,va_a,39,Alpha,0.17182285113506238
17,va_a,40,Alpha,5.242849654824343
17,va_a,41,Alpha,5.41059031187576
17,va_a,42,Alpha,6.2784823969201655
17,va_a,43,Alpha,5.145487286903819
17,va_a,44,Alpha,3.585355827438022
17,va_a,45,Alpha,3.7909675138897807
17,va_a,46,Alpha,6.019213721351943
17,va_a,47,Alpha,3.9499572681914907
17,va_a,48,Alpha,0.3503453985881729
17,va_a,49,Alpha,0.5768515500093511
17,va_a,51,Alpha,5.66267165857666
17,va_a,52,Alpha,1.8126842383950952
17,va_a,53,Alpha,3.3791817772025095
17,va_a,54,Alpha,0.5477030603993935
17,va_a,55,Alpha,5.309663380093706
17,va_a,56,Alpha,6.082759341574777
17,va_a,57,Alpha,4.088302465636835
17,va_a,58,Alpha,2.798780406571311
17,va_a,59,Alpha,0.7114498505927761
17,va_a,60,Alpha,6.056991394188898
17,va_a,1,Beta,4.5545709029575425
17,va_a,2,Beta,2.7042966901937553
17,va_a,3,Beta,3.277477244647777
17,va_a,4,Beta,1.1494152697687763
17,va_a,5,Beta,1.1371989018891286
17,va_a,6,Beta,2.108130089652654
17,va_a,7,Beta,0.8699402237869535
17,va_a,8,Beta,1.6909264552295962
17,va_a,9,Beta,0.7951485706772549
17,va_a,10,Beta,6.169999907252124
17,va_a,11,Beta,1.0902110807486767
17,va_a,12,Beta,2.923436575502789
17,va_a,13,Beta,0.32043039294063574
17,va_a,14,Beta,3.4555418762947694
17,va_a,15,Beta,3.116813575071706
17,va_a,16,Beta,1.6312493268283585
17,va_a,17,Beta,5.507211230465945
17,va_a,18,Beta,3.312620527289608
17,va_a,19,Beta,4.377536724758418
17,va_a,20,Beta,1.0756682403395579
17,va_a,21,Beta,5.5148825035303055
17,va_a,22,Beta,5.45011366751584
17,va_a,23,Beta,1.3951433532454105
17,va_a,24,Beta,0.5042910127124274
17,va_a,25,Beta,6.0496841149307965
17,va_a,26,Beta,0.21421935640043757
17,va_a,27,Beta,5.5401402550734105
17,va_a,28,Beta,4.450864907126061
17,va_a,29,Beta,1.7091767626246388
17,va_a,30,Beta,0.8203370735870976
17,va_a,31,Beta,3.8117813734474475
17,va_a,32,Beta,0.3282812892091546
17,va_a,33,Beta,2.5008330209676672
17,va_a,34,Beta,5.30279396508994
17,va_a,35,Beta,3.972071893133425
17,va_a,36,Beta,1.882787365282467
17,va_a,37,Beta,3.5179463340272674
17,va_a,38,Beta,0.7560931408910939
17,va_a,39,Beta,1.213183181811272
17,va_a,40,Beta,2.123585112239432
17,va_a,41,Beta,0.8610469858740185
17,va_a,42,Beta,0.14374538328444592
17,va_a,43,Beta,0.2016894414066984
17,va_a,44,Beta,2.9873830910800825
17,va_a,45,Beta,3.3097841361310634
17,va_a,46,Beta,2.1298045171853768
17,va_a,47,Beta,2.8045430266834157
17,va_a,48,Beta,3.2133587303664486
17,va_a,49,Beta,5.301376494985244
17,va_a,51,Beta,1.6929383418609505
17,va_a,52,Beta,0.7125873394278114
17,va_a,53,Beta,1.0863889268106743
17,va_a,54,Beta,0.3149355659624574
17,va_a,55,Beta,2.5174254476119597
17,va_a,56,Beta,3.9692845773060528
17,va_a,57,Beta,5.272722050329069
17,va_a,58,Beta,2.291809569260041
17,va_a,59,Beta,1.0446685218810616
17,va_a,60,Beta,4.791950491027013
18,va_a,1,Delta,5.121690054290557
18,va_a,2,Delta,1.5566705427166323
18,va_a,3,Delta,2.095351761386975
18,va_a,4,Delta,1.4000356173417179
18,va_a,5,Delta,2.0594173160580405
18,va_a,6,Delta,1.1750525633947329
18,va_a,7,Delta,4.111633290657493
18,va_a,8,Delta,1.682817377860254
18,va_a,9,Delta,6.23020315029513
18,va_a,10,Delta,0.4573889305349983
18,va_a,11,Delta,3.0652707525094107
18,va_a,12,Delta,1.858416338455778
18,va_a,13,Delta,0.5427567984915728
18,va_a,14,Delta,1.087204469301671
18,va_a,15,Delta,0.6182340767062549
18,va_a,16,Delta,5.097338627753887
18,va_a,17,Delta,1.3069126089930125
18,va_a,18,Delta,5.421418433097422
18,va_a,19,Delta,2.0109298701603784
18,va_a,20,Delta,0.6665585784727891
18,va_a,21,Delta,5.6464604952388635
18,va_a,22,Delta,1.2567018460513202
18,va_a,23,Delta,2.0959375033403065
18,va_a,24,Delta,6.004308784898515
18,va_a,25,Delta,1.458886620849567
18,va_a,26,Delta,1.3931000651682928
18,va_a,27,Delta,5.270368103580192
18,va_a,28,Delta,1.2205629741723303
18,va_a,29,Delta,4.671817415428965
18,va_a,30,Delta,2.060181241437804
18,va_a,31,Delta,1.820148167035511
18,va_a,32,Delta,0.6164890237694103
18,va_a,33,Delta,4.14717428061658
18,va_a,34,Delta,1.3140194163972443
18,va_a,35,Delta,1.3511232742029564
18,va_a,36,Delta,5.414208467354057
18,va_a,37,Delta,5.957228340688193
18,va_a,38,Delta,4.5199328573687865
18,va_a,39,Delta,4.154288937720828
18,va_a,40,Delta,4.797496170638061
18,va_a,41,Delta,3.651379560636684
18,va_a,42,Delta,0.16985853196647865
18,va_a,43,Delta,1.4848825253749718
18,va_a,44,Delta,3.5238748221642506
18,va_a,45,Delta,0.9015771883524912
18,va_a,46,Delta,4.215701559486002
18,va_a,47,Delta,0.4961861044409044
18,va_a,48,Delta,4.576643878104396
18,va_a,49,Delta,5.091973601472935
18,va_a,50,Delta,6.137986156611177
18,va_a,51,Delta,3.827222077613009
18,va_a,52,Delta,4.831300830342245
18,va_a,53,Delta,1.556620409881161
18,va_a,54,Delta,4.9396815592274725
18,va_a,55,Delta,5.5233471465359045
18,va_a,56,Delta,1.4615540225192298
18,va_a,57,Delta,1.1154231544562203
18,va_a,58,Delta,2.0204734882223434
18,va_a,59,Delta,5.301947562918221
18,va_a,1,Theta,6.131677246978651
18,va_a,2,Theta,1.1090004105802684
18,va_a,3,Theta,2.9022981538976373
18,va_a,4,Theta,1.018897675374155
18,va_a,5,Theta,3.1905909996724735
18,va_a,6,Theta,5.840480652523628
18,va_a,7,Theta,2.540902941203703
18,va_a,8,Theta,2.1187489242499695
18,va_a,9,Theta,5.862905280110053
18,va_a,10,Theta,0.08110066317163796
18,va_a,11,Theta,2.4786405625122847
18,va_a,12,Theta,5.879653198777891
18,va_a,13,Theta,5.725789414959954
18,va_a,14,Theta,0.3638137179100029
18,va_a,15,Theta,6.22126153898486
18,va_a,16,Theta,1.1313253208666647
18,va_a,17,Theta,0.7049014244035149
18,va_a,18,Theta,5.278133701930325
18,va_a,19,Theta,2.0987795347384774
18,va_a,20,Theta,5.910214166633768
18,va_a,21,Theta,5.823840561298773
18,va_a,22,Theta,5.940054111290199
18,va_a,23,Theta,2.5886590564798726
18,va_a,24,Theta,0.315625729950104
18,va_a,25,Theta,5.884338087894733
18,va_a,26,Theta,1.3855983295008738
18,va_a,27,Theta,5.423504725948004
18,va_a,28,Theta,1.334574494943158
18,va_a,29,Theta,5.195203366147363
18,va_a,30,Theta,1.8502982557087932
18,va_a,31,Theta,1.0650003376110317
18,va_a,32,Theta,0.17336652684343248
18,va_a,33,Theta,5.701157934302051
18,va_a,34,Theta,5.978999383094207
18,va_a,35,Theta,1.1083365325531778
18,va_a,36,Theta,5.5703397000873505
18,va_a,37,Theta,5.694857086550121
18,va_a,38,Theta,3.7205613243055744
18,va_a,39,Theta,3.6534288317189536
18,va_a,40,Theta,5.751884558032235
18,va_a,41,Theta,2.9427804722239137
18,va_a,42,Theta,0.7705450457845373
18,va_a,43,Theta,2.9970516027662892
18,va_a,44,Theta,2.529388923316237
18,va_a,45,Theta,5.842075148300552
18,va_a,46,Theta,3.4929723731278797
18,va_a,47,Theta,0.3339100169110565
18,va_a,48,Theta,4.711386351003398
18,va_a,49,Theta,5.860775724965757
18,va_a,50,Theta,5.206884055941565
18,va_a,51,Theta,4.698324842427108
18,va_a,52,Theta,5.984973623188152
18,va_a,53,Theta,3.571352333179652
18,va_a,54,Theta,0.3518141230704829
18,va_a,55,Theta,5.9864066406766
18,va_a,56,Theta,0.5372904313122844
18,va_a,57,Theta,1.3939230255285524
18,va_a,58,Theta,4.005153474945818
18,va_a,59,Theta,5.32448868784053
18,va_a,1,Alpha,0.5757462324564252
18,va_a,2,Alpha,4.69894921256104
18,va_a,3,Alpha,3.5894879678259133
18,va_a,4,Alpha,0.14742480428462926
18,va_a,5,Alpha,3.386032052195193
18,va_a,6,Alpha,6.066136342556403
18,va_a,7,Alpha,1.354358687762972
18,va_a,8,Alpha,0.3632158301261222
18,va_a,9,Alpha,5.4926633513852945
18,va_a,10,Alpha,3.7481575213078115
18,va_a,11,Alpha,2.2326693522503374
18,va_a,12,Alpha,5.120630131609197
18,va_a,13,Alpha,5.622592551355312
18,va_a,14,Alpha,5.966118257208918
18,va_a,15,Alpha,3.017375937663383
18,va_a,16,Alpha,2.8578572875211194
18,va_a,17,Alpha,0.9237838322594134
18,va_a,18,Alpha,3.5269309461793306
18,va_a,19,Alpha,0.5804097519966719
18,va_a,20,Alpha,5.3035772808695
18,va_a,21,Alpha,5.268976919027556
18,va_a,22,Alpha,5.698881017530127
18,va_a,23,Alpha,3.3873689015328665
18,va_a,24,Alpha,0.1550477018489767
18,va_a,25,Alpha,6.088435523689747
18,va_a,26,Alpha,3.1174585809967748
18,va_a,27,Alpha,4.345406739471914
18,va_a,28,Alpha,2.6683859755363817
18,va_a,29,Alpha,2.4281673511315
18,va_a,30,Alpha,1.0593712299739582
18,va_a,31,Alpha,5.230707915143487
18,va_a,32,Alpha,1.5686029784255575
18,va_a,33,Alpha,6.204308428179761
18,va_a,34,Alpha,5.83633315804377
18,va_a,35,Alpha,0.4510086126519677
18,va_a,36,Alpha,5.544985132189803
18,va_a,37,Alpha,4.809962758537076
18,va_a,38,Alpha,2.52729503589422
18,va_a,39,Alpha,3.537414106203831
18,va_a,40,Alpha,0.6617797347799175
18,va_a,41,Alpha,0.8857651060820516
18,va_a,42,Alpha,1.012159613221891
18,va_a,43,Alpha,3.722832494894509
18,va_a,44,Alpha,0.9412774119756002
18,va_a,45,Alpha,5.777343747803549
18,va_a,46,Alpha,2.820910769669208
18,va_a,47,Alpha,0.19181841691670365
18,va_a,48,Alpha,4.23479955398536
18,va_a,49,Alpha,5.920142689976915
18,va_a,50,Alpha,4.175580202769687
18,va_a,51,Alpha,0.760411204557164
18,va_a,52,Alpha,2.724425816737321
18,va_a,53,Alpha,1.1776256505079843
18,va_a,54,Alpha,2.350009196995375
18,va_a,55,Alpha,0.7136126371349052
18,va_a,56,Alpha,1.3958824920338815
18,va_a,57,Alpha,4.374925595630341
18,va_a,58,Alpha,4.245212327769051
18,va_a,59,Alpha,5.662868752931883
18,va_a,1,Beta,2.3587366787314994
18,va_a,2,Beta,1.676963471148389
18,va_a,3,Beta,2.527538928665161
18,va_a,4,Beta,1.2341757941805156
18,va_a,5,Beta,5.7079059435954065
18,va_a,6,Beta,3.1410066781182735
18,va_a,7,Beta,4.386128311893701
18,va_a,8,Beta,6.15537076987464
18,va_a,9,Beta,3.608750434389594
18,va_a,10,Beta,3.7106246755657346
18,va_a,11,Beta,2.6108344178653202
18,va_a,12,Beta,2.7659436037821123
18,va_a,13,Beta,4.598736603289513
18,va_a,14,Beta,2.874295123680234
18,va_a,15,Beta,1.6878922625117845
18,va_a,16,Beta,4.3473057861671345
18,va_a,17,Beta,3.7893418619004393
18,va_a,18,Beta,0.7076224182289923
18,va_a,19,Beta,5.061227602567337
18,va_a,20,Beta,4.0686920659102945
18,va_a,21,Beta,2.584210267276078
18,va_a,22,Beta,2.705427079331309
18,va_a,23,Beta,4.997368606079809
18,va_a,24,Beta,0.2697657072542383
18,va_a,25,Beta,5.871728944702571
18,va_a,26,Beta,2.404128199309161
18,va_a,27,Beta,4.136779945208097
18,va_a,28,Beta,4.4293339685529745
18,va_a,29,Beta,1.1736018734425018
18,va_a,30,Beta,4.826810767968254
18,va_a,31,Beta,6.034653883217402
18,va_a,32,Beta,1.0191632041047487
18,va_a,33,Beta,0.4368314249772538
18,va_a,34,Beta,2.588764121899003
18,va_a,35,Beta,0.7183768100906447
18,va_a,36,Beta,4.009591199549467
18,va_a,37,Beta,1.571347000917667
18,va_a,38,Beta,5.158217867062094
18,va_a,39,Beta,5.727158972320452
18,va_a,40,Beta,1.555011323088251
18,va_a,41,Beta,0.23436779229987967
18,va_a,42,Beta,5.651789416504112
18,va_a,43,Beta,4.959213640157552
18,va_a,44,Beta,3.0157611103526922
18,va_a,45,Beta,4.631941331240185
18,va_a,46,Beta,0.3510824732670849
18,va_a,47,Beta,2.4844830759540852
18,va_a,48,Beta,2.88734658731481
18,va_a,49,Beta,2.826807553676824
18,va_a,50,Beta,3.445821504935385
18,va_a,51,Beta,5.09198765484693
18,va_a,52,Beta,1.8339048358103833
18,va_a,53,Beta,4.019891491989602
18,va_a,54,Beta,6.07458068179259
18,va_a,55,Beta,2.818772579574203
18,va_a,56,Beta,6.101322924968495
18,va_a,57,Beta,5.112708065691511
18,va_a,58,Beta,1.6036839250337493
18,va_a,59,Beta,3.1296260389265487
2,va_a,1,Delta,3.7517093050672843
2,va_a,2,Delta,5.728604379158709
2,va_a,3,Delta,4.137838126448477
2,va_a,4,Delta,3.5230952650537293
2,va_a,5,Delta,1.4224249684009758
2,va_a,6,Delta,5.465744445056737
2,va_a,7,Delta,1.795942145320473
2,va_a,8,Delta,2.638189991883069
2,va_a,9,Delta,0.13130144703784863
2,va_a,10,Delta,2.97286657732362
2,va_a,11,Delta,3.11036767463408
2,va_a,12,Delta,5.036517891660027
2,va_a,13,Delta,4.915230653824334
2,va_a,14,Delta,0.8562277366629178
2,va_a,15,Delta,4.712603699770119
2,va_a,16,Delta,4.2849435535059595
2,va_a,17,Delta,1.3525962870342623
2,va_a,18,Delta,4.469451816033754
2,va_a,19,Delta,4.948197982031289
2,va_a,20,Delta,4.386452186342249
2,va_a,21,Delta,4.890205323159872
2,va_a,22,Delta,4.457511590850908
2,va_a,23,Delta,0.40349587614169746
2,va_a,24,Delta,3.818394337841114
2,va_a,25,Delta,0.8103995733399288
2,va_a,26,Delta,2.570768512281792
2,va_a,27,Delta,2.6035564568105714
2,va_a,28,Delta,4.289336623767153
2,va_a,29,Delta,2.54373361672778
2,va_a,30,Delta,3.9444637069344486
2,va_a,31,Delta,4.6467898841065916
2,va_a,32,Delta,4.472220045898583
2,va_a,33,Delta,5.086597217288778
2,va_a,34,Delta,1.882696225368035
2,va_a,35,Delta,1.3783845165603734
2,va_a,36,Delta,4.256580651476257
2,va_a,37,Delta,4.242534532478387
2,va_a,38,Delta,3.0286921077998272
2,va_a,39,Delta,3.678546289171479
2,va_a,40,Delta,2.7368890403303943
2,va_a,41,Delta,6.157330645992417
2,va_a,42,Delta,4.491788264388528
2,va_a,43,Delta,4.776824467119836
2,va_a,44,Delta,2.228592212981741
2,va_a,45,Delta,3.8498762546448506
2,va_a,46,Delta,3.1726038936058325
2,va_a,47,Delta,2.086663235854108
2,va_a,48,Delta,4.781004505841909
2,va_a,49,Delta,5.378863221677027
2,va_a,50,Delta,1.976871397485094
2,va_a,51,Delta,4.65924431407098
2,va_a,52,Delta,4.926253079572955
2,va_a,53,Delta,1.3354466621443548
2,va_a,54,Delta,3.482553494519105
2,va_a,55,Delta,2.5224798034129616
2,va_a,56,Delta,2.914011830417945
2,va_a,57,Delta,4.820502308057842
2,va_a,58,Delta,4.33878263177163
2,va_a,59,Delta,3.7604801229079903
2,va_a,60,Delta,4.542611392400087
2,va_a,1,Theta,3.491406286399532
2,va_a,2,Theta,4.673759868219905
2,va_a,3,Theta,2.9018167467999967
2,va_a,4,Theta,3.9802933892820995
2,va_a,5,Theta,0.5336439464767755
2,va_a,6,Theta,4.380679708286067
2,va_a,7,Theta,1.3021731179822713
2,va_a,8,Theta,2.5128374905176654
2,va_a,9,Theta,5.843758187398564
2,va_a,10,Theta,3.1446202941914203
2,va_a,11,Theta,2.5948097216631854
2,va_a,12,Theta,1.9498013177475957
2,va_a,13,Theta,4.15919150131805
2,va_a,14,Theta,6.105846038405521
2,va_a,15,Theta,4.703327063362112
2,va_a,16,Theta,2.9086013695034048
2,va_a,17,Theta,6.127092785669874
2,va_a,18,Theta,4.450669741910522
2,va_a,19,Theta,4.719764337204127
2,va_a,20,Theta,3.311616689868119
2,va_a,21,Theta,4.6955866617054465
2,va_a,22,Theta,4.324222630133791
2,va_a,23,Theta,0.791315822102579
2,va_a,24,Theta,3.892812090266359
2,va_a,25,Theta,5.321048190625948
2,va_a,26,Theta,3.2946653256668834
2,va_a,27,Theta,3.610695757336929
2,va_a,28,Theta,4.167157561058362
2,va_a,29,Theta,3.4861817718629475
2,va_a,30,Theta,3.8941521379947273
2,va_a,31,Theta,5.3202362122304665
2,va_a,32,Theta,3.6790320231935514
2,va_a,33,Theta,3.464390867678077
2,va_a,34,Theta,3.6436322973252215
2,va_a,35,Theta,1.455021526204124
2,va_a,36,Theta,3.89705080918842
2,va_a,37,Theta,4.201027324027606
2,va_a,38,Theta,3.943173080790948
2,va_a,39,Theta,4.297983478459686
2,va_a,40,Theta,3.3331461903939736
2,va_a,41,Theta,0.8866843892229792
2,va_a,42,Theta,2.30913551503092
2,va_a,43,Theta,5.112461687288572
2,va_a,44,Theta,3.285115969254559
2,va_a,45,Theta,2.276989685733327
2,va_a,46,Theta,4.549640404114436
2,va_a,47,Theta,2.643312312591597
2,va_a,48,Theta,3.7936041372214593
2,va_a,49,Theta,4.955403142867443
2,va_a,50,Theta,1.9676059745418462
2,va_a,51,Theta,3.9988766711027504
2,va_a,52,Theta,4.9979763056999165
2,va_a,53,Theta,1.3850884484083628
2,va_a,54,Theta,3.5699306945099303
2,va_a,55,Theta,2.208019536868847
2,va_a,56,Theta,5.975518700473374
2,va_a,57,Theta,5.134973839251904
2,va_a,58,Theta,5.968222604924229
2,va_a,59,Theta,4.034088963102578
2,va_a,60,Theta,4.605042695211166
2,va_a,1,Alpha,0.7211414670998207
2,va_a,2,Alpha,4.513547647872862
2,va_a,3,Alpha,1.944203367661846
2,va_a,4,Alpha,6.054202103145538
2,va_a,5,Alpha,5.475251134467128
2,va_a,6,Alpha,2.9462985085978612
2,va_a,7,Alpha,5.864513011635468
2,va_a,8,Alpha,3.9004865895028935
2,va_a,9,Alpha,2.496507311307815
2,va_a,10,Alpha,0.14918815337066882
2,va_a,11,Alpha,2.1139494947826085
2,va_a,12,Alpha,1.247725865145957
2,va_a,13,Alpha,4.457531667982515
2,va_a,14,Alpha,4.27176250360599
2,va_a,15,Alpha,5.3727809795870405
2,va_a,16,Alpha,1.8462599500582035
2,va_a,17,Alpha,0.16775938633496135
2,va_a,18,Alpha,5.002353397193822
2,va_a,19,Alpha,4.940758277351518
2,va_a,20,Alpha,2.997799607456494
2,va_a,21,Alpha,5.861665092216523
2,va_a,22,Alpha,1.0488433811464297
2,va_a,23,Alpha,1.4541158150785438
2,va_a,24,Alpha,2.9917866682714704
2,va_a,25,Alpha,5.754730647223878
2,va_a,26,Alpha,3.281205357768847
2,va_a,27,Alpha,4.910226395881396
2,va_a,28,Alpha,4.1891447464370355
2,va_a,29,Alpha,1.546743697809554
2,va_a,30,Alpha,3.8494278528949177
2,va_a,31,Alpha,5.612284540202196
2,va_a,32,Alpha,2.8482851958600923
2,va_a,33,Alpha,2.709859944053041
2,va_a,34,Alpha,3.9835201140835617
2,va_a,35,Alpha,1.4972230080487188
2,va_a,36,Alpha,5.820193416061279
2,va_a,37,Alpha,1.418416278193462
2,va_a,38,Alpha,4.03564036263151
2,va_a,39,Alpha,5.109221800759688
2,va_a,40,Alpha,0.15879834878057983
2,va_a,41,Alpha,4.392369717976031
2,va_a,42,Alpha,1.3468573191410032
2,va_a,43,Alpha,1.8680166113604422
2,va_a,44,Alpha,3.440319378911682
2,va_a,45,Alpha,2.2460427127944658
2,va_a,46,Alpha,4.854952378179364
2,va_a,47,Alpha,0.28467482430086505
2,va_a,48,Alpha,5.226484713865669
2,va_a,49,Alpha,0.03007084414363375
2,va_a,50,Alpha,1.3562214534637862
2,va_a,51,Alpha,2.509819440758652
2,va_a,52,Alpha,2.107345638837476
2,va_a,53,Alpha,1.7150942672021887
2,va_a,54,Alpha,3.675130010788938
2,va_a,55,Alpha,0.9709486918076927
2,va_a,56,Alpha,5.350374526743595
2,va_a,57,Alpha,4.723155105773456
2,va_a,58,Alpha,0.10413148324655846
2,va_a,59,Alpha,4.654314822357781
2,va_a,60,Alpha,4.341502795065855
2,va_a,1,Beta,4.174786178890385
2,va_a,2,Beta,4.432200503024125
2,va_a,3,Beta,6.047664698593519
2,va_a,4,Beta,5.9038859711941285
2,va_a,5,Beta,5.687787573789636
2,va_a,6,Beta,2.475256709942323
2,va_a,7,Beta,4.901446987866937
2,va_a,8,Beta,4.625946296169765
2,va_a,9,Beta,0.8154661664638874
2,va_a,10,Beta,0.6922225009832327
2,va_a,11,Beta,0.12708472369276388
2,va_a,12,Beta,4.104073817220248
2,va_a,13,Beta,4.762089523164301
2,va_a,14,Beta,4.487207520446857
2,va_a,15,Beta,3.8492533636984314
2,va_a,16,Beta,1.3965488835599662
2,va_a,17,Beta,0.3121840904739695
2,va_a,18,Beta,1.9568709632640582
2,va_a,19,Beta,4.845019805664575
2,va_a,20,Beta,3.576072100846966
2,va_a,21,Beta,2.1473522134297935
2,va_a,22,Beta,1.4129121199401722
2,va_a,23,Beta,2.0491949902641076
2,va_a,24,Beta,0.24518460202664094
2,va_a,25,Beta,4.63942381957023
2,va_a,26,Beta,1.2594523777688746
2,va_a,27,Beta,3.628620022880297
2,va_a,28,Beta,4.827411922258932
2,va_a,29,Beta,3.2580890071922814
2,va_a,30,Beta,3.0713103900238323
2,va_a,31,Beta,2.09506443424285
2,va_a,32,Beta,4.848065305419085
2,va_a,33,Beta,4.591538865858491
2,va_a,34,Beta,0.07305067188264791
2,va_a,35,Beta,6.015120351171514
2,va_a,36,Beta,3.8469674831333553
2,va_a,37,Beta,0.849125341405543
2,va_a,38,Beta,5.124073447645113
2,va_a,39,Beta,4.059811628018666
2,va_a,40,Beta,4.758604977125781
2,va_a,41,Beta,3.013660589533169
2,va_a,42,Beta,3.1698894690886537
2,va_a,43,Beta,4.331119157931211
2,va_a,44,Beta,0.20576358030845082
2,va_a,45,Beta,3.0016665530110846
2,va_a,46,Beta,3.7021642560216925
2,va_a,47,Beta,5.891478654480589
2,va_a,48,Beta,2.842021789310787
2,va_a,49,Beta,3.514937332079661
2,va_a,50,Beta,4.12390193614627
2,va_a,51,Beta,5.374297298646322
2,va_a,52,Beta,3.5858236516367272
2,va_a,53,Beta,2.80512576071615
2,va_a,54,Beta,6.0380380952766
2,va_a,55,Beta,4.783124028326924
2,va_a,56,Beta,5.041083500681932
2,va_a,57,Beta,0.864523819991702
2,va_a,58,Beta,4.252811516154322
2,va_a,59,Beta,6.135475561374725
2,va_a,60,Beta,4.021471175641647
20,va_a,2,Delta,4.9843048907210985
20,va_a,3,Delta,4.731049242817136
20,va_a,4,Delta,0.03298536625413308
20,va_a,5,Delta,1.8462175382006303
20,va_a,6,Delta,4.721860289266954
20,va_a,7,Delta,4.277673231523185
20,va_a,8,Delta,1.8974767232445766
20,va_a,9,Delta,4.626229712560545
20,va_a,10,Delta,3.177903057910349
20,va_a,11,Delta,2.12484373839271
20,va_a,12,Delta,2.3546640129045406
20,va_a,13,Delta,0.8628065943652946
20,va_a,14,Delta,3.9961678553005604
20,va_a,15,Delta,1.6657024163653964
20,va_a,16,Delta,4.778615523391306
20,va_a,17,Delta,5.6423878302891435
20,va_a,18,Delta,0.12693405971727195
20,va_a,19,Delta,1.379876487720309
20,va_a,20,Delta,5.157833532438931
20,va_a,21,Delta,4.036613073295013
20,va_a,22,Delta,4.724666507528549
20,va_a,23,Delta,0.3220725072783552
20,va_a,24,Delta,5.681561921227335
20,va_a,25,Delta,0.00455994554402126
20,va_a,26,Delta,6.216214978283705
20,va_a,27,Delta,5.91815379495784
20,va_a,28,Delta,1.206785348786048
20,va_a,29,Delta,6.010811833297656
20,va_a,30,Delta,0.4949864730360376
20,va_a,31,Delta,4.979434582488943
20,va_a,32,Delta,4.811493652248702
20,va_a,33,Delta,5.887919786380596
20,va_a,34,Delta,4.9808892157199205
20,va_a,35,Delta,0.2232923606897722
20,va_a,36,Delta,1.4025343729230642
20,va_a,37,Delta,0.23157429519136
20,va_a,38,Delta,5.991782335407957
20,va_a,39,Delta,0.07029465916374189
20,va_a,40,Delta,5.098311230256175
20,va_a,41,Delta,4.944046482106793
20,va_a,42,Delta,4.5678626914854386
20,va_a,43,Delta,5.02860475479985
20,va_a,44,Delta,4.344242395493577
20,va_a,45,Delta,0.30970976272271517
20,va_a,46,Delta,4.607995947821397
20,va_a,47,Delta,3.403412920945208
20,va_a,48,Delta,0.2462723401773533
20,va_a,49,Delta,5.1956048317346895
20,va_a,50,Delta,0.42552310592065434
20,va_a,51,Delta,5.325113818031199
20,va_a,52,Delta,5.644084720683486
20,va_a,53,Delta,5.838568875239582
20,va_a,54,Delta,0.02218924166427377
20,va_a,55,Delta,5.248688412952226
20,va_a,56,Delta,4.691862075572233
20,va_a,60,Delta,6.01776207323993
20,va_a,2,Theta,5.425623845641423
20,va_a,3,Theta,4.302764306387443
20,va_a,4,Theta,0.8202146065549377
20,va_a,5,Theta,2.8030413070305253
20,va_a,6,Theta,4.616541612817159
20,va_a,7,Theta,4.61874314307724
20,va_a,8,Theta,4.7158622138454565
20,va_a,9,Theta,4.7244465343961775
20,va_a,10,Theta,2.2411607543601604
20,va_a,11,Theta,2.9260167784138904
20,va_a,12,Theta,3.7260295266859487
20,va_a,13,Theta,1.047874757658602
20,va_a,14,Theta,1.673251798054591
20,va_a,15,Theta,1.4694881682101204
20,va_a,16,Theta,4.72877469404966
20,va_a,17,Theta,6.229378573578496
20,va_a,18,Theta,0.9655152791957986
20,va_a,19,Theta,0.9263744433855741
20,va_a,20,Theta,0.3334103044587423
20,va_a,21,Theta,3.3886069342541414
20,va_a,22,Theta,3.8075430444017586
20,va_a,23,Theta,5.438129017683439
20,va_a,24,Theta,0.5712060682401496
20,va_a,25,Theta,0.5417444323617456
20,va_a,26,Theta,0.654948759751711
20,va_a,27,Theta,5.977999952707201
20,va_a,28,Theta,0.018046488052988485
20,va_a,29,Theta,6.154450126626221
20,va_a,30,Theta,1.109160857601666
20,va_a,31,Theta,4.859634975919272
20,va_a,32,Theta,5.0690832519720646
20,va_a,33,Theta,5.914067852824848
20,va_a,34,Theta,4.9543246587073595
20,va_a,35,Theta,5.843057189307622
20,va_a,36,Theta,0.9459463862609959
20,va_a,37,Theta,5.581403439422422
20,va_a,38,Theta,1.9871118296966672
20,va_a,39,Theta,5.729099797689521
20,va_a,40,Theta,5.488096903113712
20,va_a,41,Theta,4.966199237898259
20,va_a,42,Theta,2.2139274171018486
20,va_a,43,Theta,5.627486445206708
20,va_a,44,Theta,3.101445991379697
20,va_a,45,Theta,6.108778557977553
20,va_a,46,Theta,4.384434369415942
20,va_a,47,Theta,4.748599366187708
20,va_a,48,Theta,6.233001703343706
20,va_a,49,Theta,5.8483133033930415
20,va_a,50,Theta,0.32138774035107204
20,va_a,51,Theta,0.4937963680713444
20,va_a,52,Theta,5.885698942602883
20,va_a,53,Theta,6.053614361962038
20,va_a,54,Theta,6.010151220052096
20,va_a,55,Theta,0.5706376265640171
20,va_a,56,Theta,3.4652349728505194
20,va_a,60,Theta,4.983481821327
20,va_a,2,Alpha,5.982394085655425
20,va_a,3,Alpha,4.04866440142949
20,va_a,4,Alpha,1.402767692403765
20,va_a,5,Alpha,5.0434553824066555
20,va_a,6,Alpha,5.15909868017223
20,va_a,7,Alpha,4.58527767776603
20,va_a,8,Alpha,1.0541897793040504
20,va_a,9,Alpha,1.939657519095869
20,va_a,10,Alpha,1.4253266714420763
20,va_a,11,Alpha,0.6227404067990779
20,va_a,12,Alpha,5.43086166053563
20,va_a,13,Alpha,1.093927959250528
20,va_a,14,Alpha,0.2868623025661953
20,va_a,15,Alpha,0.6700386775704005
20,va_a,16,Alpha,3.766931455045592
20,va_a,17,Alpha,0.3701320809771809
20,va_a,18,Alpha,2.094632999028225
20,va_a,19,Alpha,0.9135860512972379
20,va_a,20,Alpha,0.5192882217518682
20,va_a,21,Alpha,6.14145259853758
20,va_a,22,Alpha,3.5325363771620033
20,va_a,23,Alpha,5.356970939804628
20,va_a,24,Alpha,1.2641849706232893
20,va_a,25,Alpha,0.029423225376691713
20,va_a,26,Alpha,0.40285289035853966
20,va_a,27,Alpha,5.029232651202653
20,va_a,28,Alpha,5.566828370967381
20,va_a,29,Alpha,1.3300873431333078
20,va_a,30,Alpha,0.329986543303685
20,va_a,31,Alpha,2.7162473738264548
20,va_a,32,Alpha,6.263717001472104
20,va_a,33,Alpha,2.2543543474230523
20,va_a,34,Alpha,5.228024316380777
20,va_a,35,Alpha,0.10091858707869913
20,va_a,36,Alpha,5.4594106347454066
20,va_a,37,Alpha,3.769721920264957
20,va_a,38,Alpha,3.14751075875922
20,va_a,39,Alpha,5.895101397557775
20,va_a,40,Alpha,5.797833815052753
20,va_a,41,Alpha,0.17763479376793762
20,va_a,42,Alpha,0.9188897779333586
20,va_a,43,Alpha,2.6764416607420736
20,va_a,44,Alpha,2.4697475530695887
20,va_a,45,Alpha,5.6421598639029
20,va_a,46,Alpha,4.583811044984435
20,va_a,47,Alpha,0.7908403996002272
20,va_a,48,Alpha,1.2325961468488498
20,va_a,49,Alpha,4.626424856486334
20,va_a,50,Alpha,0.5793042877089164
20,va_a,51,Alpha,0.8156791795322641
20,va_a,52,Alpha,0.7214427648893255
20,va_a,53,Alpha,6.195417156027143
20,va_a,54,Alpha,0.7098856458238487
20,va_a,55,Alpha,1.1007928394504516
20,va_a,56,Alpha,3.31637060420294
20,va_a,60,Alpha,2.8059882335921267
20,va_a,2,Beta,4.725257361904574
20,va_a,3,Beta,0.9705314547332149
20,va_a,4,Beta,2.3595847392871887
20,va_a,5,Beta,4.140880841274612
20,va_a,6,Beta,4.353617861169024
20,va_a,7,Beta,0.744190929584739
20,va_a,8,Beta,3.6835027319505054
20,va_a,9,Beta,2.5647588205121963
20,va_a,10,Beta,1.1703694171779417
20,va_a,11,Beta,2.920364356063923
20,va_a,12,Beta,4.03069275548299
20,va_a,13,Beta,1.1223664377732727
20,va_a,14,Beta,5.839936368948002
20,va_a,15,Beta,3.6563983360390595
20,va_a,16,Beta,5.509394264447598
20,va_a,17,Beta,4.136213379313063
20,va_a,18,Beta,3.6220615070864186
20,va_a,19,Beta,5.344487831188731
20,va_a,20,Beta,1.866768376364297
20,va_a,21,Beta,3.364492145873465
20,va_a,22,Beta,2.0144909668433373
20,va_a,23,Beta,6.148446823055586
20,va_a,24,Beta,1.4060668921939516
20,va_a,25,Beta,3.145055087936077
20,va_a,26,Beta,6.041392215743337
20,va_a,27,Beta,4.946216204845657
20,va_a,28,Beta,3.3369643135345695
20,va_a,29,Beta,5.079905645666249
20,va_a,30,Beta,4.0832221239616615
20,va_a,31,Beta,2.520423414500658
20,va_a,32,Beta,2.2029002450336144
20,va_a,33,Beta,4.644977202765348
20,va_a,34,Beta,1.168631769305874
20,va_a,35,Beta,1.0845692508346167
20,va_a,36,Beta,4.635177690742928
20,va_a,37,Beta,2.660978490610453
20,va_a,38,Beta,3.786330539795845
20,va_a,39,Beta,4.32957085402851
20,va_a,40,Beta,3.1926034451817316
20,va_a,41,Beta,0.44824623555934767
20,va_a,42,Beta,2.2285888911220333
20,va_a,43,Beta,3.1708372867794266
20,va_a,44,Beta,3.1530297348193543
20,va_a,45,Beta,4.187339892523168
20,va_a,46,Beta,3.149131210506131
20,va_a,47,Beta,5.250565652765801
20,va_a,48,Beta,4.956992273128895
20,va_a,49,Beta,4.459564726694327
20,va_a,50,Beta,4.608820614840672
20,va_a,51,Beta,2.199591518827496
20,va_a,52,Beta,4.087050035335167
20,va_a,53,Beta,2.9402512257710174
20,va_a,54,Beta,1.2079649241132528
20,va_a,55,Beta,0.5811536449062732
20,va_a,56,Beta,1.0178641459292077
20,va_a,60,Beta,2.7434592379189575
3,va_a,1,Delta,5.533453446898159
3,va_a,2,Delta,2.226307717251239
3,va_a,3,Delta,0.5126491601780759
3,va_a,4,Delta,1.3218525566087416
3,va_a,5,Delta,1.6577537586331084
3,va_a,6,Delta,2.7704223633657685
3,va_a,7,Delta,5.451109146043152
3,va_a,8,Delta,1.7059785651379746
3,va_a,9,Delta,3.896576534668455
3,va_a,10,Delta,3.813088312053241
3,va_a,11,Delta,2.7882930403129222
3,va_a,12,Delta,4.812807830239807
3,va_a,13,Delta,2.2160369455645066
3,va_a,14,Delta,1.0538189302717729
3,va_a,15,Delta,1.611641892176662
3,va_a,16,Delta,1.6592212330657783
3,va_a,17,Delta,2.449118171964842
3,va_a,18,Delta,4.09552825287322
3,va_a,19,Delta,1.5095198261084046
3,va_a,20,Delta,4.538417408906888
3,va_a,21,Delta,1.9670186523934206
3,va_a,22,Delta,1.575819642640374
3,va_a,23,Delta,5.050912679108093
3,va_a,24,Delta,2.356179246345551
3,va_a,25,Delta,5.029283761769119
3,va_a,26,Delta,2.7494335842139974
3,va_a,27,Delta,4.6158306497937565
3,va_a,28,Delta,5.526361702180508
3,va_a,29,Delta,4.69129073828009
3,va_a,30,Delta,2.573440687934991
3,va_a,31,Delta,3.2313585894544046
3,va_a,32,Delta,1.9417738025043851
3,va_a,33,Delta,4.53085207570473
3,va_a,34,Delta,0.7112192899002446
3,va_a,35,Delta,4.478914586739009
3,va_a,36,Delta,2.176004159523966
3,va_a,37,Delta,4.700092495340655
3,va_a,38,Delta,2.5390454316476276
3,va_a,39,Delta,5.162670963244867
3,va_a,40,Delta,2.4634915475195833
3,va_a,41,Delta,2.2890553941156178
3,va_a,42,Delta,2.705542918639714
3,va_a,43,Delta,5.382013067190473
3,va_a,44,Delta,1.594036907009885
3,va_a,45,Delta,0.30801821522286704
3,va_a,46,Delta,2.7084407686171814
3,va_a,47,Delta,2.1194684117407023
3,va_a,48,Delta,3.9082160595345776
3,va_a,49,Delta,5.902098495914822
3,va_a,50,Delta,5.100449619820417
3,va_a,51,Delta,3.124770123003678
3,va_a,52,Delta,5.821950130868194
3,va_a,53,Delta,4.03295007214734
3,va_a,54,Delta,0.7731087378350666
3,va_a,55,Delta,4.614716941354539
3,va_a,56,Delta,0.8221593495680589
3,va_a,57,Delta,1.5615475842367044
3,va_a,58,Delta,5.65779033456419
3,va_a,59,Delta,2.052121500613029
3,va_a,60,Delta,4.481977070125335
3,va_a,1,Theta,0.9218834544141089
3,va_a,2,Theta,3.831828972337775
3,va_a,3,Theta,0.5653179163857505
3,va_a,4,Theta,2.554058926180137
3,va_a,5,Theta,2.157456776021373
3,va_a,6,Theta,4.226423204444995
3,va_a,7,Theta,4.2602933307154895
3,va_a,8,Theta,6.225304002026744
3,va_a,9,Theta,4.746594626713529
3,va_a,10,Theta,3.354673995023399
3,va_a,11,Theta,3.773224640361215
3,va_a,12,Theta,3.5023821278569094
3,va_a,13,Theta,2.6067106290699034
3,va_a,14,Theta,4.647055431347837
3,va_a,15,Theta,1.2016957565413569
3,va_a,16,Theta,1.6698006480200627
3,va_a,17,Theta,3.4500396301108562
3,va_a,18,Theta,4.107648859350769
3,va_a,19,Theta,1.9311714752594826
3,va_a,20,Theta,4.252115293413966
3,va_a,21,Theta,2.2457544976023085
3,va_a,22,Theta,2.674422619270394
3,va_a,23,Theta,0.922285845335719
3,va_a,24,Theta,5.25657800306482
3,va_a,25,Theta,2.6789464719103484
3,va_a,26,Theta,3.015126171424247
3,va_a,27,Theta,3.967625427415897
3,va_a,28,Theta,4.592407374138244
3,va_a,29,Theta,3.6859078636097435
3,va_a,30,Theta,3.7907743438602437
3,va_a,31,Theta,4.989159597852112
3,va_a,32,Theta,3.1620360996406522
3,va_a,33,Theta,3.5543940742929134
3,va_a,34,Theta,1.8503660447442887
3,va_a,35,Theta,4.302935900353143
3,va_a,36,Theta,1.828295049535516
3,va_a,37,Theta,3.9992430871517333
3,va_a,38,Theta,3.4778725840844915
3,va_a,39,Theta,2.4605263308511924
3,va_a,40,Theta,4.167099056948835
3,va_a,41,Theta,3.7878411927636564
3,va_a,42,Theta,4.068805485984105
3,va_a,43,Theta,4.794672333930225
3,va_a,44,Theta,2.665291447716047
3,va_a,45,Theta,5.853346240178445
3,va_a,46,Theta,2.7052240947711024
3,va_a,47,Theta,2.545354820343162
3,va_a,48,Theta,3.941410606947196
3,va_a,49,Theta,0.6291025304178455
3,va_a,50,Theta,0.6592388230972032
3,va_a,51,Theta,2.5384340524198676
3,va_a,52,Theta,5.969032755472492
3,va_a,53,Theta,3.7587119825784288
3,va_a,54,Theta,5.495680671427003
3,va_a,55,Theta,4.065232942843792
3,va_a,56,Theta,0.9844201418512558
3,va_a,57,Theta,0.809346599697409
3,va_a,58,Theta,6.251586486973199
3,va_a,59,Theta,3.948894115274255
3,va_a,60,Theta,4.214661359266755
3,va_a,1,Alpha,0.8957049157937567
3,va_a,2,Alpha,4.231472739737423
3,va_a,3,Alpha,1.0097577671823719
3,va_a,4,Alpha,2.2493839095751342
3,va_a,5,Alpha,0.15834332324353725
3,va_a,6,Alpha,5.492170489631838
3,va_a,7,Alpha,4.074942832935816
3,va_a,8,Alpha,0.20139427006154162
3,va_a,9,Alpha,5.827843067174685
3,va_a,10,Alpha,3.4593775585921445
3,va_a,11,Alpha,4.778376039553811
3,va_a,12,Alpha,2.2071304780862846
3,va_a,13,Alpha,0.9241073617198866
3,va_a,14,Alpha,1.978898200754549
3,va_a,15,Alpha,0.6485912363284174
3,va_a,16,Alpha,5.953647597749122
3,va_a,17,Alpha,2.440794180463688
3,va_a,18,Alpha,5.242405439409116
3,va_a,19,Alpha,2.193822648858886
3,va_a,20,Alpha,4.480215468069962
3,va_a,21,Alpha,2.5259119612247534
3,va_a,22,Alpha,3.703327078708128
3,va_a,23,Alpha,1.932138737251397
3,va_a,24,Alpha,5.901666847311946
3,va_a,25,Alpha,3.548291341871516
3,va_a,26,Alpha,3.9688846398453044
3,va_a,27,Alpha,2.9372815290288217
3,va_a,28,Alpha,6.044035073083833
3,va_a,29,Alpha,1.7617469420368377
3,va_a,30,Alpha,4.308600390412526
3,va_a,31,Alpha,5.193774109994532
3,va_a,32,Alpha,4.7577579232012885
3,va_a,33,Alpha,3.906620115341059
3,va_a,34,Alpha,2.289249167161609
3,va_a,35,Alpha,4.935054090574296
3,va_a,36,Alpha,0.6666459034296673
3,va_a,37,Alpha,3.362750648092767
3,va_a,38,Alpha,3.8686067891443208
3,va_a,39,Alpha,3.222450955124963
3,va_a,40,Alpha,5.01510341850026
3,va_a,41,Alpha,3.461494411252813
3,va_a,42,Alpha,4.218096677007268
3,va_a,43,Alpha,3.04293567613736
3,va_a,44,Alpha,3.0866918892638786
3,va_a,45,Alpha,5.106234369830014
3,va_a,46,Alpha,2.0013867524975963
3,va_a,47,Alpha,2.7430326194556574
3,va_a,48,Alpha,3.95828507307914
3,va_a,49,Alpha,5.0069530087671765
3,va_a,50,Alpha,1.5381903033805668
3,va_a,51,Alpha,2.146757731730654
3,va_a,52,Alpha,6.079878567785415
3,va_a,53,Alpha,4.383433137981532
3,va_a,54,Alpha,3.546745149711223
3,va_a,55,Alpha,2.802874483592272
3,va_a,56,Alpha,3.1797685711670605
3,va_a,57,Alpha,0.4433612497888793
3,va_a,58,Alpha,5.664365017165519
3,va_a,59,Alpha,4.687626695845049
3,va_a,60,Alpha,4.516307112242288
3,va_a,1,Beta,4.022028075279602
3,va_a,2,Beta,2.8506729613174158
3,va_a,3,Beta,0.8153024161108016
3,va_a,4,Beta,2.91207638155516
3,va_a,5,Beta,5.644897300598812
3,va_a,6,Beta,0.972061623013491
3,va_a,7,Beta,0.34605728285173704
3,va_a,8,Beta,3.6487844295410654
3,va_a,9,Beta,0.27404782259121196
3,va_a,10,Beta,5.427562052192758
3,va_a,11,Beta,1.3348571556845932
3,va_a,12,Beta,3.88833373883247
3,va_a,13,Beta,0.3935727206079527
3,va_a,14,Beta,5.146263403641839
3,va_a,15,Beta,5.80147992880857
3,va_a,16,Beta,3.563643307930903
3,va_a,17,Beta,5.643156414991684
3,va_a,18,Beta,4.382911586063219
3,va_a,19,Beta,5.613820886819135
3,va_a,20,Beta,1.9117437528986025
3,va_a,21,Beta,5.030457875360566
3,va_a,22,Beta,0.2178258189277038
3,va_a,23,Beta,2.8834635527521306
3,va_a,24,Beta,0.27711148565176374
3,va_a,25,Beta,0.0867974854092845
3,va_a,26,Beta,0.9065132463003759
3,va_a,27,Beta,5.6938100648038645
3,va_a,28,Beta,0.7339215611858458
3,va_a,29,Beta,1.5956578939739057
3,va_a,30,Beta,3.653269631593786
3,va_a,31,Beta,3.777108428928262
3,va_a,32,Beta,4.046245550160224
3,va_a,33,Beta,3.6097445139035127
3,va_a,34,Beta,1.6305504743860624
3,va_a,35,Beta,1.8940207392494437
3,va_a,36,Beta,0.2830185137532029
3,va_a,37,Beta,5.742670503481611
3,va_a,38,Beta,0.7979907400427826
3,va_a,39,Beta,1.0914094293957468
3,va_a,40,Beta,2.8327234065329576
3,va_a,41,Beta,3.9344953643533525
3,va_a,42,Beta,1.5399528627543093
3,va_a,43,Beta,4.3753520740791165
3,va_a,44,Beta,1.2718865288998376
3,va_a,45,Beta,2.2042185074138447
3,va_a,46,Beta,2.334361425140543
3,va_a,47,Beta,5.365887323890981
3,va_a,48,Beta,1.7650272041358792
3,va_a,49,Beta,4.562745949846053
3,va_a,50,Beta,1.328894326590551
3,va_a,51,Beta,1.3656428191442935
3,va_a,52,Beta,0.02911885448022359
3,va_a,53,Beta,0.9264910860921415
3,va_a,54,Beta,0.23108152986843208
3,va_a,55,Beta,5.716321482121355
3,va_a,56,Beta,1.6164052262467457
3,va_a,57,Beta,5.314034123704242
3,va_a,58,Beta,5.264334037084038
3,va_a,59,Beta,0.7245621535400413
3,va_a,60,Beta,0.20258207188753236
4,va_a,1,Delta,4.743431739577969
4,va_a,2,Delta,4.290555101493422
4,va_a,3,Delta,5.148787237608365
4,va_a,4,Delta,4.347012280426586
4,va_a,5,Delta,4.8141317281357505
4,va_a,6,Delta,4.593945150517
4,va_a,7,Delta,4.578897530251243
4,va_a,8,Delta,4.649363849110475
4,va_a,9,Delta,1.4124290455101052
4,va_a,10,Delta,0.04086131246585957
4,va_a,11,Delta,1.5220078193497264
4,va_a,12,Delta,4.0530498229232395
4,va_a,13,Delta,4.8651768525635966
4,va_a,14,Delta,1.75111501020829
4,va_a,15,Delta,4.9050524339157295
4,va_a,16,Delta,0.2325037775901425
4,va_a,17,Delta,0.2509980765863507
4,va_a,18,Delta,0.38315093395708233
4,va_a,19,Delta,4.629339673317944
4,va_a,20,Delta,5.325002659004363
4,va_a,21,Delta,5.445125422170047
4,va_a,22,Delta,0.9422525634368715
4,va_a,23,Delta,4.923059767008093
4,va_a,24,Delta,2.8911135170650035
4,va_a,25,Delta,4.811947201493454
4,va_a,26,Delta,2.71087756392628
4,va_a,27,Delta,4.420629308714393
4,va_a,28,Delta,4.136141130280353
4,va_a,29,Delta,1.477160483652509
4,va_a,30,Delta,4.728642785192369
4,va_a,31,Delta,0.3629997324577427
4,va_a,32,Delta,4.016532187700101
4,va_a,33,Delta,4.764318468987865
4,va_a,34,Delta,5.286023037129205
4,va_a,35,Delta,4.833794206516083
4,va_a,36,Delta,4.899212396116803
4,va_a,37,Delta,2.2117567519501393
4,va_a,38,Delta,1.7469520119304072
4,va_a,39,Delta,4.204009473528281
4,va_a,40,Delta,4.360958423078294
4,va_a,41,Delta,4.113600824680342
4,va_a,42,Delta,3.6311744439994738
4,va_a,43,Delta,3.952380384048677
4,va_a,44,Delta,1.6325604544156191
4,va_a,45,Delta,3.187180224180317
4,va_a,46,Delta,4.610880949326254
4,va_a,47,Delta,5.63362784036396
4,va_a,48,Delta,5.364236939477884
4,va_a,49,Delta,3.073046547854769
4,va_a,50,Delta,6.167519210832073
4,va_a,51,Delta,0.5970499419158246
4,va_a,52,Delta,2.796406243490492
4,va_a,53,Delta,2.1118556679898743
4,va_a,54,Delta,5.164827346379438
4,va_a,55,Delta,4.984567661964
4,va_a,56,Delta,5.935830849254197
4,va_a,57,Delta,6.141484740946778
4,va_a,58,Delta,1.8279512946864127
4,va_a,59,Delta,4.543752384794702
4,va_a,60,Delta,4.736216320442773
4,va_a,1,Theta,4.153133554607542
4,va_a,2,Theta,3.8598499297546605
4,va_a,3,Theta,5.510049438996612
4,va_a,4,Theta,4.07852818767108
4,va_a,5,Theta,4.420595963434494
4,va_a,6,Theta,4.25851027928509
4,va_a,7,Theta,0.14305222544940838
4,va_a,8,Theta,4.849845691705029
4,va_a,9,Theta,5.155169631854485
4,va_a,10,Theta,5.843203001850429
4,va_a,11,Theta,0.059713424223787434
4,va_a,12,Theta,2.143587791735117
4,va_a,13,Theta,5.4575685046537465
4,va_a,14,Theta,2.2183501350996724
4,va_a,15,Theta,5.37722628112034
4,va_a,16,Theta,5.781160613692986
4,va_a,17,Theta,0.3988325021578376
4,va_a,18,Theta,5.114585862076073
4,va_a,19,Theta,3.8621444693239786
4,va_a,20,Theta,3.6509963820831812
4,va_a,21,Theta,1.7156704325161778
4,va_a,22,Theta,1.5797427072820003
4,va_a,23,Theta,5.392698835302813
4,va_a,24,Theta,3.7067637274683056
4,va_a,25,Theta,1.344910412636262
4,va_a,26,Theta,1.2983139914355601
4,va_a,27,Theta,4.578248551900274
4,va_a,28,Theta,3.0979255532181584
4,va_a,29,Theta,4.0713163131570465
4,va_a,30,Theta,4.459445887188931
4,va_a,31,Theta,0.4778690165464234
4,va_a,32,Theta,1.7151703469227244
4,va_a,33,Theta,4.32165963506768
4,va_a,34,Theta,5.70284029804608
4,va_a,35,Theta,5.624877283762245
4,va_a,36,Theta,5.110729028338911
4,va_a,37,Theta,2.3495562371950385
4,va_a,38,Theta,1.7068886116091249
4,va_a,39,Theta,1.5929579594975705
4,va_a,40,Theta,3.345010450169469
4,va_a,41,Theta,2.2237945496876974
4,va_a,42,Theta,2.996845984006055
4,va_a,43,Theta,4.3037177790882755
4,va_a,44,Theta,3.6414597336563763
4,va_a,45,Theta,2.1922932953607837
4,va_a,46,Theta,4.408762685504681
4,va_a,47,Theta,3.805636509058402
4,va_a,48,Theta,1.3785922329240579
4,va_a,49,Theta,2.8413903415561848
4,va_a,50,Theta,0.5242689012371461
4,va_a,51,Theta,0.6774261378468083
4,va_a,52,Theta,2.6184239842574106
4,va_a,53,Theta,2.1246760550529924
4,va_a,54,Theta,0.23873850776978978
4,va_a,55,Theta,5.163576709430002
4,va_a,56,Theta,6.18099295151837
4,va_a,57,Theta,4.576898771966475
4,va_a,58,Theta,1.3390953996172006
4,va_a,59,Theta,4.679301809895128
4,va_a,60,Theta,4.759419335916326
4,va_a,1,Alpha,6.271928297200876
4,va_a,2,Alpha,1.1163880277001355
4,va_a,3,Alpha,5.08900341740757
4,va_a,4,Alpha,0.08482652995176324
4,va_a,5,Alpha,5.248883510211338
4,va_a,6,Alpha,3.706134719256133
4,va_a,7,Alpha,1.824400339996132
4,va_a,8,Alpha,1.4919658058527605
4,va_a,9,Alpha,4.43297141774665
4,va_a,10,Alpha,1.514869585699322
4,va_a,11,Alpha,5.964502343995646
4,va_a,12,Alpha,1.3593913861025018
4,va_a,13,Alpha,5.56195567662669
4,va_a,14,Alpha,3.57669228790165
4,va_a,15,Alpha,5.702556020277483
4,va_a,16,Alpha,5.871951901042829
4,va_a,17,Alpha,0.17354776064005087
4,va_a,18,Alpha,3.9249851126597703
4,va_a,19,Alpha,2.7831465318976747
4,va_a,20,Alpha,3.693627098128987
4,va_a,21,Alpha,2.5294021142566643
4,va_a,22,Alpha,4.067032630283588
4,va_a,23,Alpha,5.07031326978004
4,va_a,24,Alpha,5.014066836981929
4,va_a,25,Alpha,0.2894940598121996
4,va_a,26,Alpha,5.636442546933749
4,va_a,27,Alpha,3.551896442110746
4,va_a,28,Alpha,3.6793283934372947
4,va_a,29,Alpha,2.8333717464529555
4,va_a,30,Alpha,2.775926722398102
4,va_a,31,Alpha,0.1621773386722261
4,va_a,32,Alpha,2.163699375109581
4,va_a,33,Alpha,2.398312824701838
4,va_a,34,Alpha,2.709719998660254
4,va_a,35,Alpha,6.1458012294748166
4,va_a,36,Alpha,4.59573607895916
4,va_a,37,Alpha,3.273975373343746
4,va_a,38,Alpha,6.18986421669006
4,va_a,39,Alpha,0.5107437597569444
4,va_a,40,Alpha,2.7971638926875935
4,va_a,41,Alpha,1.7223744203019686
4,va_a,42,Alpha,1.6697803630970303
4,va_a,43,Alpha,4.918717228423611
4,va_a,44,Alpha,3.3963502827763556
4,va_a,45,Alpha,6.1110809683898495
4,va_a,46,Alpha,1.1868189997711422
4,va_a,47,Alpha,2.2683596031503166
4,va_a,48,Alpha,1.7906871366089918
4,va_a,49,Alpha,3.232377353349967
4,va_a,50,Alpha,0.3234736649432539
4,va_a,51,Alpha,0.2758212100680467
4,va_a,52,Alpha,1.1153321870945399
4,va_a,53,Alpha,5.206779847546452
4,va_a,54,Alpha,0.35546292773214133
4,va_a,55,Alpha,6.1140997342282075
4,va_a,56,Alpha,2.045501205772444
4,va_a,57,Alpha,0.01855229461590774
4,va_a,58,Alpha,6.094751626528232
4,va_a,59,Alpha,5.960656383994826
4,va_a,60,Alpha,0.5381462799107126
4,va_a,1,Beta,6.165415803984326
4,va_a,2,Beta,1.4100756495298286
4,va_a,3,Beta,5.715314027496291
4,va_a,4,Beta,0.7667155950048284
4,va_a,5,Beta,3.8085100077241227
4,va_a,6,Beta,3.92334195215115
4,va_a,7,Beta,3.164634846285238
4,va_a,8,Beta,2.87203606810317
4,va_a,9,Beta,5.91451902891874
4,va_a,10,Beta,2.467531317157351
4,va_a,11,Beta,2.2949846605500444
4,va_a,12,Beta,0.027585387192789135
4,va_a,13,Beta,5.990423259467411
4,va_a,14,Beta,6.032882623611
4,va_a,15,Beta,2.4817388339973783
4,va_a,16,Beta,5.238010637072602
4,va_a,17,Beta,3.13962986895861
4,va_a,18,Beta,0.4839383006924715
4,va_a,19,Beta,2.964759752060447
4,va_a,20,Beta,5.515162892506523
4,va_a,21,Beta,5.817894475963347
4,va_a,22,Beta,5.070191666530411
4,va_a,23,Beta,2.2264836530996632
4,va_a,24,Beta,3.5621027844884856
4,va_a,25,Beta,2.9118970667015356
4,va_a,26,Beta,3.8323490195702674
4,va_a,27,Beta,0.813594400244508
4,va_a,28,Beta,5.928274474365235
4,va_a,29,Beta,3.5347471502240935
4,va_a,30,Beta,2.6475988764031464
4,va_a,31,Beta,1.573923301387458
4,va_a,32,Beta,3.513299852081945
4,va_a,33,Beta,0.28623448242968047
4,va_a,34,Beta,4.863019770759112
4,va_a,35,Beta,1.7404028433350112
4,va_a,36,Beta,5.8446774684045355
4,va_a,37,Beta,2.635049396868667
4,va_a,38,Beta,2.0298587290347707
4,va_a,39,Beta,5.3879562040171685
4,va_a,40,Beta,0.9329203834298038
4,va_a,41,Beta,6.25792064707841
4,va_a,42,Beta,1.3370161067466784
4,va_a,43,Beta,1.858874309769294
4,va_a,44,Beta,2.2487141956490837
4,va_a,45,Beta,3.695109149985301
4,va_a,46,Beta,2.6871145740635853
4,va_a,47,Beta,4.629475419392113
4,va_a,48,Beta,0.7689949051920595
4,va_a,49,Beta,4.762138755468904
4,va_a,50,Beta,3.356629855634086
4,va_a,51,Beta,3.462395923036447
4,va_a,52,Beta,1.688185217799973
4,va_a,53,Beta,0.40715184964109413
4,va_a,54,Beta,1.9298648989206832
4,va_a,55,Beta,1.0872953073740248
4,va_a,56,Beta,5.476270544812869
4,va_a,57,Beta,0.3963985370899691
4,va_a,58,Beta,5.598038846506512
4,va_a,59,Beta,1.9295348063814106
4,va_a,60,Beta,0.0033536421282706363
5,va_a,1,Delta,3.994243698412588
5,va_a,2,Delta,2.5856768956895766
5,va_a,3,Delta,4.7810742876464065
5,va_a,4,Delta,0.23981891942481365
5,va_a,5,Delta,5.259548631881379
5,va_a,6,Delta,5.663329932683723
5,va_a,7,Delta,5.71097070943224
5,va_a,8,Delta,1.2750720945037581
5,va_a,9,Delta,2.1004093669975212
5,va_a,10,Delta,2.3900343254515564
5,va_a,11,Delta,4.901808824926186
5,va_a,12,Delta,3.5942602605345737
5,va_a,13,Delta,1.701568425482919
5,va_a,14,Delta,2.7492021331994043
5,va_a,15,Delta,0.04686916879480795
5,va_a,16,Delta,2.4916742063283426
5,va_a,17,Delta,3.8640747513110747
5,va_a,18,Delta,2.4293949541062734
5,va_a,19,Delta,1.4465485663812296
5,va_a,20,Delta,4.4864414503432055
5,va_a,21,Delta,0.2188876599717175
5,va_a,22,Delta,4.370312168739137
5,va_a,23,Delta,2.8717541636653574
5,va_a,24,Delta,1.5567658104544275
5,va_a,25,Delta,5.059945018761323
5,va_a,26,Delta,5.408021459648314
5,va_a,27,Delta,4.451342412737899
5,va_a,28,Delta,4.615025166527883
5,va_a,29,Delta,1.4288347427008015
5,va_a,30,Delta,1.131560444368304
5,va_a,31,Delta,2.851414356693959
5,va_a,32,Delta,4.242622438180945
5,va_a,33,Delta,6.279800940312372
5,va_a,34,Delta,1.4575237554287572
5,va_a,35,Delta,0.2629168924629427
5,va_a,36,Delta,5.196437712510506
5,va_a,37,Delta,1.963482081990344
5,va_a,38,Delta,0.9476454593526882
5,va_a,39,Delta,1.8704647143708912
5,va_a,40,Delta,1.1649890563888836
5,va_a,41,Delta,1.7438518498720956
5,va_a,42,Delta,1.696273943411398
5,va_a,43,Delta,1.6943211564765368
5,va_a,44,Delta,1.3754905743517285
5,va_a,46,Delta,0.30987168010273347
5,va_a,47,Delta,4.343634209548866
5,va_a,48,Delta,2.3760638390622697
5,va_a,49,Delta,2.6714233311595006
5,va_a,50,Delta,0.16140254660289896
5,va_a,51,Delta,4.35211104618028
5,va_a,52,Delta,1.1861133747079609
5,va_a,53,Delta,4.28844188733405
5,va_a,54,Delta,4.373966057147441
5,va_a,55,Delta,0.5321280708418911
5,va_a,56,Delta,3.931788970616413
5,va_a,57,Delta,1.7369200063286763
5,va_a,58,Delta,4.4354982768685085
5,va_a,59,Delta,3.3585492169283513
5,va_a,60,Delta,0.76688659296276
5,va_a,1,Theta,4.5112719675246105
5,va_a,2,Theta,2.9298536443115384
5,va_a,3,Theta,5.0884747775964145
5,va_a,4,Theta,0.2220320385077458
5,va_a,5,Theta,5.559642808172566
5,va_a,6,Theta,5.149153359405286
5,va_a,7,Theta,1.982127135073505
5,va_a,8,Theta,2.093633088751512
5,va_a,9,Theta,5.193614726780866
5,va_a,10,Theta,2.888594236748365
5,va_a,11,Theta,5.819621624595005
5,va_a,12,Theta,2.745448221910297
5,va_a,13,Theta,1.6661866895017206
5,va_a,14,Theta,1.5341188932715626
5,va_a,15,Theta,0.45903518551769384
5,va_a,16,Theta,4.214467330829075
5,va_a,17,Theta,2.0647380160940805
5,va_a,18,Theta,2.323424833977754
5,va_a,19,Theta,1.5659476029714812
5,va_a,20,Theta,2.547224956939642
5,va_a,21,Theta,0.6273205771774941
5,va_a,22,Theta,1.3284209523775423
5,va_a,23,Theta,2.7020454194107866
5,va_a,24,Theta,1.086290465009268
5,va_a,25,Theta,5.811574204439668
5,va_a,26,Theta,5.209353218353425
5,va_a,27,Theta,4.911156683141456
5,va_a,28,Theta,2.624436450458104
5,va_a,29,Theta,2.0507495470003874
5,va_a,30,Theta,5.836079873687459
5,va_a,31,Theta,4.260562575230731
5,va_a,32,Theta,4.18782192328791
5,va_a,33,Theta,0.15739157137113965
5,va_a,34,Theta,2.6608201503531643
5,va_a,35,Theta,3.1380965875977522
5,va_a,36,Theta,0.34946612791938153
5,va_a,37,Theta,2.90449259477986
5,va_a,38,Theta,0.5766304177039574
5,va_a,39,Theta,3.3286491198493886
5,va_a,40,Theta,0.19608327315179838
5,va_a,41,Theta,5.527182546034518
5,va_a,42,Theta,1.4529679178935508
5,va_a,43,Theta,1.5028304548748588
5,va_a,44,Theta,6.241843266997495
5,va_a,46,Theta,0.5795612021392591
5,va_a,47,Theta,4.278087409521641
5,va_a,48,Theta,2.3441895490037545
5,va_a,49,Theta,3.4606752099698648
5,va_a,50,Theta,1.4652052374443076
5,va_a,51,Theta,3.1890074488574616
5,va_a,52,Theta,0.05306478646856972
5,va_a,53,Theta,3.5794353544688593
5,va_a,54,Theta,3.2655420876751617
5,va_a,55,Theta,0.35895801038258207
5,va_a,56,Theta,2.3175097198873824
5,va_a,57,Theta,1.0085280765308973
5,va_a,58,Theta,4.606175824024724
5,va_a,59,Theta,3.032051271388843
5,va_a,60,Theta,5.15588020073027
5,va_a,1,Alpha,1.2929679815513622
5,va_a,2,Alpha,3.4487723995318964
5,va_a,3,Alpha,1.42793873861435
5,va_a,4,Alpha,1.9507310742448252
5,va_a,5,Alpha,1.6865527844197516
5,va_a,6,Alpha,0.23242216232732663
5,va_a,7,Alpha,1.4420329985384341
5,va_a,8,Alpha,5.4805359961219295
5,va_a,9,Alpha,6.258176542547267
5,va_a,10,Alpha,1.849972391527892
5,va_a,11,Alpha,0.12450872662590301
5,va_a,12,Alpha,1.3488112703158066
5,va_a,13,Alpha,1.0917784166959275
5,va_a,14,Alpha,0.9721322379586429
5,va_a,15,Alpha,5.616787594911041
5,va_a,16,Alpha,1.8897193817597724
5,va_a,17,Alpha,1.343000429848965
5,va_a,18,Alpha,0.4669315286273391
5,va_a,19,Alpha,2.174249829576898
5,va_a,20,Alpha,2.084803626319319
5,va_a,21,Alpha,1.7573663518002842
5,va_a,22,Alpha,1.1558228258024204
5,va_a,23,Alpha,2.6848462576411447
5,va_a,24,Alpha,1.717849367734375
5,va_a,25,Alpha,0.4337694387210841
5,va_a,26,Alpha,4.519574589603167
5,va_a,27,Alpha,5.552465940365629
5,va_a,28,Alpha,1.8116524954520852
5,va_a,29,Alpha,2.516829259779226
5,va_a,30,Alpha,6.26646405539239
5,va_a,31,Alpha,5.196261028143348
5,va_a,32,Alpha,0.03189111113226333
5,va_a,33,Alpha,1.2806608348019453
5,va_a,34,Alpha,3.761334263089802
5,va_a,35,Alpha,1.9995503582414285
5,va_a,36,Alpha,3.4161969960101195
5,va_a,37,Alpha,3.3357969231628912
5,va_a,38,Alpha,0.35452401398336375
5,va_a,39,Alpha,3.922393059758966
5,va_a,40,Alpha,6.131112541154133
5,va_a,41,Alpha,4.931586945705947
5,va_a,42,Alpha,1.2899542474786234
5,va_a,43,Alpha,1.1953495054388845
5,va_a,44,Alpha,6.0897982034500355
5,va_a,46,Alpha,1.811748526254692
5,va_a,47,Alpha,3.919477131511452
5,va_a,48,Alpha,2.497710531493084
5,va_a,49,Alpha,3.060687530400798
5,va_a,50,Alpha,1.9959134560391825
5,va_a,51,Alpha,1.9825766602941381
5,va_a,52,Alpha,0.05336227037772788
5,va_a,53,Alpha,3.0081412360152857
5,va_a,54,Alpha,3.815973050803571
5,va_a,55,Alpha,0.29701874021328634
5,va_a,56,Alpha,0.9271627954115201
5,va_a,57,Alpha,1.63297433827464
5,va_a,58,Alpha,3.5436924951199287
5,va_a,59,Alpha,1.7842886347359428
5,va_a,60,Alpha,5.354735140579171
5,va_a,1,Beta,4.61157237261542
5,va_a,2,Beta,4.353114312970498
5,va_a,3,Beta,0.612890806094626
5,va_a,4,Beta,1.4112275786724753
5,va_a,5,Beta,2.6378214191209874
5,va_a,6,Beta,2.626276910117467
5,va_a,7,Beta,6.017900879677048
5,va_a,8,Beta,4.1220385554753864
5,va_a,9,Beta,2.785197246393338
5,va_a,10,Beta,4.860076124140478
5,va_a,11,Beta,3.4765086633289637
5,va_a,12,Beta,1.504451539756796
5,va_a,13,Beta,2.741742462035326
5,va_a,14,Beta,3.5237920196830728
5,va_a,15,Beta,2.2515534953438667
5,va_a,16,Beta,5.65934519659479
5,va_a,17,Beta,1.8483413892233926
5,va_a,18,Beta,3.516567999025349
5,va_a,19,Beta,0.6085529021725443
5,va_a,20,Beta,5.047256657972511
5,va_a,21,Beta,0.03139021605340677
5,va_a,22,Beta,6.0266420162481635
5,va_a,23,Beta,2.963712452763688
5,va_a,24,Beta,2.1466410575938033
5,va_a,25,Beta,3.7088804616977287
5,va_a,26,Beta,4.957935436440575
5,va_a,27,Beta,1.3065475746873871
5,va_a,28,Beta,2.04662113225976
5,va_a,29,Beta,4.027209153555274
5,va_a,30,Beta,0.41252060671745217
5,va_a,31,Beta,0.29727378976885316
5,va_a,32,Beta,4.464158656233911
5,va_a,33,Beta,1.1211189513659312
5,va_a,34,Beta,0.3868647952861141
5,va_a,35,Beta,0.9029362281999055
5,va_a,36,Beta,1.2636789545338938
5,va_a,37,Beta,1.748206685066041
5,va_a,38,Beta,4.654088620982162
5,va_a,39,Beta,2.1233747022992393
5,va_a,40,Beta,5.908082716119261
5,va_a,41,Beta,5.41331362182806
5,va_a,42,Beta,4.3734515625597705
5,va_a,43,Beta,3.2284133948558713
5,va_a,44,Beta,5.715917595791514
5,va_a,46,Beta,1.4612299024767814
5,va_a,47,Beta,1.4987821133029868
5,va_a,48,Beta,0.4486268874092908
5,va_a,49,Beta,2.701160316332393
5,va_a,50,Beta,0.7159290442958762
5,va_a,51,Beta,4.663807818518656
5,va_a,52,Beta,4.968911961146723
5,va_a,53,Beta,5.0736995550228094
5,va_a,54,Beta,2.4190937328907
5,va_a,55,Beta,4.273560128319222
5,va_a,56,Beta,3.677662445153581
5,va_a,57,Beta,1.1948306565519191
5,va_a,58,Beta,2.835075817840847
5,va_a,59,Beta,5.066282005032854
5,va_a,60,Beta,2.4587557964896396
6,va_a,1,Delta,4.445822408365156
6,va_a,2,Delta,1.1566355765771512
6,va_a,3,Delta,4.890370606300657
6,va_a,4,Delta,0.6683583935061693
6,va_a,5,Delta,4.010964580992903
6,va_a,6,Delta,4.429700859936523
6,va_a,7,Delta,5.2066149574384895
6,va_a,8,Delta,3.131224171562601
6,va_a,9,Delta,3.7986040817221496
6,va_a,10,Delta,4.612818463300368
6,va_a,11,Delta,2.914471272694242
6,va_a,12,Delta,1.9054588597574034
6,va_a,13,Delta,2.4707804193706715
6,va_a,14,Delta,4.918469089954603
6,va_a,15,Delta,4.155996924177314
6,va_a,16,Delta,0.2607568957191252
6,va_a,17,Delta,3.5043437589866846
6,va_a,18,Delta,1.608229668443805
6,va_a,19,Delta,1.7162092739042702
6,va_a,20,Delta,1.0337714361436332
6,va_a,21,Delta,4.982186640643754
6,va_a,22,Delta,1.6023717171934246
6,va_a,23,Delta,0.38498579328132615
6,va_a,24,Delta,1.2528591312181143
6,va_a,25,Delta,4.287452438238481
6,va_a,26,Delta,3.9882193316069157
6,va_a,27,Delta,5.081454537061861
6,va_a,28,Delta,2.6309032680326228
6,va_a,29,Delta,1.6332494954028263
6,va_a,30,Delta,4.485554987194339
6,va_a,31,Delta,5.170894643327571
6,va_a,32,Delta,1.9956619922776604
6,va_a,33,Delta,0.3602073418035693
6,va_a,34,Delta,4.7285277616920025
6,va_a,35,Delta,5.5926313929018345
6,va_a,36,Delta,3.4303244627504617
6,va_a,37,Delta,2.824403012007856
6,va_a,38,Delta,2.8538446159481508
6,va_a,39,Delta,1.293351191255376
6,va_a,40,Delta,1.8958986179843476
6,va_a,41,Delta,2.2618574492038195
6,va_a,42,Delta,2.26281959134219
6,va_a,43,Delta,3.483902542613762
6,va_a,44,Delta,4.9446235620568615
6,va_a,45,Delta,2.787240123360149
6,va_a,46,Delta,1.9109998450003587
6,va_a,47,Delta,4.936249264585299
6,va_a,48,Delta,2.1821041683543547
6,va_a,49,Delta,5.370534590594008
6,va_a,50,Delta,1.565555573450056
6,va_a,51,Delta,1.6944905017612915
6,va_a,52,Delta,5.175055812673653
6,va_a,53,Delta,2.0256840345316274
6,va_a,54,Delta,0.5930636891662604
6,va_a,55,Delta,4.9280474804382335
6,va_a,56,Delta,4.711093322308948
6,va_a,57,Delta,2.921001871964152
6,va_a,58,Delta,3.7461258920866767
6,va_a,59,Delta,1.4427140670976117
6,va_a,60,Delta,1.4938712088656474
6,va_a,1,Theta,4.175183373058328
6,va_a,2,Theta,2.3785867161221255
6,va_a,3,Theta,5.239025182386637
6,va_a,4,Theta,5.4888456177043725
6,va_a,5,Theta,0.678446896194705
6,va_a,6,Theta,4.199778052278151
6,va_a,7,Theta,5.414367417805109
6,va_a,8,Theta,5.111007342321854
6,va_a,9,Theta,3.542989219373153
6,va_a,10,Theta,4.876615595076388
6,va_a,11,Theta,4.798155240732462
6,va_a,12,Theta,3.950567391941936
6,va_a,13,Theta,4.742387621539392
6,va_a,14,Theta,5.651152812941206
6,va_a,15,Theta,1.1541275644544444
6,va_a,16,Theta,0.7451288011274018
6,va_a,17,Theta,4.271991303701093
6,va_a,18,Theta,1.1548272956696457
6,va_a,19,Theta,2.046613845062595
6,va_a,20,Theta,0.3772315018086804
6,va_a,21,Theta,5.5657374392000944
6,va_a,22,Theta,1.8454194754385245
6,va_a,23,Theta,0.5231231409258308
6,va_a,24,Theta,5.13441453294237
6,va_a,25,Theta,5.273107392545212
6,va_a,26,Theta,3.7109010569242
6,va_a,27,Theta,0.03449412756613801
6,va_a,28,Theta,3.443752812469862
6,va_a,29,Theta,6.139629790944253
6,va_a,30,Theta,4.070059591157737
6,va_a,31,Theta,5.972236412582765
6,va_a,32,Theta,4.376046712732604
6,va_a,33,Theta,6.226896457743025
6,va_a,34,Theta,5.641012022544124
6,va_a,35,Theta,5.2848288696929995
6,va_a,36,Theta,3.7851957700267356
6,va_a,37,Theta,2.0519558799106843
6,va_a,38,Theta,2.175265550705374
6,va_a,39,Theta,6.183352817989481
6,va_a,40,Theta,2.1755212479080535
6,va_a,41,Theta,2.754890260501316
6,va_a,42,Theta,2.6533210484119305
6,va_a,43,Theta,4.73817379463154
6,va_a,44,Theta,5.126733053178003
6,va_a,45,Theta,3.015186366912171
6,va_a,46,Theta,3.071460976704888
6,va_a,47,Theta,4.679881189832827
6,va_a,48,Theta,2.983819814744971
6,va_a,49,Theta,5.189881171955549
6,va_a,50,Theta,1.4973647295728676
6,va_a,51,Theta,5.936787131227714
6,va_a,52,Theta,5.900736240575551
6,va_a,53,Theta,3.3993781178809757
6,va_a,54,Theta,6.096016978743854
6,va_a,55,Theta,4.535557455767911
6,va_a,56,Theta,5.962912214539649
6,va_a,57,Theta,3.895190698430208
6,va_a,58,Theta,3.6109863594028533
6,va_a,59,Theta,5.162994869426377
6,va_a,60,Theta,5.647259600164564
6,va_a,1,Alpha,2.09476618497313
6,va_a,2,Alpha,2.0713669290281334
6,va_a,3,Alpha,0.9284477402642981
6,va_a,4,Alpha,4.967277839511372
6,va_a,5,Alpha,0.11877153592317968
6,va_a,6,Alpha,2.464677650987505
6,va_a,7,Alpha,4.166564238741669
6,va_a,8,Alpha,5.264808199357301
6,va_a,9,Alpha,3.8747384004213656
6,va_a,10,Alpha,5.965206492678489
6,va_a,11,Alpha,5.829081270315493
6,va_a,12,Alpha,1.7751405706907615
6,va_a,13,Alpha,0.7633209382775217
6,va_a,14,Alpha,0.9724130689916303
6,va_a,15,Alpha,0.36893578474914906
6,va_a,16,Alpha,1.0271843143449964
6,va_a,17,Alpha,5.415217776307239
6,va_a,18,Alpha,1.0183848395723225
6,va_a,19,Alpha,1.1521260906715336
6,va_a,20,Alpha,2.62645365890441
6,va_a,21,Alpha,5.639070241027278
6,va_a,22,Alpha,0.6720238120875242
6,va_a,23,Alpha,1.394388991177707
6,va_a,24,Alpha,1.333113926287405
6,va_a,25,Alpha,5.849933998311075
6,va_a,26,Alpha,3.3193674633954084
6,va_a,27,Alpha,2.7028524489345
6,va_a,28,Alpha,2.2054980212156896
6,va_a,29,Alpha,5.4528802869495205
6,va_a,30,Alpha,3.080652659320236
6,va_a,31,Alpha,0.6542658851587809
6,va_a,32,Alpha,5.371406384240083
6,va_a,33,Alpha,4.309788871748901
6,va_a,34,Alpha,0.9257939465842674
6,va_a,35,Alpha,6.21723697108568
6,va_a,36,Alpha,3.285369877557775
6,va_a,37,Alpha,1.7498186712263335
6,va_a,38,Alpha,2.5960254176382493
6,va_a,39,Alpha,4.905185568150914
6,va_a,40,Alpha,1.4873448408170271
6,va_a,41,Alpha,3.5016917682133797
6,va_a,42,Alpha,0.6590385123135437
6,va_a,43,Alpha,4.934711524849929
6,va_a,44,Alpha,0.7454264225196949
6,va_a,45,Alpha,3.3178641488213754
6,va_a,46,Alpha,3.4296557752854357
6,va_a,47,Alpha,2.761227180847585
6,va_a,48,Alpha,6.19344709449459
6,va_a,49,Alpha,3.7800288911412605
6,va_a,50,Alpha,5.269919972703913
6,va_a,51,Alpha,5.15367663318765
6,va_a,52,Alpha,0.9952470023668487
6,va_a,53,Alpha,1.4243385642624864
6,va_a,54,Alpha,2.9221051864053256
6,va_a,55,Alpha,1.804762791358806
6,va_a,56,Alpha,1.2121999009007318
6,va_a,57,Alpha,3.6644923527397926
6,va_a,58,Alpha,3.3008481944837413
6,va_a,59,Alpha,1.4118886671356357
6,va_a,60,Alpha,0.21675490661675081
6,va_a,1,Beta,3.1508960565623454
6,va_a,2,Beta,1.8841291280948391
6,va_a,3,Beta,5.657262307289448
6,va_a,4,Beta,4.690465950656699
6,va_a,5,Beta,3.779855432544509
6,va_a,6,Beta,3.2830774456174976
6,va_a,7,Beta,3.1001698777769144
6,va_a,8,Beta,2.307577681337863
6,va_a,9,Beta,3.536729907142517
6,va_a,10,Beta,5.061621992009352
6,va_a,11,Beta,5.889053334835859
6,va_a,12,Beta,5.659960228048185
6,va_a,13,Beta,3.8824088937203074
6,va_a,14,Beta,3.451233834915141
6,va_a,15,Beta,4.617600669455593
6,va_a,16,Beta,4.887350968998763
6,va_a,17,Beta,5.455083238876027
6,va_a,18,Beta,3.0182631642263495
6,va_a,19,Beta,2.9142103353124234
6,va_a,20,Beta,1.3180788015795328
6,va_a,21,Beta,4.159877177769264
6,va_a,22,Beta,0.2798544949626905
6,va_a,23,Beta,4.308841179831505
6,va_a,24,Beta,2.369021208934563
6,va_a,25,Beta,2.751034591182825
6,va_a,26,Beta,0.1032322413581766
6,va_a,27,Beta,3.3019327960756075
6,va_a,28,Beta,1.0175368391494881
6,va_a,29,Beta,3.9239352215937093
6,va_a,30,Beta,6.274201167776579
6,va_a,31,Beta,4.399263393611471
6,va_a,32,Beta,6.270845207175259
6,va_a,33,Beta,4.767327335136429
6,va_a,34,Beta,2.2252373526130262
6,va_a,35,Beta,5.472818094530152
6,va_a,36,Beta,1.9771611503951485
6,va_a,37,Beta,3.2519049716834774
6,va_a,38,Beta,2.4044407589095425
6,va_a,39,Beta,3.6443559985763057
6,va_a,40,Beta,0.02319004112207395
6,va_a,41,Beta,5.089759555677991
6,va_a,42,Beta,3.4424196542052585
6,va_a,43,Beta,4.4923220676264375
6,va_a,44,Beta,4.857371923436222
6,va_a,45,Beta,3.57388252450557
6,va_a,46,Beta,5.763479240238148
6,va_a,47,Beta,2.3808817725589346
6,va_a,48,Beta,1.194833240933366
6,va_a,49,Beta,2.558875406146648
6,va_a,50,Beta,3.6387809437220855
6,va_a,51,Beta,0.38766137241937987
6,va_a,52,Beta,1.5149526296005227
6,va_a,53,Beta,2.5520938202862586
6,va_a,54,Beta,2.8192436911594267
6,va_a,55,Beta,1.9171464125273745
6,va_a,56,Beta,4.35364780461666
6,va_a,57,Beta,2.495797109158679
6,va_a,58,Beta,0.885800298105058
6,va_a,59,Beta,1.9086887522567704
6,va_a,60,Beta,2.0315533306351305
7,va_a,1,Delta,5.373161144084703
7,va_a,2,Delta,3.9076728948488073
7,va_a,3,Delta,3.4943539876421608
7,va_a,4,Delta,1.6268241833985424
7,va_a,5,Delta,1.6339443331876062
7,va_a,6,Delta,4.4126028743436665
7,va_a,7,Delta,4.4954041951369375
7,va_a,8,Delta,5.348663816812757
7,va_a,9,Delta,4.020547986523912
7,va_a,10,Delta,1.6061738326737596
7,va_a,11,Delta,5.000482677128597
7,va_a,12,Delta,0.3577161407868192
7,va_a,13,Delta,3.394807039340507
7,va_a,14,Delta,4.799841962450666
7,va_a,15,Delta,3.193275510246556
7,va_a,16,Delta,1.567526443808051
7,va_a,17,Delta,4.35290478287759
7,va_a,18,Delta,4.123127981408025
7,va_a,19,Delta,1.3117667017426067
7,va_a,21,Delta,3.110364803610889
7,va_a,22,Delta,4.9008425939727855
7,va_a,23,Delta,1.6773092831779417
7,va_a,24,Delta,2.8712426523116465
7,va_a,25,Delta,0.9501631021126496
7,va_a,26,Delta,1.7537217818014397
7,va_a,27,Delta,5.106718066011602
7,va_a,28,Delta,4.144121869543084
7,va_a,29,Delta,4.836153086030944
7,va_a,30,Delta,1.6385814936384289
7,va_a,31,Delta,4.480553508107804
7,va_a,32,Delta,4.836904323311287
7,va_a,33,Delta,5.321971003891438
7,va_a,34,Delta,4.511262758635704
7,va_a,35,Delta,3.915184696415707
7,va_a,36,Delta,4.565021860691534
7,va_a,37,Delta,0.06819142056607608
7,va_a,38,Delta,4.776292018777433
7,va_a,39,Delta,2.0691340516788013
7,va_a,40,Delta,3.455993334494561
7,va_a,41,Delta,4.243695845619424
7,va_a,42,Delta,2.954104766430904
7,va_a,43,Delta,4.799705274703877
7,va_a,44,Delta,5.030723370543157
7,va_a,45,Delta,3.8049907646559054
7,va_a,46,Delta,3.793385391347735
7,va_a,47,Delta,4.339979278937061
7,va_a,48,Delta,3.8861218971950917
7,va_a,49,Delta,3.4373273959493607
7,va_a,50,Delta,4.065175803253512
7,va_a,51,Delta,2.763596709660162
7,va_a,52,Delta,4.996774736088733
7,va_a,53,Delta,4.285566105733682
7,va_a,54,Delta,2.3925553221494766
7,va_a,55,Delta,2.1282574931541647
7,va_a,56,Delta,4.97995413235786
7,va_a,57,Delta,4.438309421860598
7,va_a,58,Delta,4.007712088571584
7,va_a,59,Delta,5.181835201629815
7,va_a,60,Delta,4.482432919992905
7,va_a,1,Theta,6.202846744646722
7,va_a,2,Theta,2.5073355431670956
7,va_a,3,Theta,2.9629912164797596
7,va_a,4,Theta,1.1552189037934202
7,va_a,5,Theta,1.5055560303321198
7,va_a,6,Theta,0.5546011003500418
7,va_a,7,Theta,4.467631725767134
7,va_a,8,Theta,5.823256838756591
7,va_a,9,Theta,1.841948505279318
7,va_a,10,Theta,0.669711334963461
7,va_a,11,Theta,4.825673631680786
7,va_a,12,Theta,0.46721447315827414
7,va_a,13,Theta,2.2572707348653207
7,va_a,14,Theta,5.256309826427232
7,va_a,15,Theta,2.283570250496386
7,va_a,16,Theta,2.486786418239225
7,va_a,17,Theta,1.421902408507451
7,va_a,18,Theta,5.182211046174836
7,va_a,19,Theta,1.3107060079741186
7,va_a,21,Theta,1.684824170412897
7,va_a,22,Theta,0.8871692923559075
7,va_a,23,Theta,2.637182576647
7,va_a,24,Theta,2.2249455379113363
7,va_a,25,Theta,0.35419322871806735
7,va_a,26,Theta,0.4902841247303045
7,va_a,27,Theta,0.4315271007521772
7,va_a,28,Theta,5.4486085110327
7,va_a,29,Theta,2.2425809342676986
7,va_a,30,Theta,2.838552256524176
7,va_a,31,Theta,4.434560936641777
7,va_a,32,Theta,4.967978997083328
7,va_a,33,Theta,5.514456631940625
7,va_a,34,Theta,5.7641865623735695
7,va_a,35,Theta,3.1437599363750617
7,va_a,36,Theta,4.321791811177239
7,va_a,37,Theta,0.7865128239231397
7,va_a,38,Theta,5.182277226975515
7,va_a,39,Theta,2.945518686820559
7,va_a,40,Theta,3.857415795620417
7,va_a,41,Theta,3.9603813821314504
7,va_a,42,Theta,2.2762277712195584
7,va_a,43,Theta,0.2632571054775185
7,va_a,44,Theta,1.2886277534271269
7,va_a,45,Theta,2.8750352208351315
7,va_a,46,Theta,3.666443511338194
7,va_a,47,Theta,3.203537124448803
7,va_a,48,Theta,4.778583186194952
7,va_a,49,Theta,5.412134662290775
7,va_a,50,Theta,3.5156938162585223
7,va_a,51,Theta,2.6538534398689064
7,va_a,52,Theta,5.392583659280826
7,va_a,53,Theta,3.7055071863051228
7,va_a,54,Theta,2.949999359860396
7,va_a,55,Theta,2.58355713339705
7,va_a,56,Theta,0.5546541662073315
7,va_a,57,Theta,3.7090337793968384
7,va_a,58,Theta,2.7681849372828076
7,va_a,59,Theta,1.7238609293182914
7,va_a,60,Theta,3.5490516822056333
7,va_a,1,Alpha,5.106252258299385
7,va_a,2,Alpha,2.247671683772729
7,va_a,3,Alpha,2.011624522216585
7,va_a,4,Alpha,0.16481208817317122
7,va_a,5,Alpha,2.100528037270659
7,va_a,6,Alpha,0.7820632975979255
7,va_a,7,Alpha,4.614517305387411
7,va_a,8,Alpha,5.254703007297917
7,va_a,9,Alpha,1.8903888233374126
7,va_a,10,Alpha,5.624922553719186
7,va_a,11,Alpha,2.8917458072205386
7,va_a,12,Alpha,1.261055373432879
7,va_a,13,Alpha,1.9872116118210492
7,va_a,14,Alpha,1.417289014454082
7,va_a,15,Alpha,2.081756025733334
7,va_a,16,Alpha,3.4148194920686326
7,va_a,17,Alpha,0.9569843317938654
7,va_a,18,Alpha,6.207601899380061
7,va_a,19,Alpha,1.1662450821121597
7,va_a,21,Alpha,0.357051355222745
7,va_a,22,Alpha,0.6132311638989333
7,va_a,23,Alpha,4.099306905149913
7,va_a,24,Alpha,1.8179016542331665
7,va_a,25,Alpha,5.601718990347043
7,va_a,26,Alpha,6.062052579041992
7,va_a,27,Alpha,1.2185635948608782
7,va_a,28,Alpha,5.576450676534007
7,va_a,29,Alpha,1.7934428274887748
7,va_a,30,Alpha,3.2464161922523553
7,va_a,31,Alpha,0.513592006725892
7,va_a,32,Alpha,5.567433871217196
7,va_a,33,Alpha,1.908260075622062
7,va_a,34,Alpha,1.3784518544795459
7,va_a,35,Alpha,3.104015634990847
7,va_a,36,Alpha,3.5118175396588076
7,va_a,37,Alpha,1.833929391445816
7,va_a,38,Alpha,1.1759542495502888
7,va_a,39,Alpha,4.897055318007847
7,va_a,40,Alpha,6.058190423959016
7,va_a,41,Alpha,2.742053709412424
7,va_a,42,Alpha,1.5685465967826102
7,va_a,43,Alpha,0.9550442694662835
7,va_a,44,Alpha,0.46352413292676425
7,va_a,45,Alpha,2.099977588964379
7,va_a,46,Alpha,3.5461929133832344
7,va_a,47,Alpha,1.9139492696293514
7,va_a,48,Alpha,5.470417230116485
7,va_a,49,Alpha,5.1973625245940545
7,va_a,50,Alpha,3.625807994757455
7,va_a,51,Alpha,1.3091849004446616
7,va_a,52,Alpha,5.577353865229881
7,va_a,53,Alpha,3.937819871282448
7,va_a,54,Alpha,3.2660794474097234
7,va_a,55,Alpha,1.8397555192578936
7,va_a,56,Alpha,1.8938561832002352
7,va_a,57,Alpha,3.028915396838727
7,va_a,58,Alpha,4.807351823540644
7,va_a,59,Alpha,2.9010919750227933
7,va_a,60,Alpha,3.9618750684239097
7,va_a,1,Beta,5.946344687619173
7,va_a,2,Beta,4.7083014659142854
7,va_a,3,Beta,3.4187652529969945
7,va_a,4,Beta,1.333340220183867
7,va_a,5,Beta,5.719010217122504
7,va_a,6,Beta,0.38196554114241216
7,va_a,7,Beta,5.494313843172787
7,va_a,8,Beta,2.1492232148104544
7,va_a,9,Beta,2.8298750513968205
7,va_a,10,Beta,1.4116143243257944
7,va_a,11,Beta,1.241273239702421
7,va_a,12,Beta,0.5774467605095299
7,va_a,13,Beta,5.780119884951367
7,va_a,14,Beta,2.73873919028082
7,va_a,15,Beta,3.3997144515118025
7,va_a,16,Beta,0.3625265477140829
7,va_a,17,Beta,4.579543469761091
7,va_a,18,Beta,3.4767010899318196
7,va_a,19,Beta,4.378432367678075
7,va_a,21,Beta,4.87000726720496
7,va_a,22,Beta,0.7887214853690826
7,va_a,23,Beta,2.6348805452174706
7,va_a,24,Beta,2.0879236406038504
7,va_a,25,Beta,3.935829704987662
7,va_a,26,Beta,4.000033041046513
7,va_a,27,Beta,1.028421604014151
7,va_a,28,Beta,2.3488536504607427
7,va_a,29,Beta,2.2517494276074466
7,va_a,30,Beta,3.2414571722428938
7,va_a,31,Beta,3.700502427716251
7,va_a,32,Beta,1.586183409434166
7,va_a,33,Beta,2.287641631415997
7,va_a,34,Beta,4.239909834589258
7,va_a,35,Beta,4.369276870934843
7,va_a,36,Beta,0.1164782247518052
7,va_a,37,Beta,1.4699344342588032
7,va_a,38,Beta,5.354817660533869
7,va_a,39,Beta,3.1956760634005454
7,va_a,40,Beta,6.001367066203446
7,va_a,41,Beta,0.25032379605029104
7,va_a,42,Beta,1.4090893330521987
7,va_a,43,Beta,0.9283936349812829
7,va_a,44,Beta,3.460929534960136
7,va_a,45,Beta,4.771552882844222
7,va_a,46,Beta,4.440785619565885
7,va_a,47,Beta,5.988233206685759
7,va_a,48,Beta,5.348734327691803
7,va_a,49,Beta,4.342358106213857
7,va_a,50,Beta,2.8592104708423305
7,va_a,51,Beta,1.2530516593676562
7,va_a,52,Beta,2.877415335108239
7,va_a,53,Beta,2.1843461249851694
7,va_a,54,Beta,3.580426935618687
7,va_a,55,Beta,1.6795587888862251
7,va_a,56,Beta,2.6656341507246344
7,va_a,57,Beta,3.9691342184562663
7,va_a,58,Beta,4.49149833494225
7,va_a,59,Beta,3.599157764051542
7,va_a,60,Beta,1.2658398547784782
8,va_a,1,Delta,4.9776579545262525
8,va_a,2,Delta,4.670466935754338
8,va_a,3,Delta,6.27593102825266
8,va_a,4,Delta,5.0661381738821145
8,va_a,5,Delta,5.199304835347288
8,va_a,6,Delta,3.2535041243940666
8,va_a,7,Delta,5.9321382670827525
8,va_a,8,Delta,4.216036148089283
8,va_a,9,Delta,4.56984447662896
8,va_a,10,Delta,5.5383304367490815
8,va_a,11,Delta,1.2403332144866297
8,va_a,12,Delta,4.879162035069543
8,va_a,13,Delta,1.5918432113561243
8,va_a,14,Delta,0.7922572500750261
8,va_a,15,Delta,5.607417585388432
8,va_a,16,Delta,4.848665904529906
8,va_a,17,Delta,5.072311412755578
8,va_a,18,Delta,1.7963475644748887
8,va_a,19,Delta,4.45258472194227
8,va_a,20,Delta,4.367619168048444
8,va_a,21,Delta,2.039896853530307
8,va_a,22,Delta,3.624806284195483
8,va_a,23,Delta,5.044833829149683
8,va_a,24,Delta,0.18375889993954764
8,va_a,25,Delta,2.549339922625254
8,va_a,26,Delta,2.914129179200031
8,va_a,27,Delta,5.290438614136792
8,va_a,28,Delta,4.5420294899280025
8,va_a,29,Delta,1.0280844071906763
8,va_a,30,Delta,5.1178565220857735
8,va_a,31,Delta,2.792482572997024
8,va_a,32,Delta,2.875964519795662
8,va_a,33,Delta,4.8990078387363125
8,va_a,34,Delta,4.710119975472939
8,va_a,35,Delta,1.2824874041135068
8,va_a,36,Delta,6.157629034007566
8,va_a,37,Delta,2.25130027298163
8,va_a,38,Delta,1.7109235441916768
8,va_a,39,Delta,4.546234558489428
8,va_a,40,Delta,5.516894749093365
8,va_a,41,Delta,0.6511898281247732
8,va_a,42,Delta,0.07769968961063169
8,va_a,43,Delta,0.9761345388967121
8,va_a,44,Delta,4.458824752301565
8,va_a,45,Delta,1.1082512530484134
8,va_a,46,Delta,0.6163274655879027
8,va_a,47,Delta,2.9084832598257386
8,va_a,48,Delta,5.163380012138538
8,va_a,49,Delta,5.502083325726925
8,va_a,50,Delta,1.2239116417726215
8,va_a,51,Delta,5.065325066123685
8,va_a,52,Delta,4.243772100857862
8,va_a,53,Delta,4.697415160675087
8,va_a,54,Delta,5.21289920461396
8,va_a,55,Delta,4.523533305876208
8,va_a,56,Delta,5.45101989885922
8,va_a,57,Delta,1.8398074626771435
8,va_a,58,Delta,3.553679457992203
8,va_a,59,Delta,2.259974827781392
8,va_a,60,Delta,0.24516254479703986
8,va_a,1,Theta,4.828013394341395
8,va_a,2,Theta,4.691523308076631
8,va_a,3,Theta,0.8036275055478006
8,va_a,4,Theta,5.706411152271393
8,va_a,5,Theta,0.09469843527150325
8,va_a,6,Theta,3.327187039950464
8,va_a,7,Theta,5.796317816712039
8,va_a,8,Theta,4.409622922797049
8,va_a,9,Theta,5.6594542730955295
8,va_a,10,Theta,6.076814498633084
8,va_a,11,Theta,1.0985235734869718
8,va_a,12,Theta,1.8257458532909918
8,va_a,13,Theta,2.0942169620099733
8,va_a,14,Theta,0.7258886783856119
8,va_a,15,Theta,4.827390546364535
8,va_a,16,Theta,5.364574746547682
8,va_a,17,Theta,4.406173558575763
8,va_a,18,Theta,0.46201970750729304
8,va_a,19,Theta,4.351487897642429
8,va_a,20,Theta,1.5303959187795544
8,va_a,21,Theta,1.125501427374214
8,va_a,22,Theta,3.224183365931852
8,va_a,23,Theta,4.281669424722057
8,va_a,24,Theta,5.46334456891524
8,va_a,25,Theta,2.795978912164943
8,va_a,26,Theta,2.8977697032963343
8,va_a,27,Theta,4.352883731999839
8,va_a,28,Theta,5.22524136127223
8,va_a,29,Theta,6.195309583009737
8,va_a,30,Theta,5.688304856874563
8,va_a,31,Theta,2.9747084805063855
8,va_a,32,Theta,2.735860749807669
8,va_a,33,Theta,1.2313779793545379
8,va_a,34,Theta,4.176926393114508
8,va_a,35,Theta,5.358364460606956
8,va_a,36,Theta,0.09143748078297345
8,va_a,37,Theta,2.6460540139792177
8,va_a,38,Theta,1.8113567038873606
8,va_a,39,Theta,2.1491555202491823
8,va_a,40,Theta,6.202884725113632
8,va_a,41,Theta,0.8982383479244077
8,va_a,42,Theta,5.873252811081364
8,va_a,43,Theta,0.3395399485665116
8,va_a,44,Theta,4.4878827603187315
8,va_a,45,Theta,6.137200384933844
8,va_a,46,Theta,0.7371641743535214
8,va_a,47,Theta,3.317567340466282
8,va_a,48,Theta,4.164770583336214
8,va_a,49,Theta,5.305761720312655
8,va_a,50,Theta,1.1050528573474898
8,va_a,51,Theta,4.8071381048741015
8,va_a,52,Theta,5.247045032907785
8,va_a,53,Theta,3.583369612968235
8,va_a,54,Theta,4.081766863685635
8,va_a,55,Theta,4.029283263325433
8,va_a,56,Theta,5.833670265827401
8,va_a,57,Theta,3.9245613631315677
8,va_a,58,Theta,2.3877947598706166
8,va_a,59,Theta,2.657271991556253
8,va_a,60,Theta,0.9269793079935523
8,va_a,1,Alpha,3.0762770906461876
8,va_a,2,Alpha,1.075000529052103
8,va_a,3,Alpha,4.650272452295456
8,va_a,4,Alpha,1.5581971851934573
8,va_a,5,Alpha,1.7980025951936853
8,va_a,6,Alpha,2.6901254234196768
8,va_a,7,Alpha,5.090419035554543
8,va_a,8,Alpha,1.3076129240391239
8,va_a,9,Alpha,5.066583362473104
8,va_a,10,Alpha,4.216124355227954
8,va_a,11,Alpha,0.9569868177871466
8,va_a,12,Alpha,1.5464656140724167
8,va_a,13,Alpha,4.228021696632188
8,va_a,14,Alpha,3.4065232654495015
8,va_a,15,Alpha,3.6404515924111602
8,va_a,16,Alpha,0.20202432360753803
8,va_a,17,Alpha,3.7705137869493157
8,va_a,18,Alpha,4.587461712388936
8,va_a,19,Alpha,4.160717430765699
8,va_a,20,Alpha,1.680607047633631
8,va_a,21,Alpha,4.695728183200776
8,va_a,22,Alpha,3.849397511163445
8,va_a,23,Alpha,4.875253690761021
8,va_a,24,Alpha,3.1820936999285108
8,va_a,25,Alpha,2.2222210006168175
8,va_a,26,Alpha,2.133452035675025
8,va_a,27,Alpha,3.656799509822072
8,va_a,28,Alpha,6.223123378936209
8,va_a,29,Alpha,5.860280295961748
8,va_a,30,Alpha,3.006087791431914
8,va_a,31,Alpha,3.519884503345249
8,va_a,32,Alpha,3.0175070818930356
8,va_a,33,Alpha,2.4759178200557486
8,va_a,34,Alpha,3.8156221082989594
8,va_a,35,Alpha,4.207032345395056
8,va_a,36,Alpha,2.874948038178808
8,va_a,37,Alpha,3.0027556476856643
8,va_a,38,Alpha,2.014538496954369
8,va_a,39,Alpha,5.668453766624345
8,va_a,40,Alpha,1.4659010546246993
8,va_a,41,Alpha,1.0535362289874162
8,va_a,42,Alpha,5.578427639498867
8,va_a,43,Alpha,5.316830548946933
8,va_a,44,Alpha,2.294420063715144
8,va_a,45,Alpha,4.546945934229771
8,va_a,46,Alpha,2.5434678637919923
8,va_a,47,Alpha,4.2173212973475165
8,va_a,48,Alpha,2.502400831587159
8,va_a,49,Alpha,3.5309040400261247
8,va_a,50,Alpha,2.6517384118734997
8,va_a,51,Alpha,3.001338894936707
8,va_a,52,Alpha,5.606532726203003
8,va_a,53,Alpha,3.05294076737869
8,va_a,54,Alpha,2.635946011928036
8,va_a,55,Alpha,3.6498322313927396
8,va_a,56,Alpha,5.336187427678555
8,va_a,57,Alpha,3.638947940989672
8,va_a,58,Alpha,0.9699224754135182
8,va_a,59,Alpha,2.671011142460184
8,va_a,60,Alpha,1.2968986679097663
8,va_a,1,Beta,4.43808221054905
8,va_a,2,Beta,2.0213114250658375
8,va_a,3,Beta,4.931373164207979
8,va_a,4,Beta,5.366358565111362
8,va_a,5,Beta,3.2428229235446615
8,va_a,6,Beta,1.2452778196885943
8,va_a,7,Beta,4.266020654165835
8,va_a,8,Beta,3.541567589902317
8,va_a,9,Beta,6.2371422852518705
8,va_a,10,Beta,1.0967831223165123
8,va_a,11,Beta,3.7352143991044446
8,va_a,12,Beta,4.862375556207
8,va_a,13,Beta,3.1453038604078207
8,va_a,14,Beta,3.949806091593372
8,va_a,15,Beta,0.436831076494698
8,va_a,16,Beta,5.31832538898513
8,va_a,17,Beta,5.016338114075274
8,va_a,18,Beta,4.30704030670428
8,va_a,19,Beta,5.7221835458127215
8,va_a,20,Beta,4.553861046072675
8,va_a,21,Beta,2.8212833782783973
8,va_a,22,Beta,5.810013455588951
8,va_a,23,Beta,0.25200959277095647
8,va_a,24,Beta,6.231129485191318
8,va_a,25,Beta,1.7795224075495524
8,va_a,26,Beta,2.9725039478382733
8,va_a,27,Beta,0.9649385292683126
8,va_a,28,Beta,4.765693024187702
8,va_a,29,Beta,5.966453138399522
8,va_a,30,Beta,1.5211988758294515
8,va_a,31,Beta,5.574141268002037
8,va_a,32,Beta,5.027212270678471
8,va_a,33,Beta,2.164041652246914
8,va_a,34,Beta,2.4492583358899234
8,va_a,35,Beta,4.272622496363638
8,va_a,36,Beta,5.36028296287555
8,va_a,37,Beta,0.70301219595102
8,va_a,38,Beta,5.51750064704007
8,va_a,39,Beta,2.5141028050670924
8,va_a,40,Beta,1.719393705328751
8,va_a,41,Beta,0.17174481033937297
8,va_a,42,Beta,4.362575641352235
8,va_a,43,Beta,4.381322809750686
8,va_a,44,Beta,3.8100383100956523
8,va_a,45,Beta,4.274271283849355
8,va_a,46,Beta,0.5056259985930641
8,va_a,47,Beta,1.6357283271332401
8,va_a,48,Beta,4.60547363223953
8,va_a,49,Beta,1.5212824872280615
8,va_a,50,Beta,5.36240566552249
8,va_a,51,Beta,0.9120949511442585
8,va_a,52,Beta,6.105951262624739
8,va_a,53,Beta,1.7454228238950498
8,va_a,54,Beta,1.2882550296514175
8,va_a,55,Beta,4.716363013934164
8,va_a,56,Beta,3.9949146485496314
8,va_a,57,Beta,6.256509605586735
8,va_a,58,Beta,6.069349770089226
8,va_a,59,Beta,4.640052692791933
8,va_a,60,Beta,3.837821231567032
9,va_a,1,Delta,2.407166901706863
9,va_a,2,Delta,0.7553904188059761
9,va_a,3,Delta,1.959774509987564
9,va_a,4,Delta,1.1138354718433867
9,va_a,5,Delta,4.399698544310729
9,va_a,6,Delta,5.284450967170159
9,va_a,7,Delta,1.5731947071881176
9,va_a,8,Delta,1.3611119172312816
9,va_a,9,Delta,0.4763224758996198
9,va_a,10,Delta,0.4734570022342743
9,va_a,11,Delta,5.401736643903958
9,va_a,12,Delta,0.8647989355583389
9,va_a,13,Delta,3.6584101967031155
9,va_a,14,Delta,5.43835265757197
9,va_a,15,Delta,2.120541772146284
9,va_a,16,Delta,4.687292427894231
9,va_a,17,Delta,0.6123265092881113
9,va_a,18,Delta,5.048307609911522
9,va_a,19,Delta,4.523154738670342
9,va_a,20,Delta,0.02408009124300729
9,va_a,21,Delta,2.4609627425400302
9,va_a,22,Delta,5.239042527627173
9,va_a,23,Delta,6.244232361080013
9,va_a,24,Delta,4.734885842051323
9,va_a,25,Delta,4.776051888357535
9,va_a,26,Delta,5.384855506618661
9,va_a,27,Delta,0.4975437148703798
9,va_a,28,Delta,1.2230553830794315
9,va_a,29,Delta,4.81005027261938
9,va_a,30,Delta,5.097124493417379
9,va_a,31,Delta,4.9850032762390475
9,va_a,32,Delta,5.826372766088568
9,va_a,33,Delta,6.0057170023311555
9,va_a,34,Delta,1.39900380898985
9,va_a,35,Delta,4.23678558745063
9,va_a,36,Delta,5.51834477027449
9,va_a,37,Delta,4.896090382101178
9,va_a,38,Delta,4.841448586500713
9,va_a,39,Delta,5.294523598819682
9,va_a,40,Delta,3.5557420644669673
9,va_a,41,Delta,3.1842181656681885
9,va_a,42,Delta,1.5874032867516945
9,va_a,43,Delta,1.0097027789634454
9,va_a,44,Delta,5.518599632085504
9,va_a,45,Delta,4.542805859144637
9,va_a,46,Delta,2.499086863568541
9,va_a,47,Delta,0.3909285642534921
9,va_a,48,Delta,5.12003962616339
9,va_a,49,Delta,4.569571447093904
9,va_a,50,Delta,4.129302498553988
9,va_a,51,Delta,2.2551133745505254
9,va_a,52,Delta,1.9188311450190847
9,va_a,53,Delta,5.690641051325306
9,va_a,54,Delta,6.005514701849023
9,va_a,55,Delta,4.461908514392972
9,va_a,56,Delta,5.2293531940978415
9,va_a,57,Delta,4.301833453336593
9,va_a,58,Delta,4.642431285798087
9,va_a,59,Delta,5.981284108771014
9,va_a,60,Delta,2.7119853304409407
9,va_a,1,Theta,1.005469937955641
9,va_a,2,Theta,1.5868966232593067
9,va_a,3,Theta,2.6496689695142974
9,va_a,4,Theta,5.186673254450376
9,va_a,5,Theta,3.497605779127744
9,va_a,6,Theta,5.534999410460316
9,va_a,7,Theta,1.0008883610774149
9,va_a,8,Theta,1.5265053842157272
9,va_a,9,Theta,6.211284931419493
9,va_a,10,Theta,5.5707320053028875
9,va_a,11,Theta,4.817699740780724
9,va_a,12,Theta,0.4146912180820956
9,va_a,13,Theta,3.721613464109369
9,va_a,14,Theta,4.9776161661110425
9,va_a,15,Theta,2.1505740057760674
9,va_a,16,Theta,5.351217236798065
9,va_a,17,Theta,1.052007531134884
9,va_a,18,Theta,1.0072143269005496
9,va_a,19,Theta,3.9299043018453816
9,va_a,20,Theta,5.481112381598023
9,va_a,21,Theta,3.7539502156292213
9,va_a,22,Theta,0.033821225354473405
9,va_a,23,Theta,2.2666170062531994
9,va_a,24,Theta,5.183449587483992
9,va_a,25,Theta,4.369183756767509
9,va_a,26,Theta,0.41036984239480434
9,va_a,27,Theta,0.5959511690489048
9,va_a,28,Theta,5.929743534263405
9,va_a,29,Theta,4.8163085312036955
9,va_a,30,Theta,6.165910682409721
9,va_a,31,Theta,0.13535670107000305
9,va_a,32,Theta,6.20609968046192
9,va_a,33,Theta,5.794899755671727
9,va_a,34,Theta,2.8517195792802212
9,va_a,35,Theta,4.0645534213642005
9,va_a,36,Theta,5.9395249191739765
9,va_a,37,Theta,4.138562104651912
9,va_a,38,Theta,0.6044608622056344
9,va_a,39,Theta,4.390075550999751
9,va_a,40,Theta,2.552795730113822
9,va_a,41,Theta,3.0224351205034874
9,va_a,42,Theta,1.9598521577803911
9,va_a,43,Theta,1.358504338073325
9,va_a,44,Theta,5.242839658659417
9,va_a,45,Theta,4.461208660796476
9,va_a,46,Theta,3.14185307427051
9,va_a,47,Theta,0.540587275812323
9,va_a,48,Theta,4.644886480829465
9,va_a,49,Theta,1.6105794940546048
9,va_a,50,Theta,3.219224756057788
9,va_a,51,Theta,3.1136336364636357
9,va_a,52,Theta,2.303597590939822
9,va_a,53,Theta,5.705353347211572
9,va_a,54,Theta,0.21138005515950176
9,va_a,55,Theta,3.7514596982703394
9,va_a,56,Theta,4.4531567200552935
9,va_a,57,Theta,4.166512523196904
9,va_a,58,Theta,3.9571420195202642
9,va_a,59,Theta,0.1955636174550759
9,va_a,60,Theta,3.8653269378344506
9,va_a,1,Alpha,1.1163901169134893
9,va_a,2,Alpha,2.1420241096456367
9,va_a,3,Alpha,2.4526104328826985
9,va_a,4,Alpha,4.431441741921672
9,va_a,5,Alpha,3.726132858426559
9,va_a,6,Alpha,5.5276006517334615
9,va_a,7,Alpha,3.8748617154887888
9,va_a,8,Alpha,2.5801087213999008
9,va_a,9,Alpha,3.6324164276449595
9,va_a,10,Alpha,3.9799576027682955
9,va_a,11,Alpha,4.740353460009982
9,va_a,12,Alpha,0.45772511298503876
9,va_a,13,Alpha,3.1416127198176187
9,va_a,14,Alpha,5.103973268412961
9,va_a,15,Alpha,2.7133526239539627
9,va_a,16,Alpha,6.261140070809873
9,va_a,17,Alpha,2.481667742470253
9,va_a,18,Alpha,2.5860689771780034
9,va_a,19,Alpha,3.131413881187027
9,va_a,20,Alpha,5.286510572118192
9,va_a,21,Alpha,4.2950720719458895
9,va_a,22,Alpha,2.6227967547663003
9,va_a,23,Alpha,2.6052600372278145
9,va_a,24,Alpha,0.3194163177227336
9,va_a,25,Alpha,6.0584980441834
9,va_a,26,Alpha,0.024929833620354665
9,va_a,27,Alpha,6.13283078005378
9,va_a,28,Alpha,6.117612564850608
9,va_a,29,Alpha,5.077310403987926
9,va_a,30,Alpha,1.1914847127104486
9,va_a,31,Alpha,1.7567645319057783
9,va_a,32,Alpha,1.9426180959130905
9,va_a,33,Alpha,4.715978061074987
9,va_a,34,Alpha,2.262158591332561
9,va_a,35,Alpha,3.71721320507048
9,va_a,36,Alpha,0.9142245670877168
9,va_a,37,Alpha,1.0178178878359168
9,va_a,38,Alpha,5.8176289513145605
9,va_a,39,Alpha,3.0035458695807247
9,va_a,40,Alpha,2.7496910778479444
9,va_a,41,Alpha,3.4462857119755257
9,va_a,42,Alpha,2.534581355600682
9,va_a,43,Alpha,3.4832648563192006
9,va_a,44,Alpha,0.3195350872957847
9,va_a,45,Alpha,4.339367599045792
9,va_a,46,Alpha,5.320809292786236
9,va_a,47,Alpha,1.029066409842547
9,va_a,48,Alpha,5.2077482612397406
9,va_a,49,Alpha,1.668495701901049
9,va_a,50,Alpha,2.662247388468775
9,va_a,51,Alpha,4.332380307436949
9,va_a,52,Alpha,1.6822508617747869
9,va_a,53,Alpha,4.40444094341727
9,va_a,54,Alpha,2.424477041074507
9,va_a,55,Alpha,2.723969139751783
9,va_a,56,Alpha,0.0648263251998271
9,va_a,57,Alpha,4.3892361890014975
9,va_a,58,Alpha,3.188111347103891
9,va_a,59,Alpha,2.9470662124962006
9,va_a,60,Alpha,0.23151559075893402
9,va_a,1,Beta,3.03928866314124
9,va_a,2,Beta,3.8165133486549587
9,va_a,3,Beta,4.098288087844993
9,va_a,4,Beta,0.4658495327201365
9,va_a,5,Beta,2.0194032720373
9,va_a,6,Beta,4.34225626325703
9,va_a,7,Beta,5.058511467557073
9,va_a,8,Beta,4.856460429951251
9,va_a,9,Beta,4.337539456930611
9,va_a,10,Beta,4.265608294537852
9,va_a,11,Beta,0.17007239609325675
9,va_a,12,Beta,2.657787534091464
9,va_a,13,Beta,1.8442521106712662
9,va_a,14,Beta,3.507644324278897
9,va_a,15,Beta,0.19779274586500925
9,va_a,16,Beta,2.6660067745028897
9,va_a,17,Beta,4.522158845002584
9,va_a,18,Beta,3.7849552315165242
9,va_a,19,Beta,3.505178781460647
9,va_a,20,Beta,5.909733603868088
9,va_a,21,Beta,4.547967292557978
9,va_a,22,Beta,0.35228018528954397
9,va_a,23,Beta,3.9429005362089016
9,va_a,24,Beta,0.9036607458016909
9,va_a,25,Beta,1.398373566484076
9,va_a,26,Beta,4.803016377743618
9,va_a,27,Beta,6.27770185211592
9,va_a,28,Beta,5.731425208948318
9,va_a,29,Beta,2.440107563206612
9,va_a,30,Beta,1.1309577514027473
9,va_a,31,Beta,2.8060011795724713
9,va_a,32,Beta,5.46434640669977
9,va_a,33,Beta,4.754187151654971
9,va_a,34,Beta,2.2111648853649366
9,va_a,35,Beta,4.472405513586155
9,va_a,36,Beta,3.0996079735022835
9,va_a,37,Beta,1.914379677853018
9,va_a,38,Beta,4.077581022742853
9,va_a,39,Beta,2.573810049432117
9,va_a,40,Beta,2.8265640639461767
9,va_a,41,Beta,3.0240449181807043
9,va_a,42,Beta,5.4184853980018515
9,va_a,43,Beta,4.8388930079024535
9,va_a,44,Beta,5.784071641002662
9,va_a,45,Beta,4.381142796844382
9,va_a,46,Beta,5.453992150674096
9,va_a,47,Beta,0.602626524765981
9,va_a,48,Beta,0.48866542355742437
9,va_a,49,Beta,3.927171848261858
9,va_a,50,Beta,5.116888127833093
9,va_a,51,Beta,1.8693388820624435
9,va_a,52,Beta,0.8600379733206095
9,va_a,53,Beta,2.9123094216885432
9,va_a,54,Beta,2.3340265079442366
9,va_a,55,Beta,2.255694860281082
9,va_a,56,Beta,5.8706941290059085
9,va_a,57,Beta,2.188533840200335
9,va_a,58,Beta,1.8812222389326048
9,va_a,59,Beta,3.3417191088769895
9,va_a,60,Beta,0.02058977822204327
