region,Time,condition,Value
MTG-R,-0,iss_bs,0.05550677738093116
MTG-R,-0,vss_bs,0.21626216256684264
MTG-R,-0,vss_iss,0.16075538518591145
MTG-R,0.8333,iss_bs,0.06467724727514877
MTG-R,0.8333,vss_bs,0.21913541787441862
MTG-R,0.8333,vss_iss,0.15445817059926986
MTG-R,1.6666999999999998,iss_bs,0.07392519860347078
MTG-R,1.6666999999999998,vss_bs,0.2213967643510371
MTG-R,1.6666999999999998,vss_iss,0.1474715657475663
MTG-R,2.5,iss_bs,0.08313675712867226
MTG-R,2.5,vss_bs,0.22292211327186812
MTG-R,2.5,vss_iss,0.13978535614319584
MTG-R,3.3333,iss_bs,0.09219469011672866
MTG-R,3.3333,vss_bs,0.22358486416619522
MTG-R,3.3333,vss_iss,0.13139017404946657
MTG-R,4.1667,iss_bs,0.10098017542870988
MTG-R,4.1667,vss_bs,0.22325892523604132
MTG-R,4.1667,vss_iss,0.12227874980733143
MTG-R,5,iss_bs,0.10937461966293244
MTG-R,5,vss_bs,0.221821907573748
MTG-R,5,vss_iss,0.11244728791081558
MTG-R,5.8332999999999995,iss_bs,0.11726148828138758
MTG-R,5.8332999999999995,vss_bs,0.2191584198719313
MTG-R,5.8332999999999995,vss_iss,0.10189693159054374
MTG-R,6.6667000000000005,iss_bs,0.12452811047544327
MTG-R,6.6667000000000005,vss_bs,0.2151633856234664
MTG-R,6.6667000000000005,vss_iss,0.09063527514802314
MTG-R,7.5,iss_bs,0.1310674222592912
MTG-R,7.5,vss_bs,0.20974530195694155
MTG-R,7.5,vss_iss,0.07867787969765036
MTG-R,8.3333,iss_bs,0.1367796129023963
MTG-R,8.3333,vss_bs,0.2028293583465475
MTG-R,8.3333,vss_iss,0.06604974544415121
MTG-R,9.1667,iss_bs,0.14157364227805724
MTG-R,9.1667,vss_bs,0.19436033452961016
MTG-R,9.1667,vss_iss,0.05278669225155291
MTG-R,10,iss_bs,0.14536859994637671
MTG-R,10,vss_bs,0.18430520006632678
MTG-R,10,vss_iss,0.03893660011995007
MTG-R,10.833300000000001,iss_bs,0.14809488071888724
MTG-R,10.833300000000001,vss_bs,0.17265534304169547
MTG-R,10.833300000000001,vss_iss,0.024560462322808233
MTG-R,11.6667,iss_bs,0.14969515596385866
MTG-R,11.6667,vss_bs,0.15942836234715976
MTG-R,11.6667,vss_iss,0.0097332063833011
MTG-R,12.5,iss_bs,0.1501251248866151
MTG-R,12.5,vss_bs,0.1446693666502258
MTG-R,12.5,vss_iss,-0.005455758236389287
MTG-R,13.3333,iss_bs,0.1493540353269955
MTG-R,13.3333,vss_bs,0.12845173338114357
MTG-R,13.3333,vss_iss,-0.020902301945851954
MTG-R,14.1667,iss_bs,0.1473649691179614
MTG-R,14.1667,vss_bs,0.11087729261349728
MTG-R,14.1667,vss_iss,-0.036487676504464106
MTG-R,15,iss_bs,0.14415489260234857
MTG-R,15,vss_bs,0.09207591333218812
MTG-R,15,vss_iss,-0.05207897927016046
MTG-R,15.833300000000001,iss_bs,0.13973447836546396
MTG-R,15.833300000000001,vss_bs,0.07220448298041975
MTG-R,15.833300000000001,vss_iss,-0.06752999538504421
MTG-R,16.6667,iss_bs,0.13412770946980462
MTG-R,16.6667,vss_bs,0.051445285047549326
MTG-R,16.6667,vss_iss,-0.0826824244222553
MTG-R,17.5,iss_bs,0.12737128234155276
MTG-R,17.5,vss_bs,0.030003793477336668
MTG-R,17.5,vss_iss,-0.09736748886421609
MTG-R,18.3333,iss_bs,0.11951382883396834
MTG-R,18.3333,vss_bs,0.008105916509245964
MTG-R,18.3333,vss_iss,-0.11140791232472239
MTG-R,19.1667,iss_bs,0.11061498177149329
MTG-R,19.1667,vss_bs,-0.014005264117289489
MTG-R,19.1667,vss_iss,-0.12462024588878277
MTG-R,20,iss_bs,0.10074431136766054
MTG-R,20,vss_bs,-0.03607320018698043
MTG-R,20,vss_iss,-0.13681751155464095
MTG-R,20.833299999999998,iss_bs,0.08998016223576435
MTG-R,20.833299999999998,vss_bs,-0.05783196051894379
MTG-R,20.833299999999998,vss_iss,-0.14781212275470815
MTG-R,21.666700000000002,iss_bs,0.07840842222069885
MTG-R,21.666700000000002,vss_bs,-0.07901061131440809
MTG-R,21.666700000000002,vss_iss,-0.15741903353510694
MTG-R,22.5,iss_bs,0.06612125494184967
MTG-R,22.5,vss_bs,-0.09933780546581568
MTG-R,22.5,vss_iss,-0.16545906040766536
MTG-R,23.3333,iss_bs,0.053215827741873285
MTG-R,23.3333,vss_bs,-0.11854648661718681
MTG-R,23.3333,vss_iss,-0.17176231435906011
MTG-R,24.1667,iss_bs,0.03979306569869732
MTG-R,24.1667,vss_bs,-0.1363786094966932
MTG-R,24.1667,vss_iss,-0.1761716751953905
MTG-R,25,iss_bs,0.025956460514474616
MTG-R,25,vss_bs,-0.15258977596368992
MTG-R,25,vss_iss,-0.17854623647816453
MTG-R,25.8333,iss_bs,0.011810960503238103
MTG-R,25.8333,vss_bs,-0.16695368639836872
MTG-R,25.8333,vss_iss,-0.17876464690160682
MTG-R,26.666700000000002,iss_bs,-0.0025380353642080584
MTG-R,26.666700000000002,vss_bs,-0.17926630853508607
MTG-R,26.666700000000002,vss_iss,-0.17672827317087803
MTG-R,27.5,iss_bs,-0.016985560239131135
MTG-R,27.5,vss_bs,-0.18934967056901966
MTG-R,27.5,vss_iss,-0.17236411032988855
MTG-R,28.333299999999998,iss_bs,-0.03142782418472169
MTG-R,28.333299999999998,vss_bs,-0.19705519226598225
MTG-R,28.333299999999998,vss_iss,-0.16562736808126058
MTG-R,29.1667,iss_bs,-0.04576281081550954
MTG-R,29.1667,vss_bs,-0.20226647674149772
MTG-R,29.1667,vss_iss,-0.15650366592598816
MTG-R,30,iss_bs,-0.05989072049094241
MTG-R,30,vss_bs,-0.20490149636356297
MTG-R,30,vss_iss,-0.14501077587262057
MTG-R,30.8333,iss_bs,-0.07371425971306636
MTG-R,30.8333,vss_bs,-0.20491411864543127
MTG-R,30.8333,vss_iss,-0.13119985893236488
MTG-R,31.6667,iss_bs,-0.08713878126572733
MTG-R,31.6667,vss_bs,-0.20229493176222166
MTG-R,31.6667,vss_iss,-0.11515615049649433
MTG-R,32.5,iss_bs,-0.1000722843275302
MTG-R,32.5,vss_bs,-0.19707134414707325
MTG-R,32.5,vss_iss,-0.09699905981954306
MTG-R,33.3333,iss_bs,-0.11242528816367088
MTG-R,33.3333,vss_bs,-0.18930694817089666
MTG-R,33.3333,vss_iss,-0.07688166000722578
MTG-R,34.1667,iss_bs,-0.12411059693251796
MTG-R,34.1667,vss_bs,-0.17910015383788186
MTG-R,34.1667,vss_iss,-0.054989556905363925
MTG-R,35,iss_bs,-0.13504297652388136
MTG-R,35,vss_bs,-0.16658211437884973
MTG-R,35,vss_iss,-0.03153913785496837
MTG-R,35.8333,iss_bs,-0.1451387670844346
MTG-R,35.8333,vss_bs,-0.1519139812356285
MTG-R,35.8333,vss_iss,-0.006775214151193905
MTG-R,36.666700000000006,iss_bs,-0.15431545690700854
MTG-R,36.666700000000006,vss_bs,-0.13528354084703276
MTG-R,36.666700000000006,vss_iss,0.01903191605997578
MTG-R,37.5,iss_bs,-0.1624912446088581
MTG-R,37.5,vss_bs,-0.11690129952926052
MTG-R,37.5,vss_iss,0.04558994507959759
MTG-R,38.3333,iss_bs,-0.16958461696537716
MTG-R,38.3333,vss_bs,-0.09699609527161322
MTG-R,38.3333,vss_iss,0.07258852169376394
MTG-R,39.1667,iss_bs,-0.17551396938755784
MTG-R,39.1667,vss_bs,-0.07581032615183528
MTG-R,39.1667,vss_iss,0.09970364323572256
MTG-R,40,iss_bs,-0.18019729484373678
MTG-R,40,vss_bs,-0.05359489406052944
MTG-R,40,vss_iss,0.12660240078320736
MTG-R,40.8333,iss_bs,-0.18355196506062774
MTG-R,40.8333,vss_bs,-0.03060396929862763
MTG-R,40.8333,vss_iss,0.1529479957620001
MTG-R,41.6667,iss_bs,-0.18549462514825196
MTG-R,41.6667,vss_bs,-0.007089686211091698
MTG-R,41.6667,vss_iss,0.17840493893716028
MTG-R,42.5,iss_bs,-0.185941219450803
MTG-R,42.5,vss_bs,0.016703117770067034
MTG-R,42.5,vss_iss,0.20264433722087002
MTG-R,43.3333,iss_bs,-0.18480716252109278
MTG-R,43.3333,vss_bs,0.040542007540203366
MTG-R,43.3333,vss_iss,0.22534917006129615
MTG-R,44.166700000000006,iss_bs,-0.1820076647557013
MTG-R,44.166700000000006,vss_bs,0.06421179075499141
MTG-R,44.166700000000006,vss_iss,0.2462194555106927
MTG-R,45,iss_bs,-0.17745821752948243
MTG-R,45,vss_bs,0.0875189889419477
MTG-R,45,vss_iss,0.26497720647143014
MTG-R,45.8333,iss_bs,-0.17107523775941624
MTG-R,45.8333,vss_bs,0.11029584234887566
MTG-R,45.8333,vss_iss,0.2813710801082919
MTG-R,46.6667,iss_bs,-0.16277686684209788
MTG-R,46.6667,vss_bs,0.13240376112930852
MTG-R,46.6667,vss_iss,0.2951806279714064
MTG-R,47.5,iss_bs,-0.15248391398286304
MTG-R,47.5,vss_bs,0.15373614694428267
MTG-R,47.5,vss_iss,0.3062200609271457
MTG-R,48.3333,iss_bs,-0.14012092920188762
MTG-R,48.3333,vss_bs,0.17422052222834228
MTG-R,48.3333,vss_iss,0.3143414514302299
MTG-R,49.1667,iss_bs,-0.12561738689388327
MTG-R,49.1667,vss_bs,0.1938199189379245
MTG-R,49.1667,vss_iss,0.3194373058318078
MTG-R,50,iss_bs,-0.108908956854657
MTG-R,50,vss_bs,0.21253349425392706
MTG-R,50,vss_iss,0.32144245110858405
MTG-R,50.8333,iss_bs,-0.08993883628014726
MTG-R,50.8333,vss_bs,0.23039635710401662
MTG-R,50.8333,vss_iss,0.3203351933841639
MTG-R,51.666700000000006,iss_bs,-0.06865911348702597
MTG-R,51.666700000000006,vss_bs,0.24747860614486228
MTG-R,51.666700000000006,vss_iss,0.31613771963188825
MTG-R,52.5,iss_bs,-0.045032132077748685
MTG-R,52.5,vss_bs,0.26388359663171673
MTG-R,52.5,vss_iss,0.30891572870946543
MTG-R,53.3333,iss_bs,-0.019031823036029866
MTG-R,53.3333,vss_bs,0.27974547003514594
MTG-R,53.3333,vss_iss,0.29877729307117584
MTG-R,54.1667,iss_bs,0.009355028169468975
MTG-R,54.1667,vss_bs,0.29522599598237703
MTG-R,54.1667,vss_iss,0.28587096781290805
MTG-R,55,iss_bs,0.04012761195809344
MTG-R,55,vss_bs,0.310510790760759
MTG-R,55,vss_iss,0.27038317880266555
MTG-R,55.8333,iss_bs,0.07327005369390213
MTG-R,55.8333,vss_bs,0.3258049899043969
MTG-R,55.8333,vss_iss,0.2525349362104948
MTG-R,56.6667,iss_bs,0.10875053054217501
MTG-R,56.6667,vss_bs,0.3413284640043031
MTG-R,56.6667,vss_iss,0.2325779334621281
MTG-R,57.5,iss_bs,0.14652057238644522
MTG-R,57.5,vss_bs,0.3573106765878965
MTG-R,57.5,vss_iss,0.2107901042014513
MTG-R,58.333299999999994,iss_bs,0.18651456951576614
MTG-R,58.333299999999994,vss_bs,0.37398529049834245
MTG-R,58.333299999999994,vss_iss,0.18747072098257633
MTG-R,59.166700000000006,iss_bs,0.22864950563285882
MTG-R,59.166700000000006,vss_bs,0.39158463450949116
MTG-R,59.166700000000006,vss_iss,0.16293512887663233
MTG-R,60,iss_bs,0.2728249300698046
MTG-R,60,vss_bs,0.41033414482975106
MTG-R,60,vss_iss,0.13750921475994643
MTG-R,60.8333,iss_bs,0.31892317804609066
MTG-R,60.8333,vss_bs,0.430446896623935
MTG-R,60.8333,vss_iss,0.11152371857784432
MTG-R,61.6667,iss_bs,0.3668098424909459
MTG-R,61.6667,vss_bs,0.45211833871513607
MTG-R,61.6667,vss_iss,0.08530849622419015
MTG-R,62.5,iss_bs,0.4163344955123935
MTG-R,62.5,vss_bs,0.4755213402727972
MTG-R,62.5,vss_iss,0.05918684476040369
MTG-R,63.333299999999994,iss_bs,0.4673316521665449
MTG-R,63.333299999999994,vss_bs,0.5008016516541614
MTG-R,63.333299999999994,vss_iss,0.033469999487616434
MTG-R,64.16669999999999,iss_bs,0.519621963899906
MTG-R,64.16669999999999,vss_bs,0.5280738727997599
MTG-R,64.16669999999999,vss_iss,0.008451908899853991
MTG-R,65,iss_bs,0.5730136240383126
MTG-R,65,vss_bs,0.5574180118910613
MTG-R,65,vss_iss,-0.015595612147251277
MTG-R,65.8333,iss_bs,0.6273039631047364
MTG-R,65.8333,vss_bs,0.58887670460225106
MTG-R,65.8333,vss_iss,-0.038427258502485316
MTG-R,66.66669999999999,iss_bs,0.6822812076801682
MTG-R,66.66669999999999,vss_bs,0.6224531504960027
MTG-R,66.66669999999999,vss_iss,-0.05982805718416551
MTG-R,67.5,iss_bs,0.7377263730789492
MTG-R,67.5,vss_bs,0.6581098082314795
MTG-R,67.5,vss_iss,-0.07961656484746968
MTG-R,68.3333,iss_bs,0.7934152573774643
MTG-R,68.3333,vss_bs,0.6957678755996987
MTG-R,68.3333,vss_iss,-0.09764738177776568
MTG-R,69.16669999999999,iss_bs,0.8491205023802249
MTG-R,69.16669999999999,vss_bs,0.7353075643188324
MTG-R,69.16669999999999,vss_iss,-0.11381293806139252
MTG-R,70,iss_bs,0.9046136859758012
MTG-R,70,vss_bs,0.7765691633583012
MTG-R,70,vss_iss,-0.12804452261750002
MTG-R,70.83330000000001,iss_bs,0.9596674100519674
MTG-R,70.83330000000001,vss_bs,0.8193548686623783
MTG-R,70.83330000000001,vss_iss,-0.1403125413895892
MTG-R,71.6667,iss_bs,1.01405734870703
MTG-R,71.6667,vss_bs,0.8634313418487117
MTG-R,71.6667,vss_iss,-0.15062600685831812
MTG-R,72.5,iss_bs,1.0675642228926205
MTG-R,72.5,vss_bs,0.9085329460849987
MTG-R,72.5,vss_iss,-0.1590312768076218
MTG-R,73.33330000000001,iss_bs,1.1199756698107268
MTG-R,73.33330000000001,vss_bs,0.9543655941948653
MTG-R,73.33330000000001,vss_iss,-0.16561007561586147
MTG-R,74.1667,iss_bs,1.171087978301975
MTG-R,74.1667,vss_bs,1.0006111323776177
MTG-R,74.1667,vss_iss,-0.17047684592435722
MTG-R,75,iss_bs,1.220707665021911
MTG-R,75,vss_bs,1.0469321729768977
MTG-R,75,vss_iss,-0.17377549204501344
MTG-R,75.83330000000001,iss_bs,1.2686528703089652
MTG-R,75.83330000000001,vss_bs,1.0929772816896355
MTG-R,75.83330000000001,vss_iss,-0.1756755886193299
MTG-R,76.6667,iss_bs,1.3147545571904986
MTG-R,76.6667,vss_bs,1.1383864186152681
MTG-R,76.6667,vss_iss,-0.1763681385752305
MTG-R,77.5,iss_bs,1.3588575018271989
MTG-R,77.5,vss_bs,1.1827965287034798
MTG-R,77.5,vss_iss,-0.17606097312371904
MTG-R,78.3333,iss_bs,1.4008210687318365
MTG-R,78.3333,vss_bs,1.2258471755178113
MTG-R,78.3333,vss_iss,-0.17497389321402526
MTG-R,79.1667,iss_bs,1.4405197691789806
MTG-R,79.1667,vss_bs,1.2671861127919652
MTG-R,79.1667,vss_iss,-0.17333365638701537
MTG-R,80,iss_bs,1.477843606213559
MTG-R,80,vss_bs,1.3064746909694296
MTG-R,80,vss_iss,-0.17136891524412948
MTG-R,80.8333,iss_bs,1.512698214434084
MTG-R,80.8333,vss_bs,1.3433930006902934
MTG-R,80.8333,vss_iss,-0.16930521374379037
MTG-R,81.66669999999999,iss_bs,1.5450048071462479
MTG-R,81.66669999999999,vss_bs,1.3776446618848401
MTG-R,81.66669999999999,vss_iss,-0.1673601452614076
MTG-R,82.5,iss_bs,1.574699947437471
MTG-R,82.5,vss_bs,1.4089611755743465
MTG-R,82.5,vss_iss,-0.1657387718631245
MTG-R,83.3333,iss_bs,1.601735163111952
MTG-R,83.3333,vss_bs,1.4371057654533475
MTG-R,83.3333,vss_iss,-0.16462939765860474
MTG-R,84.16669999999999,iss_bs,1.626076428160831
MTG-R,84.16669999999999,vss_bs,1.461876647591494
MTG-R,84.16669999999999,vss_iss,-0.16419978056933707
MTG-R,85,iss_bs,1.6477035354569283
MTG-R,85,vss_bs,1.4831096788824805
MTG-R,85,vss_iss,-0.16459385657444797
MTG-R,85.83330000000001,iss_bs,1.6666093866103977
MTG-R,85.83330000000001,vss_bs,1.5006803478985833
MTG-R,85.83330000000001,vss_iss,-0.1659290387118143
MTG-R,86.6667,iss_bs,1.682799225374179
MTG-R,86.6667,vss_bs,1.5145050852884596
MTG-R,86.6667,vss_iss,-0.1682941400857194
MTG-R,87.5,iss_bs,1.6962898406445388
MTG-R,87.5,vss_bs,1.524541884486873
MTG-R,87.5,vss_iss,-0.17174795615766583
MTG-R,88.33330000000001,iss_bs,1.7071087639804738
MTG-R,88.33330000000001,vss_bs,1.5307902369927504
MTG-R,88.33330000000001,vss_iss,-0.17631852698772338
MTG-R,89.1667,iss_bs,1.7152934847088237
MTG-R,89.1667,vss_bs,1.533290399534104
MTG-R,89.1667,vss_iss,-0.1820030851747196
MTG-R,90,iss_bs,1.7208907031512255
MTG-R,90,vss_bs,1.5321220228048347
MTG-R,90,vss_iss,-0.1887686803463908
MTG-R,90.83330000000001,iss_bs,1.7239556393874174
MTG-R,90.83330000000001,vss_bs,1.5274021828856754
MTG-R,90.83330000000001,vss_iss,-0.19655345650174197
MTG-R,91.6667,iss_bs,1.7245514113550422
MTG-R,91.6667,vss_bs,1.5192828667284783
MTG-R,91.6667,vss_iss,-0.2052685446265638
MTG-R,92.5,iss_bs,1.72274849209268
MTG-R,92.5,vss_bs,1.5079479720035676
MTG-R,92.5,vss_iss,-0.2148005200891126
MTG-R,93.3333,iss_bs,1.7186242516851424
MTG-R,93.3333,vss_bs,1.4936098890306266
MTG-R,93.3333,vss_iss,-0.2250143626545158
MTG-R,94.1667,iss_bs,1.7122625851005013
MTG-R,94.1667,vss_bs,1.4765057383203608
MTG-R,94.1667,vss_iss,-0.23575684678014072
MTG-R,95,iss_bs,1.7037536227529684
MTG-R,95,vss_bs,1.4568933413704912
MTG-R,95,vss_iss,-0.24686028138247726
MTG-R,95.8333,iss_bs,1.6931935164226684
MTG-R,95.8333,vss_bs,1.4350470047514496
MTG-R,95.8333,vss_iss,-0.25814651167121866
MTG-R,96.66669999999999,iss_bs,1.6806842892446296
MTG-R,96.66669999999999,vss_bs,1.4112531981874405
MTG-R,96.66669999999999,vss_iss,-0.2694310910571893
MTG-R,97.5,iss_bs,1.666333734971877
MTG-R,97.5,vss_bs,1.3858062063319845
MTG-R,97.5,vss_iss,-0.28052752863989255
MTG-R,98.3333,iss_bs,1.650255348735609
MTG-R,98.3333,vss_bs,1.3590038313317883
MTG-R,98.3333,vss_iss,-0.29125151740382094
MTG-R,99.16669999999999,iss_bs,1.6325682691703856
MTG-R,99.16669999999999,vss_bs,1.3311432191844184
MTG-R,99.16669999999999,vss_iss,-0.30142504998596725
MTG-R,100,iss_bs,1.6133972101266099
MTG-R,100,vss_bs,1.302516877465207
MTG-R,100,vss_iss,-0.31088033266140286
MTG-R,100.8333,iss_bs,1.5928723593198202
MTG-R,100.8333,vss_bs,1.2734089453982167
MTG-R,100.8333,vss_iss,-0.31946341392160343
MTG-R,101.66669999999999,iss_bs,1.5711292212081254
MTG-R,101.66669999999999,vss_bs,1.2440917696645046
MTG-R,101.66669999999999,vss_iss,-0.3270374515436205
MTG-R,102.5,iss_bs,1.5483083821627388
MTG-R,102.5,vss_bs,1.2148228309849156
MTG-R,102.5,vss_iss,-0.3334855511778232
MTG-R,103.33330000000001,iss_bs,1.5245551775962316
MTG-R,103.33330000000001,vss_bs,1.185842057600806
MTG-R,103.33330000000001,vss_iss,-0.3387131199954256
MTG-R,104.1667,iss_bs,1.5000192431077866
MTG-R,104.1667,vss_bs,1.157369552526274
MTG-R,104.1667,vss_iss,-0.34264969058151257
MTG-R,105,iss_bs,1.4748539348398813
MTG-R,105,vss_bs,1.129603752080256
MTG-R,105,vss_iss,-0.3452501827596253
MTG-R,105.83330000000001,iss_bs,1.4492156080390797
MTG-R,105.83330000000001,vss_bs,1.1027200239416894
MTG-R,105.83330000000001,vss_iss,-0.34649558409739023
MTG-R,106.6667,iss_bs,1.4232627471766632
MTG-R,106.6667,vss_bs,1.076869704009693
MTG-R,106.6667,vss_iss,-0.3463930431669701
MTG-R,107.5,iss_bs,1.3971549457961394
MTG-R,107.5,vss_bs,1.0521795628819872
MTG-R,107.5,vss_iss,-0.3449753829141522
MTG-R,108.3333,iss_bs,1.371051739381358
MTG-R,108.3333,vss_bs,1.0287516849573524
MTG-R,108.3333,vss_iss,-0.34230005442400563
MTG-R,109.1667,iss_bs,1.3451112998372927
MTG-R,109.1667,vss_bs,1.0066637361677366
MTG-R,109.1667,vss_iss,-0.33844756366955614
MTG-R,110,iss_bs,1.3194890054920727
MTG-R,110,vss_bs,0.9859695902723332
MTG-R,110,vss_iss,-0.33351941521973966
MTG-R,110.8333,iss_bs,1.2943359057068418
MTG-R,110.8333,vss_bs,0.9667002785916149
MTG-R,110.8333,vss_iss,-0.32763562711522687
MTG-R,111.66669999999999,iss_bs,1.2697971040621578
MTG-R,111.66669999999999,vss_bs,0.9488652240865598
MTG-R,111.66669999999999,vss_iss,-0.3209318799755981
MTG-R,112.5,iss_bs,1.2460100885236118
MTG-R,112.5,vss_bs,0.932453717830508
MTG-R,112.5,vss_iss,-0.31355637069310377
MTG-R,113.3333,iss_bs,1.2231030408305745
MTG-R,113.3333,vss_bs,0.9174365941816661
MTG-R,113.3333,vss_iss,-0.3056664466489085
MTG-R,114.16669999999999,iss_bs,1.201193160469479
MTG-R,114.16669999999999,vss_bs,0.9037680603190128
MTG-R,114.16669999999999,vss_iss,-0.2974251001504662
MTG-R,115,iss_bs,1.1803850408720282
MTG-R,115,vss_bs,0.8913876362021832
MTG-R,115,vss_iss,-0.2889974046698451
MTG-R,115.8333,iss_bs,1.1607691368246407
MTG-R,115.8333,vss_bs,0.8802221623817839
MTG-R,115.8333,vss_iss,-0.28054697444285687
MTG-R,116.66669999999999,iss_bs,1.1424203624167564
MTG-R,116.66669999999999,vss_bs,0.8701878353244018
MTG-R,116.66669999999999,vss_iss,-0.2722325270923545
MTG-R,117.5,iss_bs,1.1253968581463327
MTG-R,117.5,vss_bs,0.8611922329123861
MTG-R,117.5,vss_iss,-0.2642046252339466
MTG-R,118.33330000000001,iss_bs,1.1097389640225377
MTG-R,118.33330000000001,vss_bs,0.8531362964048377
MTG-R,118.33330000000001,vss_iss,-0.2566026676177
MTG-R,119.1667,iss_bs,1.095468432667829
MTG-R,119.1667,vss_bs,0.8459162392654103
MTG-R,119.1667,vss_iss,-0.24955219340241874
MTG-R,120,iss_bs,1.082587912563013
MTG-R,120,vss_bs,0.8394253577314414
MTG-R,120,vss_iss,-0.2431625548315714
MTG-R,120.83330000000001,iss_bs,1.0710807267666345
MTG-R,120.83330000000001,vss_bs,0.833555722673147
MTG-R,120.83330000000001,vss_iss,-0.23752500409348754
MTG-R,121.6667,iss_bs,1.0609109667680305
MTG-R,121.6667,vss_bs,0.8281997370287626
MTG-R,121.6667,vss_iss,-0.23271122973926794
MTG-R,122.5,iss_bs,1.0520239147216552
MTG-R,122.5,vss_bs,0.8232515477666801
MTG-R,122.5,vss_iss,-0.22877236695497516
MTG-R,123.33330000000001,iss_bs,1.0443468003008958
MTG-R,123.33330000000001,vss_bs,0.8186083057928956
MTG-R,123.33330000000001,vss_iss,-0.22573849450800026
MTG-R,124.1667,iss_bs,1.03778989096466
MTG-R,124.1667,vss_bs,0.81417127137982
MTG-R,124.1667,vss_iss,-0.2236186195848397
MTG-R,125,iss_bs,1.0322479067270478
MTG-R,125,vss_bs,0.8098467664441482
MTG-R,125,vss_iss,-0.22240114028289965
MTG-R,125.83330000000001,iss_bs,1.0276017427486652
MTG-R,125.83330000000001,vss_bs,0.8055469782690065
MTG-R,125.83330000000001,vss_iss,-0.22205476447965874
MTG-R,126.66669999999999,iss_bs,1.02372047542337
MTG-R,126.66669999999999,vss_bs,0.8011906219906294
MTG-R,126.66669999999999,vss_iss,-0.22252985343274057
MTG-R,127.5,iss_bs,1.020463620313971
MTG-R,127.5,vss_bs,0.79670347131389
MTG-R,127.5,vss_iss,-0.2237601490000811
MTG-R,128.3333,iss_bs,1.0176836034895644
MTG-R,128.3333,vss_bs,0.7920187684673502
MTG-R,128.3333,vss_iss,-0.22566483502221413
MTG-R,129.1667,iss_bs,1.0152284017211641
MTG-R,129.1667,vss_bs,0.7870775253597388
MTG-R,129.1667,vss_iss,-0.22815087636142534
MTG-R,130,iss_bs,1.0129443017745694
MTG-R,130,vss_bs,0.7818287282791019
MTG-R,130,vss_iss,-0.23111557349546746
MTG-R,130.8333,iss_bs,1.0106787248543136
MTG-R,130.8333,vss_bs,0.7762294583233244
MTG-R,130.8333,vss_iss,-0.23444926653098921
MTG-R,131.6667,iss_bs,1.008283059232569
MTG-R,131.6667,vss_bs,0.7702449391233265
MTG-R,131.6667,vss_iss,-0.23803812010924244
MTG-R,132.5,iss_bs,1.0056154423483714
MTG-R,132.5,vss_bs,0.7638485223876604
MTG-R,132.5,vss_iss,-0.2417669199607109
MTG-R,133.33329999999998,iss_bs,1.002543433261853
MTG-R,133.33329999999998,vss_bs,0.7570216204403357
MTG-R,133.33329999999998,vss_iss,-0.24552181282151722
MTG-R,134.1667,iss_bs,0.9989465173402313
MTG-R,134.1667,vss_bs,0.7497535933307141
MTG-R,134.1667,vss_iss,-0.24919292400951726
MTG-R,135,iss_bs,0.9947183874477967
MTG-R,135,vss_bs,0.7420415963578746
MTG-R,135,vss_iss,-0.2526767910899221
MTG-R,135.83329999999998,iss_bs,0.9897689496867974
MTG-R,135.83329999999998,vss_bs,0.7338903920658152
MTG-R,135.83329999999998,vss_iss,-0.25587855762098227
MTG-R,136.6667,iss_bs,0.984026006831469
MTG-R,136.6667,vss_bs,0.7253121290212933
MTG-R,136.6667,vss_iss,-0.2587138778101757
MTG-R,137.5,iss_bs,0.9774365789198306
MTG-R,137.5,vss_bs,0.7163260880700197
MTG-R,137.5,vss_iss,-0.26111049084981086
MTG-R,138.33329999999998,iss_bs,0.9699678278919509
MTG-R,138.33329999999998,vss_bs,0.7069583953561439
MTG-R,138.33329999999998,vss_iss,-0.263009432535807
MTG-R,139.1667,iss_bs,0.9616075615336306
MTG-R,139.1667,vss_bs,0.6972417002529743
MTG-R,139.1667,vss_iss,-0.26436586128065626
MTG-R,140,iss_bs,0.9523643011181961
MTG-R,140,vss_bs,0.6872148155424155
MTG-R,140,vss_iss,-0.2651494855757806
MTG-R,140.8333,iss_bs,0.9422669068317017
MTG-R,140.8333,vss_bs,0.6769223167375986
MTG-R,140.8333,vss_iss,-0.265344590094103
MTG-R,141.66670000000002,iss_bs,0.9313637650951729
MTG-R,141.66670000000002,vss_bs,0.6664140973896152
MTG-R,141.66670000000002,vss_iss,-0.26494966770555767
MTG-R,142.5,iss_bs,0.9197215520256222
MTG-R,142.5,vss_bs,0.6557448775637092
MTG-R,142.5,vss_iss,-0.2639766744619131
MTG-R,143.3333,iss_bs,0.9074235972629388
MTG-R,143.3333,vss_bs,0.6449736634011127
MTG-R,143.3333,vss_iss,-0.26244993386182597
MTG-R,144.16670000000002,iss_bs,0.8945678819873322
MTG-R,144.16670000000002,vss_bs,0.6341631567753998
MTG-R,144.16670000000002,vss_iss,-0.2604047252119323
MTG-R,145,iss_bs,0.8812647139233023
MTG-R,145,vss_bs,0.6233791154640235
MTG-R,145,vss_iss,-0.2578855984592789
MTG-R,145.8333,iss_bs,0.8676341302409284
MTG-R,145.8333,vss_bs,0.6126896659320661
MTG-R,145.8333,vss_iss,-0.25494446430886236
MTG-R,146.66670000000002,iss_bs,0.8538030863129323
MTG-R,146.66670000000002,vss_bs,0.6021645726985279
MTG-R,146.66670000000002,vss_iss,-0.25163851361440454
MTG-R,147.5,iss_bs,0.8399024940747177
MTG-R,147.5,vss_bs,0.591874470248959
MTG-R,147.5,vss_iss,-0.24802802382575875
MTG-R,148.3333,iss_bs,0.8260641781027804
MTG-R,148.3333,vss_bs,0.5818900654884878
MTG-R,148.3333,vss_iss,-0.24417411261429262
MTG-R,149.16670000000002,iss_bs,0.8124178203423693
MTG-R,149.16670000000002,vss_bs,0.5722813207084037
MTG-R,149.16670000000002,vss_iss,-0.24013649963396572
MTG-R,150,iss_bs,0.7990879655823087
MTG-R,150,vss_bs,0.5631166288790209
MTG-R,150,vss_iss,-0.2359713367032877
MTG-R,150.8333,iss_bs,0.7861911592366037
MTG-R,150.8333,vss_bs,0.5544619946958165
MTG-R,150.8333,vss_iss,-0.23172916454078715
MTG-R,151.6667,iss_bs,0.7738332867306847
MTG-R,151.6667,vss_bs,0.5463802361129599
MTG-R,151.6667,vss_iss,-0.22745305061772483
MTG-R,152.5,iss_bs,0.7621071798308078
MTG-R,152.5,vss_bs,0.5389302220271132
MTG-R,152.5,vss_iss,-0.22317695780369462
MTG-R,153.3333,iss_bs,0.7510905496634048
MTG-R,153.3333,vss_bs,0.5321661622618764
MTG-R,153.3333,vss_iss,-0.21892438740152845
MTG-R,154.1667,iss_bs,0.7408442990546571
MTG-R,154.1667,vss_bs,0.5261369660026555
MTG-R,154.1667,vss_iss,-0.2147073330520016
MTG-R,155,iss_bs,0.7314112583251139
MTG-R,155,vss_bs,0.5208856843092242
MTG-R,155,vss_iss,-0.2105255740158897
MTG-R,155.8333,iss_bs,0.72281537898104
MTG-R,155.8333,vss_bs,0.5164490512741021
MTG-R,155.8333,vss_iss,-0.20636632770693777
MTG-R,156.6667,iss_bs,0.7150614090679678
MTG-R,156.6667,vss_bs,0.5128571368006725
MTG-R,156.6667,vss_iss,-0.20220427226729534
MTG-R,157.5,iss_bs,0.7081350625331273
MTG-R,157.5,vss_bs,0.5101331218666741
MTG-R,157.5,vss_iss,-0.1980019406664532
MTG-R,158.3333,iss_bs,0.7020036830457456
MTG-R,158.3333,vss_bs,0.508293204555511
MTG-R,158.3333,vss_iss,-0.19371047849023462
MTG-R,159.1667,iss_bs,0.6966173906263926
MTG-R,159.1667,vss_bs,0.507346642136013
MTG-R,159.1667,vss_iss,-0.18927074849037953
MTG-R,160,iss_bs,0.6919106874275507
MTG-R,160,vss_bs,0.5072959311240871
MTG-R,160,vss_iss,-0.18461475630346355
MTG-R,160.8333,iss_bs,0.6878044873779544
MTG-R,160.8333,vss_bs,0.5081371236548793
MTG-R,160.8333,vss_iss,-0.1796673637230751
MTG-R,161.6667,iss_bs,0.6842085234403188
MTG-R,161.6667,vss_bs,0.5098602747305307
MTG-R,161.6667,vss_iss,-0.17434824870978805
MTG-R,162.5,iss_bs,0.6810240762104551
MTG-R,162.5,vss_bs,0.5124500110967583
MTG-R,162.5,vss_iss,-0.16857406511369682
MTG-R,163.33329999999998,iss_bs,0.6781469587627141
MTG-R,163.33329999999998,vss_bs,0.5158862087553254
MTG-R,163.33329999999998,vss_iss,-0.16226075000738865
MTG-R,164.1667,iss_bs,0.6754706852547082
MTG-R,164.1667,vss_bs,0.5201447625592646
MTG-R,164.1667,vss_iss,-0.1553259226954437
MTG-R,165,iss_bs,0.6728897450440363
MTG-R,165,vss_bs,0.5251984280792937
MTG-R,165,vss_iss,-0.14769131696474253
MTG-R,165.83329999999998,iss_bs,0.6703029001076659
MTG-R,165.83329999999998,vss_bs,0.5310177130883711
MTG-R,165.83329999999998,vss_iss,-0.13928518701929488
MTG-R,166.6667,iss_bs,0.667616421514885
MTG-R,166.6667,vss_bs,0.5375717936918696
MTG-R,166.6667,vss_iss,-0.1300446278230154
MTG-R,167.5,iss_bs,0.664747180668449
MTG-R,167.5,vss_bs,0.5448294284270819
MTG-R,167.5,vss_iss,-0.11991775224136703
MTG-R,168.33329999999998,iss_bs,0.661625513029501
MTG-R,168.33329999999998,vss_bs,0.5527598426484921
MTG-R,168.33329999999998,vss_iss,-0.10886567038100885
MTG-R,169.1667,iss_bs,0.6581977760656305
MTG-R,169.1667,vss_bs,0.5613335552654752
MTG-R,169.1667,vss_iss,-0.0968642208001552
MTG-R,170,iss_bs,0.6544285291457699
MTG-R,170,vss_bs,0.570523120450022
MTG-R,170,vss_iss,-0.08390540869574789
MTG-R,170.83329999999998,iss_bs,0.6503022709384438
MTG-R,170.83329999999998,vss_bs,0.580303758302743
MTG-R,170.83329999999998,vss_iss,-0.06999851263570082
MTG-R,171.6667,iss_bs,0.6458246793963629
MTG-R,171.6667,vss_bs,0.5906538506542137
MTG-R,171.6667,vss_iss,-0.0551708287421492
MTG-R,172.5,iss_bs,0.64102331042935
MTG-R,172.5,vss_bs,0.6015552811572574
MTG-R,172.5,vss_iss,-0.03946802927209257
MTG-R,173.3333,iss_bs,0.6359477236425815
MTG-R,173.3333,vss_bs,0.6129936025440653
MTG-R,173.3333,vss_iss,-0.0229541210985162
MTG-R,174.16670000000002,iss_bs,0.630669016775641
MTG-R,174.16670000000002,vss_bs,0.6249580183049896
MTG-R,174.16670000000002,vss_iss,-0.005710998470651368
MTG-R,175,iss_bs,0.6252787644216162
MTG-R,175,vss_bs,0.6374411709972991
MTG-R,175,vss_iss,0.012162406575682875
MTG-R,175.8333,iss_bs,0.6198873709144004
MTG-R,175.8333,vss_bs,0.6504387347955689
MTG-R,175.8333,vss_iss,0.030551363881168497
MTG-R,176.66670000000002,iss_bs,0.614621861613737
MTG-R,176.66670000000002,vss_bs,0.6639488156166645
MTG-R,176.66670000000002,vss_iss,0.0493269540029276
MTG-R,177.5,iss_bs,0.6096231508521043
MTG-R,177.5,vss_bs,0.6779711680434576
MTG-R,177.5,vss_iss,0.0683480171913532
MTG-R,178.3333,iss_bs,0.6050428381993108
MTG-R,178.3333,vss_bs,0.692506244173904
MTG-R,178.3333,vss_iss,0.0874634059745932
MTG-R,179.16670000000002,iss_bs,0.6010395971230511
MTG-R,179.16670000000002,vss_bs,0.7075540952707267
MTG-R,179.16670000000002,vss_iss,0.10651449814767552
MTG-R,180,iss_bs,0.5977752312686292
MTG-R,180,vss_bs,0.7231131525149015
MTG-R,180,vss_iss,0.1253379212462724
MTG-R,180.8333,iss_bs,0.595410483166215
MTG-R,180.8333,vss_bs,0.7391789181087428
MTG-R,180.8333,vss_iss,0.14376843494252778
MTG-R,181.6667,iss_bs,0.5941006879495756
MTG-R,181.6667,vss_bs,0.7557426022746833
MTG-R,181.6667,vss_iss,0.16164191432510758
MTG-R,182.5,iss_bs,0.5939913704251987
MTG-R,182.5,vss_bs,0.7727897452082215
MTG-R,182.5,vss_iss,0.17879837478302288
MTG-R,183.3333,iss_bs,0.5952138873990913
MTG-R,183.3333,vss_bs,0.7902988656387796
MTG-R,183.3333,vss_iss,0.1950849782396883
MTG-R,184.1667,iss_bs,0.5978812184324158
MTG-R,184.1667,vss_bs,0.8082401792215175
MTG-R,184.1667,vss_iss,0.21035896078910166
MTG-R,185,iss_bs,0.6020840070916816
MTG-R,185,vss_bs,0.8265744304411806
MTG-R,185,vss_iss,0.22449042334949898
MTG-R,185.8333,iss_bs,0.6078869512735489
MTG-R,185.8333,vss_bs,0.8452518809979088
MTG-R,185.8333,vss_iss,0.23736492972435994
MTG-R,186.6667,iss_bs,0.6153256353630501
MTG-R,186.6667,vss_bs,0.8642114957356045
MTG-R,186.6667,vss_iss,0.24888586037255445
MTG-R,187.5,iss_bs,0.6244038889270221
MTG-R,187.5,vss_bs,0.88338036406865
MTG-R,187.5,vss_iss,0.2589764751416278
MTG-R,188.3333,iss_bs,0.635091746504331
MTG-R,188.3333,vss_bs,0.9026733905965856
MTG-R,188.3333,vss_iss,0.26758164409225454
MTG-R,189.1667,iss_bs,0.6473240710348831
MTG-R,189.1667,vss_bs,0.9219932832356957
MTG-R,189.1667,vss_iss,0.2746692122008126
MTG-R,190,iss_bs,0.6609998898191923
MTG-R,190,vss_bs,0.9412308608389878
MTG-R,190,vss_iss,0.2802309710197955
MTG-R,190.8333,iss_bs,0.6759824769105238
MTG-R,190.8333,vss_bs,0.9602656950497358
MTG-R,190.8333,vss_iss,0.284283218139212
MTG-R,191.6667,iss_bs,0.6921001998364591
MTG-R,191.6667,vss_bs,0.9789670931934185
MTG-R,191.6667,vss_iss,0.28686689335695925
MTG-R,192.5,iss_bs,0.7091481318789975
MTG-R,192.5,vss_bs,0.9971954205378297
MTG-R,192.5,vss_iss,0.28804728865883233
MTG-R,193.3333,iss_bs,0.7268904141833428
MTG-R,193.3333,vss_bs,1.014803751440295
MTG-R,193.3333,vss_iss,0.2879133372569523
MTG-R,194.1667,iss_bs,0.7450633350982384
MTG-R,194.1667,vss_bs,1.0316398299692815
MTG-R,194.1667,vss_iss,0.28657649487104303
MTG-R,195,iss_bs,0.7633790777600314
MTG-R,195,vss_bs,1.0475483117600843
MTG-R,195,vss_iss,0.2841692340000529
MTG-R,195.83329999999998,iss_bs,0.7815300713970402
MTG-R,195.83329999999998,vss_bs,1.0623732503706647
MTG-R,195.83329999999998,vss_iss,0.28084317897362443
MTG-R,196.6667,iss_bs,0.7991938675129343
MTG-R,196.6667,vss_bs,1.0759607834731257
MTG-R,196.6667,vss_iss,0.27676691596019143
MTG-R,197.5,iss_bs,0.8160384493468936
MTG-R,197.5,vss_bs,1.0881619670706475
MTG-R,197.5,vss_iss,0.27212351772375376
MTG-R,198.33329999999998,iss_bs,0.8317278721104671
MTG-R,198.33329999999998,vss_bs,1.098835699778066
MTG-R,198.33329999999998,vss_iss,0.2671078276675989
MTG-R,199.1667,iss_bs,0.8459281227343549
MTG-R,199.1667,vss_bs,1.1078516742376783
MTG-R,199.1667,vss_iss,0.26192355150332336
MTG-R,200,iss_bs,0.8583130814430292
MTG-R,200,vss_bs,1.1150932891263161
MTG-R,200,vss_iss,0.2567802076832869
MTG-R,200.83329999999998,iss_bs,0.868570463581741
MTG-R,200.83329999999998,vss_bs,1.1204604530837672
MTG-R,200.83329999999998,vss_iss,0.25188998950202623
MTG-R,201.6667,iss_bs,0.8764076188622332
MTG-R,201.6667,vss_bs,1.1238722113602326
MTG-R,201.6667,vss_iss,0.24746459249799946
MTG-R,202.5,iss_bs,0.8815570666252897
MTG-R,202.5,vss_bs,1.1252691271097495
MTG-R,202.5,vss_iss,0.2437120604844599
MTG-R,203.3333,iss_bs,0.8837816498342993
MTG-R,203.3333,vss_bs,1.1246153520759117
MTG-R,203.3333,vss_iss,0.24083370224161232
MTG-R,204.16670000000002,iss_bs,0.8828791972469356
MTG-R,204.16670000000002,vss_bs,1.1219003259123876
MTG-R,204.16670000000002,vss_iss,0.23902112866545203
MTG-R,205,iss_bs,0.8786865924348546
MTG-R,205,vss_bs,1.117140049499193
MTG-R,205,vss_iss,0.23845345706433832
MTG-R,205.8333,iss_bs,0.8710831598494115
MTG-R,205.8333,vss_bs,1.1103778852593087
MTG-R,205.8333,vss_iss,0.23929472540989705
MTG-R,206.66670000000002,iss_bs,0.8599932917261287
MTG-R,206.66670000000002,vss_bs,1.1016848465120859
MTG-R,206.66670000000002,vss_iss,0.24169155478595727
MTG-R,207.5,iss_bs,0.8453882549950437
MTG-R,207.5,vss_bs,1.0911593481444082
MTG-R,207.5,vss_iss,0.24577109314936463
MTG-R,208.3333,iss_bs,0.8272871341887281
MTG-R,208.3333,vss_bs,1.07892640212806
MTG-R,208.3333,vss_iss,0.251639267939332
MTG-R,209.16670000000002,iss_bs,0.8057568842497536
MTG-R,209.16670000000002,vss_bs,1.065136253421551
MTG-R,209.16670000000002,vss_iss,0.2593793691717974
MTG-R,210,iss_bs,0.780911485743373
MTG-R,210,vss_bs,1.049962464301538
MTG-R,210,vss_iss,0.26905097855816507
MTG-R,210.8333,iss_bs,0.7529102138692148
MTG-R,210.8333,vss_bs,1.0335994678878424
MTG-R,210.8333,vss_iss,0.2806892540186277
MTG-R,211.66670000000002,iss_bs,0.7219550514190796
MTG-R,211.66670000000002,vss_bs,1.016259624259859
MTG-R,211.66670000000002,vss_iss,0.2943045728407793
MTG-R,212.5,iss_bs,0.6882872940284324
MTG-R,212.5,vss_bs,0.9981698248073275
MTG-R,212.5,vss_iss,0.3098825307788952
MTG-R,213.3333,iss_bs,0.6521834133090807
MTG-R,213.3333,vss_bs,0.9795677020138366
MTG-R,213.3333,vss_iss,0.32738428870475583
MTG-R,214.1667,iss_bs,0.6139502593412371
MTG-R,214.1667,vss_bs,0.9606975124443596
MTG-R,214.1667,vss_iss,0.3467472531031225
MTG-R,215,iss_bs,0.5739196981854091
MTG-R,215,vss_bs,0.9418057700226576
MTG-R,215,vss_iss,0.36788607183724853
MTG-R,215.8333,iss_bs,0.5324427922250022
MTG-R,215.8333,vss_bs,0.9231367144877483
MTG-R,215.8333,vss_iss,0.390693922262746
MTG-R,216.6667,iss_bs,0.48988364099148657
MTG-R,216.6667,vss_bs,0.9049277059887717
MTG-R,216.6667,vss_iss,0.4150440649972852
MTG-R,217.5,iss_bs,0.4466130074278016
MTG-R,217.5,vss_bs,0.8874046409278858
MTG-R,217.5,vss_iss,0.44079163350008427
MTG-R,218.3333,iss_bs,0.40300185914195585
MTG-R,218.3333,vss_bs,0.8707774862470294
MTG-R,218.3333,vss_iss,0.46777562710507353
MTG-R,219.1667,iss_bs,0.3594149559811666
MTG-R,219.1667,vss_bs,0.8552360292775745
MTG-R,219.1667,vss_iss,0.4958210732964079
MTG-R,220,iss_bs,0.3162046141709607
MTG-R,220,vss_bs,0.8409459379827617
MTG-R,220,vss_iss,0.5247413238118012
MTG-R,220.8333,iss_bs,0.2737047733308786
MTG-R,220.8333,vss_bs,0.8280452219233123
MTG-R,220.8333,vss_iss,0.5543404485924337
MTG-R,221.6667,iss_bs,0.2322254859815918
MTG-R,221.6667,vss_bs,0.8166411776215032
MTG-R,221.6667,vss_iss,0.5844156916399114
MTG-R,222.5,iss_bs,0.19204793984211058
MTG-R,222.5,vss_bs,0.8068078932948453
MTG-R,222.5,vss_iss,0.6147599534527347
MTG-R,223.3333,iss_bs,0.15342011148525567
MTG-R,223.3333,vss_bs,0.798584377335095
MTG-R,223.3333,vss_iss,0.6451642658498394
MTG-R,224.1667,iss_bs,0.11655313603448918
MTG-R,224.1667,vss_bs,0.7919733626268287
MTG-R,224.1667,vss_iss,0.6754202265923395
MTG-R,225,iss_bs,0.08161846185457586
MTG-R,225,vss_bs,0.7869408250818722
MTG-R,225,vss_iss,0.7053223632272964
MTG-R,225.83329999999998,iss_bs,0.048745841963986
MTG-R,225.83329999999998,vss_bs,0.7834162398992522
MTG-R,225.83329999999998,vss_iss,0.7346703979352662
MTG-R,226.6667,iss_bs,0.018022195563976814
MTG-R,226.6667,vss_bs,0.7812935833661032
MTG-R,226.6667,vss_iss,0.7632713878021264
MTG-R,227.5,iss_bs,-0.010508645950406716
MTG-R,227.5,vss_bs,0.7804330718390972
MTG-R,227.5,vss_iss,0.7909417177895038
MTG-R,228.33329999999998,iss_bs,-0.03684531343133796
MTG-R,228.33329999999998,vss_bs,0.7806636132526865
MTG-R,228.33329999999998,vss_iss,0.8175089266840245
MTG-R,229.1667,iss_bs,-0.06102741893959568
MTG-R,229.1667,vss_bs,0.7817859304629723
MTG-R,229.1667,vss_iss,0.8428133494025679
MTG-R,230,iss_bs,-0.08313326183410621
MTG-R,230,vss_bs,0.7835763003284203
MTG-R,230,vss_iss,0.8667095621625265
MTG-R,230.83329999999998,iss_bs,-0.10327678212467035
MTG-R,230.83329999999998,vss_bs,0.7857908380169014
MTG-R,230.83329999999998,vss_iss,0.8890676201415718
MTG-R,231.6667,iss_bs,-0.12160383734406191
MTG-R,231.6667,vss_bs,0.788170242961116
MTG-R,231.6667,vss_iss,0.9097740803051779
MTG-R,232.5,iss_bs,-0.1382878935486355
MTG-R,232.5,vss_bs,0.7904449114847923
MTG-R,232.5,vss_iss,0.9287328050334278
MTG-R,233.33329999999998,iss_bs,-0.15352523331999343
MTG-R,233.33329999999998,vss_bs,0.7923403116794
MTG-R,233.33329999999998,vss_iss,0.9458655449993933
MTG-R,234.1667,iss_bs,-0.16752979354021416
MTG-R,234.1667,vss_bs,0.7935825088739902
MTG-R,234.1667,vss_iss,0.9611123024142043
MTG-R,235,iss_bs,-0.18052775303000385
MTG-R,235,vss_bs,0.7939037252098908
MTG-R,235,vss_iss,0.9744314782398946
MTG-R,235.8333,iss_bs,-0.19275199471269877
MTG-R,235.8333,vss_bs,0.7930478145550179
MTG-R,235.8333,vss_iss,0.9857998092677167
MTG-R,236.66670000000002,iss_bs,-0.20443656869958815
MTG-R,236.66670000000002,vss_bs,0.7907755343599566
MTG-R,236.66670000000002,vss_iss,0.9952121030595448
MTG-R,237.5,iss_bs,-0.21581128155126417
MTG-R,237.5,vss_bs,0.7868694990994982
MTG-R,237.5,vss_iss,1.0026807806507623
MTG-R,238.3333,iss_bs,-0.2270965329889847
MTG-R,238.3333,vss_bs,0.7811387056272723
MTG-R,238.3333,vss_iss,1.008235238616257
MTG-R,239.16670000000002,iss_bs,-0.23849851460811342
MTG-R,239.16670000000002,vss_bs,0.7734225290033264
MTG-R,239.16670000000002,vss_iss,1.0119210436114399
MTG-R,240,iss_bs,-0.2502048758437179
MTG-R,240,vss_bs,0.7635940979802405
MTG-R,240,vss_iss,1.0137989738239583
MTG-R,240.8333,iss_bs,-0.26238095077659945
MTG-R,240.8333,vss_bs,0.7515629721402493
MTG-R,240.8333,vss_iss,1.0139439229168488
MTG-R,241.66670000000002,iss_bs,-0.27516662562092603
MTG-R,241.66670000000002,vss_bs,0.7372770573974119
MTG-R,241.66670000000002,vss_iss,1.0124436830183379
MTG-R,242.5,iss_bs,-0.28867391122349734
MTG-R,242.5,vss_bs,0.7207237129008734
MTG-R,242.5,vss_iss,1.0093976241243707
MTG-R,243.3333,iss_bs,-0.3029852679915932
MTG-R,243.3333,vss_bs,0.7019300199423552
MTG-R,243.3333,vss_iss,1.0049152879339482
MTG-R,244.1667,iss_bs,-0.31815271274427687
MTG-R,244.1667,vss_bs,0.6809622018937668
MTG-R,244.1667,vss_iss,0.9991149146380437
MTG-R,245,iss_bs,-0.3341977184671972
MTG-R,245,vss_bs,0.6579242030659154
MTG-R,245,vss_iss,0.9921219215331125
MTG-R,245.8333,iss_bs,-0.35111189927153286
MTG-R,245.8333,vss_bs,0.6329554532574952
MTG-R,245.8333,vss_iss,0.984067352529028
MTG-R,246.6667,iss_bs,-0.3688584544455373
MTG-R,246.6667,vss_bs,0.6062278632208755
MTG-R,246.6667,vss_iss,0.9750863176664128
MTG-R,247.5,iss_bs,-0.38737432776662406
MTG-R,247.5,vss_bs,0.5779421138777905
MTG-R,247.5,vss_iss,0.9653164416444144
MTG-R,248.3333,iss_bs,-0.40657302162013126
MTG-R,248.3333,vss_bs,0.5483233184600056
MTG-R,248.3333,vss_iss,0.9548963400801369
MTG-R,249.1667,iss_bs,-0.42634799032966225
MTG-R,249.1667,vss_bs,0.5176161514372369
MTG-R,249.1667,vss_iss,0.9439641417668991
MTG-R,250,iss_bs,-0.4465765237882861
MTG-R,250,vss_bs,0.4860795507723787
MTG-R,250,vss_iss,0.9326560745606648
MTG-R,250.83329999999998,iss_bs,-0.467124021293564
MTG-R,250.83329999999998,vss_bs,0.45398111040008465
MTG-R,250.83329999999998,vss_iss,0.9211051316936486
MTG-R,251.66670000000002,iss_bs,-0.4878485466846733
MTG-R,251.66670000000002,vss_bs,0.4215912875976298
MTG-R,251.66670000000002,vss_iss,0.909439834282303
MTG-R,252.5,iss_bs,-0.5086055496538776
MTG-R,252.5,vss_bs,0.38917755490373696
MTG-R,252.5,vss_iss,0.8977831045576146
MTG-R,253.33329999999998,iss_bs,-0.5292526345941363
MTG-R,253.33329999999998,vss_bs,0.35699862829996265
MTG-R,253.33329999999998,vss_iss,0.8862512628940988
MTG-R,254.16670000000002,iss_bs,-0.5496542576230259
MTG-R,254.16670000000002,vss_bs,0.325298902427699
MTG-R,254.16670000000002,vss_iss,0.8749531600507249
MTG-R,255,iss_bs,-0.5696862344987175
MTG-R,255,vss_bs,0.29430321966635853
MTG-R,255,vss_iss,0.8639894541650759
MTG-R,255.83329999999998,iss_bs,-0.5892399469604768
MTG-R,255.83329999999998,vss_bs,0.26421209301103343
MTG-R,255.83329999999998,vss_iss,0.8534520399715101
MTG-R,256.66670000000005,iss_bs,-0.6082261424637977
MTG-R,256.66670000000005,vss_bs,0.23519749299548337
MTG-R,256.66670000000005,vss_iss,0.8434236354592811
MTG-R,257.5,iss_bs,-0.6265782321587394
MTG-R,257.5,vss_bs,0.20739929660981893
MTG-R,257.5,vss_iss,0.8339775287685582
MTG-R,258.3333,iss_bs,-0.6442550040426136
MTG-R,258.3333,vss_bs,0.18092248152634874
MTG-R,258.3333,vss_iss,0.8251774855689624
MTG-R,259.16670000000005,iss_bs,-0.6612426822181533
MTG-R,259.16670000000005,vss_bs,0.1558351322918202
MTG-R,259.16670000000005,vss_iss,0.8170778145099735
MTG-R,260,iss_bs,-0.677556278774623
MTG-R,260,vss_bs,0.13216730684102496
MTG-R,260,vss_iss,0.809723585615648
MTG-R,260.8333,iss_bs,-0.6932402016160485
MTG-R,260.8333,vss_bs,0.10991079214740274
MTG-R,260.8333,vss_iss,0.8031509937634512
MTG-R,261.6667,iss_bs,-0.7083680991936404
MTG-R,261.6667,vss_bs,0.08901975749539591
MTG-R,261.6667,vss_iss,0.7973878566890363
MTG-R,262.5,iss_bs,-0.723041941147389
MTG-R,262.5,vss_bs,0.06941229320334157
MTG-R,262.5,vss_iss,0.7924542343507306
MTG-R,263.3333,iss_bs,-0.7373903519044592
MTG-R,263.3333,vss_bs,0.05097280212229668
MTG-R,263.3333,vss_iss,0.7883631540267559
MTG-R,264.1667,iss_bs,-0.7515662319012397
MTG-R,264.1667,vss_bs,0.03355519136315639
MTG-R,264.1667,vss_iss,0.785121423264396
MTG-R,265,iss_bs,-0.7657437178844569
MTG-R,265,vss_bs,0.016986792928017354
MTG-R,265,vss_iss,0.7827305108124742
MTG-R,265.8333,iss_bs,-0.7801145493180902
MTG-R,265.8333,vss_bs,0.001072924686680368
MTG-R,265.8333,vss_iss,0.7811874740047705
MTG-R,266.6667,iss_bs,-0.7948839219203148
MTG-R,266.6667,vss_bs,-0.014398012143801313
MTG-R,266.6667,vss_iss,0.7804859097765134
MTG-R,267.5,iss_bs,-0.810265921459183
MTG-R,267.5,vss_bs,-0.02964901582056136
MTG-R,267.5,vss_iss,0.7806169056386215
MTG-R,268.3333,iss_bs,-0.8264786408733363
MTG-R,268.3333,vss_bs,-0.04490867432580834
MTG-R,268.3333,vss_iss,0.781569966547528
MTG-R,269.1667,iss_bs,-0.8437390913323026
MTG-R,269.1667,vss_bs,-0.060405197605585347
MTG-R,269.1667,vss_iss,0.7833338937267174
MTG-R,270,iss_bs,-0.8622580228434451
MTG-R,270,vss_bs,-0.07636043069942816
MTG-R,270,vss_iss,0.785897592144017
MTG-R,270.8333,iss_bs,-0.8822347723431813
MTG-R,270.8333,vss_bs,-0.09298398780356984
MTG-R,270.8333,vss_iss,0.7892507845396114
MTG-R,271.6667,iss_bs,-0.9038522568342863
MTG-R,271.6667,vss_bs,-0.11046764519932839
MTG-R,271.6667,vss_iss,0.7933846116349579
MTG-R,272.5,iss_bs,-0.9272722260679244
MTG-R,272.5,vss_bs,-0.1289801256479094
MTG-R,272.5,vss_iss,0.798292100420015
MTG-R,273.3333,iss_bs,-0.9526308835989494
MTG-R,273.3333,vss_bs,-0.14866239840878182
MTG-R,273.3333,vss_iss,0.8039684851901676
MTG-R,274.1667,iss_bs,-0.9800349769071869
MTG-R,274.1667,vss_bs,-0.16962360766161083
MTG-R,274.1667,vss_iss,0.810411369245576
MTG-R,275,iss_bs,-1.0095584468727319
MTG-R,275,vss_bs,-0.19193772805126044
MTG-R,275,vss_iss,0.8176207188214715
MTG-R,275.8333,iss_bs,-1.0412397144685548
MTG-R,275.8333,vss_bs,-0.2156410296461384
MTG-R,275.8333,vss_iss,0.8255986848224165
MTG-R,276.6667,iss_bs,-1.0750796683830344
MTG-R,276.6667,vss_bs,-0.24073041617394303
MTG-R,276.6667,vss_iss,0.8343492522090913
MTG-R,277.5,iss_bs,-1.1110404017406417
MTG-R,277.5,vss_bs,-0.26716268039673696
MTG-R,277.5,vss_iss,0.8438777213439046
MTG-R,278.3333,iss_bs,-1.149044729513698
MTG-R,278.3333,vss_bs,-0.2948546993689973
MTG-R,278.3333,vss_iss,0.8541900301447009
MTG-R,279.1667,iss_bs,-1.188976500996224
MTG-R,279.1667,vss_bs,-0.3236845705771429
MTG-R,279.1667,vss_iss,0.8652919304190813
MTG-R,280,iss_bs,-1.2306817042392726
MTG-R,280,vss_bs,-0.3534936680926624
MTG-R,280,vss_iss,0.8771880361466102
MTG-R,280.8333,iss_bs,-1.2739703420259445
MTG-R,280.8333,vss_bs,-0.3840895763951179
MTG-R,280.8333,vss_iss,0.8898807656308266
MTG-R,281.6667,iss_bs,-1.3186190421875725
MTG-R,281.6667,vss_bs,-0.41524983894065404
MTG-R,281.6667,vss_iss,0.9033692032469186
MTG-R,282.5,iss_bs,-1.364374349208655
MTG-R,282.5,vss_bs,-0.44672643935230033
MTG-R,282.5,vss_iss,0.9176479098563547
MTG-R,283.3333,iss_bs,-1.410956629492118
MTG-R,283.3333,vss_bs,-0.47825091574648165
MTG-R,283.3333,vss_iss,0.9327057137456366
MTG-R,284.1667,iss_bs,-1.4580645096801477
MTG-R,284.1667,vss_bs,-0.5095399936000198
MTG-R,284.1667,vss_iss,0.9485245160801279
MTG-R,285,iss_bs,-1.505379756332451
MTG-R,285,vss_bs,-0.5403016100675806
MTG-R,285,vss_iss,0.9650781462648702
MTG-R,285.8333,iss_bs,-1.5525724962901972
MTG-R,285.8333,vss_bs,-0.5702411930840453
MTG-R,285.8333,vss_iss,0.982331303206152
MTG-R,286.6667,iss_bs,-1.5993066703861272
MTG-R,286.6667,vss_bs,-0.5990680521658159
MTG-R,286.6667,vss_iss,1.0002386182203111
MTG-R,287.5,iss_bs,-1.6452456089301808
MTG-R,287.5,vss_bs,-0.6265017347220462
MTG-R,287.5,vss_iss,1.0187438742081347
MTG-R,288.3333,iss_bs,-1.6900576156793374
MTG-R,288.3333,vss_bs,-0.6522782019861867
MTG-R,288.3333,vss_iss,1.0377794136931509
MTG-R,289.1667,iss_bs,-1.7334214478040681
MTG-R,289.1667,vss_bs,-0.676155682384904
MTG-R,289.1667,vss_iss,1.0572657654191642
MTG-R,290,iss_bs,-1.7750315826484404
MTG-R,290,vss_bs,-0.6979200671999659
MTG-R,290,vss_iss,1.0771115154484745
MTG-R,290.8333,iss_bs,-1.814603167744599
MTG-R,290.8333,vss_bs,-0.7173897235944986
MTG-R,290.8333,vss_iss,1.0972134441501005
MTG-R,291.6667,iss_bs,-1.8518765584301284
MTG-R,291.6667,vss_bs,-0.7344196132381735
MTG-R,291.6667,vss_iss,1.1174569451919552
MTG-R,292.5,iss_bs,-1.8866213573229047
MTG-R,292.5,vss_bs,-0.748904620575569
MTG-R,292.5,vss_iss,1.1377167367473358
MTG-R,293.3333,iss_bs,-1.9186398815822712
MTG-R,293.3333,vss_bs,-0.7607820128740529
MTG-R,293.3333,vss_iss,1.1578578687082184
MTG-R,294.1667,iss_bs,-1.9477699970394409
MTG-R,294.1667,vss_bs,-0.7700329741426646
MTG-R,294.1667,vss_iss,1.1777370228967763
MTG-R,295,iss_bs,-1.9738872725937822
MTG-R,295,vss_bs,-0.7766831763664054
MTG-R,295,vss_iss,1.1972040962273767
MTG-R,295.8333,iss_bs,-1.996906423402694
MTG-R,295.8333,vss_bs,-0.7808023737520496
MTG-R,295.8333,vss_iss,1.2161040496506443
MTG-R,296.6667,iss_bs,-2.0167820269827494
MTG-R,296.6667,vss_bs,-0.7825030283091886
MTG-R,296.6667,vss_iss,1.2342789986735607
MTG-R,297.5,iss_bs,-2.0335085120250573
MTG-R,297.5,vss_bs,-0.7819379975612695
MTG-R,297.5,vss_iss,1.2515705144637879
MTG-R,298.3333,iss_bs,-2.0471194351465543
MTG-R,298.3333,vss_bs,-0.7792973369650673
MTG-R,298.3333,vss_iss,1.2678220981814867
MTG-R,299.1667,iss_bs,-2.057686075600879
MTG-R,299.1667,vss_bs,-0.7748042901973506
MTG-R,299.1667,vss_iss,1.282881785403528
MTG-R,300,iss_bs,-2.065315391826359
MTG-R,300,vss_bs,-0.7687105593559456
MTG-R,300,vss_iss,1.2966048324704136
MTG-R,300.8333,iss_bs,-2.0701473963103854
MTG-R,300.8333,vss_bs,-0.7612909638688151
MTG-R,300.8333,vss_iss,1.3088564324415701
MTG-R,301.6667,iss_bs,-2.072352016328783
MTG-R,301.6667,vss_bs,-0.7528376111092197
MTG-R,301.6667,vss_iss,1.3195144052195633
MTG-R,302.5,iss_bs,-2.0721255174456936
MTG-R,302.5,vss_bs,-0.7436537130365327
MTG-R,302.5,vss_iss,1.328471804409161
MTG-R,303.33329999999995,iss_bs,-2.0696865740486055
MTG-R,303.33329999999995,vss_bs,-0.7340471913479807
MTG-R,303.33329999999995,vss_iss,1.335639382700625
MTG-R,304.1667,iss_bs,-2.0652720765086583
MTG-R,304.1667,vss_bs,-0.7243242184378118
MTG-R,304.1667,vss_iss,1.3409478580708465
MTG-R,305,iss_bs,-2.059132767713251
MTG-R,305,vss_bs,-0.7147828427979195
MTG-R,305,vss_iss,1.3443499249153317
MTG-R,305.83329999999995,iss_bs,-2.0515288026851266
MTG-R,305.83329999999995,vss_bs,-0.7057068453211476
MTG-R,305.83329999999995,vss_iss,1.345821957363979
MTG-R,306.6667,iss_bs,-2.0427253238005285
MTG-R,306.6667,vss_bs,-0.6973599673323141
MTG-R,306.6667,vss_iss,1.3453653564682144
MTG-R,307.5,iss_bs,-2.0329881408222636
MTG-R,307.5,vss_bs,-0.6899806422018586
MTG-R,307.5,vss_iss,1.3430074986204052
MTG-R,308.33329999999995,iss_bs,-2.0225795996940064
MTG-R,308.33329999999995,vss_bs,-0.6837773503025336
MTG-R,308.33329999999995,vss_iss,1.3388022493914726
MTG-R,309.1667,iss_bs,-2.0117547169681553
MTG-R,309.1667,vss_bs,-0.6789247021352389
MTG-R,309.1667,vss_iss,1.3328300148329164
MTG-R,310,iss_bs,-2.0007576480701608
MTG-R,310,vss_bs,-0.6755603370286214
MTG-R,310,vss_iss,1.3251973110415394
MTG-R,310.83329999999995,iss_bs,-1.9898185475817884
MTG-R,310.83329999999995,vss_bs,-0.6737827053219225
MTG-R,310.83329999999995,vss_iss,1.316035842259866
MTG-R,311.6667,iss_bs,-1.979150868627207
MTG-R,311.6667,vss_bs,-0.6736497808346619
MTG-R,311.6667,vss_iss,1.3055010877925453
MTG-R,312.5,iss_bs,-1.9689491365636476
MTG-R,312.5,vss_bs,-0.6751787282136485
MTG-R,312.5,vss_iss,1.293770408349999
MTG-R,313.3333,iss_bs,-1.9593872198211146
MTG-R,313.3333,vss_bs,-0.6783465269573445
MTG-R,313.3333,vss_iss,1.28104069286377
MTG-R,314.16670000000005,iss_bs,-1.9506171082177328
MTG-R,314.16670000000005,vss_bs,-0.6830915310952463
MTG-R,314.16670000000005,vss_iss,1.2675255771224863
MTG-R,315,iss_bs,-1.942768196711391
MTG-R,315,vss_bs,-0.6893159211925718
MTG-R,315,vss_iss,1.253452275518819
MTG-R,315.8333,iss_bs,-1.9359470606375284
MTG-R,315.8333,vss_bs,-0.6968889840935596
MTG-R,315.8333,vss_iss,1.239058076543969
MTG-R,316.66670000000005,iss_bs,-1.9302376973129136
MTG-R,316.66670000000005,vss_bs,-0.7056511361215573
MTG-R,316.66670000000005,vss_iss,1.2245865611913562
MTG-R,317.5,iss_bs,-1.9257021987181397
MTG-R,317.5,vss_bs,-0.7154185877952688
MTG-R,317.5,vss_iss,1.2102836109228707
MTG-R,318.3333,iss_bs,-1.922381811038671
MTG-R,318.3333,vss_bs,-0.7259885329244669
MTG-R,318.3333,vss_iss,1.1963932781142042
MTG-R,319.16670000000005,iss_bs,-1.9202983293415472
MTG-R,319.16670000000005,vss_bs,-0.7371447325835313
MTG-R,319.16670000000005,vss_iss,1.183153596758016
MTG-R,320,iss_bs,-1.9194557697479553
MTG-R,320,vss_bs,-0.7486633552270535
MTG-R,320,vss_iss,1.1707924145209017
MTG-R,320.8333,iss_bs,-1.919842257242619
MTG-R,320.8333,vss_bs,-0.7603189283348224
MTG-R,320.8333,vss_iss,1.1595233289077966
MTG-R,321.66670000000005,iss_bs,-1.9214320648060312
MTG-R,321.66670000000005,vss_bs,-0.771890254598186
MTG-R,321.66670000000005,vss_iss,1.1495418102078452
MTG-R,322.5,iss_bs,-1.9241877388836224
MTG-R,322.5,vss_bs,-0.7831661468470168
MTG-R,322.5,vss_iss,1.1410215920366056
MTG-R,323.3333,iss_bs,-1.9280622472904771
MTG-R,323.3333,vss_bs,-0.793950840641468
MTG-R,323.3333,vss_iss,1.1341114066490092
MTG-R,324.1667,iss_bs,-1.9330010884177076
MTG-R,324.1667,vss_bs,-0.8040689516044073
MTG-R,324.1667,vss_iss,1.1289321368133003
MTG-R,325,iss_bs,-1.9389443049419772
MTG-R,325,vss_bs,-0.8133698559556407
MTG-R,325,vss_iss,1.1255744489863366
MTG-R,325.8333,iss_bs,-1.945828350987841
MTG-R,325.8333,vss_bs,-0.8217313870555548
MTG-R,325.8333,vss_iss,1.1240969639322862
MTG-R,326.6667,iss_bs,-1.9535877686640657
MTG-R,326.6667,vss_bs,-0.8290627577292409
MTG-R,326.6667,vss_iss,1.1245250109348248
MTG-R,327.5,iss_bs,-1.9621566378710025
MTG-R,327.5,vss_bs,-0.8353066373146084
MTG-R,327.5,vss_iss,1.126850000556394
MTG-R,328.3333,iss_bs,-1.9714697720142749
MTG-R,328.3333,vss_bs,-0.8404403332963798
MTG-R,328.3333,vss_iss,1.131029438717895
MTG-R,329.1667,iss_bs,-1.9814636415022993
MTG-R,329.1667,vss_bs,-0.8444760495470002
MTG-R,329.1667,vss_iss,1.1369875919552992
MTG-R,330,iss_bs,-1.992077016382868
MTG-R,330,vss_bs,-0.847460216057955
MTG-R,330,vss_iss,1.144616800324913
MTG-R,330.8333,iss_bs,-2.003251328917678
MTG-R,330.8333,vss_bs,-0.8494719080560438
MTG-R,330.8333,vss_iss,1.153779420861634
MTG-R,331.6667,iss_bs,-2.0149307660372977
MTG-R,331.6667,vss_bs,-0.8506203949987885
MTG-R,331.6667,vss_iss,1.1643103710385094
MTG-R,332.5,iss_bs,-2.027062110209878
MTG-R,332.5,vss_bs,-0.8510418815801615
MTG-R,332.5,vss_iss,1.1760202286297166
MTG-R,333.3333,iss_bs,-2.0395943550600313
MTG-R,333.3333,vss_bs,-0.8508955230232825
MTG-R,333.3333,vss_iss,1.1886988320367486
MTG-R,334.1667,iss_bs,-2.0524781288800957
MTG-R,334.1667,vss_bs,-0.8503588150965529
MTG-R,334.1667,vss_iss,1.2021193137835429
MTG-R,335,iss_bs,-2.0656649648046193
MTG-R,335,vss_bs,-0.849622475016822
MTG-R,335,vss_iss,1.2160424897877975
MTG-R,335.8333,iss_bs,-2.07910646072584
MTG-R,335.8333,vss_bs,-0.848884942308753
MTG-R,335.8333,vss_iss,1.230221518417087
MTG-R,336.6667,iss_bs,-2.0927533749063945
MTG-R,336.6667,vss_bs,-0.8483466384520638
MTG-R,336.6667,vss_iss,1.2444067364543305
MTG-R,337.5,iss_bs,-2.1065547046304203
MTG-R,337.5,vss_bs,-0.8482041305220341
MTG-R,337.5,vss_iss,1.2583505741083862
MTG-R,338.3333,iss_bs,-2.1204567951023012
MTG-R,338.3333,vss_bs,-0.8486443468494881
MTG-R,338.3333,vss_iss,1.271812448252813
MTG-R,339.1667,iss_bs,-2.1344025241737414
MTG-R,339.1667,vss_bs,-0.8498389919162171
MTG-R,339.1667,vss_iss,1.2845635322575242
MTG-R,340,iss_bs,-2.148330605416277
MTG-R,340,vss_bs,-0.8519393032705767
MTG-R,340,vss_iss,1.2963913021457003
MTG-R,340.8333,iss_bs,-2.162175047659821
MTG-R,340.8333,vss_bs,-0.8550712852936927
MTG-R,340.8333,vss_iss,1.3071037623661284
MTG-R,341.6667,iss_bs,-2.175864803527455
MTG-R,341.6667,vss_bs,-0.859331543353553
MTG-R,341.6667,vss_iss,1.3165332601739017
MTG-R,342.5,iss_bs,-2.189323632884539
MTG-R,342.5,vss_bs,-0.864783827517812
MTG-R,342.5,vss_iss,1.3245398053667268
MTG-R,343.3333,iss_bs,-2.2024701996868123
MTG-R,343.3333,vss_bs,-0.8714563778979907
MTG-R,343.3333,vss_iss,1.3310138217888219
MTG-R,344.1667,iss_bs,-2.2152184126806413
MTG-R,344.1667,vss_bs,-0.8793401442765116
MTG-R,344.1667,vss_iss,1.3358782684041295
MTG-R,345,iss_bs,-2.2274780120183846
MTG-R,345,vss_bs,-0.8883879313904396
MTG-R,345,vss_iss,1.3390900806279449
MTG-R,345.8333,iss_bs,-2.239155395352688
MTG-R,345.8333,vss_bs,-0.8985144986250336
MTG-R,345.8333,vss_iss,1.3406408967276544
MTG-R,346.6667,iss_bs,-2.2501546686174474
MTG-R,346.6667,vss_bs,-0.9095976194537876
MTG-R,346.6667,vss_iss,1.3405570491636596
MTG-R,347.5,iss_bs,-2.2603788987389057
MTG-R,347.5,vss_bs,-0.9214800823183183
MTG-R,347.5,vss_iss,1.3388988164205875
MTG-R,348.3333,iss_bs,-2.269731538185063
MTG-R,348.3333,vss_bs,-0.9339725913471068
MTG-R,348.3333,vss_iss,1.335758946837956
MTG-R,349.1667,iss_bs,-2.2781179847757085
MTG-R,349.1667,vss_bs,-0.9468575029363574
MTG-R,349.1667,vss_iss,1.3312604818393512
MTG-R,350,iss_bs,-2.285447234735193
MTG-R,350,vss_bs,-0.9598933133080884
MTG-R,350,vss_iss,1.3255539214271048
MTG-R,350.8333,iss_bs,-2.291633582743398
MTG-R,350.8333,vss_bs,-0.9728197932353921
MTG-R,350.8333,vss_iss,1.3188137895080057
MTG-R,351.6667,iss_bs,-2.296598319860873
MTG-R,351.6667,vss_bs,-0.985363649651145
MTG-R,351.6667,vss_iss,1.311234670209728
MTG-R,352.5,iss_bs,-2.3002713787684077
MTG-R,352.5,vss_bs,-0.9972445802456714
MTG-R,352.5,vss_iss,1.3030267985227364
MTG-R,353.3333,iss_bs,-2.302592875825399
MTG-R,353.3333,vss_bs,-1.0081815767533104
MTG-R,353.3333,vss_iss,1.2944112990720889
MTG-R,354.1667,iss_bs,-2.303514501029346
MTG-R,354.1667,vss_bs,-1.0178993256938873
MTG-R,354.1667,vss_iss,1.2856151753354585
MTG-R,355,iss_bs,-2.3030007100222263
MTG-R,355,vss_bs,-1.0261345520553868
MTG-R,355,vss_iss,1.2768661579668397
MTG-R,355.8333,iss_bs,-2.3010296767678033
MTG-R,355.8333,vss_bs,-1.0326421518734183
MTG-R,355.8333,vss_iss,1.268387524894385
MTG-R,356.6667,iss_bs,-2.297593971306144
MTG-R,356.6667,vss_bs,-1.0372009638851831
MTG-R,356.6667,vss_iss,1.2603930074209608
MTG-R,357.5,iss_bs,-2.2927009339293565
MTG-R,357.5,vss_bs,-1.0396190383236104
MTG-R,357.5,vss_iss,1.2530818956057461
MTG-R,358.3333,iss_bs,-2.2863727250333223
MTG-R,358.3333,vss_bs,-1.039738272294591
MTG-R,358.3333,vss_iss,1.2466344527387314
MTG-R,359.1667,iss_bs,-2.2786460385730454
MTG-R,359.1667,vss_bs,-1.037438295785095
MTG-R,359.1667,vss_iss,1.2412077427879504
MTG-R,360,iss_bs,-2.269571476248825
MTG-R,360,vss_bs,-1.0326395098413068
MTG-R,360,vss_iss,1.2369319664075178
MTG-R,360.8333,iss_bs,-2.2592125890251427
MTG-R,360.8333,vss_bs,-1.025305198421394
MTG-R,360.8333,vss_iss,1.233907390603749
MTG-R,361.6667,iss_bs,-2.247644602070803
MTG-R,361.6667,vss_bs,-1.0154426573931643
MTG-R,361.6667,vss_iss,1.232201944677639
MTG-R,362.5,iss_bs,-2.234952848441651
MTG-R,362.5,vss_bs,-1.0031033075885059
MTG-R,362.5,vss_iss,1.2318495408531451
MTG-R,363.3333,iss_bs,-2.221230945543133
MTG-R,363.3333,vss_bs,-0.9883817831819294
MTG-R,363.3333,vss_iss,1.2328491623612037
MTG-R,364.1667,iss_bs,-2.206578756357515
MTG-R,364.1667,vss_bs,-0.9714140113435464
MTG-R,364.1667,vss_iss,1.2351647450139684
MTG-R,365,iss_bs,-2.1911001843657223
MTG-R,365,vss_bs,-0.9523743235307741
MTG-R,365,vss_iss,1.2387258608349483
MTG-R,365.83329999999995,iss_bs,-2.1749008568264343
MTG-R,365.83329999999995,vss_bs,-0.9314716623354778
MTG-R,365.83329999999995,vss_iss,1.2434291944909566
MTG-R,366.6667,iss_bs,-2.1580857554161055
MTG-R,366.6667,vss_bs,-0.9089449699205261
MTG-R,366.6667,vss_iss,1.2491407854955792
MTG-R,367.5,iss_bs,-2.1407568560381027
MTG-R,367.5,vss_bs,-0.8850578642202952
MTG-R,367.5,vss_iss,1.2556989918178074
MTG-R,368.33329999999995,iss_bs,-2.1230108407730617
MTG-R,368.33329999999995,vss_bs,-0.8600927267478127
MTG-R,368.33329999999995,vss_iss,1.2629181140252488
MTG-R,369.1667,iss_bs,-2.1049369444037795
MTG-R,369.1667,vss_bs,-0.8343443406095115
MTG-R,369.1667,vss_iss,1.270592603794268
MTG-R,370,iss_bs,-2.086614995689897
MTG-R,370,vss_bs,-0.8081132288073655
MTG-R,370,vss_iss,1.278501766882532
MTG-R,370.83329999999995,iss_bs,-2.0681137096198747
MTG-R,370.83329999999995,vss_bs,-0.7816988508165112
MTG-R,370.83329999999995,vss_iss,1.2864148588033635
MTG-R,371.6667,iss_bs,-2.049489281305472
MTG-R,371.6667,vss_bs,-0.7553928195578736
MTG-R,371.6667,vss_iss,1.2940964617475985
MTG-R,372.5,iss_bs,-2.030784325127247
MTG-R,372.5,vss_bs,-0.7294723011242875
MTG-R,372.5,vss_iss,1.3013120240029594
MTG-R,373.33329999999995,iss_bs,-2.0120271943499435
MTG-R,373.33329999999995,vss_bs,-0.7041937559425684
MTG-R,373.33329999999995,vss_iss,1.307833438407375
MTG-R,374.1667,iss_bs,-1.9932317069045127
MTG-R,374.1667,vss_bs,-0.6797871725354926
MTG-R,374.1667,vss_iss,1.31344453436902
MTG-R,375,iss_bs,-1.9743972926118833
MTG-R,375,vss_bs,-0.6564509338516599
MTG-R,375,vss_iss,1.3179463587602236
MTG-R,375.8333,iss_bs,-1.9555095660639665
MTG-R,375.8333,vss_bs,-0.6343474415124274
MTG-R,375.8333,vss_iss,1.3211621245515393
MTG-R,376.66670000000005,iss_bs,-1.93654131796234
MTG-R,376.66670000000005,vss_bs,-0.6135996056216225
MTG-R,376.66670000000005,vss_iss,1.3229417123407174
MTG-R,377.5,iss_bs,-1.9174539062408926
MTG-R,377.5,vss_bs,-0.5942882874095163
MTG-R,377.5,vss_iss,1.3231656188313763
MTG-R,378.3333,iss_bs,-1.8981990170692837
MTG-R,378.3333,vss_bs,-0.5764507594171058
MTG-R,378.3333,vss_iss,1.321748257652178
MTG-R,379.16670000000005,iss_bs,-1.8787207551509557
MTG-R,379.16670000000005,vss_bs,-0.5600802237049916
MTG-R,379.16670000000005,vss_iss,1.3186405314459642
MTG-R,380,iss_bs,-1.8589580128859695
MTG-R,380,vss_bs,-0.5451264032690684
MTG-R,380,vss_iss,1.3138316096169012
MTG-R,380.8333,iss_bs,-1.8388470592411394
MTG-R,380.8333,vss_bs,-0.5314971960678404
MTG-R,380.8333,vss_iss,1.3073498631732992
MTG-R,381.66670000000005,iss_bs,-1.8183242818095828
MTG-R,381.66670000000005,vss_bs,-0.5190613554317661
MTG-R,381.66670000000005,vss_iss,1.2992629263778166
MTG-R,382.5,iss_bs,-1.7973290097696302
MTG-R,382.5,vss_bs,-0.5076521357507746
MTG-R,382.5,vss_iss,1.2896768740188556
MTG-R,383.3333,iss_bs,-1.7758063414525203
MTG-R,383.3333,vss_bs,-0.497071818823814
MTG-R,383.3333,vss_iss,1.2787345226287061
MTG-R,384.16670000000005,iss_bs,-1.7537098981396764
MTG-R,384.16670000000005,vss_bs,-0.4870970146743365
MTG-R,384.16670000000005,vss_iss,1.2666128834653398
MTG-R,385,iss_bs,-1.731004425627974
MTG-R,385,vss_bs,-0.47748461151505767
MTG-R,385,vss_iss,1.2535198141129162
MTG-R,385.8333,iss_bs,-1.707668167068384
MTG-R,385.8333,vss_bs,-0.46797823335329997
MTG-R,385.8333,vss_iss,1.239689933715084
MTG-R,386.6667,iss_bs,-1.6836949345918462
MTG-R,386.6667,vss_bs,-0.4583150508656108
MTG-R,386.6667,vss_iss,1.2253798837262353
MTG-R,387.5,iss_bs,-1.659095813225083
MTG-R,387.5,vss_bs,-0.4482327819594846
MTG-R,387.5,vss_iss,1.2108630312655984
MTG-R,388.3333,iss_bs,-1.6339004384558635
MTG-R,388.3333,vss_bs,-0.43747671311661124
MTG-R,388.3333,vss_iss,1.1964237253392522
MTG-R,389.1667,iss_bs,-1.6081577983693818
MTG-R,389.1667,vss_bs,-0.42580657131949246
MTG-R,389.1667,vss_iss,1.1823512270498893
MTG-R,390,iss_bs,-1.5819365223360216
MTG-R,390,vss_bs,-0.4130030791484586
MTG-R,390,vss_iss,1.168933443187563
MTG-R,390.8333,iss_bs,-1.555324630535323
MTG-R,390.8333,vss_bs,-0.3988740324487116
MTG-R,390.8333,vss_iss,1.1564505980866115
MTG-R,391.6667,iss_bs,-1.528428731864118
MTG-R,391.6667,vss_bs,-0.38325975065930457
MTG-R,391.6667,vss_iss,1.1451689812048134
MTG-R,392.5,iss_bs,-1.501372671682549
MTG-R,392.5,vss_bs,-0.3660377642272262
MTG-R,392.5,vss_iss,1.1353349074553227
MTG-R,393.3333,iss_bs,-1.474295645060998
MTG-R,393.3333,vss_bs,-0.3471266211708736
MTG-R,393.3333,vss_iss,1.1271690238901244
MTG-R,394.1667,iss_bs,-1.4473498053520641
MTG-R,394.1667,vss_bs,-0.32648871539849667
MTG-R,394.1667,vss_iss,1.1208610899535676
MTG-R,395,iss_bs,-1.4206974116664746
MTG-R,395,vss_bs,-0.30413206234851903
MTG-R,395,vss_iss,1.1165653493179555
MTG-R,395.8333,iss_bs,-1.3945075718266038
MTG-R,395.8333,vss_bs,-0.28011097235952304
MTG-R,395.8333,vss_iss,1.1143965994670808
MTG-R,396.6667,iss_bs,-1.3689526492645434
MTG-R,396.6667,vss_bs,-0.254525598311695
MTG-R,396.6667,vss_iss,1.1144270509528482
MTG-R,397.5,iss_bs,-1.3442044128029735
MTG-R,397.5,vss_bs,-0.22752036088823022
MTG-R,397.5,vss_iss,1.1166840519147434
MTG-R,398.3333,iss_bs,-1.3204300170161407
MTG-R,398.3333,vss_bs,-0.19928128164709386
MTG-R,398.3333,vss_iss,1.1211487353690468
MTG-R,399.1667,iss_bs,-1.2977879076611931
MTG-R,399.1667,vss_bs,-0.1700322803291603
MTG-R,399.1667,vss_iss,1.1277556273320328
MTG-R,400,iss_bs,-1.276423751287715
MTG-R,400,vss_bs,-0.14003051782971798
MTG-R,400,vss_iss,1.136393233457997
MTG-R,400.8333,iss_bs,-1.2564664904161889
MTG-R,400.8333,vss_bs,-0.10956088942540926
MTG-R,400.8333,vss_iss,1.1469056009907797
MTG-R,401.6667,iss_bs,-1.2380246255192495
MTG-R,401.6667,vss_bs,-0.07892979361853444
MTG-R,401.6667,vss_iss,1.159094831900715
MTG-R,402.5,iss_bs,-1.2211828223965604
MTG-R,402.5,vss_bs,-0.048458319831629265
MTG-R,402.5,vss_iss,1.172724502564931
MTG-R,403.3333,iss_bs,-1.2059989384182193
MTG-R,403.3333,vss_bs,-0.018475012720977086
MTG-R,403.3333,vss_iss,1.187523925697242
MTG-R,404.1667,iss_bs,-1.192501553597136
MTG-R,404.1667,vss_bs,0.010691618279322673
MTG-R,404.1667,vss_iss,1.2031931718764588
MTG-R,405,iss_bs,-1.1806880826717008
MTG-R,405,vss_bs,0.038720668692343016
MTG-R,405,vss_iss,1.2194087513640437
MTG-R,405.8333,iss_bs,-1.1705235325282097
MTG-R,405.8333,vss_bs,0.06530630978376596
MTG-R,405.8333,vss_iss,1.2358298423119758
MTG-R,406.6667,iss_bs,-1.1619399556128491
MTG-R,406.6667,vss_bs,0.09016498365109411
MTG-R,406.6667,vss_iss,1.2521049392639432
MTG-R,407.5,iss_bs,-1.154836634769836
MTG-R,407.5,vss_bs,0.1130421515498861
MTG-R,407.5,vss_iss,1.267878786319722
MTG-R,408.3333,iss_bs,-1.1490810185312994
MTG-R,408.3333,vss_bs,0.1337184341469145
MTG-R,408.3333,vss_iss,1.2827994526782138
MTG-R,409.1667,iss_bs,-1.1445104086465987
MTG-R,409.1667,vss_bs,0.15201499600420118
MTG-R,409.1667,vss_iss,1.2965254046508
MTG-R,410,iss_bs,-1.1409343839708819
MTG-R,410,vss_bs,0.1677980437576076
MTG-R,410,vss_iss,1.3087324277284895
MTG-R,410.8333,iss_bs,-1.1381379271484031
MTG-R,410.8333,vss_bs,0.1809823277624098
MTG-R,410.8333,vss_iss,1.319120254910813
MTG-R,411.6667,iss_bs,-1.1358852032472735
MTG-R,411.6667,vss_bs,0.19153355996259439
MTG-R,411.6667,vss_iss,1.327418763209868
MTG-R,412.5,iss_bs,-1.1339239230465263
MTG-R,412.5,vss_bs,0.19946968586323394
MTG-R,412.5,vss_iss,1.3333936089097604
MTG-R,413.3333,iss_bs,-1.131990208450055
MTG-R,413.3333,vss_bs,0.20486097515548693
MTG-R,413.3333,vss_iss,1.3368511836055421
MTG-R,414.1667,iss_bs,-1.129813863887484
MTG-R,414.1667,vss_bs,0.20782892313351478
MTG-R,414.1667,vss_iss,1.3376427870209988
MTG-R,415,iss_bs,-1.1271239459101392
MTG-R,415,vss_bs,0.20854398290008663
MTG-R,415,vss_iss,1.3356679288102258
MTG-R,415.8333,iss_bs,-1.123654513810947
MTG-R,415.8333,vss_bs,0.20722217582299152
MTG-R,415.8333,vss_iss,1.3308766896339386
MTG-R,416.6667,iss_bs,-1.1191504372504761
MTG-R,416.6667,vss_bs,0.20412065412592414
MTG-R,416.6667,vss_iss,1.3232710913764003
MTG-R,417.5,iss_bs,-1.1133731327626668
MTG-R,417.5,vss_bs,0.19953231424674736
MTG-R,417.5,vss_iss,1.3129054470094144
MTG-R,418.3333,iss_bs,-1.1061060997861945
MTG-R,418.3333,vss_bs,0.19377958208285556
MTG-R,418.3333,vss_iss,1.29988568186905
MTG-R,419.1667,iss_bs,-1.097160128598597
MTG-R,419.1667,vss_bs,0.18720751093011284
MTG-R,419.1667,vss_iss,1.2843676395287098
MTG-R,420,iss_bs,-1.0863780572293957
MTG-R,420,vss_bs,0.18017634933678825
MTG-R,420,vss_iss,1.266554406566184
MTG-R,420.8333,iss_bs,-1.0736389620354623
MTG-R,420.8333,vss_bs,0.1730537488411873
MTG-R,420.8333,vss_iss,1.2466927108766495
MTG-R,421.6667,iss_bs,-1.0588616770071186
MTG-R,421.6667,vss_bs,0.1662067903330372
MTG-R,421.6667,vss_iss,1.2250684673401557
MTG-R,422.5,iss_bs,-1.042007549841406
MTG-R,422.5,vss_bs,0.15999401235851926
MTG-R,422.5,vss_iss,1.2020015621999254
MTG-R,423.3333,iss_bs,-1.0230823581100024
MTG-R,423.3333,vss_bs,0.1547576249616899
MTG-R,423.3333,vss_iss,1.1778399830716924
MTG-R,424.1667,iss_bs,-1.0021373261469564
MTG-R,424.1667,vss_bs,0.15081608860683518
MTG-R,424.1667,vss_iss,1.1529534147537914
MTG-R,425,iss_bs,-0.9792692022178444
MTG-R,425,vss_bs,0.14845722944607445
MTG-R,425,vss_iss,1.1277264316639188
MTG-R,425.8333,iss_bs,-0.954619375696163
MTG-R,425.8333,vss_bs,0.14793204987363257
MTG-R,425.8333,vss_iss,1.1025514255697955
MTG-R,426.6667,iss_bs,-0.9283720349204945
MTG-R,426.6667,vss_bs,0.14944937722819293
MTG-R,426.6667,vss_iss,1.0778214121486875
MTG-R,427.5,iss_bs,-0.9007513876682004
MTG-R,427.5,vss_bs,0.15317147404324988
MTG-R,427.5,vss_iss,1.0539228617114504
MTG-R,428.33329999999995,iss_bs,-0.8720179872767618
MTG-R,428.33329999999995,vss_bs,0.1592107108582105
MTG-R,428.33329999999995,vss_iss,1.0312286981349723
MTG-R,429.1667,iss_bs,-0.8424642278882376
MTG-R,429.1667,vss_bs,0.1676273778166234
MTG-R,429.1667,vss_iss,1.010091605704861
MTG-R,430,iss_bs,-0.812409091610944
MTG-R,430,vss_bs,0.17842868467576634
MTG-R,430,vss_iss,0.9908377762867103
MTG-R,430.83329999999995,iss_bs,-0.7821922481308266
MTG-R,430.83329999999995,vss_bs,0.19156897106208096
MTG-R,430.83329999999995,vss_iss,0.9737612191929076
MTG-R,431.6667,iss_bs,-0.7521676230394819
MTG-R,431.6667,vss_bs,0.20695112048548772
MTG-R,431.6667,vss_iss,0.9591187435249696
MTG-R,432.5,iss_bs,-0.7226965644940858
MTG-R,432.5,vss_bs,0.22442914344286813
MTG-R,432.5,vss_iss,0.9471257079369539
MTG-R,433.33329999999995,iss_bs,-0.6941407484545098
MTG-R,433.33329999999995,vss_bs,0.2438118675638733
MTG-R,433.33329999999995,vss_iss,0.9379526160183831
MTG-R,434.1667,iss_bs,-0.6668549703815008
MTG-R,434.1667,vss_bs,0.2648676468297193
MTG-R,434.1667,vss_iss,0.9317226172112201
MTG-R,435,iss_bs,-0.6411799757189474
MTG-R,435,vss_bs,0.2873299780424094
MTG-R,435,vss_iss,0.9285099537613567
MTG-R,435.83329999999995,iss_bs,-0.6174354825863975
MTG-R,435.83329999999995,vss_bs,0.3109038915043088
MTG-R,435.83329999999995,vss_iss,0.9283393740907063
MTG-R,436.6667,iss_bs,-0.5959135478126821
MTG-R,436.6667,vss_bs,0.33527296479015717
MTG-R,436.6667,vss_iss,0.9311865126028394
MTG-R,437.5,iss_bs,-0.5768724217631089
MTG-R,437.5,vss_bs,0.360106793985353
MTG-R,437.5,vss_iss,0.936979215748462
MTG-R,438.3333,iss_bs,-0.5605310284428147
MTG-R,438.3333,vss_bs,0.38506874617127307
MTG-R,438.3333,vss_iss,0.9455997746140877
MTG-R,439.16670000000005,iss_bs,-0.5470641952659423
MTG-R,439.16670000000005,vss_bs,0.40982381051289535
MTG-R,439.16670000000005,vss_iss,0.9568880057788376
MTG-R,440,iss_bs,-0.5365987419045811
MTG-R,440,vss_bs,0.43404636320008194
MTG-R,440,vss_iss,0.9706451051046631
MTG-R,440.8333,iss_bs,-0.5292105200815874
MTG-R,440.8333,vss_bs,0.4574276637626475
MTG-R,440.8333,vss_iss,0.986638183844235
MTG-R,441.66670000000005,iss_bs,-0.5249224764166225
MTG-R,441.66670000000005,vss_bs,0.4796829068680503
MTG-R,441.66670000000005,vss_iss,1.0046053832846729
MTG-R,442.5,iss_bs,-0.5237037888982258
MTG-R,442.5,vss_bs,0.5005576644638561
MTG-R,442.5,vss_iss,1.0242614533620817
MTG-R,443.3333,iss_bs,-0.5254701047030279
MTG-R,443.3333,vss_bs,0.5198335677904543
MTG-R,443.3333,vss_iss,1.045303672493482
MTG-R,444.16670000000005,iss_bs,-0.5300848834167466
MTG-R,444.16670000000005,vss_bs,0.5373330970153974
MTG-R,444.16670000000005,vss_iss,1.067417980432144
MTG-R,445,iss_bs,-0.537361825753341
MTG-R,445,vss_bs,0.5529233675965719
MTG-R,445,vss_iss,1.090285193349913
MTG-R,445.8333,iss_bs,-0.5470683441521693
MTG-R,445.8333,vss_bs,0.5665188264603197
MTG-R,445.8333,vss_iss,1.113587170612489
MTG-R,446.66670000000005,iss_bs,-0.5589300086900867
MTG-R,446.66670000000005,vss_bs,0.5780827971128795
MTG-R,446.66670000000005,vss_iss,1.137012805802966
MTG-R,447.5,iss_bs,-0.572635880094974
MTG-R,447.5,vss_bs,0.5876278402704231
MTG-R,447.5,vss_iss,1.1602637203653972
MTG-R,448.3333,iss_bs,-0.5878446217817412
MTG-R,448.3333,vss_bs,0.5952149248415857
MTG-R,448.3333,vss_iss,1.183059546623327
MTG-R,449.1667,iss_bs,-0.6041912652078533
MTG-R,449.1667,vss_bs,0.6009514324548377
MTG-R,449.1667,vss_iss,1.205142697662691
MTG-R,450,iss_bs,-0.6212944878711216
MTG-R,450,vss_bs,0.6049880465166761
MTG-R,450,vss_iss,1.2262825343877979
MTG-R,450.8333,iss_bs,-0.6387642512993825
MTG-R,450.8333,vss_bs,0.6075146033541607
MTG-R,450.8333,vss_iss,1.2462788546535433
MTG-R,451.6667,iss_bs,-0.656209637695736
MTG-R,451.6667,vss_bs,0.608755007704316
MTG-R,451.6667,vss_iss,1.264964645400052
MTG-R,452.5,iss_bs,-0.6732467187176819
MTG-R,452.5,vss_bs,0.6089613370750487
MTG-R,452.5,vss_iss,1.2822080557927307
MTG-R,453.3333,iss_bs,-0.6895062883199452
MTG-R,453.3333,vss_bs,0.6084072787875159
MTG-R,453.3333,vss_iss,1.297913567107461
MTG-R,454.1667,iss_bs,-0.7046412937337994
MTG-R,454.1667,vss_bs,0.6073810593587081
MTG-R,454.1667,vss_iss,1.3120223530925075
MTG-R,455,iss_bs,-0.7183338044625481
MTG-R,455,vss_bs,0.6061780379177427
MTG-R,455,vss_iss,1.3245118423802908
MTG-R,455.8333,iss_bs,-0.7303013685329913
MTG-R,455.8333,vss_bs,0.6050931432832392
MTG-R,455.8333,vss_iss,1.3353945118162305
MTG-R,456.6667,iss_bs,-0.7403026179655268
MTG-R,456.6667,vss_bs,0.6044133379725314
MTG-R,456.6667,vss_iss,1.3447159559380581
MTG-R,457.5,iss_bs,-0.748142001243635
MTG-R,457.5,vss_bs,0.6044102916794519
MTG-R,457.5,vss_iss,1.3525522929230869
MTG-R,458.3333,iss_bs,-0.7536735391388506
MTG-R,458.3333,vss_bs,0.6053334416629088
MTG-R,458.3333,vss_iss,1.3590069808017595
MTG-R,459.1667,iss_bs,-0.7568035211786317
MTG-R,459.1667,vss_bs,0.6074036081544284
MTG-R,459.1667,vss_iss,1.36420712933306
MTG-R,460,iss_bs,-0.7574920828756954
MTG-R,460,vss_bs,0.61080731954118
MTG-R,460,vss_iss,1.3682994024168753
MTG-R,460.8333,iss_bs,-0.7557536280681465
MTG-R,460.8333,vss_bs,0.6156919850294756
MTG-R,460.8333,vss_iss,1.3714456130976223
MTG-R,461.6667,iss_bs,-0.7516560858163812
MTG-R,461.6667,vss_bs,0.6221620321480734
MTG-R,461.6667,vss_iss,1.3738181179644546
MTG-R,462.5,iss_bs,-0.7453190167103161
MTG-R,462.5,vss_bs,0.6302761032954037
MTG-R,462.5,vss_iss,1.3755951200057197
MTG-R,463.3333,iss_bs,-0.7369106085952749
MTG-R,463.3333,vss_bs,0.6400453801214288
MTG-R,463.3333,vss_iss,1.3769559887167038
MTG-R,464.1667,iss_bs,-0.7266436260669128
MTG-R,464.1667,vss_bs,0.6514330774685865
MTG-R,464.1667,vss_iss,1.3780767035354993
MTG-R,465,iss_bs,-0.7147704010715997
MTG-R,465,vss_bs,0.6643551205220278
MTG-R,465,vss_iss,1.3791255215936276
MTG-R,465.8333,iss_bs,-0.7015769730643953
MTG-R,465.8333,vss_bs,0.6786819904061407
MTG-R,465.8333,vss_iss,1.380258963470536
MTG-R,466.6667,iss_bs,-0.6873765059480694
MTG-R,466.6667,vss_bs,0.6942416953893402
MTG-R,466.6667,vss_iss,1.3816182013374096
MTG-R,467.5,iss_bs,-0.6725021250215413
MTG-R,467.5,vss_bs,0.7108237977915878
MTG-R,467.5,vss_iss,1.3833259228131292
MTG-R,468.3333,iss_bs,-0.6572993300429834
MTG-R,468.3333,vss_bs,0.728184401274558
MTG-R,468.3333,vss_iss,1.3854837313175412
MTG-R,469.1667,iss_bs,-0.6421181499696939
MTG-R,469.1667,vss_bs,0.7460519800391272
MTG-R,469.1667,vss_iss,1.3881701300088212
MTG-R,470,iss_bs,-0.6273052107580068
MTG-R,470,vss_bs,0.7641339111113581
MTG-R,470,vss_iss,1.391439121869365
MTG-R,470.8333,iss_bs,-0.6131958896567858
MTG-R,470.8333,vss_bs,0.7821235538524449
MTG-R,470.8333,vss_iss,1.3953194435092307
MTG-R,471.6667,iss_bs,-0.6001067276572031
MTG-R,471.6667,vss_bs,0.7997077074873176
MTG-R,471.6667,vss_iss,1.3998144351445205
MTG-R,472.5,iss_bs,-0.5883282662040563
MTG-R,472.5,vss_bs,0.8165742681305884
MTG-R,472.5,vss_iss,1.4049025343346448
MTG-R,473.3333,iss_bs,-0.5781184650499666
MTG-R,473.3333,vss_bs,0.8324199017203895
MTG-R,473.3333,vss_iss,1.4105383667703562
MTG-R,474.1667,iss_bs,-0.5696968454450502
MTG-R,474.1667,vss_bs,0.8469575485738121
MTG-R,474.1667,vss_iss,1.4166543940188623
MTG-R,475,iss_bs,-0.5632394869807481
MTG-R,475,vss_bs,0.8599235789702324
MTG-R,475,vss_iss,1.4231630659509806
MTG-R,475.8333,iss_bs,-0.5588749876988641
MTG-R,475.8333,vss_bs,0.8710844271658552
MTG-R,475.8333,vss_iss,1.4299594148647194
MTG-R,476.6667,iss_bs,-0.5566814759497364
MTG-R,476.6667,vss_bs,0.8802425433558922
MTG-R,476.6667,vss_iss,1.4369240193056287
MTG-R,477.5,iss_bs,-0.5566847394061494
MTG-R,477.5,vss_bs,0.8872415190446714
MTG-R,477.5,vss_iss,1.4439262584508208
MTG-R,478.3333,iss_bs,-0.5588575121246606
MTG-R,478.3333,vss_bs,0.8919702606814278
MTG-R,478.3333,vss_iss,1.4508277728060883
MTG-R,479.1667,iss_bs,-0.5631199351381088
MTG-R,479.1667,vss_bs,0.8943661088119179
MTG-R,479.1667,vss_iss,1.4574860439500268
MTG-R,480,iss_bs,-0.5693411803269188
MTG-R,480,vss_bs,0.8944168248530862
MTG-R,480,vss_iss,1.463758005180005
MTG-R,480.8333,iss_bs,-0.5773422018240773
MTG-R,480.8333,vss_bs,0.8921613943311401
MTG-R,480.8333,vss_iss,1.4695035961552172
MTG-R,481.6667,iss_bs,-0.5868995545251818
MTG-R,481.6667,vss_bs,0.887689623399306
MTG-R,481.6667,vss_iss,1.4745891779244877
MTG-R,482.5,iss_bs,-0.5977501959482027
MTG-R,482.5,vss_bs,0.8811405340071756
MTG-R,482.5,vss_iss,1.4788907299553782
MTG-R,483.3333,iss_bs,-0.6095971662336841
MTG-R,483.3333,vss_bs,0.8726995915526753
MTG-R,483.3333,vss_iss,1.4822967577863595
MTG-R,484.1667,iss_bs,-0.6221160219695824
MTG-R,484.1667,vss_bs,0.8625948265351916
MTG-R,484.1667,vss_iss,1.484710848504774
MTG-R,485,iss_bs,-0.6349618831857179
MTG-R,485,vss_bs,0.8510919379888913
MTG-R,485,vss_iss,1.4860538211746093
MTG-R,485.8333,iss_bs,-0.6477769396500357
MTG-R,485.8333,vss_bs,0.8384884906856255
MTG-R,485.8333,vss_iss,1.4862654303356613
MTG-R,486.6667,iss_bs,-0.6601982527993034
MTG-R,486.6667,vss_bs,0.825107339684023
MTG-R,486.6667,vss_iss,1.4853055924833263
MTG-R,487.5,iss_bs,-0.6718656834620226
MTG-R,487.5,vss_bs,0.8112894342529352
MTG-R,487.5,vss_iss,1.4831551177149578
MTG-R,488.3333,iss_bs,-0.6824297731096627
MTG-R,488.3333,vss_bs,0.7973861680769347
MTG-R,488.3333,vss_iss,1.4798159411865974
MTG-R,489.1667,iss_bs,-0.6915594077490607
MTG-R,489.1667,vss_bs,0.7837514536055304
MTG-R,489.1667,vss_iss,1.475310861354591
MTG-R,490,iss_bs,-0.6989490987036436
MTG-R,490,vss_bs,0.7707337051768691
MTG-R,490,vss_iss,1.4696828038805128
MTG-R,490.83329999999995,iss_bs,-0.7043257232993446
MTG-R,490.83329999999995,vss_bs,0.7586679179700885
MTG-R,490.83329999999995,vss_iss,1.462993641269433
MTG-R,491.6667,iss_bs,-0.7074545806676493
MTG-R,491.6667,vss_bs,0.7478680278602557
MTG-R,491.6667,vss_iss,1.4553226085279052
MTG-R,492.5,iss_bs,-0.7081446332212556
MTG-R,492.5,vss_bs,0.7386197309122903
MTG-R,492.5,vss_iss,1.446764364133546
MTG-R,493.33329999999995,iss_bs,-0.7062528224961776
MTG-R,493.33329999999995,vss_bs,0.7311739307046453
MTG-R,493.33329999999995,vss_iss,1.437426753200823
MTG-R,494.1667,iss_bs,-0.7016873685750579
MTG-R,494.1667,vss_bs,0.7257409671685994
MTG-R,494.1667,vss_iss,1.4274283357436572
MTG-R,495,iss_bs,-0.6944099847451235
MTG-R,495,vss_bs,0.7224857625066375
MTG-R,495,vss_iss,1.416895747251761
MTG-R,495.83329999999995,iss_bs,-0.6844369628946225
MTG-R,495.83329999999995,vss_bs,0.7215239984414409
MTG-R,495.83329999999995,vss_iss,1.4059609613360635
MTG-R,496.6667,iss_bs,-0.6718391098779007
MTG-R,496.6667,vss_bs,0.7229194150475226
MTG-R,496.6667,vss_iss,1.3947585249254233
MTG-R,497.5,iss_bs,-0.6567405401279213
MTG-R,497.5,vss_bs,0.7266822952967619
MTG-R,497.5,vss_iss,1.3834228354246831
MTG-R,498.33329999999995,iss_bs,-0.6393163546080177
MTG-R,498.33329999999995,vss_bs,0.7327691718221147
MTG-R,498.33329999999995,vss_iss,1.3720855264301324
MTG-R,499.1667,iss_bs,-0.6197892602209388
MTG-R,499.1667,vss_bs,0.7410837639215945
MTG-R,499.1667,vss_iss,1.3608730241425333
MTG-R,500,iss_bs,-0.5984252065024727
MTG-R,500,vss_bs,0.7514791241574433
MTG-R,500,vss_iss,1.349904330659916
MTG-R,500.8333,iss_bs,-0.5755281373204963
MTG-R,500.8333,vss_bs,0.7637609457276712
MTG-R,500.8333,vss_iss,1.3392890830481674
MTG-R,501.66670000000005,iss_bs,-0.5514339739228684
MTG-R,501.66670000000005,vss_bs,0.7776919547609559
MTG-R,501.66670000000005,vss_iss,1.3291259286838242
MTG-R,502.49999999999994,iss_bs,-0.5265039616268662
MTG-R,502.49999999999994,vss_bs,0.7929972864460916
MTG-R,502.49999999999994,vss_iss,1.3195012480729578
MTG-R,503.3333,iss_bs,-0.501117525379376
MTG-R,503.3333,vss_bs,0.8093707210452571
MTG-R,503.3333,vss_iss,1.3104882464246332
MTG-R,504.1667,iss_bs,-0.47566478906993803
MTG-R,504.1667,vss_bs,0.8264816358919911
MTG-R,504.1667,vss_iss,1.3021464249619292
MTG-R,505,iss_bs,-0.4505389196533136
MTG-R,505,vss_bs,0.8439825129059807
MTG-R,505,vss_iss,1.2945214325592942
MTG-R,505.83330000000007,iss_bs,-0.4261284597188765
MTG-R,505.83330000000007,vss_bs,0.8615168283533778
MTG-R,505.83330000000007,vss_iss,1.2876452880722544
MTG-R,506.66670000000005,iss_bs,-0.4028098110966472
MTG-R,506.66670000000005,vss_bs,0.8787271428407208
MTG-R,506.66670000000005,vss_iss,1.281536953937368
MTG-R,507.49999999999994,iss_bs,-0.38094002746244354
MTG-R,507.49999999999994,vss_bs,0.8952632050530778
MTG-R,507.49999999999994,vss_iss,1.2762032325155213
MTG-R,508.3333,iss_bs,-0.36085006582548695
MTG-R,508.3333,vss_bs,0.9107898826334438
MTG-R,508.3333,vss_iss,1.271639948458931
MTG-R,509.1667,iss_bs,-0.3428386354565675
MTG-R,509.1667,vss_bs,0.9249947378477803
MTG-R,509.1667,vss_iss,1.2678333733043479
MTG-R,510,iss_bs,-0.32716676852089654
MTG-R,510,vss_bs,0.9375950741833214
MTG-R,510,vss_iss,1.264761842704218
MTG-R,510.83330000000007,iss_bs,-0.3140532197593243
MTG-R,510.83330000000007,vss_bs,0.9483442925816373
MTG-R,510.83330000000007,vss_iss,1.2623975123409616
MTG-R,511.66670000000005,iss_bs,-0.30367078341487036
MTG-R,511.66670000000005,vss_bs,0.9570374123119029
MTG-R,511.66670000000005,vss_iss,1.2607081957267732
MTG-R,512.5,iss_bs,-0.2961435946751173
MTG-R,512.5,vss_bs,0.9635156311559726
MTG-R,512.5,vss_iss,1.25965922583109
MTG-R,513.3333,iss_bs,-0.291545460679634
MTG-R,513.3333,vss_bs,0.967669822138482
MTG-R,513.3333,vss_iss,1.259215282818116
MTG-R,514.1667,iss_bs,-0.28989924313515064
MTG-R,514.1667,vss_bs,0.9694428889581792
MTG-R,514.1667,vss_iss,1.2593421320933298
MTG-R,515,iss_bs,-0.291177291313861
MTG-R,515,vss_bs,0.9688309289724031
MTG-R,515,vss_iss,1.2600082202862641
MTG-R,515.8333,iss_bs,-0.2953029012080149
MTG-R,515.8333,vss_bs,0.9658831804256801
MTG-R,515.8333,vss_iss,1.261186081633695
MTG-R,516.6667,iss_bs,-0.3021527543929003
MTG-R,516.6667,vss_bs,0.9607007589404527
MTG-R,516.6667,vss_iss,1.262853513333353
MTG-R,517.5,iss_bs,-0.3115602692046075
MTG-R,517.5,vss_bs,0.953434216437607
MTG-R,517.5,vss_iss,1.2649944856422144
MTG-R,518.3333,iss_bs,-0.3233197776298023
MTG-R,518.3333,vss_bs,0.9442799829664057
MTG-R,518.3333,vss_iss,1.267599760596208
MTG-R,519.1667,iss_bs,-0.3371914242500568
MTG-R,519.1667,vss_bs,0.9334757777587118
MTG-R,519.1667,vss_iss,1.2706672020087686
MTG-R,520,iss_bs,-0.35290666904870227
MTG-R,520,vss_bs,0.9212950995774989
MTG-R,520,vss_iss,1.2742017686262013
MTG-R,520.8333,iss_bs,-0.3701742641781542
MTG-R,520.8333,vss_bs,0.9080409275516353
MTG-R,520.8333,vss_iss,1.2782151917297897
MTG-R,521.6667,iss_bs,-0.38868656613864105
MTG-R,521.6667,vss_bs,0.8940387816876766
MTG-R,521.6667,vss_iss,1.2827253478263176
MTG-R,522.5,iss_bs,-0.4081260394003321
MTG-R,522.5,vss_bs,0.8796293067090999
MTG-R,522.5,vss_iss,1.287755346109432
MTG-R,523.3333,iss_bs,-0.4281718054009452
MTG-R,523.3333,vss_bs,0.8651605534628409
MTG-R,523.3333,vss_iss,1.2933323588637862
MTG-R,524.1667,iss_bs,-0.4485060920837135
MTG-R,524.1667,vss_bs,0.8509801386117447
MTG-R,524.1667,vss_iss,1.2994862306954582
MTG-R,525,iss_bs,-0.4688204436426056
MTG-R,525,vss_bs,0.8374274655576252
MTG-R,525,vss_iss,1.3062479092002308
MTG-R,525.8332999999999,iss_bs,-0.4888215577767141
MTG-R,525.8332999999999,vss_bs,0.824826187469908
MTG-R,525.8332999999999,vss_iss,1.313647745246622
MTG-R,526.6667,iss_bs,-0.5082366283143318
MTG-R,526.6667,vss_bs,0.8134770869886695
MTG-R,526.6667,vss_iss,1.3217137153030014
MTG-R,527.5,iss_bs,-0.5268180842773101
MTG-R,527.5,vss_bs,0.8036515367859497
MTG-R,527.5,vss_iss,1.3304696210632598
MTG-R,528.3333,iss_bs,-0.5443476319848333
MTG-R,528.3333,vss_bs,0.7955856909594845
MTG-R,528.3333,vss_iss,1.3399333229443178
MTG-R,529.1667,iss_bs,-0.5606395242611746
MTG-R,529.1667,vss_bs,0.7894755395413227
MTG-R,529.1667,vss_iss,1.3501150638024972
MTG-R,530,iss_bs,-0.5755429997904122
MTG-R,530,vss_bs,0.7854729376543397
MTG-R,530,vss_iss,1.361015937444752
MTG-R,530.8333,iss_bs,-0.5889438556982515
MTG-R,530.8333,vss_bs,0.7836826975370892
MTG-R,530.8333,vss_iss,1.3726265532353408
MTG-R,531.6667,iss_bs,-0.6007651370623656
MTG-R,531.6667,vss_bs,0.7841608063361453
MTG-R,531.6667,vss_iss,1.3849259433985108
MTG-R,532.5,iss_bs,-0.6109669477743321
MTG-R,532.5,vss_bs,0.7869138058343413
MTG-R,532.5,vss_iss,1.3978807536086735
MTG-R,533.3333,iss_bs,-0.6195454075168964
MTG-R,533.3333,vss_bs,0.7918993427751299
MTG-R,533.3333,vss_iss,1.4114447502920262
MTG-R,534.1667,iss_bs,-0.6265307991119397
MTG-R,534.1667,vss_bs,0.7990278708056261
MTG-R,534.1667,vss_iss,1.4255586699175657
MTG-R,535,iss_bs,-0.6319849686936373
MTG-R,535,vss_bs,0.8081654579432423
MTG-R,535,vss_iss,1.4401504266368796
MTG-R,535.8333,iss_bs,-0.6359980576579211
MTG-R,535.8333,vss_bs,0.8191376275095913
MTG-R,535.8333,vss_iss,1.4551356851675123
MTG-R,536.6667000000001,iss_bs,-0.6386846597680902
MTG-R,536.6667000000001,vss_bs,0.831734136276843
MTG-R,536.6667000000001,vss_iss,1.4704187960449333
MTG-R,537.5,iss_bs,-0.6401795088428107
MTG-R,537.5,vss_bs,0.84571457170085
MTG-R,537.5,vss_iss,1.4858940805436607
MTG-R,538.3333,iss_bs,-0.640632811861165
MTG-R,538.3333,vss_bs,0.8608146310798225
MTG-R,538.3333,vss_iss,1.5014474429409874
MTG-R,539.1667,iss_bs,-0.6402053488984677
MTG-R,539.1667,vss_bs,0.8767529297175299
MTG-R,539.1667,vss_iss,1.5169582786159976
MTG-R,540,iss_bs,-0.6390634649326625
MTG-R,540,vss_bs,0.8932381730483088
MTG-R,540,vss_iss,1.5323016379809713
MTG-R,540.8333,iss_bs,-0.6373740791810191
MTG-R,540.8333,vss_bs,0.9099765194735053
MTG-R,540.8333,vss_iss,1.5473505986545244
MTG-R,541.6667,iss_bs,-0.63529983525812606
MTG-R,541.6667,vss_bs,0.9266789565490581
MTG-R,541.6667,vss_iss,1.5619787918071841
MTG-R,542.5,iss_bs,-0.6329945101768479
MTG-R,542.5,vss_bs,0.9430685132384475
MTG-R,542.5,vss_iss,1.5760630234152955
MTG-R,543.3333,iss_bs,-0.6305987921983576
MTG-R,543.3333,vss_bs,0.9588871351933796
MTG-R,543.3333,vss_iss,1.5894859273917372
MTG-R,544.1667,iss_bs,-0.628236526994126
MTG-R,544.1667,vss_bs,0.9739020583366774
MTG-R,544.1667,vss_iss,1.6021385853308034
MTG-R,545,iss_bs,-0.6260115187867714
MTG-R,545,vss_bs,0.987911528194547
MTG-R,545,vss_iss,1.6139230469813184
MTG-R,545.8333,iss_bs,-0.6240049584142149
MTG-R,545.8333,vss_bs,1.000749728164449
MTG-R,545.8333,vss_iss,1.6247546865786637
MTG-R,546.6667,iss_bs,-0.6222735339807685
MTG-R,546.6667,vss_bs,1.0122907988340495
MTG-R,546.6667,vss_iss,1.6345643328148178
MTG-R,547.5,iss_bs,-0.6208482623211987
MTG-R,547.5,vss_bs,1.0224518521359078
MTG-R,547.5,vss_iss,1.6433001144571067
MTG-R,548.3333,iss_bs,-0.6197340613351459
MTG-R,548.3333,vss_bs,1.0311949080187586
MTG-R,548.3333,vss_iss,1.6509289693539044
MTG-R,549.1667,iss_bs,-0.6189100647877741
MTG-R,549.1667,vss_bs,1.038527706875976
MTG-R,549.1667,vss_iss,1.65743777166375
MTG-R,550,iss_bs,-0.6183306628604353
MTG-R,550,vss_bs,1.0445033775941832
MTG-R,550,vss_iss,1.6628340404546182
MTG-R,550.8333,iss_bs,-0.6179272340067187
MTG-R,550.8333,vss_bs,1.0492189681456214
MTG-R,550.8333,vss_iss,1.66714620215234
MTG-R,551.6667,iss_bs,-0.617610516940875
MTG-R,551.6667,vss_bs,1.0528128725149704
MTG-R,551.6667,vss_iss,1.6704233894558456
MTG-R,552.5,iss_bs,-0.617273556247421
MTG-R,552.5,vss_bs,1.055461213797843
MTG-R,552.5,vss_iss,1.6727347700452637
MTG-R,553.3333,iss_bs,-0.6167951415053349
MTG-R,553.3333,vss_bs,1.0573732679295003
MTG-R,553.3333,vss_iss,1.674168409434835
MTG-R,554.1667,iss_bs,-0.6160436482769189
MTG-R,554.1667,vss_bs,1.058786035127738
MTG-R,554.1667,vss_iss,1.674829683404657
MTG-R,555,iss_bs,-0.6148811800777606
MTG-R,555,vss_bs,1.0599580862412934
MTG-R,555,vss_iss,1.674839266319054
MTG-R,555.8333,iss_bs,-0.6131679037210241
MTG-R,555.8333,vss_bs,1.061162828322545
MTG-R,555.8333,vss_iss,1.6743307320435692
MTG-R,556.6667,iss_bs,-0.610766466356311
MTG-R,556.6667,vss_bs,1.0626813474991286
MTG-R,556.6667,vss_iss,1.6734478138554396
MTG-R,557.5,iss_bs,-0.6075463811759174
MTG-R,557.5,vss_bs,1.064794997291686
MTG-R,557.5,vss_iss,1.6723413784676033
MTG-R,558.3333,iss_bs,-0.6033882701502129
MTG-R,558.3333,vss_bs,1.06777790668883
MTG-R,558.3333,vss_iss,1.671166176839043
MTG-R,559.1667,iss_bs,-0.5981878562240731
MTG-R,559.1667,vss_bs,1.07188958441145
MTG-R,559.1667,vss_iss,1.670077440635523
MTG-R,560,iss_bs,-0.5918596040401731
MTG-R,560,vss_bs,1.0773677938370039
MTG-R,560,vss_iss,1.669227397877177
MTG-R,560.8333,iss_bs,-0.5843399172746914
MTG-R,560.8333,vss_bs,1.0844218670650765
MTG-R,560.8333,vss_iss,1.6687617843397677
MTG-R,561.6667,iss_bs,-0.5755898118436041
MTG-R,561.6667,vss_bs,1.093226616736032
MTG-R,561.6667,vss_iss,1.6688164285796363
MTG-R,562.5,iss_bs,-0.5655969972810257
MTG-R,562.5,vss_bs,1.1039169907021462
MTG-R,562.5,vss_iss,1.669513987983172
MTG-R,563.3333,iss_bs,-0.5543773131802421
MTG-R,563.3333,vss_bs,1.1165835978154193
MTG-R,563.3333,vss_iss,1.6709609109956614
MTG-R,564.1667,iss_bs,-0.5419754833649364
MTG-R,564.1667,vss_bs,1.131269213333936
MTG-R,564.1667,vss_iss,1.6732446966988723
MTG-R,565,iss_bs,-0.5284651670378532
MTG-R,565,vss_bs,1.1479663502213102
MTG-R,565,vss_iss,1.6764315172591635
MTG-R,565.8333,iss_bs,-0.5139483031369437
MTG-R,565.8333,vss_bs,1.166615958437851
MTG-R,565.8333,vss_iss,1.6805642615747949
MTG-R,566.6667,iss_bs,-0.4985537611076789
MTG-R,566.6667,vss_bs,1.1871072887573186
MTG-R,566.6667,vss_iss,1.6856610498649975
MTG-R,567.5,iss_bs,-0.48243532787092525
MTG-R,567.5,vss_bs,1.209278931278758
MTG-R,567.5,vss_iss,1.6917142591496832
MTG-R,568.3333,iss_bs,-0.46576907653785826
MTG-R,568.3333,vss_bs,1.2329210122436465
MTG-R,568.3333,vss_iss,1.6986900887815048
MTG-R,569.1667,iss_bs,-0.4487501770268237
MTG-R,569.1667,vss_bs,1.2577785066217
MTG-R,569.1667,vss_iss,1.7065286836485236
MTG-R,570,iss_bs,-0.4315892218339381
MTG-R,570,vss_bs,1.2835555987883602
MTG-R,570,vss_iss,1.7151448206222983
MTG-R,570.8333,iss_bs,-0.41450815149809345
MTG-R,570.8333,vss_bs,1.3099210000522852
MTG-R,570.8333,vss_iss,1.7244291515503787
MTG-R,571.6667,iss_bs,-0.39773587352715123
MTG-R,571.6667,vss_bs,1.336514110331702
MTG-R,571.6667,vss_iss,1.7342499838588532
MTG-R,572.5,iss_bs,-0.3815036755100543
MTG-R,572.5,vss_bs,1.3629518924036481
MTG-R,572.5,vss_iss,1.7444555679137024
MTG-R,573.3333,iss_bs,-0.3660405376804059
MTG-R,573.3333,vss_bs,1.3888363112769835
MTG-R,573.3333,vss_iss,1.7548768489573894
MTG-R,574.1667,iss_bs,-0.35156845222948707
MTG-R,574.1667,vss_bs,1.4137621787155954
MTG-R,574.1667,vss_iss,1.7653306309450825
MTG-R,575,iss_bs,-0.3382978561594537
MTG-R,575,vss_bs,1.4373252340307237
MTG-R,575,vss_iss,1.7756230901901775
MTG-R,575.8333,iss_bs,-0.32642328145088967
MTG-R,575.8333,vss_bs,1.4591302871545702
MTG-R,575.8333,vss_iss,1.78555356860546
MTG-R,576.6667,iss_bs,-0.3161193208802782
MTG-R,576.6667,vss_bs,1.4787992487987958
MTG-R,576.6667,vss_iss,1.794918569679074
MTG-R,577.5,iss_bs,-0.3075370001093953
MTG-R,577.5,vss_bs,1.495978875197155
MTG-R,577.5,vss_iss,1.8035158753065503
MTG-R,578.3333,iss_bs,-0.3008006368766555
MTG-R,578.3333,vss_bs,1.5103480614506724
MTG-R,578.3333,vss_iss,1.811148698327328
MTG-R,579.1667,iss_bs,-0.2960052564976525
MTG-R,579.1667,vss_bs,1.5216245276674019
MTG-R,579.1667,vss_iss,1.8176297841650544
MTG-R,580,iss_bs,-0.2932146197146492
MTG-R,580,vss_bs,1.5295707556674443
MTG-R,580,vss_iss,1.8227853753820935
MTG-R,580.8333,iss_bs,-0.29245990454583765
MTG-R,580.8333,vss_bs,1.5339990506812058
MTG-R,580.8333,vss_iss,1.8264589552270434
MTG-R,581.6667,iss_bs,-0.293739068522359
MTG-R,581.6667,vss_bs,1.5347756218121715
MTG-R,581.6667,vss_iss,1.8285146903345304
MTG-R,582.5,iss_bs,-0.29701690193157215
MTG-R,582.5,vss_bs,1.531823596612891
MTG-R,582.5,vss_iss,1.8288404985444633
MTG-R,583.3333,iss_bs,-0.30222576678458607
MTG-R,583.3333,vss_bs,1.525124908436143
MTG-R,583.3333,vss_iss,1.827350675220729
MTG-R,584.1667,iss_bs,-0.3092670005705539
MTG-R,584.1667,vss_bs,1.5147210197385284
MTG-R,584.1667,vss_iss,1.8239880203090821
MTG-R,585,iss_bs,-0.31801294881742453
MTG-R,585,vss_bs,1.50071246967385
MTG-R,585,vss_iss,1.8187254184912747
MTG-R,585.8333,iss_bs,-0.32830957639879693
MTG-R,585.8333,vss_bs,1.483257259552091
MTG-R,585.8333,vss_iss,1.8115668359508879
MTG-R,586.6667,iss_bs,-0.3399795947336534
MTG-R,586.6667,vss_bs,1.4625681144927862
MTG-R,586.6667,vss_iss,1.8025477092264395
MTG-R,587.5,iss_bs,-0.3528260308120746
MTG-R,587.5,vss_bs,1.4389086833214266
MTG-R,587.5,vss_iss,1.7917347141335012
MTG-R,588.3332999999999,iss_bs,-0.3666361545970976
MTG-R,588.3332999999999,vss_bs,1.412588760925026
MTG-R,588.3332999999999,vss_iss,1.7792249155221236
MTG-R,589.1667,iss_bs,-0.3811856740075447
MTG-R,589.1667,vss_bs,1.383958637418542
MTG-R,589.1667,vss_iss,1.7651443114260867
MTG-R,590,iss_bs,-0.3962431015351064
MTG-R,590,vss_bs,1.3534026961491696
MTG-R,590,vss_iss,1.749645797684276
MTG-R,590.8333,iss_bs,-0.4115741936949643
MTG-R,590.8333,vss_bs,1.3213323974112317
MTG-R,590.8333,vss_iss,1.7329065911061958
MTG-R,591.6667,iss_bs,-0.4269463640003246
MTG-R,591.6667,vss_bs,1.288178796459635
MTG-R,591.6667,vss_iss,1.7151251604599596
MTG-R,592.5,iss_bs,-0.44213297197924445
MTG-R,592.5,vss_bs,1.2543847527674026
MTG-R,592.5,vss_iss,1.6965177247466472
MTG-R,593.3333,iss_bs,-0.4569173948537355
MTG-R,593.3333,vss_bs,1.2203969923232347
MTG-R,593.3333,vss_iss,1.6773143871769705
MTG-R,594.1667,iss_bs,-0.4710967947585548
MTG-R,594.1667,vss_bs,1.1866581860409409
MTG-R,594.1667,vss_iss,1.6577549807994958
MTG-R,595,iss_bs,-0.4844855026231909
MTG-R,595,vss_bs,1.153599205066721
MTG-R,595,vss_iss,1.6380847076899119
MTG-R,595.8333,iss_bs,-0.49691794986132315
MTG-R,595.8333,vss_bs,1.121631708016762
MTG-R,595.8333,vss_iss,1.618549657878085
MTG-R,596.6667,iss_bs,-0.5082510905533553
MTG-R,596.6667,vss_bs,1.0911412061273094
MTG-R,596.6667,vss_iss,1.5993922966806646
MTG-R,597.5,iss_bs,-0.5183662695809076
MTG-R,597.5,vss_bs,1.0624807401954535
MTG-R,597.5,vss_iss,1.580847009776361
MTG-R,598.3333,iss_bs,-0.5271705058616725
MTG-R,598.3333,vss_bs,1.0359652883408759
MTG-R,598.3333,vss_iss,1.5631357942025483
MTG-R,599.1667000000001,iss_bs,-0.5345971741037351
MTG-R,599.1667000000001,vss_bs,1.0118670063936905
MTG-R,599.1667000000001,vss_iss,1.5464641804974255
MTG-R,600,iss_bs,-0.5406060830036514
MTG-R,600,vss_bs,0.9904113835279469
MTG-R,600,vss_iss,1.5310174665315983
MTG-R,600.8333,iss_bs,-0.5451829622032512
MTG-R,600.8333,vss_bs,0.971774375068728
MTG-R,600.8333,vss_iss,1.5169573372719791
MTG-R,601.6667,iss_bs,-0.5483383842516821
MTG-R,601.6667,vss_bs,0.956080552686249
MTG-R,601.6667,vss_iss,1.504418936937931
MTG-R,602.5,iss_bs,-0.5501061609616118
MTG-R,602.5,vss_bs,0.9434022899517123
MTG-R,602.5,vss_iss,1.493508450913324
MTG-R,603.3333,iss_bs,-0.5505412655922486
MTG-R,603.3333,vss_bs,0.9337599789705098
MTG-R,603.3333,vss_iss,1.4843012445627584
MTG-R,604.1667,iss_bs,-0.5497173429564355
MTG-R,604.1667,vss_bs,0.9271232520255824
MTG-R,604.1667,vss_iss,1.476840594982018
MTG-R,605,iss_bs,-0.54772387858903
MTG-R,605,vss_bs,0.9234131613355139
MTG-R,605,vss_iss,1.471137039924544
MTG-R,605.8333,iss_bs,-0.5446631053240492
MTG-R,605.8333,vss_bs,0.9225052506074223
MTG-R,605.8333,vss_iss,1.4671683559314714
MTG-R,606.6667,iss_bs,-0.5406467308494964
MTG-R,606.6667,vss_bs,0.924233434454571
MTG-R,606.6667,vss_iss,1.4648801653040675
MTG-R,607.5,iss_bs,-0.5357925729303775
MTG-R,607.5,vss_bs,0.9283945863147824
MTG-R,607.5,vss_iss,1.4641871592451599
MTG-R,608.3333,iss_bs,-0.5302211899530365
MTG-R,608.3333,vss_bs,0.934753722555452
MTG-R,608.3333,vss_iss,1.4649749125084883
MTG-R,609.1667,iss_bs,-0.5240525932402729
MTG-R,609.1667,vss_bs,0.9430496602293613
MTG-R,609.1667,vss_iss,1.4671022534696343
MTG-R,610,iss_bs,-0.5174031242619418
MTG-R,610,vss_bs,0.9530010186310065
MTG-R,610,vss_iss,1.4704041428929482
MTG-R,610.8333,iss_bs,-0.510382574515531
MTG-R,610.8333,vss_bs,0.9643124305054633
MTG-R,610.8333,vss_iss,1.4746950050209944
MTG-R,611.6667,iss_bs,-0.5030916186198242
MTG-R,611.6667,vss_bs,0.9766808275187508
MTG-R,611.6667,vss_iss,1.479772446138575
MTG-R,612.5,iss_bs,-0.49561962224054856
MTG-R,612.5,vss_bs,0.9898016663781315
MTG-R,612.5,vss_iss,1.4854212886186802
MTG-R,613.3333,iss_bs,-0.48804287607826086
MTG-R,613.3333,vss_bs,1.0033749666915095
MTG-R,613.3333,vss_iss,1.4914178427697702
MTG-R,614.1667,iss_bs,-0.48042329555808966
MTG-R,614.1667,vss_bs,1.0171110391107883
MTG-R,614.1667,vss_iss,1.4975343346688779
MTG-R,615,iss_bs,-0.47280761335819044
MTG-R,615,vss_bs,1.0307357922882014
MTG-R,615,vss_iss,1.503543405646392
MTG-R,615.8333,iss_bs,-0.4652270788099037
MTG-R,615.8333,vss_bs,1.0439955194064354
MTG-R,615.8333,vss_iss,1.509222598216339
MTG-R,616.6667,iss_bs,-0.45769766482095264
MTG-R,616.6667,vss_bs,1.056661079196304
MTG-R,616.6667,vss_iss,1.5143587440172568
MTG-R,617.5,iss_bs,-0.4502207696429139
MTG-R,617.5,vss_bs,1.0685314020644308
MTG-R,617.5,vss_iss,1.5187521717073447
MTG-R,618.3333,iss_bs,-0.4427843878521864
MTG-R,618.3333,vss_bs,1.079436268824491
MTG-R,618.3333,vss_iss,1.5222206566766774
MTG-R,619.1667,iss_bs,-0.43536471265561544
MTG-R,619.1667,vss_bs,1.0892383271460928
MTG-R,619.1667,vss_iss,1.5246030398017083
MTG-R,620,iss_bs,-0.4279281203665306
MTG-R,620,vss_bs,1.0978343287839676
MTG-R,620,vss_iss,1.5257624491504982
MTG-R,620.8333,iss_bs,-0.4204334778973912
MTG-R,620.8333,vss_bs,1.1051555885057627
MTG-R,620.8333,vss_iss,1.5255890664031537
MTG-R,621.6667,iss_bs,-0.4128347056241432
MTG-R,621.6667,vss_bs,1.111167682990208
MTG-R,621.6667,vss_iss,1.524002388614351
MTG-R,622.5,iss_bs,-0.40508352119954405
MTG-R,622.5,vss_bs,1.1158694244292764
MTG-R,622.5,vss_iss,1.5209529456288204
MTG-R,623.3333,iss_bs,-0.3971322849925418
MTG-R,623.3333,vss_bs,1.119291158778143
MTG-R,623.3333,vss_iss,1.5164234437706847
MTG-R,624.1667,iss_bs,-0.3889368649257741
MTG-R,624.1667,vss_bs,1.1214924522328171
MTG-R,624.1667,vss_iss,1.5104293171585912
MTG-R,625,iss_bs,-0.38045943764450074
MTG-R,625,vss_bs,1.1225592412978933
MTG-R,625,vss_iss,1.503018678942394
MTG-R,625.8333,iss_bs,-0.37167114419749125
MTG-R,625.8333,vss_bs,1.1226005315077112
MTG-R,625.8333,vss_iss,1.4942716757052024
MTG-R,626.6667,iss_bs,-0.3625545217152497
MTG-R,626.6667,vss_bs,1.1217447373081515
MTG-R,626.6667,vss_iss,1.4842992590234012
MTG-R,627.5,iss_bs,-0.3531056378542596
MTG-R,627.5,vss_bs,1.1201357606762892
MTG-R,627.5,vss_iss,1.4732413985305488
MTG-R,628.3333,iss_bs,-0.34333586191266063
MTG-R,628.3333,vss_bs,1.1179289086929045
MTG-R,628.3333,vss_iss,1.461264770605565
MTG-R,629.1667,iss_bs,-0.3332732153431378
MTG-R,629.1667,vss_bs,1.1152867504890716
MTG-R,629.1667,vss_iss,1.4485599658322093
MTG-R,630,iss_bs,-0.3229632546831463
MTG-R,630,vss_bs,1.1123750118219191
MTG-R,630,vss_iss,1.4353382665050654
MTG-R,630.8333,iss_bs,-0.3124694514464586
MTG-R,630.8333,vss_bs,1.1093586011098868
MTG-R,630.8333,vss_iss,1.4218280525563454
MTG-R,631.6667,iss_bs,-0.3018730459996093
MTG-R,631.6667,vss_bs,1.1063978542404918
MTG-R,631.6667,vss_iss,1.408270900240101
MTG-R,632.5,iss_bs,-0.29127236558547503
MTG-R,632.5,vss_bs,1.1036450770654813
MTG-R,632.5,vss_iss,1.3949174426509565
MTG-R,633.3333,iss_bs,-0.28078161014203346
MTG-R,633.3333,vss_bs,1.1012414544715905
MTG-R,633.3333,vss_iss,1.382023064613624
MTG-R,634.1667,iss_bs,-0.2705291230762349
MTG-R,634.1667,vss_bs,1.09931438354588
MTG-R,634.1667,vss_iss,1.369843506622115
MTG-R,635,iss_bs,-0.26065517736953503
MTG-R,635,vss_bs,1.0979752759537162
MTG-R,635,vss_iss,1.3586304533232512
MTG-R,635.8333,iss_bs,-0.25130931999768613
MTG-R,635.8333,vss_bs,1.09731786154428
MTG-R,635.8333,vss_iss,1.3486271815419661
MTG-R,636.6667,iss_bs,-0.2426473293416264
MTG-R,636.6667,vss_bs,1.0974170117308826
MTG-R,636.6667,vss_iss,1.3400643410725088
MTG-R,637.5,iss_bs,-0.23482785076816828
MTG-R,637.5,vss_bs,1.0983280877004837
MTG-R,637.5,vss_iss,1.333155938468652
MTG-R,638.3333,iss_bs,-0.2280087846154482
MTG-R,638.3333,vss_bs,1.1000868053199868
MTG-R,638.3333,vss_iss,1.328095589935435
MTG-R,639.1667,iss_bs,-0.22234350820856313
MTG-R,639.1667,vss_bs,1.1027095960420517
MTG-R,639.1667,vss_iss,1.3250531042506148
MTG-R,640,iss_bs,-0.21797701907337133
MTG-R,640,vss_bs,1.1061944314634755
MTG-R,640,vss_iss,1.3241714505368467
MTG-R,640.8333,iss_bs,-0.21504209007121722
MTG-R,640.8333,vss_bs,1.1105220687178508
MTG-R,640.8333,vss_iss,1.325564158789068
MTG-R,641.6667,iss_bs,-0.2136555286501149
MTG-R,641.6667,vss_bs,1.115657664819426
MTG-R,641.6667,vss_iss,1.329313193469541
MTG-R,642.5,iss_bs,-0.21391463175162567
MTG-R,642.5,vss_bs,1.1215527006042108
MTG-R,642.5,vss_iss,1.3354673323558366
MTG-R,643.3333,iss_bs,-0.21589392512927938
MTG-R,643.3333,vss_bs,1.1281471491811947
MTG-R,643.3333,vss_iss,1.344041074310474
MTG-R,644.1667,iss_bs,-0.21964227097410774
MTG-R,644.1667,vss_bs,1.1353718199076437
MTG-R,644.1667,vss_iss,1.3550140908817514
MTG-R,645,iss_bs,-0.22518042090327584
MTG-R,645,vss_bs,1.1431508068866134
MTG-R,645,vss_iss,1.3683312277898894
MTG-R,645.8333,iss_bs,-0.2324990826918344
MTG-R,645.8333,vss_bs,1.151403970852541
MTG-R,645.8333,vss_iss,1.3839030535443755
MTG-R,646.6667,iss_bs,-0.24155755879971083
MTG-R,646.6667,vss_bs,1.1600493850151705
MTG-R,646.6667,vss_iss,1.4016069438148813
MTG-R,647.5,iss_bs,-0.25228300298858203
MTG-R,647.5,vss_bs,1.1690056788811556
MTG-R,647.5,vss_iss,1.4212886818697377
MTG-R,648.3333,iss_bs,-0.26457032839118955
MTG-R,648.3333,vss_bs,1.17819421913299
MTG-R,648.3333,vss_iss,1.4427645475241795
MTG-R,649.1667,iss_bs,-0.2782827865707562
MTG-R,649.1667,vss_bs,1.1875410731449734
MTG-R,649.1667,vss_iss,1.4658238597157296
MTG-R,650,iss_bs,-0.2932532226928208
MTG-R,650,vss_bs,1.1969787084522685
MTG-R,650,vss_iss,1.4902319311450891
MTG-R,650.8332999999999,iss_bs,-0.3092859972424579
MTG-R,650.8332999999999,vss_bs,1.2064473902311772
MTG-R,650.8332999999999,vss_iss,1.5157333874736352
MTG-R,651.6667,iss_bs,-0.32615955007930414
MTG-R,651.6667,vss_bs,1.2158962483462858
MTG-R,651.6667,vss_iss,1.54205579842559
MTG-R,652.5,iss_bs,-0.34362956835386965
MTG-R,652.5,vss_bs,1.2252839955088004
MTG-R,652.5,vss_iss,1.56891356386267
MTG-R,653.3333,iss_bs,-0.36143270622627466
MTG-R,653.3333,vss_bs,1.2345792882997564
MTG-R,653.3333,vss_iss,1.596011994526031
MTG-R,654.1667,iss_bs,-0.3792907917335261
MTG-R,654.1667,vss_bs,1.2437607329716063
MTG-R,654.1667,vss_iss,1.6230515247051325
MTG-R,655,iss_bs,-0.3969154448231125
MTG-R,655,vss_bs,1.2528165477892943
MTG-R,655,vss_iss,1.6497319926124068
MTG-R,655.8333,iss_bs,-0.41401302076168134
MTG-R,655.8333,vss_bs,1.2617439029581006
MTG-R,655.8333,vss_iss,1.675756923719782
MTG-R,656.6667,iss_bs,-0.43028978505719734
MTG-R,656.6667,vss_bs,1.2705479676813702
MTG-R,656.6667,vss_iss,1.7008377527385674
MTG-R,657.5,iss_bs,-0.4454572198838529
MTG-R,657.5,vss_bs,1.2792407013928488
MTG-R,657.5,vss_iss,1.7246979212767017
MTG-R,658.3333,iss_bs,-0.45923735791176146
MTG-R,658.3333,vss_bs,1.2878394325419817
MTG-R,658.3333,vss_iss,1.7470767904537432
MTG-R,659.1667,iss_bs,-0.47136803751503825
MTG-R,659.1667,vss_bs,1.2963652733361195
MTG-R,659.1667,vss_iss,1.7677333108511577
MTG-R,660,iss_bs,-0.4816079736121906
MTG-R,660,vss_bs,1.3048414224581157
MTG-R,660,vss_iss,1.7864493960703065
MTG-R,660.8333,iss_bs,-0.4897415408851777
MTG-R,660.8333,vss_bs,1.313291409916436
MTG-R,660.8333,vss_iss,1.8030329508016136
MTG-R,661.6667000000001,iss_bs,-0.49558317078358494
MTG-R,661.6667000000001,vss_bs,1.3217373388226252
MTG-R,661.6667000000001,vss_iss,1.8173205096062102
MTG-R,662.5,iss_bs,-0.49898127045749807
MTG-R,662.5,vss_bs,1.3301981780422212
MTG-R,662.5,vss_iss,1.8291794484997193
MTG-R,663.3333,iss_bs,-0.4998215804427248
MTG-R,663.3333,vss_bs,1.3386881573820772
MTG-R,663.3333,vss_iss,1.838509737824802
MTG-R,664.1667,iss_bs,-0.4980298983686577
MTG-R,664.1667,vss_bs,1.3472153133484963
MTG-R,664.1667,vss_iss,1.845245211717154
MTG-R,665,iss_bs,-0.4935741079596323
MTG-R,665,vss_bs,1.3557802286581302
MTG-R,665,vss_iss,1.8493543366177625
MTG-R,665.8333,iss_bs,-0.4864654659095281
MTG-R,665.8333,vss_bs,1.364375002758221
MTG-R,665.8333,vss_iss,1.850840468667749
MTG-R,666.6667,iss_bs,-0.47675911355328016
MTG-R,666.6667,vss_bs,1.3729824837903937
MTG-R,666.6667,vss_iss,1.849741597343674
MTG-R,667.5,iss_bs,-0.46455379534376
MTG-R,667.5,vss_bs,1.3815757849086285
MTG-R,667.5,vss_iss,1.8461295802523885
MTG-R,668.3333,iss_bs,-0.4499907816585607
MTG-R,668.3333,vss_bs,1.390118099847203
MTG-R,668.3333,vss_iss,1.8401088815057636
MTG-R,669.1667,iss_bs,-0.4332520090903628
MTG-R,669.1667,vss_bs,1.3985628243470623
MTG-R,669.1667,vss_iss,1.8318148334374251
MTG-R,670,iss_bs,-0.4145574667967001
MTG-R,670,vss_bs,1.4068539817110859
MTG-R,670,vss_iss,1.821411448507786
MTG-R,670.8333,iss_bs,-0.39416187238510336
MTG-R,670.8333,vss_bs,1.4149269425883984
MTG-R,670.8333,vss_iss,1.8090888149735016
MTG-R,671.6667,iss_bs,-0.37235069488373734
MTG-R,671.6667,vss_bs,1.4227094212957345
MTG-R,671.6667,vss_iss,1.795060116179472
MTG-R,672.5,iss_bs,-0.34943559530994334
MTG-R,672.5,vss_bs,1.430122723765797
MTG-R,672.5,vss_iss,1.7795583190757405
MTG-R,673.3333,iss_bs,-0.32574936693667994
MTG-R,673.3333,vss_bs,1.437083215746586
MTG-R,673.3333,vss_iss,1.762832582683266
MTG-R,674.1667,iss_bs,-0.30164046733639205
MTG-R,674.1667,vss_bs,1.4435039743161442
MTG-R,674.1667,vss_iss,1.7451444416525363
MTG-R,675,iss_bs,-0.27746724245275883
MTG-R,675,vss_bs,1.449296581252707
MTG-R,675,vss_iss,1.7267638237054659
MTG-R,675.8333,iss_bs,-0.2535919491508591
MTG-R,675.8333,vss_bs,1.4543730134093746
MTG-R,675.8333,vss_iss,1.7079649625602338
MTG-R,676.6667,iss_bs,-0.23037468680309353
MTG-R,676.6667,vss_bs,1.4586475830531267
MTG-R,676.6667,vss_iss,1.68902226985622
MTG-R,677.5,iss_bs,-0.20816735040298223
MTG-R,677.5,vss_bs,1.4620388801751762
MTG-R,677.5,vss_iss,1.6702062305781584
MTG-R,678.3333,iss_bs,-0.18730771742654623
MTG-R,678.3333,vss_bs,1.4644716690658048
MTG-R,678.3333,vss_iss,1.6517793864923511
MTG-R,679.1667,iss_bs,-0.16811377819153298
MTG-R,679.1667,vss_bs,1.4658786929421803
MTG-R,679.1667,vss_iss,1.6339924711337133
MTG-R,680,iss_bs,-0.1508784148519323
MTG-R,680,vss_bs,1.4662023430616165
MTG-R,680,vss_iss,1.6170807579135489
MTG-R,680.8333,iss_bs,-0.13586452750655112
MTG-R,680.8333,vss_bs,1.4653961524562293
MTG-R,680.8333,vss_iss,1.6012606799627804
MTG-R,681.6667,iss_bs,-0.1233006973327493
MTG-R,681.6667,vss_bs,1.4634260790731703
MTG-R,681.6667,vss_iss,1.5867267764059196
MTG-R,682.5,iss_bs,-0.11337746635532865
MTG-R,682.5,vss_bs,1.4602715485604607
MTG-R,682.5,vss_iss,1.5736490149157893
MTG-R,683.3333,iss_bs,-0.10624430163450008
MTG-R,683.3333,vss_bs,1.4559262330469769
MTG-R,683.3333,vss_iss,1.562170534681477
MTG-R,684.1667,iss_bs,-0.10200729854394927
MTG-R,684.1667,vss_bs,1.4503985488573026
MTG-R,684.1667,vss_iss,1.5524058474012519
MTG-R,685,iss_bs,-0.10072766367272067
MTG-R,685,vss_bs,1.4437118630001127
MTG-R,685,vss_iss,1.5444395266728335
MTG-R,685.8333,iss_bs,-0.1024210030041009
MTG-R,685.8333,vss_bs,1.4359044052906382
MTG-R,685.8333,vss_iss,1.538325408294739
MTG-R,686.6667,iss_bs,-0.10705742569507846
MTG-R,686.6667,vss_bs,1.4270288899318593
MTG-R,686.6667,vss_iss,1.5340863156269378
MTG-R,687.5,iss_bs,-0.1145624583030552
MTG-R,687.5,vss_bs,1.4171518571100041
MTG-R,687.5,vss_iss,1.5317143154130592
MTG-R,688.3333,iss_bs,-0.12481874898445941
MTG-R,688.3333,vss_bs,1.4063527514912582
MTG-R,688.3333,vss_iss,1.5311715004757176
MTG-R,689.1667,iss_bs,-0.13766852632050464
MTG-R,689.1667,vss_bs,1.3947227602870385
MTG-R,689.1667,vss_iss,1.532391286607543
MTG-R,690,iss_bs,-0.15291676329550744
MTG-R,690,vss_bs,1.382363438650433
MTG-R,690,vss_iss,1.5352802019459406
MTG-R,690.8333,iss_bs,-0.17033498383304008
MTG-R,690.8333,vss_bs,1.3693851544639695
MTG-R,690.8333,vss_iss,1.5397201382970096
MTG-R,691.6667,iss_bs,-0.18966563743411194
MTG-R,691.6667,vss_bs,1.3559053879888783
MTG-R,691.6667,vss_iss,1.5455710254229902
MTG-R,692.5,iss_bs,-0.21062695708202267
MTG-R,692.5,vss_bs,1.3420469243049589
MTG-R,692.5,vss_iss,1.5526738813869816
MTG-R,693.3333,iss_bs,-0.23291820687289108
MTG-R,693.3333,vss_bs,1.327935977940363
MTG-R,693.3333,vss_iss,1.560854184813254
MTG-R,694.1667,iss_bs,-0.25622521895788686
MTG-R,694.1667,vss_bs,1.3137002895613772
MTG-R,694.1667,vss_iss,1.569925508519264
MTG-R,695,iss_bs,-0.2802261144644306
MTG-R,695,vss_bs,1.2994672340801465
MTG-R,695,vss_iss,1.5796933485445772
MTG-R,695.8333,iss_bs,-0.30459710018270963
MTG-R,695.8333,vss_bs,1.2853619780842362
MTG-R,695.8333,vss_iss,1.589959078266946
MTG-R,696.6667,iss_bs,-0.32901823200371366
MTG-R,696.6667,vss_bs,1.2715057221618944
MTG-R,696.6667,vss_iss,1.600523954165608
MTG-R,697.5,iss_bs,-0.35317903737884676
MTG-R,697.5,vss_bs,1.258014060577401
MTG-R,697.5,vss_iss,1.611193097956248
MTG-R,698.3333,iss_bs,-0.37678389240163024
MTG-R,698.3333,vss_bs,1.2449954869476385
MTG-R,698.3333,vss_iss,1.6217793793492687
MTG-R,699.1667,iss_bs,-0.39955705441307854
MTG-R,699.1667,vss_bs,1.2325500702048477
MTG-R,699.1667,vss_iss,1.6321071246179262
MTG-R,700,iss_bs,-0.421247258190501
MTG-R,700,vss_bs,1.2207683203335915
MTG-R,700,vss_iss,1.6420155785240926
MTG-R,700.8333,iss_bs,-0.44163179264705527
MTG-R,700.8333,vss_bs,1.209730258282879
MTG-R,700.8333,vss_iss,1.6513620509299343
MTG-R,701.6667,iss_bs,-0.460519985366405
MTG-R,701.6667,vss_bs,1.1995046992204765
MTG-R,701.6667,vss_iss,1.6600246845868816
MTG-R,702.5,iss_bs,-0.4777560340168506
MTG-R,702.5,vss_bs,1.1901487530594186
MTG-R,702.5,vss_iss,1.6679047870762693
MTG-R,703.3333,iss_bs,-0.49322113650035887
MTG-R,703.3333,vss_bs,1.181707541085616
MTG-R,703.3333,vss_iss,1.6749286775859749
MTG-R,704.1667,iss_bs,-0.506834885345332
MTG-R,704.1667,vss_bs,1.1742141226810232
MTG-R,704.1667,vss_iss,1.6810490080263554
MTG-R,705,iss_bs,-0.5185559060828707
MTG-R,705,vss_bs,1.167689621688499
MTG-R,705,vss_iss,1.6862455277713697
MTG-R,705.8333,iss_bs,-0.5283817338823258
MTG-R,705.8333,vss_bs,1.1621435380069254
MTG-R,705.8333,vss_iss,1.6905252718892512
MTG-R,706.6667,iss_bs,-0.5363479372860556
MTG-R,706.6667,vss_bs,1.1575742266256859
MTG-R,706.6667,vss_iss,1.6939221639117414
MTG-R,707.5,iss_bs,-0.5425265122004854
MTG-R,707.5,vss_bs,1.153969523574398
MTG-R,707.5,vss_iss,1.6964960357748835
MTG-R,708.3333,iss_bs,-0.5470235831018381
MTG-R,708.3333,vss_bs,1.1513074962242646
MTG-R,708.3333,vss_iss,1.6983310793261028
MTG-R,709.1667,iss_bs,-0.5499764614433342
MTG-R,709.1667,vss_bs,1.1495572940572296
MTG-R,709.1667,vss_iss,1.6995337555005638
MTG-R,710,iss_bs,-0.5515501232651228
MTG-R,710,vss_bs,1.1486800754224555
MTG-R,710,vss_iss,1.7002301986875783
MTG-R,710.8333,iss_bs,-0.5519331787882436
MTG-R,710.8333,vss_bs,1.148629985909111
MTG-R,710.8333,vss_iss,1.7005631646973542
MTG-R,711.6667,iss_bs,-0.5513334161237019
MTG-R,711.6667,vss_bs,1.1493551647424856
MTG-R,711.6667,vss_iss,1.7006885808661873
MTG-R,712.5,iss_bs,-0.549973008978924
MTG-R,712.5,vss_bs,1.1507987570007974
MTG-R,712.5,vss_iss,1.7007717659797212
MTG-R,713.3332999999999,iss_bs,-0.5480834842590957
MTG-R,713.3332999999999,vss_bs,1.1528999113800322
MTG-R,713.3332999999999,vss_iss,1.7009833956391278
MTG-R,714.1667,iss_bs,-0.5459005496357625
MTG-R,714.1667,vss_bs,1.1555947456169775
MTG-R,714.1667,vss_iss,1.70149529525274
MTG-R,715,iss_bs,-0.5436588834197386
MTG-R,715,vss_bs,1.1588172644187487
MTG-R,715,vss_iss,1.702476147838487
MTG-R,715.8333,iss_bs,-0.5415869893957208
MTG-R,715.8333,vss_bs,1.1625002177350674
MTG-R,715.8333,vss_iss,1.7040872071307884
MTG-R,716.6667,iss_bs,-0.5399022176539205
MTG-R,716.6667,vss_bs,1.1665758903377805
MTG-R,716.6667,vss_iss,1.706478107991701
MTG-R,717.5,iss_bs,-0.5388060489271719
MTG-R,717.5,vss_bs,1.170976816829901
MTG-R,717.5,vss_iss,1.7097828657570728
MTG-R,718.3333,iss_bs,-0.5384797345827065
MTG-R,718.3333,vss_bs,1.175636419286157
MTG-R,718.3333,vss_iss,1.7141161538688636
MTG-R,719.1667,iss_bs,-0.5390803773319053
MTG-R,719.1667,vss_bs,1.180489567626498
MTG-R,719.1667,vss_iss,1.7195699449584032
MTG-R,720,iss_bs,-0.5407375290456161
MTG-R,720,vss_bs,1.185473065450591
MTG-R,720,vss_iss,1.726210594496207
MTG-R,720.8333,iss_bs,-0.5435503719624918
MTG-R,720.8333,vss_bs,1.1905260663340695
MTG-R,720.8333,vss_iss,1.7340764382965612
MTG-R,721.6667,iss_bs,-0.5475855382440898
MTG-R,721.6667,vss_bs,1.195590427439303
MTG-R,721.6667,vss_iss,1.7431759656833927
MTG-R,722.5,iss_bs,-0.5528756104755904
MTG-R,722.5,vss_bs,1.2006110086746669
MTG-R,722.5,vss_iss,1.7534866191502572
MTG-R,723.3333,iss_bs,-0.5594183325656836
MTG-R,723.3333,vss_bs,1.2055359265134815
MTG-R,723.3333,vss_iss,1.764954259079165
MTG-R,724.1667000000001,iss_bs,-0.567176546807586
MTG-R,724.1667000000001,vss_bs,1.2103167719427428
MTG-R,724.1667000000001,vss_iss,1.7774933187503286
MTG-R,725,iss_bs,-0.5760788588788722
MTG-R,725,vss_bs,1.214908801856978
MTG-R,725,vss_iss,1.7909876607358501
MTG-R,725.8333,iss_bs,-0.5860210185393473
MTG-R,725.8333,vss_bs,1.2192711125665154
MTG-R,725.8333,vss_iss,1.8052921311058627
MTG-R,726.6667,iss_bs,-0.5968679899919647
MTG-R,726.6667,vss_bs,1.223366802992718
MTG-R,726.6667,vss_iss,1.8202347929846827
MTG-R,727.5,iss_bs,-0.6084566725561725
MTG-R,727.5,vss_bs,1.2271631336315079
MTG-R,727.5,vss_iss,1.8356198061876805
MTG-R,728.3333,iss_bs,-0.6205992197112093
MTG-R,728.3333,vss_bs,1.2306316855513684
MTG-R,728.3333,vss_iss,1.8512309052625775
MTG-R,729.1667,iss_bs,-0.6330868929312063
MTG-R,729.1667,vss_bs,1.2337485216349968
MTG-R,729.1667,vss_iss,1.8668354145662032
MTG-R,730,iss_bs,-0.6456943762688703
MTG-R,730,vss_bs,1.236494350066376
MTG-R,730,vss_iss,1.8821887263352466
MTG-R,730.8333,iss_bs,-0.6581844685446205
MTG-R,730.8333,vss_bs,1.2388546878037316
MTG-R,730.8333,vss_iss,1.8970391563483522
MTG-R,731.6667,iss_bs,-0.6703130624320953
MTG-R,731.6667,vss_bs,1.2408200195638475
MTG-R,731.6667,vss_iss,1.9111330819959427
MTG-R,732.5,iss_bs,-0.6818343138414719
MTG-R,732.5,vss_bs,1.242385945773124
MTG-R,732.5,vss_iss,1.9242202596145959
MTG-R,733.3333,iss_bs,-0.6925059009011385
MTG-R,733.3333,vss_bs,1.2435533111103918
MTG-R,733.3333,vss_iss,1.9360592120115303
MTG-R,734.1667,iss_bs,-0.7020942696061779
MTG-R,734.1667,vss_bs,1.2443283037636101
MTG-R,734.1667,vss_iss,1.946422573369788
MTG-R,735,iss_bs,-0.7103797628858144
MTG-R,735,vss_bs,1.244722514423916
MTG-R,735,vss_iss,1.9551022773097304
MTG-R,735.8333,iss_bs,-0.717161531454477
MTG-R,735.8333,vss_bs,1.2447529434104017
MTG-R,735.8333,vss_iss,1.9619144748648787
MTG-R,736.6667,iss_bs,-0.7222621283302125
MTG-R,736.6667,vss_bs,1.2444419442056072
MTG-R,736.6667,vss_iss,1.9667040725358198
MTG-R,737.5,iss_bs,-0.7255316942743545
MTG-R,737.5,vss_bs,1.2438170921163247
MTG-R,737.5,vss_iss,1.9693487863906793
MTG-R,738.3333,iss_bs,-0.7268516485378093
MTG-R,738.3333,vss_bs,1.2429109677690813
MTG-R,738.3333,vss_iss,1.9697626163068904
MTG-R,739.1667,iss_bs,-0.7261378080709502
MTG-R,739.1667,vss_bs,1.24176084669725
MTG-R,739.1667,vss_iss,1.9678986547682003
MTG-R,740,iss_bs,-0.7233428686144883
MTG-R,740,vss_bs,1.2404082883500371
MTG-R,740,vss_iss,1.9637511569645254
MTG-R,740.8333,iss_bs,-0.7184581926592147
MTG-R,740.8333,vss_bs,1.2388986204058685
MTG-R,740.8333,vss_iss,1.9573568130650831
MTG-R,741.6667,iss_bs,-0.7115148619395069
MTG-R,741.6667,vss_bs,1.2372803172391666
MTG-R,741.6667,vss_iss,1.9487951791786735
MTG-R,742.5,iss_bs,-0.7025839656851423
MTG-R,742.5,vss_bs,1.2356042746881222
MTG-R,742.5,vss_iss,1.9381882403732642
MTG-R,743.3333,iss_bs,-0.6917761100560352
MTG-R,743.3333,vss_bs,1.2339229868055623
MTG-R,743.3333,vss_iss,1.9256990968615975
MTG-R,744.1667,iss_bs,-0.6792401487708132
MTG-R,744.1667,vss_bs,1.2322896339367282
MTG-R,744.1667,vss_iss,1.9115297827075415
MTG-R,745,iss_bs,-0.6651611496482238
MTG-R,745,vss_bs,1.2307570951397508
MTG-R,745,vss_iss,1.8959182447879748
MTG-R,745.8333,iss_bs,-0.6497576263433935
MTG-R,745.8333,vss_bs,1.2293769015232363
MTG-R,745.8333,vss_iss,1.8791345278666298
MTG-R,746.6667,iss_bs,-0.6332780787104794
MTG-R,746.6667,vss_bs,1.2281981503969301
MTG-R,746.6667,vss_iss,1.8614762291074096
MTG-R,747.5,iss_bs,-0.615996898697694
MTG-R,747.5,vss_bs,1.2272664030923812
MTG-R,747.5,vss_iss,1.8432633017900752
MTG-R,748.3333,iss_bs,-0.5982097112273087
MTG-R,748.3333,vss_bs,1.226622591794549
MTG-R,748.3333,vss_iss,1.8248323030218576
MTG-R,749.1667,iss_bs,-0.5802282308938695
MTG-R,749.1667,vss_bs,1.2263019626251188
MTG-R,749.1667,vss_iss,1.8065301935189884
MTG-R,750,iss_bs,-0.5623747253093976
MTG-R,750,vss_bs,1.2263330834397164
MTG-R,750,vss_iss,1.7887078087491137
MTG-R,750.8333,iss_bs,-0.5449761843378177
MTG-R,750.8333,vss_bs,1.2267369452672265
MTG-R,750.8333,vss_iss,1.7717131296050443
MTG-R,751.6667,iss_bs,-0.528358301122682
MTG-R,751.6667,vss_bs,1.227526185971622
MTG-R,751.6667,vss_iss,1.7558844870943038
MTG-R,752.5,iss_bs,-0.5128393755818901
MTG-R,752.5,vss_bs,1.2287044635192559
MTG-R,752.5,vss_iss,1.741543839101146
MTG-R,753.3333,iss_bs,-0.49872425381329133
MTG-R,753.3333,vss_bs,1.230266004174785
MTG-R,753.3333,vss_iss,1.7289902579880765
MTG-R,754.1667,iss_bs,-0.4862984175533047
MTG-R,754.1667,vss_bs,1.2321953480395047
MTG-R,754.1667,vss_iss,1.7184937655928094
MTG-R,755,iss_bs,-0.47582233642128674
MTG-R,755,vss_bs,1.2344673106244772
MTG-R,755,vss_iss,1.7102896470457638
MTG-R,755.8333,iss_bs,-0.46752619216748065
MTG-R,755.8333,vss_bs,1.2370471746809217
MTG-R,755.8333,vss_iss,1.7045733668484022
MTG-R,756.6667,iss_bs,-0.4616050785625812
MTG-R,756.6667,vss_bs,1.239891121379083
MTG-R,756.6667,vss_iss,1.7014961999416642
MTG-R,757.5,iss_bs,-0.45821477300051017
MTG-R,757.5,vss_bs,1.2429469042449457
MTG-R,757.5,vss_iss,1.7011616772454559
MTG-R,758.3333,iss_bs,-0.45746816644919386
MTG-R,758.3333,vss_bs,1.2461547631616934
MTG-R,758.3333,vss_iss,1.7036229296108873
MTG-R,759.1667,iss_bs,-0.45943242722782573
MTG-R,759.1667,vss_bs,1.2494485693686073
MTG-R,759.1667,vss_iss,1.7088809965964329
MTG-R,760,iss_bs,-0.4641269613984286
MTG-R,760,vss_bs,1.252757185905733
MTG-R,760,vss_iss,1.7168841473041614
MTG-R,760.8333,iss_bs,-0.47152221854979354
MTG-R,760.8333,vss_bs,1.2560060215301239
MTG-R,760.8333,vss_iss,1.7275282400799175
MTG-R,761.6667,iss_bs,-0.4815393766651917
MTG-R,761.6667,vss_bs,1.25911874994668
MTG-R,761.6667,vss_iss,1.7406581266118717
MTG-R,762.5,iss_bs,-0.49405092386737853
MTG-R,762.5,vss_bs,1.2620191604312554
MTG-R,762.5,vss_iss,1.7560700842986339
MTG-R,763.3333,iss_bs,-0.5088821384090905
MTG-R,763.3333,vss_bs,1.2646331007505
MTG-R,763.3333,vss_iss,1.7735152391595908
MTG-R,764.1667,iss_bs,-0.52581345162191
MTG-R,764.1667,vss_bs,1.2668904688669895
MTG-R,764.1667,vss_iss,1.7927039204888995
MTG-R,765,iss_bs,-0.544583661957455
MTG-R,765,vss_bs,1.2687272064109982
MTG-R,765,vss_iss,1.8133108683684531
MTG-R,765.8333,iss_bs,-0.564893952060514
MTG-R,765.8333,vss_bs,1.2700872444353521
MTG-R,765.8333,vss_iss,1.834981196495866
MTG-R,766.6667,iss_bs,-0.5864126453106064
MTG-R,766.6667,vss_bs,1.2709243506577506
MTG-R,766.6667,vss_iss,1.857336995968357
MTG-R,767.5,iss_bs,-0.6087806237535753
MTG-R,767.5,vss_bs,1.2712038273204238
MTG-R,767.5,vss_iss,1.8799844510739991
MTG-R,768.3333,iss_bs,-0.6316173161020587
MTG-R,768.3333,vss_bs,1.2709040100152305
MTG-R,768.3333,vss_iss,1.902521326117289
MTG-R,769.1667,iss_bs,-0.654527152776515
MTG-R,769.1667,vss_bs,1.2700175203569128
MTG-R,769.1667,vss_iss,1.9245446731334277
MTG-R,770,iss_bs,-0.6771063750260021
MTG-R,770,vss_bs,1.2685522292278528
MTG-R,770,vss_iss,1.945658604253855
MTG-R,770.8333,iss_bs,-0.6989500772194913
MTG-R,770.8333,vss_bs,1.266531892420646
MTG-R,770.8333,vss_iss,1.965481969640137
MTG-R,771.6667,iss_bs,-0.7196593556090595
MTG-R,771.6667,vss_bs,1.2639964267909622
MTG-R,771.6667,vss_iss,1.9836557824000216
MTG-R,772.5,iss_bs,-0.7388484333733752
MTG-R,772.5,vss_bs,1.2610018023911587
MTG-R,772.5,vss_iss,1.999850235764534
MTG-R,773.3333,iss_bs,-0.7561516306492769
MTG-R,773.3333,vss_bs,1.2576195343414749
MTG-R,773.3333,vss_iss,2.013771164990752
MTG-R,774.1667,iss_bs,-0.771230049603791
MTG-R,774.1667,vss_bs,1.2539357672381004
MTG-R,774.1667,vss_iss,2.0251658168418913
MTG-R,775,iss_bs,-0.7837778483953723
MTG-R,775,vss_bs,1.250049954499004
MTG-R,775,vss_iss,2.0338278028943764
MTG-R,775.8332999999999,iss_bs,-0.7935279840830177
MTG-R,775.8332999999999,vss_bs,1.2460731449902465
MTG-R,775.8332999999999,vss_iss,2.0396011290732643
MTG-R,776.6667,iss_bs,-0.8002573130794277
MTG-R,776.6667,vss_bs,1.2421258993236333
MTG-R,776.6667,vss_iss,2.042383212403061
MTG-R,777.5,iss_bs,-0.8037909484794938
MTG-R,777.5,vss_bs,1.2383358681254395
MTG-R,777.5,vss_iss,2.0421268166049336
MTG-R,778.3333,iss_bs,-0.8040057863535113
MTG-R,778.3333,vss_bs,1.2348350740960514
MTG-R,778.3333,vss_iss,2.0388408604495627
MTG-R,779.1667,iss_bs,-0.8008331276609257
MTG-R,779.1667,vss_bs,1.2317569485630917
MTG-R,779.1667,vss_iss,2.032590076224017
MTG-R,780,iss_bs,-0.7942603385620224
MTG-R,780,vss_bs,1.229233181235193
MTG-R,780,vss_iss,2.0234935197972157
MTG-R,780.8333,iss_bs,-0.7843315092961062
MTG-R,780.8333,vss_bs,1.2273904487634977
MTG-R,780.8333,vss_iss,2.0117219580596037
MTG-R,781.6667,iss_bs,-0.7711470901409054
MTG-R,781.6667,vss_bs,1.2263470933059362
MTG-R,781.6667,vss_iss,1.9974941834468416
MTG-R,782.5,iss_bs,-0.7548625019320443
MTG-R,782.5,vss_bs,1.2262098263848862
MTG-R,782.5,vss_iss,1.9810723283169305
MTG-R,783.3333,iss_bs,-0.7356857378497267
MTG-R,783.3333,vss_bs,1.2270705357813982
MTG-R,783.3333,vss_iss,1.962756273631125
MTG-R,784.1667,iss_bs,-0.7138739923085308
MTG-R,784.1667,vss_bs,1.2290032739043506
MTG-R,784.1667,vss_iss,1.9428772662128815
MTG-R,785,iss_bs,-0.6897293714482001
MTG-R,785,vss_bs,1.232061504935503
MTG-R,785,vss_iss,1.921790876383703
MTG-R,785.8333,iss_bs,-0.663593757555449
MTG-R,785.8333,vss_bs,1.2362756850483587
MTG-R,785.8333,vss_iss,1.8998694426038076
MTG-R,786.6667000000001,iss_bs,-0.6358429163970232
MTG-R,786.6667000000001,vss_bs,1.2416512451411783
MTG-R,786.6667000000001,vss_iss,1.8774941615382015
MTG-R,787.5,iss_bs,-0.606879951577901
MTG-R,787.5,vss_bs,1.248167038868953
MTG-R,787.5,vss_iss,1.8550469904468538
MTG-R,788.3333,iss_bs,-0.5771282233466184
MTG-R,788.3333,vss_bs,1.2557743104066723
MTG-R,788.3333,vss_iss,1.8329025337532907
MTG-R,789.1667,iss_bs,-0.5470238604735722
MTG-R,789.1667,vss_bs,1.264396226471854
MTG-R,789.1667,vss_iss,1.8114200869454262
MTG-R,790,iss_bs,-0.5170080026867856
MTG-R,790,vss_bs,1.2739280058641904
MTG-R,790,vss_iss,1.790936008550976
MTG-R,790.8333,iss_bs,-0.48751891746416454
MTG-R,790.8333,vss_bs,1.2842376673681635
MTG-R,790.8333,vss_iss,1.771756584832328
MTG-R,791.6667,iss_bs,-0.4589841385996729
MTG-R,791.6667,vss_bs,1.2951674035681144
MTG-R,791.6667,vss_iss,1.7541515421677873
MTG-R,792.5,iss_bs,-0.4318127747819676
MTG-R,792.5,vss_bs,1.306535574229567
MTG-R,792.5,vss_iss,1.7383483490115346
MTG-R,793.3333,iss_bs,-0.40638813439966565
MTG-R,793.3333,vss_bs,1.3181392987128608
MTG-R,793.3333,vss_iss,1.7245274331125264
MTG-R,794.1667,iss_bs,-0.38306080792456765
MTG-R,794.1667,vss_bs,1.3297576127275619
MTG-R,794.1667,vss_iss,1.7128184206521295
MTG-R,795,iss_bs,-0.36214234158566083
MTG-R,795,vss_bs,1.3411551409381695
MTG-R,795,vss_iss,1.7032974825238305
MTG-R,795.8333,iss_bs,-0.34389962575039157
MTG-R,795.8333,vss_bs,1.3520862238233315
MTG-R,795.8333,vss_iss,1.695985849573723
MTG-R,796.6667,iss_bs,-0.32855010864704287
MTG-R,796.6667,vss_bs,1.362299425094009
MTG-R,796.6667,vss_iss,1.690849533741052
MTG-R,797.5,iss_bs,-0.3162579310160972
MTG-R,797.5,vss_bs,1.3715423351967155
MTG-R,797.5,vss_iss,1.6878002662128129
MTG-R,798.3333,iss_bs,-0.30713106023869724
MTG-R,798.3333,vss_bs,1.3795665772493237
MTG-R,798.3333,vss_iss,1.6866976374880212
MTG-R,799.1667,iss_bs,-0.30121948376977176
MTG-R,799.1667,vss_bs,1.386132914431212
MTG-R,799.1667,vss_iss,1.6873523982009837
MTG-R,800,iss_bs,-0.29851450165115234
MTG-R,800,vss_bs,1.3910163525920796
MTG-R,800,vss_iss,1.689530854243232
MTG-R,800.8333,iss_bs,-0.2989491368765803
MTG-R,800.8333,vss_bs,1.3940111288267285
MTG-R,800.8333,vss_iss,1.692960265703309
MTG-R,801.6667,iss_bs,-0.3023996608286191
MTG-R,801.6667,vss_bs,1.394935476111175
MTG-R,801.6667,vss_iss,1.697335136939794
MTG-R,802.5,iss_bs,-0.30868820932645846
MTG-R,802.5,vss_bs,1.3936360558806486
MTG-R,802.5,vss_iss,1.7023242652071071
MTG-R,803.3333,iss_bs,-0.3175864434393967
MTG-R,803.3333,vss_bs,1.3899919546705874
MTG-R,803.3333,vss_iss,1.7075783981099841
MTG-R,804.1667,iss_bs,-0.32882018855843204
MTG-R,804.1667,vss_bs,1.3839181475989186
MTG-R,804.1667,vss_iss,1.7127383361573507
MTG-R,805,iss_bs,-0.34207496569359913
MTG-R,805,vss_bs,1.3753683404473762
MTG-R,805,vss_iss,1.7174433061409753
MTG-R,805.8333,iss_bs,-0.35700231097458
MTG-R,805.8333,vss_bs,1.36433711325078
MTG-R,805.8333,vss_iss,1.72133942422536
MTG-R,806.6667,iss_bs,-0.37322676324779025
MTG-R,806.6667,vss_bs,1.3508613014236017
MTG-R,806.6667,vss_iss,1.724088064671392
MTG-R,807.5,iss_bs,-0.39035338582175017
MTG-R,807.5,vss_bs,1.3350205652902243
MTG-R,807.5,vss_iss,1.7253739511119746
MTG-R,808.3333,iss_bs,-0.4079756771092597
MTG-R,808.3333,vss_bs,1.3169371151428277
MTG-R,808.3333,vss_iss,1.7249127922520875
MTG-R,809.1667,iss_bs,-0.42568371639821134
MTG-R,809.1667,vss_bs,1.2967745762938985
MTG-R,809.1667,vss_iss,1.72245829269211
MTG-R,810,iss_bs,-0.4430723854466774
MTG-R,810,vss_bs,1.2747359966533174
MTG-R,810,vss_iss,1.7178083820999948
MTG-R,810.8333,iss_bs,-0.45974950417941335
MTG-R,810.8333,vss_bs,1.2510610177533854
MTG-R,810.8333,vss_iss,1.710810521932799
MTG-R,811.6667,iss_bs,-0.4753437195372143
MTG-R,811.6667,vss_bs,1.2260222484649643
MTG-R,811.6667,vss_iss,1.7013659680021787
MTG-R,812.5,iss_bs,-0.48951199050964717
MTG-R,812.5,vss_bs,1.1999208984846879
MTG-R,812.5,vss_iss,1.689432888994335
MTG-R,813.3333,iss_bs,-0.5019465195129041
MTG-R,813.3333,vss_bs,1.1730817456204952
MTG-R,813.3333,vss_iss,1.6750282651333994
MTG-R,814.1667,iss_bs,-0.5123809904415111
MTG-R,814.1667,vss_bs,1.1458475265674426
MTG-R,814.1667,vss_iss,1.6582285170089537
MTG-R,815,iss_bs,-0.5205959867460005
MTG-R,815,vss_bs,1.1185728548770246
MTG-R,815,vss_iss,1.6391688416230252
MTG-R,815.8333,iss_bs,-0.5264234785303942
MTG-R,815.8333,vss_bs,1.091617781840863
MTG-R,815.8333,vss_iss,1.618041260371257
MTG-R,816.6667,iss_bs,-0.5297502856297408
MTG-R,816.6667,vss_bs,1.0653411257331118
MTG-R,816.6667,vss_iss,1.5950914113628525
MTG-R,817.5,iss_bs,-0.5305204435757764
MTG-R,817.5,vss_bs,1.0400937020311891
MTG-R,817.5,vss_iss,1.5706141456069658
MTG-R,818.3333,iss_bs,-0.52873642090161
MTG-R,818.3333,vss_bs,1.0162115916609857
MTG-R,818.3333,vss_iss,1.5449480125625956
MTG-R,819.1667,iss_bs,-0.5244591589520596
MTG-R,819.1667,vss_bs,0.9940095858482983
MTG-R,819.1667,vss_iss,1.518468744800358
MTG-R,820,iss_bs,-0.5178069288051232
MTG-R,820,vss_bs,0.9737749447235943
MTG-R,820,vss_iss,1.4915818735287174
MTG-R,820.8333,iss_bs,-0.5089530236039765
MTG-R,820.8333,vss_bs,0.9557616024084911
MTG-R,820.8333,vss_iss,1.4647146260124675
MTG-R,821.6667,iss_bs,-0.4981223280708276
MTG-R,821.6667,vss_bs,0.9401849439619442
MTG-R,821.6667,vss_iss,1.4383072720327719
MTG-R,822.5,iss_bs,-0.48558682974688094
MTG-R,822.5,vss_bs,0.9272172694013754
MTG-R,822.5,vss_iss,1.4128040991482562
MTG-R,823.3333,iss_bs,-0.47166015811096745
MTG-R,823.3333,vss_bs,0.9169840472221518
MTG-R,823.3333,vss_iss,1.3886442053331192
MTG-R,824.1667,iss_bs,-0.4566912577263197
MTG-R,824.1667,vss_bs,0.9095610446627731
MTG-R,824.1667,vss_iss,1.366252302389093
MTG-R,825,iss_bs,-0.44105731953438637
MTG-R,825,vss_bs,0.9049724047040498
MTG-R,825,vss_iss,1.3460297242384363
MTG-R,825.8333,iss_bs,-0.4251561099775487
MTG-R,825.8333,vss_bs,0.9031897207998882
MTG-R,825.8333,vss_iss,1.328345830777437
MTG-R,826.6667,iss_bs,-0.40939785045727517
MTG-R,826.6667,vss_bs,0.9041321400096023
MTG-R,826.6667,vss_iss,1.3135299904668776
MTG-R,827.5,iss_bs,-0.3941968094420226
MTG-R,827.5,vss_bs,0.9076675039661818
MTG-R,827.5,vss_iss,1.3018643134082044
MTG-R,828.3333,iss_bs,-0.3799627761110709
MTG-R,828.3333,vss_bs,0.9136145154258557
MTG-R,828.3333,vss_iss,1.2935772915369266
MTG-R,829.1667,iss_bs,-0.367092587602859
MTG-R,829.1667,vss_bs,0.9217458964716032
MTG-R,829.1667,vss_iss,1.2888384840744622
MTG-R,830,iss_bs,-0.3559618816430868
MTG-R,830,vss_bs,0.9317924832615576
MTG-R,830,vss_iss,1.2877543649046443
MTG-R,830.8333,iss_bs,-0.3469172425444474
MTG-R,830.8333,vss_bs,0.9434481819915712
MTG-R,830.8333,vss_iss,1.2903654245360185
MTG-R,831.6667,iss_bs,-0.3402689013527101
MTG-R,831.6667,vss_bs,0.9563756919321079
MTG-R,831.6667,vss_iss,1.2966445932848178
MTG-R,832.5,iss_bs,-0.3362841403906926
MTG-R,832.5,vss_bs,0.9702128844290187
MTG-R,832.5,vss_iss,1.3064970248197112
MTG-R,833.3333,iss_bs,-0.335181538818862
MTG-R,833.3333,vss_bs,0.9845797120149917
MTG-R,833.3333,vss_iss,1.3197612508338536
MTG-R,834.1667,iss_bs,-0.337126179350148
MTG-R,834.1667,vss_bs,0.9990855096071795
MTG-R,834.1667,vss_iss,1.3362116889573274
MTG-R,835,iss_bs,-0.34222591724932006
MTG-R,835,vss_bs,1.0133365404564083
MTG-R,835,vss_iss,1.3555624577057284
MTG-R,835.8333,iss_bs,-0.3505287915892871
MTG-R,835.8333,vss_bs,1.02694363329341
MTG-R,835.8333,vss_iss,1.3774724248826973
MTG-R,836.6667,iss_bs,-0.36202163585039676
MTG-R,836.6667,vss_bs,1.039529754150066
MTG-R,836.6667,vss_iss,1.401551390000463
MTG-R,837.5,iss_bs,-0.3766299207946935
MTG-R,837.5,vss_bs,1.0507373567100857
MTG-R,837.5,vss_iss,1.4273672775047792
MTG-R,838.3332999999999,iss_bs,-0.3942188376140358
MTG-R,838.3332999999999,vss_bs,1.0602353587822122
MTG-R,838.3332999999999,vss_iss,1.4544541963962478
MTG-R,839.1667,iss_bs,-0.4145956041468642
MTG-R,839.1667,vss_bs,1.0677255995332602
MTG-R,839.1667,vss_iss,1.4823212036801243
MTG-R,840,iss_bs,-0.4375129519996592
MTG-R,840,vss_bs,1.0729486423379926
MTG-R,840,vss_iss,1.5104615943376518
MTG-R,840.8333,iss_bs,-0.4626737282089933
MTG-R,840.8333,vss_bs,1.075688801296457
MTG-R,840.8333,vss_iss,1.5383625295054504
MTG-R,841.6667,iss_bs,-0.4897365221399167
MTG-R,841.6667,vss_bs,1.075778285367614
MTG-R,841.6667,vss_iss,1.565514807507531
MTG-R,842.5,iss_bs,-0.5183222071127004
MTG-R,842.5,vss_bs,1.0731003723400254
MTG-R,842.5,vss_iss,1.5914225794527257
MTG-R,843.3333,iss_bs,-0.5480212672266808
MTG-R,843.3333,vss_bs,1.0675915451199056
MTG-R,843.3333,vss_iss,1.6156128123465863
MTG-R,844.1667,iss_bs,-0.5784017634072931
MTG-R,844.1667,vss_bs,1.0592425446315068
MTG-R,844.1667,vss_iss,1.6376443080388001
MTG-R,845,iss_bs,-0.609017779188984
MTG-R,845,vss_bs,1.0480983165247062
MTG-R,845,vss_iss,1.6571160957136901
MTG-R,845.8333,iss_bs,-0.6394181764528019
MTG-R,845.8333,vss_bs,1.0342568523727573
MTG-R,845.8333,vss_iss,1.673675028825559
MTG-R,846.6667,iss_bs,-0.6691554844863127
MTG-R,846.6667,vss_bs,1.01786694960731
MTG-R,846.6667,vss_iss,1.6870224340936226
MTG-R,847.5,iss_bs,-0.6977947424798181
MTG-R,847.5,vss_bs,0.9991249375599615
MTG-R,847.5,vss_iss,1.6969196800397794
MTG-R,848.3333,iss_bs,-0.724922115995505
MTG-R,848.3333,vss_bs,0.9782704391501806
MTG-R,848.3333,vss_iss,1.7031925551456857
MTG-R,849.1667000000001,iss_bs,-0.7501531120494935
MTG-R,849.1667000000001,vss_bs,0.95558125848644
MTG-R,849.1667000000001,vss_iss,1.7057343705359336
MTG-R,850,iss_bs,-0.773140225157811
MTG-R,850,vss_bs,0.931367503469006
MTG-R,850,vss_iss,1.7045077286268169
MTG-R,850.8333,iss_bs,-0.7935798578684636
MTG-R,850.8333,vss_bs,0.9059650689771866
MTG-R,850.8333,vss_iss,1.6995449268456504
MTG-R,851.6667,iss_bs,-0.8112183737129484
MTG-R,851.6667,vss_bs,0.87972862001927
MTG-R,851.6667,vss_iss,1.6909469937322184
MTG-R,852.5,iss_bs,-0.8258571578734497
MTG-R,852.5,vss_bs,0.8530242250064177
MTG-R,852.5,vss_iss,1.6788813828798674
MTG-R,853.3333,iss_bs,-0.8373565808262955
MTG-R,853.3333,vss_bs,0.8262217968350204
MTG-R,853.3333,vss_iss,1.663578377661316
MTG-R,854.1667,iss_bs,-0.8456387823825404
MTG-R,854.1667,vss_bs,0.7996875035497846
MTG-R,854.1667,vss_iss,1.645326285932325
MTG-R,855,iss_bs,-0.8506892174504752
MTG-R,855,vss_bs,0.7737763109118725
MTG-R,855,vss_iss,1.6244655283623477
MTG-R,855.8333,iss_bs,-0.8525569300026069
MTG-R,855.8333,vss_bs,0.7488248161920217
MTG-R,855.8333,vss_iss,1.6013817461946285
MTG-R,856.6667,iss_bs,-0.8513535476241462
MTG-R,856.6667,vss_bs,0.7251445260052216
MTG-R,856.6667,vss_iss,1.576498073629368
MTG-R,857.5,iss_bs,-0.8472510151176768
MTG-R,857.5,vss_bs,0.7030157211378577
MTG-R,857.5,vss_iss,1.5502667362555345
MTG-R,858.3333,iss_bs,-0.8404781114001515
MTG-R,858.3333,vss_bs,0.6826820383020652
MTG-R,858.3333,vss_iss,1.5231601497022167
MTG-R,859.1667,iss_bs,-0.8313158188207409
MTG-R,859.1667,vss_bs,0.6643458828682595
MTG-R,859.1667,vss_iss,1.4956617016890004
MTG-R,860,iss_bs,-0.8200916375347331
MTG-R,860,vss_bs,0.6481647682234671
MTG-R,860,vss_iss,1.4682564057582002
MTG-R,860.8333,iss_bs,-0.8071729592019697
MTG-R,860.8333,vss_bs,0.6342486568850916
MTG-R,860.8333,vss_iss,1.4414216160870614
MTG-R,861.6667,iss_bs,-0.792959633587481
MTG-R,861.6667,vss_bs,0.6226583563210716
MTG-R,861.6667,vss_iss,1.4156179899085526
MTG-R,862.5,iss_bs,-0.7778758782254219
MTG-R,862.5,vss_bs,0.6134049990794685
MTG-R,862.5,vss_iss,1.3912808773048906
MTG-R,863.3333,iss_bs,-0.7623616948186596
MTG-R,863.3333,vss_bs,0.6064506128328021
MTG-R,863.3333,vss_iss,1.3688123076514616
MTG-R,864.1667,iss_bs,-0.7468639662030448
MTG-R,864.1667,vss_bs,0.6017097618297569
MTG-R,864.1667,vss_iss,1.3485737280328016
MTG-R,865,iss_bs,-0.7318274142951909
MTG-R,865,vss_bs,0.5990522175575376
MTG-R,865,vss_iss,1.3308796318527285
MTG-R,865.8333,iss_bs,-0.7176856023261515
MTG-R,865.8333,vss_bs,0.5983065936825094
MTG-R,865.8333,vss_iss,1.315992196008661
MTG-R,866.6667,iss_bs,-0.7048521637802079
MTG-R,866.6667,vss_bs,0.599264859064056
MTG-R,866.6667,vss_iss,1.3041170228442638
MTG-R,867.5,iss_bs,-0.6937124358245748
MTG-R,867.5,vss_bs,0.6016876233045982
MTG-R,867.5,vss_iss,1.295400059129173
MTG-R,868.3333,iss_bs,-0.6846156667279518
MTG-R,868.3333,vss_bs,0.6053100723420152
MTG-R,868.3333,vss_iss,1.289925739069967
MTG-R,869.1667,iss_bs,-0.6778679549951243
MTG-R,869.1667,vss_bs,0.6098484173910579
MTG-R,869.1667,vss_iss,1.2877163723861822
MTG-R,870,iss_bs,-0.6737260629357288
MTG-R,870,vss_bs,0.615006709418273
MTG-R,870,vss_iss,1.2887327723540016
MTG-R,870.8333,iss_bs,-0.6723922294495919
MTG-R,870.8333,vss_bs,0.6204838635416525
MTG-R,870.8333,vss_iss,1.2928760929912444
MTG-R,871.6667,iss_bs,-0.6740100863222535
MTG-R,871.6667,vss_bs,0.6259807334584353
MTG-R,871.6667,vss_iss,1.2999908197806889
MTG-R,872.5,iss_bs,-0.6786617597080359
MTG-R,872.5,vss_bs,0.6312070753201336
MTG-R,872.5,vss_iss,1.3098688350281695
MTG-R,873.3333,iss_bs,-0.6863662142051918
MTG-R,873.3333,vss_bs,0.6358882434093561
MTG-R,873.3333,vss_iss,1.3222544576145479
MTG-R,874.1667,iss_bs,-0.6970788715025614
MTG-R,874.1667,vss_bs,0.6397714664633807
MTG-R,874.1667,vss_iss,1.3368503379659422
MTG-R,875,iss_bs,-0.7106925095284865
MTG-R,875,vss_bs,0.6426315633890562
MTG-R,875,vss_iss,1.3533240729175426
MTG-R,875.8333,iss_bs,-0.7270394219007912
MTG-R,875.8333,vss_bs,0.6442759701998844
MTG-R,875.8333,vss_iss,1.3713153921006755
MTG-R,876.6667,iss_bs,-0.745894791803664
MTG-R,876.6667,vss_bs,0.64454896598381894
MTG-R,876.6667,vss_iss,1.390443757787483
MTG-R,877.5,iss_bs,-0.766981209734728
MTG-R,877.5,vss_bs,0.6433350042190352
MTG-R,877.5,vss_iss,1.4103162139537633
MTG-R,878.3333,iss_bs,-0.789974241383174
MTG-R,878.3333,vss_bs,0.6405610763758527
MTG-R,878.3333,vss_iss,1.4305353177590265
MTG-R,879.1667,iss_bs,-0.8145089306958283
MTG-R,879.1667,vss_bs,0.636198057010057
MTG-R,879.1667,vss_iss,1.4507069877058854
MTG-R,880,iss_bs,-0.8401871043972703
MTG-R,880,vss_bs,0.6302610029614305
MTG-R,880,vss_iss,1.4704481073587008
MTG-R,880.8333,iss_bs,-0.866585328237364
MTG-R,880.8333,vss_bs,0.6228084032910102
MTG-R,880.8333,vss_iss,1.4893937315283743
MTG-R,881.6667,iss_bs,-0.893263352368992
MTG-R,881.6667,vss_bs,0.6139404006764343
MTG-R,881.6667,vss_iss,1.5072037530454263
MTG-R,882.5,iss_bs,-0.9197728737692835
MTG-R,882.5,vss_bs,0.6037960285900136
MTG-R,882.5,vss_iss,1.523568902359297
MTG-R,883.3333,iss_bs,-0.9456664376964397
MTG-R,883.3333,vss_bs,0.5925495311722487
MTG-R,883.3333,vss_iss,1.5382159688686885
MTG-R,884.1667,iss_bs,-0.9705062979331136
MTG-R,884.1667,vss_bs,0.5804058537709659
MTG-R,884.1667,vss_iss,1.5509121517040794
MTG-R,885,iss_bs,-0.9938730570411431
MTG-R,885,vss_bs,0.5675954111631922
MTG-R,885,vss_iss,1.5614684682043354
MTG-R,885.8333,iss_bs,-1.0153739129978596
MTG-R,885.8333,vss_bs,0.5543682570794467
MTG-R,885.8333,vss_iss,1.5697421700773062
MTG-R,886.6667,iss_bs,-1.0346503472812472
MTG-R,886.6667,vss_bs,0.5409877924289447
MTG-R,886.6667,vss_iss,1.575638139710192
MTG-R,887.5,iss_bs,-1.0513851015260065
MTG-R,887.5,vss_bs,0.527724160264033
MTG-R,887.5,vss_iss,1.5791092617900395
MTG-R,888.3333,iss_bs,-1.0653083050215604
MTG-R,888.3333,vss_bs,0.5148474827786534
MTG-R,888.3333,vss_iss,1.580155787800214
MTG-R,889.1667,iss_bs,-1.0762026332387453
MTG-R,889.1667,vss_bs,0.5026210993410173
MTG-R,889.1667,vss_iss,1.5788237325797627
MTG-R,890,iss_bs,-1.0839073978706104
MTG-R,890,vss_bs,0.4912949646277034
MTG-R,890,vss_iss,1.5752023624983138
MTG-R,890.8333,iss_bs,-1.0883214911216872
MTG-R,890.8333,vss_bs,0.48109936235034684
MTG-R,890.8333,vss_iss,1.5694208534720342
MTG-R,891.6667,iss_bs,-1.0894051307084065
MTG-R,891.6667,vss_bs,0.4722390829250067
MTG-R,891.6667,vss_iss,1.5616442136334132
MTG-R,892.5,iss_bs,-1.0871803767406083
MTG-R,892.5,vss_bs,0.4648882028870679
MTG-R,892.5,vss_iss,1.552068579627676
MTG-R,893.3333,iss_bs,-1.0817304168220796
MTG-R,893.3333,vss_bs,0.4591855901377055
MTG-R,893.3333,vss_iss,1.540916006959785
MTG-R,894.1667,iss_bs,-1.0731976408114743
MTG-R,894.1667,vss_bs,0.45523124253014546
MTG-R,894.1667,vss_iss,1.5284288833416197
MTG-R,895,iss_bs,-1.0617805512025107
MTG-R,895,vss_bs,0.45308354823889024
MTG-R,895,vss_iss,1.514864099441401
MTG-R,895.8333,iss_bs,-1.0477295785076235
MTG-R,895.8333,vss_bs,0.45275753523363227
MTG-R,895.8333,vss_iss,1.5004871137412559
MTG-R,896.6667,iss_bs,-1.0313418928820546
MTG-R,896.6667,vss_bs,0.4542241544792253
MTG-R,896.6667,vss_iss,1.48556604736128
MTG-R,897.5,iss_bs,-1.012955323060866
MTG-R,897.5,vss_bs,0.4574106177178789
MTG-R,897.5,vss_iss,1.470365940778745
MTG-R,898.3333,iss_bs,-0.9929415110996994
MTG-R,898.3333,vss_bs,0.4622017863984778
MTG-R,898.3333,vss_iss,1.455143297498177
MTG-R,899.1667,iss_bs,-0.9716984460651551
MTG-R,899.1667,vss_bs,0.46844258405146805
MTG-R,899.1667,vss_iss,1.440141030116623
MTG-R,900,iss_bs,-0.9496425314258466
MTG-R,900,vss_bs,0.47594138071754194
MTG-R,900,vss_iss,1.4255839121433886
MTG-R,900.8332999999999,iss_bs,-0.9272003492304847
MTG-R,900.8332999999999,vss_bs,0.4844742754626856
MTG-R,900.8332999999999,vss_iss,1.4116746246931704
MTG-R,901.6667,iss_bs,-0.904800289074434
MTG-R,901.6667,vss_bs,0.49379018206551817
MTG-R,901.6667,vss_iss,1.3985904711399522
MTG-R,902.5,iss_bs,-0.8828642112742996
MTG-R,902.5,vss_bs,0.5036166041224844
MTG-R,902.5,vss_iss,1.386480815396784
MTG-R,903.3333,iss_bs,-0.8617993115879009
MTG-R,903.3333,vss_bs,0.5136659695133297
MTG-R,903.3333,vss_iss,1.3754652811012307
MTG-R,904.1667,iss_bs,-0.8419903493053216
MTG-R,904.1667,vss_bs,0.5236423807769417
MTG-R,904.1667,vss_iss,1.3656327300822633
MTG-R,905,iss_bs,-0.8237923917377462
MTG-R,905,vss_bs,0.533248627774561
MTG-R,905,vss_iss,1.357041019512307
MTG-R,905.8333,iss_bs,-0.8075242162550522
MTG-R,905.8333,vss_bs,0.5421933022996019
MTG-R,905.8333,vss_iss,1.3497175185546542
MTG-R,906.6667,iss_bs,-0.7934624963438272
MTG-R,906.6667,vss_bs,0.5501978511893106
MTG-R,906.6667,vss_iss,1.343660347533138
MTG-R,907.5,iss_bs,-0.7818368810050801
MTG-R,907.5,vss_bs,0.5570034050804136
MTG-R,907.5,vss_iss,1.3388402860854938
MTG-R,908.3333,iss_bs,-0.7728260575652446
MTG-R,908.3333,vss_bs,0.5623772242226162
MTG-R,908.3333,vss_iss,1.3352032817878607
MTG-R,909.1667,iss_bs,-0.7665548670549968
MTG-R,909.1667,vss_bs,0.566118610631869
MTG-R,909.1667,vss_iss,1.3326734776868656
MTG-R,910,iss_bs,-0.7630925191706809
MTG-R,910,vss_bs,0.5680641471594862
MTG-R,910,vss_iss,1.331156666330167
MTG-R,910.8333,iss_bs,-0.7624519309460805
MTG-R,910.8333,vss_bs,0.5680921385267984
MTG-R,910.8333,vss_iss,1.330544069472879
MTG-R,911.6667000000001,iss_bs,-0.7645901901128171
MTG-R,911.6667000000001,vss_bs,0.5661261467095655
MTG-R,911.6667000000001,vss_iss,1.3307163368223827
MTG-R,912.5,iss_bs,-0.7694101212024346
MTG-R,912.5,vss_bs,0.5621375328683188
MTG-R,912.5,vss_iss,1.3315476540707534
MTG-R,913.3333,iss_bs,-0.7767629102180332
MTG-R,913.3333,vss_bs,0.5561469398721183
MTG-R,913.3333,vss_iss,1.3329098500901515
MTG-R,914.1667,iss_bs,-0.7864517226357972
MTG-R,914.1667,vss_bs,0.5482246728681389
MTG-R,914.1667,vss_iss,1.334676395503936
MTG-R,915,iss_bs,-0.7982362300146071
MTG-R,915,vss_bs,0.5384899597885456
MTG-R,915,vss_iss,1.3367261898031528
MTG-R,915.8333,iss_bs,-0.8118379429849085
MTG-R,915.8333,vss_bs,0.5271090986155852
MTG-R,915.8333,vss_iss,1.3389470416004938
MTG-R,916.6667,iss_bs,-0.8269462332006068
MTG-R,916.6667,vss_bs,0.5142925230907832
MTG-R,916.6667,vss_iss,1.3412387562913901
MTG-R,917.5,iss_bs,-0.8432249142605316
MTG-R,917.5,vss_bs,0.5002908428009987
MTG-R,917.5,vss_iss,1.3435157570615301
MTG-R,918.3333,iss_bs,-0.860319241872239
MTG-R,918.3333,vss_bs,0.48538993666249125
MTG-R,918.3333,vss_iss,1.3457091785347302
MTG-R,919.1667,iss_bs,-0.877863186809816
MTG-R,919.1667,vss_bs,0.46990520023933274
MTG-R,919.1667,vss_iss,1.3477683870491488
MTG-R,920,iss_bs,-0.8954868306131201
MTG-R,920,vss_bs,0.45417506659689644
MTG-R,920,vss_iss,1.3496618972100165
MTG-R,920.8333,iss_bs,-0.9128237335250434
MTG-R,920.8333,vss_bs,0.43855393707442286
MTG-R,920.8333,vss_iss,1.3513776705994665
MTG-R,921.6667,iss_bs,-0.9295181268348303
MTG-R,921.6667,vss_bs,0.42340467209025207
MTG-R,921.6667,vss_iss,1.3529227989250823
MTG-R,922.5,iss_bs,-0.9452317874926778
MTG-R,922.5,vss_bs,0.4090908025613651
MTG-R,922.5,vss_iss,1.3543225900540428
MTG-R,923.3333,iss_bs,-0.9596504614235508
MTG-R,923.3333,vss_bs,0.39596862949060796
MTG-R,923.3333,vss_iss,1.3556190909141588
MTG-R,924.1667,iss_bs,-0.9724897131776544
MTG-R,924.1667,vss_bs,0.38437938259210885
MTG-R,924.1667,vss_iss,1.3568690957697633
MTG-R,925,iss_bs,-0.9835000931387022
MTG-R,925,vss_bs,0.3746416084112228
MTG-R,925,vss_iss,1.358141701549925
MTG-R,925.8333,iss_bs,-0.9924715291496491
MTG-R,925.8333,vss_bs,0.3670439542550312
MTG-R,925.8333,vss_iss,1.3595154834046803
MTG-R,926.6667,iss_bs,-0.9992368667499973
MTG-R,926.6667,vss_bs,0.3618385064704939
MTG-R,926.6667,vss_iss,1.3610753732204912
MTG-R,927.5,iss_bs,-1.00367450085875
MTG-R,927.5,vss_bs,0.3592348303575811
MTG-R,927.5,vss_iss,1.3629093312163312
MTG-R,928.3333,iss_bs,-1.0057100612698457
MTG-R,928.3333,vss_bs,0.35939484452795306
MTG-R,928.3333,vss_iss,1.3651049057977986
MTG-R,929.1667,iss_bs,-1.0053171343267102
MTG-R,929.1667,vss_bs,0.36242864513054507
MTG-R,929.1667,vss_iss,1.3677457794572554
MTG-R,930,iss_bs,-1.0025170231792002
MTG-R,930,vss_bs,0.36839137544246564
MTG-R,930,vss_iss,1.370908398621666
MTG-R,930.8333,iss_bs,-0.9973775686758414
MTG-R,930.8333,vss_bs,0.3772812142999788
MTG-R,930.8333,vss_iss,1.3746587829758201
MTG-R,931.6667,iss_bs,-0.9900110717965573
MTG-R,931.6667,vss_bs,0.38903853319947834
MTG-R,931.6667,vss_iss,1.3790496049960357
MTG-R,932.5,iss_bs,-0.9805713762004366
MTG-R,932.5,vss_bs,0.4035462471459081
MTG-R,932.5,vss_iss,1.3841176233463446
MTG-R,933.3333,iss_bs,-0.9692501855935916
MTG-R,933.3333,vss_bs,0.42063135900338017
MTG-R,933.3333,vss_iss,1.3898815445969717
MTG-R,934.1667,iss_bs,-0.9562727048982455
MTG-R,934.1667,vss_bs,0.4400676717588191
MTG-R,934.1667,vss_iss,1.3963403766570646
MTG-R,935,iss_bs,-0.9418927063536849
MTG-R,935,vss_bs,0.4615796182924405
MTG-R,935,vss_iss,1.4034723246461254
MTG-R,935.8333,iss_bs,-0.9263871314821271
MTG-R,935.8333,vss_bs,0.48484713449454947
MTG-R,935.8333,vss_iss,1.4112342659766766
MTG-R,936.6667,iss_bs,-0.9100503471401233
MTG-R,936.6667,vss_bs,0.509511479388127
MTG-R,936.6667,vss_iss,1.4195618265282504
MTG-R,937.5,iss_bs,-0.8931881785398148
MTG-R,937.5,vss_bs,0.5351818857865609
MTG-R,937.5,vss_iss,1.4283700643263757
MTG-R,938.3333,iss_bs,-0.8761118441122778
MTG-R,938.3333,vss_bs,0.5614429073661763
MTG-R,938.3333,vss_iss,1.4375547514784541
MTG-R,939.1667,iss_bs,-0.8591319164053959
MTG-R,939.1667,vss_bs,0.587862313238904
MTG-R,939.1667,vss_iss,1.4469942296443
MTG-R,940,iss_bs,-0.8425524299262696
MTG-R,940,vss_bs,0.6139993694836645
MTG-R,940,vss_iss,1.456551799409934
MTG-R,940.8333,iss_bs,-0.8266652510739226
MTG-R,940.8333,vss_bs,0.6394133388783362
MTG-R,940.8333,vss_iss,1.4660785899522588
MTG-R,941.6667,iss_bs,-0.8117448172345807
MTG-R,941.6667,vss_bs,0.6636720254352803
MTG-R,941.6667,vss_iss,1.4754168426698608
MTG-R,942.5,iss_bs,-0.7980433419486258
MTG-R,942.5,vss_bs,0.6863601893723922
MTG-R,942.5,vss_iss,1.484403531321018
MTG-R,943.3333,iss_bs,-0.785786571067003
MTG-R,943.3333,vss_bs,0.7070876608585155
MTG-R,943.3333,vss_iss,1.4928742319255186
MTG-R,944.1667,iss_bs,-0.775170161291509
MTG-R,944.1667,vss_bs,0.7254969871879033
MTG-R,944.1667,vss_iss,1.5006671484794123
MTG-R,945,iss_bs,-0.766356737762446
MTG-R,945,vss_bs,0.741270457816357
MTG-R,945,vss_iss,1.507627195578803
MTG-R,945.8333,iss_bs,-0.7594736717633042
MTG-R,945.8333,vss_bs,0.7541363647109304
MTG-R,945.8333,vss_iss,1.5136100364742346
MTG-R,946.6667,iss_bs,-0.7546116035120747
MTG-R,946.6667,vss_bs,0.7638743714364622
MTG-R,946.6667,vss_iss,1.5184859749485369
MTG-R,947.5,iss_bs,-0.7518237187638517
MTG-R,947.5,vss_bs,0.7703198829738322
MTG-R,947.5,vss_iss,1.522143601737684
MTG-R,948.3333,iss_bs,-0.751125771916629
MTG-R,948.3333,vss_bs,0.7733673290311126
MTG-R,948.3333,vss_iss,1.5244931009477416
MTG-R,949.1667,iss_bs,-0.752496832836782
MTG-R,949.1667,vss_bs,0.7729722961192474
MTG-R,949.1667,vss_iss,1.5254691289560294
MTG-R,950,iss_bs,-0.7558807200289689
MTG-R,950,vss_bs,0.7691524674326016
MTG-R,950,vss_iss,1.5250331874615706
MTG-R,950.8333,iss_bs,-0.7611880693665997
MTG-R,950.8333,vss_bs,0.761987354092363
MTG-R,950.8333,vss_iss,1.5231754234589625
MTG-R,951.6667,iss_bs,-0.7682989756411224
MTG-R,951.6667,vss_bs,0.751616826054375
MTG-R,951.6667,vss_iss,1.5199158016954972
MTG-R,952.5,iss_bs,-0.7770661339104351
MTG-R,952.5,vss_bs,0.7382384754285994
MTG-R,952.5,vss_iss,1.5153046093390345
MTG-R,953.3333,iss_bs,-0.7873183992161422
MTG-R,953.3333,vss_bs,0.7221038685905149
MTG-R,953.3333,vss_iss,1.5094222678066571
MTG-R,954.1667,iss_bs,-0.7988646768372738
MTG-R,954.1667,vss_bs,0.7035137657922841
MTG-R,954.1667,vss_iss,1.5023784426295579
MTG-R,955,iss_bs,-0.8114980509482439
MTG-R,955,vss_bs,0.6828124075411476
MTG-R,955,vss_iss,1.4943104584893914
MTG-R,955.8333,iss_bs,-0.825000057395075
MTG-R,955.8333,vss_bs,0.6603809853839155
MTG-R,955.8333,vss_iss,1.4853810427789904
MTG-R,956.6667,iss_bs,-0.8391450062914019
MTG-R,956.6667,vss_bs,0.6366304305485457
MTG-R,956.6667,vss_iss,1.4757754368399476
MTG-R,957.5,iss_bs,-0.8537042622111943
MTG-R,957.5,vss_bs,0.6119936668337893
MTG-R,957.5,vss_iss,1.4656979290449836
MTG-R,958.3333,iss_bs,-0.8684503938189072
MTG-R,958.3333,vss_bs,0.586917483956275
MTG-R,958.3333,vss_iss,1.4553678777751822
MTG-R,959.1667,iss_bs,-0.8831611106880238
MTG-R,959.1667,vss_bs,0.5618541940808893
MTG-R,959.1667,vss_iss,1.4450153047689132
MTG-R,960,iss_bs,-0.897622912634441
MTG-R,960,vss_bs,0.5372532373661006
MTG-R,960,vss_iss,1.4348761500005416
MTG-R,960.8333,iss_bs,-0.9116343859168504
MTG-R,960.8333,vss_bs,0.5135529020165663
MTG-R,960.8333,vss_iss,1.4251872879334169
MTG-R,961.6667,iss_bs,-0.9250090908894139
MTG-R,961.6667,vss_bs,0.4911723205893572
MTG-R,961.6667,vss_iss,1.416181411478771
MTG-R,962.5,iss_bs,-0.937577996866772
MTG-R,962.5,vss_bs,0.47050389725919195
MTG-R,962.5,vss_iss,1.408081894125964
MTG-R,963.3332999999999,iss_bs,-0.949191431797228
MTG-R,963.3332999999999,vss_bs,0.4519063105918452
MTG-R,963.3332999999999,vss_iss,1.4010977423890731
MTG-R,964.1667,iss_bs,-0.9597205265469028
MTG-R,964.1667,vss_bs,0.43569822334858116
MTG-R,964.1667,vss_iss,1.3954187498954838
MTG-R,965,iss_bs,-0.9690581458841535
MTG-R,965,vss_bs,0.4221528152510289
MTG-R,965,vss_iss,1.3912109611351824
MTG-R,965.8333,iss_bs,-0.9771193103328987
MTG-R,965.8333,vss_bs,0.4114932368301876
MTG-R,965.8333,vss_iss,1.3886125471630861
MTG-R,966.6667,iss_bs,-0.9838411246601043
MTG-R,966.6667,vss_bs,0.4038890628629726
MTG-R,966.6667,vss_iss,1.387730187523077
MTG-R,967.5,iss_bs,-0.9891822396192559
MTG-R,967.5,vss_bs,0.3994538028967068
MTG-R,967.5,vss_iss,1.3886360425159627
MTG-R,968.3333,iss_bs,-0.9931218834529985
MTG-R,968.3333,vss_bs,0.3982435044327124
MTG-R,968.3333,vss_iss,1.3913653878857108
MTG-R,969.1667,iss_bs,-0.9956585083587691
MTG-R,969.1667,vss_bs,0.4002564619549181
MTG-R,969.1667,vss_iss,1.3959149703136873
MTG-R,970,iss_bs,-0.9968081044668591
MTG-R,970,vss_bs,0.4054340226226924
MTG-R,970,vss_iss,1.4022421270895515
MTG-R,970.8333,iss_bs,-0.9966022397334016
MTG-R,970.8333,vss_bs,0.41366245756719916
MTG-R,970.8333,vss_iss,1.4102646973006008
MTG-R,971.6667,iss_bs,-0.9950858884118167
MTG-R,971.6667,vss_bs,0.4247758467886997
MTG-R,971.6667,vss_iss,1.4198617352005163
MTG-R,972.5,iss_bs,-0.9923151133761122
MTG-R,972.5,vss_bs,0.4385599060744246
MTG-R,972.5,vss_iss,1.4308750194505369
MTG-R,973.3333,iss_bs,-0.9883546685090348
MTG-R,973.3333,vss_bs,0.4547566665337393
MTG-R,973.3333,vss_iss,1.443111335042774
MTG-R,974.1667000000001,iss_bs,-0.9832755866592178
MTG-R,974.1667000000001,vss_bs,0.4730699016273907
MTG-R,974.1667000000001,vss_iss,1.4563454882866085
MTG-R,975,iss_bs,-0.977152816374505
MTG-R,975,vss_bs,0.49317118324903103
MTG-R,975,vss_iss,1.4703239996235362
MTG-R,975.8333,iss_bs,-0.9700629668305365
MTG-R,975.8333,vss_bs,0.5147064377430355
MTG-R,975.8333,vss_iss,1.484769404573572
MTG-R,976.6667,iss_bs,-0.9620822152254628
MTG-R,976.6667,vss_bs,0.5373028648957064
MTG-R,976.6667,vss_iss,1.4993850801211692
MTG-R,977.5,iss_bs,-0.9532844245638331
MTG-R,977.5,vss_bs,0.5605760780370613
MTG-R,977.5,vss_iss,1.5138605026008944
MTG-R,978.3333,iss_bs,-0.9437395123915806
MTG-R,978.3333,vss_bs,0.5841373214931052
MTG-R,978.3333,vss_iss,1.5278768338846858
MTG-R,979.1667,iss_bs,-0.9335121028759427
MTG-R,979.1667,vss_bs,0.6076006227236418
MTG-R,979.1667,vss_iss,1.5411127255995845
MTG-R,980,iss_bs,-0.9226604858713631
MTG-R,980,vss_bs,0.630589740494867
MTG-R,980,vss_iss,1.55325022636623
MTG-R,980.8333,iss_bs,-0.911235897505724
MTG-R,980.8333,vss_bs,0.6527447772348415
MTG-R,980.8333,vss_iss,1.5639806747405653
MTG-R,981.6667,iss_bs,-0.8992821275960465
MTG-R,981.6667,vss_bs,0.6737283331108497
MTG-R,981.6667,vss_iss,1.5730104607068962
MTG-R,982.5,iss_bs,-0.8868354500920144
MTG-R,982.5,vss_bs,0.693231091107206
MTG-R,982.5,vss_iss,1.5800665411992203
MTG-R,983.3333,iss_bs,-0.8739248639748708
MTG-R,983.3333,vss_bs,0.7109767361793246
MTG-R,983.3333,vss_iss,1.5849016001541953
MTG-R,984.1667,iss_bs,-0.8605726238209278
MTG-R,984.1667,vss_bs,0.7267261270861007
MTG-R,984.1667,vss_iss,1.5872987509070287
MTG-R,985,iss_bs,-0.8467950317680127
MTG-R,985,vss_bs,0.7402806563972555
MTG-R,985,vss_iss,1.5870756881652681
MTG-R,985.8333,iss_bs,-0.8326034560719537
MTG-R,985.8333,vss_bs,0.7514847520519369
MTG-R,985.8333,vss_iss,1.5840882081238905
MTG-R,986.6667,iss_bs,-0.8180055359554955
MTG-R,986.6667,vss_bs,0.7602274923125985
MTG-R,986.6667,vss_iss,1.5782330282680939
MTG-R,987.5,iss_bs,-0.8030065281508139
MTG-R,987.5,vss_bs,0.7664433246111952
MTG-R,987.5,vss_iss,1.569449852762009
MTG-R,988.3333,iss_bs,-0.7876107475051166
MTG-R,988.3333,vss_bs,0.7701118972244898
MTG-R,988.3333,vss_iss,1.5577226447296064
MTG-R,989.1667,iss_bs,-0.7718230523095742
MTG-R,989.1667,vss_bs,0.7712570305551788
MTG-R,989.1667,vss_iss,1.5430800828647528
MTG-R,990,iss_bs,-0.7556503246435067
MTG-R,990,vss_bs,0.7699448716700127
MTG-R,990,vss_iss,1.5255951963135195
MTG-R,990.8333,iss_bs,-0.7391028969843721
MTG-R,990.8333,vss_bs,0.7662812913168766
MTG-R,990.8333,vss_iss,1.5053841883012489
MTG-R,991.6667,iss_bs,-0.7221958785714868
MTG-R,991.6667,vss_bs,0.7604085966077286
MTG-R,991.6667,vss_iss,1.4826044751792156
MTG-R,992.5,iss_bs,-0.7049503384495138
MTG-R,992.5,vss_bs,0.7525016446511489
MTG-R,992.5,vss_iss,1.4574519831006627
MTG-R,993.3333,iss_bs,-0.6873943066490891
MTG-R,993.3333,vss_bs,0.7427634524314992
MTG-R,993.3333,vss_iss,1.4301577590805883
MTG-R,994.1667,iss_bs,-0.6695635604538156
MTG-R,994.1667,vss_bs,0.7314204059949286
MTG-R,994.1667,vss_iss,1.4009839664487442
MTG-R,995,iss_bs,-0.6515021690006094
MTG-R,995,vss_bs,0.7187171774022137
MTG-R,995,vss_iss,1.3702193464028232
MTG-R,995.8333,iss_bs,-0.6332627763915047
MTG-R,995.8333,vss_bs,0.7049114608845332
MTG-R,995.8333,vss_iss,1.338174237276038
MTG-R,996.6667,iss_bs,-0.6149066108736853
MTG-R,996.6667,vss_bs,0.6902686401851704
MTG-R,996.6667,vss_iss,1.3051752510588557
MTG-R,997.5,iss_bs,-0.5965032152769176
MTG-R,997.5,vss_bs,0.6750564972346608
MTG-R,997.5,vss_iss,1.2715597125115785
MTG-R,998.3333,iss_bs,-0.5781299015851725
MTG-R,998.3333,vss_bs,0.6595400681875628
MTG-R,998.3333,vss_iss,1.2376699697727354
MTG-R,999.1667,iss_bs,-0.5598709400664095
MTG-R,999.1667,vss_bs,0.6439767465912547
MTG-R,999.1667,vss_iss,1.2038476866576642
MTG-R,1000,iss_bs,-0.541816500600173
MTG-R,1000,vss_bs,0.6286117252502879
MTG-R,1000,vss_iss,1.1704282258504608
Postcentral-L,-0,iss_bs,-0.025740102769644797
Postcentral-L,-0,vss_bs,0.22264333400872668
Postcentral-L,-0,vss_iss,0.2483834367783715
Postcentral-L,0.8333,iss_bs,-0.03750897105332746
Postcentral-L,0.8333,vss_bs,0.2107795848189741
Postcentral-L,0.8333,vss_iss,0.24828855587230156
Postcentral-L,1.6666999999999998,iss_bs,-0.05148999552544908
Postcentral-L,1.6666999999999998,vss_bs,0.19685732860334804
Postcentral-L,1.6666999999999998,vss_iss,0.24834732412879712
Postcentral-L,2.5,iss_bs,-0.06760291554653103
Postcentral-L,2.5,vss_bs,0.18111034803224554
Postcentral-L,2.5,vss_iss,0.24871326357877654
Postcentral-L,3.3333,iss_bs,-0.08573250812780209
Postcentral-L,3.3333,vss_bs,0.16379729597071777
Postcentral-L,3.3333,vss_iss,0.24952980409851985
Postcentral-L,4.1667,iss_bs,-0.10572974173045777
Postcentral-L,4.1667,vss_bs,0.14519723047349242
Postcentral-L,4.1667,vss_iss,0.2509269722039502
Postcentral-L,5,iss_bs,-0.12741353991248264
Postcentral-L,5,vss_bs,0.125604860783669
Postcentral-L,5,vss_iss,0.2530184006961516
Postcentral-L,5.8332999999999995,iss_bs,-0.15057313255323374
Postcentral-L,5.8332999999999995,vss_bs,0.1053255915486736
Postcentral-L,5.8332999999999995,vss_iss,0.25589872410190734
Postcentral-L,6.6667000000000005,iss_bs,-0.1749709611738124
Postcentral-L,6.6667000000000005,vss_bs,0.08467045474946328
Postcentral-L,6.6667000000000005,vss_iss,0.25964141592327566
Postcentral-L,7.5,iss_bs,-0.20034609419883406
Postcentral-L,7.5,vss_bs,0.06395101940589266
Postcentral-L,7.5,vss_iss,0.26429711360472674
Postcentral-L,8.3333,iss_bs,-0.2264180980868404
Postcentral-L,8.3333,vss_bs,0.04347436799432559
Postcentral-L,8.3333,vss_iss,0.269892466081166
Postcentral-L,9.1667,iss_bs,-0.25289130129181925
Postcentral-L,9.1667,vss_bs,0.023538225748328662
Postcentral-L,9.1667,vss_iss,0.27642952704014795
Postcentral-L,10,iss_bs,-0.27945938018812105
Postcentral-L,10,vss_bs,0.004426324696324417
Postcentral-L,10,vss_iss,0.2838857048844455
Postcentral-L,10.833300000000001,iss_bs,-0.30581018955362604
Postcentral-L,10.833300000000001,vss_bs,-0.013595921462419286
Postcentral-L,10.833300000000001,vss_iss,0.2922142680912067
Postcentral-L,11.6667,iss_bs,-0.33163075509386336
Postcentral-L,11.6667,vss_bs,-0.030285362588102206
Postcentral-L,11.6667,vss_iss,0.30134539250576114
Postcentral-L,12.5,iss_bs,-0.3566123419067393
Postcentral-L,12.5,vss_bs,-0.04542461655631933
Postcentral-L,12.5,vss_iss,0.31118772535042
Postcentral-L,13.3333,iss_bs,-0.3804555108067389
Postcentral-L,13.3333,vss_bs,-0.05882508117892193
Postcentral-L,13.3333,vss_iss,0.32163042962781696
Postcentral-L,14.1667,iss_bs,-0.4028750740900043
Postcentral-L,14.1667,vss_bs,-0.07032941169647262
Postcentral-L,14.1667,vss_iss,0.33254566239353167
Postcentral-L,15,iss_bs,-0.423604863635614
Postcentral-L,15,vss_bs,-0.07981343235591225
Postcentral-L,15,vss_iss,0.34379143127970174
Postcentral-L,15.833300000000001,iss_bs,-0.44240222717886957
Postcentral-L,15.833300000000001,vss_bs,-0.08718746132023697
Postcentral-L,15.833300000000001,vss_iss,0.35521476585863254
Postcentral-L,16.6667,iss_bs,-0.45905217310223506
Postcentral-L,16.6667,vss_bs,-0.09239703900221712
Postcentral-L,16.6667,vss_iss,0.36665513410001793
Postcentral-L,17.5,iss_bs,-0.4733710900805012
Postcentral-L,17.5,vss_bs,-0.09542306066097755
Postcentral-L,17.5,vss_iss,0.37794802941952366
Postcentral-L,18.3333,iss_bs,-0.4852099752715276
Postcentral-L,18.3333,vss_bs,-0.09628132454572107
Postcentral-L,18.3333,vss_iss,0.38892865072580657
Postcentral-L,19.1667,iss_bs,-0.4944571133186699
Postcentral-L,19.1667,vss_bs,-0.09502151682421509
Postcentral-L,19.1667,vss_iss,0.39943559649445487
Postcentral-L,20,iss_bs,-0.5010401580586066
Postcentral-L,20,vss_bs,-0.09172566381939377
Postcentral-L,20,vss_iss,0.40931449423921273
Postcentral-L,20.833299999999998,iss_bs,-0.5049275793216184
Postcentral-L,20.833299999999998,vss_bs,-0.08650609053873332
Postcentral-L,20.833299999999998,vss_iss,0.418421488782885
Postcentral-L,21.666700000000002,iss_bs,-0.5061294483676052
Postcentral-L,21.666700000000002,vss_bs,-0.07950293198254574
Postcentral-L,21.666700000000002,vss_iss,0.4266265163850595
Postcentral-L,22.5,iss_bs,-0.5046975471056193
Postcentral-L,22.5,vss_bs,-0.07088125014695218
Postcentral-L,22.5,vss_iss,0.43381629695866714
Postcentral-L,23.3333,iss_bs,-0.5007247980758471
Postcentral-L,23.3333,vss_bs,-0.060827814908276684
Postcentral-L,23.3333,vss_iss,0.4398969831675705
Postcentral-L,24.1667,iss_bs,-0.4943440240064476
Postcentral-L,24.1667,vss_bs,-0.04954761102706051
Postcentral-L,24.1667,vss_iss,0.4447964129793871
Postcentral-L,25,iss_bs,-0.4857260573710561
Postcentral-L,25,vss_bs,-0.03726013630747429
Postcentral-L,25,vss_iss,0.4484659210635818
Postcentral-L,25.8333,iss_bs,-0.47507723155036985
Postcentral-L,25.8333,vss_bs,-0.02419555748358598
Postcentral-L,25.8333,vss_iss,0.45088167406678387
Postcentral-L,26.666700000000002,iss_bs,-0.4626362957377857
Postcentral-L,26.666700000000002,vss_bs,-0.010590790695068329
Postcentral-L,26.666700000000002,vss_iss,0.4520455050427174
Postcentral-L,27.5,iss_bs,-0.4486708054341526
Postcentral-L,27.5,vss_bs,0.0033144274969168015
Postcentral-L,27.5,vss_iss,0.4519852329310694
Postcentral-L,28.333299999999998,iss_bs,-0.4334730490785285
Postcentral-L,28.333299999999998,vss_bs,0.017281414653614557
Postcentral-L,28.333299999999998,vss_iss,0.4507544637321431
Postcentral-L,29.1667,iss_bs,-0.417355578909737
Postcentral-L,29.1667,vss_bs,0.031076301767756914
Postcentral-L,29.1667,vss_iss,0.44843188067749395
Postcentral-L,30,iss_bs,-0.4006464204217165
Postcentral-L,30,vss_bs,0.044473620601491314
Postcentral-L,30,vss_iss,0.44512004102320785
Postcentral-L,30.8333,iss_bs,-0.3836840396644291
Postcentral-L,30.8333,vss_bs,0.05725966721132286
Postcentral-L,30.8333,vss_iss,0.44094370687575196
Postcentral-L,31.6667,iss_bs,-0.36681215107999027
Postcentral-L,31.6667,vss_bs,0.06923559542071984
Postcentral-L,31.6667,vss_iss,0.4360477465007101
Postcentral-L,32.5,iss_bs,-0.3503744505083453
Postcentral-L,32.5,vss_bs,0.08022020017479536
Postcentral-L,32.5,vss_iss,0.4305946506831407
Postcentral-L,33.3333,iss_bs,-0.33470935843509975
Postcentral-L,33.3333,vss_bs,0.09005235731462186
Postcentral-L,33.3333,vss_iss,0.42476171574972155
Postcentral-L,34.1667,iss_bs,-0.3201448575021104
Postcentral-L,34.1667,vss_bs,0.09859309319767423
Postcentral-L,34.1667,vss_iss,0.41873795069978464
Postcentral-L,35,iss_bs,-0.30699350580356616
Postcentral-L,35,vss_bs,0.10572726462301799
Postcentral-L,35,vss_iss,0.41272077042658417
Postcentral-L,35.8333,iss_bs,-0.2955477036174323
Postcentral-L,35.8333,vss_bs,0.11136483655725413
Postcentral-L,35.8333,vss_iss,0.4069125401746865
Postcentral-L,36.666700000000006,iss_bs,-0.2860752860704734
Postcentral-L,36.666700000000006,vss_bs,0.11544175206872669
Postcentral-L,36.666700000000006,vss_iss,0.40151703813920003
Postcentral-L,37.5,iss_bs,-0.2788155079226526
Postcentral-L,37.5,vss_bs,0.11792039554175882
Postcentral-L,37.5,vss_iss,0.3967359034644114
Postcentral-L,38.3333,iss_bs,-0.273975479321506
Postcentral-L,38.3333,vss_bs,0.1187896565499586
Postcentral-L,38.3333,vss_iss,0.3927651358714646
Postcentral-L,39.1667,iss_bs,-0.27172710317303284
Postcentral-L,39.1667,vss_bs,0.118064607621814
Postcentral-L,39.1667,vss_iss,0.3897917107948468
Postcentral-L,40,iss_bs,-0.2722045558697656
Postcentral-L,40,vss_bs,0.115785814451535
Postcentral-L,40,vss_iss,0.3879903703213006
Postcentral-L,40.8333,iss_bs,-0.2755023436848522
Postcentral-L,40.8333,vss_bs,0.11201830182812296
Postcentral-L,40.8333,vss_iss,0.38752064551297516
Postcentral-L,41.6667,iss_bs,-0.281673957364891
Postcentral-L,41.6667,vss_bs,0.1068502026268577
Postcentral-L,41.6667,vss_iss,0.38852415999174866
Postcentral-L,42.5,iss_bs,-0.29073113751676616
Postcentral-L,42.5,vss_bs,0.10039112059745284
Postcentral-L,42.5,vss_iss,0.39112225811421897
Postcentral-L,43.3333,iss_bs,-0.30264375346603223
Postcentral-L,43.3333,vss_bs,0.09277024037578623
Postcentral-L,43.3333,vss_iss,0.39541399384181847
Postcentral-L,44.166700000000006,iss_bs,-0.3173402885417821
Postcentral-L,44.166700000000006,vss_bs,0.08413422014078091
Postcentral-L,44.166700000000006,vss_iss,0.40147450868256296
Postcentral-L,45,iss_bs,-0.33470891538191033
Postcentral-L,45,vss_bs,0.07464490364871584
Postcentral-L,45,vss_iss,0.4093538190306262
Postcentral-L,45.8333,iss_bs,-0.35459913600759485
Postcentral-L,45.8333,vss_bs,0.06447688903116511
Postcentral-L,45.8333,vss_iss,0.41907602503875996
Postcentral-L,46.6667,iss_bs,-0.37682395322644874
Postcentral-L,46.6667,vss_bs,0.05381499177899481
Postcentral-L,46.6667,vss_iss,0.43063894500544353
Postcentral-L,47.5,iss_bs,-0.4011625325127646
Postcentral-L,47.5,vss_bs,0.04285163880215061
Postcentral-L,47.5,vss_iss,0.4440141713149153
Postcentral-L,48.3333,iss_bs,-0.42736330698440933
Postcentral-L,48.3333,vss_bs,0.03178422941042701
Postcentral-L,48.3333,vss_iss,0.4591475363948363
Postcentral-L,49.1667,iss_bs,-0.45514747253275156
Postcentral-L,49.1667,vss_bs,0.020812497566847745
Postcentral-L,49.1667,vss_iss,0.47595997009959934
Postcentral-L,50,iss_bs,-0.48421281562676416
Postcentral-L,50,vss_bs,0.010135907889705344
Postcentral-L,50,vss_iss,0.4943487235164695
Postcentral-L,50.8333,iss_bs,-0.5142378128458096
Postcentral-L,50.8333,vss_bs,-4.888430947268628e-5
Postcentral-L,50.8333,vss_iss,0.5141889285363369
Postcentral-L,51.666700000000006,iss_bs,-0.5448859388165596
Postcentral-L,51.666700000000006,vss_bs,-0.009550481097791908
Postcentral-L,51.666700000000006,vss_iss,0.5353354577187676
Postcentral-L,52.5,iss_bs,-0.5758101179359887
Postcentral-L,52.5,vss_bs,-0.018185072858684273
Postcentral-L,52.5,vss_iss,0.5576250450773044
Postcentral-L,53.3333,iss_bs,-0.6066572550321041
Postcentral-L,53.3333,vss_bs,-0.025778629575211928
Postcentral-L,53.3333,vss_iss,0.5808786254568922
Postcentral-L,54.1667,iss_bs,-0.6370727809058828
Postcentral-L,54.1667,vss_bs,-0.032168932717134065
Postcentral-L,54.1667,vss_iss,0.6049038481887488
Postcentral-L,55,iss_bs,-0.6667051504536949
Postcentral-L,55,vss_bs,-0.037207430770401735
Postcentral-L,55,vss_iss,0.6294977196832932
Postcentral-L,55.8333,iss_bs,-0.695210233715676
Postcentral-L,55.8333,vss_bs,-0.04076090418432952
Postcentral-L,55.8333,vss_iss,0.6544493295313466
Postcentral-L,56.6667,iss_bs,-0.7222555436459609
Postcentral-L,56.6667,vss_bs,-0.04271292816636077
Postcentral-L,56.6667,vss_iss,0.6795426154796
Postcentral-L,57.5,iss_bs,-0.7475242485584488
Postcentral-L,57.5,vss_bs,-0.04296512429698073
Postcentral-L,57.5,vss_iss,0.704559124261468
Postcentral-L,58.333299999999994,iss_bs,-0.7707189219620899
Postcentral-L,58.333299999999994,vss_bs,-0.041438194345769945
Postcentral-L,58.333299999999994,vss_iss,0.72928072761632
Postcentral-L,59.166700000000006,iss_bs,-0.7915649877524917
Postcentral-L,59.166700000000006,vss_bs,-0.03807273192978991
Postcentral-L,59.166700000000006,vss_iss,0.7534922558227019
Postcentral-L,60,iss_bs,-0.8098138243588714
Postcentral-L,60,vss_bs,-0.032829809760627764
Postcentral-L,60,vss_iss,0.7769840145982436
Postcentral-L,60.8333,iss_bs,-0.825245497343905
Postcentral-L,60.8333,vss_bs,-0.025691342176806072
Postcentral-L,60.8333,vss_iss,0.7995541551670989
Postcentral-L,61.6667,iss_bs,-0.8376710960077591
Postcentral-L,61.6667,vss_bs,-0.016660224459630703
Postcentral-L,61.6667,vss_iss,0.8210108715481285
Postcentral-L,62.5,iss_bs,-0.8469346556496722
Postcentral-L,62.5,vss_bs,-0.005760252094172022
Postcentral-L,62.5,vss_iss,0.8411744035555002
Postcentral-L,63.333299999999994,iss_bs,-0.8529146531904538
Postcentral-L,63.333299999999994,vss_bs,0.0069641753224854944
Postcentral-L,63.333299999999994,vss_iss,0.8598788285129393
Postcentral-L,64.16669999999999,iss_bs,-0.8555250697648396
Postcentral-L,64.16669999999999,vss_bs,0.02144855938908774
Postcentral-L,64.16669999999999,vss_iss,0.8769736291539273
Postcentral-L,65,iss_bs,-0.8547160195705594
Postcentral-L,65,vss_bs,0.03760900994005406
Postcentral-L,65,vss_iss,0.8923250295106135
Postcentral-L,65.8333,iss_bs,-0.8504739496391004
Postcentral-L,65.8333,vss_bs,0.055343145054564655
Postcentral-L,65.8333,vss_iss,0.905817094693665
Postcentral-L,66.66669999999999,iss_bs,-0.8428214202102069
Postcentral-L,66.66669999999999,vss_bs,0.07453117404434065
Postcentral-L,66.66669999999999,vss_iss,0.9173525942545475
Postcentral-L,67.5,iss_bs,-0.8318164799990299
Postcentral-L,67.5,vss_bs,0.09503715223755135
Postcentral-L,67.5,vss_iss,0.9268536322365812
Postcentral-L,68.3333,iss_bs,-0.8175516548043212
Postcentral-L,68.3333,vss_bs,0.11671039520785996
Postcentral-L,68.3333,vss_iss,0.9342620500121812
Postcentral-L,69.16669999999999,iss_bs,-0.800152571592346
Postcentral-L,69.16669999999999,vss_bs,0.13938703894478108
Postcentral-L,69.16669999999999,vss_iss,0.9395396105371271
Postcentral-L,70,iss_bs,-0.7797762433907096
Postcentral-L,70,vss_bs,0.1628917313205717
Postcentral-L,70,vss_iss,0.9426679747112813
Postcentral-L,70.83330000000001,iss_bs,-0.7566090430346403
Postcentral-L,70.83330000000001,vss_bs,0.18703943908180456
Postcentral-L,70.83330000000001,vss_iss,0.9436484821164449
Postcentral-L,71.6667,iss_bs,-0.7308643960322935
Postcentral-L,71.6667,vss_bs,0.211637353487061
Postcentral-L,71.6667,vss_iss,0.9425017495193545
Postcentral-L,72.5,iss_bs,-0.7027802245693524
Postcentral-L,72.5,vss_bs,0.23648687663828918
Postcentral-L,72.5,vss_iss,0.9392671012076416
Postcentral-L,73.33330000000001,iss_bs,-0.6726161759783608
Postcentral-L,73.33330000000001,vss_bs,0.26138566952921327
Postcentral-L,73.33330000000001,vss_iss,0.934001845507574
Postcentral-L,74.1667,iss_bs,-0.6406506698827106
Postcentral-L,74.1667,vss_bs,0.28612974188156476
Postcentral-L,74.1667,vss_iss,0.9267804117642753
Postcentral-L,75,iss_bs,-0.60717779872034106
Postcentral-L,75,vss_bs,0.3105155629843653
Postcentral-L,75,vss_iss,0.9176933617047063
Postcentral-L,75.83330000000001,iss_bs,-0.5725041164931881
Postcentral-L,75.83330000000001,vss_bs,0.3343421720217026
Postcentral-L,75.83330000000001,vss_iss,0.9068462885148907
Postcentral-L,76.6667,iss_bs,-0.5369453504112467
Postcentral-L,76.6667,vss_bs,0.35741326580101596
Postcentral-L,76.6667,vss_iss,0.8943586162122626
Postcentral-L,77.5,iss_bs,-0.5008230696410364
Postcentral-L,77.5,vss_bs,0.379539241408753
Postcentral-L,77.5,vss_iss,0.8803623110497895
Postcentral-L,78.3333,iss_bs,-0.4644613446629618
Postcentral-L,78.3333,vss_bs,0.4005391711543509
Postcentral-L,78.3333,vss_iss,0.8650005158173126
Postcentral-L,79.1667,iss_bs,-0.428183429822707
Postcentral-L,79.1667,vss_bs,0.420242687247501
Postcentral-L,79.1667,vss_iss,0.8484261170702081
Postcentral-L,80,iss_bs,-0.392308500559459
Postcentral-L,80,vss_bs,0.43849175401397866
Postcentral-L,80,vss_iss,0.8308002545734376
Postcentral-L,80.8333,iss_bs,-0.3571484755334945
Postcentral-L,80.8333,vss_bs,0.4551423061161658
Postcentral-L,80.8333,vss_iss,0.8122907816496603
Postcentral-L,81.66669999999999,iss_bs,-0.32300495247995487
Postcentral-L,81.66669999999999,vss_bs,0.4700657322232689
Postcentral-L,81.66669999999999,vss_iss,0.7930706847032238
Postcentral-L,82.5,iss_bs,-0.2901662851015124
Postcentral-L,82.5,vss_bs,0.48315018488589345
Postcentral-L,82.5,vss_iss,0.7733164699874058
Postcentral-L,83.3333,iss_bs,-0.25890482669264336
Postcentral-L,83.3333,vss_bs,0.49430169901491616
Postcentral-L,83.3333,vss_iss,0.7532065257075595
Postcentral-L,84.16669999999999,iss_bs,-0.2294743644705829
Postcentral-L,84.16669999999999,vss_bs,0.5034451033432846
Postcentral-L,84.16669999999999,vss_iss,0.7329194678138674
Postcentral-L,85,iss_bs,-0.2021077667766449
Postcentral-L,85,vss_bs,0.5105247115508295
Postcentral-L,85,vss_iss,0.7126324783274743
Postcentral-L,85.83330000000001,iss_bs,-0.17701486340697678
Postcentral-L,85.83330000000001,vss_bs,0.5155047823371226
Postcentral-L,85.83330000000001,vss_iss,0.6925196457440994
Postcentral-L,86.6667,iss_bs,-0.1543805773313459
Postcentral-L,86.6667,vss_bs,0.5183697406088409
Postcentral-L,86.6667,vss_iss,0.6727503179401868
Postcentral-L,87.5,iss_bs,-0.1343633239578755
Postcentral-L,87.5,vss_bs,0.5191241550695787
Postcentral-L,87.5,vss_iss,0.6534874790274542
Postcentral-L,88.33330000000001,iss_bs,-0.11709369189491328
Postcentral-L,88.33330000000001,vss_bs,0.5177924708186663
Postcentral-L,88.33330000000001,vss_iss,0.6348861627135796
Postcentral-L,89.1667,iss_bs,-0.10267341684274839
Postcentral-L,89.1667,vss_bs,0.5144184990300644
Postcentral-L,89.1667,vss_iss,0.6170919158728128
Postcentral-L,90,iss_bs,-0.09117465781270098
Postcentral-L,90,vss_bs,0.509064669336315
Postcentral-L,90,vss_iss,0.600239327149016
Postcentral-L,90.83330000000001,iss_bs,-0.08263958231597063
Postcentral-L,90.83330000000001,vss_bs,0.5018110541235441
Postcentral-L,90.83330000000001,vss_iss,0.5844506364395148
Postcentral-L,91.6667,iss_bs,-0.07708026448939892
Postcentral-L,91.6667,vss_bs,0.49275417748626993
Postcentral-L,91.6667,vss_iss,0.5698344419756688
Postcentral-L,92.5,iss_bs,-0.07447889733303625
Postcentral-L,92.5,vss_bs,0.482005625026724
Postcentral-L,92.5,vss_iss,0.5564845223597603
Postcentral-L,93.3333,iss_bs,-0.07478831733313362
Postcentral-L,93.3333,vss_bs,0.469690473944247
Postcentral-L,93.3333,vss_iss,0.5444787912773806
Postcentral-L,94.1667,iss_bs,-0.07793283674605238
Postcentral-L,94.1667,vss_bs,0.455945565877575
Postcentral-L,94.1667,vss_iss,0.5338784026236274
Postcentral-L,95,iss_bs,-0.08380937574209402
Postcentral-L,95,vss_bs,0.4409176476714506
Postcentral-L,95,vss_iss,0.5247270234135446
Postcentral-L,95.8333,iss_bs,-0.09228888347664217
Postcentral-L,95.8333,vss_bs,0.4247614075773704
Postcentral-L,95.8333,vss_iss,0.5170502910540126
Postcentral-L,96.66669999999999,iss_bs,-0.10321803399863565
Postcentral-L,96.66669999999999,vss_bs,0.4076374363110794
Postcentral-L,96.66669999999999,vss_iss,0.510855470309715
Postcentral-L,97.5,iss_bs,-0.11642117975780454
Postcentral-L,97.5,vss_bs,0.3897101438280838
Postcentral-L,97.5,vss_iss,0.5061313235858883
Postcentral-L,98.3333,iss_bs,-0.13170254237202786
Postcentral-L,98.3333,vss_bs,0.37114566360352774
Postcentral-L,98.3333,vss_iss,0.5028482059755556
Postcentral-L,99.16669999999999,iss_bs,-0.1488486173085435
Postcentral-L,99.16669999999999,vss_bs,0.35210977658374365
Postcentral-L,99.16669999999999,vss_iss,0.5009583938922871
Postcentral-L,100,iss_bs,-0.16763076626525444
Postcentral-L,100,vss_bs,0.3327658867949027
Postcentral-L,100,vss_iss,0.5003966530601571
Postcentral-L,100.8333,iss_bs,-0.18780796836138755
Postcentral-L,100.8333,vss_bs,0.31327307984082187
Postcentral-L,100.8333,vss_iss,0.5010810482022094
Postcentral-L,101.66669999999999,iss_bs,-0.20912969881193863
Postcentral-L,101.66669999999999,vss_bs,0.29378429420149516
Postcentral-L,101.66669999999999,vss_iss,0.5029139930134338
Postcentral-L,102.5,iss_bs,-0.2313389016199144
Postcentral-L,102.5,vss_bs,0.2744446333718536
Postcentral-L,102.5,vss_iss,0.505783534991768
Postcentral-L,103.33330000000001,iss_bs,-0.25417502102526546
Postcentral-L,103.33330000000001,vss_bs,0.25538984448443636
Postcentral-L,103.33330000000001,vss_iss,0.5095648655097018
Postcentral-L,104.1667,iss_bs,-0.2773770550481696
Postcentral-L,104.1667,vss_bs,0.23674498617932138
Postcentral-L,104.1667,vss_iss,0.5141220412274911
Postcentral-L,105,iss_bs,-0.30068659350196747
Postcentral-L,105,vss_bs,0.21862330516967363
Postcentral-L,105,vss_iss,0.5193098986716411
Postcentral-L,105.83330000000001,iss_bs,-0.3238508023666396
Postcentral-L,105.83330000000001,vss_bs,0.20112533726165374
Postcentral-L,105.83330000000001,vss_iss,0.5249761396282934
Postcentral-L,106.6667,iss_bs,-0.3466253164408821
Postcentral-L,106.6667,vss_bs,0.18433824459143214
Postcentral-L,106.6667,vss_iss,0.5309635610323142
Postcentral-L,107.5,iss_bs,-0.36877700275448955
Postcentral-L,107.5,vss_bs,0.16833539661556304
Postcentral-L,107.5,vss_iss,0.5371123993700526
Postcentral-L,108.3333,iss_bs,-0.39008655833961714
Postcentral-L,108.3333,vss_bs,0.15317619801521012
Postcentral-L,108.3333,vss_iss,0.5432627563548272
Postcentral-L,109.1667,iss_bs,-0.4103509076366632
Postcentral-L,109.1667,vss_bs,0.13890616223490976
Postcentral-L,109.1667,vss_iss,0.549257069871573
Postcentral-L,110,iss_bs,-0.42938536704429264
Postcentral-L,110,vss_bs,0.12555722495990854
Postcentral-L,110,vss_iss,0.5549425920042012
Postcentral-L,110.8333,iss_bs,-0.44702554689959917
Postcentral-L,110.8333,vss_bs,0.11314828752993696
Postcentral-L,110.8333,vss_iss,0.5601738344295362
Postcentral-L,111.66669999999999,iss_bs,-0.46312896446829654
Postcentral-L,111.66669999999999,vss_bs,0.10168597617701476
Postcentral-L,111.66669999999999,vss_iss,0.5648149406453113
Postcentral-L,112.5,iss_bs,-0.47757634529989906
Postcentral-L,112.5,vss_bs,0.09116559914228772
Postcentral-L,112.5,vss_iss,0.5687419444421867
Postcentral-L,113.3333,iss_bs,-0.4902725945125227
Postcentral-L,113.3333,vss_bs,0.08157228024808454
Postcentral-L,113.3333,vss_iss,0.5718448747606073
Postcentral-L,114.16669999999999,iss_bs,-0.50114742415909
Postcentral-L,114.16669999999999,vss_bs,0.07288224444525106
Postcentral-L,114.16669999999999,vss_iss,0.574029668604341
Postcentral-L,115,iss_bs,-0.510155627725458
Postcentral-L,115,vss_bs,0.06506422828235854
Postcentral-L,115,vss_iss,0.5752198560078166
Postcentral-L,115.8333,iss_bs,-0.5172769979467831
Postcentral-L,115.8333,vss_bs,0.058080986202634015
Postcentral-L,115.8333,vss_iss,0.5753579841494171
Postcentral-L,116.66669999999999,iss_bs,-0.5225158894201822
Postcentral-L,116.66669999999999,vss_bs,0.0518908621049041
Postcentral-L,116.66669999999999,vss_iss,0.5744067515250864
Postcentral-L,117.5,iss_bs,-0.5259004328527653
Postcentral-L,117.5,vss_bs,0.046449394733131005
Postcentral-L,117.5,vss_iss,0.5723498275858964
Postcentral-L,118.33330000000001,iss_bs,-0.5274814131239258
Postcentral-L,118.33330000000001,vss_bs,0.041710925199102356
Postcentral-L,118.33330000000001,vss_iss,0.5691923383230282
Postcentral-L,119.1667,iss_bs,-0.5273308285668945
Postcentral-L,119.1667,vss_bs,0.037630175295453656
Postcentral-L,119.1667,vss_iss,0.5649610038623482
Postcentral-L,120,iss_bs,-0.525540153894447
Postcentral-L,120,vss_bs,0.0341637662095365
Postcentral-L,120,vss_iss,0.5597039201039834
Postcentral-L,120.83330000000001,iss_bs,-0.5222183339162613
Postcentral-L,120.83330000000001,vss_bs,0.03127164877814909
Postcentral-L,120.83330000000001,vss_iss,0.5534899826944103
Postcentral-L,121.6667,iss_bs,-0.5174895395335855
Postcentral-L,121.6667,vss_bs,0.028918418492474805
Postcentral-L,121.6667,vss_iss,0.5464079580260603
Postcentral-L,122.5,iss_bs,-0.5114907213687259
Postcentral-L,122.5,vss_bs,0.02707449102403878
Postcentral-L,122.5,vss_iss,0.5385652123927646
Postcentral-L,123.33330000000001,iss_bs,-0.5043689997178643
Postcentral-L,123.33330000000001,vss_bs,0.025717117039050427
Postcentral-L,123.33330000000001,vss_iss,0.5300861167569147
Postcentral-L,124.1667,iss_bs,-0.4962789322402146
Postcentral-L,124.1667,vss_bs,0.0248312184338616
Postcentral-L,124.1667,vss_iss,0.5211101506740762
Postcentral-L,125,iss_bs,-0.48737970285919285
Postcentral-L,125,vss_bs,0.024410031785859015
Postcentral-L,125,vss_iss,0.5117897346450518
Postcentral-L,125.83330000000001,iss_bs,-0.47783227670844486
Postcentral-L,125.83330000000001,vss_bs,0.024455548693694734
Postcentral-L,125.83330000000001,vss_iss,0.5022878254021396
Postcentral-L,126.66669999999999,iss_bs,-0.4677965665761238
Postcentral-L,126.66669999999999,vss_bs,0.024978746696735686
Postcentral-L,126.66669999999999,vss_iss,0.49277531327285945
Postcentral-L,127.5,iss_bs,-0.45742865616735556
Postcentral-L,127.5,vss_bs,0.02599960853281437
Postcentral-L,127.5,vss_iss,0.4834282647001699
Postcentral-L,128.3333,iss_bs,-0.44687812461328835
Postcentral-L,128.3333,vss_bs,0.027546931533078942
Postcentral-L,128.3333,vss_iss,0.47442505614636726
Postcentral-L,129.1667,iss_bs,-0.43628551501643326
Postcentral-L,129.1667,vss_bs,0.0296579328819927
Postcentral-L,129.1667,vss_iss,0.46594344789842596
Postcentral-L,130,iss_bs,-0.4257799874601047
Postcentral-L,130,vss_bs,0.032377660212871355
Postcentral-L,130,vss_iss,0.45815764767297606
Postcentral-L,130.8333,iss_bs,-0.4154771938631422
Postcentral-L,130.8333,vss_bs,0.03575822049339418
Postcentral-L,130.8333,vss_iss,0.4512354143565364
Postcentral-L,131.6667,iss_bs,-0.40547740838065616
Postcentral-L,131.6667,vss_bs,0.03985784331719914
Postcentral-L,131.6667,vss_iss,0.44533525169785526
Postcentral-L,132.5,iss_bs,-0.39586394280014253
Postcentral-L,132.5,vss_bs,0.044739797501500235
Postcentral-L,132.5,vss_iss,0.4406037403016428
Postcentral-L,133.33329999999998,iss_bs,-0.38670187163409775
Postcentral-L,133.33329999999998,vss_bs,0.05047118225013272
Postcentral-L,133.33329999999998,vss_iss,0.43717305388423044
Postcentral-L,134.1667,iss_bs,-0.37803708644816075
Postcentral-L,134.1667,vss_bs,0.05712161604092101
Postcentral-L,134.1667,vss_iss,0.4351587024890818
Postcentral-L,135,iss_bs,-0.3698956934787712
Postcentral-L,135,vss_bs,0.06476184781051869
Postcentral-L,135,vss_iss,0.4346575412892899
Postcentral-L,135.83329999999998,iss_bs,-0.3622837628831318
Postcentral-L,135.83329999999998,vss_bs,0.07346231592531283
Postcentral-L,135.83329999999998,vss_iss,0.4357460788084446
Postcentral-L,136.6667,iss_bs,-0.3551874321278582
Postcentral-L,136.6667,vss_bs,0.08329168084064904
Postcentral-L,136.6667,vss_iss,0.4384791129685072
Postcentral-L,137.5,iss_bs,-0.3485733601636265
Postcentral-L,137.5,vss_bs,0.09431535727112633
Postcentral-L,137.5,vss_iss,0.44288871743475283
Postcentral-L,138.33329999999998,iss_bs,-0.34238952325470007
Postcentral-L,138.33329999999998,vss_bs,0.10659407114051868
Postcentral-L,138.33329999999998,vss_iss,0.44898359439521873
Postcentral-L,139.1667,iss_bs,-0.33656633773479744
Postcentral-L,139.1667,vss_bs,0.12018246557946337
Postcentral-L,139.1667,vss_iss,0.45674880331426077
Postcentral-L,140,iss_bs,-0.33101808964167195
Postcentral-L,140,vss_bs,0.13512777882949767
Postcentral-L,140,vss_iss,0.4661458684711696
Postcentral-L,140.8333,iss_bs,-0.3256446462328458
Postcentral-L,140.8333,vss_bs,0.1514686151378834
Postcentral-L,140.8333,vss_iss,0.4771132613707292
Postcentral-L,141.66670000000002,iss_bs,-0.32033341988796227
Postcentral-L,141.66670000000002,vss_bs,0.16923382763956768
Postcentral-L,141.66670000000002,vss_iss,0.48956724752753
Postcentral-L,142.5,iss_bs,-0.31496155093346057
Postcentral-L,142.5,vss_bs,0.18844152987631252
Postcentral-L,142.5,vss_iss,0.5034030808097731
Postcentral-L,143.3333,iss_bs,-0.30939827254719676
Postcentral-L,143.3333,vss_bs,0.2090982500569856
Postcentral-L,143.3333,vss_iss,0.5184965226041823
Postcentral-L,144.16670000000002,iss_bs,-0.3035074181663747
Postcentral-L,144.16670000000002,vss_bs,0.23119823947769727
Postcentral-L,144.16670000000002,vss_iss,0.534705657644072
Postcentral-L,145,iss_bs,-0.29715002977236504
Postcentral-L,145,vss_bs,0.25472294375642524
Postcentral-L,145,vss_iss,0.5518729735287903
Postcentral-L,145.8333,iss_bs,-0.29018702408754665
Postcentral-L,145.8333,vss_bs,0.2796406427528919
Postcentral-L,145.8333,vss_iss,0.5698276668404385
Postcentral-L,146.66670000000002,iss_bs,-0.28248187310638523
Postcentral-L,146.66670000000002,vss_bs,0.3059062622972242
Postcentral-L,146.66670000000002,vss_iss,0.5883881354036095
Postcentral-L,147.5,iss_bs,-0.2739032554959948
Postcentral-L,147.5,vss_bs,0.3334613581923251
Postcentral-L,147.5,vss_iss,0.60736461368832
Postcentral-L,148.3333,iss_bs,-0.2643276362280886
Postcentral-L,148.3333,vss_bs,0.36223427043178663
Postcentral-L,148.3333,vss_iss,0.6265619066598752
Postcentral-L,149.16670000000002,iss_bs,-0.2536417333192286
Postcentral-L,149.16670000000002,vss_bs,0.3921404432284855
Postcentral-L,149.16670000000002,vss_iss,0.6457821765477142
Postcentral-L,150,iss_bs,-0.24174483272277514
Postcentral-L,150,vss_bs,0.4230829043120769
Postcentral-L,150,vss_iss,0.6648277370348521
Postcentral-L,150.8333,iss_bs,-0.22855091518596313
Postcentral-L,150.8333,vss_bs,0.45495289505317227
Postcentral-L,150.8333,vss_iss,0.6835038102391354
Postcentral-L,151.6667,iss_bs,-0.21399056220152116
Postcentral-L,151.6667,vss_bs,0.4876306413259977
Postcentral-L,151.6667,vss_iss,0.7016212035275189
Postcentral-L,152.5,iss_bs,-0.19801261197911746
Postcentral-L,152.5,vss_bs,0.5209862536409344
Postcentral-L,152.5,vss_iss,0.7189988656200519
Postcentral-L,153.3333,iss_bs,-0.1805855405646827
Postcentral-L,153.3333,vss_bs,0.5548807439661108
Postcentral-L,153.3333,vss_iss,0.7354662845307934
Postcentral-L,154.1667,iss_bs,-0.1616985477670188
Postcentral-L,154.1667,vss_bs,0.5891671458091602
Postcentral-L,154.1667,vss_iss,0.750865693576179
Postcentral-L,155,iss_bs,-0.14136233232883744
Postcentral-L,155,vss_bs,0.6236917235352644
Postcentral-L,155,vss_iss,0.7650540558641018
Postcentral-L,155.8333,iss_bs,-0.11960954571944404
Postcentral-L,155.8333,vss_bs,0.6582952565388562
Postcentral-L,155.8333,vss_iss,0.7779048022583003
Postcentral-L,156.6667,iss_bs,-0.09649491894385316
Postcentral-L,156.6667,vss_bs,0.6928143837421331
Postcentral-L,156.6667,vss_iss,0.7893093026859862
Postcentral-L,157.5,iss_bs,-0.07209506177485722
Postcentral-L,157.5,vss_bs,0.7270829939379999
Postcentral-L,157.5,vss_iss,0.7991780557128572
Postcentral-L,158.3333,iss_bs,-0.04650793873945234
Postcentral-L,158.3333,vss_bs,0.7609336476999096
Postcentral-L,158.3333,vss_iss,0.8074415864393619
Postcentral-L,159.1667,iss_bs,-0.0198520309525272
Postcentral-L,159.1667,vss_bs,0.794199016916085
Postcentral-L,159.1667,vss_iss,0.8140510478686123
Postcentral-L,160,iss_bs,0.00773480258297778
Postcentral-L,160,vss_bs,0.8267133284406624
Postcentral-L,160,vss_iss,0.8189785258576846
Postcentral-L,160.8333,iss_bs,0.036096746363596464
Postcentral-L,160.8333,vss_bs,0.85831379885936665
Postcentral-L,160.8333,vss_iss,0.8222170524957702
Postcentral-L,161.6667,iss_bs,0.06506171074602743
Postcentral-L,161.6667,vss_bs,0.8888420479154135
Postcentral-L,161.6667,vss_iss,0.8237803371693861
Postcentral-L,162.5,iss_bs,0.09444325010451311
Postcentral-L,162.5,vss_bs,0.918145478706968
Postcentral-L,162.5,vss_iss,0.8237022286024549
Postcentral-L,163.33329999999998,iss_bs,0.12404268859478029
Postcentral-L,163.33329999999998,vss_bs,0.9460786133303903
Postcentral-L,163.33329999999998,vss_iss,0.82203592473561
Postcentral-L,164.1667,iss_bs,0.15365142280033342
Postcentral-L,164.1667,vss_bs,0.9725043731869897
Postcentral-L,164.1667,vss_iss,0.8188529503866563
Postcentral-L,165,iss_bs,0.1830533685055471
Postcentral-L,165,vss_bs,0.9972952936837621
Postcentral-L,165,vss_iss,0.8142419251782151
Postcentral-L,165.83329999999998,iss_bs,0.21202751732483027
Postcentral-L,165.83329999999998,vss_bs,1.0203346635350559
Postcentral-L,165.83329999999998,vss_iss,0.8083071462102255
Postcentral-L,166.6667,iss_bs,0.2403505679229608
Postcentral-L,166.6667,vss_bs,1.0415175793114508
Postcentral-L,166.6667,vss_iss,0.80116701138849
Postcentral-L,167.5,iss_bs,0.2677995960850896
Postcentral-L,167.5,vss_bs,1.0607519062899635
Postcentral-L,167.5,vss_iss,0.792952310204874
Postcentral-L,168.33329999999998,iss_bs,0.29415472792406344
Postcentral-L,168.33329999999998,vss_bs,1.077959137045825
Postcentral-L,168.33329999999998,vss_iss,0.7838044091217616
Postcentral-L,169.1667,iss_bs,0.31920178102917146
Postcentral-L,169.1667,vss_bs,1.093075139605661
Postcentral-L,169.1667,vss_iss,0.7738733585764895
Postcentral-L,170,iss_bs,0.34273483933886867
Postcentral-L,170,vss_bs,1.106050787373593
Postcentral-L,170,vss_iss,0.7633159480347245
Postcentral-L,170.83329999999998,iss_bs,0.3645587289295815
Postcentral-L,170.83329999999998,vss_bs,1.116852463467386
Postcentral-L,170.83329999999998,vss_iss,0.7522937345378046
Postcentral-L,171.6667,iss_bs,0.38449136371817966
Postcentral-L,171.6667,vss_bs,1.1254624325854217
Postcentral-L,171.6667,vss_iss,0.740971068867242
Postcentral-L,172.5,iss_bs,0.4023659322375417
Postcentral-L,172.5,vss_bs,1.1318790740914775
Postcentral-L,172.5,vss_iss,0.7295131418539359
Postcentral-L,173.3333,iss_bs,0.4180328991209862
Postcentral-L,173.3333,vss_bs,1.1361169706780068
Postcentral-L,173.3333,vss_iss,0.7180840715570205
Postcentral-L,174.16670000000002,iss_bs,0.43136179767803007
Postcentral-L,174.16670000000002,vss_bs,1.138206847772574
Postcentral-L,174.16670000000002,vss_iss,0.706845050094544
Postcentral-L,175,iss_bs,0.44224279291596635
Postcentral-L,175,vss_bs,1.1381953598070602
Postcentral-L,175,vss_iss,0.695952566891094
Postcentral-L,175.8333,iss_bs,0.4505879975138012
Postcentral-L,175.8333,vss_bs,1.136144720591621
Postcentral-L,175.8333,vss_iss,0.68555672307782
Postcentral-L,176.66670000000002,iss_bs,0.4563325265419355
Postcentral-L,176.66670000000002,vss_bs,1.1321321763366323
Postcentral-L,176.66670000000002,vss_iss,0.6757996497946969
Postcentral-L,177.5,iss_bs,0.4594352800992463
Postcentral-L,177.5,vss_bs,1.1262493213521096
Postcentral-L,177.5,vss_iss,0.6668140412528635
Postcentral-L,178.3333,iss_bs,0.459879446466346
Postcentral-L,178.3333,vss_bs,1.118601258123927
Postcentral-L,178.3333,vss_iss,0.6587218116575811
Postcentral-L,179.16670000000002,iss_bs,0.4576727218095816
Postcentral-L,179.16670000000002,vss_bs,1.1093056053116532
Postcentral-L,179.16670000000002,vss_iss,0.6516328835020715
Postcentral-L,180,iss_bs,0.4528472458772499
Postcentral-L,180,vss_bs,1.0984913592179075
Postcentral-L,180,vss_iss,0.6456441133406576
Postcentral-L,180.8333,iss_bs,0.445459256472108
Postcentral-L,180.8333,vss_bs,1.0862976164201792
Postcentral-L,180.8333,vss_iss,0.6408383599480711
Postcentral-L,181.6667,iss_bs,0.43558846873006035
Postcentral-L,181.6667,vss_bs,1.072872167501487
Postcentral-L,181.6667,vss_iss,0.6372836987714267
Postcentral-L,182.5,iss_bs,0.4233371883544085
Postcentral-L,182.5,vss_bs,1.0583699741276553
Postcentral-L,182.5,vss_iss,0.635032785773247
Postcentral-L,183.3333,iss_bs,0.40882917092117277
Postcentral-L,183.3333,vss_bs,1.0429515440506036
Postcentral-L,183.3333,vss_iss,0.6341223731294309
Postcentral-L,184.1667,iss_bs,0.39220824215938105
Postcentral-L,184.1667,vss_bs,1.026781220918123
Postcentral-L,184.1667,vss_iss,0.634572978758742
Postcentral-L,185,iss_bs,0.3736366966993075
Postcentral-L,185,vss_bs,1.010025407984823
Postcentral-L,185,vss_iss,0.6363887112855156
Postcentral-L,185.8333,iss_bs,0.3532934951518043
Postcentral-L,185.8333,vss_bs,0.9928507468877031
Postcentral-L,185.8333,vss_iss,0.6395572517358988
Postcentral-L,186.6667,iss_bs,0.331372281515926
Postcentral-L,186.6667,vss_bs,0.9754222745114749
Postcentral-L,186.6667,vss_iss,0.6440499929955489
Postcentral-L,187.5,iss_bs,0.30807924479467524
Postcentral-L,187.5,vss_bs,0.9579015825628088
Postcentral-L,187.5,vss_iss,0.6498223377681335
Postcentral-L,188.3333,iss_bs,0.28363085031645363
Postcentral-L,188.3333,vss_bs,0.9404450057389763
Postcentral-L,188.3333,vss_iss,0.6568141554225226
Postcentral-L,189.1667,iss_bs,0.2582514676007255
Postcentral-L,189.1667,vss_bs,0.9232018652590774
Postcentral-L,189.1667,vss_iss,0.664950397658352
Postcentral-L,190,iss_bs,0.23217092266028524
Postcentral-L,190,vss_bs,0.9063127949738378
Postcentral-L,190,vss_iss,0.6741418723135525
Postcentral-L,190.8333,iss_bs,0.20562200339063277
Postcentral-L,190.8333,vss_bs,0.8899081772391549
Postcentral-L,190.8333,vss_iss,0.6842861738485222
Postcentral-L,191.6667,iss_bs,0.17883794715175433
Postcentral-L,191.6667,vss_bs,0.8741067151931459
Postcentral-L,191.6667,vss_iss,0.6952687680413916
Postcentral-L,192.5,iss_bs,0.15204993979364595
Postcentral-L,192.5,vss_bs,0.8590141669915872
Postcentral-L,192.5,vss_iss,0.7069642271979413
Postcentral-L,193.3333,iss_bs,0.12548465520982163
Postcentral-L,193.3333,vss_bs,0.8447222659179962
Postcentral-L,193.3333,vss_iss,0.7192376107081745
Postcentral-L,194.1667,iss_bs,0.09936186402079218
Postcentral-L,194.1667,vss_bs,0.8313078480908981
Postcentral-L,194.1667,vss_iss,0.7319459840701059
Postcentral-L,195,iss_bs,0.07389213919171164
Postcentral-L,195,vss_bs,0.8188322067538997
Postcentral-L,195,vss_iss,0.744940067562188
Postcentral-L,195.83329999999998,iss_bs,0.04927468527723108
Postcentral-L,195.83329999999998,vss_bs,0.8073406888793657
Postcentral-L,195.83329999999998,vss_iss,0.7580660036021346
Postcentral-L,196.6667,iss_bs,0.025695316566882464
Postcentral-L,196.6667,vss_bs,0.7968625460835485
Postcentral-L,196.6667,vss_iss,0.7711672295166659
Postcentral-L,197.5,iss_bs,0.0033246076834234695
Postcentral-L,197.5,vss_bs,0.7874110476925966
Postcentral-L,197.5,vss_iss,0.7840864400091732
Postcentral-L,198.33329999999998,iss_bs,-0.017683761824433975
Postcentral-L,198.33329999999998,vss_bs,0.778983859281361
Postcentral-L,198.33329999999998,vss_iss,0.796667621105795
Postcentral-L,199.1667,iss_bs,-0.0371944496405433
Postcentral-L,199.1667,vss_bs,0.7715636852082997
Postcentral-L,199.1667,vss_iss,0.808758134848843
Postcentral-L,200,iss_bs,-0.05509166288151832
Postcentral-L,200,vss_bs,0.765119168679082
Postcentral-L,200,vss_iss,0.8202108315606004
Postcentral-L,200.83329999999998,iss_bs,-0.07128012640986643
Postcentral-L,200.83329999999998,vss_bs,0.7596060377866274
Postcentral-L,200.83329999999998,vss_iss,0.8308861641964939
Postcentral-L,201.6667,iss_bs,-0.08568579632195841
Postcentral-L,201.6667,vss_bs,0.754968480901638
Postcentral-L,201.6667,vss_iss,0.8406542772235965
Postcentral-L,202.5,iss_bs,-0.09825631084290802
Postcentral-L,202.5,vss_bs,0.7511407298352142
Postcentral-L,202.5,vss_iss,0.8493970406781222
Postcentral-L,203.3333,iss_bs,-0.10896117417627206
Postcentral-L,203.3333,vss_bs,0.7480488244765635
Postcentral-L,203.3333,vss_iss,0.8570099986528356
Postcentral-L,204.16670000000002,iss_bs,-0.11779167227921386
Postcentral-L,204.16670000000002,vss_bs,0.7456125282368768
Postcentral-L,204.16670000000002,vss_iss,0.8634042005160908
Postcentral-L,205,iss_bs,-0.12476052302219397
Postcentral-L,205,vss_bs,0.7437473597147287
Postcentral-L,205,vss_iss,0.8685078827369227
Postcentral-L,205.8333,iss_bs,-0.129901266700724
Postcentral-L,205.8333,vss_bs,0.7423667026435009
Postcentral-L,205.8333,vss_iss,0.8722679693442249
Postcentral-L,206.66670000000002,iss_bs,-0.13326740634786
Postcentral-L,206.66670000000002,vss_bs,0.7413839534831445
Postcentral-L,206.66670000000002,vss_iss,0.8746513598310045
Postcentral-L,207.5,iss_bs,-0.1349313106995313
Postcentral-L,207.5,vss_bs,0.7407146640627308
Postcentral-L,207.5,vss_iss,0.875645974762262
Postcentral-L,208.3333,iss_bs,-0.13498289593956647
Postcentral-L,208.3333,vss_bs,0.7402786355384718
Postcentral-L,208.3333,vss_iss,0.8752615314780383
Postcentral-L,209.16670000000002,iss_bs,-0.13352810544526475
Postcentral-L,209.16670000000002,vss_bs,0.740001919661051
Postcentral-L,209.16670000000002,vss_iss,0.8735300251063157
Postcentral-L,210,iss_bs,-0.1306872096160577
Postcentral-L,210,vss_bs,0.7398186839852721
Postcentral-L,210,vss_iss,0.8705058936013298
Postcentral-L,210.8333,iss_bs,-0.12659295044741656
Postcentral-L,210.8333,vss_bs,0.7396728992246204
Postcentral-L,210.8333,vss_iss,0.866265849672037
Postcentral-L,211.66670000000002,iss_bs,-0.12138855776166907
Postcentral-L,211.66670000000002,vss_bs,0.7395198094533263
Postcentral-L,211.66670000000002,vss_iss,0.8609083672149953
Postcentral-L,212.5,iss_bs,-0.11522566588291584
Postcentral-L,212.5,vss_bs,0.7393271492685543
Postcentral-L,212.5,vss_iss,0.8545528151514701
Postcentral-L,213.3333,iss_bs,-0.10826216100497675
Postcentral-L,213.3333,vss_bs,0.7390760763032515
Postcentral-L,213.3333,vss_iss,0.8473382373082282
Postcentral-L,214.1667,iss_bs,-0.10065999051535834
Postcentral-L,214.1667,vss_bs,0.7387617925638205
Postcentral-L,214.1667,vss_iss,0.8394217830791788
Postcentral-L,215,iss_bs,-0.0925829660771467
Postcentral-L,215,vss_bs,0.7383938338729337
Postcentral-L,215,vss_iss,0.8309767999500803
Postcentral-L,215.8333,iss_bs,-0.08419459231433878
Postcentral-L,215.8333,vss_bs,0.7379960131252143
Postcentral-L,215.8333,vss_iss,0.8221906054395531
Postcentral-L,216.6667,iss_bs,-0.07565595248264327
Postcentral-L,216.6667,vss_bs,0.7376060099931656
Postcentral-L,216.6667,vss_iss,0.813261962475809
Postcentral-L,217.5,iss_bs,-0.06712368153434035
Postcentral-L,217.5,vss_bs,0.7372746070188834
Postcentral-L,217.5,vss_iss,0.8043982885532237
Postcentral-L,218.3333,iss_bs,-0.0587480555082771
Postcentral-L,218.3333,vss_bs,0.737064579547479
Postcentral-L,218.3333,vss_iss,0.7958126350557561
Postcentral-L,219.1667,iss_bs,-0.05067122421064346
Postcentral-L,219.1667,vss_bs,0.7370492545451005
Postcentral-L,219.1667,vss_iss,0.7877204787557439
Postcentral-L,220,iss_bs,-0.04302561172399526
Postcentral-L,220,vss_bs,0.7373107608359346
Postcentral-L,220,vss_iss,0.7803363725599299
Postcentral-L,220.8333,iss_bs,-0.03593250642597074
Postcentral-L,220.8333,vss_bs,0.737938000524108
Postcentral-L,220.8333,vss_iss,0.7738705069500786
Postcentral-L,221.6667,iss_bs,-0.02950085895938043
Postcentral-L,221.6667,vss_bs,0.7390243781738866
Postcentral-L,221.6667,vss_iss,0.7685252371332669
Postcentral-L,222.5,iss_bs,-0.02382630302424398
Postcentral-L,222.5,vss_bs,0.7406653305462133
Postcentral-L,222.5,vss_iss,0.7644916335704572
Postcentral-L,223.3333,iss_bs,-0.0189904100201592
Postcentral-L,223.3333,vss_bs,0.7429557051803726
Postcentral-L,223.3333,vss_iss,0.7619461152005318
Postcentral-L,224.1667,iss_bs,-0.01506018452123043
Postcentral-L,224.1667,vss_bs,0.745987040727586
Postcentral-L,224.1667,vss_iss,0.7610472252488165
Postcentral-L,225,iss_bs,-0.012087803388132886
Postcentral-L,225,vss_bs,0.7498448055652734
Postcentral-L,225,vss_iss,0.7619326089534063
Postcentral-L,225.83329999999998,iss_bs,-0.010110597089412534
Postcentral-L,225.83329999999998,vss_bs,0.7546056537415632
Postcentral-L,225.83329999999998,vss_iss,0.7647162508309757
Postcentral-L,226.6667,iss_bs,-0.009151267596534386
Postcentral-L,226.6667,vss_bs,0.760334758635792
Postcentral-L,226.6667,vss_iss,0.7694860262323264
Postcentral-L,227.5,iss_bs,-0.009218333114601357
Postcentral-L,227.5,vss_bs,0.7670832848126562
Postcentral-L,227.5,vss_iss,0.7763016179272576
Postcentral-L,228.33329999999998,iss_bs,-0.010306785993568908
Postcentral-L,228.33329999999998,vss_bs,0.7748860573609154
Postcentral-L,228.33329999999998,vss_iss,0.7851928433544842
Postcentral-L,229.1667,iss_bs,-0.012398946510166538
Postcentral-L,229.1667,vss_bs,0.7837594855355008
Postcentral-L,229.1667,vss_iss,0.7961584320456674
Postcentral-L,230,iss_bs,-0.015465491892850751
Postcentral-L,230,vss_bs,0.7936997937849057
Postcentral-L,230,vss_iss,0.8091652856777565
Postcentral-L,230.83329999999998,iss_bs,-0.019466637048080306
Postcentral-L,230.83329999999998,vss_bs,0.8046816082930907
Postcentral-L,230.83329999999998,vss_iss,0.824148245341171
Postcentral-L,231.6667,iss_bs,-0.024353440997385588
Postcentral-L,231.6667,vss_bs,0.8166569410727512
Postcentral-L,231.6667,vss_iss,0.8410103820701368
Postcentral-L,232.5,iss_bs,-0.030069211102000566
Postcentral-L,232.5,vss_bs,0.8295546065180671
Postcentral-L,232.5,vss_iss,0.8596238176200677
Postcentral-L,233.33329999999998,iss_bs,-0.036550975777575705
Postcentral-L,233.33329999999998,vss_bs,0.8432800972869793
Postcentral-L,233.33329999999998,vss_iss,0.879831073064555
Postcentral-L,234.1667,iss_bs,-0.04373099561574956
Postcentral-L,234.1667,vss_bs,0.8577159375862518
Postcentral-L,234.1667,vss_iss,0.9014469332020013
Postcentral-L,235,iss_bs,-0.051538282650481375
Postcentral-L,235,vss_bs,0.8727225225464865
Postcentral-L,235,vss_iss,0.9242608051969678
Postcentral-L,235.8333,iss_bs,-0.05990009794087354
Postcentral-L,235.8333,vss_bs,0.8881394425847775
Postcentral-L,235.8333,vss_iss,0.9480395405256511
Postcentral-L,236.66670000000002,iss_bs,-0.06874339868107036
Postcentral-L,236.66670000000002,vss_bs,0.903787281658537
Postcentral-L,236.66670000000002,vss_iss,0.9725306803396073
Postcentral-L,237.5,iss_bs,-0.07799620767121676
Postcentral-L,237.5,vss_bs,0.9194698683216529
Postcentral-L,237.5,vss_iss,0.9974660759928696
Postcentral-L,238.3333,iss_bs,-0.08758888015807116
Postcentral-L,238.3333,vss_bs,0.9349769487147241
Postcentral-L,238.3333,vss_iss,1.0225658288727952
Postcentral-L,239.16670000000002,iss_bs,-0.09745524573368937
Postcentral-L,239.16670000000002,vss_bs,0.9500872412645042
Postcentral-L,239.16670000000002,vss_iss,1.0475424869981935
Postcentral-L,240,iss_bs,-0.1075336061087107
Postcentral-L,240,vss_bs,0.9645718241393276
Postcentral-L,240,vss_iss,1.0721054302480384
Postcentral-L,240.8333,iss_bs,-0.11776757308533989
Postcentral-L,240.8333,vss_bs,0.9781977986020239
Postcentral-L,240.8333,vss_iss,1.0959653716873639
Postcentral-L,241.66670000000002,iss_bs,-0.12810673486770313
Postcentral-L,241.66670000000002,vss_bs,0.9907321645011797
Postcentral-L,241.66670000000002,vss_iss,1.118838899368883
Postcentral-L,242.5,iss_bs,-0.1385071428800029
Postcentral-L,242.5,vss_bs,1.0019458384080109
Postcentral-L,242.5,vss_iss,1.1404529812880138
Postcentral-L,243.3333,iss_bs,-0.1489316154264473
Postcentral-L,243.3333,vss_bs,1.0116177404801379
Postcentral-L,243.3333,vss_iss,1.1605493559065854
Postcentral-L,244.1667,iss_bs,-0.15934985872806307
Postcentral-L,244.1667,vss_bs,1.0195388731301853
Postcentral-L,244.1667,vss_iss,1.1788887318582484
Postcentral-L,245,iss_bs,-0.1697384100164437
Postcentral-L,245,vss_bs,1.0255163130825666
Postcentral-L,245,vss_iss,1.1952547230990103
Postcentral-L,245.8333,iss_bs,-0.18008041135879743
Postcentral-L,245.8333,vss_bs,1.0293770384718501
Postcentral-L,245.8333,vss_iss,1.2094574498306476
Postcentral-L,246.6667,iss_bs,-0.19036522664235114
Postcentral-L,246.6667,vss_bs,1.0309715142935665
Postcentral-L,246.6667,vss_iss,1.2213367409359175
Postcentral-L,247.5,iss_bs,-0.20058791757287134
Postcentral-L,247.5,vss_bs,1.0301769627534025
Postcentral-L,247.5,vss_iss,1.2307648803262738
Postcentral-L,248.3333,iss_bs,-0.21074859756358347
Postcentral-L,248.3333,vss_bs,1.026900249829072
Postcentral-L,248.3333,vss_iss,1.2376488473926555
Postcentral-L,249.1667,iss_bs,-0.22085168493723403
Postcentral-L,249.1667,vss_bs,1.0210803255843017
Postcentral-L,249.1667,vss_iss,1.241932010521536
Postcentral-L,250,iss_bs,-0.23090507887654715
Postcentral-L,250,vss_bs,1.0126901633472494
Postcentral-L,250,vss_iss,1.2435952422237966
Postcentral-L,250.83329999999998,iss_bs,-0.24091928299033433
Postcentral-L,250.83329999999998,vss_bs,1.001738151647886
Postcentral-L,250.83329999999998,vss_iss,1.2426574346382204
Postcentral-L,251.66670000000002,iss_bs,-0.250906502180474
Postcentral-L,251.66670000000002,vss_bs,0.9882689026346301
Postcentral-L,251.66670000000002,vss_iss,1.239175404815104
Postcentral-L,252.5,iss_bs,-0.2608797386803323
Postcentral-L,252.5,vss_bs,0.9723634513700514
Postcentral-L,252.5,vss_iss,1.2332431900503837
Postcentral-L,253.33329999999998,iss_bs,-0.2708519126837005
Postcentral-L,253.33329999999998,vss_bs,0.9541388317293419
Postcentral-L,253.33329999999998,vss_iss,1.2249907444130423
Postcentral-L,254.16670000000002,iss_bs,-0.2808350319062716
Postcentral-L,254.16670000000002,vss_bs,0.9337470263677166
Postcentral-L,254.16670000000002,vss_iss,1.2145820582739881
Postcentral-L,255,iss_bs,-0.29083943274545304
Postcentral-L,255,vss_bs,0.9113733001479044
Postcentral-L,255,vss_iss,1.2022127328933574
Postcentral-L,255.83329999999998,iss_bs,-0.30087311346946627
Postcentral-L,255.83329999999998,vss_bs,0.8872339382837253
Postcentral-L,255.83329999999998,vss_iss,1.1881070517531915
Postcentral-L,256.66670000000005,iss_bs,-0.31094117712797814
Postcentral-L,256.66670000000005,vss_bs,0.8615734220173806
Postcentral-L,256.66670000000005,vss_iss,1.1725145991453587
Postcentral-L,257.5,iss_bs,-0.32104539870071924
Postcentral-L,257.5,vss_bs,0.8346610856675787
Postcentral-L,257.5,vss_iss,1.155706484368298
Postcentral-L,258.3333,iss_bs,-0.33118392746588027
Postcentral-L,258.3333,vss_bs,0.8067873091338115
Postcentral-L,258.3333,vss_iss,1.1379712365996917
Postcentral-L,259.16670000000005,iss_bs,-0.34135113176363363
Postcentral-L,259.16670000000005,vss_bs,0.7782593092042587
Postcentral-L,259.16670000000005,vss_iss,1.1196104409678924
Postcentral-L,260,iss_bs,-0.35153758934625484
Postcentral-L,260,vss_bs,0.7493966010958029
Postcentral-L,260,vss_iss,1.1009341904420578
Postcentral-L,260.8333,iss_bs,-0.3617302224446245
Postcentral-L,260.8333,vss_bs,0.7205262083824798
Postcentral-L,260.8333,vss_iss,1.0822564308271043
Postcentral-L,261.6667,iss_bs,-0.37191257264272654
Postcentral-L,261.6667,vss_bs,0.6919777046995786
Postcentral-L,261.6667,vss_iss,1.0638902773423051
Postcentral-L,262.5,iss_bs,-0.38206520673972
Postcentral-L,262.5,vss_bs,0.6640781742307282
Postcentral-L,262.5,vss_iss,1.0461433809704483
Postcentral-L,263.3333,iss_bs,-0.3921662410922742
Postcentral-L,263.3333,vss_bs,0.6371471799146287
Postcentral-L,263.3333,vss_iss,1.0293134210069028
Postcentral-L,264.1667,iss_bs,-0.40219196856317807
Postcentral-L,264.1667,vss_bs,0.6114918285016782
Postcentral-L,264.1667,vss_iss,1.0136837970648562
Postcentral-L,265,iss_bs,-0.4121175692428329
Postcentral-L,265,vss_bs,0.5874020200398457
Postcentral-L,265,vss_iss,0.9995195892826786
Postcentral-L,265.8333,iss_bs,-0.42191788363649607
Postcentral-L,265.8333,vss_bs,0.5651459661016398
Postcentral-L,265.8333,vss_iss,0.9870638497381359
Postcentral-L,266.6667,iss_bs,-0.43156822508805265
Postcentral-L,266.6667,vss_bs,0.5449660561439291
Postcentral-L,266.6667,vss_iss,0.9765342812319817
Postcentral-L,267.5,iss_bs,-0.4410452068941641
Postcentral-L,267.5,vss_bs,0.5270751449185804
Postcentral-L,267.5,vss_iss,0.9681203518127446
Postcentral-L,268.3333,iss_bs,-0.45032755888928294
Postcentral-L,268.3333,vss_bs,0.5116533259557144
Postcentral-L,268.3333,vss_iss,0.9619808848449974
Postcentral-L,269.1667,iss_bs,-0.45939690827487845
Postcentral-L,269.1667,vss_bs,0.4988452469845802
Postcentral-L,269.1667,vss_iss,0.9582421552594587
Postcentral-L,270,iss_bs,-0.46823850013159307
Postcentral-L,270,vss_bs,0.48875801292723686
Postcentral-L,270,vss_iss,0.9569965130588299
Postcentral-L,270.8333,iss_bs,-0.4768418343801235
Postcentral-L,270.8333,vss_bs,0.4814597110081996
Postcentral-L,270.8333,vss_iss,0.9583015453883231
Postcentral-L,271.6667,iss_bs,-0.48520119791806215
Postcentral-L,271.6667,vss_bs,0.4769785807968029
Postcentral-L,271.6667,vss_iss,0.962179778714865
Postcentral-L,272.5,iss_bs,-0.49331607321200854
Postcentral-L,272.5,vss_bs,0.47530283987975747
Postcentral-L,272.5,vss_iss,0.968618913091766
Postcentral-L,273.3333,iss_bs,-0.5011914077079407
Postcentral-L,273.3333,vss_bs,0.4763811635978533
Postcentral-L,273.3333,vss_iss,0.977572571305794
Postcentral-L,274.1667,iss_bs,-0.5088377319649524
Postcentral-L,274.1667,vss_bs,0.48012380512443
Postcentral-L,274.1667,vss_iss,0.9889615370893824
Postcentral-L,275,iss_bs,-0.5162711183327249
Postcentral-L,275,vss_bs,0.4864043303615912
Postcentral-L,275,vss_iss,1.0026754486943161
Postcentral-L,275.8333,iss_bs,-0.523512976185348
Postcentral-L,275.8333,vss_bs,0.49506193092316697
Postcentral-L,275.8333,vss_iss,1.0185749071085148
Postcentral-L,276.6667,iss_bs,-0.5305896840896717
Postcentral-L,276.6667,vss_bs,0.5059042680861592
Postcentral-L,276.6667,vss_iss,1.036493952175831
Postcentral-L,277.5,iss_bs,-0.5375320637153422
Postcentral-L,277.5,vss_bs,0.5187107912322545
Postcentral-L,277.5,vss_iss,1.0562428549475966
Postcentral-L,278.3333,iss_bs,-0.5443747046737787
Postcentral-L,278.3333,vss_bs,0.5332364661516573
Postcentral-L,278.3333,vss_iss,1.0776111708254361
Postcentral-L,279.1667,iss_bs,-0.5511551536914738
Postcentral-L,279.1667,vss_bs,0.5492158417999708
Postcentral-L,279.1667,vss_iss,1.1003709954914447
Postcentral-L,280,iss_bs,-0.5579129854692759
Postcentral-L,280,vss_bs,0.5663673788117517
Postcentral-L,280,vss_iss,1.1242803642810277
Postcentral-L,280.8333,iss_bs,-0.5646887761490859
Postcentral-L,280.8333,vss_bs,0.5843979593751013
Postcentral-L,280.8333,vss_iss,1.1490867355241872
Postcentral-L,281.6667,iss_bs,-0.5715230034054666
Postcentral-L,281.6667,vss_bs,0.6030074960196523
Postcentral-L,281.6667,vss_iss,1.174530499425119
Postcentral-L,282.5,iss_bs,-0.5784548997167708
Postcentral-L,282.5,vss_bs,0.6218935564876837
Postcentral-L,282.5,vss_iss,1.2003484562044544
Postcentral-L,283.3333,iss_bs,-0.5855212872745442
Postcentral-L,283.3333,vss_bs,0.6407559231325988
Postcentral-L,283.3333,vss_iss,1.2262772104071429
Postcentral-L,284.1667,iss_bs,-0.5927554242032801
Postcentral-L,284.1667,vss_bs,0.659301008170922
Postcentral-L,284.1667,vss_iss,1.252056432374202
Postcentral-L,285,iss_bs,-0.600185892243043
Postcentral-L,285,vss_bs,0.6772460505209388
Postcentral-L,285,vss_iss,1.2774319427639815
Postcentral-L,285.8333,iss_bs,-0.6078355557708376
Postcentral-L,285.8333,vss_bs,0.6943230257774459
Postcentral-L,285.8333,vss_iss,1.3021585815482835
Postcentral-L,286.6667,iss_bs,-0.6157206209973574
Postcentral-L,286.6667,vss_bs,0.710282207953407
Postcentral-L,286.6667,vss_iss,1.3260028289507644
Postcentral-L,287.5,iss_bs,-0.6238498223873548
Postcentral-L,287.5,vss_bs,0.7248953297952581
Postcentral-L,287.5,vss_iss,1.3487451521826128
Postcentral-L,288.3333,iss_bs,-0.6322237608462707
Postcentral-L,288.3333,vss_bs,0.7379582975569641
Postcentral-L,288.3333,vss_iss,1.370182058403235
Postcentral-L,289.1667,iss_bs,-0.6408344150437723
Postcentral-L,289.1667,vss_bs,0.7492934258893603
Postcentral-L,289.1667,vss_iss,1.3901278409331326
Postcentral-L,290,iss_bs,-0.6496648434741883
Postcentral-L,290,vss_bs,0.7587511687438755
Postcentral-L,290,vss_iss,1.4084160122180638
Postcentral-L,290.8333,iss_bs,-0.6586890905679812
Postcentral-L,290.8333,vss_bs,0.7662113326747649
Postcentral-L,290.8333,vss_iss,1.424900423242746
Postcentral-L,291.6667,iss_bs,-0.6678723054652964
Postcentral-L,291.6667,vss_bs,0.7715837694201324
Postcentral-L,291.6667,vss_iss,1.4394560748854288
Postcentral-L,292.5,iss_bs,-0.677171077051412
Postcentral-L,292.5,vss_bs,0.7748085549220545
Postcentral-L,292.5,vss_iss,1.4519796319734666
Postcentral-L,293.3333,iss_bs,-0.6865339836534182
Postcentral-L,293.3333,vss_bs,0.7758556717905816
Postcentral-L,293.3333,vss_iss,1.462389655444
Postcentral-L,294.1667,iss_bs,-0.6959023505322988
Postcentral-L,294.1667,vss_bs,0.7747242214198679
Postcentral-L,294.1667,vss_iss,1.4706265719521667
Postcentral-L,295,iss_bs,-0.7052112031038217
Postcentral-L,295,vss_bs,0.7714412003390402
Postcentral-L,295,vss_iss,1.4766524034428619
Postcentral-L,295.8333,iss_bs,-0.7143903988131374
Postcentral-L,295.8333,vss_bs,0.7660598827604539
Postcentral-L,295.8333,vss_iss,1.4804502815735912
Postcentral-L,296.6667,iss_bs,-0.7233659158984308
Postcentral-L,296.6667,vss_bs,0.7586578575331643
Postcentral-L,296.6667,vss_iss,1.482023773431595
Postcentral-L,297.5,iss_bs,-0.7320612730275791
Postcentral-L,297.5,vss_bs,0.7493347727087663
Postcentral-L,297.5,vss_iss,1.4813960457363453
Postcentral-L,298.3333,iss_bs,-0.7403990500896475
Postcentral-L,298.3333,vss_bs,0.7382098445992816
Postcentral-L,298.3333,vss_iss,1.478608894688929
Postcentral-L,299.1667,iss_bs,-0.7483024773692273
Postcentral-L,299.1667,vss_bs,0.7254191905042285
Postcentral-L,299.1667,vss_iss,1.4737216678734557
Postcentral-L,300,iss_bs,-0.7556970580105209
Postcentral-L,300,vss_bs,0.7111130451910571
Postcentral-L,300,vss_iss,1.4668101032015781
Postcentral-L,300.8333,iss_bs,-0.7625121871575636
Postcentral-L,300.8333,vss_bs,0.695452920747221
Postcentral-L,300.8333,vss_iss,1.4579651079047846
Postcentral-L,301.6667,iss_bs,-0.7686827304867255
Postcentral-L,301.6667,vss_bs,0.678608767632705
Postcentral-L,301.6667,vss_iss,1.4472914981194305
Postcentral-L,302.5,iss_bs,-0.7741505250563462
Postcentral-L,302.5,vss_bs,0.660756191729171
Postcentral-L,302.5,vss_iss,1.4349067167855172
Postcentral-L,303.33329999999995,iss_bs,-0.7788657664952453
Postcentral-L,303.33329999999995,vss_bs,0.642073778013259
Postcentral-L,303.33329999999995,vss_iss,1.4209395445085042
Postcentral-L,304.1667,iss_bs,-0.7827882485230577
Postcentral-L,304.1667,vss_bs,0.6227405663108732
Postcentral-L,304.1667,vss_iss,1.4055288148339309
Postcentral-L,305,iss_bs,-0.785888423607157
Postcentral-L,305,vss_bs,0.6029337185700722
Postcentral-L,305,vss_iss,1.3888221421772293
Postcentral-L,305.83329999999995,iss_bs,-0.7881482571577092
Postcentral-L,305.83329999999995,vss_bs,0.5828264103950488
Postcentral-L,305.83329999999995,vss_iss,1.370974667552758
Postcentral-L,306.6667,iss_bs,-0.7895618519693404
Postcentral-L,306.6667,vss_bs,0.5625859723969592
Postcentral-L,306.6667,vss_iss,1.3521478243662994
Postcentral-L,307.5,iss_bs,-0.790135824542116
Postcentral-L,307.5,vss_bs,0.5423722994322262
Postcentral-L,307.5,vss_iss,1.3325081239743422
Postcentral-L,308.33329999999995,iss_bs,-0.7898894203466672
Postcentral-L,308.33329999999995,vss_bs,0.5223365382117507
Postcentral-L,308.33329999999995,vss_iss,1.312225958558418
Postcentral-L,309.1667,iss_bs,-0.7888543609157523
Postcentral-L,309.1667,vss_bs,0.5026200562699149
Postcentral-L,309.1667,vss_iss,1.2914744171856674
Postcentral-L,310,iss_bs,-0.7870744217135889
Postcentral-L,310,vss_bs,0.48335368806863854
Postcentral-L,310,vss_iss,1.2704281097822274
Postcentral-L,310.83329999999995,iss_bs,-0.7846047459138908
Postcentral-L,310.83329999999995,vss_bs,0.46465724725630586
Postcentral-L,310.83329999999995,vss_iss,1.2492619931701967
Postcentral-L,311.6667,iss_bs,-0.7815109053616217
Postcentral-L,311.6667,vss_bs,0.44663928796604746
Postcentral-L,311.6667,vss_iss,1.2281501933276693
Postcentral-L,312.5,iss_bs,-0.7778677259559212
Postcentral-L,312.5,vss_bs,0.42939709266490744
Postcentral-L,312.5,vss_iss,1.2072648186208288
Postcentral-L,313.3333,iss_bs,-0.7737579003281202
Postcentral-L,313.3333,vss_bs,0.41301685957503387
Postcentral-L,313.3333,vss_iss,1.1867747599031542
Postcentral-L,314.16670000000005,iss_bs,-0.7692704158616149
Postcentral-L,314.16670000000005,vss_bs,0.3975740591743574
Postcentral-L,314.16670000000005,vss_iss,1.1668444750359723
Postcentral-L,315,iss_bs,-0.7644988306813709
Postcentral-L,315,vss_bs,0.3831339268140947
Postcentral-L,315,vss_iss,1.1476327574954657
Postcentral-L,315.8333,iss_bs,-0.7595394341141274
Postcentral-L,315.8333,vss_bs,0.3697520571016706
Postcentral-L,315.8333,vss_iss,1.129291491215798
Postcentral-L,316.66670000000005,iss_bs,-0.754489331186363
Postcentral-L,316.66670000000005,vss_bs,0.35747506539840407
Postcentral-L,316.66670000000005,vss_iss,1.111964396584767
Postcentral-L,317.5,iss_bs,-0.7494444929039004
Postcentral-L,317.5,vss_bs,0.3463412825499533
Postcentral-L,317.5,vss_iss,1.0957857754538536
Postcentral-L,318.3333,iss_bs,-0.7444978152831828
Postcentral-L,318.3333,vss_bs,0.33638145075425824
Postcentral-L,318.3333,vss_iss,1.0808792660374409
Postcentral-L,319.16670000000005,iss_bs,-0.7397372303408958
Postcentral-L,319.16670000000005,vss_bs,0.3276193911987635
Postcentral-L,319.16670000000005,vss_iss,1.0673566215396593
Postcentral-L,320,iss_bs,-0.7352439114792654
Postcentral-L,320,vss_bs,0.32007261766446377
Postcentral-L,320,vss_iss,1.0553165291437292
Postcentral-L,320.8333,iss_bs,-0.7310906139371212
Postcentral-L,320.8333,vss_bs,0.3137528745744233
Postcentral-L,320.8333,vss_iss,1.0448434885115445
Postcentral-L,321.66670000000005,iss_bs,-0.727340188243451
Postcentral-L,321.66670000000005,vss_bs,0.30866658281629356
Postcentral-L,321.66670000000005,vss_iss,1.0360067710597445
Postcentral-L,322.5,iss_bs,-0.7240443009655027
Postcentral-L,322.5,vss_bs,0.30481518193537355
Postcentral-L,322.5,vss_iss,1.0288594829008761
Postcentral-L,323.3333,iss_bs,-0.7212423925654269
Postcentral-L,323.3333,vss_bs,0.30219536280904286
Postcentral-L,323.3333,vss_iss,1.0234377553744698
Postcentral-L,324.1667,iss_bs,-0.7189608969654885
Postcentral-L,324.1667,vss_bs,0.3007991905024723
Postcentral-L,324.1667,vss_iss,1.0197600874679609
Postcentral-L,325,iss_bs,-0.7172127415889105
Postcentral-L,325,vss_bs,0.30061412249521813
Postcentral-L,325,vss_iss,1.0178268640841286
Postcentral-L,325.8333,iss_bs,-0.7159971403238109
Postcentral-L,325.8333,vss_bs,0.3016229326882944
Postcentral-L,325.8333,vss_iss,1.0176200730121052
Postcentral-L,326.6667,iss_bs,-0.7152996851963185
Postcentral-L,326.6667,vss_bs,0.30380355639004397
Postcentral-L,326.6667,vss_iss,1.0191032415863626
Postcentral-L,327.5,iss_bs,-0.7150927356910316
Postcentral-L,327.5,vss_bs,0.30712887568708397
Postcentral-L,327.5,vss_iss,1.0222216113781155
Postcentral-L,328.3333,iss_bs,-0.7153360977824081
Postcentral-L,328.3333,vss_bs,0.31156646810170274
Postcentral-L,328.3333,vss_iss,1.0269025658841109
Postcentral-L,329.1667,iss_bs,-0.7159779780025337
Postcentral-L,329.1667,vss_bs,0.31707834410727687
Postcentral-L,329.1667,vss_iss,1.0330563221098106
Postcentral-L,330,iss_bs,-0.7169561914292747
Postcentral-L,330,vss_bs,0.32362070083034084
Postcentral-L,330,vss_iss,1.0405768922596155
Postcentral-L,330.8333,iss_bs,-0.7181995964892606
Postcentral-L,330.8333,vss_bs,0.33114372004925674
Postcentral-L,330.8333,vss_iss,1.0493433165385173
Postcentral-L,331.6667,iss_bs,-0.719629724078099
Postcentral-L,331.6667,vss_bs,0.33959143837079075
Postcentral-L,331.6667,vss_iss,1.0592211624488899
Postcentral-L,332.5,iss_bs,-0.7211625638377128
Postcentral-L,332.5,vss_bs,0.348901716221366
Postcentral-L,332.5,vss_iss,1.070064280059079
Postcentral-L,333.3333,iss_bs,-0.7227104666144781
Postcentral-L,333.3333,vss_bs,0.3590063300531334
Postcentral-L,333.3333,vss_iss,1.0817167966676116
Postcentral-L,334.1667,iss_bs,-0.7241841192481772
Postcentral-L,334.1667,vss_bs,0.36983120898859373
Postcentral-L,334.1667,vss_iss,1.0940153282367708
Postcentral-L,335,iss_bs,-0.7254945459863756
Postcentral-L,335,vss_bs,0.3812968330912917
Postcentral-L,335,vss_iss,1.1067913790776673
Postcentral-L,335.8333,iss_bs,-0.7265550900327984
Postcentral-L,335.8333,vss_bs,0.3933188056597523
Postcentral-L,335.8333,vss_iss,1.1198738956925507
Postcentral-L,336.6667,iss_bs,-0.727283329048145
Postcentral-L,336.6667,vss_bs,0.4058086065260226
Postcentral-L,336.6667,vss_iss,1.1330919355741675
Postcentral-L,337.5,iss_bs,-0.7276028798278972
Postcentral-L,337.5,vss_bs,0.4186745274472436
Postcentral-L,337.5,vss_iss,1.1462774072751407
Postcentral-L,338.3333,iss_bs,-0.7274450498583283
Postcentral-L,338.3333,vss_bs,0.4318227844732893
Postcentral-L,338.3333,vss_iss,1.1592678343316176
Postcentral-L,339.1667,iss_bs,-0.7267502969474978
Postcentral-L,339.1667,vss_bs,0.44515879583145285
Postcentral-L,339.1667,vss_iss,1.1719090927789506
Postcentral-L,340,iss_bs,-0.7254694625664942
Postcentral-L,340,vss_bs,0.45858860757424574
Postcentral-L,340,vss_iss,1.18405807014074
Postcentral-L,340.8333,iss_bs,-0.7235647498180406
Postcentral-L,340.8333,vss_bs,0.4720204431737568
Postcentral-L,340.8333,vss_iss,1.1955851929917973
Postcentral-L,341.6667,iss_bs,-0.7210104229548693
Postcentral-L,341.6667,vss_bs,0.48536634759905867
Postcentral-L,341.6667,vss_iss,1.206376770553928
Postcentral-L,342.5,iss_bs,-0.7177932119605819
Postcentral-L,342.5,vss_bs,0.49854389135721505
Postcentral-L,342.5,vss_iss,1.216337103317797
Postcentral-L,343.3333,iss_bs,-0.7139124127276907
Postcentral-L,343.3333,vss_bs,0.5114778956766355
Postcentral-L,343.3333,vss_iss,1.2253903084043263
Postcentral-L,344.1667,iss_bs,-0.7093796806567522
Postcentral-L,344.1667,vss_bs,0.524102136610368
Postcentral-L,344.1667,vss_iss,1.23348181726712
Postcentral-L,345,iss_bs,-0.7042185228843856
Postcentral-L,345,vss_bs,0.5363609834615586
Postcentral-L,345,vss_iss,1.2405795063459442
Postcentral-L,345.8333,iss_bs,-0.6984635016509326
Postcentral-L,345.8333,vss_bs,0.5482109256846859
Postcentral-L,345.8333,vss_iss,1.2466744273356185
Postcentral-L,346.6667,iss_bs,-0.6921591683656945
Postcentral-L,346.6667,vss_bs,0.5596219423671422
Postcentral-L,346.6667,vss_iss,1.2517811107328367
Postcentral-L,347.5,iss_bs,-0.6853587545483272
Postcentral-L,347.5,vss_bs,0.5705786695895426
Postcentral-L,347.5,vss_iss,1.2559374241378698
Postcentral-L,348.3333,iss_bs,-0.6781226518587482
Postcentral-L,348.3333,vss_bs,0.5810813234105948
Postcentral-L,348.3333,vss_iss,1.2592039752693431
Postcentral-L,349.1667,iss_bs,-0.6705167187255165
Postcentral-L,349.1667,vss_bs,0.591146339902659
Postcentral-L,349.1667,vss_iss,1.2616630586281756
Postcentral-L,350,iss_bs,-0.6626104555132494
Postcentral-L,350,vss_bs,0.6008066985225736
Postcentral-L,350,vss_iss,1.263417154035823
Postcentral-L,350.8333,iss_bs,-0.6544750936204778
Postcentral-L,350.8333,vss_bs,0.6101119010535632
Postcentral-L,350.8333,vss_iss,1.2645869946740411
Postcentral-L,351.6667,iss_bs,-0.6461816462815717
Postcentral-L,351.6667,vss_bs,0.6191275852814099
Postcentral-L,351.6667,vss_iss,1.2653092315629815
Postcentral-L,352.5,iss_bs,-0.6377989700950139
Postcentral-L,352.5,vss_bs,0.6279347603275796
Postcentral-L,352.5,vss_iss,1.2657337304225933
Postcentral-L,353.3333,iss_bs,-0.6293918863778725
Postcentral-L,353.3333,vss_bs,0.6366286589846103
Postcentral-L,353.3333,vss_iss,1.2660205453624827
Postcentral-L,354.1667,iss_bs,-0.621019410342065
Postcentral-L,354.1667,vss_bs,0.6453172112946521
Postcentral-L,354.1667,vss_iss,1.2663366216367171
Postcentral-L,355,iss_bs,-0.6127331338200976
Postcentral-L,355,vss_bs,0.6541191527740223
Postcentral-L,355,vss_iss,1.26685228659412
Postcentral-L,355.8333,iss_bs,-0.6045758038818732
Postcentral-L,355.8333,vss_bs,0.6631617898961911
Postcentral-L,355.8333,vss_iss,1.2677375937780644
Postcentral-L,356.6667,iss_bs,-0.5965801352524238
Postcentral-L,356.6667,vss_bs,0.6725784544777778
Postcentral-L,356.6667,vss_iss,1.2691585897302016
Postcentral-L,357.5,iss_bs,-0.5887678890611191
Postcentral-L,357.5,vss_bs,0.6825056872402344
Postcentral-L,357.5,vss_iss,1.2712735763013534
Postcentral-L,358.3333,iss_bs,-0.5811492442470756
Postcentral-L,358.3333,vss_bs,0.6930801988221672
Postcentral-L,358.3333,vss_iss,1.2742294430692427
Postcentral-L,359.1667,iss_bs,-0.5737224810546812
Postcentral-L,359.1667,vss_bs,0.7044356636812328
Postcentral-L,359.1667,vss_iss,1.2781581447359138
Postcentral-L,360,iss_bs,-0.5664739886363868
Postcentral-L,360,vss_bs,0.7166994084537253
Postcentral-L,360,vss_iss,1.283173397090112
Postcentral-L,360.8333,iss_bs,-0.5593786010092188
Postcentral-L,360.8333,vss_bs,0.7299890612576384
Postcentral-L,360.8333,vss_iss,1.2893676622668573
Postcentral-L,361.6667,iss_bs,-0.552400257669055
Postcentral-L,361.6667,vss_bs,0.7444092319797523
Postcentral-L,361.6667,vss_iss,1.2968094896488072
Postcentral-L,362.5,iss_bs,-0.545492977239369
Postcentral-L,362.5,vss_bs,0.7600482956569782
Postcentral-L,362.5,vss_iss,1.3055412728963471
Postcentral-L,363.3333,iss_bs,-0.5386021248071567
Postcentral-L,363.3333,vss_bs,0.7769753515570222
Postcentral-L,363.3333,vss_iss,1.315577476364179
Postcentral-L,364.1667,iss_bs,-0.5316659462623263
Postcentral-L,364.1667,vss_bs,0.7952374294292154
Postcentral-L,364.1667,vss_iss,1.3269033756915416
Postcentral-L,365,iss_bs,-0.524617336184266
Postcentral-L,365,vss_bs,0.8148570116162371
Postcentral-L,365,vss_iss,1.3394743478005031
Postcentral-L,365.83329999999995,iss_bs,-0.5173857997749832
Postcentral-L,365.83329999999995,vss_bs,0.835829935312702
Postcentral-L,365.83329999999995,vss_iss,1.3532157350876852
Postcentral-L,366.6667,iss_bs,-0.5098995641698718
Postcentral-L,366.6667,vss_bs,0.8581237332873495
Postcentral-L,366.6667,vss_iss,1.3680232974572213
Postcentral-L,367.5,iss_bs,-0.502087790293128
Postcentral-L,367.5,vss_bs,0.8816764639496195
Postcentral-L,367.5,vss_iss,1.3837642542427475
Postcentral-L,368.33329999999995,iss_bs,-0.4938828333704461
Postcentral-L,368.33329999999995,vss_bs,0.9063960728723719
Postcentral-L,368.33329999999995,vss_iss,1.4002789062428178
Postcentral-L,369.1667,iss_bs,-0.48522249834665626
Postcentral-L,369.1667,vss_bs,0.9321603179481374
Postcentral-L,369.1667,vss_iss,1.4173828162947937
Postcentral-L,370,iss_bs,-0.47605223583264156
Postcentral-L,370,vss_bs,0.9588172794540258
Postcentral-L,370,vss_iss,1.4348695152866673
Postcentral-L,370.83329999999995,iss_bs,-0.4663272248478293
Postcentral-L,370.83329999999995,vss_bs,0.9861864646537013
Postcentral-L,370.83329999999995,vss_iss,1.4525136895015307
Postcentral-L,371.6667,iss_bs,-0.45601429052551645
Postcentral-L,371.6667,vss_bs,1.014060504418968
Postcentral-L,371.6667,vss_iss,1.4700747949444843
Postcentral-L,372.5,iss_bs,-0.44509360807247744
Postcentral-L,372.5,vss_bs,1.042207426968555
Postcentral-L,372.5,vss_iss,1.4873010350410325
Postcentral-L,373.33329999999995,iss_bs,-0.4335601485575646
Postcentral-L,373.33329999999995,vss_bs,1.0703734814689676
Postcentral-L,373.33329999999995,vss_iss,1.5039336300265322
Postcentral-L,374.1667,iss_bs,-0.42142482745396687
Postcentral-L,374.1667,vss_bs,1.098286472195857
Postcentral-L,374.1667,vss_iss,1.5197112996498237
Postcentral-L,375,iss_bs,-0.4087153231594223
Postcentral-L,375,vss_bs,1.1256595524869277
Postcentral-L,375,vss_iss,1.53437487564635
Postcentral-L,375.8333,iss_bs,-0.39547653982781544
Postcentral-L,375.8333,vss_bs,1.1521954170921165
Postcentral-L,375.8333,vss_iss,1.547671956919932
Postcentral-L,376.66670000000005,iss_bs,-0.3817706966046972
Postcentral-L,376.66670000000005,vss_bs,1.1775908219926086
Postcentral-L,376.66670000000005,vss_iss,1.5593615185973058
Postcentral-L,377.5,iss_bs,-0.3676770335928827
Postcentral-L,377.5,vss_bs,1.2015413525449399
Postcentral-L,377.5,vss_iss,1.5692183861378226
Postcentral-L,378.3333,iss_bs,-0.3532911333954945
Postcentral-L,378.3333,vss_bs,1.2237463541115687
Postcentral-L,378.3333,vss_iss,1.5770374875070632
Postcentral-L,379.16670000000005,iss_bs,-0.33872386569776297
Postcentral-L,379.16670000000005,vss_bs,1.2439139343355616
Postcentral-L,379.16670000000005,vss_iss,1.5826378000333245
Postcentral-L,380,iss_bs,-0.3240999708583684
Postcentral-L,380,vss_bs,1.2617659430390813
Postcentral-L,380,vss_iss,1.5858659138974498
Postcentral-L,380.8333,iss_bs,-0.3095563066904274
Postcentral-L,380.8333,vss_bs,1.2770428344694955
Postcentral-L,380.8333,vss_iss,1.586599141159923
Postcentral-L,381.66670000000005,iss_bs,-0.2952397903320068
Postcentral-L,381.66670000000005,vss_bs,1.289508317337325
Postcentral-L,381.66670000000005,vss_iss,1.5847481076693317
Postcentral-L,382.5,iss_bs,-0.2813050741577877
Postcentral-L,382.5,vss_bs,1.2989537007983023
Postcentral-L,382.5,vss_iss,1.58025877495609
Postcentral-L,383.3333,iss_bs,-0.26791200090374373
Postcentral-L,383.3333,vss_bs,1.3052018491944044
Postcentral-L,383.3333,vss_iss,1.573113850098148
Postcentral-L,384.16670000000005,iss_bs,-0.25522288842071755
Postcentral-L,384.16670000000005,vss_bs,1.308110664909575
Postcentral-L,384.16670000000005,vss_iss,1.5633335533302926
Postcentral-L,385,iss_bs,-0.24339969861819546
Postcentral-L,385,vss_bs,1.3075760269956591
Postcentral-L,385,vss_iss,1.5509757256138546
Postcentral-L,385.8333,iss_bs,-0.23260114810909774
Postcentral-L,385.8333,vss_bs,1.3035341231241113
Postcentral-L,385.8333,vss_iss,1.536135271233209
Postcentral-L,386.6667,iss_bs,-0.22297981975035028
Postcentral-L,386.6667,vss_bs,1.29596312372294
Postcentral-L,386.6667,vss_iss,1.5189429434732904
Postcentral-L,387.5,iss_bs,-0.2146793346516832
Postcentral-L,387.5,vss_bs,1.2848841596375078
Postcentral-L,387.5,vss_iss,1.499563494289191
Postcentral-L,388.3333,iss_bs,-0.20783164328578338
Postcentral-L,388.3333,vss_bs,1.2703615780514077
Postcentral-L,388.3333,vss_iss,1.478193221337191
Postcentral-L,389.1667,iss_bs,-0.20255449209677748
Postcentral-L,389.1667,vss_bs,1.2525024654403851
Postcentral-L,389.1667,vss_iss,1.4550569575371626
Postcentral-L,390,iss_bs,-0.1989491185200801
Postcentral-L,390,vss_bs,1.2314554407129832
Postcentral-L,390,vss_iss,1.4304045592330632
Postcentral-L,390.8333,iss_bs,-0.19709822267407534
Postcentral-L,390.8333,vss_bs,1.207408736110663
Postcentral-L,390.8333,vss_iss,1.404506958784738
Postcentral-L,391.6667,iss_bs,-0.19706425826733262
Postcentral-L,391.6667,vss_bs,1.1805875975897258
Postcentral-L,391.6667,vss_iss,1.3776518558570583
Postcentral-L,392.5,iss_bs,-0.19888807861443603
Postcentral-L,392.5,vss_bs,1.1512510499829054
Postcentral-L,392.5,vss_iss,1.3501391285973414
Postcentral-L,393.3333,iss_bs,-0.20258796621952613
Postcentral-L,393.3333,vss_bs,1.1196880849464308
Postcentral-L,393.3333,vss_iss,1.322276051165957
Postcentral-L,394.1667,iss_bs,-0.20815906633843279
Postcentral-L,394.1667,vss_bs,1.086213341262666
Postcentral-L,394.1667,vss_iss,1.2943724076010987
Postcentral-L,395,iss_bs,-0.2155732364500908
Postcentral-L,395,vss_bs,1.051162357236488
Postcentral-L,395,vss_iss,1.266735593686579
Postcentral-L,395.8333,iss_bs,-0.2247793148481715
Postcentral-L,395.8333,vss_bs,1.0148864834722722
Postcentral-L,395.8333,vss_iss,1.2396657983204435
Postcentral-L,396.6667,iss_bs,-0.23570380280131373
Postcentral-L,396.6667,vss_bs,0.9777475510594685
Postcentral-L,396.6667,vss_iss,1.2134513538607823
Postcentral-L,397.5,iss_bs,-0.24825194612266444
Postcentral-L,397.5,vss_bs,0.9401123949786077
Postcentral-L,397.5,vss_iss,1.188364341101272
Postcentral-L,398.3333,iss_bs,-0.2623091937297119
Postcentral-L,398.3333,vss_bs,0.9023473352591687
Postcentral-L,398.3333,vss_iss,1.1646565289888806
Postcentral-L,399.1667,iss_bs,-0.27774300304800137
Postcentral-L,399.1667,vss_bs,0.8648127190142605
Postcentral-L,399.1667,vss_iss,1.142555722062262
Postcentral-L,400,iss_bs,-0.2944049550885773
Postcentral-L,400,vss_bs,0.8278576249289085
Postcentral-L,400,vss_iss,1.1222625800174857
Postcentral-L,400.8333,iss_bs,-0.31213313586322916
Postcentral-L,400.8333,vss_bs,0.7918148281206548
Postcentral-L,400.8333,vss_iss,1.103947963983884
Postcentral-L,401.6667,iss_bs,-0.3307547356272905
Postcentral-L,401.6667,vss_bs,0.756996117601374
Postcentral-L,401.6667,vss_iss,1.0877508532286646
Postcentral-L,402.5,iss_bs,-0.3500888133669923
Postcentral-L,402.5,vss_bs,0.7236880509704806
Postcentral-L,402.5,vss_iss,1.073776864337473
Postcentral-L,403.3333,iss_bs,-0.369949171060742
Postcentral-L,403.3333,vss_bs,0.6921482216275109
Postcentral-L,403.3333,vss_iss,1.0620973926882529
Postcentral-L,404.1667,iss_bs,-0.39014728059726866
Postcentral-L,404.1667,vss_bs,0.6626021029098103
Postcentral-L,404.1667,vss_iss,1.052749383507079
Postcentral-L,405,iss_bs,-0.4104952058545511
Postcentral-L,405,vss_bs,0.6352405213767987
Postcentral-L,405,vss_iss,1.0457357272313499
Postcentral-L,405.8333,iss_bs,-0.4308084633289707
Postcentral-L,405.8333,vss_bs,0.6102177982423307
Postcentral-L,405.8333,vss_iss,1.0410262615713015
Postcentral-L,406.6667,iss_bs,-0.450908766821598
Postcentral-L,406.6667,vss_bs,0.5876505839904386
Postcentral-L,406.6667,vss_iss,1.0385593508120365
Postcentral-L,407.5,iss_bs,-0.47062660497678616
Postcentral-L,407.5,vss_bs,0.567617396802598
Postcentral-L,407.5,vss_iss,1.0382440017793841
Postcentral-L,408.3333,iss_bs,-0.48980360483961927
Postcentral-L,408.3333,vss_bs,0.5501588608919161
Postcentral-L,408.3333,vss_iss,1.0399624657315354
Postcentral-L,409.1667,iss_bs,-0.5082946399404983
Postcentral-L,409.1667,vss_bs,0.535278626498032
Postcentral-L,409.1667,vss_iss,1.0435732664385304
Postcentral-L,410,iss_bs,-0.5259696475931055
Postcentral-L,410,vss_bs,0.5229449394591841
Postcentral-L,410,vss_iss,1.0489145870522896
Postcentral-L,410.8333,iss_bs,-0.5427151269535501
Postcentral-L,410.8333,vss_bs,0.5130928152445727
Postcentral-L,410.8333,vss_iss,1.0558079421981228
Postcentral-L,411.6667,iss_bs,-0.5584352967660904
Postcentral-L,411.6667,vss_bs,0.505626760383342
Postcentral-L,411.6667,vss_iss,1.0640620571494324
Postcentral-L,412.5,iss_bs,-0.5730528994369825
Postcentral-L,412.5,vss_bs,0.5004239736225884
Postcentral-L,412.5,vss_iss,1.073476873059571
Postcentral-L,413.3333,iss_bs,-0.5865096459484049
Postcentral-L,413.3333,vss_bs,0.49733795011188003
Postcentral-L,413.3333,vss_iss,1.083847596060285
Postcentral-L,414.1667,iss_bs,-0.5987663039637037
Postcentral-L,414.1667,vss_bs,0.49620240463585635
Postcentral-L,414.1667,vss_iss,1.09496870859956
Postcentral-L,415,iss_bs,-0.6098024391002601
Postcentral-L,415,vss_bs,0.49683542454941054
Postcentral-L,415,vss_iss,1.1066378636496708
Postcentral-L,415.8333,iss_bs,-0.6196158265817514
Postcentral-L,415.8333,vss_bs,0.49904375971799614
Postcentral-L,415.8333,vss_iss,1.1186595862997475
Postcentral-L,416.6667,iss_bs,-0.628221557163031
Postcentral-L,416.6667,vss_bs,0.5026271554893387
Postcentral-L,416.6667,vss_iss,1.1308487126523699
Postcentral-L,417.5,iss_bs,-0.6356508671995287
Postcentral-L,417.5,vss_bs,0.5073826355354426
Postcentral-L,417.5,vss_iss,1.1430335027349714
Postcentral-L,418.3333,iss_bs,-0.6419497278788237
Postcentral-L,418.3333,vss_bs,0.5131086442713687
Postcentral-L,418.3333,vss_iss,1.1550583721501924
Postcentral-L,419.1667,iss_bs,-0.6471772328366419
Postcentral-L,419.1667,vss_bs,0.5196089633992691
Postcentral-L,419.1667,vss_iss,1.166786196235911
Postcentral-L,420,iss_bs,-0.6514038265590371
Postcentral-L,420,vss_bs,0.5266963238176654
Postcentral-L,420,vss_iss,1.1781001503767023
Postcentral-L,420.8333,iss_bs,-0.6547094180690426
Postcentral-L,420.8333,vss_bs,0.5341956425105893
Postcentral-L,420.8333,vss_iss,1.1889050605796319
Postcentral-L,421.6667,iss_bs,-0.6571814253792255
Postcentral-L,421.6667,vss_bs,0.5419468238846866
Postcentral-L,421.6667,vss_iss,1.1991282492639121
Postcentral-L,422.5,iss_bs,-0.6589127960586679
Postcentral-L,422.5,vss_bs,0.5498070761183139
Postcentral-L,422.5,vss_iss,1.2087198721769818
Postcentral-L,423.3333,iss_bs,-0.660000048038928
Postcentral-L,423.3333,vss_bs,0.55765270516060506
Postcentral-L,423.3333,vss_iss,1.217652753199533
Postcentral-L,424.1667,iss_bs,-0.660541372520335
Postcentral-L,424.1667,vss_bs,0.5653803617857757
Postcentral-L,424.1667,vss_iss,1.2259217343061106
Postcentral-L,425,iss_bs,-0.6606348376145758
Postcentral-L,425,vss_bs,0.572907730268913
Postcentral-L,425,vss_iss,1.2335425678834886
Postcentral-L,425.8333,iss_bs,-0.6603767272721038
Postcentral-L,425.8333,vss_bs,0.5801736604973671
Postcentral-L,425.8333,vss_iss,1.2405503877694708
Postcentral-L,426.6667,iss_bs,-0.6598600452139455
Postcentral-L,426.6667,vss_bs,0.5871377583595245
Postcentral-L,426.6667,vss_iss,1.2469978035734701
Postcentral-L,427.5,iss_bs,-0.659173208154567
Postcentral-L,427.5,vss_bs,0.5937794617599226
Postcentral-L,427.5,vss_iss,1.2529526699144897
Postcentral-L,428.33329999999995,iss_bs,-0.6583989467170838
Postcentral-L,428.33329999999995,vss_bs,0.6000966413096529
Postcentral-L,428.33329999999995,vss_iss,1.2584955880267366
Postcentral-L,429.1667,iss_bs,-0.6576134262644808
Postcentral-L,429.1667,vss_bs,0.6061037753680892
Postcentral-L,429.1667,vss_iss,1.26371720163257
Postcentral-L,430,iss_bs,-0.6568855935674863
Postcentral-L,430,vss_bs,0.6118297584261384
Postcentral-L,430,vss_iss,1.2687153519936247
Postcentral-L,430.83329999999995,iss_bs,-0.6562767489678482
Postcentral-L,430.83329999999995,vss_bs,0.6173154096153165
Postcentral-L,430.83329999999995,vss_iss,1.2735921585831647
Postcentral-L,431.6667,iss_bs,-0.6558403376397373
Postcentral-L,431.6667,vss_bs,0.6226107542299884
Postcentral-L,431.6667,vss_iss,1.2784510918697256
Postcentral-L,432.5,iss_bs,-0.6556219478579357
Postcentral-L,432.5,vss_bs,0.6277721554320721
Postcentral-L,432.5,vss_iss,1.2833941032900078
Postcentral-L,433.33329999999995,iss_bs,-0.6556594989952831
Postcentral-L,433.33329999999995,vss_bs,0.6328593756817248
Postcentral-L,433.33329999999995,vss_iss,1.288518874677008
Postcentral-L,434.1667,iss_bs,-0.6559835974231962
Postcentral-L,434.1667,vss_bs,0.6379326478628825
Postcentral-L,434.1667,vss_iss,1.2939162452860788
Postcentral-L,435,iss_bs,-0.6566180346904718
Postcentral-L,435,vss_bs,0.6430498345540387
Postcentral-L,435,vss_iss,1.2996678692445105
Postcentral-L,435.83329999999995,iss_bs,-0.6575803993975123
Postcentral-L,435.83329999999995,vss_bs,0.6482637504832226
Postcentral-L,435.83329999999995,vss_iss,1.305844149880735
Postcentral-L,436.6667,iss_bs,-0.6588827721332358
Postcentral-L,436.6667,vss_bs,0.653619717997559
Postcentral-L,436.6667,vss_iss,1.312502490130795
Postcentral-L,437.5,iss_bs,-0.6605324717425579
Postcentral-L,437.5,vss_bs,0.6591534185094953
Postcentral-L,437.5,vss_iss,1.3196858902520532
Postcentral-L,438.3333,iss_bs,-0.6625328210603544
Postcentral-L,438.3333,vss_bs,0.6648890945305838
Postcentral-L,438.3333,vss_iss,1.3274219155909381
Postcentral-L,439.16670000000005,iss_bs,-0.6648839010729527
Postcentral-L,439.16670000000005,vss_bs,0.6708381472804061
Postcentral-L,439.16670000000005,vss_iss,1.335722048353359
Postcentral-L,440,iss_bs,-0.6675832642153069
Postcentral-L,440,vss_bs,0.6769981642033539
Postcentral-L,440,vss_iss,1.3445814284186608
Postcentral-L,440.8333,iss_bs,-0.6706265801200622
Postcentral-L,440.8333,vss_bs,0.6833523993033555
Postcentral-L,440.8333,vss_iss,1.3539789794234174
Postcentral-L,441.66670000000005,iss_bs,-0.6740081905205305
Postcentral-L,441.66670000000005,vss_bs,0.6898697172975967
Postcentral-L,441.66670000000005,vss_iss,1.3638779078181271
Postcentral-L,442.5,iss_bs,-0.6777215540679712
Postcentral-L,442.5,vss_bs,0.6965050004864468
Postcentral-L,442.5,vss_iss,1.3742265545544181
Postcentral-L,443.3333,iss_bs,-0.6817595664323268
Postcentral-L,443.3333,vss_bs,0.7032000052335029
Postcentral-L,443.3333,vss_iss,1.3849595716658296
Postcentral-L,444.16670000000005,iss_bs,-0.6861147460769832
Postcentral-L,444.16670000000005,vss_bs,0.7098846433386456
Postcentral-L,444.16670000000005,vss_iss,1.3959993894156288
Postcentral-L,445,iss_bs,-0.6907792813837994
Postcentral-L,445,vss_bs,0.7164786526495532
Postcentral-L,445,vss_iss,1.4072579340333526
Postcentral-L,445.8333,iss_bs,-0.69574494019881306
Postcentral-L,445.8333,vss_bs,0.7228936112575058
Postcentral-L,445.8333,vss_iss,1.418638551456319
Postcentral-L,446.66670000000005,iss_bs,-0.7010028482133664
Postcentral-L,446.66670000000005,vss_bs,0.7290352408023805
Postcentral-L,446.66670000000005,vss_iss,1.430038089015747
Postcentral-L,447.5,iss_bs,-0.7065431477323316
Postcentral-L,447.5,vss_bs,0.7348059369809866
Postcentral-L,447.5,vss_iss,1.4413490847133181
Postcentral-L,448.3333,iss_bs,-0.7123545531590589
Postcentral-L,448.3333,vss_bs,0.7401074594903255
Postcentral-L,448.3333,vss_iss,1.4524620126493843
Postcentral-L,449.1667,iss_bs,-0.7184238238034688
Postcentral-L,449.1667,vss_bs,0.7448437094819202
Postcentral-L,449.1667,vss_iss,1.463267533285389
Postcentral-L,450,iss_bs,-0.7247351782666341
Postcentral-L,450,vss_bs,0.7489235202531684
Postcentral-L,450,vss_iss,1.4736586985198026
Postcentral-L,450.8333,iss_bs,-0.7312696775602816
Postcentral-L,450.8333,vss_bs,0.7522633864106082
Postcentral-L,450.8333,vss_iss,1.48353306397089
Postcentral-L,451.6667,iss_bs,-0.7380046061915455
Postcentral-L,451.6667,vss_bs,0.754790058116969
Postcentral-L,451.6667,vss_iss,1.4927946643085144
Postcentral-L,452.5,iss_bs,-0.7449128816123096
Postcentral-L,452.5,vss_bs,0.7564429302428187
Postcentral-L,452.5,vss_iss,1.5013558118551282
Postcentral-L,453.3333,iss_bs,-0.7519625226543434
Postcentral-L,453.3333,vss_bs,0.7571761612039575
Postcentral-L,453.3333,vss_iss,1.5091386838583007
Postcentral-L,454.1667,iss_bs,-0.7591162068270663
Postcentral-L,454.1667,vss_bs,0.7569604628547383
Postcentral-L,454.1667,vss_iss,1.5160766696818047
Postcentral-L,455,iss_bs,-0.7663309446522828
Postcentral-L,455,vss_bs,0.7557845108631657
Postcentral-L,455,vss_iss,1.5221154555154484
Postcentral-L,455.8333,iss_bs,-0.7735578965834791
Postcentral-L,455.8333,vss_bs,0.753655934318694
Postcentral-L,455.8333,vss_iss,1.527213830902173
Postcentral-L,456.6667,iss_bs,-0.780742354566933
Postcentral-L,456.6667,vss_bs,0.7506018536899515
Postcentral-L,456.6667,vss_iss,1.5313442082568844
Postcentral-L,457.5,iss_bs,-0.7878239060320866
Postcentral-L,457.5,vss_bs,0.746668947404396
Postcentral-L,457.5,vss_iss,1.5344928534364828
Postcentral-L,458.3333,iss_bs,-0.7947367931566075
Postcentral-L,458.3333,vss_bs,0.7419230389928558
Postcentral-L,458.3333,vss_iss,1.5366598321494633
Postcentral-L,459.1667,iss_bs,-0.801410474764148
Postcentral-L,459.1667,vss_bs,0.7364482086447738
Postcentral-L,459.1667,vss_iss,1.5378586834089216
Postcentral-L,460,iss_bs,-0.8077703923230689
Postcentral-L,460,vss_bs,0.7303454448646035
Postcentral-L,460,vss_iss,1.5381158371876724
Postcentral-L,460.8333,iss_bs,-0.8137389353790686
Postcentral-L,460.8333,vss_bs,0.7237308634173757
Postcentral-L,460.8333,vss_iss,1.5374697987964443
Postcentral-L,461.6667,iss_bs,-0.8192365955388725
Postcentral-L,461.6667,vss_bs,0.7167335316216429
Postcentral-L,461.6667,vss_iss,1.5359701271605153
Postcentral-L,462.5,iss_bs,-0.8241832919961056
Postcentral-L,462.5,vss_bs,0.7094929460255104
Postcentral-L,462.5,vss_iss,1.533676238021616
Postcentral-L,463.3333,iss_bs,-0.828499845724712
Postcentral-L,463.3333,vss_bs,0.7021562203418896
Postcentral-L,463.3333,vss_iss,1.5306560660666015
Postcentral-L,464.1667,iss_bs,-0.8321095740260064
Postcentral-L,464.1667,vss_bs,0.6948750480063743
Postcentral-L,464.1667,vss_iss,1.5269846220323806
Postcentral-L,465,iss_bs,-0.8349399722607054
Postcentral-L,465,vss_bs,0.6878025096702797
Postcentral-L,465,vss_iss,1.522742481930985
Postcentral-L,465.8333,iss_bs,-0.8369244454719634
Postcentral-L,465.8333,vss_bs,0.6810898002057316
Postcentral-L,465.8333,vss_iss,1.518014245677695
Postcentral-L,466.6667,iss_bs,-0.8380040493382884
Postcentral-L,466.6667,vss_bs,0.6748829522718537
Postcentral-L,466.6667,vss_iss,1.5128870016101421
Postcentral-L,467.5,iss_bs,-0.8381291975941922
Postcentral-L,467.5,vss_bs,0.6693196341077499
Postcentral-L,467.5,vss_iss,1.507448831701942
Postcentral-L,468.3333,iss_bs,-0.8372612918069062
Postcentral-L,468.3333,vss_bs,0.6645260979593985
Postcentral-L,468.3333,vss_iss,1.5017873897663048
Postcentral-L,469.1667,iss_bs,-0.8353742292583927
Postcentral-L,469.1667,vss_bs,0.660614352440266
Postcentral-L,469.1667,vss_iss,1.4959885816986587
Postcentral-L,470,iss_bs,-0.8324557456852563
Postcentral-L,470,vss_bs,0.6576796272391865
Postcentral-L,470,vss_iss,1.4901353729244426
Postcentral-L,470.8333,iss_bs,-0.8285085517774194
Postcentral-L,470.8333,vss_bs,0.6557981920377436
Postcentral-L,470.8333,vss_iss,1.4843067438151631
Postcentral-L,471.6667,iss_bs,-0.8235512256036354
Postcentral-L,471.6667,vss_bs,0.655025583435847
Postcentral-L,471.6667,vss_iss,1.4785768090394824
Postcentral-L,472.5,iss_bs,-0.8176188274621685
Postcentral-L,472.5,vss_bs,0.6553952842989879
Postcentral-L,472.5,vss_iss,1.4730141117611564
Postcentral-L,473.3333,iss_bs,-0.8107632089653185
Postcentral-L,473.3333,vss_bs,0.6569178894552725
Postcentral-L,473.3333,vss_iss,1.467681098420591
Postcentral-L,474.1667,iss_bs,-0.8030529943467262
Postcentral-L,474.1667,vss_bs,0.659580780333899
Postcentral-L,474.1667,vss_iss,1.462633774680625
Postcentral-L,475,iss_bs,-0.7945732188973302
Postcentral-L,475,vss_bs,0.6633483192185239
Postcentral-L,475,vss_iss,1.4579215381158541
Postcentral-L,475.8333,iss_bs,-0.7854246169348081
Postcentral-L,475.8333,vss_bs,0.6681625615729435
Postcentral-L,475.8333,vss_iss,1.4535871785077517
Postcentral-L,476.6667,iss_bs,-0.7757225596203853
Postcentral-L,476.6667,vss_bs,0.6739444726743838
Postcentral-L,476.6667,vss_iss,1.4496670322947691
Postcentral-L,477.5,iss_bs,-0.7655956510713487
Postcentral-L,477.5,vss_bs,0.680595622853213
Postcentral-L,477.5,vss_iss,1.4461912739245617
Postcentral-L,478.3333,iss_bs,-0.7551839993830959
Postcentral-L,478.3333,vss_bs,0.6880003242732611
Postcentral-L,478.3333,vss_iss,1.443184323656357
Postcentral-L,479.1667,iss_bs,-0.7446371871734841
Postcentral-L,479.1667,vss_bs,0.6960281616664851
Postcentral-L,479.1667,vss_iss,1.4406653488399692
Postcentral-L,480,iss_bs,-0.7341119738968914
Postcentral-L,480,vss_bs,0.7045368600123869
Postcentral-L,480,vss_iss,1.4386488339092782
Postcentral-L,480.8333,iss_bs,-0.7237697692540063
Postcentral-L,480.8333,vss_bs,0.7133754240536648
Postcentral-L,480.8333,vss_iss,1.437145193307671
Postcentral-L,481.6667,iss_bs,-0.7137739233647427
Postcentral-L,481.6667,vss_bs,0.7223874779604826
Postcentral-L,481.6667,vss_iss,1.4361614013252253
Postcentral-L,482.5,iss_bs,-0.7042868848085799
Postcentral-L,482.5,vss_bs,0.7314147285569266
Postcentral-L,482.5,vss_iss,1.4357016133655065
Postcentral-L,483.3333,iss_bs,-0.6954672820225212
Postcentral-L,483.3333,vss_bs,0.7403004724242902
Postcentral-L,483.3333,vss_iss,1.4357677544468113
Postcentral-L,484.1667,iss_bs,-0.687466986756572
Postcentral-L,484.1667,vss_bs,0.7488930659742716
Postcentral-L,484.1667,vss_iss,1.4363600527308438
Postcentral-L,485,iss_bs,-0.6804282202226716
Postcentral-L,485,vss_bs,0.7570492782739114
Postcentral-L,485,vss_iss,1.437477498496583
Postcentral-L,485.8333,iss_bs,-0.6744807631660596
Postcentral-L,485.8333,vss_bs,0.764637448989961
Postcentral-L,485.8333,vss_iss,1.4391182121560206
Postcentral-L,486.6667,iss_bs,-0.6697393303003362
Postcentral-L,486.6667,vss_bs,0.7715403782456941
Postcentral-L,486.6667,vss_iss,1.4412797085460303
Postcentral-L,487.5,iss_bs,-0.6663011673731987
Postcentral-L,487.5,vss_bs,0.7776578813459195
Postcentral-L,487.5,vss_iss,1.443959048719118
Postcentral-L,488.3333,iss_bs,-0.6642439255964845
Postcentral-L,488.3333,vss_bs,0.7829089490826456
Postcentral-L,488.3333,vss_iss,1.4471528746791302
Postcentral-L,489.1667,iss_bs,-0.6636238633412483
Postcentral-L,489.1667,vss_bs,0.787233463503088
Postcentral-L,489.1667,vss_iss,1.4508573268443363
Postcentral-L,490,iss_bs,-0.6644744189577306
Postcentral-L,490,vss_bs,0.790593429387762
Postcentral-L,490,vss_iss,1.4550678483454926
Postcentral-L,490.83329999999995,iss_bs,-0.6668051914520687
Postcentral-L,490.83329999999995,vss_bs,0.7929736930052758
Postcentral-L,490.83329999999995,vss_iss,1.4597788844573445
Postcentral-L,491.6667,iss_bs,-0.6706013576845872
Postcentral-L,491.6667,vss_bs,0.7943821317146331
Postcentral-L,491.6667,vss_iss,1.4649834893992204
Postcentral-L,492.5,iss_bs,-0.6758235459203399
Postcentral-L,492.5,vss_bs,0.7948493103916363
Postcentral-L,492.5,vss_iss,1.4706728563119762
Postcentral-L,493.33329999999995,iss_bs,-0.6824081761532522
Postcentral-L,493.33329999999995,vss_bs,0.7944276131692393
Postcentral-L,493.33329999999995,vss_iss,1.4768357893224915
Postcentral-L,494.1667,iss_bs,-0.6902682678481596
Postcentral-L,494.1667,vss_bs,0.7931898713058927
Postcentral-L,494.1667,vss_iss,1.4834581391540524
Postcentral-L,495,iss_bs,-0.6992947058187217
Postcentral-L,495,vss_bs,0.7912275198381584
Postcentral-L,495,vss_iss,1.4905222256568802
Postcentral-L,495.83329999999995,iss_bs,-0.7093579451076474
Postcentral-L,495.83329999999995,vss_bs,0.7886483267526301
Postcentral-L,495.83329999999995,vss_iss,1.4980062718602773
Postcentral-L,496.6667,iss_bs,-0.720310126183776
Postcentral-L,496.6667,vss_bs,0.7855737484637216
Postcentral-L,496.6667,vss_iss,1.5058838746474976
Postcentral-L,497.5,iss_bs,-0.7319875627379978
Postcentral-L,497.5,vss_bs,0.7821359741685757
Postcentral-L,497.5,vss_iss,1.5141235369065735
Postcentral-L,498.33329999999995,iss_bs,-0.744213556056975
Postcentral-L,498.33329999999995,vss_bs,0.7784747289581733
Postcentral-L,498.33329999999995,vss_iss,1.5226882850151482
Postcentral-L,499.1667,iss_bs,-0.7568014825747544
Postcentral-L,499.1667,vss_bs,0.7747339112201843
Postcentral-L,499.1667,vss_iss,1.5315353937949387
Postcentral-L,500,iss_bs,-0.7695580949230567
Postcentral-L,500,vss_bs,0.7710581437379885
Postcentral-L,500,vss_iss,1.5406162386610454
Postcentral-L,500.8333,iss_bs,-0.7822869717724172
Postcentral-L,500.8333,vss_bs,0.7675893198783724
Postcentral-L,500.8333,vss_iss,1.5498762916507898
Postcentral-L,501.66670000000005,iss_bs,-0.7947920481018174
Postcentral-L,501.66670000000005,vss_bs,0.7644632263190175
Postcentral-L,501.66670000000005,vss_iss,1.5592552744208348
Postcentral-L,502.49999999999994,iss_bs,-0.8068811553469384
Postcentral-L,502.49999999999994,vss_bs,0.7618063218927972
Postcentral-L,502.49999999999994,vss_iss,1.5686874772397355
Postcentral-L,503.3333,iss_bs,-0.8183695002159277
Postcentral-L,503.3333,vss_bs,0.7597327483625825
Postcentral-L,503.3333,vss_iss,1.5781022485785103
Postcentral-L,504.1667,iss_bs,-0.829083011851753
Postcentral-L,504.1667,vss_bs,0.7583416433756197
Postcentral-L,504.1667,vss_iss,1.5874246552273727
Postcentral-L,505,iss_bs,-0.8388614894506242
Postcentral-L,505,vss_bs,0.757714818611715
Postcentral-L,505,vss_iss,1.5965763080623392
Postcentral-L,505.83330000000007,iss_bs,-0.8475614863708624
Postcentral-L,505.83330000000007,vss_bs,0.7579148574057092
Postcentral-L,505.83330000000007,vss_iss,1.6054763437765716
Postcentral-L,506.66670000000005,iss_bs,-0.8550588721046943
Postcentral-L,506.66670000000005,vss_bs,0.7589836760986972
Postcentral-L,506.66670000000005,vss_iss,1.6140425482033915
Postcentral-L,507.49999999999994,iss_bs,-0.8612510201233845
Postcentral-L,507.49999999999994,vss_bs,0.7609415822924136
Postcentral-L,507.49999999999994,vss_iss,1.6221926024157982
Postcentral-L,508.3333,iss_bs,-0.866058577399703
Postcentral-L,508.3333,vss_bs,0.7637868513102961
Postcentral-L,508.3333,vss_iss,1.6298454287099993
Postcentral-L,509.1667,iss_bs,-0.8694267801897181
Postcentral-L,509.1667,vss_bs,0.7674958297897158
Postcentral-L,509.1667,vss_iss,1.6369226099794338
Postcentral-L,510,iss_bs,-0.8713262902240947
Postcentral-L,510,vss_bs,0.7720235627374346
Postcentral-L,510,vss_iss,1.6433498529615294
Postcentral-L,510.83330000000007,iss_bs,-0.8717535356040141
Postcentral-L,510.83330000000007,vss_bs,0.7773049278751848
Postcentral-L,510.83330000000007,vss_iss,1.649058463479199
Postcentral-L,511.66670000000005,iss_bs,-0.8707305511916423
Postcentral-L,511.66670000000005,vss_bs,0.7832562489828966
Postcentral-L,511.66670000000005,vss_iss,1.653986800174539
Postcentral-L,512.5,iss_bs,-0.8683043238940129
Postcentral-L,512.5,vss_bs,0.7897773485034315
Postcentral-L,512.5,vss_iss,1.6580816723974443
Postcentral-L,513.3333,iss_bs,-0.8645456587235107
Postcentral-L,513.3333,vss_bs,0.7967539891788809
Postcentral-L,513.3333,vss_iss,1.6612996479023916
Postcentral-L,514.1667,iss_bs,-0.8595475916413746
Postcentral-L,514.1667,vss_bs,0.8040606451962923
Postcentral-L,514.1667,vss_iss,1.6636082368376668
Postcentral-L,515,iss_bs,-0.8534233847246868
Postcentral-L,515,vss_bs,0.8115635354534847
Postcentral-L,515,vss_iss,1.6649869201781715
Postcentral-L,515.8333,iss_bs,-0.8463041479268184
Postcentral-L,515.8333,vss_bs,0.8191238453033388
Postcentral-L,515.8333,vss_iss,1.6654279932301572
Postcentral-L,516.6667,iss_bs,-0.8383361394298631
Postcentral-L,516.6667,vss_bs,0.8266010586487118
Postcentral-L,516.6667,vss_iss,1.6649371980785748
Postcentral-L,517.5,iss_bs,-0.829677803141496
Postcentral-L,517.5,vss_bs,0.8338563196496319
Postcentral-L,517.5,vss_iss,1.6635341227911278
Postcentral-L,518.3333,iss_bs,-0.8204966071213777
Postcentral-L,518.3333,vss_bs,0.8407557426342236
Postcentral-L,518.3333,vss_iss,1.6612523497556013
Postcentral-L,519.1667,iss_bs,-0.8109657505178011
Postcentral-L,519.1667,vss_bs,0.8471735900936346
Postcentral-L,519.1667,vss_iss,1.6581393406114358
Postcentral-L,520,iss_bs,-0.8012608088710513
Postcentral-L,520,vss_bs,0.8529952418603924
Postcentral-L,520,vss_iss,1.6542560507314439
Postcentral-L,520.8333,iss_bs,-0.7915563883485531
Postcentral-L,520.8333,vss_bs,0.8581198836448848
Postcentral-L,520.8333,vss_iss,1.649676271993438
Postcentral-L,521.6667,iss_bs,-0.782022858607261
Postcentral-L,521.6667,vss_bs,0.8624628499167999
Postcentral-L,521.6667,vss_iss,1.644485708524061
Postcentral-L,522.5,iss_bs,-0.7728232315567405
Postcentral-L,522.5,vss_bs,0.8659575645062232
Postcentral-L,522.5,vss_iss,1.6387807960629637
Postcentral-L,523.3333,iss_bs,-0.7641102493833468
Postcentral-L,523.3333,vss_bs,0.8685570320642957
Postcentral-L,523.3333,vss_iss,1.6326672814476424
Postcentral-L,524.1667,iss_bs,-0.756023739888393
Postcentral-L,524.1667,vss_bs,0.8702348444328933
Postcentral-L,524.1667,vss_iss,1.6262585843212864
Postcentral-L,525,iss_bs,-0.7486882906196779
Postcentral-L,525,vss_bs,0.8709856777669885
Postcentral-L,525,vss_iss,1.6196739683866666
Postcentral-L,525.8332999999999,iss_bs,-0.7422112855938809
Postcentral-L,525.8332999999999,vss_bs,0.8708252686498443
Postcentral-L,525.8332999999999,vss_iss,1.6130365542437253
Postcentral-L,526.6667,iss_bs,-0.7366813398004739
Postcentral-L,526.6667,vss_bs,0.8697898701432192
Postcentral-L,526.6667,vss_iss,1.606471209943693
Postcentral-L,527.5,iss_bs,-0.7321671573503874
Postcentral-L,527.5,vss_bs,0.8679352014166963
Postcentral-L,527.5,vss_iss,1.6001023587670837
Postcentral-L,528.3333,iss_bs,-0.7287168293052417
Postcentral-L,528.3333,vss_bs,0.865334916996736
Postcentral-L,528.3333,vss_iss,1.5940517463019779
Postcentral-L,529.1667,iss_bs,-0.7263575771270845
Postcentral-L,529.1667,vss_bs,0.862078633467283
Postcentral-L,529.1667,vss_iss,1.5884362105943675
Postcentral-L,530,iss_bs,-0.7250959375616454
Postcentral-L,530,vss_bs,0.858269562354157
Postcentral-L,530,vss_iss,1.5833654999158022
Postcentral-L,530.8333,iss_bs,-0.7249183748468472
Postcentral-L,530.8333,vss_bs,0.8540218076697345
Postcentral-L,530.8333,vss_iss,1.5789401825165816
Postcentral-L,531.6667,iss_bs,-0.7257922966539986
Postcentral-L,531.6667,vss_bs,0.8494573949445007
Postcentral-L,531.6667,vss_iss,1.5752496915984993
Postcentral-L,532.5,iss_bs,-0.7276674413417035
Postcentral-L,532.5,vss_bs,0.8447031053218663
Postcentral-L,532.5,vss_iss,1.5723705466635698
Postcentral-L,533.3333,iss_bs,-0.7304775961353723
Postcentral-L,533.3333,vss_bs,0.8398871932747098
Postcentral-L,533.3333,vss_iss,1.5703647894100823
Postcentral-L,534.1667,iss_bs,-0.7341425989203165
Postcentral-L,534.1667,vss_bs,0.8351360695899098
Postcentral-L,534.1667,vss_iss,1.5692786685102265
Postcentral-L,535,iss_bs,-0.7385705706103325
Postcentral-L,535,vss_bs,0.8305710323795628
Postcentral-L,535,vss_iss,1.5691416029898952
Postcentral-L,535.8333,iss_bs,-0.7436603206533423
Postcentral-L,535.8333,vss_bs,0.8263051279804522
Postcentral-L,535.8333,vss_iss,1.5699654486337944
Postcentral-L,536.6667000000001,iss_bs,-0.7493038652558894
Postcentral-L,536.6667000000001,vss_bs,0.8224402207103119
Postcentral-L,536.6667000000001,vss_iss,1.5717440859662013
Postcentral-L,537.5,iss_bs,-0.7553889964092317
Postcentral-L,537.5,vss_bs,0.8190643456221727
Postcentral-L,537.5,vss_iss,1.5744533420314044
Postcentral-L,538.3333,iss_bs,-0.7618018398057909
Postcentral-L,538.3333,vss_bs,0.8162494117448603
Postcentral-L,538.3333,vss_iss,1.578051251550651
Postcentral-L,539.1667,iss_bs,-0.7684293412337846
Postcentral-L,539.1667,vss_bs,0.814049314970497
Postcentral-L,539.1667,vss_iss,1.5824786562042816
Postcentral-L,540,iss_bs,-0.7751616239816126
Postcentral-L,540,vss_bs,0.8124985099419683
Postcentral-L,540,vss_iss,1.587660133923581
Postcentral-L,540.8333,iss_bs,-0.7818941640894405
Postcentral-L,540.8333,vss_bs,0.8116110792337564
Postcentral-L,540.8333,vss_iss,1.5935052433231969
Postcentral-L,541.6667,iss_bs,-0.7885297358374369
Postcentral-L,541.6667,vss_bs,0.8113803260685458
Postcentral-L,541.6667,vss_iss,1.5999100619059827
Postcentral-L,542.5,iss_bs,-0.7949800865132026
Postcentral-L,542.5,vss_bs,0.8117789040545701
Postcentral-L,542.5,vss_iss,1.6067589905677728
Postcentral-L,543.3333,iss_bs,-0.8011673070830911
Postcentral-L,543.3333,vss_bs,0.8127594842682725
Postcentral-L,543.3333,vss_iss,1.6139267913513637
Postcentral-L,544.1667,iss_bs,-0.8070248737099984
Postcentral-L,544.1667,vss_bs,0.814255946757569
Postcentral-L,544.1667,vss_iss,1.6212808204675675
Postcentral-L,545,iss_bs,-0.8124983439027168
Postcentral-L,545,vss_bs,0.8161850705212238
Postcentral-L,545,vss_iss,1.6286834144239406
Postcentral-L,545.8333,iss_bs,-0.8175457002262533
Postcentral-L,545.8333,vss_bs,0.818448683543658
Postcentral-L,545.8333,vss_iss,1.6359943837699111
Postcentral-L,546.6667,iss_bs,-0.8221373437191642
Postcentral-L,546.6667,vss_bs,0.8209362228348267
Postcentral-L,546.6667,vss_iss,1.643073566553991
Postcentral-L,547.5,iss_bs,-0.8262557482222989
Postcentral-L,547.5,vss_bs,0.823527643926183
Postcentral-L,547.5,vss_iss,1.649783392148482
Postcentral-L,548.3333,iss_bs,-0.8298947954979319
Postcentral-L,548.3333,vss_bs,0.8260966101650782
Postcentral-L,548.3333,vss_iss,1.65599140566301
Postcentral-L,549.1667,iss_bs,-0.8330588190931952
Postcentral-L,549.1667,vss_bs,0.8285138846588878
Postcentral-L,549.1667,vss_iss,1.661572703752083
Postcentral-L,550,iss_bs,-0.8357613921773988
Postcentral-L,550,vss_bs,0.83065084203678
Postcentral-L,550,vss_iss,1.6664122342141787
Postcentral-L,550.8333,iss_bs,-0.8380239008793209
Postcentral-L,550.8333,vss_bs,0.8323830134700975
Postcentral-L,550.8333,vss_iss,1.6704069143494182
Postcentral-L,551.6667,iss_bs,-0.8398739498134147
Postcentral-L,551.6667,vss_bs,0.8335935767245657
Postcentral-L,551.6667,vss_iss,1.6734675265379804
Postcentral-L,552.5,iss_bs,-0.8413436503867379
Postcentral-L,552.5,vss_bs,0.8341767034638504
Postcentral-L,552.5,vss_iss,1.6755203538505883
Postcentral-L,553.3333,iss_bs,-0.8424678450272419
Postcentral-L,553.3333,vss_bs,0.8340406785892495
Postcentral-L,553.3333,vss_iss,1.6765085236164914
Postcentral-L,554.1667,iss_bs,-0.8432823216080461
Postcentral-L,554.1667,vss_bs,0.8331107110394672
Postcentral-L,554.1667,vss_iss,1.6763930326475132
Postcentral-L,555,iss_bs,-0.8438220720372938
Postcentral-L,555,vss_bs,0.8313313620928877
Postcentral-L,555,vss_iss,1.6751534341301815
Postcentral-L,555.8333,iss_bs,-0.844119647249992
Postcentral-L,555.8333,vss_bs,0.8286685256707993
Postcentral-L,555.8333,vss_iss,1.6727881729207914
Postcentral-L,556.6667,iss_bs,-0.8442036577246037
Postcentral-L,556.6667,vss_bs,0.8251109052471809
Postcentral-L,556.6667,vss_iss,1.6693145629717845
Postcentral-L,557.5,iss_bs,-0.8440974642348061
Postcentral-L,557.5,vss_bs,0.8206709435026996
Postcentral-L,557.5,vss_iss,1.6647684077375058
Postcentral-L,558.3333,iss_bs,-0.843818097950808
Postcentral-L,558.3333,vss_bs,0.8153851735559088
Postcentral-L,558.3333,vss_iss,1.6592032715067169
Postcentral-L,559.1667,iss_bs,-0.8433754423694667
Postcentral-L,559.1667,vss_bs,0.8093139741723804
Postcentral-L,559.1667,vss_iss,1.652689416541847
Postcentral-L,560,iss_bs,-0.8427717020494254
Postcentral-L,560,vss_bs,0.8025407254794582
Postcentral-L,560,vss_iss,1.6453124275288837
Postcentral-L,560.8333,iss_bs,-0.8420011749496408
Postcentral-L,560.8333,vss_bs,0.7951703760718187
Postcentral-L,560.8333,vss_iss,1.6371715510214595
Postcentral-L,561.6667,iss_bs,-0.841050336528011
Postcentral-L,561.6667,vss_bs,0.7873274466443813
Postcentral-L,561.6667,vss_iss,1.6283777831723922
Postcentral-L,562.5,iss_bs,-0.8398982348738868
Postcentral-L,562.5,vss_bs,0.7791535090981188
Postcentral-L,562.5,vss_iss,1.6190517439720056
Postcentral-L,563.3333,iss_bs,-0.8385171872538494
Postcentral-L,563.3333,vss_bs,0.7708041931022472
Postcentral-L,563.3333,vss_iss,1.6093213803560966
Postcentral-L,564.1667,iss_bs,-0.836873759774688
Postcentral-L,564.1667,vss_bs,0.7624457840500568
Postcentral-L,564.1667,vss_iss,1.599319543824745
Postcentral-L,565,iss_bs,-0.834930003637101
Postcentral-L,565,vss_bs,0.7542514869254623
Postcentral-L,565,vss_iss,1.5891814905625632
Postcentral-L,565.8333,iss_bs,-0.8326449138833073
Postcentral-L,565.8333,vss_bs,0.7463974395425517
Postcentral-L,565.8333,vss_iss,1.5790423534258589
Postcentral-L,566.6667,iss_bs,-0.8299760698317177
Postcentral-L,566.6667,vss_bs,0.739058565707324
Postcentral-L,566.6667,vss_iss,1.5690346355390417
Postcentral-L,567.5,iss_bs,-0.8268814107205043
Postcentral-L,567.5,vss_bs,0.7324043638963187
Postcentral-L,567.5,vss_iss,1.559285774616823
Postcentral-L,568.3333,iss_bs,-0.8233210956032828
Postcentral-L,568.3333,vss_bs,0.7265947299144647
Postcentral-L,568.3333,vss_iss,1.5499158255177476
Postcentral-L,569.1667,iss_bs,-0.8192593933782308
Postcentral-L,569.1667,vss_bs,0.7217759125969573
Postcentral-L,569.1667,vss_iss,1.5410353059751882
Postcentral-L,570,iss_bs,-0.8146665470788721
Postcentral-L,570,vss_bs,0.7180766999216719
Postcentral-L,570,vss_iss,1.532743247000544
Postcentral-L,570.8333,iss_bs,-0.809520556267115
Postcentral-L,570.8333,vss_bs,0.7156049289171075
Postcentral-L,570.8333,vss_iss,1.5251254851842226
Postcentral-L,571.6667,iss_bs,-0.8038088225677359
Postcentral-L,571.6667,vss_bs,0.7144444065563157
Postcentral-L,571.6667,vss_iss,1.5182532291240516
Postcentral-L,572.5,iss_bs,-0.7975296060509829
Postcentral-L,572.5,vss_bs,0.7146523205415434
Postcentral-L,572.5,vss_iss,1.5121819265925263
Postcentral-L,573.3333,iss_bs,-0.7906932442530719
Postcentral-L,573.3333,vss_bs,0.7162572086784734
Postcentral-L,573.3333,vss_iss,1.5069504529315454
Postcentral-L,574.1667,iss_bs,-0.7833230910327404
Postcentral-L,574.1667,vss_bs,0.7192575436292322
Postcentral-L,574.1667,vss_iss,1.5025806346619726
Postcentral-L,575,iss_bs,-0.7754561390723772
Postcentral-L,575,vss_bs,0.7236209764772652
Postcentral-L,575,vss_iss,1.4990771155496425
Postcentral-L,575.8333,iss_bs,-0.7671432974895946
Postcentral-L,575.8333,vss_bs,0.7292842680270656
Postcentral-L,575.8333,vss_iss,1.4964275655166603
Postcentral-L,576.6667,iss_bs,-0.7584493045471269
Postcentral-L,576.6667,vss_bs,0.736153921418722
Postcentral-L,576.6667,vss_iss,1.4946032259658488
Postcentral-L,577.5,iss_bs,-0.7494522646303321
Postcentral-L,577.5,vss_bs,0.7441075138043481
Postcentral-L,577.5,vss_iss,1.4935597784346804
Postcentral-L,578.3333,iss_bs,-0.7402428082780897
Postcentral-L,578.3333,vss_bs,0.752995708866987
Postcentral-L,578.3333,vss_iss,1.4932385171450766
Postcentral-L,579.1667,iss_bs,-0.730922883868432
Postcentral-L,579.1667,vss_bs,0.7626449162252849
Postcentral-L,579.1667,vss_iss,1.493567800093717
Postcentral-L,580,iss_bs,-0.7216041993300677
Postcentral-L,580,vss_bs,0.7728605486191165
Postcentral-L,580,vss_iss,1.4944647479491842
Postcentral-L,580.8333,iss_bs,-0.7124063417302691
Postcentral-L,580.8333,vss_bs,0.7834308135619648
Postcentral-L,580.8333,vss_iss,1.4958371552922338
Postcentral-L,581.6667,iss_bs,-0.7034546115373566
Postcentral-L,581.6667,vss_bs,0.7941309632062736
Postcentral-L,581.6667,vss_iss,1.4975855747436302
Postcentral-L,582.5,iss_bs,-0.6948776165422293
Postcentral-L,582.5,vss_bs,0.8047279148028572
Postcentral-L,582.5,vss_iss,1.4996055313450865
Postcentral-L,583.3333,iss_bs,-0.6868046776340478
Postcentral-L,583.3333,vss_bs,0.8149851446163585
Postcentral-L,583.3333,vss_iss,1.5017898222504062
Postcentral-L,584.1667,iss_bs,-0.6793631046680388
Postcentral-L,584.1667,vss_bs,0.8246677507176907
Postcentral-L,584.1667,vss_iss,1.5040308553857296
Postcentral-L,585,iss_bs,-0.6726754053724631
Postcentral-L,585,vss_bs,0.83354757489796
Postcentral-L,585,vss_iss,1.506222980270423
Postcentral-L,585.8333,iss_bs,-0.6668564934819012
Postcentral-L,585.8333,vss_bs,0.841408271174078
Postcentral-L,585.8333,vss_iss,1.5082647646559793
Postcentral-L,586.6667,iss_bs,-0.6620109639541164
Postcentral-L,586.6667,vss_bs,0.8480502080681417
Postcentral-L,586.6667,vss_iss,1.510061172022258
Postcentral-L,587.5,iss_bs,-0.6582305031638882
Postcentral-L,587.5,vss_bs,0.8532950940699666
Postcentral-L,587.5,vss_iss,1.5115255972338548
Postcentral-L,588.3332999999999,iss_bs,-0.6555915003438281
Postcentral-L,588.3332999999999,vss_bs,0.856990220407674
Postcentral-L,588.3332999999999,vss_iss,1.5125817207515022
Postcentral-L,589.1667,iss_bs,-0.6541529232743538
Postcentral-L,589.1667,vss_bs,0.8590122223720256
Postcentral-L,589.1667,vss_iss,1.5131651456463793
Postcentral-L,590,iss_bs,-0.653954516366446
Postcentral-L,590,vss_bs,0.8592702698288911
Postcentral-L,590,vss_iss,1.513224786195337
Postcentral-L,590.8333,iss_bs,-0.6550153729251644
Postcentral-L,590.8333,vss_bs,0.8577086090218943
Postcentral-L,590.8333,vss_iss,1.5127239819470586
Postcentral-L,591.6667,iss_bs,-0.6573329256591728
Postcentral-L,591.6667,vss_bs,0.8543083910771848
Postcentral-L,591.6667,vss_iss,1.5116413167363576
Postcentral-L,592.5,iss_bs,-0.6608823905760278
Postcentral-L,592.5,vss_bs,0.8490887374952794
Postcentral-L,592.5,vss_iss,1.509971128071307
Postcentral-L,593.3333,iss_bs,-0.6656166894699221
Postcentral-L,593.3333,vss_bs,0.8421070090347403
Postcentral-L,593.3333,vss_iss,1.5077236985046625
Postcentral-L,594.1667,iss_bs,-0.6714668654891506
Postcentral-L,594.1667,vss_bs,0.8334582614135427
Postcentral-L,594.1667,vss_iss,1.5049251269026933
Postcentral-L,595,iss_bs,-0.6783429950073198
Postcentral-L,595,vss_bs,0.8232738888079661
Postcentral-L,595,vss_iss,1.501616883815286
Postcentral-L,595.8333,iss_bs,-0.6861355874737818
Postcentral-L,595.8333,vss_bs,0.8117194738333271
Postcentral-L,595.8333,vss_iss,1.4978550613071089
Postcentral-L,596.6667,iss_bs,-0.6947174533530032
Postcentral-L,596.6667,vss_bs,0.7989918801574911
Postcentral-L,596.6667,vss_iss,1.4937093335104943
Postcentral-L,597.5,iss_bs,-0.7039460089511167
Postcentral-L,597.5,vss_bs,0.7853156407413048
Postcentral-L,597.5,vss_iss,1.4892616496924214
Postcentral-L,598.3333,iss_bs,-0.7136659761402286
Postcentral-L,598.3333,vss_bs,0.7709387105453658
Postcentral-L,598.3333,vss_iss,1.4846046866855944
Postcentral-L,599.1667000000001,iss_bs,-0.723712424986396
Postcentral-L,599.1667000000001,vss_bs,0.7561276670351881
Postcentral-L,599.1667000000001,vss_iss,1.4798400920215842
Postcentral-L,600,iss_bs,-0.7339140983107553
Postcentral-L,600,vss_bs,0.741162454629325
Postcentral-L,600,vss_iss,1.4750765529400802
Postcentral-L,600.8333,iss_bs,-0.744096949488187
Postcentral-L,600.8333,vss_bs,0.726330780074987
Postcentral-L,600.8333,vss_iss,1.470427729563174
Postcentral-L,601.6667,iss_bs,-0.7540878185114336
Postcentral-L,601.6667,vss_bs,0.7119222743519414
Postcentral-L,601.6667,vss_iss,1.466010092863375
Postcentral-L,602.5,iss_bs,-0.7637181666862212
Postcentral-L,602.5,vss_bs,0.6982225428941841
Postcentral-L,602.5,vss_iss,1.4619407095804053
Postcentral-L,603.3333,iss_bs,-0.772827787405176
Postcentral-L,603.3333,vss_bs,0.6855072295275795
Postcentral-L,603.3333,vss_iss,1.4583350169327556
Postcentral-L,604.1667,iss_bs,-0.7812684093664944
Postcentral-L,604.1667,vss_bs,0.6740362204541397
Postcentral-L,604.1667,vss_iss,1.4553046298206342
Postcentral-L,605,iss_bs,-0.7889071094078549
Postcentral-L,605,vss_bs,0.664048112830358
Postcentral-L,605,vss_iss,1.452955222238213
Postcentral-L,605.8333,iss_bs,-0.7956294548243363
Postcentral-L,605.8333,vss_bs,0.6557550680082395
Postcentral-L,605.8333,vss_iss,1.4513845228325757
Postcentral-L,606.6667,iss_bs,-0.8013422995955959
Postcentral-L,606.6667,vss_bs,0.6493381624118507
Postcentral-L,606.6667,vss_iss,1.4506804620074467
Postcentral-L,607.5,iss_bs,-0.8059761652836345
Postcentral-L,607.5,vss_bs,0.6449433394449173
Postcentral-L,607.5,vss_iss,1.450919504728552
Postcentral-L,608.3333,iss_bs,-0.8094871453581105
Postcentral-L,608.3333,vss_bs,0.6426780539567406
Postcentral-L,608.3333,vss_iss,1.452165199314851
Postcentral-L,609.1667,iss_bs,-0.811858281202708
Postcentral-L,609.1667,vss_bs,0.6426086868748884
Postcentral-L,609.1667,vss_iss,1.4544669680775963
Postcentral-L,610,iss_bs,-0.8131003688585364
Postcentral-L,610,vss_bs,0.6447587919303364
Postcentral-L,610,vss_iss,1.4578591607888727
Postcentral-L,610.8333,iss_bs,-0.8132521674432538
Postcentral-L,610.8333,vss_bs,0.6491082192794495
Postcentral-L,610.8333,vss_iss,1.4623603867227033
Postcentral-L,611.6667,iss_bs,-0.812379992894307
Postcentral-L,611.6667,vss_bs,0.6555931426258269
Postcentral-L,611.6667,vss_iss,1.4679731355201338
Postcentral-L,612.5,iss_bs,-0.8105766939477842
Postcentral-L,612.5,vss_bs,0.6641069975467192
Postcentral-L,612.5,vss_iss,1.4746836914945036
Postcentral-L,613.3333,iss_bs,-0.8079600207916426
Postcentral-L,613.3333,vss_bs,0.6745023195334385
Postcentral-L,613.3333,vss_iss,1.4824623403250812
Postcentral-L,614.1667,iss_bs,-0.8046704103256895
Postcentral-L,614.1667,vss_bs,0.6865934511709026
Postcentral-L,614.1667,vss_iss,1.491263861496592
Postcentral-L,615,iss_bs,-0.8008682251211258
Postcentral-L,615,vss_bs,0.7001600693156178
Postcentral-L,615,vss_iss,1.5010282944367435
Postcentral-L,615.8333,iss_bs,-0.7967304957041991
Postcentral-L,615.8333,vss_bs,0.7149514654821637
Postcentral-L,615.8333,vss_iss,1.5116819611863628
Postcentral-L,616.6667,iss_bs,-0.7924472274077617
Postcentral-L,616.6667,vss_bs,0.7306914962956286
Postcentral-L,616.6667,vss_iss,1.5231387237033902
Postcentral-L,617.5,iss_bs,-0.7882173434755294
Postcentral-L,617.5,vss_bs,0.7470841061651314
Postcentral-L,617.5,vss_iss,1.535301449640661
Postcentral-L,618.3333,iss_bs,-0.784244345123475
Postcentral-L,618.3333,vss_bs,0.7638193116021824
Postcentral-L,618.3333,vss_iss,1.5480636567256574
Postcentral-L,619.1667,iss_bs,-0.7807317766489614
Postcentral-L,619.1667,vss_bs,0.7805795261257689
Postcentral-L,619.1667,vss_iss,1.5613113027747303
Postcentral-L,620,iss_bs,-0.7778785892513579
Postcentral-L,620,vss_bs,0.7970460966968345
Postcentral-L,620,vss_iss,1.5749246859481925
Postcentral-L,620.8333,iss_bs,-0.775874500848222
Postcentral-L,620.8333,vss_bs,0.8129059172884011
Postcentral-L,620.8333,vss_iss,1.588780418136623
Postcentral-L,621.6667,iss_bs,-0.7748954507398859
Postcentral-L,621.6667,vss_bs,0.8278579826488542
Postcentral-L,621.6667,vss_iss,1.60275343338874
Postcentral-L,622.5,iss_bs,-0.7750992474381108
Postcentral-L,622.5,vss_bs,0.8416197456209855
Postcentral-L,622.5,vss_iss,1.6167189930590964
Postcentral-L,623.3333,iss_bs,-0.7766215053226992
Postcentral-L,623.3333,vss_bs,0.8539331445441439
Postcentral-L,623.3333,vss_iss,1.6305546498668433
Postcentral-L,624.1667,iss_bs,-0.7795719610608219
Postcentral-L,624.1667,vss_bs,0.8645701732370039
Postcentral-L,624.1667,vss_iss,1.6441421342978257
Postcentral-L,625,iss_bs,-0.7840312540002341
Postcentral-L,625,vss_bs,0.8733378747201048
Postcentral-L,625,vss_iss,1.657369128720339
Postcentral-L,625.8333,iss_bs,-0.790048246156103
Postcentral-L,625.8333,vss_bs,0.880082651020062
Postcentral-L,625.8333,vss_iss,1.670130897176165
Postcentral-L,626.6667,iss_bs,-0.797637947119844
Postcentral-L,626.6667,vss_bs,0.8846937948768171
Postcentral-L,626.6667,vss_iss,1.682331741996661
Postcentral-L,627.5,iss_bs,-0.8067800974331298
Postcentral-L,627.5,vss_bs,0.8871061646786058
Postcentral-L,627.5,vss_iss,1.6938862621117357
Postcentral-L,628.3333,iss_bs,-0.8174184509301793
Postcentral-L,628.3333,vss_bs,0.8873019411607725
Postcentral-L,628.3333,vss_iss,1.7047203920909517
Postcentral-L,629.1667,iss_bs,-0.8294607825244583
Postcentral-L,629.1667,vss_bs,0.8853114229713495
Postcentral-L,629.1667,vss_iss,1.7147722054958077
Postcentral-L,630,iss_bs,-0.8427796331924979
Postcentral-L,630,vss_bs,0.8812128377473504
Postcentral-L,630,vss_iss,1.7239924709398482
Postcentral-L,630.8333,iss_bs,-0.8572137887944239
Postcentral-L,630.8333,vss_bs,0.8751311654582506
Postcentral-L,630.8333,vss_iss,1.7323449542526745
Postcentral-L,631.6667,iss_bs,-0.8725704741850615
Postcentral-L,631.6667,vss_bs,0.86723599104219
Postcentral-L,631.6667,vss_iss,1.7398064652272514
Postcentral-L,632.5,iss_bs,-0.8886282291309325
Postcentral-L,632.5,vss_bs,0.857738423366901
Postcentral-L,632.5,vss_iss,1.7463666524978334
Postcentral-L,633.3333,iss_bs,-0.9051404181733499
Postcentral-L,633.3333,vss_bs,0.8468871368769193
Postcentral-L,633.3333,vss_iss,1.752027555050269
Postcentral-L,634.1667,iss_bs,-0.9218393130715172
Postcentral-L,634.1667,vss_bs,0.8349636105410894
Postcentral-L,634.1667,vss_iss,1.7568029236126066
Postcentral-L,635,iss_bs,-0.9384406741105917
Postcentral-L,635,vss_bs,0.8222766555100581
Postcentral-L,635,vss_iss,1.76071732962065
Postcentral-L,635.8333,iss_bs,-0.9546487456328702
Postcentral-L,635.8333,vss_bs,0.8091563378842785
Postcentral-L,635.8333,vss_iss,1.7638050835171486
Postcentral-L,636.6667,iss_bs,-0.9701615718812746
Postcentral-L,636.6667,vss_bs,0.7959474158661416
Postcentral-L,636.6667,vss_iss,1.7661089877474163
Postcentral-L,637.5,iss_bs,-0.9846765318350142
Postcentral-L,637.5,vss_bs,0.7830024210572136
Postcentral-L,637.5,vss_iss,1.7676789528922279
Postcentral-L,638.3333,iss_bs,-0.9978959863303235
Postcentral-L,638.3333,vss_bs,0.7706745215431745
Postcentral-L,638.3333,vss_iss,1.7685705078734981
Postcentral-L,639.1667,iss_bs,-1.009532927515723
Postcentral-L,639.1667,vss_bs,0.7593103095193677
Postcentral-L,639.1667,vss_iss,1.7688432370350908
Postcentral-L,640,iss_bs,-1.0193165196674403
Postcentral-L,640,vss_bs,0.7492426584391486
Postcentral-L,640,vss_iss,1.7685591781065888
Postcentral-L,640.8333,iss_bs,-1.0269974216163313
Postcentral-L,640.8333,vss_bs,0.7407837939660294
Postcentral-L,640.8333,vss_iss,1.7677812155823607
Postcentral-L,641.6667,iss_bs,-1.0323527844961053
Postcentral-L,641.6667,vss_bs,0.7342187193883716
Postcentral-L,641.6667,vss_iss,1.766571503884477
Postcentral-L,642.5,iss_bs,-1.0351908241498282
Postcentral-L,642.5,vss_bs,0.7297991296822146
Postcentral-L,642.5,vss_iss,1.7649899538320428
Postcentral-L,643.3333,iss_bs,-1.0353548752191837
Postcentral-L,643.3333,vss_bs,0.7277379392113622
Postcentral-L,643.3333,vss_iss,1.7630928144305458
Postcentral-L,644.1667,iss_bs,-1.0327268435365473
Postcentral-L,644.1667,vss_bs,0.7282045363176645
Postcentral-L,644.1667,vss_iss,1.7609313798542119
Postcentral-L,645,iss_bs,-1.0272299847525945
Postcentral-L,645,vss_bs,0.7313208640132751
Postcentral-L,645,vss_iss,1.7585508487658696
Postcentral-L,645.8333,iss_bs,-1.0188309499343162
Postcentral-L,645.8333,vss_bs,0.737158409922408
Postcentral-L,645.8333,vss_iss,1.7559893598567242
Postcentral-L,646.6667,iss_bs,-1.0075410529026279
Postcentral-L,646.6667,vss_bs,0.7457361708547824
Postcentral-L,646.6667,vss_iss,1.7532772237574101
Postcentral-L,647.5,iss_bs,-0.9934167290614492
Postcentral-L,647.5,vss_bs,0.7570196382834893
Postcentral-L,647.5,vss_iss,1.7504363673449383
Postcentral-L,648.3333,iss_bs,-0.9765591710990682
Postcentral-L,648.3333,vss_bs,0.770920830929092
Postcentral-L,648.3333,vss_iss,1.7474800020281602
Postcentral-L,649.1667,iss_bs,-0.9571131429017428
Postcentral-L,649.1667,vss_bs,0.7872993800219842
Postcentral-L,649.1667,vss_iss,1.744412522923727
Postcentral-L,650,iss_bs,-0.9352649889870484
Postcentral-L,650,vss_bs,0.8059646520386499
Postcentral-L,650,vss_iss,1.7412296410256982
Postcentral-L,650.8332999999999,iss_bs,-0.9112398724186744
Postcentral-L,650.8332999999999,vss_bs,0.8266788731994891
Postcentral-L,650.8332999999999,vss_iss,1.7379187456181637
Postcentral-L,651.6667,iss_bs,-0.8852982891902335
Postcentral-L,651.6667,vss_bs,0.8491612001850632
Postcentral-L,651.6667,vss_iss,1.7344594893752967
Postcentral-L,652.5,iss_bs,-0.8577319211621784
Postcentral-L,652.5,vss_bs,0.8730926627679554
Postcentral-L,652.5,vss_iss,1.730824583930134
Postcentral-L,653.3333,iss_bs,-0.8288589025213734
Postcentral-L,653.3333,vss_bs,0.8981218867408247
Postcentral-L,653.3333,vss_iss,1.726980789262198
Postcentral-L,654.1667,iss_bs,-0.7990185861508903
Postcentral-L,654.1667,vss_bs,0.9238714899898451
Postcentral-L,654.1667,vss_iss,1.7228900761407353
Postcentral-L,655,iss_bs,-0.7685659060228891
Postcentral-L,655,vss_bs,0.9499450311217302
Postcentral-L,655,vss_iss,1.7185109371446192
Postcentral-L,655.8333,iss_bs,-0.7378654395690707
Postcentral-L,655.8333,vss_bs,0.9759343789651829
Postcentral-L,655.8333,vss_iss,1.7137998185342536
Postcentral-L,656.6667,iss_bs,-0.7072852797897222
Postcentral-L,656.6667,vss_bs,1.0014273627490686
Postcentral-L,656.6667,vss_iss,1.7087126425387906
Postcentral-L,657.5,iss_bs,-0.6771908305235106
Postcentral-L,657.5,vss_bs,1.0260155569736245
Postcentral-L,657.5,vss_iss,1.7032063874971348
Postcentral-L,658.3333,iss_bs,-0.6479386397499196
Postcentral-L,658.3333,vss_bs,1.0493020520464236
Postcentral-L,658.3333,vss_iss,1.6972406917963432
Postcentral-L,659.1667,iss_bs,-0.6198703850128673
Postcentral-L,659.1667,vss_bs,1.0709090617039803
Postcentral-L,659.1667,vss_iss,1.6907794467168475
Postcentral-L,660,iss_bs,-0.5933071220612864
Postcentral-L,660,vss_bs,1.0904852210779383
Postcentral-L,660,vss_iss,1.6837923431392248
Postcentral-L,660.8333,iss_bs,-0.5685439026679964
Postcentral-L,660.8333,vss_bs,1.1077124349294745
Postcentral-L,660.8333,vss_iss,1.6762563375974708
Postcentral-L,661.6667000000001,iss_bs,-0.5458448604222935
Postcentral-L,661.6667000000001,vss_bs,1.122312143949974
Postcentral-L,661.6667000000001,vss_iss,1.6681570043722673
Postcentral-L,662.5,iss_bs,-0.5254388542446056
Postcentral-L,662.5,vss_bs,1.13405088793992
Postcentral-L,662.5,vss_iss,1.6594897421845256
Postcentral-L,663.3333,iss_bs,-0.5075157486301366
Postcentral-L,663.3333,vss_bs,1.1427450579125007
Postcentral-L,663.3333,vss_iss,1.6502608065426374
Postcentral-L,664.1667,iss_bs,-0.492223397412002
Postcentral-L,664.1667,vss_bs,1.1482647444602594
Postcentral-L,664.1667,vss_iss,1.6404881418722612
Postcentral-L,665,iss_bs,-0.4796653843902821
Postcentral-L,665,vss_bs,1.1505366067701206
Postcentral-L,665,vss_iss,1.6302019911604027
Postcentral-L,665.8333,iss_bs,-0.469899559771261
Postcentral-L,665.8333,vss_bs,1.1495457051393785
Postcentral-L,665.8333,vss_iss,1.6194452649106394
Postcentral-L,666.6667,iss_bs,-0.4629373962878806
Postcentral-L,666.6667,vss_bs,1.1453362593723546
Postcentral-L,666.6667,vss_iss,1.6082736556602353
Postcentral-L,667.5,iss_bs,-0.4587441734257005
Postcentral-L,667.5,vss_bs,1.1380113156450646
Postcentral-L,667.5,vss_iss,1.5967554890707651
Postcentral-L,668.3333,iss_bs,-0.4572399826611735
Postcentral-L,668.3333,vss_bs,1.1277313249234013
Postcentral-L,668.3333,vss_iss,1.5849713075845746
Postcentral-L,669.1667,iss_bs,-0.45830153133224505
Postcentral-L,669.1667,vss_bs,1.1147116564157642
Postcentral-L,669.1667,vss_iss,1.5730131877480091
Postcentral-L,670,iss_bs,-0.46176470799956876
Postcentral-L,670,vss_bs,1.0992190894445928
Postcentral-L,670,vss_iss,1.5609837974441616
Postcentral-L,670.8333,iss_bs,-0.4674278582008313
Postcentral-L,670.8333,vss_bs,1.0815673461564974
Postcentral-L,670.8333,vss_iss,1.5489952043573287
Postcentral-L,671.6667,iss_bs,-0.4750557066139545
Postcentral-L,671.6667,vss_bs,1.0621117452995317
Postcentral-L,671.6667,vss_iss,1.5371674519134861
Postcentral-L,672.5,iss_bs,-0.484383850065865
Postcentral-L,672.5,vss_bs,1.0412430735473897
Postcentral-L,672.5,vss_iss,1.5256269236132545
Postcentral-L,673.3333,iss_bs,-0.49512373576364016
Postcentral-L,673.3333,vss_bs,1.019380785244383
Postcentral-L,673.3333,vss_iss,1.5145045210080232
Postcentral-L,674.1667,iss_bs,-0.5069680307628288
Postcentral-L,674.1667,vss_bs,0.9969656537205145
Postcentral-L,674.1667,vss_iss,1.5039336844833433
Postcentral-L,675,iss_bs,-0.5195962821681377
Postcentral-L,675,vss_bs,0.9744520072633166
Postcentral-L,675,vss_iss,1.4940482894314544
Postcentral-L,675.8333,iss_bs,-0.5326807629905498
Postcentral-L,675.8333,vss_bs,0.9522996902598765
Postcentral-L,675.8333,vss_iss,1.4849804532504263
Postcentral-L,676.6667,iss_bs,-0.5458923960301927
Postcentral-L,676.6667,vss_bs,0.9309658948142162
Postcentral-L,676.6667,vss_iss,1.476858290844409
Postcentral-L,677.5,iss_bs,-0.5589066476431195
Postcentral-L,677.5,vss_bs,0.9108970102296539
Postcentral-L,677.5,vss_iss,1.4698036578727733
Postcentral-L,678.3333,iss_bs,-0.5714092847702774
Postcentral-L,678.3333,vss_bs,0.8925206371015084
Postcentral-L,678.3333,vss_iss,1.4639299218717858
Postcentral-L,679.1667,iss_bs,-0.5831018921067457
Postcentral-L,679.1667,vss_bs,0.8762379094236087
Postcentral-L,679.1667,vss_iss,1.4593398015303543
Postcentral-L,680,iss_bs,-0.5937070516796863
Postcentral-L,680,vss_bs,0.8624162621536502
Postcentral-L,680,vss_iss,1.4561233138333365
Postcentral-L,680.8333,iss_bs,-0.6029730942599659
Postcentral-L,680.8333,vss_bs,0.8513827732372949
Postcentral-L,680.8333,vss_iss,1.454355867497261
Postcentral-L,681.6667,iss_bs,-0.6106783407982098
Postcentral-L,681.6667,vss_bs,0.8434181983343836
Postcentral-L,681.6667,vss_iss,1.4540965391325935
Postcentral-L,682.5,iss_bs,-0.6166347622657526
Postcentral-L,682.5,vss_bs,0.8387518036393962
Postcentral-L,682.5,vss_iss,1.4553865659051488
Postcentral-L,683.3333,iss_bs,-0.6206909976844154
Postcentral-L,683.3333,vss_bs,0.83755708749605
Postcentral-L,683.3333,vss_iss,1.4582480851804653
Postcentral-L,684.1667,iss_bs,-0.6227346825153113
Postcentral-L,684.1667,vss_bs,0.8399484652586192
Postcentral-L,684.1667,vss_iss,1.4626831477739304
Postcentral-L,685,iss_bs,-0.6226940527009398
Postcentral-L,685,vss_bs,0.8459789743609939
Postcentral-L,685,vss_iss,1.4686730270619337
Postcentral-L,685.8333,iss_bs,-0.6205388032593738
Postcentral-L,685.8333,vss_bs,0.8556390381506483
Postcentral-L,685.8333,vss_iss,1.4761778414100222
Postcentral-L,686.6667,iss_bs,-0.6162801941537874
Postcentral-L,686.6667,vss_bs,0.8688563080725491
Postcentral-L,686.6667,vss_iss,1.4851365022263365
Postcentral-L,687.5,iss_bs,-0.6099704099423424
Postcentral-L,687.5,vss_bs,0.8854965845990406
Postcentral-L,687.5,vss_iss,1.495466994541383
Postcentral-L,688.3333,iss_bs,-0.6017011931964584
Postcentral-L,688.3333,vss_bs,0.9053657982471376
Postcentral-L,688.3333,vss_iss,1.5070669914435961
Postcentral-L,689.1667,iss_bs,-0.5916017846122968
Postcentral-L,689.1667,vss_bs,0.9282130134487131
Postcentral-L,689.1667,vss_iss,1.51981479806101
Postcentral-L,690,iss_bs,-0.5798362148982503
Postcentral-L,690,vss_bs,0.9537344002739848
Postcentral-L,690,vss_iss,1.533570615172235
Postcentral-L,690.8333,iss_bs,-0.566600004686313
Postcentral-L,690.8333,vss_bs,0.981578102366749
Postcentral-L,690.8333,vss_iss,1.548178107053062
Postcentral-L,691.6667,iss_bs,-0.5521163386952271
Postcentral-L,691.6667,vss_bs,1.0113499142198488
Postcentral-L,691.6667,vss_iss,1.563466252915076
Postcentral-L,692.5,iss_bs,-0.5366317890021126
Postcentral-L,692.5,vss_bs,1.042619667359959
Postcentral-L,692.5,vss_iss,1.5792514563620714
Postcentral-L,693.3333,iss_bs,-0.5204116694183127
Postcentral-L,693.3333,vss_bs,1.0749282133474936
Postcentral-L,693.3333,vss_iss,1.5953398827658063
Postcentral-L,694.1667,iss_bs,-0.503735108506674
Postcentral-L,694.1667,vss_bs,1.1077948819177834
Postcentral-L,694.1667,vss_iss,1.6115299904244575
Postcentral-L,695,iss_bs,-0.4868899326449817
Postcentral-L,695,vss_bs,1.1407252852413274
Postcentral-L,695,vss_iss,1.627615217886309
Postcentral-L,695.8333,iss_bs,-0.47016745268996113
Postcentral-L,695.8333,vss_bs,1.173219334268982
Postcentral-L,695.8333,vss_iss,1.6433867869589434
Postcentral-L,696.6667,iss_bs,-0.45385724821705886
Postcentral-L,696.6667,vss_bs,1.2047793305139642
Postcentral-L,696.6667,vss_iss,1.658636578731023
Postcentral-L,697.5,iss_bs,-0.4382420420242393
Postcentral-L,697.5,vss_bs,1.2349179964237416
Postcentral-L,697.5,vss_iss,1.6731600384479808
Postcentral-L,698.3333,iss_bs,-0.4235927546451864
Postcentral-L,698.3333,vss_bs,1.2631663096855117
Postcentral-L,698.3333,vss_iss,1.686759064330698
Postcentral-L,699.1667,iss_bs,-0.4101638241009598
Postcentral-L,699.1667,vss_bs,1.2890810113198146
Postcentral-L,699.1667,vss_iss,1.6992448354207743
Postcentral-L,700,iss_bs,-0.3981888701376467
Postcentral-L,700,vss_bs,1.3122516641391075
Postcentral-L,700,vss_iss,1.7104405342767541
Postcentral-L,700.8333,iss_bs,-0.387876774885521
Postcentral-L,700.8333,vss_bs,1.332307146934632
Postcentral-L,700.8333,vss_iss,1.720183921820153
Postcentral-L,701.6667,iss_bs,-0.37940824338773516
Postcentral-L,701.6667,vss_bs,1.3489214804241405
Postcentral-L,701.6667,vss_iss,1.7283297238118756
Postcentral-L,702.5,iss_bs,-0.37293289795816126
Postcentral-L,702.5,vss_bs,1.3618188933325965
Postcentral-L,702.5,vss_iss,1.7347517912907577
Postcentral-L,703.3333,iss_bs,-0.36856695002704676
Postcentral-L,703.3333,vss_bs,1.3707780507496163
Postcentral-L,703.3333,vss_iss,1.7393450007766629
Postcentral-L,704.1667,iss_bs,-0.36639148222023776
Postcentral-L,704.1667,vss_bs,1.3756353818504787
Postcentral-L,704.1667,vss_iss,1.7420268640707166
Postcentral-L,705,iss_bs,-0.36645136209894524
Postcentral-L,705,vss_bs,1.3762874599059758
Postcentral-L,705,vss_iss,1.7427388220049211
Postcentral-L,705.8333,iss_bs,-0.3687547974736554
Postcentral-L,705.8333,vss_bs,1.3726924039516206
Postcentral-L,705.8333,vss_iss,1.7414472014252762
Postcentral-L,706.6667,iss_bs,-0.37327353170636746
Postcentral-L,706.6667,vss_bs,1.3648702882453159
Postcentral-L,706.6667,vss_iss,1.7381438199516834
Postcentral-L,707.5,iss_bs,-0.3799436661357751
Postcentral-L,707.5,vss_bs,1.3529025624195357
Postcentral-L,707.5,vss_iss,1.7328462285553108
Postcentral-L,708.3333,iss_bs,-0.38866708589660265
Postcentral-L,708.3333,vss_bs,1.3369305017399018
Postcentral-L,708.3333,vss_iss,1.7255975876365044
Postcentral-L,709.1667,iss_bs,-0.39931345514338523
Postcentral-L,709.1667,vss_bs,1.3171527228357123
Postcentral-L,709.1667,vss_iss,1.7164661779790975
Postcentral-L,710,iss_bs,-0.4117227382010933
Postcentral-L,710,vss_bs,1.2938218154043792
Postcentral-L,710,vss_iss,1.7055445536054725
Postcentral-L,710.8333,iss_bs,-0.42570819460458426
Postcentral-L,710.8333,vss_bs,1.2672401544628453
Postcentral-L,710.8333,vss_iss,1.6929483490674295
Postcentral-L,711.6667,iss_bs,-0.4410597884902677
Postcentral-L,711.6667,vss_bs,1.2377549705011561
Postcentral-L,711.6667,vss_iss,1.678814758991424
Postcentral-L,712.5,iss_bs,-0.4575479464796354
Postcentral-L,712.5,vss_bs,1.2057527661876801
Postcentral-L,712.5,vss_iss,1.6633007126673156
Postcentral-L,713.3332999999999,iss_bs,-0.4749275931357155
Postcentral-L,713.3332999999999,vss_bs,1.1716531779135393
Postcentral-L,713.3332999999999,vss_iss,1.6465807710492548
Postcentral-L,714.1667,iss_bs,-0.49294238934611
Postcentral-L,714.1667,vss_bs,1.1359023883075425
Postcentral-L,714.1667,vss_iss,1.6288447776536525
Postcentral-L,715,iss_bs,-0.5113290966317839
Postcentral-L,715,vss_bs,1.0989662017986979
Postcentral-L,715,vss_iss,1.6102952984304817
Postcentral-L,715.8333,iss_bs,-0.529821989415962
Postcentral-L,715.8333,vss_bs,1.0613228992809691
Postcentral-L,715.8333,vss_iss,1.591144888696931
Postcentral-L,716.6667,iss_bs,-0.5481572377048953
Postcentral-L,716.6667,vss_bs,1.0234559899097184
Postcentral-L,716.6667,vss_iss,1.5716132276146138
Postcentral-L,717.5,iss_bs,-0.5660771844002015
Postcentral-L,717.5,vss_bs,0.985846978031247
Postcentral-L,717.5,vss_iss,1.5519241624314486
Postcentral-L,718.3333,iss_bs,-0.5833344445273071
Postcentral-L,718.3333,vss_bs,0.9489682612499509
Postcentral-L,718.3333,vss_iss,1.532302705777258
Postcentral-L,719.1667,iss_bs,-0.5996957579502553
Postcentral-L,719.1667,vss_bs,0.9132762717389046
Postcentral-L,719.1667,vss_iss,1.51297202968916
Postcentral-L,720,iss_bs,-0.614945532555335
Postcentral-L,720,vss_bs,0.8792049671972016
Postcentral-L,720,vss_iss,1.4941504997525366
Postcentral-L,720.8333,iss_bs,-0.6288890213119256
Postcentral-L,720.8333,vss_bs,0.8471597704775063
Postcentral-L,720.8333,vss_iss,1.4760487917894318
Postcentral-L,721.6667,iss_bs,-0.6413550839308433
Postcentral-L,721.6667,vss_bs,0.8175120480030718
Postcentral-L,721.6667,vss_iss,1.458867131933915
Postcentral-L,722.5,iss_bs,-0.6521984918980361
Postcentral-L,722.5,vss_bs,0.7905942068400648
Postcentral-L,722.5,vss_iss,1.4427926987381008
Postcentral-L,723.3333,iss_bs,-0.6613017443138657
Postcentral-L,723.3333,vss_bs,0.766695478883646
Postcentral-L,723.3333,vss_iss,1.4279972231975115
Postcentral-L,724.1667000000001,iss_bs,-0.6685763710571078
Postcentral-L,724.1667000000001,vss_bs,0.746058448265373
Postcentral-L,724.1667000000001,vss_iss,1.414634819322481
Postcentral-L,725,iss_bs,-0.673963709155724
Postcentral-L,725,vss_bs,0.7288763650176566
Postcentral-L,725,vss_iss,1.4028400741733806
Postcentral-L,725.8333,iss_bs,-0.6774351477180365
Postcentral-L,725.8333,vss_bs,0.7152912744687552
Postcentral-L,725.8333,vss_iss,1.3927264221867917
Postcentral-L,726.6667,iss_bs,-0.6789918461946061
Postcentral-L,726.6667,vss_bs,0.705392978023282
Postcentral-L,726.6667,vss_iss,1.384384824217888
Postcentral-L,727.5,iss_bs,-0.6786639399418983
Postcentral-L,727.5,vss_bs,0.6992188271426766
Postcentral-L,727.5,vss_iss,1.377882767084575
Postcentral-L,728.3333,iss_bs,-0.6765092558894497
Postcentral-L,728.3333,vss_bs,0.6967543387077817
Postcentral-L,728.3333,vss_iss,1.3732635945972314
Postcentral-L,729.1667,iss_bs,-0.6726115694263571
Postcentral-L,729.1667,vss_bs,0.6979346067438326
Postcentral-L,729.1667,vss_iss,1.3705461761701896
Postcentral-L,730,iss_bs,-0.6670784412850878
Postcentral-L,730,vss_bs,0.7026464729281201
Postcentral-L,730,vss_iss,1.3697249142132077
Postcentral-L,730.8333,iss_bs,-0.6600386800878872
Postcentral-L,730.8333,vss_bs,0.7107314065788428
Postcentral-L,730.8333,vss_iss,1.37077008666673
Postcentral-L,731.6667,iss_bs,-0.6516394822252379
Postcentral-L,731.6667,vss_bs,0.7219890341192238
Postcentral-L,731.6667,vss_iss,1.3736285163444617
Postcentral-L,732.5,iss_bs,-0.6420433057641224
Postcentral-L,732.5,vss_bs,0.7361812484830028
Postcentral-L,732.5,vss_iss,1.3782245542471252
Postcentral-L,733.3333,iss_bs,-0.6314245390614627
Postcentral-L,733.3333,vss_bs,0.7530368207124611
Postcentral-L,733.3333,vss_iss,1.384461359773924
Postcentral-L,734.1667,iss_bs,-0.6199660276276894
Postcentral-L,734.1667,vss_bs,0.7722564292107437
Postcentral-L,734.1667,vss_iss,1.3922224568384332
Postcentral-L,735,iss_bs,-0.6078555245093644
Postcentral-L,735,vss_bs,0.7935180168335042
Postcentral-L,735,vss_iss,1.4013735413428687
Postcentral-L,735.8333,iss_bs,-0.5952821300189844
Postcentral-L,735.8333,vss_bs,0.8164823823013161
Postcentral-L,735.8333,vss_iss,1.4117645123203006
Postcentral-L,736.6667,iss_bs,-0.5824327860357258
Postcentral-L,736.6667,vss_bs,0.8407989103176599
Postcentral-L,736.6667,vss_iss,1.4232316963533855
Postcentral-L,737.5,iss_bs,-0.5694888883527818
Postcentral-L,737.5,vss_bs,0.8661113442940651
Postcentral-L,737.5,vss_iss,1.4356002326468469
Postcentral-L,738.3333,iss_bs,-0.556623077693971
Postcentral-L,738.3333,vss_bs,0.8920635066944883
Postcentral-L,738.3333,vss_iss,1.4486865843884593
Postcentral-L,739.1667,iss_bs,-0.5439962661216057
Postcentral-L,739.1667,vss_bs,0.9183048746693065
Postcentral-L,739.1667,vss_iss,1.4623011407909123
Postcentral-L,740,iss_bs,-0.5317549506830064
Postcentral-L,740,vss_bs,0.944495922785216
Postcentral-L,740,vss_iss,1.4762508734682223
Postcentral-L,740.8333,iss_bs,-0.5200288603845283
Postcentral-L,740.8333,vss_bs,0.9703131501774886
Postcentral-L,740.8333,vss_iss,1.490342010562017
Postcentral-L,741.6667,iss_bs,-0.5089289760438135
Postcentral-L,741.6667,vss_bs,0.9954537162408957
Postcentral-L,741.6667,vss_iss,1.5043826922847092
Postcentral-L,742.5,iss_bs,-0.49854595536979057
Postcentral-L,742.5,vss_bs,1.0196396169020392
Postcentral-L,742.5,vss_iss,1.5181855722718298
Postcentral-L,743.3333,iss_bs,-0.4889489878837745
Postcentral-L,743.3333,vss_bs,1.0426213424286652
Postcentral-L,743.3333,vss_iss,1.5315703303124397
Postcentral-L,744.1667,iss_bs,-0.4801850961597699
Postcentral-L,744.1667,vss_bs,1.064180967467617
Postcentral-L,744.1667,vss_iss,1.544366063627387
Postcentral-L,745,iss_bs,-0.47227889147112384
Postcentral-L,745,vss_bs,1.0841346343876233
Postcentral-L,745,vss_iss,1.556413525858747
Postcentral-L,745.8333,iss_bs,-0.46523278343075464
Postcentral-L,745.8333,vss_bs,1.1023344018539996
Postcentral-L,745.8333,vss_iss,1.5675671852847541
Postcentral-L,746.6667,iss_bs,-0.4590276347528917
Postcentral-L,746.6667,vss_bs,1.118669441692196
Postcentral-L,746.6667,vss_iss,1.5776970764450877
Postcentral-L,747.5,iss_bs,-0.4536238439935822
Postcentral-L,747.5,vss_bs,1.133066578317197
Postcentral-L,747.5,vss_iss,1.5866904223107792
Postcentral-L,748.3333,iss_bs,-0.44896283119133296
Postcentral-L,748.3333,vss_bs,1.145490176128296
Postcentral-L,748.3333,vss_iss,1.594453007319629
Postcentral-L,749.1667,iss_bs,-0.44496889386821603
Postcentral-L,749.1667,vss_bs,1.1559413911106196
Postcentral-L,749.1667,vss_iss,1.6009102849788355
Postcentral-L,750,iss_bs,-0.44155139399815524
Postcentral-L,750,vss_bs,1.1644568132699984
Postcentral-L,750,vss_iss,1.6060082072681536
Postcentral-L,750.8333,iss_bs,-0.43860723042599986
Postcentral-L,750.8333,vss_bs,1.171106536290266
Postcentral-L,750.8333,vss_iss,1.6097137667162658
Postcentral-L,751.6667,iss_bs,-0.43602354593880205
Postcentral-L,751.6667,vss_bs,1.175991699788687
Postcentral-L,751.6667,vss_iss,1.612015245727489
Postcentral-L,752.5,iss_bs,-0.43368061384638285
Postcentral-L,752.5,vss_bs,1.179241557617298
Postcentral-L,752.5,vss_iss,1.612922171463681
Postcentral-L,753.3333,iss_bs,-0.43145484560277025
Postcentral-L,753.3333,vss_bs,1.1810101326942055
Postcentral-L,753.3333,vss_iss,1.6124649782969758
Postcentral-L,754.1667,iss_bs,-0.42922185875722046
Postcentral-L,754.1667,vss_bs,1.1814725247464817
Postcentral-L,754.1667,vss_iss,1.610694383503702
Postcentral-L,755,iss_bs,-0.42685954340848775
Postcentral-L,755,vss_bs,1.1808209420230018
Postcentral-L,755,vss_iss,1.6076804854314897
Postcentral-L,755.8333,iss_bs,-0.4242510653745312
Postcentral-L,755.8333,vss_bs,1.1792605314300235
Postcentral-L,755.8333,vss_iss,1.6035115968045548
Postcentral-L,756.6667,iss_bs,-0.4212877454872864
Postcentral-L,756.6667,vss_bs,1.1770050836158434
Postcentral-L,756.6667,vss_iss,1.59829282910313
Postcentral-L,757.5,iss_bs,-0.41787175676378824
Postcentral-L,757.5,vss_bs,1.174272690266879
Postcentral-L,757.5,vss_iss,1.5921444470306672
Postcentral-L,758.3333,iss_bs,-0.4139185846544221
Postcentral-L,758.3333,vss_bs,1.17128143028246
Postcentral-L,758.3333,vss_iss,1.585200014936882
Postcentral-L,759.1667,iss_bs,-0.4093592000714487
Postcentral-L,759.1667,vss_bs,1.1682451595976386
Postcentral-L,759.1667,vss_iss,1.5776043596690874
Postcentral-L,760,iss_bs,-0.40414190037951625
Postcentral-L,760,vss_bs,1.1653694762730666
Postcentral-L,760,vss_iss,1.5695113766525828
Postcentral-L,760.8333,iss_bs,-0.39823377989182496
Postcentral-L,760.8333,vss_bs,1.162847928138514
Postcentral-L,760.8333,vss_iss,1.561081708030339
Postcentral-L,761.6667,iss_bs,-0.39162179854857687
Postcentral-L,761.6667,vss_bs,1.1608585248524164
Postcentral-L,761.6667,vss_iss,1.5524803234009932
Postcentral-L,762.5,iss_bs,-0.3843134252325504
Postcentral-L,762.5,vss_bs,1.1595606098311784
Postcentral-L,762.5,vss_iss,1.5438740350637288
Postcentral-L,763.3333,iss_bs,-0.37633684045957144
Postcentral-L,763.3333,vss_bs,1.1590921402318255
Postcentral-L,763.3333,vss_iss,1.535428980691397
Postcentral-L,764.1667,iss_bs,-0.3677406918182704
Postcentral-L,764.1667,vss_bs,1.1595674151770001
Postcentral-L,764.1667,vss_iss,1.5273081069952705
Postcentral-L,765,iss_bs,-0.35859340436411996
Postcentral-L,765,vss_bs,1.1610752838393534
Postcentral-L,765,vss_iss,1.5196686882034733
Postcentral-L,765.8333,iss_bs,-0.34898205703201396
Postcentral-L,765.8333,vss_bs,1.1636778560094292
Postcentral-L,765.8333,vss_iss,1.512659913041443
Postcentral-L,766.6667,iss_bs,-0.33901084485098504
Postcentral-L,766.6667,vss_bs,1.1674097285190457
Postcentral-L,766.6667,vss_iss,1.5064205733700307
Postcentral-L,767.5,iss_bs,-0.3287991551565762
Postcentral-L,767.5,vss_bs,1.172277731545252
Postcentral-L,767.5,vss_iss,1.5010768867018283
Postcentral-L,768.3333,iss_bs,-0.31847929393568275
Postcentral-L,768.3333,vss_bs,1.178261189543518
Postcentral-L,768.3333,vss_iss,1.4967404834792009
Postcentral-L,769.1667,iss_bs,-0.3081939057479694
Postcentral-L,769.1667,vss_bs,1.185312682514502
Postcentral-L,769.1667,vss_iss,1.4935065882624714
Postcentral-L,770,iss_bs,-0.2980931371981075
Postcentral-L,770,vss_bs,1.1933592846532655
Postcentral-L,770,vss_iss,1.491452421851373
Postcentral-L,770.8333,iss_bs,-0.28833159954897686
Postcentral-L,770.8333,vss_bs,1.2023042493113685
Postcentral-L,770.8333,vss_iss,1.4906358488603453
Postcentral-L,771.6667,iss_bs,-0.2790651906467082
Postcentral-L,771.6667,vss_bs,1.2120291017583207
Postcentral-L,771.6667,vss_iss,1.491094292405029
Postcentral-L,772.5,iss_bs,-0.27044783977218173
Postcentral-L,772.5,vss_bs,1.2223960945836883
Postcentral-L,772.5,vss_iss,1.49284393435587
Postcentral-L,773.3333,iss_bs,-0.2626282412579201
Postcentral-L,773.3333,vss_bs,1.2332509748440657
Postcentral-L,773.3333,vss_iss,1.4958792161019858
Postcentral-L,774.1667,iss_bs,-0.25574664365525845
Postcentral-L,774.1667,vss_bs,1.244426007321565
Postcentral-L,774.1667,vss_iss,1.5001726509768234
Postcentral-L,775,iss_bs,-0.24993176086769342
Postcentral-L,775,vss_bs,1.2557431945964186
Postcentral-L,775,vss_iss,1.505674955464112
Postcentral-L,775.8332999999999,iss_bs,-0.24529786997264963
Postcentral-L,775.8332999999999,vss_bs,1.2670176320984234
Postcentral-L,775.8332999999999,vss_iss,1.512315502071073
Postcentral-L,776.6667,iss_bs,-0.241942157449952
Postcentral-L,776.6667,vss_bs,1.2780609349234406
Postcentral-L,776.6667,vss_iss,1.5200030923733925
Postcentral-L,777.5,iss_bs,-0.23994237126271595
Postcentral-L,777.5,vss_bs,1.2886846729930654
Postcentral-L,777.5,vss_iss,1.5286270442557814
Postcentral-L,778.3333,iss_bs,-0.23935483076155237
Postcentral-L,778.3333,vss_bs,1.298703752087915
Postcentral-L,778.3333,vss_iss,1.5380585828494675
Postcentral-L,779.1667,iss_bs,-0.24021283979772418
Postcentral-L,779.1667,vss_bs,1.3079396803668364
Postcentral-L,779.1667,vss_iss,1.5481525201645605
Postcentral-L,780,iss_bs,-0.24252554085047776
Postcentral-L,780,vss_bs,1.3162236631438196
Postcentral-L,780,vss_iss,1.5587492039942974
Postcentral-L,780.8333,iss_bs,-0.24627723953467515
Postcentral-L,780.8333,vss_bs,1.3233994728608363
Postcentral-L,780.8333,vss_iss,1.5696767123955113
Postcentral-L,781.6667,iss_bs,-0.25142721971363935
Postcentral-L,781.6667,vss_bs,1.3293260462790344
Postcentral-L,781.6667,vss_iss,1.5807532659926737
Postcentral-L,782.5,iss_bs,-0.2579100597715607
Postcentral-L,782.5,vss_bs,1.3338797668073261
Postcentral-L,782.5,vss_iss,1.5917898265788868
Postcentral-L,783.3333,iss_bs,-0.2656364505862064
Postcentral-L,783.3333,vss_bs,1.3369563964769773
Postcentral-L,783.3333,vss_iss,1.6025928470631836
Postcentral-L,784.1667,iss_bs,-0.274494505582236
Postcentral-L,784.1667,vss_bs,1.3384726292215392
Postcentral-L,784.1667,vss_iss,1.612967134803775
Postcentral-L,785,iss_bs,-0.2843515431412738
Postcentral-L,785,vss_bs,1.3383672446922656
Postcentral-L,785,vss_iss,1.6227187878335394
Postcentral-L,785.8333,iss_bs,-0.29505631180106295
Postcentral-L,785.8333,vss_bs,1.3366018496822152
Postcentral-L,785.8333,vss_iss,1.631658161483278
Postcentral-L,786.6667000000001,iss_bs,-0.3064416192961678
Postcentral-L,786.6667000000001,vss_bs,1.3331612021956614
Postcentral-L,786.6667000000001,vss_iss,1.6396028214918292
Postcentral-L,787.5,iss_bs,-0.31832731777346107
Postcentral-L,787.5,vss_bs,1.3280531211301438
Postcentral-L,787.5,vss_iss,1.646380438903605
Postcentral-L,788.3333,iss_bs,-0.3305235896436714
Postcentral-L,788.3333,vss_bs,1.3213079922856952
Postcentral-L,788.3333,vss_iss,1.6518315819293665
Postcentral-L,789.1667,iss_bs,-0.3428344716786048
Postcentral-L,789.1667,vss_bs,1.312977888832927
Postcentral-L,789.1667,vss_iss,1.655812360511532
Postcentral-L,790,iss_bs,-0.3550615492864491
Postcentral-L,790,vss_bs,1.3031353313201803
Postcentral-L,790,vss_iss,1.6581968806066294
Postcentral-L,790.8333,iss_bs,-0.3670077485284834
Postcentral-L,790.8333,vss_bs,1.291871718651194
Postcentral-L,790.8333,vss_iss,1.6588794671796776
Postcentral-L,791.6667,iss_bs,-0.37848115048773423
Postcentral-L,791.6667,vss_bs,1.2792954671029722
Postcentral-L,791.6667,vss_iss,1.6577766175907065
Postcentral-L,792.5,iss_bs,-0.38929875114526424
Postcentral-L,792.5,vss_bs,1.265529899277666
Postcentral-L,792.5,vss_iss,1.6548286504229301
Postcentral-L,793.3333,iss_bs,-0.399290090014469
Postcentral-L,793.3333,vss_bs,1.2507109288082943
Postcentral-L,793.3333,vss_iss,1.6500010188227634
Postcentral-L,794.1667,iss_bs,-0.40830067244885493
Postcentral-L,794.1667,vss_bs,1.2349845896000637
Postcentral-L,794.1667,vss_iss,1.6432852620489187
Postcentral-L,795,iss_bs,-0.4161951137630696
Postcentral-L,795,vss_bs,1.2185044603410333
Postcentral-L,795,vss_iss,1.6346995741041028
Postcentral-L,795.8333,iss_bs,-0.4228599380466626
Postcentral-L,795.8333,vss_bs,1.2014290359319069
Postcentral-L,795.8333,vss_iss,1.6242889739785695
Postcentral-L,796.6667,iss_bs,-0.4282059707297663
Postcentral-L,796.6667,vss_bs,1.1839190973602647
Postcentral-L,796.6667,vss_iss,1.612125068090031
Postcentral-L,797.5,iss_bs,-0.432170271472574
Postcentral-L,797.5,vss_bs,1.1661351303955525
Postcentral-L,797.5,vss_iss,1.5983054018681266
Postcentral-L,798.3333,iss_bs,-0.43471756266058764
Postcentral-L,798.3333,vss_bs,1.1482348413441719
Postcentral-L,798.3333,vss_iss,1.5829524040047596
Postcentral-L,799.1667,iss_bs,-0.43584111853185514
Postcentral-L,799.1667,vss_bs,1.130370815035309
Postcentral-L,799.1667,vss_iss,1.566211933567164
Postcentral-L,800,iss_bs,-0.43556309055405745
Postcentral-L,800,vss_bs,1.112688356282248
Postcentral-L,800,vss_iss,1.5482514468363056
Postcentral-L,800.8333,iss_bs,-0.4339342559008322
Postcentral-L,800.8333,vss_bs,1.0953235513723918
Postcentral-L,800.8333,vss_iss,1.529257807273224
Postcentral-L,801.6667,iss_bs,-0.4310331875242976
Postcentral-L,801.6667,vss_bs,1.0784015807882503
Postcentral-L,801.6667,vss_iss,1.509434768312548
Postcentral-L,802.5,iss_bs,-0.4269648561484865
Postcentral-L,802.5,vss_bs,1.062035308470203
Postcentral-L,802.5,vss_iss,1.4890001646186897
Postcentral-L,803.3333,iss_bs,-0.42185868627312173
Postcentral-L,803.3333,vss_bs,1.0463241666288203
Postcentral-L,803.3333,vss_iss,1.468182852901942
Postcentral-L,804.1667,iss_bs,-0.41586609973344907
Postcentral-L,804.1667,vss_bs,1.0313533485366972
Postcentral-L,804.1667,vss_iss,1.4472194482701461
Postcentral-L,805,iss_bs,-0.40915759126740786
Postcentral-L,805,vss_bs,1.0171933150173287
Postcentral-L,805,vss_iss,1.4263509062847366
Postcentral-L,805.8333,iss_bs,-0.4019193906615515
Postcentral-L,805.8333,vss_bs,1.003899613644708
Postcentral-L,805.8333,vss_iss,1.4058190043062597
Postcentral-L,806.6667,iss_bs,-0.39434977516107467
Postcentral-L,806.6667,vss_bs,0.9915130031125735
Postcentral-L,806.6667,vss_iss,1.3858627782736481
Postcentral-L,807.5,iss_bs,-0.38665510373331224
Postcentral-L,807.5,vss_bs,0.9800598689632565
Postcentral-L,807.5,vss_iss,1.3667149726965688
Postcentral-L,808.3333,iss_bs,-0.3790456512881658
Postcentral-L,808.3333,vss_bs,0.9695529110123201
Postcentral-L,808.3333,vss_iss,1.348598562300486
Postcentral-L,809.1667,iss_bs,-0.37173132592909885
Postcentral-L,809.1667,vss_bs,0.9599920774856323
Postcentral-L,809.1667,vss_iss,1.3317234034147312
Postcentral-L,810,iss_bs,-0.3649173556112551
Postcentral-L,810,vss_bs,0.951365716207318
Postcentral-L,810,vss_iss,1.3162830718185732
Postcentral-L,810.8333,iss_bs,-0.35880003212950856
Postcentral-L,810.8333,vss_bs,0.9436519092320387
Postcentral-L,810.8333,vss_iss,1.3024519413615472
Postcentral-L,811.6667,iss_bs,-0.35356260009468676
Postcentral-L,811.6667,vss_bs,0.9368199541788426
Postcentral-L,811.6667,vss_iss,1.2903825542735294
Postcentral-L,812.5,iss_bs,-0.349371376464867
Postcentral-L,812.5,vss_bs,0.9308319532537027
Postcentral-L,812.5,vss_iss,1.2802033297185695
Postcentral-L,813.3333,iss_bs,-0.34637218230250816
Postcentral-L,813.3333,vss_bs,0.9256444695818645
Postcentral-L,813.3333,vss_iss,1.2720166518843727
Postcentral-L,814.1667,iss_bs,-0.34468716278826067
Postcentral-L,814.1667,vss_bs,0.9212102100269518
Postcentral-L,814.1667,vss_iss,1.2658973728152125
Postcentral-L,815,iss_bs,-0.3444120642366525
Postcentral-L,815,vss_bs,0.9174796941495176
Postcentral-L,815,vss_iss,1.26189175838617
Postcentral-L,815.8333,iss_bs,-0.345614028062437
Postcentral-L,815.8333,vss_bs,0.9144028703301132
Postcentral-L,815.8333,vss_iss,1.2600168983925502
Postcentral-L,816.6667,iss_bs,-0.34832995150718143
Postcentral-L,816.6667,vss_bs,0.9119306423093433
Postcentral-L,816.6667,vss_iss,1.2602605938165248
Postcentral-L,817.5,iss_bs,-0.35256545365279757
Postcentral-L,817.5,vss_bs,0.9100162724185699
Postcentral-L,817.5,vss_iss,1.2625817260713674
Postcentral-L,818.3333,iss_bs,-0.35829447304730094
Postcentral-L,818.3333,vss_bs,0.9086166315120728
Postcentral-L,818.3333,vss_iss,1.2669111045593737
Postcentral-L,819.1667,iss_bs,-0.36545951039633906
Postcentral-L,819.1667,vss_bs,0.9076932699713263
Postcentral-L,819.1667,vss_iss,1.2731527803676652
Postcentral-L,820,iss_bs,-0.37397251649624985
Postcentral-L,820,vss_bs,0.9072132890277503
Postcentral-L,820,vss_iss,1.2811858055240002
Postcentral-L,820.8333,iss_bs,-0.3837164121774688
Postcentral-L,820.8333,vss_bs,0.9071499969248796
Postcentral-L,820.8333,vss_iss,1.2908664091023483
Postcentral-L,821.6667,iss_bs,-0.39454721377316554
Postcentral-L,821.6667,vss_bs,0.90748333998857
Postcentral-L,821.6667,vss_iss,1.3020305537617356
Postcentral-L,822.5,iss_bs,-0.4062967248091041
Postcentral-L,822.5,vss_bs,0.9082001043642086
Postcentral-L,822.5,vss_iss,1.3144968291733128
Postcentral-L,823.3333,iss_bs,-0.41877574250302485
Postcentral-L,823.3333,vss_bs,0.9092938898796831
Postcentral-L,823.3333,vss_iss,1.328069632382708
Postcentral-L,824.1667,iss_bs,-0.43177771652880215
Postcentral-L,824.1667,vss_bs,0.9107648630701958
Postcentral-L,824.1667,vss_iss,1.342542579598998
Postcentral-L,825,iss_bs,-0.4450827875878121
Postcentral-L,825,vss_bs,0.912619301726829
Postcentral-L,825,vss_iss,1.3577020893146412
Postcentral-L,825.8333,iss_bs,-0.4584621248593545
Postcentral-L,825.8333,vss_bs,0.9148689482839467
Postcentral-L,825.8333,vss_iss,1.3733310731433013
Postcentral-L,826.6667,iss_bs,-0.4716824745668176
Postcentral-L,826.6667,vss_bs,0.9175301938278495
Postcentral-L,826.6667,vss_iss,1.389212668394667
Postcentral-L,827.5,iss_bs,-0.4845108268568329
Postcentral-L,827.5,vss_bs,0.9206231183906335
Postcentral-L,827.5,vss_iss,1.4051339452474663
Postcentral-L,828.3333,iss_bs,-0.4967191050678304
Postcentral-L,828.3333,vss_bs,0.9241704164024218
Postcentral-L,828.3333,vss_iss,1.4208895214702522
Postcentral-L,829.1667,iss_bs,-0.5080887803459047
Postcentral-L,829.1667,vss_bs,0.9281962386418325
Postcentral-L,829.1667,vss_iss,1.4362850189877372
Postcentral-L,830,iss_bs,-0.5184153154898553
Postcentral-L,830,vss_bs,0.9327249836967129
Postcentral-L,830,vss_iss,1.4511402991865683
Postcentral-L,830.8333,iss_bs,-0.5275123448720448
Postcentral-L,830.8333,vss_bs,0.9377800727907698
Postcentral-L,830.8333,vss_iss,1.4652924176628146
Postcentral-L,831.6667,iss_bs,-0.5352155022398299
Postcentral-L,831.6667,vss_bs,0.9433827418335936
Postcentral-L,831.6667,vss_iss,1.4785982440734236
Postcentral-L,832.5,iss_bs,-0.5413858150647463
Postcentral-L,832.5,vss_bs,0.9495508837172281
Postcentral-L,832.5,vss_iss,1.4909366987819743
Postcentral-L,833.3333,iss_bs,-0.5459125927410222
Postcentral-L,833.3333,vss_bs,0.9562979722381086
Postcentral-L,833.3333,vss_iss,1.5022105649791309
Postcentral-L,834.1667,iss_bs,-0.5487157461708286
Postcentral-L,834.1667,vss_bs,0.9636320966135243
Postcentral-L,834.1667,vss_iss,1.5123478427843529
Postcentral-L,835,iss_bs,-0.549747487903583
Postcentral-L,835,vss_bs,0.9715551324500927
Postcentral-L,835,vss_iss,1.5213026203536757
Postcentral-L,835.8333,iss_bs,-0.5489933747820804
Postcentral-L,835.8333,vss_bs,0.9800620712869228
Postcentral-L,835.8333,vss_iss,1.5290554460690031
Postcentral-L,836.6667,iss_bs,-0.5464726687231647
Postcentral-L,836.6667,vss_bs,0.9891405265730657
Postcentral-L,836.6667,vss_iss,1.5356131952962304
Postcentral-L,837.5,iss_bs,-0.5422380055383993
Postcentral-L,837.5,vss_bs,0.9987704292532298
Postcentral-L,837.5,vss_iss,1.541008434791629
Postcentral-L,838.3332999999999,iss_bs,-0.536374376277941
Postcentral-L,838.3332999999999,vss_bs,1.0089239211445233
Postcentral-L,838.3332999999999,vss_iss,1.5452982974224645
Postcentral-L,839.1667,iss_bs,-0.5289974401477541
Postcentral-L,839.1667,vss_bs,1.0195654491133361
Postcentral-L,839.1667,vss_iss,1.5485628892610903
Postcentral-L,840,iss_bs,-0.5202512022927755
Postcentral-L,840,vss_bs,1.0306520578331853
Postcentral-L,840,vss_iss,1.550903260125961
Postcentral-L,840.8333,iss_bs,-0.5103051033484877
Postcentral-L,840.8333,vss_bs,1.0421338737501658
Postcentral-L,840.8333,vss_iss,1.5524389770986533
Postcentral-L,841.6667,iss_bs,-0.49935058034292634
Postcentral-L,841.6667,vss_bs,1.0539547679296117
Postcentral-L,841.6667,vss_iss,1.553305348272538
Postcentral-L,842.5,iss_bs,-0.48759717000200636
Postcentral-L,842.5,vss_bs,1.0660531808275469
Postcentral-L,842.5,vss_iss,1.5536503508295532
Postcentral-L,843.3333,iss_bs,-0.4752682355178822
Postcentral-L,843.3333,vss_bs,1.07836308783763
Postcentral-L,843.3333,vss_iss,1.5536313233555121
Postcentral-L,844.1667,iss_bs,-0.4625964061587077
Postcentral-L,844.1667,vss_bs,1.090815080812315
Postcentral-L,844.1667,vss_iss,1.5534114869710225
Postcentral-L,845,iss_bs,-0.44981882553886043
Postcentral-L,845,vss_bs,1.1033375377359673
Postcentral-L,845,vss_iss,1.5531563632748278
Postcentral-L,845.8333,iss_bs,-0.43717230878142593
Postcentral-L,845.8333,vss_bs,1.1158578504134322
Postcentral-L,845.8333,vss_iss,1.5530301591948583
Postcentral-L,846.6667,iss_bs,-0.42488851108342673
Postcentral-L,846.6667,vss_bs,1.1283036784876046
Postcentral-L,846.6667,vss_iss,1.5531921895710312
Postcentral-L,847.5,iss_bs,-0.413189210277126
Postcentral-L,847.5,vss_bs,1.14060419735397
Postcentral-L,847.5,vss_iss,1.5537934076310962
Postcentral-L,848.3333,iss_bs,-0.40228180385506207
Postcentral-L,848.3333,vss_bs,1.1526913076187715
Postcentral-L,848.3333,vss_iss,1.5549731114738334
Postcentral-L,849.1667000000001,iss_bs,-0.39235511662641803
Postcentral-L,849.1667000000001,vss_bs,1.164500774650274
Postcentral-L,849.1667000000001,vss_iss,1.556855891276692
Postcentral-L,850,iss_bs,-0.38357560878025376
Postcentral-L,850,vss_bs,1.1759732684798025
Postcentral-L,850,vss_iss,1.5595488772600563
Postcentral-L,850.8333,iss_bs,-0.37608406577544184
Postcentral-L,850.8333,vss_bs,1.1870552767807236
Postcentral-L,850.8333,vss_iss,1.5631393425561655
Postcentral-L,851.6667,iss_bs,-0.3699928413295442
Postcentral-L,851.6667,vss_bs,1.1976998668309184
Postcentral-L,851.6667,vss_iss,1.5676927081604628
Postcentral-L,852.5,iss_bs,-0.3653837130515624
Postcentral-L,852.5,vss_bs,1.2078672761713802
Postcentral-L,852.5,vss_iss,1.5732509892229425
Postcentral-L,853.3333,iss_bs,-0.36230639720409613
Postcentral-L,853.3333,vss_bs,1.2175253160186872
Postcentral-L,853.3333,vss_iss,1.5798317132227833
Postcentral-L,854.1667,iss_bs,-0.36077775496670306
Postcentral-L,854.1667,vss_bs,1.2266495762668976
Postcentral-L,854.1667,vss_iss,1.5874273312336007
Postcentral-L,855,iss_bs,-0.3607817077072672
Postcentral-L,855,vss_bs,1.235223426008484
Postcentral-L,855,vss_iss,1.5960051337157513
Postcentral-L,855.8333,iss_bs,-0.3622698634719195
Postcentral-L,855.8333,vss_bs,1.2432378087895497
Postcentral-L,855.8333,vss_iss,1.6055076722614692
Postcentral-L,856.6667,iss_bs,-0.36516284150819084
Postcentral-L,856.6667,vss_bs,1.2506908371617609
Postcentral-L,856.6667,vss_iss,1.6158536786699518
Postcentral-L,857.5,iss_bs,-0.3693522664759707
Postcentral-L,857.5,vss_bs,1.2575871963697334
Postcentral-L,857.5,vss_iss,1.626939462845704
Postcentral-L,858.3333,iss_bs,-0.37470338940792125
Postcentral-L,858.3333,vss_bs,1.2639373720867282
Postcentral-L,858.3333,vss_iss,1.6386407614946494
Postcentral-L,859.1667,iss_bs,-0.38105827877593207
Postcentral-L,859.1667,vss_bs,1.269756721856176
Postcentral-L,859.1667,vss_iss,1.650815000632108
Postcentral-L,860,iss_bs,-0.3882395125059413
Postcentral-L,860,vss_bs,1.2750644141915484
Postcentral-L,860,vss_iss,1.6633039266974896
Postcentral-L,860.8333,iss_bs,-0.39605429073717296
Postcentral-L,860.8333,vss_bs,1.279882263022612
Postcentral-L,860.8333,vss_iss,1.675936553759785
Postcentral-L,861.6667,iss_bs,-0.40429887979100604
Postcentral-L,861.6667,vss_bs,1.2842334882548414
Postcentral-L,861.6667,vss_iss,1.6885323680458475
Postcentral-L,862.5,iss_bs,-0.4127632904086949
Postcentral-L,862.5,vss_bs,1.288141435548993
Postcentral-L,862.5,vss_iss,1.700904725957688
Postcentral-L,863.3333,iss_bs,-0.42123608800511414
Postcentral-L,863.3333,vss_bs,1.2916282899648373
Postcentral-L,863.3333,vss_iss,1.7128643779699515
Postcentral-L,864.1667,iss_bs,-0.4295092295905263
Postcentral-L,864.1667,vss_bs,1.2947138188013658
Postcentral-L,864.1667,vss_iss,1.724223048391892
Postcentral-L,865,iss_bs,-0.43738282120919064
Postcentral-L,865,vss_bs,1.2974141787799227
Postcentral-L,865,vss_iss,1.7347969999891133
Postcentral-L,865.8333,iss_bs,-0.44466969125746064
Postcentral-L,865.8333,vss_bs,1.299740821652291
Postcentral-L,865.8333,vss_iss,1.7444105129097516
Postcentral-L,866.6667,iss_bs,-0.451199678848309
Postcentral-L,866.6667,vss_bs,1.3016995303895291
Postcentral-L,866.6667,vss_iss,1.7528992092378382
Postcentral-L,867.5,iss_bs,-0.45682354240833634
Postcentral-L,867.5,vss_bs,1.3032896153570117
Postcentral-L,867.5,vss_iss,1.760113157765348
Postcentral-L,868.3333,iss_bs,-0.4614164018008966
Postcentral-L,868.3333,vss_bs,1.3045032963645293
Postcentral-L,868.3333,vss_iss,1.765919698165426
Postcentral-L,869.1667,iss_bs,-0.46488063729371387
Postcentral-L,869.1667,vss_bs,1.3053252922744323
Postcentral-L,869.1667,vss_iss,1.7702059295681463
Postcentral-L,870,iss_bs,-0.4671481804166163
Postcentral-L,870,vss_bs,1.3057326350494751
Postcentral-L,870,vss_iss,1.7728808154660913
Postcentral-L,870.8333,iss_bs,-0.4681821449318226
Postcentral-L,870.8333,vss_bs,1.3056947198347808
Postcentral-L,870.8333,vss_iss,1.7738768647666034
Postcentral-L,871.6667,iss_bs,-0.46797776048035683
Postcentral-L,871.6667,vss_bs,1.3051735970168499
Postcentral-L,871.6667,vss_iss,1.7731513574972066
Postcentral-L,872.5,iss_bs,-0.4665625866619648
Postcentral-L,872.5,vss_bs,1.3041245063183617
Postcentral-L,872.5,vss_iss,1.7706870929803264
Postcentral-L,873.3333,iss_bs,-0.46399600102059013
Postcentral-L,873.3333,vss_bs,1.3024966470094554
Postcentral-L,873.3333,vss_iss,1.7664926480300456
Postcentral-L,874.1667,iss_bs,-0.4603679702996615
Postcentral-L,874.1667,vss_bs,1.3002341723856998
Postcentral-L,874.1667,vss_iss,1.7606021426853613
Postcentral-L,875,iss_bs,-0.45579713005243183
Postcentral-L,875,vss_bs,1.297277390922553
Postcentral-L,875,vss_iss,1.753074520974985
Postcentral-L,875.8333,iss_bs,-0.4504282128968984
Postcentral-L,875.8333,vss_bs,1.293564151104455
Postcentral-L,875.8333,vss_iss,1.7439923640013535
Postcentral-L,876.6667,iss_bs,-0.4444288800577535
Postcentral-L,876.6667,vss_bs,1.2890313819762642
Postcentral-L,876.6667,vss_iss,1.7334602620340176
Postcentral-L,877.5,iss_bs,-0.4379860240221921
Postcentral-L,877.5,vss_bs,1.283616757098153
Postcentral-L,877.5,vss_iss,1.721602781120345
Postcentral-L,878.3333,iss_bs,-0.4313016218610958
Postcentral-L,878.3333,vss_bs,1.2772604459122987
Postcentral-L,878.3333,vss_iss,1.7085620677733946
Postcentral-L,879.1667,iss_bs,-0.42458822877168495
Postcentral-L,879.1667,vss_bs,1.2699069136453314
Postcentral-L,879.1667,vss_iss,1.6944951424170163
Postcentral-L,880,iss_bs,-0.41806420945999995
Postcentral-L,880,vss_bs,1.2615067288515092
Postcentral-L,880,vss_iss,1.6795709383115092
Postcentral-L,880.8333,iss_bs,-0.41194881092156954
Postcentral-L,880.8333,vss_bs,1.2520183366048492
Postcentral-L,880.8333,vss_iss,1.6639671475264188
Postcentral-L,881.6667,iss_bs,-0.4064571838627792
Postcentral-L,881.6667,vss_bs,1.241409755210472
Postcentral-L,881.6667,vss_iss,1.647866939073251
Postcentral-L,882.5,iss_bs,-0.40179546135017424
Postcentral-L,882.5,vss_bs,1.22966015513962
Postcentral-L,882.5,vss_iss,1.6314556164897942
Postcentral-L,883.3333,iss_bs,-0.3981560022479306
Postcentral-L,883.3333,vss_bs,1.216761280690683
Postcentral-L,883.3333,vss_iss,1.6149172829386136
Postcentral-L,884.1667,iss_bs,-0.3957129036248524
Postcentral-L,884.1667,vss_bs,1.2027186776087688
Postcentral-L,884.1667,vss_iss,1.5984315812336212
Postcentral-L,885,iss_bs,-0.39461788065398923
Postcentral-L,885,vss_bs,1.1875526935052794
Postcentral-L,885,vss_iss,1.5821705741592687
Postcentral-L,885.8333,iss_bs,-0.394996604712068
Postcentral-L,885.8333,vss_bs,1.1712992223326764
Postcentral-L,885.8333,vss_iss,1.5662958270447442
Postcentral-L,886.6667,iss_bs,-0.39694558058314794
Postcentral-L,886.6667,vss_bs,1.1540101692942397
Postcentral-L,886.6667,vss_iss,1.5509557498773876
Postcentral-L,887.5,iss_bs,-0.40052963209482473
Postcentral-L,887.5,vss_bs,1.1357536182935803
Postcentral-L,887.5,vss_iss,1.536283250388405
Postcentral-L,888.3333,iss_bs,-0.40578005241958787
Postcentral-L,888.3333,vss_bs,1.1166136902283121
Postcentral-L,888.3333,vss_iss,1.5223937426479
Postcentral-L,889.1667,iss_bs,-0.41269346094532067
Postcentral-L,889.1667,vss_bs,1.0966900869691827
Postcentral-L,889.1667,vss_iss,1.5093835479145035
Postcentral-L,890,iss_bs,-0.4212313933718914
Postcentral-L,890,vss_bs,1.0760973225939654
Postcentral-L,890,vss_iss,1.4973287159658568
Postcentral-L,890.8333,iss_bs,-0.4313206358596598
Postcentral-L,890.8333,vss_bs,1.0549636502127786
Postcentral-L,890.8333,vss_iss,1.4862842860724383
Postcentral-L,891.6667,iss_bs,-0.44285429798795806
Postcentral-L,891.6667,vss_bs,1.033429699375042
Postcentral-L,891.6667,vss_iss,1.4762839973630002
Postcentral-L,892.5,iss_bs,-0.4556936033298737
Postcentral-L,892.5,vss_bs,1.011646845435737
Postcentral-L,892.5,vss_iss,1.4673404487656108
Postcentral-L,893.3333,iss_bs,-0.4696703609635146
Postcentral-L,893.3333,vss_bs,0.9897753382339979
Postcentral-L,893.3333,vss_iss,1.4594456991975124
Postcentral-L,894.1667,iss_bs,-0.4845900665589645
Postcentral-L,894.1667,vss_bs,0.9679822228618832
Postcentral-L,894.1667,vss_iss,1.4525722894208477
Postcentral-L,895,iss_bs,-0.5002355681253386
Postcentral-L,895,vss_bs,0.9464390900499242
Postcentral-L,895,vss_iss,1.4466746581752628
Postcentral-L,895.8333,iss_bs,-0.5163712193702166
Postcentral-L,895.8333,vss_bs,0.9253196976573558
Postcentral-L,895.8333,vss_iss,1.4416909170275725
Postcentral-L,896.6667,iss_bs,-0.5327474331781384
Postcentral-L,896.6667,vss_bs,0.9047975078355499
Postcentral-L,896.6667,vss_iss,1.4375449410136882
Postcentral-L,897.5,iss_bs,-0.549105539183026
Postcentral-L,897.5,vss_bs,0.8850431865592473
Postcentral-L,897.5,vss_iss,1.4341487257422731
Postcentral-L,898.3333,iss_bs,-0.5651828429751421
Postcentral-L,898.3333,vss_bs,0.8662221133397657
Postcentral-L,898.3333,vss_iss,1.4314049563149078
Postcentral-L,899.1667,iss_bs,-0.5807177802841983
Postcentral-L,899.1667,vss_bs,0.8484919490183233
Postcentral-L,899.1667,vss_iss,1.4292097293025217
Postcentral-L,900,iss_bs,-0.5954550576041507
Postcentral-L,900,vss_bs,0.8320003085803596
Postcentral-L,900,vss_iss,1.4274553661845102
Postcentral-L,900.8332999999999,iss_bs,-0.6091506712084964
Postcentral-L,900.8332999999999,vss_bs,0.816882583951859
Postcentral-L,900.8332999999999,vss_iss,1.4260332551603554
Postcentral-L,901.6667,iss_bs,-0.6215766993313145
Postcentral-L,901.6667,vss_bs,0.8032599587779462
Postcentral-L,901.6667,vss_iss,1.4248366581092609
Postcentral-L,902.5,iss_bs,-0.6325257673912948
Postcentral-L,902.5,vss_bs,0.7912376533070425
Postcentral-L,902.5,vss_iss,1.4237634206983374
Postcentral-L,903.3333,iss_bs,-0.64181509339529
Postcentral-L,903.3333,vss_bs,0.7809034327965203
Postcentral-L,903.3333,vss_iss,1.4227185261918103
Postcentral-L,904.1667,iss_bs,-0.6492900299093273
Postcentral-L,904.1667,vss_bs,0.7723264074227083
Postcentral-L,904.1667,vss_iss,1.4216164373320357
Postcentral-L,905,iss_bs,-0.6548270300190692
Postcentral-L,905,vss_bs,0.765556145641627
Postcentral-L,905,vss_iss,1.4203831756606962
Postcentral-L,905.8333,iss_bs,-0.6583359772706394
Postcentral-L,905.8333,vss_bs,0.760622116442194
Postcentral-L,905.8333,vss_iss,1.4189580937128334
Postcentral-L,906.6667,iss_bs,-0.6597618334051393
Postcentral-L,906.6667,vss_bs,0.7575334691081849
Postcentral-L,906.6667,vss_iss,1.417295302513324
Postcentral-L,907.5,iss_bs,-0.6590855724679047
Postcentral-L,907.5,vss_bs,0.756279152112728
Postcentral-L,907.5,vss_iss,1.415364724580633
Postcentral-L,908.3333,iss_bs,-0.6563243852586158
Postcentral-L,908.3333,vss_bs,0.7568283657679605
Postcentral-L,908.3333,vss_iss,1.4131527510265764
Postcentral-L,909.1667,iss_bs,-0.6515311537501343
Postcentral-L,909.1667,vss_bs,0.759131336400821
Postcentral-L,909.1667,vss_iss,1.4106624901509552
Postcentral-L,910,iss_bs,-0.644793210696999
Postcentral-L,910,vss_bs,0.7631203932787723
Postcentral-L,910,vss_iss,1.4079136039757714
Postcentral-L,910.8333,iss_bs,-0.6362304148363652
Postcentral-L,910.8333,vss_bs,0.7687113234139654
Postcentral-L,910.8333,vss_iss,1.4049417382503306
Postcentral-L,911.6667000000001,iss_bs,-0.6259925865227675
Postcentral-L,911.6667000000001,vss_bs,0.775804973868332
Postcentral-L,911.6667000000001,vss_iss,1.4017975603910995
Postcentral-L,912.5,iss_bs,-0.6142563620194524
Postcentral-L,912.5,vss_bs,0.7842890663882526
Postcentral-L,912.5,vss_iss,1.398545428407705
Postcentral-L,913.3333,iss_bs,-0.6012215367039743
Postcentral-L,913.3333,vss_bs,0.7940401852224045
Postcentral-L,913.3333,vss_iss,1.3952617219263788
Postcentral-L,914.1667,iss_bs,-0.5871069778765966
Postcentral-L,914.1667,vss_bs,0.8049258959073619
Postcentral-L,914.1667,vss_iss,1.3920328737839585
Postcentral-L,915,iss_bs,-0.572146196465564
Postcentral-L,915,vss_bs,0.8168069507082495
Postcentral-L,915,vss_iss,1.3889531471738135
Postcentral-L,915.8333,iss_bs,-0.5565826735249677
Postcentral-L,915.8333,vss_bs,0.8295395353193636
Postcentral-L,915.8333,vss_iss,1.3861222088443315
Postcentral-L,916.6667,iss_bs,-0.5406650418844755
Postcentral-L,916.6667,vss_bs,0.8429775113811352
Postcentral-L,916.6667,vss_iss,1.3836425532656107
Postcentral-L,917.5,iss_bs,-0.5246422255511057
Postcentral-L,917.5,vss_bs,0.856974610349871
Postcentral-L,917.5,vss_iss,1.3816168359009768
Postcentral-L,918.3333,iss_bs,-0.5087586394459951
Postcentral-L,918.3333,vss_bs,0.871386536235888
Postcentral-L,918.3333,vss_iss,1.380145175681883
Postcentral-L,919.1667,iss_bs,-0.4932495497994639
Postcentral-L,919.1667,vss_bs,0.8860729376507451
Postcentral-L,919.1667,vss_iss,1.379322487450209
Postcentral-L,920,iss_bs,-0.47833669109100146
Postcentral-L,920,vss_bs,0.9008992134001581
Postcentral-L,920,vss_iss,1.3792359044911595
Postcentral-L,920.8333,iss_bs,-0.4642242289210936
Postcentral-L,920.8333,vss_bs,0.9157381204298055
Postcentral-L,920.8333,vss_iss,1.379962349350899
Postcentral-L,921.6667,iss_bs,-0.45109514979804766
Postcentral-L,921.6667,vss_bs,0.9304711581628599
Postcentral-L,921.6667,vss_iss,1.3815663079609075
Postcentral-L,922.5,iss_bs,-0.43910814871636766
Postcentral-L,922.5,vss_bs,0.9449897090310488
Postcentral-L,922.5,vss_iss,1.3840978577474166
Postcentral-L,923.3333,iss_bs,-0.42839507383110165
Postcentral-L,923.3333,vss_bs,0.9591959211537703
Postcentral-L,923.3333,vss_iss,1.387590994984872
Postcentral-L,924.1667,iss_bs,-0.4190589747643313
Postcentral-L,924.1667,vss_bs,0.973003325511446
Postcentral-L,924.1667,vss_iss,1.3920623002757773
Postcentral-L,925,iss_bs,-0.4111727874092478
Postcentral-L,925,vss_bs,0.9863371864338576
Postcentral-L,925,vss_iss,1.3975099738431054
Postcentral-L,925.8333,iss_bs,-0.404778673836473
Postcentral-L,925.8333,vss_bs,0.9991345906241081
Postcentral-L,925.8333,vss_iss,1.4039132644605812
Postcentral-L,926.6667,iss_bs,-0.39988802137951246
Postcentral-L,926.6667,vss_bs,1.0113442861089252
Postcentral-L,926.6667,vss_iss,1.4112323074884379
Postcentral-L,927.5,iss_bs,-0.3964820905085439
Postcentral-L,927.5,vss_bs,1.0229262882964927
Postcentral-L,927.5,vss_iss,1.4194083788050367
Postcentral-L,928.3333,iss_bs,-0.39451328701690763
Postcentral-L,928.3333,vss_bs,1.0338512755948608
Postcentral-L,928.3333,vss_iss,1.4283645626117683
Postcentral-L,929.1667,iss_bs,-0.3939070206549863
Postcentral-L,929.1667,vss_bs,1.0440998016698824
Postcentral-L,929.1667,vss_iss,1.4380068223248688
Postcentral-L,930,iss_bs,-0.3945640999451644
Postcentral-L,930,vss_bs,1.053661355291625
Postcentral-L,930,vss_iss,1.4482254552367895
Postcentral-L,930.8333,iss_bs,-0.39636360176869856
Postcentral-L,930.8333,vss_bs,1.0625333017400713
Postcentral-L,930.8333,vss_iss,1.4588969035087698
Postcentral-L,931.6667,iss_bs,-0.3991661446689876
Postcentral-L,931.6667,vss_bs,1.0707197418444583
Postcentral-L,931.6667,vss_iss,1.4698858865134459
Postcentral-L,932.5,iss_bs,-0.40281748686865837
Postcentral-L,932.5,vss_bs,1.0782303258677342
Postcentral-L,932.5,vss_iss,1.4810478127363924
Postcentral-L,933.3333,iss_bs,-0.40715236391269055
Postcentral-L,933.3333,vss_bs,1.085079059594618
Postcentral-L,933.3333,vss_iss,1.4922314235073086
Postcentral-L,934.1667,iss_bs,-0.4119984767452169
Postcentral-L,934.1667,vss_bs,1.0912831391395788
Postcentral-L,934.1667,vss_iss,1.5032816158847957
Postcentral-L,935,iss_bs,-0.41718053897662627
Postcentral-L,935,vss_bs,1.096861849185346
Postcentral-L,935,vss_iss,1.5140423881619722
Postcentral-L,935.8333,iss_bs,-0.42252429212571013
Postcentral-L,935.8333,vss_bs,1.101835556642802
Postcentral-L,935.8333,vss_iss,1.5243598487685122
Postcentral-L,936.6667,iss_bs,-0.4278603997067094
Postcentral-L,936.6667,vss_bs,1.1062248281621208
Postcentral-L,936.6667,vss_iss,1.5340852278688302
Postcentral-L,937.5,iss_bs,-0.4330281351044513
Postcentral-L,937.5,vss_bs,1.11004969561675
Postcentral-L,937.5,vss_iss,1.5430778307212014
Postcentral-L,938.3333,iss_bs,-0.43787878412904263
Postcentral-L,938.3333,vss_bs,1.1133290887387581
Postcentral-L,938.3333,vss_iss,1.5512078728678007
Postcentral-L,939.1667,iss_bs,-0.4422786908089997
Postcentral-L,939.1667,vss_bs,1.1160804486359137
Postcentral-L,939.1667,vss_iss,1.5583591394449134
Postcentral-L,940,iss_bs,-0.44611188417559844
Postcentral-L,940,vss_bs,1.1183195301091242
Postcentral-L,940,vss_iss,1.5644314142847227
Postcentral-L,940.8333,iss_bs,-0.4492822342845722
Postcentral-L,940.8333,vss_bs,1.12006039466622
Postcentral-L,940.8333,vss_iss,1.5693426289507921
Postcentral-L,941.6667,iss_bs,-0.4517150972602786
Postcentral-L,941.6667,vss_bs,1.1213155900517457
Postcentral-L,941.6667,vss_iss,1.5730306873120243
Postcentral-L,942.5,iss_bs,-0.4533584214564309
Postcentral-L,942.5,vss_bs,1.122096506142708
Postcentral-L,942.5,vss_iss,1.5754549275991387
Postcentral-L,943.3333,iss_bs,-0.4541832996150042
Postcentral-L,943.3333,vss_bs,1.1224138913552766
Postcentral-L,943.3333,vss_iss,1.576597190970281
Postcentral-L,944.1667,iss_bs,-0.4541839648727147
Postcentral-L,944.1667,vss_bs,1.1222785084189777
Postcentral-L,944.1667,vss_iss,1.5764624732916923
Postcentral-L,945,iss_bs,-0.4533772413112293
Postcentral-L,945,vss_bs,1.1217019036465083
Postcentral-L,945,vss_iss,1.5750791449577377
Postcentral-L,945.8333,iss_bs,-0.45180147217902855
Postcentral-L,945.8333,vss_bs,1.1206972597874023
Postcentral-L,945.8333,vss_iss,1.5724987319664308
Postcentral-L,946.6667,iss_bs,-0.44951496064674257
Postcentral-L,946.6667,vss_bs,1.119280299316251
Postcentral-L,946.6667,vss_iss,1.5687952599629935
Postcentral-L,947.5,iss_bs,-0.446593968730862
Postcentral-L,947.5,vss_bs,1.1174702026640506
Postcentral-L,947.5,vss_iss,1.5640641713949126
Postcentral-L,948.3333,iss_bs,-0.4431303295941086
Postcentral-L,948.3333,vss_bs,1.1152905045263846
Postcentral-L,948.3333,vss_iss,1.5584208341204933
Postcentral-L,949.1667,iss_bs,-0.43922873659613215
Postcentral-L,949.1667,vss_bs,1.112769931022587
Postcentral-L,949.1667,vss_iss,1.551998667618719
Postcentral-L,950,iss_bs,-0.43500377905200166
Postcentral-L,950,vss_bs,1.109943141158288
Postcentral-L,950,vss_iss,1.5449469202102897
Postcentral-L,950.8333,iss_bs,-0.430576799522791
Postcentral-L,950.8333,vss_bs,1.1068513377566371
Postcentral-L,950.8333,vss_iss,1.537428137279428
Postcentral-L,951.6667,iss_bs,-0.4260726505186076
Postcentral-L,951.6667,vss_bs,1.1035427157417546
Postcentral-L,951.6667,vss_iss,1.529615366260362
Postcentral-L,952.5,iss_bs,-0.4216164296889835
Postcentral-L,952.5,vss_bs,1.1000727193264583
Postcentral-L,952.5,vss_iss,1.5216891490154418
Postcentral-L,953.3333,iss_bs,-0.41733027190154487
Postcentral-L,953.3333,vss_bs,1.0965040841955018
Postcentral-L,953.3333,vss_iss,1.5138343560970466
Postcentral-L,954.1667,iss_bs,-0.4133302741044169
Postcentral-L,954.1667,vss_bs,1.092906646083253
Postcentral-L,954.1667,vss_iss,1.50623692018767
Postcentral-L,955,iss_bs,-0.4097236246099883
Postcentral-L,955,vss_bs,1.089356903097848
Postcentral-L,955,vss_iss,1.4990805277078363
Postcentral-L,955.8333,iss_bs,-0.4066060025470944
Postcentral-L,955.8333,vss_bs,1.0859373256017657
Postcentral-L,955.8333,vss_iss,1.4925433281488603
Postcentral-L,956.6667,iss_bs,-0.4040593058620272
Postcentral-L,956.6667,vss_bs,1.08273541426645
Postcentral-L,956.6667,vss_iss,1.4867947201284772
Postcentral-L,957.5,iss_bs,-0.40214975759563787
Postcentral-L,957.5,vss_bs,1.0798425139096735
Postcentral-L,957.5,vss_iss,1.4819922715053113
Postcentral-L,958.3333,iss_bs,-0.40092643044224996
Postcentral-L,958.3333,vss_bs,1.0773523977261874
Postcentral-L,958.3333,vss_iss,1.4782788281684374
Postcentral-L,959.1667,iss_bs,-0.4004202190471565
Postcentral-L,959.1667,vss_bs,1.0753596433584007
Postcentral-L,959.1667,vss_iss,1.4757798624055571
Postcentral-L,960,iss_bs,-0.4006432783812579
Postcentral-L,960,vss_bs,1.0739578287503846
Postcentral-L,960,vss_iss,1.4746011071316425
Postcentral-L,960.8333,iss_bs,-0.4015889351127444
Postcentral-L,960.8333,vss_bs,1.073237581715915
Postcentral-L,960.8333,vss_iss,1.4748265168286594
Postcentral-L,961.6667,iss_bs,-0.4032320674502988
Postcentral-L,961.6667,vss_bs,1.0732845224708067
Postcentral-L,961.6667,vss_iss,1.4765165899211055
Postcentral-L,962.5,iss_bs,-0.40552993773125234
Postcentral-L,962.5,vss_bs,1.074177142885528
Postcentral-L,962.5,vss_iss,1.4797070806167805
Postcentral-L,963.3332999999999,iss_bs,-0.4084234513346185
Postcentral-L,963.3332999999999,vss_bs,1.0759846697780029
Postcentral-L,963.3332999999999,vss_iss,1.4844081211126214
Postcentral-L,964.1667,iss_bs,-0.41183880556124985
Postcentral-L,964.1667,vss_bs,1.0787649620810147
Postcentral-L,964.1667,vss_iss,1.4906037676422645
Postcentral-L,965,iss_bs,-0.41568948316980353
Postcentral-L,965,vss_bs,1.0825624930992728
Postcentral-L,965,vss_iss,1.4982519762690762
Postcentral-L,965.8333,iss_bs,-0.41987853749015314
Postcentral-L,965.8333,vss_bs,1.0874064692599419
Postcentral-L,965.8333,vss_iss,1.507285006750095
Postcentral-L,966.6667,iss_bs,-0.4243011096281281
Postcentral-L,966.6667,vss_bs,1.0933091357257663
Postcentral-L,966.6667,vss_iss,1.5176102453538944
Postcentral-L,967.5,iss_bs,-0.42884711336555853
Postcentral-L,967.5,vss_bs,1.1002643169797348
Postcentral-L,967.5,vss_iss,1.5291114303452933
Postcentral-L,968.3333,iss_bs,-0.43340402004909784
Postcentral-L,968.3333,vss_bs,1.1082462370305217
Postcentral-L,968.3333,vss_iss,1.5416502570796196
Postcentral-L,969.1667,iss_bs,-0.4378596741133482
Postcentral-L,969.1667,vss_bs,1.1172086592840464
Postcentral-L,969.1667,vss_iss,1.5550683333973945
Postcentral-L,970,iss_bs,-0.4421050699205886
Postcentral-L,970,vss_bs,1.1270843804610504
Postcentral-L,970,vss_iss,1.569189450381639
Postcentral-L,970.8333,iss_bs,-0.44603702230353115
Postcentral-L,970.8333,vss_bs,1.1377851063223765
Postcentral-L,970.8333,vss_iss,1.5838221286259075
Postcentral-L,971.6667,iss_bs,-0.4495606665114794
Postcentral-L,971.6667,vss_bs,1.149201729525752
Postcentral-L,971.6667,vss_iss,1.5987623960372312
Postcentral-L,972.5,iss_bs,-0.4525917280890106
Postcentral-L,972.5,vss_bs,1.1612050218338754
Postcentral-L,972.5,vss_iss,1.613796749922886
Postcentral-L,973.3333,iss_bs,-0.45505850942941223
Postcentral-L,973.3333,vss_bs,1.1736467442955103
Postcentral-L,973.3333,vss_iss,1.6287052537249227
Postcentral-L,974.1667000000001,iss_bs,-0.4569035471800664
Postcentral-L,974.1667000000001,vss_bs,1.1863611701145358
Postcentral-L,974.1667000000001,vss_iss,1.6432647172946022
Postcentral-L,975,iss_bs,-0.45808490314411277
Postcentral-L,975,vss_bs,1.199167005902546
Postcentral-L,975,vss_iss,1.6572519090466589
Postcentral-L,975.8333,iss_bs,-0.45857706060861614
Postcentral-L,975.8333,vss_bs,1.2118696880792972
Postcentral-L,975.8333,vss_iss,1.6704467486879133
Postcentral-L,976.6667,iss_bs,-0.4583714079036354
Postcentral-L,976.6667,vss_bs,1.2242640225448131
Postcentral-L,976.6667,vss_iss,1.6826354304484483
Postcentral-L,977.5,iss_bs,-0.4574763012161722
Postcentral-L,977.5,vss_bs,1.2361371275951762
Postcentral-L,977.5,vss_iss,1.6936134288113485
Postcentral-L,978.3333,iss_bs,-0.4559167089991413
Postcentral-L,978.3333,vss_bs,1.2472716325818822
Postcentral-L,978.3333,vss_iss,1.7031883415810234
Postcentral-L,979.1667,iss_bs,-0.45373345047901487
Postcentral-L,979.1667,vss_bs,1.2574490781991288
Postcentral-L,979.1667,vss_iss,1.7111825286781437
Postcentral-L,980,iss_bs,-0.4509820505335929
Postcentral-L,980,vss_bs,1.2664534586859084
Postcentral-L,980,vss_iss,1.7174355092195013
Postcentral-L,980.8333,iss_bs,-0.4477312423515995
Postcentral-L,980.8333,vss_bs,1.2740748417901226
Postcentral-L,980.8333,vss_iss,1.7218060841417222
Postcentral-L,981.6667,iss_bs,-0.4440611575839
Postcentral-L,981.6667,vss_bs,1.2801129991763813
Postcentral-L,981.6667,vss_iss,1.7241741567602813
Postcentral-L,982.5,iss_bs,-0.4400612509595546
Postcentral-L,982.5,vss_bs,1.2843809781570663
Postcentral-L,982.5,vss_iss,1.724442229116621
Postcentral-L,983.3333,iss_bs,-0.4358280124022613
Postcentral-L,983.3333,vss_bs,1.286708545247531
Postcentral-L,983.3333,vss_iss,1.7225365576497924
Postcentral-L,984.1667,iss_bs,-0.4314625244083502
Postcentral-L,984.1667,vss_bs,1.2869454331205015
Postcentral-L,984.1667,vss_iss,1.7184079575288516
Postcentral-L,985,iss_bs,-0.4270679257335169
Postcentral-L,985,vss_bs,1.2849643250592457
Postcentral-L,985,vss_iss,1.7120322507927628
Postcentral-L,985.8333,iss_bs,-0.4227468442147828
Postcentral-L,985.8333,vss_bs,1.2806635149496481
Postcentral-L,985.8333,vss_iss,1.703410359164431
Postcentral-L,986.6667,iss_bs,-0.4185988617962689
Postcentral-L,986.6667,vss_bs,1.2739691861420739
Postcentral-L,986.6667,vss_iss,1.6925680479383427
Postcentral-L,987.5,iss_bs,-0.4147180735390934
Postcentral-L,987.5,vss_bs,1.2648372590586765
Postcentral-L,987.5,vss_iss,1.67955533259777
Postcentral-L,988.3333,iss_bs,-0.4111907996206091
Postcentral-L,988.3333,vss_bs,1.253254765096247
Postcentral-L,988.3333,vss_iss,1.6644455647168561
Postcentral-L,989.1667,iss_bs,-0.4080935051452731
Postcentral-L,989.1667,vss_bs,1.2392407130283338
Postcentral-L,989.1667,vss_iss,1.6473342181736068
Postcentral-L,990,iss_bs,-0.405490977110951
Postcentral-L,990,vss_bs,1.2228464235704823
Postcentral-L,990,vss_iss,1.6283374006814335
Postcentral-L,990.8333,iss_bs,-0.40343480124303965
Postcentral-L,990.8333,vss_bs,1.2041553178465885
Postcentral-L,990.8333,vss_iss,1.6075901190896282
Postcentral-L,991.6667,iss_bs,-0.401962173793672
Postcentral-L,991.6667,vss_bs,1.1832821559762685
Postcentral-L,991.6667,vss_iss,1.5852443297699403
Postcentral-L,992.5,iss_bs,-0.4010950749959949
Postcentral-L,992.5,vss_bs,1.1603717326747751
Postcentral-L,992.5,vss_iss,1.56146680767077
Postcentral-L,993.3333,iss_bs,-0.40083982187348577
Postcentral-L,993.3333,vss_bs,1.135597047395841
Postcentral-L,993.3333,vss_iss,1.5364368692693267
Postcentral-L,994.1667,iss_bs,-0.401187008752977
Postcentral-L,994.1667,vss_bs,1.1091569769297183
Postcentral-L,994.1667,vss_iss,1.5103439856826955
Postcentral-L,995,iss_bs,-0.4021118343463588
Postcentral-L,995,vss_bs,1.0812734882738648
Postcentral-L,995,vss_iss,1.4833853226202236
Postcentral-L,995.8333,iss_bs,-0.40357480487983016
Postcentral-L,995.8333,vss_bs,1.0521884388113154
Postcentral-L,995.8333,vss_iss,1.4557632436911456
Postcentral-L,996.6667,iss_bs,-0.4055227936871668
Postcentral-L,996.6667,vss_bs,1.0221600191645048
Postcentral-L,996.6667,vss_iss,1.4276828128516716
Postcentral-L,997.5,iss_bs,-0.4078904291614144
Postcentral-L,997.5,vss_bs,0.9914589013606917
Postcentral-L,997.5,vss_iss,1.399349330522106
Postcentral-L,998.3333,iss_bs,-0.4106017751794009
Postcentral-L,998.3333,vss_bs,0.9603641609919761
Postcentral-L,998.3333,vss_iss,1.370965936171377
Postcentral-L,999.1667,iss_bs,-0.4135722612581244
Postcentral-L,999.1667,vss_bs,0.9291590467460794
Postcentral-L,999.1667,vss_iss,1.3427313080042038
Postcentral-L,1000,iss_bs,-0.41671081393028736
Postcentral-L,1000,vss_bs,0.8981266739202974
Postcentral-L,1000,vss_iss,1.3148374878505849
