region,Time,condition,Value
AG-R,0,a50_an_ba,0.04589554913999483
AG-R,0,a75_a50_an,-0.08835288951736023
AG-R,0,a75_an_ba,-0.042457340377365406
AG-R,0.8333,a50_an_ba,0.05521483559825523
AG-R,0.8333,a75_a50_an,-0.09970635823306627
AG-R,0.8333,a75_an_ba,-0.04449152263481103
AG-R,1.6666999999999998,a50_an_ba,0.06424202353519948
AG-R,1.6666999999999998,a75_a50_an,-0.11070511571598306
AG-R,1.6666999999999998,a75_an_ba,-0.04646309218078358
AG-R,2.5,a50_an_ba,0.07282696725463912
AG-R,2.5,a75_a50_an,-0.12119552522645946
AG-R,2.5,a75_an_ba,-0.04836855797182033
AG-R,3.3333,a50_an_ba,0.08082670418102492
AG-R,3.3333,a75_a50_an,-0.13102612183554024
AG-R,3.3333,a75_an_ba,-0.05019941765451533
AG-R,4.1667,a50_an_ba,0.0881080958481467
AG-R,4.1667,a75_a50_an,-0.14005006491403313
AG-R,4.1667,a75_an_ba,-0.051941969065886426
AG-R,5,a50_an_ba,0.09455025836518853
AG-R,5,a75_a50_an,-0.1481275671476986
AG-R,5,a75_an_ba,-0.05357730878251006
AG-R,5.8332999999999995,a50_an_ba,0.1000467351422065
AG-R,5.8332999999999995,a75_a50_an,-0.1551282557530881
AG-R,5.8332999999999995,a75_an_ba,-0.055081520610881625
AG-R,6.6667000000000005,a50_an_ba,0.10450737029835186
AG-R,6.6667000000000005,a75_a50_an,-0.16093342218764892
AG-R,6.6667000000000005,a75_an_ba,-0.05642605188929705
AG-R,7.5,a50_an_ba,0.10785984763681822
AG-R,7.5,a75_a50_an,-0.16543811812338452
AG-R,7.5,a75_an_ba,-0.05757827048656632
AG-R,8.3333,a50_an_ba,0.11005086720982953
AG-R,8.3333,a75_a50_an,-0.16855305776454083
AG-R,8.3333,a75_an_ba,-0.0585021905547113
AG-R,9.1667,a50_an_ba,0.11104693916094002
AG-R,9.1667,a75_a50_an,-0.17020628969830806
AG-R,9.1667,a75_an_ba,-0.059159350537368045
AG-R,10,a50_an_ba,0.11083478255649813
AG-R,10,a75_a50_an,-0.17034460531883672
AG-R,10,a75_an_ba,-0.0595098227623386
AG-R,10.833300000000001,a50_an_ba,0.10942132513285582
AG-R,10.833300000000001,a75_a50_an,-0.16893465538897814
AG-R,10.833300000000001,a75_an_ba,-0.05951333025612231
AG-R,11.6667,a50_an_ba,0.10683330811766445
AG-R,11.6667,a75_a50_an,-0.16596375141713016
AG-R,11.6667,a75_an_ba,-0.05913044329946569
AG-R,12.5,a50_an_ba,0.10311650835997806
AG-R,12.5,a75_a50_an,-0.1614403341319464
AG-R,12.5,a75_an_ba,-0.05832382577196832
AG-R,13.3333,a50_an_ba,0.09833459775721265
AG-R,13.3333,a75_a50_an,-0.15539409732870277
AG-R,13.3333,a75_an_ba,-0.05705949957149012
AG-R,14.1667,a50_an_ba,0.09256766723753493
AG-R,14.1667,a75_a50_an,-0.14787576162251015
AG-R,14.1667,a75_an_ba,-0.05530809438497523
AG-R,15,a50_an_ba,0.08591044919562545
AG-R,15,a75_a50_an,-0.13895649905417545
AG-R,15,a75_an_ba,-0.05304604985855002
AG-R,15.833300000000001,a50_an_ba,0.07847027815411776
AG-R,15.833300000000001,a75_a50_an,-0.12872701592952823
AG-R,15.833300000000001,a75_an_ba,-0.05025673777541046
AG-R,16.6667,a50_an_ba,0.07036483441550104
AG-R,16.6667,a75_a50_an,-0.11729630760655779
AG-R,16.6667,a75_an_ba,-0.04693147319105675
AG-R,17.5,a50_an_ba,0.06171971948267957
AG-R,17.5,a75_a50_an,-0.10479010505245644
AG-R,17.5,a75_an_ba,-0.04307038556977688
AG-R,18.3333,a50_an_ba,0.052665914984733005
AG-R,18.3333,a75_a50_an,-0.09134903875425589
AG-R,18.3333,a75_an_ba,-0.03868312376952288
AG-R,19.1667,a50_an_ba,0.043337178694688096
AG-R,19.1667,a75_a50_an,-0.0771265508683688
AG-R,19.1667,a75_an_ba,-0.03378937217368069
AG-R,20,a50_an_ba,0.0338674319389296
AG-R,20,a75_a50_an,-0.0622865912309416
AG-R,20,a75_an_ba,-0.028419159292012004
AG-R,20.833299999999998,a50_an_ba,0.024388192268192
AG-R,20.833299999999998,a75_a50_an,-0.04700113692841012
AG-R,20.833299999999998,a75_an_ba,-0.022612944660218126
AG-R,21.666700000000002,a50_an_ba,0.01502610370682028
AG-R,21.666700000000002,a75_a50_an,-0.03144757846477749
AG-R,21.666700000000002,a75_an_ba,-0.016421474757957213
AG-R,22.5,a50_an_ba,0.005900614262728196
AG-R,22.5,a75_a50_an,-0.015806018092242864
AG-R,22.5,a75_an_ba,-0.009905403829514664
AG-R,23.3333,a50_an_ba,-0.0028781532698731855
AG-R,23.3333,a75_a50_an,-2.565275440749772e-4
AG-R,23.3333,a75_an_ba,-0.003134680813948164
AG-R,24.1667,a50_an_ba,-0.011211295763536184
AG-R,24.1667,a75_a50_an,0.015023586810791497
AG-R,24.1667,a75_an_ba,0.003812291047255305
AG-R,25,a50_an_ba,-0.01901275342119141
AG-R,25,a75_a50_an,0.02986246349926656
AG-R,25,a75_an_ba,0.01084971007807515
AG-R,25.8333,a50_an_ba,-0.026210632715692368
AG-R,25.8333,a75_a50_an,0.04409626330303484
AG-R,25.8333,a75_an_ba,0.017885630587342473
AG-R,26.666700000000002,a50_an_ba,-0.03274820535060737
AG-R,26.666700000000002,a75_a50_an,0.05757159950613646
AG-R,26.666700000000002,a75_an_ba,0.02482339415552908
AG-R,27.5,a50_an_ba,-0.038584567091047565
AG-R,27.5,a75_a50_an,0.07014777886159587
AG-R,27.5,a75_an_ba,0.03156321177054831
AG-R,28.333299999999998,a50_an_ba,-0.04369494768671569
AG-R,28.333299999999998,a75_a50_an,0.08169881467184247
AG-R,28.333299999999998,a75_an_ba,0.03800386698512679
AG-R,29.1667,a50_an_ba,-0.048070670594866395
AG-R,29.1667,a75_a50_an,0.09211517766752543
AG-R,29.1667,a75_an_ba,0.04404450707265903
AG-R,30,a50_an_ba,-0.05171876864949382
AG-R,30,a75_a50_an,0.10130525530062819
AG-R,30,a75_an_ba,0.04958648665113437
AG-R,30.8333,a50_an_ba,-0.05466126905838674
AG-R,30.8333,a75_a50_an,0.10919649554403864
AG-R,30.8333,a75_an_ba,0.0545352264856519
AG-R,31.6667,a50_an_ba,-0.05693416799076639
AG-R,31.6667,a75_a50_an,0.11573621720364444
AG-R,31.6667,a75_an_ba,0.05880204921287805
AG-R,32.5,a50_an_ba,-0.0585861214030421
AG-R,32.5,a75_a50_an,0.12089207498499684
AG-R,32.5,a75_an_ba,0.062305953581954746
AG-R,33.3333,a50_an_ba,-0.05967688450835184
AG-R,33.3333,a75_a50_an,0.12465217399279631
AG-R,33.3333,a75_an_ba,0.06497528948444448
AG-R,34.1667,a50_an_ba,-0.06027553731104833
AG-R,34.1667,a75_a50_an,0.12702483485246058
AG-R,34.1667,a75_an_ba,0.06674929754141225
AG-R,35,a50_an_ba,-0.060458537800778304
AG-R,35,a75_a50_an,0.12803801710222984
AG-R,35,a75_an_ba,0.06757947930145154
AG-R,35.8333,a50_an_ba,-0.0603076476515847
AG-R,35.8333,a75_a50_an,0.1277384147864232
AG-R,35.8333,a75_an_ba,0.0674307671348385
AG-R,36.666700000000006,a50_an_ba,-0.059907777538963036
AG-R,36.666700000000006,a75_a50_an,0.1261902441642733
AG-R,36.666700000000006,a75_an_ba,0.06628246662531027
AG-R,37.5,a50_an_ba,-0.0593448004328014
AG-R,37.5,a75_a50_an,0.12347374901921275
AG-R,37.5,a75_an_ba,0.06412894858641134
AG-R,38.3333,a50_an_ba,-0.058703381429072415
AG-R,38.3333,a75_a50_an,0.11968345410412734
AG-R,38.3333,a75_an_ba,0.060980072675054925
AG-R,39.1667,a50_an_ba,-0.05806487185288343
AG-R,39.1667,a75_a50_an,0.11492620169325429
AG-R,39.1667,a75_an_ba,0.056861329840370865
AG-R,40,a50_an_ba,-0.05750531352624446
AG-R,40,a75_a50_an,0.1093190099478402
AG-R,40,a75_an_ba,0.051813696421595744
AG-R,40.8333,a50_an_ba,-0.057093596293264263
AG-R,40.8333,a75_a50_an,0.1029867947714565
AG-R,40.8333,a75_an_ba,0.04589319847819224
AG-R,41.6667,a50_an_ba,-0.05688980820063681
AG-R,41.6667,a75_a50_an,0.09605999897851046
AG-R,41.6667,a75_an_ba,0.03917019077787365
AG-R,42.5,a50_an_ba,-0.05694381322771423
AG-R,42.5,a75_a50_an,0.08867217388895927
AG-R,42.5,a75_an_ba,0.03172836066124505
AG-R,43.3333,a50_an_ba,-0.05729408625001036
AG-R,43.3333,a75_a50_an,0.08095755887377538
AG-R,43.3333,a75_an_ba,0.02366347262376502
AG-R,44.166700000000006,a50_an_ba,-0.057966829118336866
AG-R,44.166700000000006,a75_a50_an,0.07304870390691849
AG-R,44.166700000000006,a75_an_ba,0.015081874788581627
AG-R,45,a50_an_ba,-0.05897538547018336
AG-R,45,a75_a50_an,0.06507417884560104
AG-R,45,a75_an_ba,0.006098793375417679
AG-R,45.8333,a50_an_ba,-0.060319965296277624
AG-R,45.8333,a75_a50_an,0.05715641099358165
AG-R,45.8333,a75_an_ba,-0.0031635543026959753
AG-R,46.6667,a50_an_ba,-0.061987683505044286
AG-R,46.6667,a75_a50_an,0.0494096895505479
AG-R,46.6667,a75_an_ba,-0.01257799395449638
AG-R,47.5,a50_an_ba,-0.06395290990535756
AG-R,47.5,a75_a50_an,0.04193837187807969
AG-R,47.5,a75_an_ba,-0.02201453802727787
AG-R,48.3333,a50_an_ba,-0.06617792130738794
AG-R,48.3333,a75_a50_an,0.03483532219673906
AG-R,48.3333,a75_an_ba,-0.03134259911064888
AG-R,49.1667,a50_an_ba,-0.06861383996332712
AG-R,49.1667,a75_a50_an,0.028180608459389172
AG-R,49.1667,a75_an_ba,-0.04043323150393795
AG-R,50,a50_an_ba,-0.07120183646860154
AG-R,50,a75_a50_an,0.022040477823082143
AG-R,50,a75_an_ba,-0.04916135864551939
AG-R,50.8333,a50_an_ba,-0.07387456964538248
AG-R,50.8333,a75_a50_an,0.016466625474254627
AG-R,50.8333,a75_an_ba,-0.05740794417112785
AG-R,51.666700000000006,a50_an_ba,-0.0765578309476434
AG-R,51.666700000000006,a75_a50_an,0.011495765664147596
AG-R,51.666700000000006,a75_an_ba,-0.06506206528349581
AG-R,52.5,a50_an_ba,-0.07917235666081288
AG-R,52.5,a75_a50_an,0.007149507801582106
AG-R,52.5,a75_an_ba,-0.07202284885923077
AG-R,53.3333,a50_an_ba,-0.08163576770358243
AG-R,53.3333,a75_a50_an,0.0034345344481604605
AG-R,53.3333,a75_an_ba,-0.07820123325542197
AG-R,54.1667,a50_an_ba,-0.08386459424164128
AG-R,54.1667,a75_a50_an,3.4307218520556707e-4
AG-R,54.1667,a75_an_ba,-0.08352152205643572
AG-R,55,a50_an_ba,-0.08577634064140197
AG-R,55,a75_a50_an,-0.002146359312594705
AG-R,55,a75_an_ba,-0.08792269995399667
AG-R,55.8333,a50_an_ba,-0.08729154555510753
AG-R,55.8333,a75_a50_an,-0.004067939945320856
AG-R,55.8333,a75_an_ba,-0.09135948550042838
AG-R,56.6667,a50_an_ba,-0.08833579214616105
AG-R,56.6667,a75_a50_an,-0.005467308377290239
AG-R,56.6667,a75_an_ba,-0.0938031005234513
AG-R,57.5,a50_an_ba,-0.0888416246242748
AG-R,57.5,a75_a50_an,-0.006400116814364447
AG-R,57.5,a75_an_ba,-0.09524174143863925
AG-R,58.333299999999994,a50_an_ba,-0.08875032933392098
AG-R,58.333299999999994,a75_a50_an,-0.006930414098402317
AG-R,58.333299999999994,a75_an_ba,-0.0956807434323233
AG-R,59.166700000000006,a50_an_ba,-0.08801354157757327
AG-R,59.166700000000006,a75_a50_an,-0.007128892819846919
AG-R,59.166700000000006,a75_an_ba,-0.09514243439742019
AG-R,60,a50_an_ba,-0.08659464309104517
AG-R,60,a75_a50_an,-0.007071038377486941
AG-R,60,a75_an_ba,-0.0936656814685321
AG-R,60.8333,a50_an_ba,-0.08446991953947298
AG-R,60.8333,a75_a50_an,-0.006835219361579106
AG-R,60.8333,a75_an_ba,-0.09130513890105209
AG-R,61.6667,a50_an_ba,-0.08162945247269145
AG-R,61.6667,a75_a50_an,-0.006500759281528506
AG-R,61.6667,a75_an_ba,-0.08813021175421995
AG-R,62.5,a50_an_ba,-0.07807772575947011
AG-R,62.5,a75_a50_an,-0.006146029497124406
AG-R,62.5,a75_an_ba,-0.0842237552565945
AG-R,63.333299999999994,a50_an_ba,-0.07383393249319381
AG-R,63.333299999999994,a75_a50_an,-0.00584660225410625
AG-R,63.333299999999994,a75_an_ba,-0.07968053474730007
AG-R,64.16669999999999,a50_an_ba,-0.068931974601822
AG-R,64.16669999999999,a75_a50_an,-0.005673500997609679
AG-R,64.16669999999999,a75_an_ba,-0.07460547559943168
AG-R,65,a50_an_ba,-0.06342015377256051
AG-R,65,a75_a50_an,-0.005691582683051956
AG-R,65,a75_an_ba,-0.06911173645561246
AG-R,65.8333,a50_an_ba,-0.05736055868504086
AG-R,65.8333,a75_a50_an,-0.005958083679600304
AG-R,65.8333,a75_an_ba,-0.06331864236464117
AG-R,66.66669999999999,a50_an_ba,-0.05082815980524605
AG-R,66.66669999999999,a75_a50_an,-0.006521357135903476
AG-R,66.66669999999999,a75_an_ba,-0.05734951694114953
AG-R,67.5,a50_an_ba,-0.04390962899875123
AG-R,67.5,a75_a50_an,-0.0074198254320486864
AG-R,67.5,a75_an_ba,-0.05132945443079991
AG-R,68.3333,a50_an_ba,-0.036701906855069216
AG-R,68.3333,a75_a50_an,-0.008681166666114256
AG-R,68.3333,a75_an_ba,-0.045383073521183474
AG-R,69.16669999999999,a50_an_ba,-0.02931054576245722
AG-R,69.16669999999999,a75_a50_an,-0.010321749116624895
AG-R,69.16669999999999,a75_an_ba,-0.03963229487908212
AG-R,70,a50_an_ba,-0.02184786133267206
AG-R,70,a75_a50_an,-0.012346322387570963
AG-R,70,a75_an_ba,-0.03419418372024302
AG-R,70.83330000000001,a50_an_ba,-0.014430928658728555
AG-R,70.83330000000001,a75_a50_an,-0.01474796858814502
AG-R,70.83330000000001,a75_an_ba,-0.029178897246873572
AG-R,71.6667,a50_an_ba,-0.007179463021041753
AG-R,71.6667,a75_a50_an,-0.017508311533919314
AG-R,71.6667,a75_an_ba,-0.02468777455496107
AG-R,72.5,a50_an_ba,-2.136269793915277e-4
AG-R,72.5,a75_a50_an,-0.020597976688092712
AG-R,72.5,a75_an_ba,-0.020811603667484243
AG-R,73.33330000000001,a50_an_ba,0.006348192742163129
AG-R,73.33330000000001,a75_a50_an,-0.023977289495884277
AG-R,73.33330000000001,a75_an_ba,-0.01762909675372115
AG-R,74.1667,a50_an_ba,0.012391594577684717
AG-R,74.1667,a75_a50_an,-0.027597195002229142
AG-R,74.1667,a75_an_ba,-0.015205600424544424
AG-R,75,a50_an_ba,0.017808313940632817
AG-R,75,a75_a50_an,-0.03140037727583018
AG-R,75,a75_an_ba,-0.01359206333519736
AG-R,75.83330000000001,a50_an_ba,0.022498274999822772
AG-R,75.83330000000001,a75_a50_an,-0.035322553275441544
AG-R,75.83330000000001,a75_an_ba,-0.012824278275618767
AG-R,76.6667,a50_an_ba,0.026371501874713463
AG-R,76.6667,a75_a50_an,-0.039293912460828834
AG-R,76.6667,a75_an_ba,-0.012922410586115365
AG-R,77.5,a50_an_ba,0.029349851523061972
AG-R,77.5,a75_a50_an,-0.043240670732999455
AG-R,77.5,a75_an_ba,-0.013890819209937486
AG-R,78.3333,a50_an_ba,0.03136853414126507
AG-R,78.3333,a75_a50_an,-0.0470867052348803
AG-R,78.3333,a75_an_ba,-0.015718171093615226
AG-R,79.1667,a50_an_ba,0.03237739110902106
AG-R,79.1667,a75_a50_an,-0.05075523518966141
AG-R,79.1667,a75_an_ba,-0.018377844080640346
AG-R,80,a50_an_ba,0.032341905297675874
AG-R,80,a75_a50_an,-0.0541705133200016
AG-R,80,a75_an_ba,-0.02182860802232573
AG-R,80.8333,a50_an_ba,0.031243923827613592
AG-R,80.8333,a75_a50_an,-0.0572594924831498
AG-R,80.8333,a75_an_ba,-0.026015568655536208
AG-R,81.66669999999999,a50_an_ba,0.029082078997174507
AG-R,81.66669999999999,a75_a50_an,-0.059953432965723495
AG-R,81.66669999999999,a75_an_ba,-0.030871353968548988
AG-R,82.5,a50_an_ba,0.025871899000525805
AG-R,82.5,a75_a50_an,-0.06218941738435773
AG-R,82.5,a75_an_ba,-0.03631751838383194
AG-R,83.3333,a50_an_ba,0.021645606086867216
AG-R,83.3333,a75_a50_an,-0.0639117422974881
AG-R,83.3333,a75_an_ba,-0.042266136210620885
AG-R,84.16669999999999,a50_an_ba,0.016451605868975473
AG-R,84.16669999999999,a75_a50_an,-0.06507315839937862
AG-R,84.16669999999999,a75_an_ba,-0.048621552530403137
AG-R,85,a50_an_ba,0.010353677446413898
AG-R,85,a75_a50_an,-0.06563593447842439
AG-R,85,a75_an_ba,-0.05528225703201049
AG-R,85.83330000000001,a50_an_ba,0.0034298797517857906
AG-R,85.83330000000001,a75_a50_an,-0.06557272410570308
AG-R,85.83330000000001,a75_an_ba,-0.062142844353917294
AG-R,86.6667,a50_an_ba,-0.004228805053652059
AG-R,86.6667,a75_a50_an,-0.06486721819583649
AG-R,86.6667,a75_an_ba,-0.06909602324948855
AG-R,87.5,a50_an_ba,-0.012520065319414492
AG-R,87.5,a75_a50_an,-0.06351457106239082
AG-R,87.5,a75_an_ba,-0.07603463638180531
AG-R,88.33330000000001,a50_an_ba,-0.021332060498365835
AG-R,88.33330000000001,a75_a50_an,-0.061521592281069
AG-R,88.33330000000001,a75_an_ba,-0.08285365277943484
AG-R,89.1667,a50_an_ba,-0.030545394450526304
AG-R,89.1667,a75_a50_an,-0.058906701479112554
AG-R,89.1667,a75_an_ba,-0.08945209592963885
AG-R,90,a50_an_ba,-0.04003522413327437
AG-R,90,a75_a50_an,-0.055699647990745275
AG-R,90,a75_an_ba,-0.09573487212401964
AG-R,90.83330000000001,a50_an_ba,-0.04967346390426955
AG-R,90.83330000000001,a75_a50_an,-0.051941002058727294
AG-R,90.83330000000001,a75_an_ba,-0.10161446596299684
AG-R,91.6667,a50_an_ba,-0.05933104399101188
AG-R,91.6667,a75_a50_an,-0.04768142882643943
AG-R,91.6667,a75_an_ba,-0.10701247281745131
AG-R,92.5,a50_an_ba,-0.06888018081176588
AG-R,92.5,a75_a50_an,-0.04298076066312177
AG-R,92.5,a75_an_ba,-0.11186094147488765
AG-R,93.3333,a50_an_ba,-0.07819661677778277
AG-R,93.3333,a75_a50_an,-0.037906887312883435
AG-R,93.3333,a75_an_ba,-0.11610350409066618
AG-R,94.1667,a50_an_ba,-0.08716178796154786
AG-R,94.1667,a75_a50_an,-0.03253448687981518
AG-R,94.1667,a75_an_ba,-0.11969627484136304
AG-R,95,a50_an_ba,-0.09566487955985777
AG-R,95,a75_a50_an,-0.026943623690168766
AG-R,95,a75_an_ba,-0.12260850325002652
AG-R,95.8333,a50_an_ba,-0.10360473137857526
AG-R,95.8333,a75_a50_an,-0.021218241551936738
AG-R,95.8333,a75_an_ba,-0.12482297293051199
AG-R,96.66669999999999,a50_an_ba,-0.11089155856835368
AG-R,96.66669999999999,a75_a50_an,-0.015444582817709395
AG-R,96.66669999999999,a75_an_ba,-0.12633614138606308
AG-R,97.5,a50_an_ba,-0.1174484564848661
AG-R,97.5,a75_a50_an,-0.009709564916283242
AG-R,97.5,a75_an_ba,-0.12715802140114935
AG-R,98.3333,a50_an_ba,-0.12321266275872798
AG-R,98.3333,a75_a50_an,-0.004099146632881648
AG-R,98.3333,a75_an_ba,-0.12731180939160963
AG-R,99.16669999999999,a50_an_ba,-0.12813655435488872
AG-R,99.16669999999999,a75_a50_an,0.0013032836190331669
AG-R,99.16669999999999,a75_an_ba,-0.12683327073585554
AG-R,100,a50_an_ba,-0.13218836248562982
AG-R,100,a75_a50_an,0.006418465972361664
AG-R,100,a75_an_ba,-0.12576989651326817
AG-R,100.8333,a50_an_ba,-0.13535259361595206
AG-R,100.8333,a75_a50_an,0.01117274347053423
AG-R,100.8333,a75_an_ba,-0.12417985014541784
AG-R,101.66669999999999,a50_an_ba,-0.13763015036075016
AG-R,101.66669999999999,a75_a50_an,0.015499424261328144
AG-R,101.66669999999999,a75_an_ba,-0.12213072609942202
AG-R,102.5,a50_an_ba,-0.1390381517129324
AG-R,102.5,a75_a50_an,0.019340005705240637
AG-R,102.5,a75_an_ba,-0.11969814600769177
AG-R,103.33330000000001,a50_an_ba,-0.13960945765320887
AG-R,103.33330000000001,a75_a50_an,0.022645237421536162
AG-R,103.33330000000001,a75_an_ba,-0.11696422023167272
AG-R,104.1667,a50_an_ba,-0.13939190866982756
AG-R,104.1667,a75_a50_an,0.02537600366291911
AG-R,104.1667,a75_an_ba,-0.11401590500690846
AG-R,105,a50_an_ba,-0.13844729595773372
AG-R,105,a75_a50_an,0.02750400913539775
AG-R,105,a75_an_ba,-0.11094328682233597
AG-R,105.83330000000001,a50_an_ba,-0.13685008297463921
AG-R,105.83330000000001,a75_a50_an,0.02901225638510448
AG-R,105.83330000000001,a75_an_ba,-0.10783782658953474
AG-R,106.6667,a50_an_ba,-0.13468590351660237
AG-R,106.6667,a75_a50_an,0.029895307075651245
AG-R,106.6667,a75_an_ba,-0.10479059644095111
AG-R,107.5,a50_an_ba,-0.13204986545709677
AG-R,107.5,a75_a50_an,0.03015932379184048
AG-R,107.5,a75_an_ba,-0.10189054166525628
AG-R,108.3333,a50_an_ba,-0.12904469270056465
AG-R,108.3333,a75_a50_an,0.029821893341026792
AG-R,108.3333,a75_an_ba,-0.09922279935953786
AG-R,109.1667,a50_an_ba,-0.12577874067507747
AG-R,109.1667,a75_a50_an,0.028911636795055602
AG-R,109.1667,a75_an_ba,-0.09686710388002186
AG-R,110,a50_an_ba,-0.12236392278219696
AG-R,110,a75_a50_an,0.027467615638947333
AG-R,110,a75_an_ba,-0.09489630714324963
AG-R,110.8333,a50_an_ba,-0.11891358660215427
AG-R,110.8333,a75_a50_an,0.02553854728656176
AG-R,110.8333,a75_an_ba,-0.0933750393155925
AG-R,111.66669999999999,a50_an_ba,-0.1155403792992337
AG-R,111.66669999999999,a75_a50_an,0.0231818468130178
AG-R,111.66669999999999,a75_an_ba,-0.0923585324862159
AG-R,112.5,a50_an_ba,-0.11235414158007143
AG-R,112.5,a75_a50_an,0.02046251497045257
AG-R,112.5,a75_an_ba,-0.09189162660961886
AG-R,113.3333,a50_an_ba,-0.10945986873447733
AG-R,113.3333,a75_a50_an,0.017451895337566123
AG-R,113.3333,a75_an_ba,-0.0920079733969112
AG-R,114.16669999999999,a50_an_ba,-0.10695577575620495
AG-R,114.16669999999999,a75_a50_an,0.014226325753709334
AG-R,114.16669999999999,a75_an_ba,-0.09272945000249562
AG-R,115,a50_an_ba,-0.10493150133446315
AG-R,115,a75_a50_an,0.010865710964504297
AG-R,115,a75_an_ba,-0.09406579036995885
AG-R,115.8333,a50_an_ba,-0.10346648267300933
AG-R,115.8333,a75_a50_an,0.007452044628744147
AG-R,115.8333,a75_an_ba,-0.09601443804426518
AG-R,116.66669999999999,a50_an_ba,-0.10262852969060902
AG-R,116.66669999999999,a75_a50_an,0.004067909487559645
AG-R,116.66669999999999,a75_an_ba,-0.09856062020304937
AG-R,117.5,a50_an_ba,-0.10247262325286038
AG-R,117.5,a75_a50_an,7.94984570292274e-4
AG-R,117.5,a75_an_ba,-0.1016776386825681
AG-R,118.33330000000001,a50_an_ba,-0.10303995775783843
AG-R,118.33330000000001,a75_a50_an,-0.002287412187523475
AG-R,118.33330000000001,a75_an_ba,-0.1053273699453619
AG-R,119.1667,a50_an_ba,-0.10435724373086043
AG-R,119.1667,a75_a50_an,-0.005103718593330385
AG-R,119.1667,a75_an_ba,-0.10946096232419082
AG-R,120,a50_an_ba,-0.10643628116663373
AG-R,120,a75_a50_an,-0.007583434375674338
AG-R,120,a75_an_ba,-0.11401971554230805
AG-R,120.83330000000001,a50_an_ba,-0.10927380928345368
AG-R,120.83330000000001,a75_a50_an,-0.009662315225489543
AG-R,120.83330000000001,a75_an_ba,-0.11893612450894323
AG-R,121.6667,a50_an_ba,-0.1128516332195514
AG-R,121.6667,a75_a50_an,-0.01128343354950263
AG-R,121.6667,a75_an_ba,-0.12413506676905402
AG-R,122.5,a50_an_ba,-0.1171370231017907
AG-R,122.5,a75_a50_an,-0.012398087686058244
AG-R,122.5,a75_an_ba,-0.12953511078784893
AG-R,123.33330000000001,a50_an_ba,-0.12208337594573357
AG-R,123.33330000000001,a75_a50_an,-0.012966544558769662
AG-R,123.33330000000001,a75_an_ba,-0.13504992050450323
AG-R,124.1667,a50_an_ba,-0.1276311260946141
AG-R,124.1667,a75_a50_an,-0.012958604223550186
AG-R,124.1667,a75_an_ba,-0.1405897303181643
AG-R,125,a50_an_ba,-0.13370888545877654
AG-R,125,a75_a50_an,-0.012353978426861891
AG-R,125,a75_an_ba,-0.14606286388563844
AG-R,125.83330000000001,a50_an_ba,-0.14023479075617645
AG-R,125.83330000000001,a75_a50_an,-0.011142479061720582
AG-R,125.83330000000001,a75_an_ba,-0.15137726981789704
AG-R,126.66669999999999,a50_an_ba,-0.14711803135006807
AG-R,126.66669999999999,a75_a50_an,-0.009324016206221336
AG-R,126.66669999999999,a75_an_ba,-0.1564420475562894
AG-R,127.5,a50_an_ba,-0.1542605281946028
AG-R,127.5,a75_a50_an,-0.006908409180400699
AG-R,127.5,a75_an_ba,-0.16116893737500348
AG-R,128.3333,a50_an_ba,-0.16155873188480513
AG-R,128.3333,a75_a50_an,-0.003915017686620897
AG-R,128.3333,a75_an_ba,-0.16547374957142605
AG-R,129.1667,a50_an_ba,-0.16890550590571507
AG-R,129.1667,a75_a50_an,-3.7220353487637023e-4
AG-R,129.1667,a75_an_ba,-0.16927770944059145
AG-R,130,a50_an_ba,-0.17619205991562084
AG-R,130,a75_a50_an,0.0036833633688935006
AG-R,130,a75_an_ba,-0.17250869654672735
AG-R,130.8333,a50_an_ba,-0.18330989729791083
AG-R,130.8333,a75_a50_an,0.008207538236771084
AG-R,130.8333,a75_an_ba,-0.17510235906113975
AG-R,131.6667,a50_an_ba,-0.19015274127988838
AG-R,131.6667,a75_a50_an,0.013149654796989187
AG-R,131.6667,a75_an_ba,-0.17700308648289917
AG-R,132.5,a50_an_ba,-0.1966184046379018
AG-R,132.5,a75_a50_an,0.018453577792952057
AG-R,132.5,a75_an_ba,-0.17816482684494978
AG-R,133.33329999999998,a50_an_ba,-0.20261056936675817
AG-R,133.33329999999998,a75_a50_an,0.024058831888957445
AG-R,133.33329999999998,a75_an_ba,-0.17855173747780073
AG-R,134.1667,a50_an_ba,-0.20804044465686258
AG-R,134.1667,a75_a50_an,0.02990178315805581
AG-R,134.1667,a75_an_ba,-0.17813866149880678
AG-R,135,a50_an_ba,-0.21282827405283924
AG-R,135,a75_a50_an,0.03591684869398793
AG-R,135,a75_an_ba,-0.1769114253588513
AG-R,135.83329999999998,a50_an_ba,-0.21690466571075476
AG-R,135.83329999999998,a75_a50_an,0.042037709758469245
AG-R,135.83329999999998,a75_an_ba,-0.17486695595228552
AG-R,136.6667,a50_an_ba,-0.22021172316654108
AG-R,136.6667,a75_a50_an,0.04819850424307615
AG-R,136.6667,a75_an_ba,-0.17201321892346494
AG-R,137.5,a50_an_ba,-0.22270395790709413
AG-R,137.5,a75_a50_an,0.05433497507729784
AG-R,137.5,a75_an_ba,-0.1683689828297963
AG-R,138.33329999999998,a50_an_ba,-0.22434896922268951
AG-R,138.33329999999998,a75_a50_an,0.06038555252701095
AG-R,138.33329999999998,a75_an_ba,-0.16396341669567857
AG-R,139.1667,a50_an_ba,-0.22512788123472313
AG-R,139.1667,a75_a50_an,0.06629235006783435
AG-R,139.1667,a75_an_ba,-0.15883553116688878
AG-R,140,a50_an_ba,-0.22503553155254566
AG-R,140,a75_a50_an,0.07200205564422929
AG-R,140,a75_an_ba,-0.15303347590831637
AG-R,140.8333,a50_an_ba,-0.22408041063198292
AG-R,140.8333,a75_a50_an,0.07746670258943106
AG-R,140.8333,a75_an_ba,-0.14661370804255183
AG-R,141.66670000000002,a50_an_ba,-0.22228435550000786
AG-R,141.66670000000002,a75_a50_an,0.08264430722849453
AG-R,141.66670000000002,a75_an_ba,-0.13964004827151333
AG-R,142.5,a50_an_ba,-0.21968200599037815
AG-R,142.5,a75_a50_an,0.08749936315721492
AG-R,142.5,a75_an_ba,-0.13218264283316325
AG-R,143.3333,a50_an_ba,-0.21632003592217022
AG-R,143.3333,a75_a50_an,0.09200318531985621
AG-R,143.3333,a75_an_ba,-0.12431685060231401
AG-R,144.16670000000002,a50_an_ba,-0.21225617566948607
AG-R,144.16670000000002,a75_a50_an,0.09613410023255965
AG-R,144.16670000000002,a75_an_ba,-0.11612207543692643
AG-R,145,a50_an_ba,-0.20755804624448226
AG-R,145,a75_a50_an,0.09987748194998229
AG-R,145,a75_an_ba,-0.10768056429449994
AG-R,145.8333,a50_an_ba,-0.2023018282824045
AG-R,145.8333,a75_a50_an,0.10322563658345658
AG-R,145.8333,a75_an_ba,-0.09907619169894792
AG-R,146.66670000000002,a50_an_ba,-0.19657079211998507
AG-R,146.66670000000002,a75_a50_an,0.1061775412847879
AG-R,146.66670000000002,a75_an_ba,-0.09039325083519718
AG-R,147.5,a50_an_ba,-0.19045371744964038
AG-R,147.5,a75_a50_an,0.10873844654865392
AG-R,147.5,a75_an_ba,-0.08171527090098644
AG-R,148.3333,a50_an_ba,-0.18404323277393392
AG-R,148.3333,a75_a50_an,0.11091935340067229
AG-R,148.3333,a75_an_ba,-0.07312387937326163
AG-R,149.16670000000002,a50_an_ba,-0.17743410605043503
AG-R,149.16670000000002,a75_a50_an,0.11273637947506268
AG-R,149.16670000000002,a75_an_ba,-0.06469772657537237
AG-R,150,a50_an_ba,-0.17072151849041053
AG-R,150,a75_a50_an,0.11421003009931774
AG-R,150,a75_an_ba,-0.05651148839109278
AG-R,150.8333,a50_an_ba,-0.16399935345050776
AG-R,150.8333,a75_a50_an,0.11536439225439883
AG-R,150.8333,a75_an_ba,-0.048634961196108904
AG-R,151.6667,a50_an_ba,-0.15735853174105457
AG-R,151.6667,a75_a50_an,0.11622627063677321
AG-R,151.6667,a75_an_ba,-0.04113226110428137
AG-R,152.5,a50_an_ba,-0.15088542348465964
AG-R,152.5,a75_a50_an,0.11682428599026999
AG-R,152.5,a75_an_ba,-0.03406113749438965
AG-R,153.3333,a50_an_ba,-0.14466036492231898
AG-R,153.3333,a75_a50_an,0.11718795638761492
AG-R,153.3333,a75_an_ba,-0.02747240853470406
AG-R,154.1667,a50_an_ba,-0.1387563063184666
AG-R,154.1667,a75_a50_an,0.11734678221853197
AG-R,154.1667,a75_an_ba,-0.02140952409993464
AG-R,155,a50_an_ba,-0.1332376144084428
AG-R,155,a75_a50_an,0.11732935528760821
AG-R,155,a75_an_ba,-0.015908259120834586
AG-R,155.8333,a50_an_ba,-0.1281590497162031
AG-R,155.8333,a75_a50_an,0.11716251165337553
AG-R,155.8333,a75_an_ba,-0.010996538062827544
AG-R,156.6667,a50_an_ba,-0.12356493560920749
AG-R,156.6667,a75_a50_an,0.11687054667149505
AG-R,156.6667,a75_an_ba,-0.006694388937712438
AG-R,157.5,a50_an_ba,-0.11948853221896277
AG-R,157.5,a75_a50_an,0.1164745091683119
AG-R,157.5,a75_an_ba,-0.0030140230506508843
AG-R,158.3333,a50_an_ba,-0.11595162441235128
AG-R,158.3333,a75_a50_an,0.11599158980260964
AG-R,158.3333,a75_an_ba,3.996539025834975e-5
AG-R,159.1667,a50_an_ba,-0.11296432892628243
AG-R,159.1667,a75_a50_an,0.11543461651528918
AG-R,159.1667,a75_an_ba,0.002470287589006751
AG-R,160,a50_an_ba,-0.11052512165389447
AG-R,160,a75_a50_an,0.11481166756679902
AG-R,160,a75_an_ba,0.004286545912904543
AG-R,160.8333,a50_an_ba,-0.10862108197204896
AG-R,160.8333,a75_a50_an,0.11412581007226101
AG-R,160.8333,a75_an_ba,0.005504728100212045
AG-R,161.6667,a50_an_ba,-0.10722834700392131
AG-R,161.6667,a75_a50_an,0.11337496921965858
AG-R,161.6667,a75_an_ba,0.006146622215737266
AG-R,162.5,a50_an_ba,-0.10631276489073561
AG-R,162.5,a75_a50_an,0.11255193055428585
AG-R,162.5,a75_an_ba,0.006239165663550228
AG-R,163.33329999999998,a50_an_ba,-0.10583073257310209
AG-R,163.33329999999998,a75_a50_an,0.11164447489088189
AG-R,163.33329999999998,a75_an_ba,0.005813742317779796
AG-R,164.1667,a50_an_ba,-0.10573020031945624
AG-R,164.1667,a75_a50_an,0.11063564263112252
AG-R,164.1667,a75_an_ba,0.004905442311666292
AG-R,165,a50_an_ba,-0.10595182234481226
AG-R,165,a75_a50_an,0.10950412157443075
AG-R,165,a75_an_ba,0.0035522992296184823
AG-R,165.83329999999998,a50_an_ba,-0.10643023038801953
AG-R,165.83329999999998,a75_a50_an,0.10822474976780204
AG-R,165.83329999999998,a75_an_ba,0.0017945193797825152
AG-R,166.6667,a50_an_ba,-0.10709540510184425
AG-R,166.6667,a75_a50_an,0.106769122595132
AG-R,166.6667,a75_an_ba,-3.262825067122545e-4
AG-R,167.5,a50_an_ba,-0.10787411859066816
AG-R,167.5,a75_a50_an,0.1051062912034161
AG-R,167.5,a75_an_ba,-0.002767827387252065
AG-R,168.33329999999998,a50_an_ba,-0.10869142042828529
AG-R,168.33329999999998,a75_a50_an,0.10320353754148066
AG-R,168.33329999999998,a75_an_ba,-0.00548788288680463
AG-R,169.1667,a50_an_ba,-0.1094721390166178
AG-R,169.1667,a75_a50_an,0.1010272097799248
AG-R,169.1667,a75_an_ba,-0.008444929236693
AG-R,170,a50_an_ba,-0.1101423702077792
AG-R,170,a75_a50_an,0.09854360071488935
AG-R,170,a75_an_ba,-0.01159876949288986
AG-R,170.83329999999998,a50_an_ba,-0.11063092569964239
AG-R,170.83329999999998,a75_a50_an,0.0957198509522705
AG-R,170.83329999999998,a75_an_ba,-0.014911074747371892
AG-R,171.6667,a50_an_ba,-0.11087071481155401
AG-R,171.6667,a75_a50_an,0.0925248582345251
AG-R,171.6667,a75_an_ba,-0.018345856577028932
AG-R,172.5,a50_an_ba,-0.11080003482520491
AG-R,172.5,a75_a50_an,0.08893017421312206
AG-R,172.5,a75_an_ba,-0.02186986061208285
AG-R,173.3333,a50_an_ba,-0.11036374710014057
AG-R,173.3333,a75_a50_an,0.08491087028211317
AG-R,173.3333,a75_an_ba,-0.025452876818027412
AG-R,174.16670000000002,a50_an_ba,-0.10951431860009507
AG-R,174.16670000000002,a75_a50_an,0.0804463547611259
AG-R,174.16670000000002,a75_an_ba,-0.029067963838969174
AG-R,175,a50_an_ba,-0.10821271124381202
AG-R,175,a75_a50_an,0.0755211247308272
AG-R,175,a75_an_ba,-0.032691586512984816
AG-R,175.8333,a50_an_ba,-0.1064291045651482
AG-R,175.8333,a75_a50_an,0.07012543715585111
AG-R,175.8333,a75_an_ba,-0.036303667409297094
AG-R,176.66670000000002,a50_an_ba,-0.10414344046944723
AG-R,176.66670000000002,a75_a50_an,0.06425588554828131
AG-R,176.66670000000002,a75_an_ba,-0.03988755492116593
AG-R,177.5,a50_an_ba,-0.10134578234035112
AG-R,177.5,a75_a50_an,0.05791587029302921
AG-R,177.5,a75_an_ba,-0.043429912047321904
AG-R,178.3333,a50_an_ba,-0.09803648431481209
AG-R,178.3333,a75_a50_an,0.05111595283425794
AG-R,178.3333,a75_an_ba,-0.046920531480554147
AG-R,179.16670000000002,a50_an_ba,-0.09422617013451658
AG-R,179.16670000000002,a75_a50_an,0.0438740861653421
AG-R,179.16670000000002,a75_an_ba,-0.05035208396917447
AG-R,180,a50_an_ba,-0.08993552452988186
AG-R,180,a75_a50_an,0.036215716427140714
AG-R,180,a75_an_ba,-0.05371980810274115
AG-R,180.8333,a50_an_ba,-0.08519490353078428
AG-R,180.8333,a75_a50_an,0.02817375285247851
AG-R,180.8333,a75_an_ba,-0.05702115067830577
AG-R,181.6667,a50_an_ba,-0.08004377336157172
AG-R,181.6667,a75_a50_an,0.019788405749983456
AG-R,181.6667,a75_an_ba,-0.06025536761158825
AG-R,182.5,a50_an_ba,-0.0745299906064141
AG-R,182.5,a75_a50_an,0.011106894649656349
AG-R,182.5,a75_an_ba,-0.06342309595675777
AG-R,183.3333,a50_an_ba,-0.06870893906980077
AG-R,183.3333,a75_a50_an,0.0021830310890021847
AG-R,183.3333,a75_an_ba,-0.06652590798079858
AG-R,184.1667,a50_an_ba,-0.06264254115748147
AG-R,184.1667,a75_a50_an,-0.006923317242122168
AG-R,184.1667,a75_an_ba,-0.06956585839960362
AG-R,185,a50_an_ba,-0.05639816362424451
AG-R,185,a75_a50_an,-0.01614687219872007
AG-R,185,a75_an_ba,-0.07254503582296458
AG-R,185.8333,a50_an_ba,-0.05004743914356805
AG-R,185.8333,a75_a50_an,-0.025417690034997453
AG-R,185.8333,a75_an_ba,-0.0754651291785655
AG-R,186.6667,a50_an_ba,-0.04366502632598105
AG-R,186.6667,a75_a50_an,-0.03466199307290569
AG-R,186.6667,a75_an_ba,-0.07832701939888674
AG-R,187.5,a50_an_ba,-0.037327331532417025
AG-R,187.5,a75_a50_an,-0.04380307443890413
AG-R,187.5,a75_an_ba,-0.08113040597132117
AG-R,188.3333,a50_an_ba,-0.031111216089858635
AG-R,188.3333,a75_a50_an,-0.05276226099622318
AG-R,188.3333,a75_an_ba,-0.08387347708608181
AG-R,189.1667,a50_an_ba,-0.025092712322206643
AG-R,189.1667,a75_a50_an,-0.06145991876490112
AG-R,189.1667,a75_an_ba,-0.08655263108710776
AG-R,190,a50_an_ba,-0.019345771171559816
AG-R,190,a75_a50_an,-0.06981648458793487
AG-R,190,a75_an_ba,-0.08916225575949469
AG-R,190.8333,a50_an_ba,-0.013941063125015056
AG-R,190.8333,a75_a50_an,-0.07775350757179895
AG-R,190.8333,a75_an_ba,-0.09169457069681401
AG-R,191.6667,a50_an_ba,-0.0089448527083952
AG-R,191.6667,a75_a50_an,-0.08519468390046067
AG-R,191.6667,a75_an_ba,-0.09413953660885588
AG-R,192.5,a50_an_ba,-0.004417964997658519
AG-R,192.5,a75_a50_an,-0.09206686898451387
AG-R,192.5,a75_an_ba,-0.0964848339821724
AG-R,193.3333,a50_an_ba,-4.148604740549719e-4
AG-R,193.3333,a75_a50_an,-0.09830105154663873
AG-R,193.3333,a75_an_ba,-0.09871591202069371
AG-R,194.1667,a50_an_ba,0.0030171678409118305
AG-R,194.1667,a75_a50_an,-0.10383327514141054
AG-R,194.1667,a75_an_ba,-0.10081610730049871
AG-R,195,a50_an_ba,0.005838663636736486
AG-R,195,a75_a50_an,-0.10860549373707155
AG-R,195,a75_an_ba,-0.10276683010033508
AG-R,195.83329999999998,a50_an_ba,0.00801853437495486
AG-R,195.83329999999998,a75_a50_an,-0.11256634932095994
AG-R,195.83329999999998,a75_an_ba,-0.10454781494600508
AG-R,196.6667,a50_an_ba,0.009534430437857429
AG-R,196.6667,a75_a50_an,-0.11567186099723734
AG-R,196.6667,a75_an_ba,-0.10613743055937991
AG-R,197.5,a50_an_ba,0.010372973534106763
AG-R,197.5,a75_a50_an,-0.11788601669121426
AG-R,197.5,a75_an_ba,-0.10751304315710751
AG-R,198.33329999999998,a50_an_ba,0.010529834399700637
AG-R,198.33329999999998,a75_a50_an,-0.11918126032332547
AG-R,198.33329999999998,a75_an_ba,-0.10865142592362484
AG-R,199.1667,a50_an_ba,0.010009662622083266
AG-R,199.1667,a75_a50_an,-0.11953886913085969
AG-R,199.1667,a75_an_ba,-0.10952920650877643
AG-R,200,a50_an_ba,0.008825874069954172
AG-R,200,a75_a50_an,-0.1189492176602739
AG-R,200,a75_an_ba,-0.11012334359031974
AG-R,200.83329999999998,a50_an_ba,0.007000303880530358
AG-R,200.83329999999998,a75_a50_an,-0.11741192679133301
AG-R,200.83329999999998,a75_an_ba,-0.11041162291080266
AG-R,201.6667,a50_an_ba,0.004562735193815527
AG-R,201.6667,a75_a50_an,-0.1149358979518767
AG-R,201.6667,a75_an_ba,-0.11037316275806117
AG-R,202.5,a50_an_ba,0.0015503157897442227
AG-R,202.5,a75_a50_an,-0.1115392344064146
AG-R,202.5,a75_an_ba,-0.10998891861667037
AG-R,203.3333,a50_an_ba,-0.001993123554490201
AG-R,203.3333,a75_a50_an,-0.10724905312344807
AG-R,203.3333,a75_an_ba,-0.10924217667793827
AG-R,204.16670000000002,a50_an_ba,-0.006017833839165024
AG-R,204.16670000000002,a75_a50_an,-0.10210119221925515
AG-R,204.16670000000002,a75_an_ba,-0.10811902605842018
AG-R,205,a50_an_ba,-0.010468979620108709
AG-R,205,a75_a50_an,-0.09613982031748972
AG-R,205,a75_an_ba,-0.10660879993759842
AG-R,205.8333,a50_an_ba,-0.015287521040328244
AG-R,205.8333,a75_a50_an,-0.08941695533611915
AG-R,205.8333,a75_an_ba,-0.1047044763764474
AG-R,206.66670000000002,a50_an_ba,-0.020411129106682507
AG-R,206.66670000000002,a75_a50_an,-0.08199190120224174
AG-R,206.66670000000002,a75_an_ba,-0.10240303030892424
AG-R,207.5,a50_an_ba,-0.025775117301040335
AG-R,207.5,a75_a50_an,-0.07393061179191139
AG-R,207.5,a75_an_ba,-0.09970572909295172
AG-R,208.3333,a50_an_ba,-0.03131337305672289
AG-R,208.3333,a75_a50_an,-0.06530499199170786
AG-R,208.3333,a75_an_ba,-0.09661836504843074
AG-R,209.16670000000002,a50_an_ba,-0.036959273395183165
AG-R,209.16670000000002,a75_a50_an,-0.056192146181233936
AG-R,209.16670000000002,a75_an_ba,-0.09315141957641711
AG-R,210,a50_an_ba,-0.04264657007748598
AG-R,210,a75_a50_an,-0.04667358464532688
AG-R,210,a75_an_ba,-0.08932015472281285
AG-R,210.8333,a50_an_ba,-0.04831023094687827
AG-R,210.8333,a75_a50_an,-0.03683439844973376
AG-R,210.8333,a75_an_ba,-0.08514462939661203
AG-R,211.66670000000002,a50_an_ba,-0.05388722568433024
AG-R,211.66670000000002,a75_a50_an,-0.026762413166353607
AG-R,211.66670000000002,a75_an_ba,-0.08064963885068385
AG-R,212.5,a50_an_ba,-0.05931724592571558
AG-R,212.5,a75_a50_an,-0.01654733152901687
AG-R,212.5,a75_an_ba,-0.07586457745473245
AG-R,213.3333,a50_an_ba,-0.06454335155169998
AG-R,213.3333,a75_a50_an,-0.006279874656203498
AG-R,213.3333,a75_an_ba,-0.07082322620790348
AG-R,214.1667,a50_an_ba,-0.06951253691191357
AG-R,214.1667,a75_a50_an,0.0039490690869835796
AG-R,214.1667,a75_an_ba,-0.06556346782493
AG-R,215,a50_an_ba,-0.07417621273500562
AG-R,215,a75_a50_an,0.014049279177036196
AG-R,215,a75_an_ba,-0.06012693355796942
AG-R,215.8333,a50_an_ba,-0.07849060145780921
AG-R,215.8333,a75_a50_an,0.023932014296912454
AG-R,215.8333,a75_an_ba,-0.05455858716089676
AG-R,216.6667,a50_an_ba,-0.08241704563321824
AG-R,216.6667,a75_a50_an,0.033510793093233765
AG-R,216.6667,a75_an_ba,-0.048906252539984485
AG-R,217.5,a50_an_ba,-0.08592223090352709
AG-R,217.5,a75_a50_an,0.042702138260386435
AG-R,217.5,a75_an_ba,-0.043220092643140653
AG-R,218.3333,a50_an_ba,-0.08897832671325841
AG-R,218.3333,a75_a50_an,0.051426278712912166
AG-R,218.3333,a75_an_ba,-0.03755204800034624
AG-R,219.1667,a50_an_ba,-0.09156304944675861
AG-R,219.1667,a75_a50_an,0.059607805421942654
AG-R,219.1667,a75_an_ba,-0.031955244024815956
AG-R,220,a50_an_ba,-0.0936596539802873
AG-R,220,a75_a50_an,0.06717627727515574
AG-R,220,a75_an_ba,-0.02648337670513156
AG-R,220.8333,a50_an_ba,-0.09525686071097475
AG-R,220.8333,a75_a50_an,0.07406677405651799
AG-R,220.8333,a75_an_ba,-0.021190086654456774
AG-R,221.6667,a50_an_ba,-0.09634872594749229
AG-R,221.6667,a75_a50_an,0.08022039431889594
AG-R,221.6667,a75_an_ba,-0.01612833162859635
AG-R,222.5,a50_an_ba,-0.09693446410783157
AG-R,222.5,a75_a50_an,0.08558469652891604
AG-R,222.5,a75_an_ba,-0.011349767578915527
AG-R,223.3333,a50_an_ba,-0.09701823046364473
AG-R,223.3333,a75_a50_an,0.09011408239216522
AG-R,223.3333,a75_an_ba,-0.006904148071479514
AG-R,224.1667,a50_an_ba,-0.09660887320054906
AG-R,224.1667,a75_a50_an,0.09377012171392633
AG-R,224.1667,a75_an_ba,-0.0028387514866227226
AG-R,225,a50_an_ba,-0.09571966333886611
AG-R,225,a75_a50_an,0.09652181851551317
AG-R,225,a75_an_ba,8.021551766470525e-4
AG-R,225.83329999999998,a50_an_ba,-0.09436801059526854
AG-R,225.83329999999998,a75_a50_an,0.09834581841126644
AG-R,225.83329999999998,a75_an_ba,0.0039778078159979
AG-R,226.6667,a50_an_ba,-0.09257517258472268
AG-R,226.6667,a75_a50_an,0.09922655746182618
AG-R,226.6667,a75_an_ba,0.006651384877103497
AG-R,227.5,a50_an_ba,-0.09036596389111001
AG-R,227.5,a75_a50_an,0.09915635286346618
AG-R,227.5,a75_an_ba,0.008790388972356155
AG-R,228.33329999999998,a50_an_ba,-0.08776847050621484
AG-R,228.33329999999998,a75_a50_an,0.09813543592145042
AG-R,228.33329999999998,a75_an_ba,0.010366965415235572
AG-R,229.1667,a50_an_ba,-0.08481377398604796
AG-R,229.1667,a75_a50_an,0.09617192779996911
AG-R,229.1667,a75_an_ba,0.011358153813921159
AG-R,230,a50_an_ba,-0.08153568843948586
AG-R,230,a75_a50_an,0.09328175855590361
AG-R,230,a75_an_ba,0.011746070116417737
AG-R,230.83329999999998,a50_an_ba,-0.0779705121875575
AG-R,230.83329999999998,a75_a50_an,0.0894885299634156
AG-R,230.83329999999998,a75_an_ba,0.011518017775858085
AG-R,231.6667,a50_an_ba,-0.07415679465340096
AG-R,231.6667,a75_a50_an,0.08482332263624325
AG-R,231.6667,a75_an_ba,0.010666527982842292
AG-R,232.5,a50_an_ba,-0.07013511780414129
AG-R,232.5,a75_a50_an,0.07932444796978665
AG-R,232.5,a75_an_ba,0.009189330165645354
AG-R,233.33329999999998,a50_an_ba,-0.06594789030593343
AG-R,233.33329999999998,a75_a50_an,0.07303714547013716
AG-R,233.33329999999998,a75_an_ba,0.007089255164203734
AG-R,234.1667,a50_an_ba,-0.06163915150928875
AG-R,234.1667,a75_a50_an,0.06601322612536575
AG-R,234.1667,a75_an_ba,0.004374074616076992
AG-R,235,a50_an_ba,-0.05725438148701475
AG-R,235,a75_a50_an,0.05831066261745584
AG-R,235,a75_an_ba,0.0010562811304410946
AG-R,235.8333,a50_an_ba,-0.05284031263090973
AG-R,235.8333,a75_a50_an,0.04999312738083941
AG-R,235.8333,a75_an_ba,-0.0028471852500703307
AG-R,236.66670000000002,a50_an_ba,-0.048444737799634936
AG-R,236.66670000000002,a75_a50_an,0.041129479792656506
AG-R,236.66670000000002,a75_an_ba,-0.007315258006978423
AG-R,237.5,a50_an_ba,-0.04411630971731128
AG-R,237.5,a75_a50_an,0.03179320413513279
AG-R,237.5,a75_an_ba,-0.012323105582178475
AG-R,238.3333,a50_an_ba,-0.0399043262622309
AG-R,238.3333,a75_a50_an,0.02206180040313046
AG-R,238.3333,a75_an_ba,-0.017842525859100438
AG-R,239.16670000000002,a50_an_ba,-0.03585849646273967
AG-R,239.16670000000002,a75_a50_an,0.012016130538181569
AG-R,239.16670000000002,a75_an_ba,-0.0238423659245581
AG-R,240,a50_an_ba,-0.032028682431548196
AG-R,240,a75_a50_an,0.0017397232492436133
AG-R,240,a75_an_ba,-0.030288959182304592
AG-R,240.8333,a50_an_ba,-0.02846461311162393
AG-R,240.8333,a75_a50_an,-0.008681958778327718
AG-R,240.8333,a75_an_ba,-0.03714657188995166
AG-R,241.66670000000002,a50_an_ba,-0.025215566561613705
AG-R,241.66670000000002,a75_a50_an,-0.019162284791646802
AG-R,241.66670000000002,a75_an_ba,-0.0443778513532605
AG-R,242.5,a50_an_ba,-0.02233001855470282
AG-R,242.5,a75_a50_an,-0.029614249773664468
AG-R,242.5,a75_an_ba,-0.051944268328367287
AG-R,243.3333,a50_an_ba,-0.019855256474733837
AG-R,243.3333,a75_a50_an,-0.03995129016796228
AG-R,243.3333,a75_an_ba,-0.05980654664269612
AG-R,244.1667,a50_an_ba,-0.01783695883470003
AG-R,244.1667,a75_a50_an,-0.05008811480064825
AG-R,244.1667,a75_an_ba,-0.06792507363534828
AG-R,245,a50_an_ba,-0.016318742178444184
AG-R,245,a75_a50_an,-0.059941543542926023
AG-R,245,a75_an_ba,-0.0762602857213702
AG-R,245.8333,a50_an_ba,-0.015341678616233673
AG-R,245.8333,a75_a50_an,-0.06943134556654447
AG-R,245.8333,a75_an_ba,-0.08477302418277814
AG-R,246.6667,a50_an_ba,-0.014943788745807452
AG-R,246.6667,a75_a50_an,-0.07848106841621214
AG-R,246.6667,a75_an_ba,-0.09342485716201959
AG-R,247.5,a50_an_ba,-0.015159516178502804
AG-R,247.5,a75_a50_an,-0.08701884858054187
AG-R,247.5,a75_an_ba,-0.10217836475904467
AG-R,248.3333,a50_an_ba,-0.01601919128038938
AG-R,248.3333,a75_a50_an,-0.0949781938080054
AG-R,248.3333,a75_an_ba,-0.11099738508839478
AG-R,249.1667,a50_an_ba,-0.017548493007724663
AG-R,249.1667,a75_a50_an,-0.10229872710738125
AG-R,249.1667,a75_an_ba,-0.11984722011510592
AG-R,250,a50_an_ba,-0.019767918822719548
AG-R,250,a75_a50_an,-0.1089268822120689
AG-R,250,a75_an_ba,-0.12869480103478845
AG-R,250.83329999999998,a50_an_ba,-0.022692273581485543
AG-R,250.83329999999998,a75_a50_an,-0.1148165402908322
AG-R,250.83329999999998,a75_an_ba,-0.13750881387231775
AG-R,251.66670000000002,a50_an_ba,-0.026330188956823545
AG-R,251.66670000000002,a75_a50_an,-0.11992959786757967
AG-R,251.66670000000002,a75_an_ba,-0.14625978682440322
AG-R,252.5,a50_an_ba,-0.030683685365581293
AG-R,252.5,a75_a50_an,-0.12423645627961735
AG-R,252.5,a75_an_ba,-0.15492014164519866
AG-R,253.33329999999998,a50_an_ba,-0.03574778849042239
AG-R,253.33329999999998,a75_a50_an,-0.1277164235639101
AG-R,253.33329999999998,a75_an_ba,-0.1634642120543325
AG-R,254.16670000000002,a50_an_ba,-0.041510212303291695
AG-R,254.16670000000002,a75_a50_an,-0.13035802041607092
AG-R,254.16670000000002,a75_an_ba,-0.1718682327193626
AG-R,255,a50_an_ba,-0.04795112000340571
AG-R,255,a75_a50_an,-0.13215918281504327
AG-R,255,a75_an_ba,-0.18011030281844898
AG-R,255.83329999999998,a50_an_ba,-0.05504297347532466
AG-R,255.83329999999998,a75_a50_an,-0.1331273550407284
AG-R,255.83329999999998,a75_an_ba,-0.18817032851605306
AG-R,256.66670000000005,a50_an_ba,-0.06275048075909227
AG-R,256.66670000000005,a75_a50_an,-0.1332794681209222
AG-R,256.66670000000005,a75_an_ba,-0.19602994888001446
AG-R,257.5,a50_an_ba,-0.07103064961920731
AG-R,257.5,a75_a50_an,-0.13264180021188365
AG-R,257.5,a75_an_ba,-0.20367244983109098
AG-R,258.3333,a50_an_ba,-0.07983295362439904
AG-R,258.3333,a75_a50_an,-0.13124971702370306
AG-R,258.3333,a75_an_ba,-0.2110826706481021
AG-R,259.16670000000005,a50_an_ba,-0.08909961523556702
AG-R,259.16670000000005,a75_a50_an,-0.12914729212305445
AG-R,259.16670000000005,a75_an_ba,-0.21824690735862148
AG-R,260,a50_an_ba,-0.09876600828082135
AG-R,260,a75_a50_an,-0.12638680875439848
AG-R,260,a75_an_ba,-0.22515281703521983
AG-R,260.8333,a50_an_ba,-0.10876117991681555
AG-R,260.8333,a75_a50_an,-0.12302814668530536
AG-R,260.8333,a75_an_ba,-0.2317893266021209
AG-R,261.6667,a50_an_ba,-0.11900848978184919
AG-R,261.6667,a75_a50_an,-0.11913805946906374
AG-R,261.6667,a75_an_ba,-0.23814654925091291
AG-R,262.5,a50_an_ba,-0.12942636158998944
AG-R,262.5,a75_a50_an,-0.11478934939289814
AG-R,262.5,a75_an_ba,-0.24421571098288758
AG-R,263.3333,a50_an_ba,-0.13992913995125203
AG-R,263.3333,a75_a50_an,-0.11005994920670067
AG-R,263.3333,a75_an_ba,-0.2499890891579527
AG-R,264.1667,a50_an_ba,-0.15042804278686076
AG-R,264.1667,a75_a50_an,-0.10503192146837126
AG-R,264.1667,a75_an_ba,-0.25545996425523204
AG-R,265,a50_an_ba,-0.16083219739738155
AG-R,265,a75_a50_an,-0.09979038796149063
AG-R,265,a75_an_ba,-0.26062258535887217
AG-R,265.8333,a50_an_ba,-0.17104974609075632
AG-R,265.8333,a75_a50_an,-0.09442240310391552
AG-R,265.8333,a75_an_ba,-0.2654721491946718
AG-R,266.6667,a50_an_ba,-0.18098900534061554
AG-R,266.6667,a75_a50_an,-0.08901578653894304
AG-R,266.6667,a75_an_ba,-0.2700047918795586
AG-R,267.5,a50_an_ba,-0.19055966077237188
AG-R,267.5,a75_a50_an,-0.0836579311536317
AG-R,267.5,a75_an_ba,-0.2742175919260036
AG-R,268.3333,a50_an_ba,-0.1996739789111046
AG-R,268.3333,a75_a50_an,-0.07843460357472219
AG-R,268.3333,a75_an_ba,-0.2781085824858268
AG-R,269.1667,a50_an_ba,-0.20824801561000322
AG-R,269.1667,a75_a50_an,-0.07342875472886087
AG-R,269.1667,a75_an_ba,-0.28167677033886407
AG-R,270,a50_an_ba,-0.2162028004439153
AG-R,270,a75_a50_an,-0.06871935830231504
AG-R,270,a75_an_ba,-0.28492215874623034
AG-R,270.8333,a50_an_ba,-0.2234654761235815
AG-R,270.8333,a75_a50_an,-0.06438029488353729
AG-R,270.8333,a75_an_ba,-0.2878457710071188
AG-R,271.6667,a50_an_ba,-0.22997037217872363
AG-R,271.6667,a75_a50_an,-0.06047929921254994
AG-R,271.6667,a75_an_ba,-0.2904496713912736
AG-R,272.5,a50_an_ba,-0.23565999277906355
AG-R,272.5,a75_a50_an,-0.05707698729305861
AG-R,272.5,a75_an_ba,-0.2927369800721222
AG-R,273.3333,a50_an_ba,-0.24048589960940586
AG-R,273.3333,a75_a50_an,-0.05422597915127439
AG-R,273.3333,a75_an_ba,-0.2947118787606802
AG-R,274.1667,a50_an_ba,-0.24440947217603837
AG-R,274.1667,a75_a50_an,-0.05197013176058877
AG-R,274.1667,a75_an_ba,-0.29637960393662716
AG-R,275,a50_an_ba,-0.24740252977579116
AG-R,275,a75_a50_an,-0.05034389511047571
AG-R,275,a75_an_ba,-0.2977464248862669
AG-R,275.8333,a50_an_ba,-0.2494478015756346
AG-R,275.8333,a75_a50_an,-0.049371802603895974
AG-R,275.8333,a75_an_ba,-0.2988196041795306
AG-R,276.6667,a50_an_ba,-0.25053923379095755
AG-R,276.6667,a75_a50_an,-0.049068104948245074
AG-R,276.6667,a75_an_ba,-0.29960733873920264
AG-R,277.5,a50_an_ba,-0.2506821257677583
AG-R,277.5,a75_a50_an,-0.04943655449344616
AG-R,277.5,a75_an_ba,-0.3001186802612045
AG-R,278.3333,a50_an_ba,-0.24989308981442732
AG-R,278.3333,a75_a50_an,-0.050470344604538885
AG-R,278.3333,a75_an_ba,-0.3003634344189662
AG-R,279.1667,a50_an_ba,-0.2481998328330651
AG-R,279.1667,a75_a50_an,-0.05215220617601286
AG-R,279.1667,a75_an_ba,-0.300352039009078
AG-R,280,a50_an_ba,-0.24564076110438343
AG-R,280,a75_a50_an,-0.05445466084504113
AG-R,280,a75_an_ba,-0.30009542194942457
AG-R,280.8333,a50_an_ba,-0.24226441291695827
AG-R,280.8333,a75_a50_an,-0.05734042788657178
AG-R,280.8333,a75_an_ba,-0.29960484080353006
AG-R,281.6667,a50_an_ba,-0.23812872703182889
AG-R,281.6667,a75_a50_an,-0.06076297922186267
AG-R,281.6667,a75_an_ba,-0.29889170625369155
AG-R,282.5,a50_an_ba,-0.23330015816792135
AG-R,282.5,a75_a50_an,-0.0646672344907332
AG-R,282.5,a75_an_ba,-0.2979673926586545
AG-R,283.3333,a50_an_ba,-0.22785265371439803
AG-R,283.3333,a75_a50_an,-0.06899038577289655
AG-R,283.3333,a75_an_ba,-0.29684303948729457
AG-R,284.1667,a50_an_ba,-0.22186650865738677
AG-R,284.1667,a75_a50_an,-0.07366283933996247
AG-R,284.1667,a75_an_ba,-0.29552934799734926
AG-R,285,a50_an_ba,-0.21542711818969407
AG-R,285,a75_a50_an,-0.0786092598190005
AG-R,285,a75_an_ba,-0.2940363780086946
AG-R,285.8333,a50_an_ba,-0.20862364959729926
AG-R,285.8333,a75_a50_an,-0.08374970038969946
AG-R,285.8333,a75_an_ba,-0.2923733499869987
AG-R,286.6667,a50_an_ba,-0.201547656737299
AG-R,286.6667,a75_a50_an,-0.0890008011540566
AG-R,286.6667,a75_an_ba,-0.2905484578913556
AG-R,287.5,a50_an_ba,-0.19429166169775258
AG-R,287.5,a75_a50_an,-0.09427703663972162
AG-R,287.5,a75_an_ba,-0.2885686983374742
AG-R,288.3333,a50_an_ba,-0.18694772902922058
AG-R,288.3333,a75_a50_an,-0.09949199254884715
AG-R,288.3333,a75_an_ba,-0.28643972157806774
AG-R,289.1667,a50_an_ba,-0.17960605823870468
AG-R,289.1667,a75_a50_an,-0.10455965136111313
AG-R,289.1667,a75_an_ba,-0.2841657095998178
AG-R,290,a50_an_ba,-0.1723536200280516
AG-R,290,a75_a50_an,-0.10939566625314809
AG-R,290,a75_an_ba,-0.28174928628119966
AG-R,290.8333,a50_an_ba,-0.16527286103982855
AG-R,290.8333,a75_a50_an,-0.11391860301096866
AG-R,290.8333,a75_an_ba,-0.2791914640507972
AG-R,291.6667,a50_an_ba,-0.15844050065454193
AG-R,291.6667,a75_a50_an,-0.11805113018414552
AG-R,291.6667,a75_an_ba,-0.27649163083868744
AG-R,292.5,a50_an_ba,-0.15192644168469113
AG-R,292.5,a75_a50_an,-0.12172113865056568
AG-R,292.5,a75_an_ba,-0.2736475803352568
AG-R,293.3333,a50_an_ba,-0.14579281466477806
AG-R,293.3333,a75_a50_an,-0.12486277301199326
AG-R,293.3333,a75_an_ba,-0.27065558767677134
AG-R,294.1667,a50_an_ba,-0.1400931728831778
AG-R,294.1667,a75_a50_an,-0.1274173588003652
AG-R,294.1667,a75_an_ba,-0.267510531683543
AG-R,295,a50_an_ba,-0.1348718523915926
AG-R,295,a75_a50_an,-0.12933421131369494
AG-R,295,a75_an_ba,-0.26420606370528754
AG-R,295.8333,a50_an_ba,-0.1301635080186412
AG-R,295.8333,a75_a50_an,-0.13057131398431293
AG-R,295.8333,a75_an_ba,-0.2607348220029541
AG-R,296.6667,a50_an_ba,-0.1259928329706675
AG-R,296.6667,a75_a50_an,-0.13109585647167826
AG-R,296.6667,a75_an_ba,-0.25708868944234575
AG-R,297.5,a50_an_ba,-0.12237446599524045
AG-R,297.5,a75_a50_an,-0.13088462512418456
AG-R,297.5,a75_an_ba,-0.253259091119425
AG-R,298.3333,a50_an_ba,-0.11931308638477578
AG-R,298.3333,a75_a50_an,-0.1299242410230476
AG-R,298.3333,a75_an_ba,-0.2492373274078234
AG-R,299.1667,a50_an_ba,-0.11680369338605436
AG-R,299.1667,a75_a50_an,-0.12821124345811544
AG-R,299.1667,a75_an_ba,-0.24501493684416978
AG-R,300,a50_an_ba,-0.11483206293256046
AG-R,300,a75_a50_an,-0.12575201934100752
AG-R,300,a75_an_ba,-0.24058408227356798
AG-R,300.8333,a50_an_ba,-0.1133753711071953
AG-R,300.8333,a75_a50_an,-0.12256258168543499
AG-R,300.8333,a75_an_ba,-0.23593795279263027
AG-R,301.6667,a50_an_ba,-0.11240297044602135
AG-R,301.6667,a75_a50_an,-0.11866820282933692
AG-R,301.6667,a75_an_ba,-0.23107117327535825
AG-R,302.5,a50_an_ba,-0.11187730217884805
AG-R,302.5,a75_a50_an,-0.11410291049130132
AG-R,302.5,a75_an_ba,-0.22598021267014937
AG-R,303.33329999999995,a50_an_ba,-0.11175492483303712
AG-R,303.33329999999995,a75_a50_an,-0.10890885700057122
AG-R,303.33329999999995,a75_an_ba,-0.22066378183360835
AG-R,304.1667,a50_an_ba,-0.11198763735944373
AG-R,304.1667,a75_a50_an,-0.10313557407492972
AG-R,304.1667,a75_an_ba,-0.21512321143437343
AG-R,305,a50_an_ba,-0.1125236731219113
AG-R,305,a75_a50_an,-0.09683912730785636
AG-R,305,a75_an_ba,-0.20936280042976765
AG-R,305.83329999999995,a50_an_ba,-0.11330893976291977
AG-R,305.83329999999995,a75_a50_an,-0.09008118603437919
AG-R,305.83329999999995,a75_an_ba,-0.20339012579729895
AG-R,306.6667,a50_an_ba,-0.11428827914619716
AG-R,306.6667,a75_a50_an,-0.08292802544871222
AG-R,306.6667,a75_an_ba,-0.19721630459490938
AG-R,307.5,a50_an_ba,-0.11540672129972633
AG-R,307.5,a75_a50_an,-0.07544947872701283
AG-R,307.5,a75_an_ba,-0.19085620002673914
AG-R,308.33329999999995,a50_an_ba,-0.11661070654587165
AG-R,308.33329999999995,a75_a50_an,-0.06771785745274203
AG-R,308.33329999999995,a75_an_ba,-0.18432856399861366
AG-R,309.1667,a50_an_ba,-0.11784925080369886
AG-R,309.1667,a75_a50_an,-0.05980685884452647
AG-R,309.1667,a75_an_ba,-0.1776561096482253
AG-R,310,a50_an_ba,-0.11907503036539914
AG-R,310,a75_a50_an,-0.05179047814798952
AG-R,310,a75_an_ba,-0.17086550851338866
AG-R,310.83329999999995,a50_an_ba,-0.12024536425607006
AG-R,310.83329999999995,a75_a50_an,-0.04374194408164674
AG-R,310.83329999999995,a75_an_ba,-0.1639873083377168
AG-R,311.6667,a50_an_ba,-0.12132307454567251
AG-R,311.6667,a75_a50_an,-0.03573269443681492
AG-R,311.6667,a75_an_ba,-0.15705576898248744
AG-R,312.5,a50_an_ba,-0.12227720764587545
AG-R,312.5,a75_a50_an,-0.027831407843098257
AG-R,312.5,a75_an_ba,-0.1501086154889737
AG-R,313.3333,a50_an_ba,-0.12308360263595429
AG-R,313.3333,a75_a50_an,-0.020103106350453925
AG-R,313.3333,a75_an_ba,-0.1431867089864082
AG-R,314.16670000000005,a50_an_ba,-0.12372529595713512
AG-R,314.16670000000005,a75_a50_an,-0.012608341877255898
AG-R,314.16670000000005,a75_an_ba,-0.136333637834391
AG-R,315,a50_an_ba,-0.12419275532351325
AG-R,315,a75_a50_an,-0.00540247776671713
AG-R,315,a75_an_ba,-0.12959523309023038
AG-R,315.8333,a50_an_ba,-0.12448393934553134
AG-R,315.8333,a75_a50_an,0.001464925279403528
AG-R,315.8333,a75_an_ba,-0.12301901406612782
AG-R,316.66670000000005,a50_an_ba,-0.12460418307138411
AG-R,316.66670000000005,a75_a50_an,0.007950611718975473
AG-R,316.66670000000005,a75_an_ba,-0.11665357135240863
AG-R,317.5,a50_an_ba,-0.12456591334401025
AG-R,317.5,a75_a50_an,0.014018017147779263
AG-R,317.5,a75_an_ba,-0.11054789619623098
AG-R,318.3333,a50_an_ba,-0.12438820146828171
AG-R,318.3333,a75_a50_an,0.01963753496184757
AG-R,318.3333,a75_an_ba,-0.10475066650643415
AG-R,319.16670000000005,a50_an_ba,-0.1240961641084662
AG-R,319.16670000000005,a75_a50_an,0.0247866631357092
AG-R,319.16670000000005,a75_an_ba,-0.09930950097275701
AG-R,320,a50_an_ba,-0.12372022651788325
AG-R,320,a75_a50_an,0.02945003270524716
AG-R,320,a75_an_ba,-0.09427019381263609
AG-R,320.8333,a50_an_ba,-0.12329526507391417
AG-R,320.8333,a75_a50_an,0.03361932160826662
AG-R,320.8333,a75_an_ba,-0.08967594346564756
AG-R,321.66670000000005,a50_an_ba,-0.12285964859203202
AG-R,321.66670000000005,a75_a50_an,0.037293059469106576
AG-R,321.66670000000005,a75_an_ba,-0.08556658912292545
AG-R,322.5,a50_an_ba,-0.12245419997039005
AG-R,322.5,a75_a50_an,0.04047633068069908
AG-R,322.5,a75_an_ba,-0.08197786928969097
AG-R,323.3333,a50_an_ba,-0.12212110132879038
AG-R,323.3333,a75_a50_an,0.043180384707508394
AG-R,323.3333,a75_an_ba,-0.07894071662128198
AG-R,324.1667,a50_an_ba,-0.12190276692001706
AG-R,324.1667,a75_a50_an,0.045422163879694555
AG-R,324.1667,a75_an_ba,-0.0764806030403225
AG-R,325,a50_an_ba,-0.12184070868538442
AG-R,325,a75_a50_an,0.04722376005197168
AG-R,325,a75_an_ba,-0.07461694863341274
AG-R,325.8333,a50_an_ba,-0.1219744193895764
AG-R,325.8333,a75_a50_an,0.04861181234482273
AG-R,325.8333,a75_an_ba,-0.07336260704475367
AG-R,326.6667,a50_an_ba,-0.1223402978027984
AG-R,326.6667,a75_a50_an,0.04961685876176711
AG-R,326.6667,a75_an_ba,-0.07272343904103129
AG-R,327.5,a50_an_ba,-0.12297063941333874
AG-R,327.5,a75_a50_an,0.05027265478096687
AG-R,327.5,a75_an_ba,-0.0726979846323719
AG-R,328.3333,a50_an_ba,-0.12389271467388972
AG-R,328.3333,a75_a50_an,0.05061547205523252
AG-R,328.3333,a75_an_ba,-0.0732772426186572
AG-R,329.1667,a50_an_ba,-0.1251279548441392
AG-R,329.1667,a75_a50_an,0.050683390129689435
AG-R,329.1667,a75_an_ba,-0.07444456471444974
AG-R,330,a50_an_ba,-0.12669126313369392
AG-R,330,a75_a50_an,0.050515593614901134
AG-R,330,a75_an_ba,-0.07617566951879279
AG-R,330.8333,a50_an_ba,-0.1285904661255971
AG-R,330.8333,a75_a50_an,0.050151686553613524
AG-R,330.8333,a75_an_ba,-0.07843877957198357
AG-R,331.6667,a50_an_ba,-0.13082591743140853
AG-R,331.6667,a75_a50_an,0.04963103481495109
AG-R,331.6667,a75_an_ba,-0.08119488261645746
AG-R,332.5,a50_an_ba,-0.13339026225998882
AG-R,332.5,a75_a50_an,0.048992146267655
AG-R,332.5,a75_an_ba,-0.08439811599233382
AG-R,333.3333,a50_an_ba,-0.13626836814499246
AG-R,333.3333,a75_a50_an,0.048272097254161345
AG-R,333.3333,a75_an_ba,-0.0879962708908311
AG-R,334.1667,a50_an_ba,-0.139437423544377
AG-R,334.1667,a75_a50_an,0.0475060125424761
AG-R,334.1667,a75_an_ba,-0.09193141100190089
AG-R,335,a50_an_ba,-0.14286720247502843
AG-R,335,a75_a50_an,0.04672660450700201
AG-R,335,a75_an_ba,-0.09614059796802644
AG-R,335.8333,a50_an_ba,-0.14652048985246208
AG-R,335.8333,a75_a50_an,0.045963775817813385
AG-R,335.8333,a75_an_ba,-0.10055671403464869
AG-R,336.6667,a50_an_ba,-0.15035365884347834
AG-R,336.6667,a75_a50_an,0.045244288434915604
AG-R,336.6667,a75_an_ba,-0.10510937040856275
AG-R,337.5,a50_an_ba,-0.15431738837940298
AG-R,337.5,a75_a50_an,0.04459150024400328
AG-R,337.5,a75_an_ba,-0.10972588813539969
AG-R,338.3333,a50_an_ba,-0.15835750608493326
AG-R,338.3333,a75_a50_an,0.04402516926522828
AG-R,338.3333,a75_an_ba,-0.11433233681970498
AG-R,339.1667,a50_an_ba,-0.1624159393125191
AG-R,339.1667,a75_a50_an,0.04356132404656788
AG-R,339.1667,a75_an_ba,-0.11885461526595124
AG-R,340,a50_an_ba,-0.16643175478657887
AG-R,340,a75_a50_an,0.04321219764530779
AG-R,340,a75_an_ba,-0.1232195571412711
AG-R,340.8333,a50_an_ba,-0.17034226559965793
AG-R,340.8333,a75_a50_an,0.042986221528251496
AG-R,340.8333,a75_an_ba,-0.12735604407140644
AG-R,341.6667,a50_an_ba,-0.17408418299785416
AG-R,341.6667,a75_a50_an,0.042888074802694874
AG-R,341.6667,a75_an_ba,-0.13119610819515928
AG-R,342.5,a50_an_ba,-0.1775947895697792
AG-R,342.5,a75_a50_an,0.04291878344066099
AG-R,342.5,a75_an_ba,-0.1346760061291182
AG-R,343.3333,a50_an_ba,-0.18081311012538642
AG-R,343.3333,a75_a50_an,0.04307586358840417
AG-R,343.3333,a75_an_ba,-0.13773724653698224
AG-R,344.1667,a50_an_ba,-0.18368105672108517
AG-R,344.1667,a75_a50_an,0.04335350266689075
AG-R,344.1667,a75_an_ba,-0.14032755405419442
AG-R,345,a50_an_ba,-0.186144524947637
AG-R,345,a75_a50_an,0.04374277176722798
AG-R,345,a75_an_ba,-0.142401753180409
AG-R,345.8333,a50_an_ba,-0.1881544197289951
AG-R,345.8333,a75_a50_an,0.04423186282326629
AG-R,345.8333,a75_an_ba,-0.1439225569057288
AG-R,346.6667,a50_an_ba,-0.18966759045505205
AG-R,346.6667,a75_a50_an,0.04480634419295557
AG-R,346.6667,a75_an_ba,-0.14486124626209648
AG-R,347.5,a50_an_ba,-0.190647657251557
AG-R,347.5,a75_a50_an,0.0454494285872953
AG-R,347.5,a75_an_ba,-0.14519822866426169
AG-R,348.3333,a50_an_ba,-0.19106571253020097
AG-R,348.3333,a75_a50_an,0.04614224773388251
AG-R,348.3333,a75_an_ba,-0.14492346479631846
AG-R,349.1667,a50_an_ba,-0.19090088460762533
AG-R,349.1667,a75_a50_an,0.046864128730963996
AG-R,349.1667,a75_an_ba,-0.14403675587666132
AG-R,350,a50_an_ba,-0.1901407530747587
AG-R,350,a75_a50_an,0.047592867714706444
AG-R,350,a75_an_ba,-0.14254788536005228
AG-R,350.8333,a50_an_ba,-0.18878160867318453
AG-R,350.8333,a75_a50_an,0.04830499720221193
AG-R,350.8333,a75_an_ba,-0.1404766114709726
AG-R,351.6667,a50_an_ba,-0.1868285536260336
AG-R,351.6667,a75_a50_an,0.04897604425953394
AG-R,351.6667,a75_an_ba,-0.13785250936649965
AG-R,352.5,a50_an_ba,-0.1842954416083208
AG-R,352.5,a75_a50_an,0.049580777450823635
AG-R,352.5,a75_an_ba,-0.13471466415749717
AG-R,353.3333,a50_an_ba,-0.18120465975643185
AG-R,353.3333,a75_a50_an,0.05009344132524291
AG-R,353.3333,a75_an_ba,-0.13111121843118895
AG-R,354.1667,a50_an_ba,-0.1775867582409043
AG-R,354.1667,a75_a50_an,0.050487977966689516
AG-R,354.1667,a75_an_ba,-0.12709878027421478
AG-R,355,a50_an_ba,-0.1734799358957762
AG-R,355,a75_a50_an,0.05073823584352982
AG-R,355,a75_an_ba,-0.12274170005224636
AG-R,355.8333,a50_an_ba,-0.16892939315080094
AG-R,355.8333,a75_a50_an,0.05081816682965935
AG-R,355.8333,a75_an_ba,-0.11811122632114157
AG-R,356.6667,a50_an_ba,-0.16398656599451386
AG-R,356.6667,a75_a50_an,0.050702012804887814
AG-R,356.6667,a75_an_ba,-0.11328455318962606
AG-R,357.5,a50_an_ba,-0.1587082568578179
AG-R,357.5,a75_a50_an,0.0503644836663053
AG-R,357.5,a75_an_ba,-0.10834377319151259
AG-R,358.3333,a50_an_ba,-0.1531556801085271
AG-R,358.3333,a75_a50_an,0.04978092888060186
AG-R,358.3333,a75_an_ba,-0.10337475122792524
AG-R,359.1667,a50_an_ba,-0.14739344125452333
AG-R,359.1667,a75_a50_an,0.04892750487210215
AG-R,359.1667,a75_an_ba,-0.09846593638242118
AG-R,360,a50_an_ba,-0.14148846994343442
AG-R,360,a75_a50_an,0.04778134056877942
AG-R,360,a75_an_ba,-0.09370712937465502
AG-R,360.8333,a50_an_ba,-0.13550892740583534
AG-R,360.8333,a75_a50_an,0.0463207033188542
AG-R,360.8333,a75_an_ba,-0.08918822408698114
AG-R,361.6667,a50_an_ba,-0.1295231091126273
AG-R,361.6667,a75_a50_an,0.04452516714864017
AG-R,361.6667,a75_an_ba,-0.08499794196398712
AG-R,362.5,a50_an_ba,-0.12359836311039461
AG-R,362.5,a75_a50_an,0.04237578496668613
AG-R,362.5,a75_an_ba,-0.08122257814370848
AG-R,363.3333,a50_an_ba,-0.11780004377579498
AG-R,363.3333,a75_a50_an,0.03985526584283362
AG-R,363.3333,a75_an_ba,-0.07794477793296135
AG-R,364.1667,a50_an_ba,-0.11219051961461833
AG-R,364.1667,a75_a50_an,0.03694815791966505
AG-R,364.1667,a75_an_ba,-0.07524236169495328
AG-R,365,a50_an_ba,-0.10682825225452593
AG-R,365,a75_a50_an,0.03364103686744285
AG-R,365,a75_an_ba,-0.07318721538708307
AG-R,365.83329999999995,a50_an_ba,-0.10176696198175604
AG-R,365.83329999999995,a75_a50_an,0.029922699093901772
AG-R,365.83329999999995,a75_an_ba,-0.07184426288785427
AG-R,366.6667,a50_an_ba,-0.09705489309617042
AG-R,366.6667,a75_a50_an,0.025784358190986605
AG-R,366.6667,a75_an_ba,-0.07127053490518383
AG-R,367.5,a50_an_ba,-0.09273419005684848
AG-R,367.5,a75_a50_an,0.02121984236722505
AG-R,367.5,a75_an_ba,-0.07151434768962342
AG-R,368.33329999999995,a50_an_ba,-0.08884039291625877
AG-R,368.33329999999995,a75_a50_an,0.016225789902489643
AG-R,368.33329999999995,a75_an_ba,-0.07261460301376914
AG-R,369.1667,a50_an_ba,-0.08540205795240839
AG-R,369.1667,a75_a50_an,0.010801838997332957
AG-R,369.1667,a75_an_ba,-0.07460021895507543
AG-R,370,a50_an_ba,-0.08244050676389252
AG-R,370,a75_a50_an,0.004950807796745428
AG-R,370,a75_an_ba,-0.0774896989671471
AG-R,370.83329999999995,a50_an_ba,-0.07996970445124273
AG-R,370.83329999999995,a75_a50_an,-0.0013211401285988273
AG-R,370.83329999999995,a75_an_ba,-0.08129084457984156
AG-R,371.6667,a50_an_ba,-0.07799626492699255
AG-R,371.6667,a75_a50_an,-0.008004349940521188
AG-R,371.6667,a75_an_ba,-0.08600061486751373
AG-R,372.5,a50_an_ba,-0.07651957893119965
AG-R,372.5,a75_a50_an,-0.01508555467265712
AG-R,372.5,a75_an_ba,-0.09160513360385678
AG-R,373.33329999999995,a50_an_ba,-0.07553205803019145
AG-R,373.33329999999995,a75_a50_an,-0.022547784787359332
AG-R,373.33329999999995,a75_an_ba,-0.09807984281755078
AG-R,374.1667,a50_an_ba,-0.07501948579002887
AG-R,374.1667,a75_a50_an,-0.030370313520081547
AG-R,374.1667,a75_an_ba,-0.10538979931011043
AG-R,375,a50_an_ba,-0.07496146548338678
AG-R,375,a75_a50_an,-0.038528643146414306
AG-R,375,a75_an_ba,-0.11349010862980108
AG-R,375.8333,a50_an_ba,-0.07533195214273965
AG-R,375.8333,a75_a50_an,-0.0469945369017074
AG-R,375.8333,a75_an_ba,-0.12232648904444705
AG-R,376.66670000000005,a50_an_ba,-0.07609985554054789
AG-R,376.66670000000005,a75_a50_an,-0.05573610070968319
AG-R,376.66670000000005,a75_an_ba,-0.1318359562502311
AG-R,377.5,a50_an_ba,-0.07722969977719923
AG-R,377.5,a75_a50_an,-0.06471791814167223
AG-R,377.5,a75_an_ba,-0.14194761791887148
AG-R,378.3333,a50_an_ba,-0.07868232460044076
AG-R,378.3333,a75_a50_an,-0.07390124114363195
AG-R,378.3333,a75_an_ba,-0.1525835657440727
AG-R,379.16670000000005,a50_an_ba,-0.08041561336825775
AG-R,379.16670000000005,a75_a50_an,-0.0832442380501512
AG-R,379.16670000000005,a75_an_ba,-0.16365985141840894
AG-R,380,a50_an_ba,-0.08238523269530834
AG-R,380,a75_a50_an,-0.09270229927325582
AG-R,380,a75_an_ba,-0.17508753196856416
AG-R,380.8333,a50_an_ba,-0.08454536927733318
AG-R,380.8333,a75_a50_an,-0.10222839983308853
AG-R,380.8333,a75_an_ba,-0.1867737691104217
AG-R,381.66670000000005,a50_an_ba,-0.08684945014825385
AG-R,381.66670000000005,a75_a50_an,-0.11177351661439987
AG-R,381.66670000000005,a75_an_ba,-0.1986229667626537
AG-R,382.5,a50_an_ba,-0.08925083366322072
AG-R,382.5,a75_a50_an,-0.12128709691707336
AG-R,382.5,a75_an_ba,-0.21053793058029407
AG-R,383.3333,a50_an_ba,-0.09170345978470952
AG-R,383.3333,a75_a50_an,-0.13071757355214095
AG-R,383.3333,a75_an_ba,-0.22242103333685045
AG-R,384.16670000000005,a50_an_ba,-0.09416244973967679
AG-R,384.16670000000005,a75_a50_an,-0.1400129204495905
AG-R,384.16670000000005,a75_an_ba,-0.2341753701892673
AG-R,385,a50_an_ba,-0.09658464677152989
AG-R,385,a75_a50_an,-0.14912124152395295
AG-R,385,a75_an_ba,-0.24570588829548284
AG-R,385.8333,a50_an_ba,-0.09892909148639056
AG-R,385.8333,a75_a50_an,-0.1579913844205967
AG-R,385.8333,a75_an_ba,-0.2569204759069873
AG-R,386.6667,a50_an_ba,-0.1011574271418898
AG-R,386.6667,a75_a50_an,-0.16657356977143112
AG-R,386.6667,a75_an_ba,-0.2677309969133209
AG-R,387.5,a50_an_ba,-0.1032342321013541
AG-R,387.5,a75_a50_an,-0.17482002575232106
AG-R,387.5,a75_an_ba,-0.27805425785367516
AG-R,388.3333,a50_an_ba,-0.105127278529855
AG-R,388.3333,a75_a50_an,-0.1826856170826664
AG-R,388.3333,a75_an_ba,-0.2878128956125214
AG-R,389.1667,a50_an_ba,-0.10680771819620725
AG-R,389.1667,a75_a50_an,-0.19012845716292245
AG-R,389.1667,a75_an_ba,-0.2969361753591297
AG-R,390,a50_an_ba,-0.10825019792434619
AG-R,390,a75_a50_an,-0.19711049182713772
AG-R,390,a75_an_ba,-0.3053606897514839
AG-R,390.8333,a50_an_ba,-0.10943290876999574
AG-R,390.8333,a75_a50_an,-0.20359804320880806
AG-R,390.8333,a75_an_ba,-0.3130309519788038
AG-R,391.6667,a50_an_ba,-0.11033757435036391
AG-R,391.6667,a75_a50_an,-0.20956230248815125
AG-R,391.6667,a75_an_ba,-0.3198998768385152
AG-R,392.5,a50_an_ba,-0.11094938489715496
AG-R,392.5,a75_a50_an,-0.2149797608105771
AG-R,392.5,a75_an_ba,-0.32592914570773207
AG-R,393.3333,a50_an_ba,-0.1112568845140237
AG-R,393.3333,a75_a50_an,-0.21983256843709964
AG-R,393.3333,a75_an_ba,-0.33108945295112335
AG-R,394.1667,a50_an_ba,-0.11125181978252797
AG-R,394.1667,a75_a50_an,-0.2241088131993884
AG-R,394.1667,a75_an_ba,-0.3353606329819164
AG-R,395,a50_an_ba,-0.11092895826636104
AG-R,395,a75_a50_an,-0.2278027105709733
AG-R,395,a75_an_ba,-0.33873166883733435
AG-R,395.8333,a50_an_ba,-0.11028588560956745
AG-R,395.8333,a75_a50_an,-0.23091469911209528
AG-R,395.8333,a75_an_ba,-0.3412005847216627
AG-R,396.6667,a50_an_ba,-0.1093227898148801
AG-R,396.6667,a75_a50_an,-0.23345143667399817
AG-R,396.6667,a75_an_ba,-0.3427742264888783
AG-R,397.5,a50_an_ba,-0.10804224093396514
AG-R,397.5,a75_a50_an,-0.2354256945292487
AG-R,397.5,a75_an_ba,-0.34346793546321386
AG-R,398.3333,a50_an_ba,-0.1064489738193201
AG-R,398.3333,a75_a50_an,-0.23685614849416523
AG-R,398.3333,a75_an_ba,-0.3433051223134853
AG-R,399.1667,a50_an_ba,-0.10454968080045361
AG-R,399.1667,a75_a50_an,-0.23776706809000506
AG-R,399.1667,a75_an_ba,-0.34231674889045866
AG-R,400,a50_an_ba,-0.1023528201824445
AG-R,400,a75_a50_an,-0.23818790681105262
AG-R,400,a75_an_ba,-0.34054072699349713
AG-R,400.8333,a50_an_ba,-0.09986844535482457
AG-R,400.8333,a75_a50_an,-0.23815279858798083
AG-R,400.8333,a75_an_ba,-0.3380212439428054
AG-R,401.6667,a50_an_ba,-0.09710805807830339
AG-R,401.6667,a75_a50_an,-0.23769996751058006
AG-R,401.6667,a75_an_ba,-0.33480802558888345
AG-R,402.5,a50_an_ba,-0.0940844882236543
AG-R,402.5,a75_a50_an,-0.2368710597619298
AG-R,402.5,a75_an_ba,-0.33095554798558413
AG-R,403.3333,a50_an_ba,-0.09081180091011612
AG-R,403.3333,a75_a50_an,-0.23571040847396216
AG-R,403.3333,a75_an_ba,-0.3265222093840783
AG-R,404.1667,a50_an_ba,-0.0873052306694038
AG-R,404.1667,a75_a50_an,-0.2342642438015907
AG-R,404.1667,a75_an_ba,-0.3215694744709945
AG-R,405,a50_an_ba,-0.08358114098453047
AG-R,405,a75_a50_an,-0.23257986189135646
AG-R,405,a75_an_ba,-0.31616100287588694
AG-R,405.8333,a50_an_ba,-0.07965700635724221
AG-R,405.8333,a75_a50_an,-0.2307047675568903
AG-R,405.8333,a75_an_ba,-0.3103617739141325
AG-R,406.6667,a50_an_ba,-0.0755514129785758
AG-R,406.6667,a75_a50_an,-0.22868580633768165
AG-R,406.6667,a75_an_ba,-0.30423721931625747
AG-R,407.5,a50_an_ba,-0.07128407314473925
AG-R,407.5,a75_a50_an,-0.22656830218541943
AG-R,407.5,a75_an_ba,-0.2978523753301587
AG-R,408.3333,a50_an_ba,-0.06687584780235681
AG-R,408.3333,a75_a50_an,-0.22439521727485917
AG-R,408.3333,a75_an_ba,-0.291271065077216
AG-R,409.1667,a50_an_ba,-0.06234877104468188
AG-R,409.1667,a75_a50_an,-0.22220635036167605
AG-R,409.1667,a75_an_ba,-0.2845551214063579
AG-R,410,a50_an_ba,-0.05772607003053662
AG-R,410,a75_a50_an,-0.2200375897025229
AG-R,410,a75_an_ba,-0.2777636597330595
AG-R,410.8333,a50_an_ba,-0.05303217367093217
AG-R,410.8333,a75_a50_an,-0.2179202358140716
AG-R,410.8333,a75_an_ba,-0.27095240948500376
AG-R,411.6667,a50_an_ba,-0.04829270352924971
AG-R,411.6667,a75_a50_an,-0.21588040828663338
AG-R,411.6667,a75_an_ba,-0.2641731118158831
AG-R,412.5,a50_an_ba,-0.04353444070800289
AG-R,412.5,a75_a50_an,-0.2139385494995028
AG-R,412.5,a75_an_ba,-0.2574729902075057
AG-R,413.3333,a50_an_ba,-0.038785263040693976
AG-R,413.3333,a75_a50_an,-0.212109036431722
AG-R,413.3333,a75_an_ba,-0.250894299472416
AG-R,414.1667,a50_an_ba,-0.03407404765773323
AG-R,414.1667,a75_a50_an,-0.21039990985205884
AG-R,414.1667,a75_an_ba,-0.2444739575097921
AG-R,415,a50_an_ba,-0.029430534931428016
AG-R,415,a75_a50_an,-0.20881272804005388
AG-R,415,a75_an_ba,-0.23824326297148188
AG-R,415.8333,a50_an_ba,-0.024885150902653978
AG-R,415.8333,a75_a50_an,-0.20734254987576162
AG-R,415.8333,a75_an_ba,-0.2322277007784156
AG-R,416.6667,a50_an_ba,-0.020468786522190804
AG-R,416.6667,a75_a50_an,-0.2059780496832853
AG-R,416.6667,a75_an_ba,-0.22644683620547612
AG-R,417.5,a50_an_ba,-0.016212533370550952
AG-R,417.5,a75_a50_an,-0.2047017636700352
AG-R,417.5,a75_an_ba,-0.22091429704058613
AG-R,418.3333,a50_an_ba,-0.012147376916201222
AG-R,418.3333,a75_a50_an,-0.20349046522020547
AG-R,418.3333,a75_an_ba,-0.2156378421364067
AG-R,419.1667,a50_an_ba,-0.008303849796025166
AG-R,419.1667,a75_a50_an,-0.20231566372889462
AG-R,419.1667,a75_an_ba,-0.21061951352491978
AG-R,420,a50_an_ba,-0.004711649015495489
AG-R,420,a75_a50_an,-0.20114421915508793
AG-R,420,a75_an_ba,-0.2058558681705834
AG-R,420.8333,a50_an_ba,-0.0013992223306889475
AG-R,420.8333,a75_a50_an,-0.19993906207907708
AG-R,420.8333,a75_an_ba,-0.20133828440976603
AG-R,421.6667,a50_an_ba,0.0016066696473678282
AG-R,421.6667,a75_a50_an,-0.198660006822762
AG-R,421.6667,a75_an_ba,-0.19705333717539417
AG-R,422.5,a50_an_ba,0.004281407929636309
AG-R,422.5,a75_a50_an,-0.19726464317713682
AG-R,422.5,a75_an_ba,-0.19298323524750052
AG-R,423.3333,a50_an_ba,0.00660297751019307
AG-R,423.3333,a75_a50_an,-0.1957092905235179
AG-R,423.3333,a75_an_ba,-0.18910631301332484
AG-R,424.1667,a50_an_ba,0.00855242809897287
AG-R,424.1667,a75_a50_an,-0.1939499966725259
AG-R,424.1667,a75_an_ba,-0.18539756857355302
AG-R,425,a50_an_ba,0.010114323108206574
AG-R,425,a75_a50_an,-0.19194356261077625
AG-R,425,a75_an_ba,-0.18182923950256968
AG-R,425.8333,a50_an_ba,0.01127716640032536
AG-R,425.8333,a75_a50_an,-0.18964857356653592
AG-R,425.8333,a75_an_ba,-0.17837140716621058
AG-R,426.6667,a50_an_ba,0.012033796176463944
AG-R,426.6667,a75_a50_an,-0.18702641640211395
AG-R,426.6667,a75_an_ba,-0.17499262022565001
AG-R,427.5,a50_an_ba,0.012381735511183415
AG-R,427.5,a75_a50_an,-0.1840422633251458
AG-R,427.5,a75_an_ba,-0.1716605278139624
AG-R,428.33329999999995,a50_an_ba,0.012323489423737797
AG-R,428.33329999999995,a75_a50_an,-0.18066600228779905
AG-R,428.33329999999995,a75_an_ba,-0.16834251286406124
AG-R,429.1667,a50_an_ba,0.011866779015933495
AG-R,429.1667,a75_a50_an,-0.1768730952092158
AG-R,429.1667,a75_an_ba,-0.1650063161932823
AG-R,430,a50_an_ba,0.011024704092383847
AG-R,430,a75_a50_an,-0.17264534630102177
AG-R,430,a75_an_ba,-0.16162064220863792
AG-R,430.83329999999995,a50_an_ba,0.00981582679545051
AG-R,430.83329999999995,a75_a50_an,-0.16797156427971613
AG-R,430.83329999999995,a75_an_ba,-0.15815573748426562
AG-R,431.6667,a50_an_ba,0.008264170113584504
AG-R,431.6667,a75_a50_an,-0.1628481040868357
AG-R,431.6667,a75_an_ba,-0.15458393397325118
AG-R,432.5,a50_an_ba,0.006399126632171269
AG-R,432.5,a75_a50_an,-0.15727927587477875
AG-R,432.5,a75_an_ba,-0.15088014924260745
AG-R,433.33329999999995,a50_an_ba,0.004255274559759957
AG-R,433.33329999999995,a75_a50_an,-0.15127761141350826
AG-R,433.33329999999995,a75_an_ba,-0.1470223368537483
AG-R,434.1667,a50_an_ba,0.0018720998451208818
AG-R,434.1667,a75_a50_an,-0.14486398068593145
AG-R,434.1667,a75_an_ba,-0.14299188084081055
AG-R,435,a50_an_ba,-7.063749356710487e-4
AG-R,435,a75_a50_an,-0.1380675542178517
AG-R,435,a75_an_ba,-0.13877392915352274
AG-R,435.83329999999995,a50_an_ba,-0.0034320523380489657
AG-R,435.83329999999995,a75_a50_an,-0.130925609578548
AG-R,435.83329999999995,a75_an_ba,-0.13435766191659695
AG-R,436.6667,a50_an_ba,-0.006253307964779473
AG-R,436.6667,a75_a50_an,-0.12348318343425402
AG-R,436.6667,a75_an_ba,-0.12973649139903348
AG-R,437.5,a50_an_ba,-0.00911561818728008
AG-R,437.5,a75_a50_an,-0.11579257348157825
AG-R,437.5,a75_an_ba,-0.12490819166885832
AG-R,438.3333,a50_an_ba,-0.011962259541405862
AG-R,438.3333,a75_a50_an,-0.10791269747347407
AG-R,438.3333,a75_an_ba,-0.11987495701487992
AG-R,439.16670000000005,a50_an_ba,-0.014735070010636318
AG-R,439.16670000000005,a75_a50_an,-0.0999083193196635
AG-R,439.16670000000005,a75_an_ba,-0.11464338933029983
AG-R,440,a50_an_ba,-0.017375260914198044
AG-R,440,a75_a50_an,-0.09184915484172015
AG-R,440,a75_an_ba,-0.10922441575591821
AG-R,440.8333,a50_an_ba,-0.019824266817629995
AG-R,440.8333,a75_a50_an,-0.08380887213836322
AG-R,440.8333,a75_an_ba,-0.10363313895599323
AG-R,441.66670000000005,a50_an_ba,-0.02202461980896725
AG-R,441.66670000000005,a75_a50_an,-0.07586400362141048
AG-R,441.66670000000005,a75_an_ba,-0.09788862343037773
AG-R,442.5,a50_an_ba,-0.02392083366082565
AG-R,442.5,a75_a50_an,-0.06809278857500889
AG-R,442.5,a75_an_ba,-0.09201362223583455
AG-R,443.3333,a50_an_ba,-0.02546028284810102
AG-R,443.3333,a75_a50_an,-0.060573966533594946
AG-R,443.3333,a75_an_ba,-0.08603424938169597
AG-R,444.16670000000005,a50_an_ba,-0.026594061127347555
AG-R,444.16670000000005,a75_a50_an,-0.053385542838321906
AG-R,444.16670000000005,a75_an_ba,-0.07997960396566946
AG-R,445,a50_an_ba,-0.027277804416381522
AG-R,445,a75_a50_an,-0.04660354839502244
AG-R,445,a75_an_ba,-0.07388135281140397
AG-R,445.8333,a50_an_ba,-0.0274724630437341
AG-R,445.8333,a75_a50_an,-0.040300815905082166
AG-R,445.8333,a75_an_ba,-0.06777327894881625
AG-R,446.66670000000005,a50_an_ba,-0.02714500906385094
AG-R,446.66670000000005,a75_a50_an,-0.03454579466764496
AG-R,446.66670000000005,a75_an_ba,-0.061690803731495894
AG-R,447.5,a50_an_ba,-0.026269065245485213
AG-R,447.5,a75_a50_an,-0.029401425459699496
AG-R,447.5,a75_an_ba,-0.055670490705184705
AG-R,448.3333,a50_an_ba,-0.024825443521814136
AG-R,448.3333,a75_a50_an,-0.024924096000110325
AG-R,448.3333,a75_an_ba,-0.04974953952192447
AG-R,449.1667,a50_an_ba,-0.02280258211998422
AG-R,449.1667,a75_a50_an,-0.02116269611322484
AG-R,449.1667,a75_an_ba,-0.04396527823320906
AG-R,450,a50_an_ba,-0.020196872238411056
AG-R,450,a75_a50_an,-0.01815778995336775
AG-R,450,a75_an_ba,-0.0383546621917788
AG-R,450.8333,a50_an_ba,-0.017012866980940056
AG-R,450.8333,a75_a50_an,-0.0159409205667593
AG-R,450.8333,a75_an_ba,-0.032953787547699356
AG-R,451.6667,a50_an_ba,-0.01326336725273326
AG-R,451.6667,a75_a50_an,-0.014534059691969792
AG-R,451.6667,a75_an_ba,-0.027797426944703052
AG-R,452.5,a50_an_ba,-0.008969381435103724
AG-R,452.5,a75_a50_an,-0.013949213079425713
AG-R,452.5,a75_an_ba,-0.022918594514529433
AG-R,453.3333,a50_an_ba,-0.004159957844567553
AG-R,453.3333,a75_a50_an,-0.014188188795003233
AG-R,453.3333,a75_an_ba,-0.018348146639570784
AG-R,454.1667,a50_an_ba,0.0011281087970091872
AG-R,454.1667,a75_a50_an,-0.01524253301640636
AG-R,454.1667,a75_an_ba,-0.014114424219397174
AG-R,455,a50_an_ba,0.00685069344220163
AG-R,455,a75_a50_an,-0.01709363479049127
AG-R,455,a75_an_ba,-0.01024294134828963
AG-R,455.8333,a50_an_ba,0.012956873748836428
AG-R,455.8333,a75_a50_an,-0.01971299815316016
AG-R,455.8333,a75_an_ba,-0.006756124404323735
AG-R,456.6667,a50_an_ba,0.01938957239661228
AG-R,456.6667,a75_a50_an,-0.023062676979554896
AG-R,456.6667,a75_an_ba,-0.00367310458294262
AG-R,457.5,a50_an_ba,0.02608629909119388
AG-R,457.5,a75_a50_an,-0.02709586498868219
AG-R,457.5,a75_an_ba,-0.0010095658974883105
AG-R,458.3333,a50_an_ba,0.03297998089428995
AG-R,458.3333,a75_a50_an,-0.031757630529296456
AG-R,458.3333,a75_an_ba,0.0012223503649934923
AG-R,459.1667,a50_an_ba,0.03999986795820286
AG-R,459.1667,a75_a50_an,-0.036985783175503446
AG-R,459.1667,a75_an_ba,0.0030140847826994085
AG-R,460,a50_an_ba,0.04707250041534589
AG-R,460,a75_a50_an,-0.042711856809877526
AG-R,460,a75_an_ba,0.004360643605468361
AG-R,460.8333,a50_an_ba,0.05412272110192858
AG-R,460.8333,a75_a50_an,-0.04886219181269997
AG-R,460.8333,a75_an_ba,0.005260529289228608
AG-R,461.6667,a50_an_ba,0.06107471799895589
AG-R,461.6667,a75_a50_an,-0.05535909724586938
AG-R,461.6667,a75_an_ba,0.005715620753086508
AG-R,462.5,a50_an_ba,0.06785307976704225
AG-R,462.5,a75_a50_an,-0.06212207255054611
AG-R,462.5,a75_an_ba,0.005731007216496148
AG-R,463.3333,a50_an_ba,0.07438384754170965
AG-R,463.3333,a75_a50_an,-0.06906906729262922
AG-R,463.3333,a75_an_ba,0.005314780249080427
AG-R,464.1667,a50_an_ba,0.0805955462451514
AG-R,464.1667,a75_a50_an,-0.07611775690636222
AG-R,464.1667,a75_an_ba,0.0044777893387891845
AG-R,465,a50_an_ba,0.08642017905489068
AG-R,465,a75_a50_an,-0.08318681221223709
AG-R,465,a75_an_ba,0.0032333668426535764
AG-R,465.8333,a50_an_ba,0.09179416934015411
AG-R,465.8333,a75_a50_an,-0.09019714072174599
AG-R,465.8333,a75_an_ba,0.0015970286184081232
AG-R,466.6667,a50_an_ba,0.09665923531812147
AG-R,466.6667,a75_a50_an,-0.09707307838109798
AG-R,466.6667,a75_an_ba,-4.1384306297649685e-4
AG-R,467.5,a50_an_ba,0.10096318387480498
AG-R,467.5,a75_a50_an,-0.10374351143376749
AG-R,467.5,a75_an_ba,-0.0027803275589625143
AG-R,468.3333,a50_an_ba,0.10466061141476478
AG-R,468.3333,a75_a50_an,-0.11014290947550802
AG-R,468.3333,a75_an_ba,-0.005482298060743243
AG-R,469.1667,a50_an_ba,0.10771350122180588
AG-R,469.1667,a75_a50_an,-0.11621225250590796
AG-R,469.1667,a75_an_ba,-0.008498751284102067
AG-R,470,a50_an_ba,0.11009170859757847
AG-R,470,a75_a50_an,-0.12189983681241776
AG-R,470,a75_an_ba,-0.0118081282148393
AG-R,470.8333,a50_an_ba,0.1117733269622088
AG-R,470.8333,a75_a50_an,-0.12716194681520174
AG-R,470.8333,a75_an_ba,-0.015388619852992941
AG-R,471.6667,a50_an_ba,0.11274493011430167
AG-R,471.6667,a75_a50_an,-0.13196338250861162
AG-R,471.6667,a75_an_ba,-0.01921845239430996
AG-R,472.5,a50_an_ba,0.1130016879195353
AG-R,472.5,a75_a50_an,-0.13627783480862277
AG-R,472.5,a75_an_ba,-0.023276146889087468
AG-R,473.3333,a50_an_ba,0.11254735478942086
AG-R,473.3333,a75_a50_an,-0.14008810390331064
AG-R,473.3333,a75_an_ba,-0.02754074911388978
AG-R,474.1667,a50_an_ba,0.11139413238706627
AG-R,474.1667,a75_a50_an,-0.14338615855213246
AG-R,474.1667,a75_an_ba,-0.03199202616506617
AG-R,475,a50_an_ba,0.10956241001835276
AG-R,475,a75_a50_an,-0.14617303713547214
AG-R,475,a75_an_ba,-0.036610627117119356
AG-R,475.8333,a50_an_ba,0.10708038809981071
AG-R,475.8333,a75_a50_an,-0.14845859406523848
AG-R,475.8333,a75_an_ba,-0.04137820596542777
AG-R,476.6667,a50_an_ba,0.1039835919062276
AG-R,476.6667,a75_a50_an,-0.15026109787848094
AG-R,476.6667,a75_an_ba,-0.04627750597225335
AG-R,477.5,a50_an_ba,0.10031428446200293
AG-R,477.5,a75_a50_an,-0.15160668989978182
AG-R,477.5,a75_an_ba,-0.05129240543777888
AG-R,478.3333,a50_an_ba,0.096120788924329445
AG-R,478.3333,a75_a50_an,-0.1525287147287343
AG-R,478.3333,a75_an_ba,-0.05640792580440486
AG-R,479.1667,a50_an_ba,0.09145673209116606
AG-R,479.1667,a75_a50_an,-0.15306693594479143
AG-R,479.1667,a75_an_ba,-0.06161020385362537
AG-R,480,a50_an_ba,0.08638022173459071
AG-R,480,a75_a50_an,-0.15326665228675898
AG-R,480,a75_an_ba,-0.06688643055216828
AG-R,480.8333,a50_an_ba,0.08095297129674822
AG-R,480.8333,a75_a50_an,-0.1531777311275137
AG-R,480.8333,a75_an_ba,-0.07222475983076548
AG-R,481.6667,a50_an_ba,0.07523938608222884
AG-R,481.6667,a75_a50_an,-0.1528535773018116
AG-R,481.6667,a75_an_ba,-0.07761419121958274
AG-R,482.5,a50_an_ba,0.06930562543265108
AG-R,482.5,a75_a50_an,-0.1523500562383272
AG-R,482.5,a75_an_ba,-0.08304443080567613
AG-R,483.3333,a50_an_ba,0.06321865547674131
AG-R,483.3333,a75_a50_an,-0.15172439088547507
AG-R,483.3333,a75_an_ba,-0.08850573540873376
AG-R,484.1667,a50_an_ba,0.05704530691652128
AG-R,484.1667,a75_a50_an,-0.1510340520998293
AG-R,484.1667,a75_an_ba,-0.09398874518330803
AG-R,485,a50_an_ba,0.05085135194600706
AG-R,485,a75_a50_an,-0.1503356619890246
AG-R,485,a75_an_ba,-0.09948431004301754
AG-R,485.8333,a50_an_ba,0.04470061381575829
AG-R,485.8333,a75_a50_an,-0.14968392917723103
AG-R,485.8333,a75_an_ba,-0.10498331536147275
AG-R,486.6667,a50_an_ba,0.03865412177036196
AG-R,486.6667,a75_a50_an,-0.1491306341065811
AG-R,486.6667,a75_an_ba,-0.11047651233621913
AG-R,487.5,a50_an_ba,0.0327693231158776
AG-R,487.5,a75_a50_an,-0.14872368132407235
AG-R,487.5,a75_an_ba,-0.11595435820819475
AG-R,488.3333,a50_an_ba,0.027099363041881017
AG-R,488.3333,a75_a50_an,-0.14850623425765255
AG-R,488.3333,a75_an_ba,-0.12140687121577154
AG-R,489.1667,a50_an_ba,0.021692441551892337
AG-R,489.1667,a75_a50_an,-0.14851594628937204
AG-R,489.1667,a75_an_ba,-0.1268235047374797
AG-R,490,a50_an_ba,0.01659125547196543
AG-R,490,a75_a50_an,-0.14878430002370785
AG-R,490,a75_an_ba,-0.1321930445517424
AG-R,490.83329999999995,a50_an_ba,0.011832532036476816
AG-R,490.83329999999995,a75_a50_an,-0.1493360645645744
AG-R,490.83329999999995,a75_an_ba,-0.1375035325280976
AG-R,491.6667,a50_an_ba,0.007446659019444545
AG-R,491.6667,a75_a50_an,-0.15018887839676937
AG-R,491.6667,a75_an_ba,-0.14274221937732484
AG-R,492.5,a50_an_ba,0.003457414816045611
AG-R,492.5,a75_a50_an,-0.1513529631599514
AG-R,492.5,a75_an_ba,-0.14789554834390578
AG-R,493.33329999999995,a50_an_ba,-1.1819969149662476e-4
AG-R,493.33329999999995,a75_a50_an,-0.15283097124931583
AG-R,493.33329999999995,a75_an_ba,-0.15294917094081245
AG-R,494.1667,a50_an_ba,-0.0032700272012683535
AG-R,494.1667,a75_a50_an,-0.15461796782075898
AG-R,494.1667,a75_an_ba,-0.15788799502202736
AG-R,495,a50_an_ba,-0.0059947192192046
AG-R,495,a75_a50_an,-0.1567015454619219
AG-R,495,a75_an_ba,-0.16269626468112647
AG-R,495.83329999999995,a50_an_ba,-0.008295603118365169
AG-R,495.83329999999995,a75_a50_an,-0.1590620675548444
AG-R,495.83329999999995,a75_an_ba,-0.16735767067320956
AG-R,496.6667,a50_an_ba,-0.010182455061363265
AG-R,496.6667,a75_a50_an,-0.16167303423913185
AG-R,496.6667,a75_an_ba,-0.17185548930049513
AG-R,497.5,a50_an_ba,-0.011671184074806632
AG-R,497.5,a75_a50_an,-0.16450156292149667
AG-R,497.5,a75_an_ba,-0.1761727469963033
AG-R,498.33329999999995,a50_an_ba,-0.012783433704478904
AG-R,498.33329999999995,a75_a50_an,-0.1675089734990888
AG-R,498.33329999999995,a75_an_ba,-0.1802924072035677
AG-R,499.1667,a50_an_ba,-0.013546108689710477
AG-R,499.1667,a75_a50_an,-0.17065146689716706
AG-R,499.1667,a75_an_ba,-0.18419757558687752
AG-R,500,a50_an_ba,-0.013990834965424753
AG-R,500,a75_a50_an,-0.1738808841880443
AG-R,500,a75_an_ba,-0.18787171915346906
AG-R,500.8333,a50_an_ba,-0.01415336202352861
AG-R,500.8333,a75_a50_an,-0.17714553247511247
AG-R,500.8333,a75_an_ba,-0.1912988944986411
AG-R,501.66670000000005,a50_an_ba,-0.014072917237545815
AG-R,501.66670000000005,a75_a50_an,-0.18039106290474183
AG-R,501.66670000000005,a75_an_ba,-0.19446398014228763
AG-R,502.49999999999994,a50_an_ba,-0.01379152217392113
AG-R,502.49999999999994,a75_a50_an,-0.1835613856166916
AG-R,502.49999999999994,a75_an_ba,-0.19735290779061274
AG-R,503.3333,a50_an_ba,-0.01335328118114333
AG-R,503.3333,a75_a50_an,-0.18659960616176546
AG-R,503.3333,a75_an_ba,-0.19995288734290878
AG-R,504.1667,a50_an_ba,-0.012803652666840743
AG-R,504.1667,a75_a50_an,-0.1894489679001625
AG-R,504.1667,a75_an_ba,-0.20225262056700322
AG-R,505,a50_an_ba,-0.01218871344838068
AG-R,505,a75_a50_an,-0.19205378513716836
AG-R,505,a75_an_ba,-0.20424249858554905
AG-R,505.83330000000007,a50_an_ba,-0.01155442640137595
AG-R,505.83330000000007,a75_a50_an,-0.19436035224155204
AG-R,505.83330000000007,a75_an_ba,-0.20591477864292798
AG-R,506.66670000000005,a50_an_ba,-0.010945921341296266
AG-R,506.66670000000005,a75_a50_an,-0.19631781470971849
AG-R,506.66670000000005,a75_an_ba,-0.20726373605101475
AG-R,507.49999999999994,a50_an_ba,-0.01040679866584953
AG-R,507.49999999999994,a75_a50_an,-0.19787898906505472
AG-R,507.49999999999994,a75_an_ba,-0.20828578773090423
AG-R,508.3333,a50_an_ba,-0.009978464771022882
AG-R,508.3333,a75_a50_an,-0.1990011195936823
AG-R,508.3333,a75_an_ba,-0.20897958436470518
AG-R,509.1667,a50_an_ba,-0.009699507642771
AG-R,509.1667,a75_a50_an,-0.19964656118958213
AG-R,509.1667,a75_an_ba,-0.20934606883235313
AG-R,510,a50_an_ba,-0.009605120331803186
AG-R,510,a75_a50_an,-0.19978337898622456
AG-R,510,a75_an_ba,-0.20938849931802772
AG-R,510.83330000000007,a50_an_ba,-0.009726579252566163
AG-R,510.83330000000007,a75_a50_an,-0.19938585695999128
AG-R,510.83330000000007,a75_an_ba,-0.20911243621255746
AG-R,511.66670000000005,a50_an_ba,-0.010090783421901693
AG-R,511.66670000000005,a75_a50_an,-0.19843490927362917
AG-R,511.66670000000005,a75_an_ba,-0.20852569269553087
AG-R,512.5,a50_an_ba,-0.010719859879835683
AG-R,512.5,a75_a50_an,-0.19691838975666026
AG-R,512.5,a75_an_ba,-0.20763824963649594
AG-R,513.3333,a50_an_ba,-0.011630839626364934
AG-R,513.3333,a75_a50_an,-0.19483129656557183
AG-R,513.3333,a75_an_ba,-0.20646213619193676
AG-R,514.1667,a50_an_ba,-0.012835407475002747
AG-R,514.1667,a75_a50_an,-0.1921758707024081
AG-R,514.1667,a75_an_ba,-0.20501127817741086
AG-R,515,a50_an_ba,-0.014339728277035418
AG-R,515,a75_a50_an,-0.18896158867016605
AG-R,515,a75_an_ba,-0.20330131694720147
AG-R,515.8333,a50_an_ba,-0.016144351019568973
AG-R,515.8333,a75_a50_an,-0.18520505108356958
AG-R,515.8333,a75_an_ba,-0.20134940210313854
AG-R,516.6667,a50_an_ba,-0.018244191355089073
AG-R,516.6667,a75_a50_an,-0.18092977051269574
AG-R,516.6667,a75_an_ba,-0.19917396186778483
AG-R,517.5,a50_an_ba,-0.02062859218853456
AG-R,517.5,a75_a50_an,-0.1761658631959656
AG-R,517.5,a75_an_ba,-0.19679445538450013
AG-R,518.3333,a50_an_ba,-0.02328146103787338
AG-R,518.3333,a75_a50_an,-0.1709496505020094
AG-R,518.3333,a75_an_ba,-0.19423111153988276
AG-R,519.1667,a50_an_ba,-0.026181482002780664
AG-R,519.1667,a75_a50_an,-0.16532317713397052
AG-R,519.1667,a75_an_ba,-0.19150465913675122
AG-R,520,a50_an_ba,-0.02930239932973697
AG-R,520,a75_a50_an,-0.15933365404484418
AG-R,520,a75_an_ba,-0.18863605337458114
AG-R,520.8333,a50_an_ba,-0.03261336875667892
AG-R,520.8333,a75_a50_an,-0.15303283486134842
AG-R,520.8333,a75_an_ba,-0.18564620361802733
AG-R,521.6667,a50_an_ba,-0.03607937206151119
AG-R,521.6667,a75_a50_an,-0.14647633529250711
AG-R,521.6667,a75_an_ba,-0.1825557073540183
AG-R,522.5,a50_an_ba,-0.03966168953132201
AG-R,522.5,a75_a50_an,-0.13972290552615393
AG-R,522.5,a75_an_ba,-0.17938459505747595
AG-R,523.3333,a50_an_ba,-0.04331842441781785
AG-R,523.3333,a75_a50_an,-0.13283366599302676
AG-R,523.3333,a75_an_ba,-0.17615209041084462
AG-R,524.1667,a50_an_ba,-0.04700507285339898
AG-R,524.1667,a75_a50_an,-0.12587131710743849
AG-R,524.1667,a75_an_ba,-0.17287638996083748
AG-R,525,a50_an_ba,-0.05067513217582316
AG-R,525,a75_a50_an,-0.1188993336812159
AG-R,525,a75_an_ba,-0.16957446585703906
AG-R,525.8332999999999,a50_an_ba,-0.05428074015137784
AG-R,525.8332999999999,a75_a50_an,-0.11198115466062061
AG-R,525.8332999999999,a75_an_ba,-0.16626189481199846
AG-R,526.6667,a50_an_ba,-0.05777333720074383
AG-R,526.6667,a75_a50_an,-0.10517937866308578
AG-R,526.6667,a75_an_ba,-0.16295271586382962
AG-R,527.5,a50_an_ba,-0.06110434342205284
AG-R,527.5,a75_a50_an,-0.09855497550110094
AG-R,527.5,a75_an_ba,-0.15965931892315377
AG-R,528.3333,a50_an_ba,-0.06422584197548575
AG-R,528.3333,a75_a50_an,-0.09216652348501297
AG-R,528.3333,a75_an_ba,-0.15639236546049873
AG-R,529.1667,a50_an_ba,-0.0670912602465131
AG-R,529.1667,a75_a50_an,-0.08606948180537204
AG-R,529.1667,a75_an_ba,-0.15316074205188515
AG-R,530,a50_an_ba,-0.06965604014383553
AG-R,530,a75_a50_an,-0.08031550671966463
AG-R,530,a75_an_ba,-0.14997154686350014
AG-R,530.8333,a50_an_ba,-0.07187828891583102
AG-R,530.8333,a75_a50_an,-0.07495181961857102
AG-R,530.8333,a75_an_ba,-0.14683010853440204
AG-R,531.6667,a50_an_ba,-0.07371940198855499
AG-R,531.6667,a75_a50_an,-0.07002063433347397
AG-R,531.6667,a75_an_ba,-0.14374003632202897
AG-R,532.5,a50_an_ba,-0.07514464954100933
AG-R,532.5,a75_a50_an,-0.06555865027974728
AG-R,532.5,a75_an_ba,-0.14070329982075663
AG-R,533.3333,a50_an_ba,-0.07612371884060408
AG-R,533.3333,a75_a50_an,-0.061596617218451305
AG-R,533.3333,a75_an_ba,-0.13772033605905537
AG-R,534.1667,a50_an_ba,-0.07663120476450418
AG-R,534.1667,a75_a50_an,-0.05815897657080284
AG-R,534.1667,a75_an_ba,-0.134790181335307
AG-R,535,a50_an_ba,-0.07664704143023118
AG-R,535,a75_a50_an,-0.05526358334278204
AG-R,535,a75_an_ba,-0.1319106247730132
AG-R,535.8333,a50_an_ba,-0.07615686845049012
AG-R,535.8333,a75_a50_an,-0.052921511818225825
AG-R,535.8333,a75_an_ba,-0.12907838026871596
AG-R,536.6667000000001,a50_an_ba,-0.07515232601024126
AG-R,536.6667000000001,a75_a50_an,-0.05113694726377072
AG-R,536.6667000000001,a75_an_ba,-0.126289273274012
AG-R,537.5,a50_an_ba,-0.07363127373489815
AG-R,537.5,a75_a50_an,-0.04990716496341945
AG-R,537.5,a75_an_ba,-0.12353843869831761
AG-R,538.3333,a50_an_ba,-0.07159792917239308
AG-R,538.3333,a75_a50_an,-0.049222596969078714
AG-R,538.3333,a75_an_ba,-0.12082052614147179
AG-R,539.1667,a50_an_ba,-0.06906292264231803
AG-R,539.1667,a75_a50_an,-0.04906698602067813
AG-R,539.1667,a75_an_ba,-0.11812990866299616
AG-R,540,a50_an_ba,-0.06604326620458241
AG-R,540,a75_a50_an,-0.04941762515951513
AG-R,540,a75_an_ba,-0.11546089136409754
AG-R,540.8333,a50_an_ba,-0.06256223555903809
AG-R,540.8333,a75_a50_an,-0.05024568063550298
AG-R,540.8333,a75_an_ba,-0.11280791619454106
AG-R,541.6667,a50_an_ba,-0.058649164795332956
AG-R,541.6667,a75_a50_an,-0.05151659479731555
AG-R,541.6667,a75_an_ba,-0.11016575959264852
AG-R,542.5,a50_an_ba,-0.05433915505700204
AG-R,542.5,a75_a50_an,-0.05319056475856713
AG-R,542.5,a75_an_ba,-0.10752971981556916
AG-R,543.3333,a50_an_ba,-0.04967269935202099
AG-R,543.3333,a75_a50_an,-0.05522309175826625
AG-R,543.3333,a75_an_ba,-0.10489579111028724
AG-R,544.1667,a50_an_ba,-0.04469522691911221
AG-R,544.1667,a75_a50_an,-0.05756559528550045
AG-R,544.1667,a75_an_ba,-0.10226082220461265
AG-R,545,a50_an_ba,-0.0394565717294385
AG-R,545,a75_a50_an,-0.0601660852230334
AG-R,545,a75_an_ba,-0.0996226569524719
AG-R,545.8333,a50_an_ba,-0.0340103708504012
AG-R,545.8333,a75_a50_an,-0.06296988448947506
AG-R,545.8333,a75_an_ba,-0.09698025533987627
AG-R,546.6667,a50_an_ba,-0.02841339950514987
AG-R,546.6667,a75_a50_an,-0.065920393932889
AG-R,546.6667,a75_an_ba,-0.09433379343803888
AG-R,547.5,a50_an_ba,-0.022724850710358655
AG-R,547.5,a75_a50_an,-0.06895989055907539
AG-R,547.5,a75_an_ba,-0.09168474126943404
AG-R,548.3333,a50_an_ba,-0.017005568348731112
AG-R,548.3333,a75_a50_an,-0.07203034957479439
AG-R,548.3333,a75_an_ba,-0.0890359179235255
AG-R,549.1667,a50_an_ba,-0.011317243413871568
AG-R,549.1667,a75_a50_an,-0.07507428020022869
AG-R,549.1667,a75_an_ba,-0.08639152361410024
AG-R,550,a50_an_ba,-0.005721583937144565
AG-R,550,a75_a50_an,-0.07803556476671755
AG-R,550,a75_an_ba,-0.08375714870386211
AG-R,550.8333,a50_an_ba,-2.7946975289198554e-4
AG-R,550.8333,a75_a50_an,-0.08086029027618921
AG-R,550.8333,a75_an_ba,-0.08113976002908119
AG-R,551.6667,a50_an_ba,0.004949896234651301
AG-R,551.6667,a75_a50_an,-0.0834975613689001
AG-R,551.6667,a75_an_ba,-0.0785476651342488
AG-R,552.5,a50_an_ba,0.009909828265448931
AG-R,552.5,a75_a50_an,-0.08590028353671644
AG-R,552.5,a75_an_ba,-0.0759904552712675
AG-R,553.3333,a50_an_ba,0.014546977211700382
AG-R,553.3333,a75_a50_an,-0.08802590544054753
AG-R,553.3333,a75_an_ba,-0.07347892822884715
AG-R,554.1667,a50_an_ba,0.018812117116488277
AG-R,554.1667,a75_a50_an,-0.08983710935180894
AG-R,554.1667,a75_an_ba,-0.07102499223532067
AG-R,555,a50_an_ba,0.022660886723476992
AG-R,555,a75_a50_an,-0.09130243904704238
AG-R,555,a75_an_ba,-0.06864155232356539
AG-R,555.8333,a50_an_ba,0.02605447428623325
AG-R,555.8333,a75_a50_an,-0.09239685494835849
AG-R,555.8333,a75_an_ba,-0.06634238066212522
AG-R,556.6667,a50_an_ba,0.028960234479315308
AG-R,556.6667,a75_a50_an,-0.09310220692456475
AG-R,556.6667,a75_an_ba,-0.06414197244524944
AG-R,557.5,a50_an_ba,0.03135222695073466
AG-R,557.5,a75_a50_an,-0.09340761595077911
AG-R,557.5,a75_an_ba,-0.062055389000044446
AG-R,558.3333,a50_an_ba,0.03321166695182466
AG-R,558.3333,a75_a50_an,-0.09330975676744155
AG-R,558.3333,a75_an_ba,-0.06009808981561688
AG-R,559.1667,a50_an_ba,0.03452727954806956
AG-R,559.1667,a75_a50_an,-0.09281303477947743
AG-R,559.1667,a75_an_ba,-0.05828575523140787
AG-R,560,a50_an_ba,0.03529555014205883
AG-R,560,a75_a50_an,-0.09192965168647509
AG-R,560,a75_an_ba,-0.056634101544416254
AG-R,560.8333,a50_an_ba,0.03552086541318812
AG-R,560.8333,a75_a50_an,-0.09067955572530238
AG-R,560.8333,a75_an_ba,-0.055158690312114254
AG-R,561.6667,a50_an_ba,0.03521554028117404
AG-R,561.6667,a75_a50_an,-0.08909027392461774
AG-R,561.6667,a75_an_ba,-0.0538747336434437
AG-R,562.5,a50_an_ba,0.03439972811202504
AG-R,562.5,a75_a50_an,-0.08719662539981395
AG-R,562.5,a75_an_ba,-0.052796897287788906
AG-R,563.3333,a50_an_ba,0.033101213083590826
AG-R,563.3333,a75_a50_an,-0.08504031643749539
AG-R,563.3333,a75_an_ba,-0.05193910335390456
AG-R,564.1667,a50_an_ba,0.031355085388786764
AG-R,564.1667,a75_a50_an,-0.08266941990790008
AG-R,564.1667,a75_an_ba,-0.05131433451911332
AG-R,565,a50_an_ba,0.029203301751744036
AG-R,565,a75_a50_an,-0.08013774337627219
AG-R,565,a75_an_ba,-0.050934441624528155
AG-R,565.8333,a50_an_ba,0.02669413553780566
AG-R,565.8333,a75_a50_an,-0.07750409213196692
AG-R,565.8333,a75_an_ba,-0.05080995659416126
AG-R,566.6667,a50_an_ba,0.02388152252371369
AG-R,566.6667,a75_a50_an,-0.0748314351869636
AG-R,566.6667,a75_an_ba,-0.05094991266324991
AG-R,567.5,a50_an_ba,0.02082431013022958
AG-R,567.5,a75_a50_an,-0.07218598408165482
AG-R,567.5,a75_an_ba,-0.05136167395142523
AG-R,568.3333,a50_an_ba,0.017585419576545868
AG-R,568.3333,a75_a50_an,-0.06963619604252683
AG-R,568.3333,a75_an_ba,-0.052050776465980955
AG-R,569.1667,a50_an_ba,0.014230931965264693
AG-R,569.1667,a75_a50_an,-0.06725171463029019
AG-R,569.1667,a75_an_ba,-0.0530207826650255
AG-R,570,a50_an_ba,0.010829110720532074
AG-R,570,a75_a50_an,-0.0651022624651779
AG-R,570,a75_an_ba,-0.05427315174464584
AG-R,570.8333,a50_an_ba,0.0074493740538173455
AG-R,570.8333,a75_a50_an,-0.06325650188619429
AG-R,570.8333,a75_an_ba,-0.055807127832376936
AG-R,571.6667,a50_an_ba,0.004161232197205335
AG-R,571.6667,a75_a50_an,-0.06178088046259802
AG-R,571.6667,a75_an_ba,-0.05761964826539269
AG-R,572.5,a50_an_ba,0.0010332050011510234
AG-R,572.5,a75_a50_an,-0.060738479100435915
AG-R,572.5,a75_an_ba,-0.059705274099284895
AG-R,573.3333,a50_an_ba,-0.0018682638768590526
AG-R,573.3333,a75_a50_an,-0.06018788104926054
AG-R,573.3333,a75_an_ba,-0.0620561449261196
AG-R,574.1667,a50_an_ba,-0.004479879579954934
AG-R,574.1667,a75_a50_an,-0.06018208039270683
AG-R,574.1667,a75_an_ba,-0.06466195997266176
AG-R,575,a50_an_ba,-0.006742538712169086
AG-R,575,a75_a50_an,-0.06076744858388263
AG-R,575,a75_an_ba,-0.06750998729605172
AG-R,575.8333,a50_an_ba,-0.008602325440243154
AG-R,575.8333,a75_a50_an,-0.06198277725030577
AG-R,575.8333,a75_an_ba,-0.07058510269054892
AG-R,576.6667,a50_an_ba,-0.010011444825884005
AG-R,576.6667,a75_a50_an,-0.06385841483606991
AG-R,576.6667,a75_an_ba,-0.07386985966195392
AG-R,577.5,a50_an_ba,-0.010929077844424581
AG-R,577.5,a75_a50_an,-0.06641551366974861
AG-R,577.5,a75_an_ba,-0.0773445915141732
AG-R,578.3333,a50_an_ba,-0.011322143474942656
AG-R,578.3333,a75_a50_an,-0.06966540274991997
AG-R,578.3333,a75_an_ba,-0.08098754622486262
AG-R,579.1667,a50_an_ba,-0.011165954428715019
AG-R,579.1667,a75_a50_an,-0.07360909993678919
AG-R,579.1667,a75_an_ba,-0.0847750543655042
AG-R,580,a50_an_ba,-0.010444754503476764
AG-R,580,a75_a50_an,-0.07823697534547198
AG-R,580,a75_an_ba,-0.08868172984894875
AG-R,580.8333,a50_an_ba,-0.00915212719219222
AG-R,580.8333,a75_a50_an,-0.08352857557711701
AG-R,580.8333,a75_an_ba,-0.09268070276930923
AG-R,581.6667,a50_an_ba,-0.007291267014787239
AG-R,581.6667,a75_a50_an,-0.08945261602749645
AG-R,581.6667,a75_an_ba,-0.0967438830422837
AG-R,582.5,a50_an_ba,-0.004875107053134734
AG-R,582.5,a75_a50_an,-0.09596714591374
AG-R,582.5,a75_an_ba,-0.10084225296687474
AG-R,583.3333,a50_an_ba,-0.0019262983245661564
AG-R,583.3333,a75_a50_an,-0.10301988789839298
AG-R,583.3333,a75_an_ba,-0.1049461862229591
AG-R,584.1667,a50_an_ba,0.0015229611058580675
AG-R,584.1667,a75_a50_an,-0.1105487513105036
AG-R,584.1667,a75_an_ba,-0.10902579020464553
AG-R,585,a50_an_ba,0.0054312470336311544
AG-R,585,a75_a50_an,-0.11848251501412564
AG-R,585,a75_an_ba,-0.1130512679804945
AG-R,585.8333,a50_an_ba,0.009748377424395665
AG-R,585.8333,a75_a50_an,-0.126741673006819
AG-R,585.8333,a75_an_ba,-0.11699329558242334
AG-R,586.6667,a50_an_ba,0.014416023127221646
AG-R,586.6667,a75_a50_an,-0.13523943289775753
AG-R,586.6667,a75_an_ba,-0.12082340977053588
AG-R,587.5,a50_an_ba,0.019368453654869538
AG-R,587.5,a75_a50_an,-0.1438828545712894
AG-R,587.5,a75_an_ba,-0.12451440091641988
AG-R,588.3332999999999,a50_an_ba,0.02453340843401883
AG-R,588.3332999999999,a75_a50_an,-0.1525741136418511
AG-R,588.3332999999999,a75_an_ba,-0.12804070520783228
AG-R,589.1667,a50_an_ba,0.02983308178539151
AG-R,589.1667,a75_a50_an,-0.16121187180337004
AG-R,589.1667,a75_an_ba,-0.1313787900179785
AG-R,590,a50_an_ba,0.035185207905639664
AG-R,590,a75_a50_an,-0.16969273392216674
AG-R,590,a75_an_ba,-0.13450752601652707
AG-R,590.8333,a50_an_ba,0.04050423032521409
AG-R,590.8333,a75_a50_an,-0.17791276976499043
AG-R,590.8333,a75_an_ba,-0.13740853943977638
AG-R,591.6667,a50_an_ba,0.045702538742356504
AG-R,591.6667,a75_a50_an,-0.18576907663720335
AG-R,591.6667,a75_an_ba,-0.14006653789484685
AG-R,592.5,a50_an_ba,0.05069175481277036
AG-R,592.5,a75_a50_an,-0.19316135796891626
AG-R,592.5,a75_an_ba,-0.14246960315614593
AG-R,593.3333,a50_an_ba,0.05538404743355777
AG-R,593.3333,a75_a50_an,-0.19999349206175734
AG-R,593.3333,a75_an_ba,-0.14460944462819958
AG-R,594.1667,a50_an_ba,0.059693457320647896
AG-R,594.1667,a75_a50_an,-0.20617506482139344
AG-R,594.1667,a75_an_ba,-0.14648160750074554
AG-R,595,a50_an_ba,0.06353721025843782
AG-R,595,a75_a50_an,-0.21162284036908155
AG-R,595,a75_an_ba,-0.1480856301106437
AG-R,595.8333,a50_an_ba,0.06683699831088123
AG-R,595.8333,a75_a50_an,-0.21626214395900173
AG-R,595.8333,a75_an_ba,-0.14942514564812048
AG-R,596.6667,a50_an_ba,0.0695202085315394
AG-R,596.6667,a75_a50_an,-0.22002813262820936
AG-R,596.6667,a75_an_ba,-0.15050792409666996
AG-R,597.5,a50_an_ba,0.0715210792974017
AG-R,597.5,a75_a50_an,-0.22286693046491632
AG-R,597.5,a75_an_ba,-0.15134585116751462
AG-R,598.3333,a50_an_ba,0.07278176531298848
AG-R,598.3333,a75_a50_an,-0.22473660728196945
AG-R,598.3333,a75_an_ba,-0.15195484196898099
AG-R,599.1667000000001,a50_an_ba,0.0732532935771128
AG-R,599.1667000000001,a75_a50_an,-0.2256079818002779
AG-R,599.1667000000001,a75_an_ba,-0.15235468822316509
AG-R,600,a50_an_ba,0.07289639415868855
AG-R,600,a75_a50_an,-0.22546523314768427
AG-R,600,a75_an_ba,-0.15256883898899573
AG-R,600.8333,a50_an_ba,0.07168219146871346
AG-R,600.8333,a75_a50_an,-0.22430630752033803
AG-R,600.8333,a75_an_ba,-0.15262411605162454
AG-R,601.6667,a50_an_ba,0.06959274381623297
AG-R,601.6667,a75_a50_an,-0.22214311018657257
AG-R,601.6667,a75_an_ba,-0.15255036637033964
AG-R,602.5,a50_an_ba,0.0666214213651943
AG-R,602.5,a75_a50_an,-0.21900147658164806
AG-R,602.5,a75_an_ba,-0.15238005521645376
AG-R,603.3333,a50_an_ba,0.06277311513055055
AG-R,603.3333,a75_a50_an,-0.21492091998383217
AG-R,603.3333,a75_an_ba,-0.15214780485328164
AG-R,604.1667,a50_an_ba,0.05806427232599989
AG-R,604.1667,a75_a50_an,-0.20995415711197132
AG-R,604.1667,a75_an_ba,-0.15188988478597143
AG-R,605,a50_an_ba,0.05252275615914803
AG-R,605,a75_a50_an,-0.20416641687241752
AG-R,605,a75_an_ba,-0.15164366071326946
AG-R,605.8333,a50_an_ba,0.04618753101697285
AG-R,605.8333,a75_a50_an,-0.19763454133743932
AG-R,605.8333,a75_an_ba,-0.15144701032046648
AG-R,606.6667,a50_an_ba,0.03910817684792065
AG-R,606.6667,a75_a50_an,-0.19044589178571925
AG-R,606.6667,a75_an_ba,-0.1513377149377986
AG-R,607.5,a50_an_ba,0.03134423937801444
AG-R,607.5,a75_a50_an,-0.18269707620694506
AG-R,607.5,a75_an_ba,-0.1513528368289306
AG-R,608.3333,a50_an_ba,0.022964425548576344
AG-R,608.3333,a75_a50_an,-0.17449251799725354
AG-R,608.3333,a75_an_ba,-0.15152809244867718
AG-R,609.1667,a50_an_ba,0.014045656184298165
AG-R,609.1667,a75_a50_an,-0.16594288858498646
AG-R,609.1667,a75_an_ba,-0.1518972324006883
AG-R,610,a50_an_ba,0.004671990346102677
AG-R,610,a75_a50_an,-0.15716342936567396
AG-R,610,a75_an_ba,-0.15249143901957127
AG-R,610.8333,a50_an_ba,-0.005066561950852022
AG-R,610.8333,a75_a50_an,-0.148272190537025
AG-R,610.8333,a75_an_ba,-0.15333875248787704
AG-R,611.6667,a50_an_ba,-0.015075320008436826
AG-R,611.6667,a75_a50_an,-0.13938821616155458
AG-R,611.6667,a75_an_ba,-0.1544635361699914
AG-R,612.5,a50_an_ba,-0.02525628539307224
AG-R,612.5,a75_a50_an,-0.13062970600755977
AG-R,612.5,a75_an_ba,-0.155885991400632
AG-R,613.3333,a50_an_ba,-0.035509545909331926
AG-R,613.3333,a75_a50_an,-0.12211218539887152
AG-R,613.3333,a75_an_ba,-0.15762173130820342
AG-R,614.1667,a50_an_ba,-0.045734707969697336
AG-R,614.1667,a75_a50_an,-0.11394671442079142
AG-R,614.1667,a75_an_ba,-0.15968142239048877
AG-R,615,a50_an_ba,-0.05583233412922851
AG-R,615,a75_a50_an,-0.10623816737483102
AG-R,615,a75_an_ba,-0.16207050150405952
AG-R,615.8333,a50_an_ba,-0.06570536234628765
AG-R,615.8333,a75_a50_an,-0.09908361235040125
AG-R,615.8333,a75_an_ba,-0.16478897469668893
AG-R,616.6667,a50_an_ba,-0.07526048372435414
AG-R,616.6667,a75_a50_an,-0.09257081920036885
AG-R,616.6667,a75_an_ba,-0.16783130292472298
AG-R,617.5,a50_an_ba,-0.08440945608664492
AG-R,617.5,a75_a50_an,-0.086776922093348835
AG-R,617.5,a75_an_ba,-0.17118637817999374
AG-R,618.3333,a50_an_ba,-0.093070331728969
AG-R,618.3333,a75_a50_an,-0.0817672602031431
AG-R,618.3333,a75_an_ba,-0.1748375919321121
AG-R,619.1667,a50_an_ba,-0.10116857907352797
AG-R,619.1667,a75_a50_an,-0.07759441702940499
AG-R,619.1667,a75_an_ba,-0.17876299610293298
AG-R,620,a50_an_ba,-0.10863807968749525
AG-R,620,a75_a50_an,-0.07429747537710506
AG-R,620,a75_an_ba,-0.18293555506460032
AG-R,620.8333,a50_an_ba,-0.11542198420804246
AG-R,620.8333,a75_a50_an,-0.07190150121777303
AG-R,620.8333,a75_an_ba,-0.18732348542581548
AG-R,621.6667,a50_an_ba,-0.12147341309681975
AG-R,621.6667,a75_a50_an,-0.07041726558201442
AG-R,621.6667,a75_an_ba,-0.19189067867883416
AG-R,622.5,a50_an_ba,-0.12675599079261735
AG-R,622.5,a75_a50_an,-0.0698412093656133
AG-R,622.5,a75_an_ba,-0.19659720015823065
AG-R,623.3333,a50_an_ba,-0.13124420469641404
AG-R,623.3333,a75_a50_an,-0.07015565155014779
AG-R,623.3333,a75_an_ba,-0.20139985624656184
AG-R,624.1667,a50_an_ba,-0.1349235834593078
AG-R,624.1667,a75_a50_an,-0.07132923692607618
AG-R,624.1667,a75_an_ba,-0.20625282038538395
AG-R,625,a50_an_ba,-0.13779069219812307
AG-R,625,a75_a50_an,-0.0733176150454275
AG-R,625,a75_an_ba,-0.21110830724355056
AG-R,625.8333,a50_an_ba,-0.1398529454799627
AG-R,625.8333,a75_a50_an,-0.0760643379062339
AG-R,625.8333,a75_an_ba,-0.2159172833861966
AG-R,626.6667,a50_an_ba,-0.14112824213835914
AG-R,626.6667,a75_a50_an,-0.07950195986300825
AG-R,626.6667,a75_an_ba,-0.22063020200136738
AG-R,627.5,a50_an_ba,-0.14164442915133227
AG-R,627.5,a75_a50_an,-0.083553319545007207
AG-R,627.5,a75_an_ba,-0.22519774869633946
AG-R,628.3333,a50_an_ba,-0.14143860486751073
AG-R,628.3333,a75_a50_an,-0.08813298021925473
AG-R,628.3333,a75_an_ba,-0.22957158508676545
AG-R,629.1667,a50_an_ba,-0.14055627475365545
AG-R,629.1667,a75_a50_an,-0.0931488021245025
AG-R,629.1667,a75_an_ba,-0.23370507687815795
AG-R,630,a50_an_ba,-0.13905037550081936
AG-R,630,a75_a50_an,-0.09850361788329016
AG-R,630,a75_an_ba,-0.23755399338410954
AG-R,630.8333,a50_an_ba,-0.13698018571588225
AG-R,630.8333,a75_a50_an,-0.10409698022076136
AG-R,630.8333,a75_an_ba,-0.2410771659366436
AG-R,631.6667,a50_an_ba,-0.13441014349370664
AG-R,631.6667,a75_a50_an,-0.10982694991929255
AG-R,631.6667,a75_an_ba,-0.24423709341299918
AG-R,632.5,a50_an_ba,-0.13140859287113113
AG-R,632.5,a75_a50_an,-0.11559189124435391
AG-R,632.5,a75_an_ba,-0.24700048411548506
AG-R,633.3333,a50_an_ba,-0.12804648247253927
AG-R,633.3333,a75_a50_an,-0.12129224200493323
AG-R,633.3333,a75_an_ba,-0.24933872447747252
AG-R,634.1667,a50_an_ba,-0.12439604053949159
AG-R,634.1667,a75_a50_an,-0.12683222596441432
AG-R,634.1667,a75_an_ba,-0.2512282665039059
AG-R,635,a50_an_ba,-0.12052945097348607
AG-R,635,a75_a50_an,-0.1321214764861272
AG-R,635,a75_an_ba,-0.25265092745961326
AG-R,635.8333,a50_an_ba,-0.11651755499881246
AG-R,635.8333,a75_a50_an,-0.13707654206051925
AG-R,635.8333,a75_an_ba,-0.25359409705933167
AG-R,636.6667,a50_an_ba,-0.11242860256786003
AG-R,636.6667,a75_a50_an,-0.14162224668505022
AG-R,636.6667,a75_an_ba,-0.2540508492529102
AG-R,637.5,a50_an_ba,-0.10832707668889448
AG-R,637.5,a75_a50_an,-0.14569288090923832
AG-R,637.5,a75_an_ba,-0.2540199575981328
AG-R,638.3333,a50_an_ba,-0.1042726124697201
AG-R,638.3333,a75_a50_an,-0.14923320266100526
AG-R,638.3333,a75_an_ba,-0.25350581513072534
AG-R,639.1667,a50_an_ba,-0.10031903086204358
AG-R,639.1667,a75_a50_an,-0.152199230672656
AG-R,639.1667,a75_an_ba,-0.2525182615346996
AG-R,640,a50_an_ba,-0.09651350489117586
AG-R,640,a75_a50_an,-0.15455881735335905
AG-R,640,a75_an_ba,-0.2510723222445349
AG-R,640.8333,a50_an_ba,-0.0928958736024127
AG-R,640.8333,a75_a50_an,-0.15629199223098503
AG-R,640.8333,a75_an_ba,-0.24918786583339775
AG-R,641.6667,a50_an_ba,-0.08949811609456482
AG-R,641.6667,a75_a50_an,-0.15739107152589477
AG-R,641.6667,a75_an_ba,-0.24688918762045955
AG-R,642.5,a50_an_ba,-0.08634399489500999
AG-R,642.5,a75_a50_an,-0.15786053393517105
AG-R,642.5,a75_an_ba,-0.24420452883018104
AG-R,643.3333,a50_an_ba,-0.0834488746168673
AG-R,643.3333,a75_a50_an,-0.15771666720908825
AG-R,643.3333,a75_an_ba,-0.24116554182595556
AG-R,644.1667,a50_an_ba,-0.08081971838996853
AG-R,644.1667,a75_a50_an,-0.15698699450317866
AG-R,644.1667,a75_an_ba,-0.23780671289314717
AG-R,645,a50_an_ba,-0.07845526103885916
AG-R,645,a75_a50_an,-0.15570949370229253
AG-R,645,a75_an_ba,-0.23416475474115167
AG-R,645.8333,a50_an_ba,-0.07634635446119743
AG-R,645.8333,a75_a50_an,-0.15393162685405096
AG-R,645.8333,a75_an_ba,-0.23027798131524838
AG-R,646.6667,a50_an_ba,-0.0744764772073562
AG-R,646.6667,a75_a50_an,-0.15170920044037542
AG-R,646.6667,a75_an_ba,-0.22618567764773162
AG-R,647.5,a50_an_ba,-0.07282239694545316
AG-R,647.5,a75_a50_an,-0.1491050803861357
AG-R,647.5,a75_an_ba,-0.22192747733158885
AG-R,648.3333,a50_an_ba,-0.07135497138192881
AG-R,648.3333,a75_a50_an,-0.146187788391144
AG-R,648.3333,a75_an_ba,-0.2175427597730728
AG-R,649.1667,a50_an_ba,-0.07004007035994207
AG-R,649.1667,a75_a50_an,-0.1430300083227317
AG-R,649.1667,a75_an_ba,-0.21307007868267375
AG-R,650,a50_an_ba,-0.0688395993353264
AG-R,650,a75_a50_an,-0.1397070329792146
AG-R,650,a75_an_ba,-0.20854663231454101
AG-R,650.8332999999999,a50_an_ba,-0.06771260228627804
AG-R,650.8332999999999,a75_a50_an,-0.1362951824992448
AG-R,650.8332999999999,a75_an_ba,-0.20400778478552284
AG-R,651.6667,a50_an_ba,-0.06661642039505619
AG-R,651.6667,a75_a50_an,-0.13287022603050277
AG-R,651.6667,a75_an_ba,-0.19948664642555897
AG-R,652.5,a50_an_ba,-0.06550788158675154
AG-R,652.5,a75_a50_an,-0.12950583797814533
AG-R,652.5,a75_an_ba,-0.19501371956489688
AG-R,653.3333,a50_an_ba,-0.0643444952518306
AG-R,653.3333,a75_a50_an,-0.1262721192363754
AG-R,653.3333,a75_an_ba,-0.190616614488206
AG-R,654.1667,a50_an_ba,-0.0630856262364424
AG-R,654.1667,a75_a50_an,-0.12323421228575988
AG-R,654.1667,a75_an_ba,-0.1863198385222023
AG-R,655,a50_an_ba,-0.06169362246823766
AG-R,655,a75_a50_an,-0.12045103694688769
AG-R,655,a75_an_ba,-0.18214465941512537
AG-R,655.8333,a50_an_ba,-0.060134871395938094
AG-R,655.8333,a75_a50_an,-0.11797417096176517
AG-R,655.8333,a75_an_ba,-0.17810904235770325
AG-R,656.6667,a50_an_ba,-0.05838076174805437
AG-R,656.6667,a75_a50_an,-0.11584689648268107
AG-R,656.6667,a75_an_ba,-0.17422765823073544
AG-R,657.5,a50_an_ba,-0.05640852893919511
AG-R,657.5,a75_a50_an,-0.1141034300484694
AG-R,657.5,a75_an_ba,-0.1705119589876645
AG-R,658.3333,a50_an_ba,-0.054201964740414645
AG-R,658.3333,a75_a50_an,-0.11276834979267841
AG-R,658.3333,a75_an_ba,-0.16697031453309305
AG-R,659.1667,a50_an_ba,-0.051751974542148776
AG-R,659.1667,a75_a50_an,-0.11185622953633044
AG-R,659.1667,a75_an_ba,-0.1636082040784792
AG-R,660,a50_an_ba,-0.04905696862474183
AG-R,660,a75_a50_an,-0.11137148515404498
AG-R,660,a75_an_ba,-0.1604284537787868
AG-R,660.8333,a50_an_ba,-0.046123077253939625
AG-R,660.8333,a75_a50_an,-0.1113084342539724
AG-R,660.8333,a75_an_ba,-0.15743151150791201
AG-R,661.6667000000001,a50_an_ba,-0.04296418307174903
AG-R,661.6667000000001,a75_a50_an,-0.11165156586833176
AG-R,661.6667000000001,a75_an_ba,-0.1546157489400808
AG-R,662.5,a50_an_ba,-0.039601768085214886
AG-R,662.5,a75_a50_an,-0.11237601260118454
AG-R,662.5,a75_an_ba,-0.15197778068639942
AG-R,663.3333,a50_an_ba,-0.036064576490848155
AG-R,663.3333,a75_a50_an,-0.11344821361005315
AG-R,663.3333,a75_an_ba,-0.1495127901009013
AG-R,664.1667,a50_an_ba,-0.03238809853121657
AG-R,664.1667,a75_a50_an,-0.11482675299065546
AG-R,664.1667,a75_an_ba,-0.14721485152187203
AG-R,665,a50_an_ba,-0.028613884481726574
AG-R,665,a75_a50_an,-0.1164633546663976
AG-R,665,a75_an_ba,-0.14507723914812418
AG-R,665.8333,a50_an_ba,-0.024788701628822987
AG-R,665.8333,a75_a50_an,-0.11830401182587505
AG-R,665.8333,a75_an_ba,-0.14309271345469804
AG-R,666.6667,a50_an_ba,-0.02096355064630838
AG-R,666.6667,a75_a50_an,-0.12029022636350237
AG-R,666.6667,a75_an_ba,-0.14125377700981076
AG-R,667.5,a50_an_ba,-0.017192561028119384
AG-R,667.5,a75_a50_an,-0.1223603317114008
AG-R,667.5,a75_an_ba,-0.13955289273952018
AG-R,668.3333,a50_an_ba,-0.01353178812255438
AG-R,668.3333,a75_a50_an,-0.12445087094471068
AG-R,668.3333,a75_an_ba,-0.13798265906726506
AG-R,669.1667,a50_an_ba,-0.010037936769645976
AG-R,669.1667,a75_a50_an,-0.12649800112578863
AG-R,669.1667,a75_an_ba,-0.13653593789543458
AG-R,670,a50_an_ba,-0.006767038513148508
AG-R,670,a75_a50_an,-0.12843889454079313
AG-R,670,a75_an_ba,-0.13520593305394163
AG-R,670.8333,a50_an_ba,-0.003773110793610698
AG-R,670.8333,a75_a50_an,-0.1302131077783081
AG-R,670.8333,a75_an_ba,-0.1339862185719188
AG-R,671.6667,a50_an_ba,-0.001106827391493314
AG-R,671.6667,a75_a50_an,-0.13176389049390533
AG-R,671.6667,a75_an_ba,-0.13287071788539861
AG-R,672.5,a50_an_ba,0.0011857703471768127
AG-R,672.5,a75_a50_an,-0.1330394071750905
AG-R,672.5,a75_an_ba,-0.13185363682791368
AG-R,673.3333,a50_an_ba,0.0030644923202287995
AG-R,673.3333,a75_a50_an,-0.13399384723369698
AG-R,673.3333,a75_an_ba,-0.1309293549134682
AG-R,674.1667,a50_an_ba,0.004496120297293716
AG-R,674.1667,a75_a50_an,-0.13458840126229027
AG-R,674.1667,a75_an_ba,-0.13009228096499656
AG-R,675,a50_an_ba,0.005455403721078641
AG-R,675,a75_a50_an,-0.13479208424210182
AG-R,675,a75_an_ba,-0.12933668052102318
AG-R,675.8333,a50_an_ba,0.005925906190527637
AG-R,675.8333,a75_a50_an,-0.13458238981803572
AG-R,675.8333,a75_an_ba,-0.1286564836275081
AG-R,676.6667,a50_an_ba,0.005900680835395185
AG-R,676.6667,a75_a50_an,-0.1339457633893408
AG-R,676.6667,a75_an_ba,-0.12804508255394562
AG-R,677.5,a50_an_ba,0.005382755992734341
AG-R,677.5,a75_a50_an,-0.13287788562463715
AG-R,677.5,a75_an_ba,-0.12749512963190282
AG-R,678.3333,a50_an_ba,0.004385416238828863
AG-R,678.3333,a75_a50_an,-0.13138376201476937
AG-R,678.3333,a75_an_ba,-0.1269983457759405
AG-R,679.1667,a50_an_ba,0.0029322678469543093
AG-R,679.1667,a75_a50_an,-0.12947761814142975
AG-R,679.1667,a75_an_ba,-0.12654535029447544
AG-R,680,a50_an_ba,0.001057082055369186
AG-R,680,a75_a50_an,-0.1271826043780174
AG-R,680,a75_an_ba,-0.1261255223226482
AG-R,680.8333,a50_an_ba,-0.0011965859431166154
AG-R,680.8333,a75_a50_an,-0.12453031766703913
AG-R,680.8333,a75_an_ba,-0.12572690361015576
AG-R,681.6667,a50_an_ba,-0.003775999728430821
AG-R,681.6667,a75_a50_an,-0.12156015175381588
AG-R,681.6667,a75_an_ba,-0.1253361514822467
AG-R,682.5,a50_an_ba,-0.006620058856121258
AG-R,682.5,a75_a50_an,-0.11831849072205193
AG-R,682.5,a75_an_ba,-0.1249385495781732
AG-R,683.3333,a50_an_ba,-0.009660318681046578
AG-R,683.3333,a75_a50_an,-0.11485776380204996
AG-R,683.3333,a75_an_ba,-0.12451808248309652
AG-R,684.1667,a50_an_ba,-0.01282219649565293
AG-R,684.1667,a75_a50_an,-0.11123538214364288
AG-R,684.1667,a75_an_ba,-0.12405757863929581
AG-R,685,a50_an_ba,-0.01602634348121033
AG-R,685,a75_a50_an,-0.10751258050906924
AG-R,685,a75_an_ba,-0.12353892399027956
AG-R,685.8333,a50_an_ba,-0.019190158121157003
AG-R,685.8333,a75_a50_an,-0.10375318860189772
AG-R,685.8333,a75_an_ba,-0.12294334672305472
AG-R,686.6667,a50_an_ba,-0.022229413307222213
AG-R,686.6667,a75_a50_an,-0.1000223579734455
AG-R,686.6667,a75_an_ba,-0.1222517712806677
AG-R,687.5,a50_an_ba,-0.025059966457900734
AG-R,687.5,a75_a50_an,-0.09638527111673595
AG-R,687.5,a75_an_ba,-0.12144523757463668
AG-R,688.3333,a50_an_ba,-0.027599519633109627
AG-R,688.3333,a75_a50_an,-0.09290585946015704
AG-R,688.3333,a75_an_ba,-0.12050537909326667
AG-R,689.1667,a50_an_ba,-0.02976939492504314
AG-R,689.1667,a75_a50_an,-0.08964555651174548
AG-R,689.1667,a75_an_ba,-0.11941495143678864
AG-R,690,a50_an_ba,-0.03149628937837106
AG-R,690,a75_a50_an,-0.08666211139494479
AG-R,690,a75_an_ba,-0.11815840077331582
AG-R,690.8333,a50_an_ba,-0.0327139733744844
AG-R,690.8333,a75_a50_an,-0.08400848648451158
AG-R,690.8333,a75_an_ba,-0.11672245985899596
AG-R,691.6667,a50_an_ba,-0.0333648968221685
AG-R,691.6667,a75_a50_an,-0.08173186083430779
AG-R,691.6667,a75_an_ba,-0.11509675765647628
AG-R,692.5,a50_an_ba,-0.0334016686338289
AG-R,692.5,a75_a50_an,-0.07987275863467522
AG-R,692.5,a75_an_ba,-0.11327442726850412
AG-R,693.3333,a50_an_ba,-0.032788376820460714
AG-R,693.3333,a75_a50_an,-0.07846431910267704
AG-R,693.3333,a75_an_ba,-0.11125269592313775
AG-R,694.1667,a50_an_ba,-0.03150171908330758
AG-R,694.1667,a75_a50_an,-0.0775317210579053
AG-R,694.1667,a75_an_ba,-0.10903344014121288
AG-R,695,a50_an_ba,-0.029531916974558228
AG-R,695,a75_a50_an,-0.07709177204066055
AG-R,695,a75_an_ba,-0.10662368901521878
AG-R,695.8333,a50_an_ba,-0.02688339048859964
AG-R,695.8333,a75_a50_an,-0.07715266826326121
AG-R,695.8333,a75_an_ba,-0.10403605875186085
AG-R,696.6667,a50_an_ba,-0.023575174261610026
AG-R,696.6667,a75_a50_an,-0.07771392802761089
AG-R,696.6667,a75_an_ba,-0.1012891022892209
AG-R,697.5,a50_an_ba,-0.019641061321236053
AG-R,697.5,a75_a50_an,-0.07876649757239175
AG-R,697.5,a75_an_ba,-0.0984075588936278
AG-R,698.3333,a50_an_ba,-0.015129465450274557
AG-R,698.3333,a75_a50_an,-0.08029302471079817
AG-R,698.3333,a75_an_ba,-0.09542249016107274
AG-R,699.1667,a50_an_ba,-0.010102998610633277
AG-R,699.1667,a75_a50_an,-0.08226829216133054
AG-R,699.1667,a75_an_ba,-0.09237129077196382
AG-R,700,a50_an_ba,-0.004637765411933239
AG-R,700,a75_a50_an,-0.08465979923322213
AG-R,700,a75_an_ba,-0.08929756464515537
AG-R,700.8333,a50_an_ba,0.0011776178062033796
AG-R,700.8333,a75_a50_an,-0.08742847757206734
AG-R,700.8333,a75_an_ba,-0.08625085976586397
AG-R,701.6667,a50_an_ba,0.007243266189175285
AG-R,701.6667,a75_a50_an,-0.09052952406111182
AG-R,701.6667,a75_an_ba,-0.08328625787193655
AG-R,702.5,a50_an_ba,0.013449513446895333
AG-R,702.5,a75_a50_an,-0.09391333176201268
AG-R,702.5,a75_an_ba,-0.08046381831511734
AG-R,703.3333,a50_an_ba,0.01967861930657191
AG-R,703.3333,a75_a50_an,-0.09752649800909582
AG-R,703.3333,a75_an_ba,-0.07784787870252392
AG-R,704.1667,a50_an_ba,0.025806669179383946
AG-R,704.1667,a75_a50_an,-0.10131288747646244
AG-R,704.1667,a75_an_ba,-0.0755062182970785
AG-R,705,a50_an_ba,0.03170563370177357
AG-R,705,a75_a50_an,-0.10521472724006894
AG-R,705,a75_an_ba,-0.07350909353829536
AG-R,705.8333,a50_an_ba,0.03724555221001623
AG-R,705.8333,a75_a50_an,-0.10917371056851183
AG-R,705.8333,a75_an_ba,-0.0719281583584956
AG-R,706.6667,a50_an_ba,0.04229680126108829
AG-R,706.6667,a75_a50_an,-0.11313208639636957
AG-R,706.6667,a75_an_ba,-0.07083528513528127
AG-R,707.5,a50_an_ba,0.04673240709018999
AG-R,707.5,a75_a50_an,-0.11703371215134928
AG-R,707.5,a75_an_ba,-0.0703013050611593
AG-R,708.3333,a50_an_ba,0.05043035944810604
AG-R,708.3333,a75_a50_an,-0.12082504879875283
AG-R,708.3333,a75_an_ba,-0.0703946893506468
AG-R,709.1667,a50_an_ba,0.05327588362732658
AG-R,709.1667,a75_a50_an,-0.1244560786013934
AG-R,709.1667,a75_an_ba,-0.07118019497406682
AG-R,710,a50_an_ba,0.055163627686201595
AG-R,710,a75_a50_an,-0.12788112812792263
AG-R,710,a75_an_ba,-0.07271750044172103
AG-R,710.8333,a50_an_ba,0.05599972292013918
AG-R,710.8333,a75_a50_an,-0.13105958142702753
AG-R,710.8333,a75_an_ba,-0.07505985850688836
AG-R,711.6667,a50_an_ba,0.055703677496334716
AG-R,711.6667,a75_a50_an,-0.13395647096133295
AG-R,711.6667,a75_an_ba,-0.07825279346499824
AG-R,712.5,a50_an_ba,0.05421006583488182
AG-R,712.5,a75_a50_an,-0.13654293679947954
AG-R,712.5,a75_an_ba,-0.08233287096459772
AG-R,713.3332999999999,a50_an_ba,0.05146997973986008
AG-R,713.3332999999999,a75_a50_an,-0.13879654762955504
AG-R,713.3332999999999,a75_an_ba,-0.08732656788969496
AG-R,714.1667,a50_an_ba,0.04745221139821367
AG-R,714.1667,a75_a50_an,-0.14070148031109644
AG-R,714.1667,a75_an_ba,-0.09324926891288277
AG-R,715,a50_an_ba,0.04214414309762002
AG-R,715,a75_a50_an,-0.1422485578541343
AG-R,715,a75_an_ba,-0.10010441475651427
AG-R,715.8333,a50_an_ba,0.035552323778784596
AG-R,715.8333,a75_a50_an,-0.14343514883060848
AG-R,715.8333,a75_an_ba,-0.10788282505182388
AG-R,716.6667,a50_an_ba,0.027702718233685926
AG-R,716.6667,a75_a50_an,-0.1442649342165015
AG-R,716.6667,a75_an_ba,-0.11656221598281556
AG-R,717.5,a50_an_ba,0.01864062078069715
AG-R,717.5,a75_a50_an,-0.14474755046631085
AG-R,717.5,a75_an_ba,-0.1261069296856137
AG-R,718.3333,a50_an_ba,0.008430231474096961
AG-R,718.3333,a75_a50_an,-0.14489812017429168
AG-R,718.3333,a75_an_ba,-0.13646788870019474
AG-R,719.1667,a50_an_ba,-0.0028461007814687754
AG-R,719.1667,a75_a50_an,-0.1447366839249459
AG-R,719.1667,a75_an_ba,-0.14758278470641467
AG-R,720,a50_an_ba,-0.015088957564738483
AG-R,720,a75_a50_an,-0.14428754883193473
AG-R,720,a75_an_ba,-0.15937650639667322
AG-R,720.8333,a50_an_ba,-0.028183235957400302
AG-R,720.8333,a75_a50_an,-0.1435785707717856
AG-R,720.8333,a75_an_ba,-0.1717618067291859
AG-R,721.6667,a50_an_ba,-0.04199981665267583
AG-R,721.6667,a75_a50_an,-0.14264038840803683
AG-R,721.6667,a75_an_ba,-0.1846402050607127
AG-R,722.5,a50_an_ba,-0.05639748711936579
AG-R,722.5,a75_a50_an,-0.14150562775411696
AG-R,722.5,a75_an_ba,-0.19790311487348275
AG-R,723.3333,a50_an_ba,-0.0712250868573938
AG-R,723.3333,a75_a50_an,-0.14020809623099187
AG-R,723.3333,a75_an_ba,-0.21143318308838566
AG-R,724.1667000000001,a50_an_ba,-0.08632383745596187
AG-R,724.1667000000001,a75_a50_an,-0.1387819849406849
AG-R,724.1667000000001,a75_an_ba,-0.22510582239664673
AG-R,725,a50_an_ba,-0.10152981653368948
AG-R,725,a75_a50_an,-0.1372610972114747
AG-R,725,a75_an_ba,-0.23879091374516415
AG-R,725.8333,a50_an_ba,-0.11667653177582198
AG-R,725.8333,a75_a50_an,-0.1356781203973046
AG-R,725.8333,a75_an_ba,-0.2523546521731266
AG-R,726.6667,a50_an_ba,-0.13159754924572692
AG-R,726.6667,a75_a50_an,-0.13406395646411148
AG-R,726.6667,a75_an_ba,-0.26566150570983843
AG-R,727.5,a50_an_ba,-0.14612912897956978
AG-R,727.5,a75_a50_an,-0.13244712510956752
AG-R,727.5,a75_an_ba,-0.27857625408913733
AG-R,728.3333,a50_an_ba,-0.16011282059979443
AG-R,728.3333,a75_a50_an,-0.13085325108734985
AG-R,728.3333,a75_an_ba,-0.2909660716871443
AG-R,729.1667,a50_an_ba,-0.17339797231288473
AG-R,729.1667,a75_a50_an,-0.12930464509631434
AG-R,729.1667,a75_an_ba,-0.30270261740919907
AG-R,730,a50_an_ba,-0.18584410817966315
AG-R,730,a75_a50_an,-0.1278199851072907
AG-R,730,a75_an_ba,-0.3136640932869539
AG-R,730.8333,a50_an_ba,-0.19732313093420117
AG-R,730.8333,a75_a50_an,-0.12641410239780293
AG-R,730.8333,a75_an_ba,-0.3237372333320041
AG-R,731.6667,a50_an_ba,-0.2077213108350319
AG-R,731.6667,a75_a50_an,-0.12509787391175425
AG-R,731.6667,a75_an_ba,-0.3328191847467862
AG-R,732.5,a50_an_ba,-0.21694102499807497
AG-R,732.5,a75_a50_an,-0.12387821992162841
AG-R,732.5,a75_an_ba,-0.3408192449197034
AG-R,733.3333,a50_an_ba,-0.22490221630749624
AG-R,733.3333,a75_a50_an,-0.12275820340836378
AG-R,733.3333,a75_an_ba,-0.34766041971586004
AG-R,734.1667,a50_an_ba,-0.23154354623823598
AG-R,734.1667,a75_a50_an,-0.12173722514958485
AG-R,734.1667,a75_an_ba,-0.3532807713878208
AG-R,735,a50_an_ba,-0.23682322164945574
AG-R,735,a75_a50_an,-0.12081130627719758
AG-R,735,a75_an_ba,-0.3576345279266533
AG-R,735.8333,a50_an_ba,-0.24071948170968543
AG-R,735.8333,a75_a50_an,-0.119973448081827
AG-R,735.8333,a75_an_ba,-0.36069292979151246
AG-R,736.6667,a50_an_ba,-0.24323073747199894
AG-R,736.6667,a75_a50_an,-0.11921405714928396
AG-R,736.6667,a75_an_ba,-0.3624447946212829
AG-R,737.5,a50_an_ba,-0.2443753631066015
AG-R,737.5,a75_a50_an,-0.11852142255040382
AG-R,737.5,a75_an_ba,-0.3628967856570053
AG-R,738.3333,a50_an_ba,-0.24419114429114822
AG-R,738.3333,a75_a50_an,-0.11788223079936963
AG-R,738.3333,a75_an_ba,-0.36207337509051785
AG-R,739.1667,a50_an_ba,-0.24273439562885027
AG-R,739.1667,a75_a50_an,-0.117282103666834
AG-R,739.1667,a75_an_ba,-0.3600164992956843
AG-R,740,a50_an_ba,-0.24007876508621295
AG-R,740,a75_a50_an,-0.11670614369338006
AG-R,740,a75_an_ba,-0.356784908779593
AG-R,740.8333,a50_an_ba,-0.23631374919680095
AG-R,740.8333,a75_a50_an,-0.11613947239701194
AG-R,740.8333,a75_an_ba,-0.3524532215938129
AG-R,741.6667,a50_an_ba,-0.23154294805272604
AG-R,741.6667,a75_a50_an,-0.11556774669666264
AG-R,741.6667,a75_an_ba,-0.3471106947493887
AG-R,742.5,a50_an_ba,-0.2258820937999193
AG-R,742.5,a75_a50_an,-0.11497763996429211
AG-R,742.5,a75_an_ba,-0.3408597337642114
AG-R,743.3333,a50_an_ba,-0.21945689037649632
AG-R,743.3333,a75_a50_an,-0.11435727534409505
AG-R,743.3333,a75_an_ba,-0.33381416572059136
AG-R,744.1667,a50_an_ba,-0.21240070550955578
AG-R,744.1667,a75_a50_an,-0.11369660050387695
AG-R,744.1667,a75_an_ba,-0.32609730601343273
AG-R,745,a50_an_ba,-0.20485215845364257
AG-R,745,a75_a50_an,-0.11298769476862255
AG-R,745,a75_an_ba,-0.31783985322226516
AG-R,745.8333,a50_an_ba,-0.1969526485692852
AG-R,745.8333,a75_a50_an,-0.1122250015816341
AG-R,745.8333,a75_an_ba,-0.30917765015091936
AG-R,746.6667,a50_an_ba,-0.1888438705755163
AG-R,746.6667,a75_a50_an,-0.11140548139112061
AG-R,746.6667,a75_an_ba,-0.3002493519666369
AG-R,747.5,a50_an_ba,-0.1806653621566351
AG-R,747.5,a75_a50_an,-0.11052868231335129
AG-R,747.5,a75_an_ba,-0.29119404446998637
AG-R,748.3333,a50_an_ba,-0.17255212856950503
AG-R,748.3333,a75_a50_an,-0.10959672821854048
AG-R,748.3333,a75_an_ba,-0.2821488567880455
AG-R,749.1667,a50_an_ba,-0.16463238700950206
AG-R,749.1667,a75_a50_an,-0.10861422616316134
AG-R,749.1667,a75_an_ba,-0.2732466131726634
AG-R,750,a50_an_ba,-0.15702547079452397
AG-R,750,a75_a50_an,-0.10758809729373789
AG-R,750,a75_an_ba,-0.26461356808826186
AG-R,750.8333,a50_an_ba,-0.1498399299764093
AG-R,750.8333,a75_a50_an,-0.1065273374159504
AG-R,750.8333,a75_an_ba,-0.25636726739235965
AG-R,751.6667,a50_an_ba,-0.14317186086221978
AG-R,751.6667,a75_a50_an,-0.10544271530642665
AG-R,751.6667,a75_an_ba,-0.24861457616864643
AG-R,752.5,a50_an_ba,-0.13710349221144005
AG-R,752.5,a75_a50_an,-0.10434641849502373
AG-R,752.5,a75_an_ba,-0.2414499107064638
AG-R,753.3333,a50_an_ba,-0.1317020506679048
AG-R,753.3333,a75_a50_an,-0.10325165762110901
AG-R,753.3333,a75_an_ba,-0.23495370828901382
AG-R,754.1667,a50_an_ba,-0.12701892239520435
AG-R,754.1667,a75_a50_an,-0.10217224153387869
AG-R,754.1667,a75_an_ba,-0.22919116392908304
AG-R,755,a50_an_ba,-0.12308912202616602
AG-R,755,a75_a50_an,-0.10112213603743675
AG-R,755,a75_an_ba,-0.2242112580636028
AG-R,755.8333,a50_an_ba,-0.11993107402997907
AG-R,755.8333,a75_a50_an,-0.10011501955849254
AG-R,755.8333,a75_an_ba,-0.22004609358847163
AG-R,756.6667,a50_an_ba,-0.11754670556593956
AG-R,756.6667,a75_a50_an,-0.09916384902926641
AG-R,756.6667,a75_an_ba,-0.216710554595206
AG-R,757.5,a50_an_ba,-0.11592184395132972
AG-R,757.5,a75_a50_an,-0.09828044893097236
AG-R,757.5,a75_an_ba,-0.2142022928823021
AG-R,758.3333,a50_an_ba,-0.1150269061400588
AG-R,758.3333,a75_a50_an,-0.09747513574403725
AG-R,758.3333,a75_an_ba,-0.21250204188409605
AG-R,759.1667,a50_an_ba,-0.11481786220086314
AG-R,759.1667,a75_a50_an,-0.09675638901862316
AG-R,759.1667,a75_an_ba,-0.2115742512194863
AG-R,760,a50_an_ba,-0.11523744980310964
AG-R,760,a75_a50_an,-0.0961305789406384
AG-R,760,a75_an_ba,-0.21136802874374805
AG-R,760.8333,a50_an_ba,-0.11621661225949598
AG-R,760.8333,a75_a50_an,-0.09560175865934126
AG-R,760.8333,a75_an_ba,-0.21181837091883723
AG-R,761.6667,a50_an_ba,-0.11767612882072473
AG-R,761.6667,a75_a50_an,-0.09517152780527166
AG-R,761.6667,a75_an_ba,-0.2128476566259964
AG-R,762.5,a50_an_ba,-0.11952840273716667
AG-R,762.5,a75_a50_an,-0.09483897160973168
AG-R,762.5,a75_an_ba,-0.21436737434689834
AG-R,763.3333,a50_an_ba,-0.12167937015143412
AG-R,763.3333,a75_a50_an,-0.09460067789231692
AG-R,763.3333,a75_an_ba,-0.21628004804375106
AG-R,764.1667,a50_an_ba,-0.1240304912027341
AG-R,764.1667,a75_a50_an,-0.09445083196757423
AG-R,764.1667,a75_an_ba,-0.21848132317030833
AG-R,765,a50_an_ba,-0.12648078383173592
AG-R,765,a75_a50_an,-0.09438138729399065
AG-R,765,a75_an_ba,-0.22086217112572656
AG-R,765.8333,a50_an_ba,-0.12892886067974527
AG-R,765.8333,a75_a50_an,-0.09438230750729003
AG-R,765.8333,a75_an_ba,-0.22331116818703528
AG-R,766.6667,a50_an_ba,-0.13127493016780542
AG-R,766.6667,a75_a50_an,-0.09444187340331797
AG-R,766.6667,a75_an_ba,-0.2257168035711234
AG-R,767.5,a50_an_ba,-0.13342272429353222
AG-R,767.5,a75_a50_an,-0.09454704651933778
AG-R,767.5,a75_an_ba,-0.22796977081286998
AG-R,768.3333,a50_an_ba,-0.13528131785418257
AG-R,768.3333,a75_a50_an,-0.0946838792580809
AG-R,768.3333,a75_an_ba,-0.22996519711226346
AG-R,769.1667,a50_an_ba,-0.1367668066374084
AG-R,769.1667,a75_a50_an,-0.0948379600530839
AG-R,769.1667,a75_an_ba,-0.2316047666904923
AG-R,770,a50_an_ba,-0.13780381554731336
AG-R,770,a75_a50_an,-0.09499488092698884
AG-R,770,a75_an_ba,-0.2327986964743022
AG-R,770.8333,a50_an_ba,-0.13832681157232274
AG-R,770.8333,a75_a50_an,-0.09514071397952552
AG-R,770.8333,a75_an_ba,-0.23346752555184824
AG-R,771.6667,a50_an_ba,-0.1382812008631065
AG-R,771.6667,a75_a50_an,-0.09526248288349694
AG-R,771.6667,a75_an_ba,-0.23354368374660345
AG-R,772.5,a50_an_ba,-0.13762419387610214
AG-R,772.5,a75_a50_an,-0.09534861538091227
AG-R,772.5,a75_an_ba,-0.2329728092570144
AG-R,773.3333,a50_an_ba,-0.13632542744847548
AG-R,773.3333,a75_a50_an,-0.09538936306384675
AG-R,773.3333,a75_an_ba,-0.23171479051232222
AG-R,774.1667,a50_an_ba,-0.13436733769822834
AG-R,774.1667,a75_a50_an,-0.09537717539222933
AG-R,774.1667,a75_an_ba,-0.22974451309045765
AG-R,775,a50_an_ba,-0.1317452826823647
AG-R,775,a75_a50_an,-0.09530701593074065
AG-R,775,a75_an_ba,-0.22705229861310536
AG-R,775.8332999999999,a50_an_ba,-0.12846741869207415
AG-R,775.8332999999999,a75_a50_an,-0.09517661015690075
AG-R,775.8332999999999,a75_an_ba,-0.22364402884897489
AG-R,776.6667,a50_an_ba,-0.12455433881615507
AG-R,776.6667,a75_a50_an,-0.09498661587112442
AG-R,776.6667,a75_an_ba,-0.2195409546872795
AG-R,777.5,a50_an_ba,-0.1200384868675762
AG-R,777.5,a75_a50_an,-0.09474070918754575
AG-R,777.5,a75_an_ba,-0.21477919605512197
AG-R,778.3333,a50_an_ba,-0.114963363856418
AG-R,778.3333,a75_a50_an,-0.09444558125504005
AG-R,778.3333,a75_an_ba,-0.20940894511145805
AG-R,779.1667,a50_an_ba,-0.10938254782836357
AG-R,779.1667,a75_a50_an,-0.09411084319823154
AG-R,779.1667,a75_an_ba,-0.2034933910265951
AG-R,780,a50_an_ba,-0.10335855100535304
AG-R,780,a75_a50_an,-0.09374883922050126
AG-R,780,a75_an_ba,-0.1971073902258543
AG-R,780.8333,a50_an_ba,-0.09696154071057557
AG-R,780.8333,a75_a50_an,-0.09337437031366956
AG-R,780.8333,a75_an_ba,-0.19033591102424513
AG-R,781.6667,a50_an_ba,-0.09026795249355231
AG-R,781.6667,a75_a50_an,-0.09300433350865522
AG-R,781.6667,a75_an_ba,-0.18327228600220752
AG-R,782.5,a50_an_ba,-0.08335902516641396
AG-R,782.5,a75_a50_an,-0.09265728401402223
AG-R,782.5,a75_an_ba,-0.1760163091804362
AG-R,783.3333,a50_an_ba,-0.07631928810807372
AG-R,783.3333,a75_a50_an,-0.09235292986195735
AG-R,783.3333,a75_an_ba,-0.16867221797003107
AG-R,784.1667,a50_an_ba,-0.06923503119142711
AG-R,784.1667,a75_a50_an,-0.09211157075348157
AG-R,784.1667,a75_an_ba,-0.16134660194490869
AG-R,785,a50_an_ba,-0.06219278705652136
AG-R,785,a75_a50_an,-0.09195349461053705
AG-R,785,a75_an_ba,-0.1541462816670584
AG-R,785.8333,a50_an_ba,-0.05527785422022874
AG-R,785.8333,a75_a50_an,-0.09189834685120499
AG-R,785.8333,a75_an_ba,-0.14717620107143373
AG-R,786.6667000000001,a50_an_ba,-0.04857288772260422
AG-R,786.6667000000001,a75_a50_an,-0.09196448856207792
AG-R,786.6667000000001,a75_an_ba,-0.14053737628468216
AG-R,787.5,a50_an_ba,-0.042156581716003325
AG-R,787.5,a75_a50_an,-0.09216836051289948
AG-R,787.5,a75_an_ba,-0.1343249422289028
AG-R,788.3333,a50_an_ba,-0.03610246566884016
AG-R,788.3333,a75_a50_an,-0.09252387031637602
AG-R,788.3333,a75_an_ba,-0.12862633598521617
AG-R,789.1667,a50_an_ba,-0.030477832753620107
AG-R,789.1667,a75_a50_an,-0.09304181996346032
AG-R,789.1667,a75_an_ba,-0.12351965271708044
AG-R,790,a50_an_ba,-0.025342815597333448
AG-R,790,a75_a50_an,-0.09372939045490448
AG-R,790,a75_an_ba,-0.11907220605223794
AG-R,790.8333,a50_an_ba,-0.020749620974290763
AG-R,790.8333,a75_a50_an,-0.09458969930724569
AG-R,790.8333,a75_an_ba,-0.11533932028153646
AG-R,791.6667,a50_an_ba,-0.016741931303071524
AG-R,791.6667,a75_a50_an,-0.09562144535041474
AG-R,791.6667,a75_an_ba,-0.11236337665348627
AG-R,792.5,a50_an_ba,-0.013354477056447964
AG-R,792.5,a75_a50_an,-0.09681865347960773
AG-R,792.5,a75_an_ba,-0.11017313053605571
AG-R,793.3333,a50_an_ba,-0.010612780491204758
AG-R,793.3333,a75_a50_an,-0.09817052991118157
AG-R,793.3333,a75_an_ba,-0.10878331040238631
AG-R,794.1667,a50_an_ba,-0.0085330675350435
AG-R,794.1667,a75_a50_an,-0.09966143606511185
AG-R,794.1667,a75_an_ba,-0.10819450360015535
AG-R,795,a50_an_ba,-0.007122341307013833
AG-R,795,a75_a50_an,-0.10127098650776209
AG-R,795,a75_an_ba,-0.10839332781477592
AG-R,795.8333,a50_an_ba,-0.006378607665651713
AG-R,795.8333,a75_a50_an,-0.10297427349793714
AG-R,795.8333,a75_an_ba,-0.10935288116358885
AG-R,796.6667,a50_an_ba,-0.006291240436970847
AG-R,796.6667,a75_a50_an,-0.10474221765209446
AG-R,796.6667,a75_an_ba,-0.11103345808906531
AG-R,797.5,a50_an_ba,-0.0068414716243268385
AG-R,797.5,a75_a50_an,-0.10654204115112538
AG-R,797.5,a75_an_ba,-0.11338351277545222
AG-R,798.3333,a50_an_ba,-0.008002989985607034
AG-R,798.3333,a75_a50_an,-0.10833785682395382
AG-R,798.3333,a75_an_ba,-0.11634084680956085
AG-R,799.1667,a50_an_ba,-0.009742629910199897
AG-R,799.1667,a75_a50_an,-0.11009136343619584
AG-R,799.1667,a75_an_ba,-0.11983399334639575
AG-R,800,a50_an_ba,-0.012021131557179876
AG-R,800,a75_a50_an,-0.11176263465835551
AG-R,800,a75_an_ba,-0.12378376621553538
AG-R,800.8333,a50_an_ba,-0.014793952733434992
AG-R,800.8333,a75_a50_an,-0.1133109865583378
AG-R,800.8333,a75_an_ba,-0.1281049392917728
AG-R,801.6667,a50_an_ba,-0.01801211299083798
AG-R,801.6667,a75_a50_an,-0.11469590612399318
AG-R,801.6667,a75_an_ba,-0.13270801911483118
AG-R,802.5,a50_an_ba,-0.02162305088772323
AG-R,802.5,a75_a50_an,-0.11587802133406072
AG-R,802.5,a75_an_ba,-0.13750107222178395
AG-R,803.3333,a50_an_ba,-0.02557147626447881
AG-R,803.3333,a75_a50_an,-0.11682009171389172
AG-R,803.3333,a75_an_ba,-0.14239156797837055
AG-R,804.1667,a50_an_ba,-0.029800200688016688
AG-R,804.1667,a75_a50_an,-0.11748799718094746
AG-R,804.1667,a75_an_ba,-0.14728819786896416
AG-R,805,a50_an_ba,-0.03425093087878404
AG-R,805,a75_a50_an,-0.11785170233968346
AG-R,805,a75_an_ba,-0.1521026332184675
AG-R,805.8333,a50_an_ba,-0.038865011892727
AG-R,805.8333,a75_a50_an,-0.11788617325086469
AG-R,805.8333,a75_an_ba,-0.15675118514359168
AG-R,806.6667,a50_an_ba,-0.043584109029133386
AG-R,806.6667,a75_a50_an,-0.11757222408984236
AG-R,806.6667,a75_an_ba,-0.16115633311897573
AG-R,807.5,a50_an_ba,-0.04835081980875437
AG-R,807.5,a75_a50_an,-0.11689727202341532
AG-R,807.5,a75_an_ba,-0.1652480918321697
AG-R,808.3333,a50_an_ba,-0.053109209848034473
AG-R,808.3333,a75_a50_an,-0.11585598006496226
AG-R,808.3333,a75_an_ba,-0.16896518991299672
AG-R,809.1667,a50_an_ba,-0.05780526897579125
AG-R,809.1667,a75_a50_an,-0.11445076958994911
AG-R,809.1667,a75_an_ba,-0.17225603856574037
AG-R,810,a50_an_ba,-0.062387286430804524
AG-R,810,a75_a50_an,-0.11269218657458863
AG-R,810,a75_an_ba,-0.17507947300539314
AG-R,810.8333,a50_an_ba,-0.06680614637694093
AG-R,810.8333,a75_a50_an,-0.11059910841408137
AG-R,810.8333,a75_an_ba,-0.17740525479102232
AG-R,811.6667,a50_an_ba,-0.07101554721506263
AG-R,811.6667,a75_a50_an,-0.10819878132826573
AG-R,811.6667,a75_an_ba,-0.17921432854332836
AG-R,812.5,a50_an_ba,-0.07497215020211057
AG-R,812.5,a75_a50_an,-0.10552668180748855
AG-R,812.5,a75_an_ba,-0.18049883200959912
AG-R,813.3333,a50_an_ba,-0.07863566465781764
AG-R,813.3333,a75_a50_an,-0.1026261992181551
AG-R,813.3333,a75_an_ba,-0.18126186387597273
AG-R,814.1667,a50_an_ba,-0.08196887850720048
AG-R,814.1667,a75_a50_an,-0.09954814049795886
AG-R,814.1667,a75_an_ba,-0.18151701900515935
AG-R,815,a50_an_ba,-0.08493764403947689
AG-R,815,a75_a50_an,-0.09635006174281494
AG-R,815,a75_an_ba,-0.18128770578229184
AG-R,815.8333,a50_an_ba,-0.08751082953820687
AG-R,815.8333,a75_a50_an,-0.0930954353364174
AG-R,815.8333,a75_an_ba,-0.18060626487462425
AG-R,816.6667,a50_an_ba,-0.08966024784003779
AG-R,816.6667,a75_a50_an,-0.0898526650133803
AG-R,816.6667,a75_an_ba,-0.17951291285341808
AG-R,817.5,a50_an_ba,-0.09136057290737383
AG-R,817.5,a75_a50_an,-0.08669396479402879
AG-R,817.5,a75_an_ba,-0.17805453770140262
AG-R,818.3333,a50_an_ba,-0.09258925516064728
AG-R,818.3333,a75_a50_an,-0.08369412100189258
AG-R,818.3333,a75_an_ba,-0.17628337616253986
AG-R,819.1667,a50_an_ba,-0.09332644562549779
AG-R,819.1667,a75_a50_an,-0.08092915949765664
AG-R,819.1667,a75_an_ba,-0.17425560512315444
AG-R,820,a50_an_ba,-0.09355493793510068
AG-R,820,a75_a50_an,-0.07847494276656156
AG-R,820,a75_an_ba,-0.17202988070166222
AG-R,820.8333,a50_an_ba,-0.09326013592288783
AG-R,820.8333,a75_a50_an,-0.07640572351882113
AG-R,820.8333,a75_an_ba,-0.16966585944170898
AG-R,821.6667,a50_an_ba,-0.09243005298787721
AG-R,821.6667,a75_a50_an,-0.0747926829536273
AG-R,821.6667,a75_an_ba,-0.1672227359415045
AG-R,822.5,a50_an_ba,-0.0910553476622848
AG-R,822.5,a75_a50_an,-0.07370248275653075
AG-R,822.5,a75_an_ba,-0.16475783041881556
AG-R,823.3333,a50_an_ba,-0.08912939791260799
AG-R,823.3333,a75_a50_an,-0.07319586021942083
AG-R,823.3333,a75_an_ba,-0.1623252581320288
AG-R,824.1667,a50_an_ba,-0.08664841471784315
AG-R,824.1667,a75_a50_an,-0.07332629557686955
AG-R,824.1667,a75_an_ba,-0.1599747102947127
AG-R,825,a50_an_ba,-0.08361159345124071
AG-R,825,a75_a50_an,-0.0741387797402396
AG-R,825,a75_an_ba,-0.1577503731914803
AG-R,825.8333,a50_an_ba,-0.0800212996048033
AG-R,825.8333,a75_a50_an,-0.0756687090931159
AG-R,825.8333,a75_an_ba,-0.15569000869791919
AG-R,826.6667,a50_an_ba,-0.07588328349717047
AG-R,826.6667,a75_a50_an,-0.07794093191327253
AG-R,826.6667,a75_an_ba,-0.153824215410443
AG-R,827.5,a50_an_ba,-0.07120691685213769
AG-R,827.5,a75_a50_an,-0.08096896834486199
AG-R,827.5,a75_an_ba,-0.15217588519699968
AG-R,828.3333,a50_an_ba,-0.06600544257888201
AG-R,828.3333,a75_a50_an,-0.08475442270986513
AG-R,828.3333,a75_an_ba,-0.15075986528874713
AG-R,829.1667,a50_an_ba,-0.06029622777315352
AG-R,829.1667,a75_a50_an,-0.08928660338076043
AG-R,829.1667,a75_an_ba,-0.14958283115391394
AG-R,830,a50_an_ba,-0.05410100893186102
AG-R,830,a75_a50_an,-0.09454236150771116
AG-R,830,a75_an_ba,-0.14864337043957218
AG-R,830.8333,a50_an_ba,-0.047446117664420584
AG-R,830.8333,a75_a50_an,-0.100486155682537
AG-R,830.8333,a75_an_ba,-0.14793227334695758
AG-R,831.6667,a50_an_ba,-0.04036267481787043
AG-R,831.6667,a75_a50_an,-0.10707034521423585
AG-R,831.6667,a75_an_ba,-0.1474330200321063
AG-R,832.5,a50_an_ba,-0.03288674092458974
AG-R,832.5,a75_a50_an,-0.11423571017767356
AG-R,832.5,a75_an_ba,-0.1471224511022633
AG-R,833.3333,a50_an_ba,-0.02505941123793357
AG-R,833.3333,a75_a50_an,-0.12191219187206159
AG-R,833.3333,a75_an_ba,-0.14697160310999516
AG-R,834.1667,a50_an_ba,-0.016926844338827744
AG-R,834.1667,a75_a50_an,-0.13001984288374804
AG-R,834.1667,a75_an_ba,-0.14694668722257578
AG-R,835,a50_an_ba,-0.00854021436284857
AG-R,835,a75_a50_an,-0.13846997168216443
AG-R,835,a75_an_ba,-0.147010186045013
AG-R,835.8333,a50_an_ba,4.442170952728642e-5
AG-R,835.8333,a75_a50_an,-0.14716646267902478
AG-R,835.8333,a75_an_ba,-0.1471220409694975
AG-R,836.6667,a50_an_ba,0.008766348567335344
AG-R,836.6667,a75_a50_an,-0.15600724903427154
AG-R,836.6667,a75_an_ba,-0.1472409004669362
AG-R,837.5,a50_an_ba,0.01756051380867922
AG-R,837.5,a75_a50_an,-0.16488591227610316
AG-R,837.5,a75_an_ba,-0.14732539846742396
AG-R,838.3332999999999,a50_an_ba,0.026357948665987115
AG-R,838.3332999999999,a75_a50_an,-0.17369338008625768
AG-R,838.3332999999999,a75_an_ba,-0.14733543142027056
AG-R,839.1667,a50_an_ba,0.03508628865620061
AG-R,839.1667,a75_a50_an,-0.18231969144470223
AG-R,839.1667,a75_an_ba,-0.1472334027885016
AG-R,840,a50_an_ba,0.04367039216812942
AG-R,840,a75_a50_an,-0.19065579677776887
AG-R,840,a75_an_ba,-0.14698540460963944
AG-R,840.8333,a50_an_ba,0.05203305252552772
AG-R,840.8333,a75_a50_an,-0.19859535984541182
AG-R,840.8333,a75_an_ba,-0.1465623073198841
AG-R,841.6667,a50_an_ba,0.060095796604768784
AG-R,841.6667,a75_a50_an,-0.2060365278582399
AG-R,841.6667,a75_an_ba,-0.1459407312534711
AG-R,842.5,a50_an_ba,0.06777976070144294
AG-R,842.5,a75_a50_an,-0.21288363674079552
AG-R,842.5,a75_an_ba,-0.14510387603935257
AG-R,843.3333,a50_an_ba,0.07500663209053465
AG-R,843.3333,a75_a50_an,-0.21904881954759822
AG-R,843.3333,a75_an_ba,-0.14404218745706357
AG-R,844.1667,a50_an_ba,0.08169964266737409
AG-R,844.1667,a75_a50_an,-0.22445348777210525
AG-R,844.1667,a75_an_ba,-0.14275384510473116
AG-R,845,a50_an_ba,0.08778459924432407
AG-R,845,a75_a50_an,-0.22902965763170044
AG-R,845,a75_an_ba,-0.1412450583873764
AG-R,845.8333,a50_an_ba,0.09319093355915528
AG-R,845.8333,a75_a50_an,-0.23272109631686386
AG-R,845.8333,a75_an_ba,-0.1395301627577086
AG-R,846.6667,a50_an_ba,0.09785275386651067
AG-R,846.6667,a75_a50_an,-0.23548426660088864
AG-R,846.6667,a75_an_ba,-0.13763151273437796
AG-R,847.5,a50_an_ba,0.1017098791676209
AG-R,847.5,a75_a50_an,-0.23728905204808015
AG-R,847.5,a75_an_ba,-0.13557917288045923
AG-R,848.3333,a50_an_ba,0.10470883671106218
AG-R,848.3333,a75_a50_an,-0.23811924925454497
AG-R,848.3333,a75_an_ba,-0.13341041254348276
AG-R,849.1667000000001,a50_an_ba,0.1068038033853476
AG-R,849.1667000000001,a75_a50_an,-0.23797281802028378
AG-R,849.1667000000001,a75_an_ba,-0.13116901463493616
AG-R,850,a50_an_ba,0.1079574720296711
AG-R,850,a75_a50_an,-0.236861884992424
AG-R,850,a75_an_ba,-0.1289044129627529
AG-R,850.8333,a50_an_ba,0.10814182450987055
AG-R,850.8333,a75_a50_an,-0.23481250104180554
AG-R,850.8333,a75_an_ba,-0.12667067653193498
AG-R,851.6667,a50_an_ba,0.10733879463062546
AG-R,851.6667,a75_a50_an,-0.23186415734176763
AG-R,851.6667,a75_an_ba,-0.12452536271114219
AG-R,852.5,a50_an_ba,0.10554080556094016
AG-R,852.5,a75_a50_an,-0.22806906971255367
AG-R,852.5,a75_an_ba,-0.12252826415161353
AG-R,853.3333,a50_an_ba,0.10275116840808746
AG-R,853.3333,a75_a50_an,-0.2234912451835313
AG-R,853.3333,a75_an_ba,-0.12074007677544385
AG-R,854.1667,a50_an_ba,0.09898433084729949
AG-R,854.1667,a75_a50_an,-0.2182053488192547
AG-R,854.1667,a75_an_ba,-0.11922101797195522
AG-R,855,a50_an_ba,0.09426596725531286
AG-R,855,a75_a50_an,-0.2122953925718483
AG-R,855,a75_an_ba,-0.11802942531653542
AG-R,855.8333,a50_an_ba,0.08863290455377922
AG-R,855.8333,a75_a50_an,-0.2058532711868103
AG-R,855.8333,a75_an_ba,-0.11722036663303109
AG-R,856.6667,a50_an_ba,0.08213288088717047
AG-R,856.6667,a75_a50_an,-0.1989771729379106
AG-R,856.6667,a75_an_ba,-0.11684429205074011
AG-R,857.5,a50_an_ba,0.07482413727861698
AG-R,857.5,a75_a50_an,-0.19176989514603054
AG-R,857.5,a75_an_ba,-0.11694575786741358
AG-R,858.3333,a50_an_ba,0.06677484546370975
AG-R,858.3333,a75_a50_an,-0.18433709600574694
AG-R,858.3333,a75_an_ba,-0.11756225054203719
AG-R,859.1667,a50_an_ba,0.05806237813286831
AG-R,859.1667,a75_a50_an,-0.17678551517437985
AG-R,859.1667,a75_an_ba,-0.11872313704151154
AG-R,860,a50_an_ba,0.04877243075450111
AG-R,860,a75_a50_an,-0.16922119585698966
AG-R,860,a75_an_ba,-0.12044876510248856
AG-R,860.8333,a50_an_ba,0.038998006942465524
AG-R,860.8333,a75_a50_an,-0.1617477407471166
AG-R,860.8333,a75_an_ba,-0.12274973380465105
AG-R,861.6667,a50_an_ba,0.02883828191458705
AG-R,861.6667,a75_a50_an,-0.15446463317052067
AG-R,861.6667,a75_an_ba,-0.12562635125593363
AG-R,862.5,a50_an_ba,0.018397360910498168
AG-R,862.5,a75_a50_an,-0.14746565315464652
AG-R,862.5,a75_an_ba,-0.12906829224414834
AG-R,863.3333,a50_an_ba,0.007782951449458533
AG-R,863.3333,a75_a50_an,-0.1408374159497638
AG-R,863.3333,a75_an_ba,-0.13305446450030525
AG-R,864.1667,a50_an_ba,-0.00289503002911291
AG-R,864.1667,a75_a50_an,-0.13465805781013918
AG-R,864.1667,a75_an_ba,-0.13755308783925208
AG-R,865,a50_an_ba,-0.013525895321069644
AG-R,865,a75_a50_an,-0.12899609066720072
AG-R,865,a75_an_ba,-0.14252198598827037
AG-R,865.8333,a50_an_ba,-0.023999642717736556
AG-R,865.8333,a75_a50_an,-0.12390944376264657
AG-R,865.8333,a75_an_ba,-0.14790908648038312
AG-R,866.6667,a50_an_ba,-0.034208413234697956
AG-R,866.6667,a75_a50_an,-0.11944470643646567
AG-R,866.6667,a75_an_ba,-0.15365311967116363
AG-R,867.5,a50_an_ba,-0.04404792166016162
AG-R,867.5,a75_a50_an,-0.1156365821673422
AG-R,867.5,a75_an_ba,-0.15968450382750382
AG-R,868.3333,a50_an_ba,-0.05341883969150101
AG-R,868.3333,a75_a50_an,-0.11250755972899615
AG-R,868.3333,a75_an_ba,-0.16592639942049717
AG-R,869.1667,a50_an_ba,-0.06222810926540548
AG-R,869.1667,a75_a50_an,-0.11006780304596447
AG-R,869.1667,a75_an_ba,-0.17229591231136995
AG-R,870,a50_an_ba,-0.07039016542398722
AG-R,870,a75_a50_an,-0.10831525709591561
AG-R,870,a75_an_ba,-0.17870542251990285
AG-R,870.8333,a50_an_ba,-0.07782804966818374
AG-R,870.8333,a75_a50_an,-0.10723596310079007
AG-R,870.8333,a75_an_ba,-0.18506401276897383
AG-R,871.6667,a50_an_ba,-0.08447439669599313
AG-R,871.6667,a75_a50_an,-0.10680457235967838
AG-R,871.6667,a75_an_ba,-0.19127896905567152
AG-R,872.5,a50_an_ba,-0.09027227966472179
AG-R,872.5,a75_a50_an,-0.10698504448046109
AG-R,872.5,a75_an_ba,-0.19725732414518288
AG-R,873.3333,a50_an_ba,-0.0951759016063166
AG-R,873.3333,a75_a50_an,-0.10773151253527573
AG-R,873.3333,a75_an_ba,-0.20290741414159233
AG-R,874.1667,a50_an_ba,-0.09915112331143802
AG-R,874.1667,a75_a50_an,-0.10898929485864231
AG-R,874.1667,a75_an_ba,-0.20814041817008033
AG-R,875,a50_an_ba,-0.10217582082607833
AG-R,875,a75_a50_an,-0.11069603087781711
AG-R,875,a75_an_ba,-0.21287185170389544
AG-R,875.8333,a50_an_ba,-0.10424006861768638
AG-R,875.8333,a75_a50_an,-0.11278291655291565
AG-R,875.8333,a75_an_ba,-0.21702298517060203
AG-R,876.6667,a50_an_ba,-0.10534614740794267
AG-R,876.6667,a75_a50_an,-0.11517601373778165
AG-R,876.6667,a75_an_ba,-0.22052216114572432
AG-R,877.5,a50_an_ba,-0.10550837857975004
AG-R,877.5,a75_a50_an,-0.1177976070671609
AG-R,877.5,a75_an_ba,-0.22330598564691095
AG-R,878.3333,a50_an_ba,-0.10475278989119369
AG-R,878.3333,a75_a50_an,-0.12056758183476812
AG-R,878.3333,a75_an_ba,-0.2253203717259618
AG-R,879.1667,a50_an_ba,-0.10311661991688144
AG-R,879.1667,a75_a50_an,-0.12340479674067951
AG-R,879.1667,a75_an_ba,-0.22652141665756093
AG-R,880,a50_an_ba,-0.10064767113894772
AG-R,880,a75_a50_an,-0.12622842633389958
AG-R,880,a75_an_ba,-0.22687609747284732
AG-R,880.8333,a50_an_ba,-0.09740352388251611
AG-R,880.8333,a75_a50_an,-0.12895924942366566
AG-R,880.8333,a75_an_ba,-0.22636277330618176
AG-R,881.6667,a50_an_ba,-0.093450625296351425
AG-R,881.6667,a75_a50_an,-0.13152086163766002
AG-R,881.6667,a75_an_ba,-0.22497148693401145
AG-R,882.5,a50_an_ba,-0.08886326928732556
AG-R,882.5,a75_a50_an,-0.13384079261378054
AG-R,882.5,a75_an_ba,-0.22270406190110612
AG-R,883.3333,a50_an_ba,-0.08372248470354834
AG-R,883.3333,a75_a50_an,-0.13585151096331496
AG-R,883.3333,a75_an_ba,-0.2195739956668633
AG-R,884.1667,a50_an_ba,-0.0781148501083279
AG-R,884.1667,a75_a50_an,-0.13749130306990578
AG-R,884.1667,a75_an_ba,-0.2156061531782337
AG-R,885,a50_an_ba,-0.07213125418673245
AG-R,885,a75_a50_an,-0.13870501491781675
AG-R,885,a75_an_ba,-0.21083626910454922
AG-R,885.8333,a50_an_ba,-0.06586562117619636
AG-R,885.8333,a75_a50_an,-0.13944464939941495
AG-R,885.8333,a75_an_ba,-0.2053102705756113
AG-R,886.6667,a50_an_ba,-0.05941362071806895
AG-R,886.6667,a75_a50_an,-0.13966981485828522
AG-R,886.6667,a75_an_ba,-0.19908343557635416
AG-R,887.5,a50_an_ba,-0.05287138120043674
AG-R,887.5,a75_a50_an,-0.13934802390464096
AG-R,887.5,a75_an_ba,-0.1922194051050777
AG-R,888.3333,a50_an_ba,-0.04633422502277062
AG-R,888.3333,a75_a50_an,-0.13845484471956643
AG-R,888.3333,a75_an_ba,-0.18478906974233705
AG-R,889.1667,a50_an_ba,-0.03989544328435436
AG-R,889.1667,a75_a50_an,-0.13697391007361429
AG-R,889.1667,a75_an_ba,-0.17686935335796863
AG-R,890,a50_an_ba,-0.0336451262106109
AG-R,890,a75_a50_an,-0.13489679205906127
AG-R,890,a75_an_ba,-0.16854191826967216
AG-R,890.8333,a50_an_ba,-0.027669064217776283
AG-R,890.8333,a75_a50_an,-0.1322227530156354
AG-R,890.8333,a75_an_ba,-0.1598918172334117
AG-R,891.6667,a50_an_ba,-0.022047732913853563
AG-R,891.6667,a75_a50_an,-0.1289583852675584
AG-R,891.6667,a75_an_ba,-0.15100611818141196
AG-R,892.5,a50_an_ba,-0.016855373581184753
AG-R,892.5,a75_a50_an,-0.12511715404494506
AG-R,892.5,a75_an_ba,-0.1419725276261298
AG-R,893.3333,a50_an_ba,-0.012159178823719282
AG-R,893.3333,a75_a50_an,-0.12071885930500767
AG-R,893.3333,a75_an_ba,-0.13287803812872695
AG-R,894.1667,a50_an_ba,-0.00801859113049141
AG-R,894.1667,a75_a50_an,-0.11578903307859889
AG-R,894.1667,a75_an_ba,-0.12380762420909029
AG-R,895,a50_an_ba,-0.004484720145751449
AG-R,895,a75_a50_an,-0.11035828943692133
AG-R,895,a75_an_ba,-0.11484300958267278
AG-R,895.8333,a50_an_ba,-0.0015998824837639314
AG-R,895.8333,a75_a50_an,-0.10446164420425817
AG-R,895.8333,a75_an_ba,-0.1060615266880221
AG-R,896.6667,a50_an_ba,6.027339818294044e-4
AG-R,896.6667,a75_a50_an,-0.09813782114850322
AG-R,896.6667,a75_an_ba,-0.09753508716667382
AG-R,897.5,a50_an_ba,0.0020992812553676725
AG-R,897.5,a75_a50_an,-0.09142856058557187
AG-R,897.5,a75_an_ba,-0.0893292793302042
AG-R,898.3333,a50_an_ba,0.002875339410090608
AG-R,898.3333,a75_a50_an,-0.08437794516939714
AG-R,898.3333,a75_an_ba,-0.08150260575930654
AG-R,899.1667,a50_an_ba,0.002925885054886752
AG-R,899.1667,a75_a50_an,-0.07703175614770522
AG-R,899.1667,a75_an_ba,-0.07410587109281846
AG-R,900,a50_an_ba,0.002255144744493666
AG-R,900,a75_a50_an,-0.06943687159391616
AG-R,900,a75_an_ba,-0.0671817268494225
AG-R,900.8332999999999,a50_an_ba,8.763392812152785e-4
AG-R,900.8332999999999,a75_a50_an,-0.06164071613232379
AG-R,900.8332999999999,a75_an_ba,-0.06076437685110851
AG-R,901.6667,a50_an_ba,-0.001188674038547359
AG-R,901.6667,a75_a50_an,-0.05369076951664934
AG-R,901.6667,a75_an_ba,-0.0548794435551967
AG-R,902.5,a50_an_ba,-0.003909853254619546
AG-R,902.5,a75_a50_an,-0.045634139163662046
AG-R,902.5,a75_an_ba,-0.0495439924182816
AG-R,903.3333,a50_an_ba,-0.007249508927785538
AG-R,903.3333,a75_a50_an,-0.03751719944776242
AG-R,903.3333,a75_an_ba,-0.044766708375547956
AG-R,904.1667,a50_an_ba,-0.01116291738931778
AG-R,904.1667,a75_a50_an,-0.029385298292916032
AG-R,904.1667,a75_an_ba,-0.04054821568223382
AG-R,905,a50_an_ba,-0.015599000367840773
AG-R,905,a75_a50_an,-0.02128252941690746
AG-R,905,a75_an_ba,-0.03688152978474824
AG-R,905.8333,a50_an_ba,-0.020501061066213872
AG-R,905.8333,a75_a50_an,-0.01325156654801543
AG-R,905.8333,a75_an_ba,-0.03375262761422929
AG-R,906.6667,a50_an_ba,-0.025807566665423973
AG-R,906.6667,a75_a50_an,-0.005333554099361118
AG-R,906.6667,a75_an_ba,-0.031141120764785094
AG-R,907.5,a50_an_ba,-0.03145296726459341
AG-R,907.5,a75_a50_an,0.0024319528012687504
AG-R,907.5,a75_an_ba,-0.02902101446332465
AG-R,908.3333,a50_an_ba,-0.037368541408715726
AG-R,908.3333,a75_a50_an,0.010007007328474192
AG-R,908.3333,a75_an_ba,-0.027361534080241542
AG-R,909.1667,a50_an_ba,-0.04348325858994121
AG-R,909.1667,a75_a50_an,0.017355258406676195
AG-R,909.1667,a75_an_ba,-0.026128000183265016
AG-R,910,a50_an_ba,-0.04972464941588621
AG-R,910,a75_a50_an,0.02444191661111454
AG-R,910,a75_an_ba,-0.025282732804771668
AG-R,910.8333,a50_an_ba,-0.05601967450143034
AG-R,910.8333,a75_a50_an,0.03123370883077627
AG-R,910.8333,a75_an_ba,-0.02478596567065407
AG-R,911.6667000000001,a50_an_ba,-0.06229558354211693
AG-R,911.6667000000001,a75_a50_an,0.037698831929212966
AG-R,911.6667000000001,a75_an_ba,-0.024596751612903964
AG-R,912.5,a50_an_ba,-0.06848075645259744
AG-R,912.5,a75_a50_an,0.04380691521604285
AG-R,912.5,a75_an_ba,-0.024673841236554573
AG-R,913.3333,a50_an_ba,-0.07450551888969456
AG-R,913.3333,a75_a50_an,0.049529000784282386
AG-R,913.3333,a75_an_ba,-0.024976518105412165
AG-R,914.1667,a50_an_ba,-0.08030292491643697
AG-R,914.1667,a75_a50_an,0.054837549702260756
AG-R,914.1667,a75_an_ba,-0.0254653752141762
AG-R,915,a50_an_ba,-0.08580949999335492
AG-R,915,a75_a50_an,0.05970648070754029
AG-R,915,a75_an_ba,-0.026103019285814648
AG-R,915.8333,a50_an_ba,-0.09096593790201744
AG-R,915.8333,a75_a50_an,0.06411124647570739
AG-R,915.8333,a75_an_ba,-0.026854691426310053
AG-R,916.6667,a50_an_ba,-0.095717745611777
AG-R,916.6667,a75_a50_an,0.068028950776881
AG-R,916.6667,a75_an_ba,-0.027688794834895985
AG-R,917.5,a50_an_ba,-0.10001583049543157
AG-R,917.5,a75_a50_an,0.07143850794045022
AG-R,917.5,a75_an_ba,-0.028577322554981372
AG-R,918.3333,a50_an_ba,-0.10381702468712099
AG-R,918.3333,a75_a50_an,0.07432084408057857
AG-R,918.3333,a75_an_ba,-0.02949618060654243
AG-R,919.1667,a50_an_ba,-0.10708454176290207
AG-R,919.1667,a75_a50_an,0.07665913755044848
AG-R,919.1667,a75_an_ba,-0.030425404212453586
AG-R,920,a50_an_ba,-0.10978836131949334
AG-R,920,a75_a50_an,0.07843909415159038
AG-R,920,a75_an_ba,-0.03134926716790295
AG-R,920.8333,a50_an_ba,-0.11190553743981907
AG-R,920.8333,a75_a50_an,0.0796492507846846
AG-R,920.8333,a75_an_ba,-0.032256286655134477
AG-R,921.6667,a50_an_ba,-0.11342042747614635
AG-R,921.6667,a75_a50_an,0.08028129954621663
AG-R,921.6667,a75_an_ba,-0.033139127929929714
AG-R,922.5,a50_an_ba,-0.114324838064081
AG-R,922.5,a75_a50_an,0.08033042280339979
AG-R,922.5,a75_an_ba,-0.033994415260681206
AG-R,923.3333,a50_an_ba,-0.11461808581471444
AG-R,923.3333,a75_a50_an,0.07979562856489858
AG-R,923.3333,a75_an_ba,-0.034822457249815864
AG-R,924.1667,a50_an_ba,-0.11430697072775325
AG-R,924.1667,a75_a50_an,0.07868007454725696
AG-R,924.1667,a75_an_ba,-0.03562689618049629
AG-R,925,a50_an_ba,-0.11340566103431247
AG-R,925,a75_a50_an,0.07699136874907389
AG-R,925,a75_an_ba,-0.0364142922852386
AG-R,925.8333,a50_an_ba,-0.11193548892068367
AG-R,925.8333,a75_a50_an,0.07474183411083452
AG-R,925.8333,a75_an_ba,-0.037193654809849146
AG-R,926.6667,a50_an_ba,-0.10992465740770256
AG-R,926.6667,a75_a50_an,0.07194872497249608
AG-R,926.6667,a75_an_ba,-0.03797593243520649
AG-R,927.5,a50_an_ba,-0.10740785956522711
AG-R,927.5,a75_a50_an,0.06863438354815629
AG-R,927.5,a75_an_ba,-0.03877347601707081
AG-R,928.3333,a50_an_ba,-0.10442581222499658
AG-R,928.3333,a75_a50_an,0.06482632551243969
AG-R,928.3333,a75_an_ba,-0.03959948671255689
AG-R,929.1667,a50_an_ba,-0.10102470741158752
AG-R,929.1667,a75_a50_an,0.06055724502134868
AG-R,929.1667,a75_an_ba,-0.04046746239023883
AG-R,930,a50_an_ba,-0.09725558583007829
AG-R,930,a75_a50_an,0.05586493104667731
AG-R,930,a75_an_ba,-0.04139065478340099
AG-R,930.8333,a50_an_ba,-0.09317363791662639
AG-R,930.8333,a75_a50_an,0.050792088753850904
AG-R,930.8333,a75_an_ba,-0.0423815491627755
AG-R,931.6667,a50_an_ba,-0.08883743915649125
AG-R,931.6667,a75_a50_an,0.045386061755950245
AG-R,931.6667,a75_an_ba,-0.04345137740054101
AG-R,932.5,a50_an_ba,-0.08430812758248805
AG-R,932.5,a75_a50_an,0.03969845338261892
AG-R,932.5,a75_an_ba,-0.04460967419986914
AG-R,933.3333,a50_an_ba,-0.07964853256068968
AG-R,933.3333,a75_a50_an,0.03378464755546677
AG-R,933.3333,a75_an_ba,-0.04586388500522292
AG-R,934.1667,a50_an_ba,-0.07492226512328351
AG-R,934.1667,a75_a50_an,0.027703232401546603
AG-R,934.1667,a75_an_ba,-0.04721903272173691
AG-R,935,a50_an_ba,-0.07019278119170098
AG-R,935,a75_a50_an,0.021515332299393047
AG-R,935,a75_an_ba,-0.04867744889230794
AG-R,935.8333,a50_an_ba,-0.06552243001688769
AG-R,935.8333,a75_a50_an,0.015283856572737951
AG-R,935.8333,a75_an_ba,-0.05023857344414974
AG-R,936.6667,a50_an_ba,-0.0609715010173938
AG-R,936.6667,a75_a50_an,0.009072675459641612
AG-R,936.6667,a75_an_ba,-0.05189882555775219
AG-R,937.5,a50_an_ba,-0.056597282889890924
AG-R,937.5,a75_a50_an,0.002945736225270954
AG-R,937.5,a75_an_ba,-0.053651546664619965
AG-R,938.3333,a50_an_ba,-0.05245314937230632
AG-R,938.3333,a75_a50_an,-0.003033865705885683
AG-R,938.3333,a75_an_ba,-0.055487015078192016
AG-R,939.1667,a50_an_ba,-0.048587686330235816
AG-R,939.1667,a75_a50_an,-0.008804844004423096
AG-R,939.1667,a75_an_ba,-0.057392530334658916
AG-R,940,a50_an_ba,-0.04504387488959683
AG-R,940,a75_a50_an,-0.01430868910426719
AG-R,940,a75_an_ba,-0.05935256399386402
AG-R,940.8333,a50_an_ba,-0.0418583451329012
AG-R,940.8333,a75_a50_an,-0.019490627315190637
AG-R,940.8333,a75_an_ba,-0.061348972448091836
AG-R,941.6667,a50_an_ba,-0.03906071439838749
AG-R,941.6667,a75_a50_an,-0.024300551829257517
AG-R,941.6667,a75_an_ba,-0.06336126622764501
AG-R,942.5,a50_an_ba,-0.03667302346113926
AG-R,942.5,a75_a50_an,-0.028693905930504127
AG-R,942.5,a75_an_ba,-0.06536692939164337
AG-R,943.3333,a50_an_ba,-0.03470928282978462
AG-R,943.3333,a75_a50_an,-0.03263249903133931
AG-R,943.3333,a75_an_ba,-0.06734178186112393
AG-R,944.1667,a50_an_ba,-0.033175140064389104
AG-R,944.1667,a75_a50_an,-0.036085236931240654
AG-R,944.1667,a75_an_ba,-0.06926037699562976
AG-R,945,a50_an_ba,-0.032067677420524895
AG-R,945,a75_a50_an,-0.03902874891551731
AG-R,945,a75_an_ba,-0.07109642633604221
AG-R,945.8333,a50_an_ba,-0.03137534726764703
AG-R,945.8333,a75_a50_an,-0.04144789596569694
AG-R,945.8333,a75_an_ba,-0.07282324323334396
AG-R,946.6667,a50_an_ba,-0.03107805064034751
AG-R,946.6667,a75_a50_an,-0.043336146409027616
AG-R,946.6667,a75_an_ba,-0.07441419704937513
AG-R,947.5,a50_an_ba,-0.031147361988823383
AG-R,947.5,a75_a50_an,-0.04469580775328301
AG-R,947.5,a75_an_ba,-0.0758431697421064
AG-R,948.3333,a50_an_ba,-0.031546900736134725
AG-R,948.3333,a75_a50_an,-0.04553810618579937
AG-R,948.3333,a75_an_ba,-0.0770850069219341
AG-R,949.1667,a50_an_ba,-0.032232847666656676
AG-R,949.1667,a75_a50_an,-0.045883108205483164
AG-R,949.1667,a75_an_ba,-0.07811595587213983
AG-R,950,a50_an_ba,-0.0331546015093544
AG-R,950,a75_a50_an,-0.04575948203944555
AG-R,950,a75_an_ba,-0.07891408354879995
AG-R,950.8333,a50_an_ba,-0.03425556839202338
AG-R,950.8333,a75_a50_an,-0.04520409980243379
AG-R,950.8333,a75_an_ba,-0.07945966819445717
AG-R,951.6667,a50_an_ba,-0.03547407418271505
AG-R,951.6667,a75_a50_an,-0.04426148471383071
AG-R,951.6667,a75_an_ba,-0.07973555889654577
AG-R,952.5,a50_an_ba,-0.03674438715781779
AG-R,952.5,a75_a50_an,-0.04298311101792173
AG-R,952.5,a75_an_ba,-0.07972749817573951
AG-R,953.3333,a50_an_ba,-0.03799783599967744
AG-R,953.3333,a75_a50_an,-0.041426567481970385
AG-R,953.3333,a75_an_ba,-0.07942440348164782
AG-R,954.1667,a50_an_ba,-0.03916400588586719
AG-R,954.1667,a75_a50_an,-0.039654598398466016
AG-R,954.1667,a75_an_ba,-0.07881860428433321
AG-R,955,a50_an_ba,-0.04017199344178758
AG-R,955,a75_a50_an,-0.037734038820513474
AG-R,955,a75_an_ba,-0.07790603226230104
AG-R,955.8333,a50_an_ba,-0.040951699638719884
AG-R,955.8333,a75_a50_an,-0.035734663245592845
AG-R,955.8333,a75_an_ba,-0.07668636288431273
AG-R,956.6667,a50_an_ba,-0.04143513837733836
AG-R,956.6667,a75_a50_an,-0.03372796907174671
AG-R,956.6667,a75_an_ba,-0.07516310744908507
AG-R,957.5,a50_an_ba,-0.041557737542387695
AG-R,957.5,a75_a50_an,-0.03178591782887177
AG-R,957.5,a75_an_ba,-0.07334365537125946
AG-R,958.3333,a50_an_ba,-0.04125960878167191
AG-R,958.3333,a75_a50_an,-0.02997965839201461
AG-R,958.3333,a75_an_ba,-0.07123926717368652
AG-R,959.1667,a50_an_ba,-0.04048676217706962
AG-R,959.1667,a75_a50_an,-0.028378257080240905
AG-R,959.1667,a75_an_ba,-0.06886501925731052
AG-R,960,a50_an_ba,-0.03919224235427366
AG-R,960,a75_a50_an,-0.027047459711127684
AG-R,960,a75_an_ba,-0.06623970206540133
AG-R,960.8333,a50_an_ba,-0.03733716342869129
AG-R,960.8333,a75_a50_an,-0.026048510306856915
AG-R,960.8333,a75_an_ba,-0.06338567373554821
AG-R,961.6667,a50_an_ba,-0.03489162150497316
AG-R,961.6667,a75_a50_an,-0.0254370502349599
AG-R,961.6667,a75_an_ba,-0.06032867173993305
AG-R,962.5,a50_an_ba,-0.03183546522452723
AG-R,962.5,a75_a50_an,-0.0252621201287838
AG-R,962.5,a75_an_ba,-0.057097585353311026
AG-R,963.3332999999999,a50_an_ba,-0.028158907066010427
AG-R,963.3332999999999,a75_a50_an,-0.025565284995990416
AG-R,963.3332999999999,a75_an_ba,-0.053724192062000846
AG-R,964.1667,a50_an_ba,-0.023862960715486953
AG-R,964.1667,a75_a50_an,-0.02637990052519986
AG-R,964.1667,a75_an_ba,-0.050242861240686804
AG-R,965,a50_an_ba,-0.018959692793137178
AG-R,965,a75_a50_an,-0.027730535789882764
AG-R,965,a75_an_ba,-0.04669022858301995
AG-R,965.8333,a50_an_ba,-0.013472280500656934
AG-R,965.8333,a75_a50_an,-0.029632564383019793
AG-R,965.8333,a75_an_ba,-0.043104844883676725
AG-R,966.6667,a50_an_ba,-0.007434870278493181
AG-R,966.6667,a75_a50_an,-0.0320919325626061
AG-R,966.6667,a75_an_ba,-0.03952680284109928
AG-R,967.5,a50_an_ba,-8.92236268370806e-4
AG-R,967.5,a75_a50_an,-0.03510510932089102
AG-R,967.5,a75_an_ba,-0.03599734558926182
AG-R,968.3333,a50_an_ba,0.006100758807806823
AG-R,968.3333,a75_a50_an,-0.03865921948863063
AG-R,968.3333,a75_an_ba,-0.032558460680823804
AG-R,969.1667,a50_an_ba,0.013479893892644665
AG-R,969.1667,a75_a50_an,-0.042732357132795516
AG-R,969.1667,a75_an_ba,-0.029252463240150857
AG-R,970,a50_an_ba,0.02117250069825519
AG-R,970,a75_a50_an,-0.04729407268710934
AG-R,970,a75_an_ba,-0.026121571988854148
AG-R,970.8333,a50_an_ba,0.029098541730234243
AG-R,970.8333,a75_a50_an,-0.05230602355449751
AG-R,970.8333,a75_an_ba,-0.023207481824263274
AG-R,971.6667,a50_an_ba,0.03717183781533698
AG-R,971.6667,a75_a50_an,-0.057722774421821284
AG-R,971.6667,a75_an_ba,-0.020550936606484313
AG-R,972.5,a50_an_ba,0.045301424524207615
AG-R,972.5,a75_a50_an,-0.06349273030935303
AG-R,972.5,a75_an_ba,-0.018191305785145415
AG-R,973.3333,a50_an_ba,0.053393014039499365
AG-R,973.3333,a75_a50_an,-0.06955918251347779
AG-R,973.3333,a75_an_ba,-0.01616616847397842
AG-R,974.1667000000001,a50_an_ba,0.061350536597270695
AG-R,974.1667000000001,a75_a50_an,-0.07586144515709817
AG-R,974.1667000000001,a75_an_ba,-0.014510908559827479
AG-R,975,a50_an_ba,0.06907773368402331
AG-R,975,a75_a50_an,-0.08233605809494206
AG-R,975,a75_an_ba,-0.013258324410918758
AG-R,975.8333,a50_an_ba,0.07647977375263262
AG-R,975.8333,a75_a50_an,-0.08891803047713052
AG-R,975.8333,a75_an_ba,-0.012438256724497897
AG-R,976.6667,a50_an_ba,0.08346486036682225
AG-R,976.6667,a75_a50_an,-0.09554209838899247
AG-R,976.6667,a75_an_ba,-0.012077238022170207
AG-R,977.5,a50_an_ba,0.08994580242368011
AG-R,977.5,a75_a50_an,-0.10214396968099206
AG-R,977.5,a75_an_ba,-0.01219816725731194
AG-R,978.3333,a50_an_ba,0.0958415164525385
AG-R,978.3333,a75_a50_an,-0.10866152938976524
AG-R,978.3333,a75_an_ba,-0.012820012937226758
AG-R,979.1667,a50_an_ba,0.10107843194930101
AG-R,979.1667,a75_a50_an,-0.11503598002615065
AG-R,979.1667,a75_an_ba,-0.013957548076849633
AG-R,980,a50_an_ba,0.10559177226787712
AG-R,980,a75_a50_an,-0.12121289245231083
AG-R,980,a75_an_ba,-0.015621120184433703
AG-R,980.8333,a50_an_ba,0.10932668573152247
AG-R,980.8333,a75_a50_an,-0.12714314505804175
AG-R,980.8333,a75_an_ba,-0.017816459326519252
AG-R,981.6667,a50_an_ba,0.11223920431064487
AG-R,981.6667,a75_a50_an,-0.1327837314342927
AG-R,981.6667,a75_an_ba,-0.020544527123647845
AG-R,982.5,a50_an_ba,0.11429701039192527
AG-R,982.5,a75_a50_an,-0.13809841967663108
AG-R,982.5,a75_an_ba,-0.023801409284705827
AG-R,983.3333,a50_an_ba,0.11547999577668767
AG-R,983.3333,a75_a50_an,-0.1430582497691097
AG-R,983.3333,a75_an_ba,-0.027578253992422013
AG-R,984.1667,a50_an_ba,0.11578060102489281
AG-R,984.1667,a75_a50_an,-0.14764185912734526
AG-R,984.1667,a75_an_ba,-0.03186125810245247
AG-R,985,a50_an_ba,0.11520392752605933
AG-R,985,a75_a50_an,-0.1518356302386416
AG-R,985,a75_an_ba,-0.03663170271258227
AG-R,985.8333,a50_an_ba,0.11376761914400745
AG-R,985.8333,a75_a50_an,-0.1556336583412441
AG-R,985.8333,a75_an_ba,-0.04186603919723665
AG-R,986.6667,a50_an_ba,0.11150151485741125
AG-R,986.6667,a75_a50_an,-0.1590375411451309
AG-R,986.6667,a75_an_ba,-0.04753602628771967
AG-R,987.5,a50_an_ba,0.10844707840731216
AG-R,987.5,a75_a50_an,-0.16205599662229736
AG-R,987.5,a75_an_ba,-0.0536089182149852
AG-R,988.3333,a50_an_ba,0.104656615469995
AG-R,988.3333,a75_a50_an,-0.1647043187947886
AG-R,988.3333,a75_an_ba,-0.06004770332479361
AG-R,989.1667,a50_an_ba,0.1001922932025523
AG-R,989.1667,a75_a50_an,-0.16700368513560523
AG-R,989.1667,a75_an_ba,-0.06681139193305294
AG-R,990,a50_an_ba,0.09512498106592383
AG-R,990,a75_a50_an,-0.1689803325873922
AG-R,990,a75_an_ba,-0.07385535152146837
AG-R,990.8333,a50_an_ba,0.08953293552760629
AG-R,990.8333,a75_a50_an,-0.1706646222189998
AG-R,990.8333,a75_an_ba,-0.0811316866913935
AG-R,991.6667,a50_an_ba,0.08350035450154772
AG-R,991.6667,a75_a50_an,-0.1720900151112794
AG-R,991.6667,a75_an_ba,-0.08858966060973165
AG-R,992.5,a50_an_ba,0.07711583012289158
AG-R,992.5,a75_a50_an,-0.1732919841309483
AG-R,992.5,a75_an_ba,-0.09617615400805671
AG-R,993.3333,a50_an_ba,0.07047073061710396
AG-R,993.3333,a75_a50_an,-0.17430688776657932
AG-R,993.3333,a75_an_ba,-0.10383615714947536
AG-R,994.1667,a50_an_ba,0.06365754355555986
AG-R,994.1667,a75_a50_an,-0.17517083312700035
AG-R,994.1667,a75_an_ba,-0.1115132895714405
AG-R,995,a50_an_ba,0.05676821365477035
AG-R,995,a75_a50_an,-0.17591855551632699
AG-R,995,a75_an_ba,-0.11915034186155662
AG-R,995.8333,a50_an_ba,0.049892508450196146
AG-R,995.8333,a75_a50_an,-0.17658234169168194
AG-R,995.8333,a75_an_ba,-0.1266898332414858
AG-R,996.6667,a50_an_ba,0.04311644464857785
AG-R,996.6667,a75_a50_an,-0.17719102298347175
AG-R,996.6667,a75_an_ba,-0.1340745783348939
AG-R,997.5,a50_an_ba,0.03652080674106898
AG-R,997.5,a75_a50_an,-0.17776906293192626
AG-R,997.5,a75_an_ba,-0.14124825619085726
AG-R,998.3333,a50_an_ba,0.030179787563793817
AG-R,998.3333,a75_a50_an,-0.1783357619990355
AG-R,998.3333,a75_an_ba,-0.14815597443524167
AG-R,999.1667,a50_an_ba,0.02415977795899777
AG-R,999.1667,a75_a50_an,-0.17890459929655728
AG-R,999.1667,a75_an_ba,-0.1547448213375595
AG-R,1000,a50_an_ba,0.018518329568322184
AG-R,1000,a75_a50_an,-0.1794827281846137
AG-R,1000,a75_an_ba,-0.1609643986162915
AG-R,1000.8333,a50_an_ba,0.013303311143482268
AG-R,1000.8333,a75_a50_an,-0.18007063910906176
AG-R,1000.8333,a75_an_ba,-0.1667673279655795
AG-R,1001.6666999999999,a50_an_ba,0.00855227466372665
AG-R,1001.6666999999999,a75_a50_an,-0.18066199923534548
AG-R,1001.6666999999999,a75_an_ba,-0.17210972457161883
AG-R,1002.5,a50_an_ba,0.004292043089688628
AG-R,1002.5,a75_a50_an,-0.1812436743862299
AG-R,1002.5,a75_an_ba,-0.17695163129654126
AG-R,1003.3333,a50_an_ba,5.385268537483831e-4
AG-R,1003.3333,a75_a50_an,-0.18179593459039967
AG-R,1003.3333,a75_an_ba,-0.18125740773665128
AG-R,1004.1667000000001,a50_an_ba,-0.0027032287112275437
AG-R,1004.1667000000001,a75_a50_an,-0.18229284029182288
AG-R,1004.1667000000001,a75_an_ba,-0.18499606900305046
AG-R,1004.9999999999999,a50_an_ba,-0.005438767764602638
AG-R,1004.9999999999999,a75_a50_an,-0.18270280205152484
AG-R,1004.9999999999999,a75_an_ba,-0.18814156981612748
AG-R,1005.8332999999999,a50_an_ba,-0.007683727849500932
AG-R,1005.8332999999999,a75_a50_an,-0.18298930248864495
AG-R,1005.8332999999999,a75_an_ba,-0.1906730303381459
AG-R,1006.6667,a50_an_ba,-0.009463135726611699
AG-R,1006.6667,a75_a50_an,-0.18311176534879486
AG-R,1006.6667,a75_an_ba,-0.19257490107540656
AG-R,1007.5000000000001,a50_an_ba,-0.010810512103452758
AG-R,1007.5000000000001,a75_a50_an,-0.18302655304240686
AG-R,1007.5000000000001,a75_an_ba,-0.19383706514585963
AG-R,1008.3333000000001,a50_an_ba,-0.011766806365684805
AG-R,1008.3333000000001,a75_a50_an,-0.18268807084522223
AG-R,1008.3333000000001,a75_an_ba,-0.19445487721090704
AG-R,1009.1667,a50_an_ba,-0.012379186121350291
AG-R,1009.1667,a75_a50_an,-0.1820499532699614
AG-R,1009.1667,a75_an_ba,-0.19442913939131168
AG-R,1010,a50_an_ba,-0.01269970954044614
AG-R,1010,a75_a50_an,-0.18106630596518475
AG-R,1010,a75_an_ba,-0.1937660155056309
AG-R,1010.8333,a50_an_ba,-0.012783911038451149
AG-R,1010.8333,a75_a50_an,-0.17969297492575112
AG-R,1010.8333,a75_an_ba,-0.19247688596420226
AG-R,1011.6666999999999,a50_an_ba,-0.012689332753884229
AG-R,1011.6666999999999,a75_a50_an,-0.17788881384741878
AG-R,1011.6666999999999,a75_an_ba,-0.190578146601303
AG-R,1012.5,a50_an_ba,-0.012474035461014088
AG-R,1012.5,a75_a50_an,-0.1756169201511975
AG-R,1012.5,a75_an_ba,-0.1880909556122116
AG-R,1013.3333,a50_an_ba,-0.01219512300972184
AG-R,1013.3333,a75_a50_an,-0.17284581055163595
AG-R,1013.3333,a75_an_ba,-0.1850409335613578
AG-R,1014.1667000000001,a50_an_ba,-0.01190731408102857
AG-R,1014.1667000000001,a75_a50_an,-0.1695505080438892
AG-R,1014.1667000000001,a75_an_ba,-0.18145782212491776
AG-R,1014.9999999999999,a50_an_ba,-0.011661593991983486
AG-R,1014.9999999999999,a75_a50_an,-0.16571351381877425
AG-R,1014.9999999999999,a75_an_ba,-0.17737510781075774
AG-R,1015.8332999999999,a50_an_ba,-0.011503977496287664
AG-R,1015.8332999999999,a75_a50_an,-0.1613256398512715
AG-R,1015.8332999999999,a75_an_ba,-0.17282961734755914
AG-R,1016.6667,a50_an_ba,-0.011474411043242996
AG-R,1016.6667,a75_a50_an,-0.1563866807001319
AG-R,1016.6667,a75_an_ba,-0.1678610917433749
AG-R,1017.5000000000001,a50_an_ba,-0.01160583982825532
AG-R,1017.5000000000001,a75_a50_an,-0.15090590634661552
AG-R,1017.5000000000001,a75_an_ba,-0.16251174617487082
AG-R,1018.3333000000001,a50_an_ba,-0.0119234612591332
AG-R,1018.3333000000001,a75_a50_an,-0.1449023616195599
AG-R,1018.3333000000001,a75_an_ba,-0.1568258228786931
AG-R,1019.1667,a50_an_ba,-0.012444182252996053
AG-R,1019.1667,a75_a50_an,-0.13840496182285472
AG-R,1019.1667,a75_an_ba,-0.1508491440758508
AG-R,1020,a50_an_ba,-0.013176293159113922
AG-R,1020,a75_a50_an,-0.13145237851323344
AG-R,1020,a75_an_ba,-0.14462867167234736
AG-R,1020.8333,a50_an_ba,-0.014119366174109395
AG-R,1020.8333,a75_a50_an,-0.12409271387754722
AG-R,1020.8333,a75_an_ba,-0.1382120800516566
AG-R,1021.6666999999999,a50_an_ba,-0.015264380985152017
AG-R,1021.6666999999999,a75_a50_an,-0.11638296673243388
AG-R,1021.6666999999999,a75_an_ba,-0.1316473477175859
AG-R,1022.5,a50_an_ba,-0.016594075157262904
AG-R,1022.5,a75_a50_an,-0.10838829771598632
AG-R,1022.5,a75_an_ba,-0.12498237287324922
AG-R,1023.3333,a50_an_ba,-0.018083511588144908
AG-R,1023.3333,a75_a50_an,-0.10018110566175449
AG-R,1023.3333,a75_an_ba,-0.1182646172498994
AG-R,1024.1667,a50_an_ba,-0.019700850303899863
AG-R,1024.1667,a75_a50_an,-0.09183993134326168
AG-R,1024.1667,a75_an_ba,-0.11154078164716154
AG-R,1025,a50_an_ba,-0.02140830707491184
AG-R,1025,a75_a50_an,-0.0834482086600175
AG-R,1025,a75_an_ba,-0.10485651573492935
AG-R,1025.8333,a50_an_ba,-0.023163276901653134
AG-R,1025.8333,a75_a50_an,-0.0750928868178649
AG-R,1025.8333,a75_an_ba,-0.09825616371951802
AG-R,1026.6667,a50_an_ba,-0.024919596455858967
AG-R,1026.6667,a75_a50_an,-0.06686295006004363
AG-R,1026.6667,a75_an_ba,-0.09178254651590259
AG-R,1027.5,a50_an_ba,-0.02662891615538413
AG-R,1027.5,a75_a50_an,-0.05884786396317225
AG-R,1027.5,a75_an_ba,-0.08547678011855638
AG-R,1028.3332999999998,a50_an_ba,-0.028242149780008642
AG-R,1028.3332999999998,a75_a50_an,-0.05113597916882783
AG-R,1028.3332999999998,a75_an_ba,-0.07937812894883646
AG-R,1029.1667,a50_an_ba,-0.029710967467243134
AG-R,1029.1667,a75_a50_an,-0.04381292463336272
AG-R,1029.1667,a75_an_ba,-0.07352389210060584
AG-R,1030,a50_an_ba,-0.030989296612158327
AG-R,1030,a75_a50_an,-0.03696002301713739
AG-R,1030,a75_an_ba,-0.06794931962929572
AG-R,1030.8333,a50_an_ba,-0.03203479466830493
AG-R,1030.8333,a75_a50_an,-0.03065276068453584
AG-R,1030.8333,a75_an_ba,-0.06268755535284078
AG-R,1031.6667,a50_an_ba,-0.03281025812519979
AG-R,1031.6667,a75_a50_an,-0.02495934394811072
AG-R,1031.6667,a75_an_ba,-0.0577696020733105
AG-R,1032.5,a50_an_ba,-0.03328493302116651
AG-R,1032.5,a75_a50_an,-0.01993937167888897
AG-R,1032.5,a75_an_ba,-0.053224304700055486
AG-R,1033.3333,a50_an_ba,-0.033435694220654705
AG-R,1033.3333,a75_a50_an,-0.015642652249545995
AG-R,1033.3333,a75_an_ba,-0.04907834647020069
AG-R,1034.1667000000002,a50_an_ba,-0.03324806330659401
AG-R,1034.1667000000002,a75_a50_an,-0.01210819002126715
AG-R,1034.1667000000002,a75_an_ba,-0.045356253327861175
AG-R,1035,a50_an_ba,-0.032717038258734094
AG-R,1035,a75_a50_an,-0.009363363284812597
AG-R,1035,a75_an_ba,-0.042080401543546704
AG-R,1035.8333,a50_an_ba,-0.03184771203980863
AG-R,1035.8333,a75_a50_an,-0.007423311789838636
AG-R,1035.8333,a75_an_ba,-0.03927102382964726
AG-R,1036.6667,a50_an_ba,-0.030655661710418718
AG-R,1036.6667,a75_a50_an,-0.006290547822189694
AG-R,1036.6667,a75_an_ba,-0.036946209532608416
AG-R,1037.5,a50_an_ba,-0.029167094645525457
AG-R,1037.5,a75_a50_an,-0.005954800303931496
AG-R,1037.5,a75_an_ba,-0.03512189494945696
AG-R,1038.3333,a50_an_ba,-0.02741874372456193
AG-R,1038.3333,a75_a50_an,-0.0063930966891291964
AG-R,1038.3333,a75_an_ba,-0.033811840413691126
AG-R,1039.1667,a50_an_ba,-0.025457508899628094
AG-R,1039.1667,a75_a50_an,-0.007570082608624122
AG-R,1039.1667,a75_an_ba,-0.03302759150825221
AG-R,1040,a50_an_ba,-0.023339848191789827
AG-R,1040,a75_a50_an,-0.009438574380600067
AG-R,1040,a75_an_ba,-0.032778422572389894
AG-R,1040.8333,a50_an_ba,-0.021130926801380828
AG-R,1040.8333,a75_a50_an,-0.011940334752572307
AG-R,1040.8333,a75_an_ba,-0.03307126155395313
AG-R,1041.6667,a50_an_ba,-0.01890353852028645
AG-R,1041.6667,a75_a50_an,-0.0150070576746833
AG-R,1041.6667,a75_an_ba,-0.03391059619496974
AG-R,1042.5,a50_an_ba,-0.016736818881385375
AG-R,1042.5,a75_a50_an,-0.018561543620299884
AG-R,1042.5,a75_an_ba,-0.03529836250168526
AG-R,1043.3333,a50_an_ba,-0.014714774355301816
AG-R,1043.3333,a75_a50_an,-0.02251904305842831
AG-R,1043.3333,a75_an_ba,-0.03723381741373012
AG-R,1044.1667,a50_an_ba,-0.012924656298639271
AG-R,1044.1667,a75_a50_an,-0.026788742225863856
AG-R,1044.1667,a75_an_ba,-0.03971339852450313
AG-R,1045,a50_an_ba,-0.011455212170914147
AG-R,1045,a75_a50_an,-0.031275362418650844
AG-R,1045,a75_an_ba,-0.042730574589564994
AG-R,1045.8333,a50_an_ba,-0.010394849682251746
AG-R,1045.8333,a75_a50_an,-0.035880841683997376
AG-R,1045.8333,a75_an_ba,-0.04627569136624913
AG-R,1046.6667,a50_an_ba,-0.009829751937156624
AG-R,1046.6667,a75_a50_an,-0.04050606609485519
AG-R,1046.6667,a75_an_ba,-0.05033581803201181
AG-R,1047.5,a50_an_ba,-0.009841983243336386
AG-R,1047.5,a75_a50_an,-0.045052616765923585
AG-R,1047.5,a75_an_ba,-0.05489460000925997
AG-R,1048.3333,a50_an_ba,-0.01050762601822321
AG-R,1048.3333,a75_a50_an,-0.04942449844331721
AG-R,1048.3333,a75_an_ba,-0.05993212446154042
AG-R,1049.1667,a50_an_ba,-0.011894989126510616
AG-R,1049.1667,a75_a50_an,-0.053529815877795754
AG-R,1049.1667,a75_an_ba,-0.06542480500430636
AG-R,1050,a50_an_ba,-0.014062927015726374
AG-R,1050,a75_a50_an,-0.057282365264973094
AG-R,1050,a75_an_ba,-0.07134529228069945
AG-R,1050.8333,a50_an_ba,-0.0170593071980182
AG-R,1050.8333,a75_a50_an,-0.06060310978306776
AG-R,1050.8333,a75_an_ba,-0.07766241698108596
AG-R,1051.6667,a50_an_ba,-0.02091966098821031
AG-R,1051.6667,a75_a50_an,-0.06342151064238023
AG-R,1051.6667,a75_an_ba,-0.08434117163059053
AG-R,1052.5,a50_an_ba,-0.02566604900143015
AG-R,1052.5,a75_a50_an,-0.06567668803083868
AG-R,1052.5,a75_an_ba,-0.09134273703226883
AG-R,1053.3333,a50_an_ba,-0.03130616880629865
AG-R,1053.3333,a75_a50_an,-0.06731838983401406
AG-R,1053.3333,a75_an_ba,-0.09862455864031272
AG-R,1054.1667,a50_an_ba,-0.0378327274046961
AG-R,1054.1667,a75_a50_an,-0.06830774995255601
AG-R,1054.1667,a75_an_ba,-0.1061404773572521
AG-R,1055,a50_an_ba,-0.045223095963485435
AG-R,1055,a75_a50_an,-0.06861782235213973
AG-R,1055,a75_an_ba,-0.11384091831562515
AG-R,1055.8333,a50_an_ba,-0.053439258565731784
AG-R,1055.8333,a75_a50_an,-0.0682338815704381
AG-R,1055.8333,a75_an_ba,-0.12167314013616988
AG-R,1056.6667,a50_an_ba,-0.06242806079658136
AG-R,1056.6667,a75_a50_an,-0.06715348517596427
AG-R,1056.6667,a75_an_ba,-0.12958154597254562
AG-R,1057.5,a50_an_ba,-0.07212175785689678
AG-R,1057.5,a75_a50_an,-0.06538629852531253
AG-R,1057.5,a75_an_ba,-0.1375080563822093
AG-R,1058.3333,a50_an_ba,-0.0824388557344572
AG-R,1058.3333,a75_a50_an,-0.06295368699693382
AG-R,1058.3333,a75_an_ba,-0.14539254273139102
AG-R,1059.1667,a50_an_ba,-0.09328523288838782
AG-R,1059.1667,a75_a50_an,-0.05988808559047608
AG-R,1059.1667,a75_an_ba,-0.1531733184788639
AG-R,1060,a50_an_ba,-0.10455552404602399
AG-R,1060,a75_a50_an,-0.056232160273004005
AG-R,1060,a75_an_ba,-0.160787684319028
AG-R,1060.8333,a50_an_ba,-0.1161347421973189
AG-R,1060.8333,a75_a50_an,-0.05203777963399193
AG-R,1060.8333,a75_an_ba,-0.16817252183131082
AG-R,1061.6667,a50_an_ba,-0.12790010981760563
AG-R,1061.6667,a75_a50_an,-0.04736481919345124
AG-R,1061.6667,a75_an_ba,-0.17526492901105686
AG-R,1062.5,a50_an_ba,-0.13972306586347039
AG-R,1062.5,a75_a50_an,-0.042279824014322835
AG-R,1062.5,a75_an_ba,-0.18200288987779323
AG-R,1063.3333,a50_an_ba,-0.15147141126498098
AG-R,1063.3333,a75_a50_an,-0.036854558033607515
AG-R,1063.3333,a75_an_ba,-0.1883259692985885
AG-R,1064.1667,a50_an_ba,-0.1630115525631702
AG-R,1064.1667,a75_a50_an,-0.03116447069073744
AG-R,1064.1667,a75_an_ba,-0.19417602325390765
AG-R,1065,a50_an_ba,-0.1742108010815439
AG-R,1065,a75_a50_an,-0.025287112953249286
AG-R,1065,a75_an_ba,-0.1994979140347932
AG-R,1065.8333,a50_an_ba,-0.1849396836241782
AG-R,1065.8333,a75_a50_an,-0.01930053568907951
AG-R,1065.8333,a75_an_ba,-0.20424021931325773
AG-R,1066.6667,a50_an_ba,-0.19507422019245754
AG-R,1066.6667,a75_a50_an,-0.013281703496623496
AG-R,1066.6667,a75_an_ba,-0.20835592368908104
AG-R,1067.5,a50_an_ba,-0.2044981246203666
AG-R,1067.5,a75_a50_an,-0.007304956576815145
AG-R,1067.5,a75_an_ba,-0.21180308119718175
AG-R,1068.3333,a50_an_ba,-0.21310488533818708
AG-R,1068.3333,a75_a50_an,-0.0014405520296340445
AG-R,1068.3333,a75_an_ba,-0.2145454373678211
AG-R,1069.1667,a50_an_ba,-0.220799685660756
AG-R,1069.1667,a75_a50_an,0.0042466858919480025
AG-R,1069.1667,a75_an_ba,-0.21655299976880799
AG-R,1070,a50_an_ba,-0.22750112601544673
AG-R,1070,a75_a50_an,0.009698579493363273
AG-R,1070,a75_an_ba,-0.21780254652208347
AG-R,1070.8333,a50_an_ba,-0.23314271431486588
AG-R,1070.8333,a75_a50_an,0.014864651246547195
AG-R,1070.8333,a75_an_ba,-0.2182780630683187
AG-R,1071.6667,a50_an_ba,-0.23767409516218677
AG-R,1071.6667,a75_a50_an,0.01970299672243774
AG-R,1071.6667,a75_an_ba,-0.21797109843974904
AG-R,1072.5,a50_an_ba,-0.241061993660624
AG-R,1072.5,a75_a50_an,0.02418096018466241
AG-R,1072.5,a75_an_ba,-0.2168810334759616
AG-R,1073.3333,a50_an_ba,-0.24329085517759022
AG-R,1073.3333,a75_a50_an,0.028275600419642288
AG-R,1073.3333,a75_an_ba,-0.21501525475794794
AG-R,1074.1667,a50_an_ba,-0.24436316837313618
AG-R,1074.1667,a75_a50_an,0.03197393885626635
AG-R,1074.1667,a75_an_ba,-0.21238922951686984
AG-R,1075,a50_an_ba,-0.24429946501790326
AG-R,1075,a75_a50_an,0.03527298665089282
AG-R,1075,a75_an_ba,-0.20902647836701044
AG-R,1075.8333,a50_an_ba,-0.24313799646934742
AG-R,1075.8333,a75_a50_an,0.03817955208366866
AG-R,1075.8333,a75_an_ba,-0.20495844438567876
AG-R,1076.6667,a50_an_ba,-0.2409340930150935
AG-R,1076.6667,a75_a50_an,0.04070983423189311
AG-R,1076.6667,a75_an_ba,-0.2002242587832004
AG-R,1077.5,a50_an_ba,-0.2377592184980646
AG-R,1077.5,a75_a50_an,0.04288881335915393
AG-R,1077.5,a75_an_ba,-0.1948704051389107
AG-R,1078.3333,a50_an_ba,-0.23369973858147952
AG-R,1078.3333,a75_a50_an,0.04474945269204575
AG-R,1078.3333,a75_an_ba,-0.1889502858894338
AG-R,1079.1667,a50_an_ba,-0.22885542657076224
AG-R,1079.1667,a75_a50_an,0.04633173016209059
AG-R,1079.1667,a75_an_ba,-0.18252369640867164
AG-R,1080,a50_an_ba,-0.22333773576998905
AG-R,1080,a75_a50_an,0.04768152218846231
AG-R,1080,a75_an_ba,-0.17565621358152672
AG-R,1080.8333,a50_an_ba,-0.21726787180971172
AG-R,1080.8333,a75_a50_an,0.04884936459590081
AG-R,1080.8333,a75_an_ba,-0.1684185072138109
AG-R,1081.6667,a50_an_ba,-0.21077470215054417
AG-R,1081.6667,a75_a50_an,0.049889118240607246
AG-R,1081.6667,a75_an_ba,-0.16088558390993693
AG-R,1082.5,a50_an_ba,-0.2039925429674956
AG-R,1082.5,a75_a50_an,0.05085656880528056
AG-R,1082.5,a75_an_ba,-0.15313597416221505
AG-R,1083.3333,a50_an_ba,-0.1970588657946393
AG-R,1083.3333,a75_a50_an,0.05180799148586157
AG-R,1083.3333,a75_an_ba,-0.14525087430877773
AG-R,1084.1667,a50_an_ba,-0.19011196761691876
AG-R,1084.1667,a75_a50_an,0.05279871190308663
AG-R,1084.1667,a75_an_ba,-0.13731325571383213
AG-R,1085,a50_an_ba,-0.18328864851254031
AG-R,1085,a75_a50_an,0.05388169452167297
AG-R,1085,a75_an_ba,-0.12940695399086732
AG-R,1085.8333,a50_an_ba,-0.1767219404714441
AG-R,1085.8333,a75_a50_an,0.05510618915259347
AG-R,1085.8333,a75_an_ba,-0.12161575131885062
AG-R,1086.6667,a50_an_ba,-0.17053892965715894
AG-R,1086.6667,a75_a50_an,0.0565164647669684
AG-R,1086.6667,a75_an_ba,-0.11402246489019055
AG-R,1087.5,a50_an_ba,-0.1648587121741845
AG-R,1087.5,a75_a50_an,0.05815065789441624
AG-R,1087.5,a75_an_ba,-0.10670805427976826
AG-R,1088.3333,a50_an_ba,-0.15979052040155514
AG-R,1088.3333,a75_a50_an,0.06003976035767547
AG-R,1088.3333,a75_an_ba,-0.09975076004387967
AG-R,1089.1667,a50_an_ba,-0.15543205322262596
AG-R,1089.1667,a75_a50_an,0.06220676806384061
AG-R,1089.1667,a75_an_ba,-0.09322528515878535
AG-R,1090,a50_an_ba,-0.151868039103758
AG-R,1090,a75_a50_an,0.06466600909615754
AG-R,1090,a75_an_ba,-0.08720203000760048
AG-R,1090.8332999999998,a50_an_ba,-0.14916905604586786
AG-R,1090.8332999999998,a75_a50_an,0.06742266550340656
AG-R,1090.8332999999998,a75_an_ba,-0.0817463905424613
AG-R,1091.6667,a50_an_ba,-0.14739062705924283
AG-R,1091.6667,a75_a50_an,0.07047249904816054
AG-R,1091.6667,a75_an_ba,-0.07691812801108228
AG-R,1092.5,a50_an_ba,-0.14657260410904943
AG-R,1092.5,a75_a50_an,0.07380178683837309
AG-R,1092.5,a75_an_ba,-0.07277081727067633
AG-R,1093.3333,a50_an_ba,-0.14673884756797095
AG-R,1093.3333,a75_a50_an,0.077387468319838
AG-R,1093.3333,a75_an_ba,-0.06935137924813296
AG-R,1094.1667,a50_an_ba,-0.14789720221869093
AG-R,1094.1667,a75_a50_an,0.08119750064353315
AG-R,1094.1667,a75_an_ba,-0.06669970157515778
AG-R,1095,a50_an_ba,-0.150039764898646
AG-R,1095,a75_a50_an,0.08519141503472365
AG-R,1095,a75_an_ba,-0.06484834986392238
AG-R,1095.8333,a50_an_ba,-0.15314343309672548
AG-R,1095.8333,a75_a50_an,0.0893210625710844
AG-R,1095.8333,a75_an_ba,-0.06382237052564108
AG-R,1096.6667000000002,a50_an_ba,-0.157170718316591
AG-R,1096.6667000000002,a75_a50_an,0.09353153381242785
AG-R,1096.6667000000002,a75_an_ba,-0.06363918450416314
AG-R,1097.5,a50_an_ba,-0.16207080292667916
AG-R,1097.5,a75_a50_an,0.09776223309627635
AG-R,1097.5,a75_an_ba,-0.06430856983040281
AG-R,1098.3333,a50_an_ba,-0.1677808146265119
AG-R,1098.3333,a75_a50_an,0.1019480850959882
AG-R,1098.3333,a75_an_ba,-0.0658327295305237
AG-R,1099.1667,a50_an_ba,-0.17422728866464943
AG-R,1099.1667,a75_a50_an,0.10602084849656156
AG-R,1099.1667,a75_an_ba,-0.06820644016808786
AG-R,1100,a50_an_ba,-0.18132778462404975
AG-R,1100,a75_a50_an,0.1099105094330678
AG-R,1100,a75_an_ba,-0.07141727519098195
AG-R,1100.8333,a50_an_ba,-0.18899262200953637
AG-R,1100.8333,a75_a50_an,0.11354672570163724
AG-R,1100.8333,a75_an_ba,-0.07544589630789912
AG-R,1101.6667,a50_an_ba,-0.1971266970766127
AG-R,1101.6667,a75_a50_an,0.11686029172504485
AG-R,1101.6667,a75_an_ba,-0.08026640535156784
AG-R,1102.5,a50_an_ba,-0.20563134236122926
AG-R,1102.5,a75_a50_an,0.11978459385312157
AG-R,1102.5,a75_an_ba,-0.0858467485081077
AG-R,1103.3333,a50_an_ba,-0.21440619021862992
AG-R,1103.3333,a75_a50_an,0.12225702580862383
AG-R,1103.3333,a75_an_ba,-0.0921491644100061
AG-R,1104.1667,a50_an_ba,-0.22335100235043373
AG-R,1104.1667,a75_a50_an,0.1242203349445905
AG-R,1104.1667,a75_an_ba,-0.09913066740584323
AG-R,1105,a50_an_ba,-0.23236742876955083
AG-R,1105,a75_a50_an,0.12562387143965256
AG-R,1105,a75_an_ba,-0.10674355732989828
AG-R,1105.8333,a50_an_ba,-0.24136066188208283
AG-R,1105.8333,a75_a50_an,0.12642471459068624
AG-R,1105.8333,a75_an_ba,-0.1149359472913966
AG-R,1106.6667,a50_an_ba,-0.2502409542976357
AG-R,1106.6667,a75_a50_an,0.1265886529234391
AG-R,1106.6667,a75_an_ba,-0.12365230137419661
AG-R,1107.5,a50_an_ba,-0.2589249725436953
AG-R,1107.5,a75_a50_an,0.12609099787636488
AG-R,1107.5,a75_an_ba,-0.1328339746673304
AG-R,1108.3333,a50_an_ba,-0.2673369629714431
AG-R,1108.3333,a75_a50_an,0.1249172142563621
AG-R,1108.3333,a75_an_ba,-0.142419748715081
AG-R,1109.1667,a50_an_ba,-0.27540971070468334
AG-R,1109.1667,a75_a50_an,0.12306335444469632
AG-R,1109.1667,a75_an_ba,-0.15234635625998702
AG-R,1110,a50_an_ba,-0.28308527739592426
AG-R,1110,a75_a50_an,0.1205362873678306
AG-R,1110,a75_an_ba,-0.16254899002809367
AG-R,1110.8333,a50_an_ba,-0.2903155087031778
AG-R,1110.8333,a75_a50_an,0.1173537174568061
AG-R,1110.8333,a75_an_ba,-0.1729617912463717
AG-R,1111.6667,a50_an_ba,-0.29706230767257846
AG-R,1111.6667,a75_a50_an,0.11354399311276037
AG-R,1111.6667,a75_an_ba,-0.18351831455981812
AG-R,1112.5,a50_an_ba,-0.30329767548842407
AG-R,1112.5,a75_a50_an,0.10914570848616423
AG-R,1112.5,a75_an_ba,-0.1941519670022598
AG-R,1113.3333,a50_an_ba,-0.3090035262178885
AG-R,1113.3333,a75_a50_an,0.10420710657503678
AG-R,1113.3333,a75_an_ba,-0.20479641964285175
AG-R,1114.1667,a50_an_ba,-0.31417128711957437
AG-R,1114.1667,a75_a50_an,0.09878529566651695
AG-R,1114.1667,a75_an_ba,-0.21538599145305745
AG-R,1115,a50_an_ba,-0.31880130069661317
AG-R,1115,a75_a50_an,0.09294529490463026
AG-R,1115,a75_an_ba,-0.2258560057919829
AG-R,1115.8333,a50_an_ba,-0.32290204885750085
AG-R,1115.8333,a75_a50_an,0.08675892818848449
AG-R,1115.8333,a75_an_ba,-0.23614312066901635
AG-R,1116.6667,a50_an_ba,-0.3264892232126393
AG-R,1116.6667,a75_a50_an,0.08030358862034064
AG-R,1116.6667,a75_an_ba,-0.24618563459229867
AG-R,1117.5,a50_an_ba,-0.32958466860550045
AG-R,1117.5,a75_a50_an,0.07366089827148777
AG-R,1117.5,a75_an_ba,-0.2559237703340127
AG-R,1118.3333,a50_an_ba,-0.3322152293916535
AG-R,1118.3333,a75_a50_an,0.06691529006509436
AG-R,1118.3333,a75_an_ba,-0.26529993932655915
AG-R,1119.1667,a50_an_ba,-0.33441152968888277
AG-R,1119.1667,a75_a50_an,0.060152540049424115
AG-R,1119.1667,a75_an_ba,-0.27425898963945866
AG-R,1120,a50_an_ba,-0.3362067197955712
AG-R,1120,a75_a50_an,0.05345827922391009
AG-R,1120,a75_an_ba,-0.2827484405716611
AG-R,1120.8333,a50_an_ba,-0.3376352211972702
AG-R,1120.8333,a75_a50_an,0.04691651436867457
AG-R,1120.8333,a75_an_ba,-0.29071870682859563
AG-R,1121.6667,a50_an_ba,-0.33873150205421854
AG-R,1121.6667,a75_a50_an,0.04060818701174334
AG-R,1121.6667,a75_an_ba,-0.2981233150424752
AG-R,1122.5,a50_an_ba,-0.33952891380406225
AG-R,1122.5,a75_a50_an,0.03460979875631645
AG-R,1122.5,a75_an_ba,-0.30491911504774577
AG-R,1123.3333,a50_an_ba,-0.3400586175580633
AG-R,1123.3333,a75_a50_an,0.028992129704447884
AG-R,1123.3333,a75_an_ba,-0.3110664878536154
AG-R,1124.1667,a50_an_ba,-0.34034862636566493
AG-R,1124.1667,a75_a50_an,0.02381907468621629
AG-R,1124.1667,a75_an_ba,-0.31652955167944863
AG-R,1125,a50_an_ba,-0.34042298623485373
AG-R,1125,a75_a50_an,0.019146619478999177
AG-R,1125,a75_an_ba,-0.3212763667558546
AG-R,1125.8333,a50_an_ba,-0.3403011151008265
AG-R,1125.8333,a75_a50_an,0.015021976233947036
AG-R,1125.8333,a75_an_ba,-0.3252791388668795
AG-R,1126.6667,a50_an_ba,-0.33999731482035495
AG-R,1126.6667,a75_a50_an,0.011482893979164554
AG-R,1126.6667,a75_an_ba,-0.3285144208411904
AG-R,1127.5,a50_an_ba,-0.33952046682997505
AG-R,1127.5,a75_a50_an,0.008557156412097889
AG-R,1127.5,a75_an_ba,-0.3309633104178772
AG-R,1128.3333,a50_an_ba,-0.33887391744588474
AG-R,1128.3333,a75_a50_an,0.006262275303973892
AG-R,1128.3333,a75_an_ba,-0.33261164214191086
AG-R,1129.1667,a50_an_ba,-0.3380555540094007
AG-R,1129.1667,a75_a50_an,0.004605383798064129
AG-R,1129.1667,a75_an_ba,-0.33345017021133655
AG-R,1130,a50_an_ba,-0.3370580683037546
AG-R,1130,a75_a50_an,0.0035833297752185535
AG-R,1130,a75_an_ba,-0.3334747385285361
AG-R,1130.8333,a50_an_ba,-0.3358693989947975
AG-R,1130.8333,a75_a50_an,0.0031829653696398372
AG-R,1130.8333,a75_an_ba,-0.3326864336251577
AG-R,1131.6667,a50_an_ba,-0.33447334038647114
AG-R,1131.6667,a75_a50_an,0.0033816247298932376
AG-R,1131.6667,a75_an_ba,-0.3310917156565779
AG-R,1132.5,a50_an_ba,-0.3328503006328228
AG-R,1132.5,a75_a50_an,0.0041477783166921755
AG-R,1132.5,a75_an_ba,-0.3287025223161306
AG-R,1133.3333,a50_an_ba,-0.33097818880606933
AG-R,1133.3333,a75_a50_an,0.005441848488173137
AG-R,1133.3333,a75_an_ba,-0.3255363403178962
AG-R,1134.1667,a50_an_ba,-0.32883340696941343
AG-R,1134.1667,a75_a50_an,0.007217167917566047
AG-R,1134.1667,a75_an_ba,-0.3216162390518474
AG-R,1135,a50_an_ba,-0.3263919207173842
AG-R,1135,a75_a50_an,0.009421059582505154
AG-R,1135,a75_an_ba,-0.31697086113487905
AG-R,1135.8333,a50_an_ba,-0.3236303795864399
AG-R,1135.8333,a75_a50_an,0.0119960147165917
AG-R,1135.8333,a75_an_ba,-0.31163436486984825
AG-R,1136.6667,a50_an_ba,-0.3205272573508462
AG-R,1136.6667,a75_a50_an,0.01488094326919524
AG-R,1136.6667,a75_an_ba,-0.30564631408165094
AG-R,1137.5,a50_an_ba,-0.3170639815353289
AG-R,1137.5,a75_a50_an,0.01801247011553517
AG-R,1137.5,a75_an_ba,-0.2990515114197937
AG-R,1138.3333,a50_an_ba,-0.3132260215124695
AG-R,1138.3333,a75_a50_an,0.021326249520997303
AG-R,1138.3333,a75_an_ba,-0.29189977199147216
AG-R,1139.1667,a50_an_ba,-0.30900390530933847
AG-R,1139.1667,a75_a50_an,0.02475827020492547
AG-R,1139.1667,a75_an_ba,-0.28424563510441303
AG-R,1140,a50_an_ba,-0.3043941367081891
AG-R,1140,a75_a50_an,0.028246123771163978
AG-R,1140,a75_an_ba,-0.2761480129370251
AG-R,1140.8333,a50_an_ba,-0.29939998635866527
AG-R,1140.8333,a75_a50_an,0.0317302102647705
AG-R,1140.8333,a75_an_ba,-0.2676697760938948
AG-R,1141.6667,a50_an_ba,-0.2940321333770745
AG-R,1141.6667,a75_a50_an,0.03515485615414519
AG-R,1141.6667,a75_an_ba,-0.2588772772229293
AG-R,1142.5,a50_an_ba,-0.2883091372315789
AG-R,1142.5,a75_a50_an,0.03846932209148103
AG-R,1142.5,a75_an_ba,-0.24983981514009793
AG-R,1143.3333,a50_an_ba,-0.2822577235274723
AG-R,1143.3333,a75_a50_an,0.041628680327530906
AG-R,1143.3333,a75_an_ba,-0.24062904319994138
AG-R,1144.1667,a50_an_ba,-0.2759128715301512
AG-R,1144.1667,a75_a50_an,0.044594544595096486
AG-R,1144.1667,a75_an_ba,-0.2313183269350547
AG-R,1145,a50_an_ba,-0.26931769580189024
AG-R,1145,a75_a50_an,0.0473356385666331
AG-R,1145,a75_an_ba,-0.22198205723525716
AG-R,1145.8333,a50_an_ba,-0.26252311908185155
AG-R,1145.8333,a75_a50_an,0.04982819256502963
AG-R,1145.8333,a75_an_ba,-0.21269492651682192
AG-R,1146.6667,a50_an_ba,-0.25558733840194375
AG-R,1146.6667,a75_a50_an,0.052056161987097456
AG-R,1146.6667,a75_an_ba,-0.2035311764148463
AG-R,1147.5,a50_an_ba,-0.24857509129639632
AG-R,1147.5,a75_a50_an,0.05401126480658992
AG-R,1147.5,a75_an_ba,-0.19456382648980639
AG-R,1148.3333,a50_an_ba,-0.24155673372220712
AG-R,1148.3333,a75_a50_an,0.05569283947502047
AG-R,1148.3333,a75_an_ba,-0.18586389424718663
AG-R,1149.1667,a50_an_ba,-0.23460714585504389
AG-R,1149.1667,a75_a50_an,0.057107528450552024
AG-R,1149.1667,a75_an_ba,-0.17749961740449186
AG-R,1150,a50_an_ba,-0.22780448615893806
AG-R,1150,a75_a50_an,0.058268796375166576
AG-R,1150,a75_an_ba,-0.16953568978377148
AG-R,1150.8333,a50_an_ba,-0.22122881795303825
AG-R,1150.8333,a75_a50_an,0.05919629550795346
AG-R,1150.8333,a75_an_ba,-0.1620325224450848
AG-R,1151.6667,a50_an_ba,-0.21496063602812326
AG-R,1151.6667,a75_a50_an,0.059915094331685924
AG-R,1151.6667,a75_an_ba,-0.15504554169643733
AG-R,1152.5,a50_an_ba,-0.2090793236232871
AG-R,1152.5,a75_a50_an,0.0604547882108142
AG-R,1152.5,a75_an_ba,-0.14862453541247292
AG-R,1153.3332999999998,a50_an_ba,-0.2036615721948766
AG-R,1153.3332999999998,a75_a50_an,0.06084851352847766
AG-R,1153.3332999999998,a75_an_ba,-0.14281305866639896
AG-R,1154.1667,a50_an_ba,-0.19877979784476013
AG-R,1154.1667,a75_a50_an,0.06113188881383586
AG-R,1154.1667,a75_an_ba,-0.13764790903092428
AG-R,1155,a50_an_ba,-0.1945005889868892
AG-R,1155,a75_a50_an,0.061341907944147525
AG-R,1155,a75_an_ba,-0.1331586810427417
AG-R,1155.8333,a50_an_ba,-0.19088321979914633
AG-R,1155.8333,a75_a50_an,0.061515811534576484
AG-R,1155.8333,a75_an_ba,-0.12936740826456983
AG-R,1156.6667,a50_an_ba,-0.18797826322626593
AG-R,1156.6667,a75_a50_an,0.06168996308986558
AG-R,1156.6667,a75_an_ba,-0.12628830013640036
AG-R,1157.5,a50_an_ba,-0.18582633578016533
AG-R,1157.5,a75_a50_an,0.061898756374990316
AG-R,1157.5,a75_an_ba,-0.12392757940517503
AG-R,1158.3333,a50_an_ba,-0.18445700415260383
AG-R,1158.3333,a75_a50_an,0.06217357976789398
AG-R,1158.3333,a75_an_ba,-0.12228342438470984
AG-R,1159.1667000000002,a50_an_ba,-0.18388788075354046
AG-R,1159.1667000000002,a75_a50_an,0.06254186209987993
AG-R,1159.1667000000002,a75_an_ba,-0.12134601865366054
AG-R,1160,a50_an_ba,-0.18412393177272304
AG-R,1160,a75_a50_an,0.06302622269325521
AG-R,1160,a75_an_ba,-0.12109770907946785
AG-R,1160.8333,a50_an_ba,-0.18515701730131717
AG-R,1160.8333,a75_a50_an,0.06364374600831914
AG-R,1160.8333,a75_an_ba,-0.12151327129299803
AG-R,1161.6667,a50_an_ba,-0.1869656785255359
AG-R,1161.6667,a75_a50_an,0.06440539855982011
AG-R,1161.6667,a75_an_ba,-0.12256027996571575
AG-R,1162.5,a50_an_ba,-0.18951518210652024
AG-R,1162.5,a75_a50_an,0.06531560261389052
AG-R,1162.5,a75_an_ba,-0.12419957949262972
AG-R,1163.3333,a50_an_ba,-0.1927578266893614
AG-R,1163.3333,a75_a50_an,0.06637197769570373
AG-R,1163.3333,a75_an_ba,-0.12638584899365768
AG-R,1164.1667,a50_an_ba,-0.1966335111446706
AG-R,1164.1667,a75_a50_an,0.0675652571987254
AG-R,1164.1667,a75_an_ba,-0.1290682539459452
AG-R,1165,a50_an_ba,-0.20107055874802152
AG-R,1165,a75_a50_an,0.06887938346719256
AG-R,1165,a75_an_ba,-0.13219117528082894
AG-R,1165.8333,a50_an_ba,-0.20598678615717456
AG-R,1165.8333,a75_a50_an,0.07029178070716782
AG-R,1165.8333,a75_an_ba,-0.13569500545000673
AG-R,1166.6667,a50_an_ba,-0.21129080086499097
AG-R,1166.6667,a75_a50_an,0.07177380105377296
AG-R,1166.6667,a75_an_ba,-0.139516999811218
AG-R,1167.5,a50_an_ba,-0.21688350589522776
AG-R,1167.5,a75_a50_an,0.07329133516892448
AG-R,1167.5,a75_an_ba,-0.14359217072630326
AG-R,1168.3333,a50_an_ba,-0.22265978597202518
AG-R,1168.3333,a75_a50_an,0.07480557495039525
AG-R,1168.3333,a75_an_ba,-0.14785421102162993
AG-R,1169.1667,a50_an_ba,-0.22851034532731931
AG-R,1169.1667,a75_a50_an,0.07627391238131441
AG-R,1169.1667,a75_an_ba,-0.1522364329460049
AG-R,1170,a50_an_ba,-0.23432366380068875
AG-R,1170,a75_a50_an,0.07765095531726673
AG-R,1170,a75_an_ba,-0.15667270848342202
AG-R,1170.8333,a50_an_ba,-0.23998803500843782
AG-R,1170.8333,a75_a50_an,0.07888963816721967
AG-R,1170.8333,a75_an_ba,-0.16109839684121818
AG-R,1171.6667,a50_an_ba,-0.2453936481768468
AG-R,1171.6667,a75_a50_an,0.07994240303857689
AG-R,1171.6667,a75_an_ba,-0.16545124513826995
AG-R,1172.5,a50_an_ba,-0.2504346737976026
AG-R,1172.5,a75_a50_an,0.08076242504034163
AG-R,1172.5,a75_an_ba,-0.16967224875726097
AG-R,1173.3333,a50_an_ba,-0.2550113126061446
AG-R,1173.3333,a75_a50_an,0.08130485411609265
AG-R,1173.3333,a75_an_ba,-0.17370645849005198
AG-R,1174.1667,a50_an_ba,-0.259031767525452
AG-R,1174.1667,a75_a50_an,0.08152804504336594
AG-R,1174.1667,a75_an_ba,-0.17750372248208607
AG-R,1175,a50_an_ba,-0.2624140991614458
AG-R,1175,a75_a50_an,0.0813947471091516
AG-R,1175,a75_an_ba,-0.18101935205229422
AG-R,1175.8333,a50_an_ba,-0.2650879271691748
AG-R,1175.8333,a75_a50_an,0.08087322546095607
AG-R,1175.8333,a75_an_ba,-0.18421470170821871
AG-R,1176.6667,a50_an_ba,-0.26699594230241147
AG-R,1176.6667,a75_a50_an,0.07993828723497637
AG-R,1176.6667,a75_an_ba,-0.1870576550674351
AG-R,1177.5,a50_an_ba,-0.26809519716934294
AG-R,1177.5,a75_a50_an,0.07857218725989425
AG-R,1177.5,a75_an_ba,-0.18952300990944868
AG-R,1178.3333,a50_an_ba,-0.2683581475853832
AG-R,1178.3333,a75_a50_an,0.07676539039688296
AG-R,1178.3333,a75_an_ba,-0.1915927571885002
AG-R,1179.1667,a50_an_ba,-0.26777342086895184
AG-R,1179.1667,a75_a50_an,0.07451717036141221
AG-R,1179.1667,a75_an_ba,-0.1932562505075396
AG-R,1180,a50_an_ba,-0.2663462923840707
AG-R,1180,a75_a50_an,0.07183602812703829
AG-R,1180,a75_an_ba,-0.19451026425703238
AG-R,1180.8333,a50_an_ba,-0.2640988570007519
AG-R,1180.8333,a75_a50_an,0.06873991667166796
AG-R,1180.8333,a75_an_ba,-0.19535894032908396
AG-R,1181.6667,a50_an_ba,-0.2610698878185253
AG-R,1181.6667,a75_a50_an,0.06525626282002923
AG-R,1181.6667,a75_an_ba,-0.19581362499849608
AG-R,1182.5,a50_an_ba,-0.25731438037115323
AG-R,1182.5,a75_a50_an,0.06142178118139995
AG-R,1182.5,a75_an_ba,-0.19589259918975327
AG-R,1183.3333,a50_an_ba,-0.25290278648907066
AG-R,1183.3333,a75_a50_an,0.05728207959260745
AG-R,1183.3333,a75_an_ba,-0.19562070689646321
AG-R,1184.1667,a50_an_ba,-0.24791994792516267
AG-R,1184.1667,a75_a50_an,0.05289105996140619
AG-R,1184.1667,a75_an_ba,-0.19502888796375648
AG-R,1185,a50_an_ba,-0.24246374563458192
AG-R,1185,a75_a50_an,0.048310122871240174
AG-R,1185,a75_an_ba,-0.19415362276334175
AG-R,1185.8333,a50_an_ba,-0.23664348612802716
AG-R,1185.8333,a75_a50_an,0.04360718866055227
AG-R,1185.8333,a75_an_ba,-0.1930362974674749
AG-R,1186.6667,a50_an_ba,-0.23057805148260183
AG-R,1186.6667,a75_a50_an,0.03885555183532062
AG-R,1186.6667,a75_an_ba,-0.1917224996472812
AG-R,1187.5,a50_an_ba,-0.22439384429397385
AG-R,1187.5,a75_a50_an,0.03413258952261519
AG-R,1187.5,a75_an_ba,-0.19026125477135866
AG-R,1188.3333,a50_an_ba,-0.2182225629960012
AG-R,1188.3333,a75_a50_an,0.02951834814109865
AG-R,1188.3333,a75_an_ba,-0.18870421485490257
AG-R,1189.1667,a50_an_ba,-0.21219884647722675
AG-R,1189.1667,a75_a50_an,0.02509403547380403
AG-R,1189.1667,a75_an_ba,-0.18710481100342274
AG-R,1190,a50_an_ba,-0.2064578297181392
AG-R,1190,a75_a50_an,0.020940447810271795
AG-R,1190,a75_an_ba,-0.1855173819078674
AG-R,1190.8333,a50_an_ba,-0.20113265420253332
AG-R,1190.8333,a75_a50_an,0.017136363720248925
AG-R,1190.8333,a75_an_ba,-0.18399629048228439
AG-R,1191.6667,a50_an_ba,-0.1963519780788131
AG-R,1191.6667,a75_a50_an,0.013756937282267264
AG-R,1191.6667,a75_an_ba,-0.18259504079654587
AG-R,1192.5,a50_an_ba,-0.1922375314363403
AG-R,1192.5,a75_a50_an,0.010872124182698248
AG-R,1192.5,a75_an_ba,-0.18136540725364206
AG-R,1193.3333,a50_an_ba,-0.1889017616072136
AG-R,1193.3333,a75_a50_an,0.008545174002958728
AG-R,1193.3333,a75_an_ba,-0.18035658760425485
AG-R,1194.1667,a50_an_ba,-0.18644561211068897
AG-R,1194.1667,a75_a50_an,0.0068312212170595615
AG-R,1194.1667,a75_an_ba,-0.1796143908936294
AG-R,1195,a50_an_ba,-0.18495647674704943
AG-R,1195,a75_a50_an,0.005776005935763334
AG-R,1195,a75_an_ba,-0.1791804708112861
AG-R,1195.8333,a50_an_ba,-0.18450636745713803
AG-R,1195.8333,a75_a50_an,0.005414753278613305
AG-R,1195.8333,a75_an_ba,-0.1790916141785247
AG-R,1196.6667,a50_an_ba,-0.18515033094444697
AG-R,1196.6667,a75_a50_an,0.005771237466614925
AG-R,1196.6667,a75_an_ba,-0.17937909347783207
AG-R,1197.5,a50_an_ba,-0.1869251447743622
AG-R,1197.5,a75_a50_an,0.006857053355556588
AG-R,1197.5,a75_an_ba,-0.18006809141880561
AG-R,1198.3333,a50_an_ba,-0.18984831879772462
AG-R,1198.3333,a75_a50_an,0.008671114234586275
AG-R,1198.3333,a75_an_ba,-0.18117720456313835
AG-R,1199.1667,a50_an_ba,-0.19391742238266546
AG-R,1199.1667,a75_a50_an,0.011199390370309892
AG-R,1199.1667,a75_an_ba,-0.1827180320123556
AG-R,1200,a50_an_ba,-0.1991097521780395
AG-R,1200,a75_a50_an,0.014414898066882684
AG-R,1200,a75_an_ba,-0.18469485411115683
AG-R,1200.8333,a50_an_ba,-0.20538234907993438
AG-R,1200.8333,a75_a50_an,0.018277944029743132
AG-R,1200.8333,a75_an_ba,-0.18710440505019124
AG-R,1201.6667,a50_an_ba,-0.21267236684111931
AG-R,1201.6667,a75_a50_an,0.022736624663881516
AG-R,1201.6667,a75_an_ba,-0.1899357421772378
AG-R,1202.5,a50_an_ba,-0.2208977884668667
AG-R,1202.5,a75_a50_an,0.027727574710945124
AG-R,1202.5,a75_an_ba,-0.19317021375592155
AG-R,1203.3333,a50_an_ba,-0.2299584802955844
AG-R,1203.3333,a75_a50_an,0.03317695443987757
AG-R,1203.3333,a75_an_ba,-0.19678152585570682
AG-R,1204.1667,a50_an_ba,-0.23973756758419604
AG-R,1204.1667,a75_a50_an,0.03900165956071077
AG-R,1204.1667,a75_an_ba,-0.2007359080234853
AG-R,1205,a50_an_ba,-0.25010310961844223
AG-R,1205,a75_a50_an,0.04511073323654411
AG-R,1205,a75_an_ba,-0.2049923763818981
AG-R,1205.8333,a50_an_ba,-0.260910046953947
AG-R,1205.8333,a75_a50_an,0.05140695512683692
AG-R,1205.8333,a75_an_ba,-0.20950309182711008
AG-R,1206.6667,a50_an_ba,-0.272002388464824
AG-R,1206.6667,a75_a50_an,0.05778857840224662
AG-R,1206.6667,a75_an_ba,-0.2142138100625774
AG-R,1207.5,a50_an_ba,-0.28321560152320313
AG-R,1207.5,a75_a50_an,0.06415118221573575
AG-R,1207.5,a75_an_ba,-0.2190644193074674
AG-R,1208.3333,a50_an_ba,-0.2943791649353374
AG-R,1208.3333,a75_a50_an,0.07038960427499603
AG-R,1208.3333,a75_an_ba,-0.22398956066034137
AG-R,1209.1667,a50_an_ba,-0.3053192412854344
AG-R,1209.1667,a75_a50_an,0.0763999160042979
AG-R,1209.1667,a75_an_ba,-0.22891932528113654
AG-R,1210,a50_an_ba,-0.3158614231413849
AG-R,1210,a75_a50_an,0.08208140136340959
AG-R,1210,a75_an_ba,-0.23378002177797527
AG-R,1210.8333,a50_an_ba,-0.32583350619674933
AG-R,1210.8333,a75_a50_an,0.08733849974654573
AG-R,1210.8333,a75_an_ba,-0.2384950064502036
AG-R,1211.6667,a50_an_ba,-0.33506824188558326
AG-R,1211.6667,a75_a50_an,0.09208267353931611
AG-R,1211.6667,a75_an_ba,-0.24298556834626717
AG-R,1212.5,a50_an_ba,-0.34340602231988737
AG-R,1212.5,a75_a50_an,0.0962341618742136
AG-R,1212.5,a75_an_ba,-0.24717186044567377
AG-R,1213.3333,a50_an_ba,-0.35069745155717746
AG-R,1213.3333,a75_a50_an,0.09972358388653442
AG-R,1213.3333,a75_an_ba,-0.25097386767064306
AG-R,1214.1667,a50_an_ba,-0.3568057591858475
AG-R,1214.1667,a75_a50_an,0.10249335730777875
AG-R,1214.1667,a75_an_ba,-0.25431240187806875
AG-R,1215,a50_an_ba,-0.36160901498146436
AG-R,1215,a75_a50_an,0.1044989015009565
AG-R,1215,a75_an_ba,-0.25711011348050783
AG-R,1215.8332999999998,a50_an_ba,-0.36500210688640466
AG-R,1215.8332999999998,a75_a50_an,0.10570959798503825
AG-R,1215.8332999999998,a75_an_ba,-0.2592925089013664
AG-R,1216.6667,a50_an_ba,-0.366898448733676
AG-R,1216.6667,a75_a50_an,0.10610948604238235
AG-R,1216.6667,a75_an_ba,-0.2607889626912937
AG-R,1217.5,a50_an_ba,-0.36723138889625234
AG-R,1217.5,a75_a50_an,0.10569767606852776
AG-R,1217.5,a75_an_ba,-0.2615337128277246
AG-R,1218.3333,a50_an_ba,-0.36595529630840756
AG-R,1218.3333,a75_a50_an,0.10448846881153004
AG-R,1218.3333,a75_an_ba,-0.2614668274968775
AG-R,1219.1667,a50_an_ba,-0.3630463059788251
AG-R,1219.1667,a75_a50_an,0.10251117445155185
AG-R,1219.1667,a75_an_ba,-0.26053513152727326
AG-R,1220,a50_an_ba,-0.35850271209283674
AG-R,1220,a75_a50_an,0.09980963147609892
AG-R,1220,a75_an_ba,-0.25869308061673785
AG-R,1220.8333,a50_an_ba,-0.3523450029742033
AG-R,1220.8333,a75_a50_an,0.09644143139220025
AG-R,1220.8333,a75_an_ba,-0.255903571582003
AG-R,1221.6667000000002,a50_an_ba,-0.3446155384331567
AG-R,1221.6667000000002,a75_a50_an,0.0924768613603888
AG-R,1221.6667000000002,a75_an_ba,-0.2521386770727679
AG-R,1222.5,a50_an_ba,-0.3353778762535219
AG-R,1222.5,a75_a50_an,0.08799758271269233
AG-R,1222.5,a75_an_ba,-0.24738029354082955
AG-R,1223.3333,a50_an_ba,-0.3247157606554534
AG-R,1223.3333,a75_a50_an,0.08309506890546167
AG-R,1223.3333,a75_an_ba,-0.24162069174999173
AG-R,1224.1667,a50_an_ba,-0.3127317914020538
AG-R,1224.1667,a75_a50_an,0.07786883163986445
AG-R,1224.1667,a75_an_ba,-0.23486295976218938
AG-R,1225,a50_an_ba,-0.29954579769362477
AG-R,1225,a75_a50_an,0.07242446854696395
AG-R,1225,a75_an_ba,-0.2271213291466608
AG-R,1225.8333,a50_an_ba,-0.28529294601503125
AG-R,1225.8333,a75_a50_an,0.06687156987847843
AG-R,1225.8333,a75_an_ba,-0.2184213761365528
AG-R,1226.6667,a50_an_ba,-0.27012161558076364
AG-R,1226.6667,a75_a50_an,0.06132152497776043
AG-R,1226.6667,a75_an_ba,-0.2088000906030032
AG-R,1227.5,a50_an_ba,-0.25419107888022274
AG-R,1227.5,a75_a50_an,0.05588527185104533
AG-R,1227.5,a75_an_ba,-0.1983058070291774
AG-R,1228.3333,a50_an_ba,-0.23766902799566622
AG-R,1228.3333,a75_a50_an,0.05067103485433211
AG-R,1228.3333,a75_an_ba,-0.1869979931413341
AG-R,1229.1667,a50_an_ba,-0.2207289897930233
AG-R,1229.1667,a75_a50_an,0.04578209631072973
AG-R,1229.1667,a75_an_ba,-0.17494689348229356
AG-R,1230,a50_an_ba,-0.2035476747310454
AG-R,1230,a75_a50_an,0.04131464774898979
AG-R,1230,a75_an_ba,-0.16223302698205563
AG-R,1230.8333,a50_an_ba,-0.1863023048714348
AG-R,1230.8333,a75_a50_an,0.03735576539685683
AG-R,1230.8333,a75_an_ba,-0.14894653947457798
AG-R,1231.6667,a50_an_ba,-0.16916796669030107
AG-R,1231.6667,a75_a50_an,0.03398155258244082
AG-R,1231.6667,a75_an_ba,-0.13518641410786023
AG-R,1232.5,a50_an_ba,-0.15231503349400188
AG-R,1232.5,a75_a50_an,0.03125548882188762
AG-R,1232.5,a75_an_ba,-0.12105954467211427
AG-R,1233.3333,a50_an_ba,-0.13590670064868232
AG-R,1233.3333,a75_a50_an,0.029227021649312943
AG-R,1233.3333,a75_an_ba,-0.10667967899936938
AG-R,1234.1667,a50_an_ba,-0.12009667447609813
AG-R,1234.1667,a75_a50_an,0.027930432740722627
AG-R,1234.1667,a75_an_ba,-0.09216624173537549
AG-R,1235,a50_an_ba,-0.10502705259574502
AG-R,1235,a75_a50_an,0.027384004679503103
AG-R,1235,a75_an_ba,-0.07764304791624191
AG-R,1235.8333,a50_an_ba,-0.09082642976473777
AG-R,1235.8333,a75_a50_an,0.02758950890443524
AG-R,1235.8333,a75_an_ba,-0.06323692086030254
AG-R,1236.6667,a50_an_ba,-0.07760825895397093
AG-R,1236.6667,a75_a50_an,0.028532029083084224
AG-R,1236.6667,a75_an_ba,-0.0490762298708867
AG-R,1237.5,a50_an_ba,-0.06546949258372264
AG-R,1237.5,a75_a50_an,0.030180127486238693
AG-R,1237.5,a75_an_ba,-0.035289365097483955
AG-R,1238.3333,a50_an_ba,-0.05448952361482656
AG-R,1238.3333,a75_a50_an,0.03248635503428681
AG-R,1238.3333,a75_an_ba,-0.02200316858053975
AG-R,1239.1667,a50_an_ba,-0.04472944065034383
AG-R,1239.1667,a75_a50_an,0.0353880986819816
AG-R,1239.1667,a75_an_ba,-0.009341341968362227
AG-R,1240,a50_an_ba,-0.03623160545048592
AG-R,1240,a75_a50_an,0.038808752845630574
AG-R,1240,a75_an_ba,0.0025771473951446576
AG-R,1240.8333,a50_an_ba,-0.02901955540647824
AG-R,1240.8333,a75_a50_an,0.04265919479898678
AG-R,1240.8333,a75_an_ba,0.013639639392508533
AG-R,1241.6667,a50_an_ba,-0.023098227664706275
AG-R,1241.6667,a75_a50_an,0.04683953751139557
AG-R,1241.6667,a75_an_ba,0.023741309846689297
AG-R,1242.5,a50_an_ba,-0.018454495847796137
AG-R,1242.5,a75_a50_an,0.051241127409869275
AG-R,1242.5,a75_an_ba,0.03278663156207314
AG-R,1243.3333,a50_an_ba,-0.015058004788602738
AG-R,1243.3333,a75_a50_an,0.05574874914331354
AG-R,1243.3333,a75_an_ba,0.04069074435471081
AG-R,1244.1667,a50_an_ba,-0.012862283476060832
AG-R,1244.1667,a75_a50_an,0.060242994729637164
AG-R,1244.1667,a75_an_ba,0.04738071125357634
AG-R,1245,a50_an_ba,-0.011806111602108966
AG-R,1245,a75_a50_an,0.06460275057912447
AG-R,1245,a75_an_ba,0.0527966389770155
AG-R,1245.8333,a50_an_ba,-0.011815110781771948
AG-R,1245.8333,a75_a50_an,0.06870775289933678
AG-R,1245.8333,a75_an_ba,0.056892642117564826
AG-R,1246.6667,a50_an_ba,-0.01280352776979343
AG-R,1246.6667,a75_a50_an,0.07244115996959063
AG-R,1246.6667,a75_an_ba,0.059637632199797196
AG-R,1247.5,a50_an_ba,-0.014676173882077658
AG-R,1247.5,a75_a50_an,0.07569208877953472
AG-R,1247.5,a75_an_ba,0.06101591489745706
AG-R,1248.3333,a50_an_ba,-0.017330482401331494
AG-R,1248.3333,a75_a50_an,0.07835806358889305
AG-R,1248.3333,a75_an_ba,0.06102758118756155
AG-R,1249.1667,a50_an_ba,-0.020658644043786485
AG-R,1249.1667,a75_a50_an,0.08034732509544823
AG-R,1249.1667,a75_an_ba,0.05968868105166175
AG-R,1250,a50_an_ba,-0.02454977961394355
AG-R,1250,a75_a50_an,0.0815809510853576
AG-R,1250,a75_an_ba,0.05703117147141405
AG-R,1250.8333,a50_an_ba,-0.028892108789211304
AG-R,1250.8333,a75_a50_an,0.081994742651987515
AG-R,1250.8333,a75_an_ba,0.05310263386277622
AG-R,1251.6667,a50_an_ba,-0.03357507455405059
AG-R,1251.6667,a75_a50_an,0.08154083425322795
AG-R,1251.6667,a75_an_ba,0.04796575969917735
AG-R,1252.5,a50_an_ba,-0.038491384127850664
AG-R,1252.5,a75_a50_an,0.0801889909591028
AG-R,1252.5,a75_an_ba,0.041697606831252135
AG-R,1253.3333,a50_an_ba,-0.043538929272263584
AG-R,1253.3333,a75_a50_an,0.07792756212848692
AG-R,1253.3333,a75_an_ba,0.03438863285622334
AG-R,1254.1667,a50_an_ba,-0.04862255157931764
AG-R,1254.1667,a75_a50_an,0.07476406733565243
AG-R,1254.1667,a75_an_ba,0.026141515756334784
AG-R,1255,a50_an_ba,-0.053655621676087936
AG-R,1255,a75_a50_an,0.0707253975185362
AG-R,1255,a75_an_ba,0.017069775842448263
AG-R,1255.8333,a50_an_ba,-0.058561405168586905
AG-R,1255.8333,a75_a50_an,0.06585762190232987
AG-R,1255.8333,a75_an_ba,0.0072962167337429626
AG-R,1256.6667,a50_an_ba,-0.06327419251074476
AG-R,1256.6667,a75_a50_an,0.06022539911547635
AG-R,1256.6667,a75_an_ba,-0.0030487933952684128
AG-R,1257.5,a50_an_ba,-0.06774017473909309
AG-R,1257.5,a75_a50_an,0.05391099890394211
AG-R,1257.5,a75_an_ba,-0.013829175835150986
AG-R,1258.3333,a50_an_ba,-0.07191805206857756
AG-R,1258.3333,a75_a50_an,0.047012948803423604
AG-R,1258.3333,a75_an_ba,-0.024905103265153956
AG-R,1259.1667,a50_an_ba,-0.07577936760333265
AG-R,1259.1667,a75_a50_an,0.03964432788628057
AG-R,1259.1667,a75_an_ba,-0.03613503971705208
AG-R,1260,a50_an_ba,-0.07930856377835177
AG-R,1260,a75_a50_an,0.031930737101366825
AG-R,1260,a75_an_ba,-0.047377826676984945
AG-R,1260.8333,a50_an_ba,-0.08250276451260541
AG-R,1260.8333,a75_a50_an,0.024007982616837918
AG-R,1260.8333,a75_an_ba,-0.05849478189576749
AG-R,1261.6667,a50_an_ba,-0.08537129132064138
AG-R,1261.6667,a75_a50_an,0.01601951481357078
AG-R,1261.6667,a75_an_ba,-0.0693517765070706
AG-R,1262.5,a50_an_ba,-0.08793492669970389
AG-R,1262.5,a75_a50_an,0.008113671026978742
AG-R,1262.5,a75_an_ba,-0.07982125567272515
AG-R,1263.3333,a50_an_ba,-0.09022494288880425
AG-R,1263.3333,a75_a50_an,4.407746792326911e-4
AG-R,1263.3333,a75_an_ba,-0.08978416820957155
AG-R,1264.1667,a50_an_ba,-0.09228191849683556
AG-R,1264.1667,a75_a50_an,-0.006849853019090404
AG-R,1264.1667,a75_an_ba,-0.09913177151592596
AG-R,1265,a50_an_ba,-0.09415436943808105
AG-R,1265,a75_a50_an,-0.01361291017087835
AG-R,1265,a75_an_ba,-0.1077672796089594
AG-R,1265.8333,a50_an_ba,-0.09589722402368457
AG-R,1265.8333,a75_a50_an,-0.019710100172505383
AG-R,1265.8333,a75_an_ba,-0.11560732419618995
AG-R,1266.6667,a50_an_ba,-0.09757017487569805
AG-R,1266.6667,a75_a50_an,-0.02501302653579275
AG-R,1266.6667,a75_an_ba,-0.1225832014114908
AG-R,1267.5,a50_an_ba,-0.09923594250601304
AG-R,1267.5,a75_a50_an,-0.02940593760661388
AG-R,1267.5,a75_an_ba,-0.12864188011262695
AG-R,1268.3333,a50_an_ba,-0.10095848689863465
AG-R,1268.3333,a75_a50_an,-0.03278826451750121
AG-R,1268.3333,a75_an_ba,-0.13374675141613587
AG-R,1269.1667,a50_an_ba,-0.10280120422534623
AG-R,1269.1667,a75_a50_an,-0.03507689915182556
AG-R,1269.1667,a75_an_ba,-0.13787810337717182
AG-R,1270,a50_an_ba,-0.10482514590080518
AG-R,1270,a75_a50_an,-0.036208163436962613
AG-R,1270,a75_an_ba,-0.1410333093377678
AG-R,1270.8333,a50_an_ba,-0.1070872965455521
AG-R,1270.8333,a75_a50_an,-0.036139426842734336
AG-R,1270.8333,a75_an_ba,-0.14322672338828646
AG-R,1271.6667,a50_an_ba,-0.10963894608997021
AG-R,1271.6667,a75_a50_an,-0.03485033543724537
AG-R,1271.6667,a75_an_ba,-0.14448928152721557
AG-R,1272.5,a50_an_ba,-0.11252418924746338
AG-R,1272.5,a75_a50_an,-0.032343623123821524
AG-R,1272.5,a75_an_ba,-0.1448678123712849
AG-R,1273.3333,a50_an_ba,-0.1157785829521408
AG-R,1273.3333,a75_a50_an,-0.02864548361149226
AG-R,1273.3333,a75_an_ba,-0.14442406656363307
AG-R,1274.1667,a50_an_ba,-0.11942798914782182
AG-R,1274.1667,a75_a50_an,-0.023805490104534234
AG-R,1274.1667,a75_an_ba,-0.14323347925235605
AG-R,1275,a50_an_ba,-0.12348762659436441
AG-R,1275,a75_a50_an,-0.017896058469712345
AG-R,1275,a75_an_ba,-0.14138368506407675
AG-R,1275.8333,a50_an_ba,-0.12796135119697366
AG-R,1275.8333,a75_a50_an,-0.011011458580470767
AG-R,1275.8333,a75_an_ba,-0.13897280977744444
AG-R,1276.6667,a50_an_ba,-0.13284117984466756
AG-R,1276.6667,a75_a50_an,-0.003266387468287348
AG-R,1276.6667,a75_an_ba,-0.13610756731295492
AG-R,1277.5,a50_an_ba,-0.13810706795254515
AG-R,1277.5,a75_a50_an,0.005205873345782381
AG-R,1277.5,a75_an_ba,-0.13290119460676278
AG-R,1278.3332999999998,a50_an_ba,-0.14372694593059146
AG-R,1278.3332999999998,a75_a50_an,0.014255685587486785
AG-R,1278.3332999999998,a75_an_ba,-0.12947126034310466
AG-R,1279.1667,a50_an_ba,-0.14965701474412915
AG-R,1279.1667,a75_a50_an,0.02371962843704175
AG-R,1279.1667,a75_an_ba,-0.1259373863070874
AG-R,1280,a50_an_ba,-0.15584229568370142
AG-R,1280,a75_a50_an,0.03342337346096786
AG-R,1280,a75_an_ba,-0.12241892222273357
AG-R,1280.8333,a50_an_ba,-0.16221742452035942
AG-R,1280.8333,a75_a50_an,0.0431848082125373
AG-R,1280.8333,a75_an_ba,-0.11903261630782212
AG-R,1281.6667,a50_an_ba,-0.16870767547903032
AG-R,1281.6667,a75_a50_an,0.052817351110485425
AG-R,1281.6667,a75_an_ba,-0.11589032436854489
AG-R,1282.5,a50_an_ba,-0.17523019600658477
AG-R,1282.5,a75_a50_an,0.06213339595737374
AG-R,1282.5,a75_an_ba,-0.11309680004921105
AG-R,1283.3333,a50_an_ba,-0.18169542922564255
AG-R,1283.3333,a75_a50_an,0.07094782138935585
AG-R,1283.3333,a75_an_ba,-0.1107476078362867
AG-R,1284.1667000000002,a50_an_ba,-0.188008697325428
AG-R,1284.1667000000002,a75_a50_an,0.07908149872665864
AG-R,1284.1667000000002,a75_an_ba,-0.10892719859876937
AG-R,1285,a50_an_ba,-0.19407191601465498
AG-R,1285,a75_a50_an,0.08636473116325048
AG-R,1285,a75_an_ba,-0.10770718485140451
AG-R,1285.8333,a50_an_ba,-0.19978540760509902
AG-R,1285.8333,a75_a50_an,0.09264055801333691
AG-R,1285.8333,a75_an_ba,-0.10714484959176213
AG-R,1286.6667,a50_an_ba,-0.2050497783548536
AG-R,1286.6667,a75_a50_an,0.09776785981402615
AG-R,1286.6667,a75_an_ba,-0.10728191854082743
AG-R,1287.5,a50_an_ba,-0.20976782441138245
AG-R,1287.5,a75_a50_an,0.1016242034338767
AG-R,1287.5,a75_an_ba,-0.10814362097750577
AG-R,1288.3333,a50_an_ba,-0.21384643007866452
AG-R,1288.3333,a75_a50_an,0.10410837089686896
AG-R,1288.3333,a75_an_ba,-0.10973805918179556
AG-R,1289.1667,a50_an_ba,-0.21719842219932745
AG-R,1289.1667,a75_a50_an,0.10514252131671069
AG-R,1289.1667,a75_an_ba,-0.11205590088261676
AG-R,1290,a50_an_ba,-0.2197443451881497
AG-R,1290,a75_a50_an,0.10467394204051945
AG-R,1290,a75_an_ba,-0.11507040314763024
AG-R,1290.8333,a50_an_ba,-0.22141412266182908
AG-R,1290.8333,a75_a50_an,0.1026763526963303
AG-R,1290.8333,a75_an_ba,-0.11873776996549879
AG-R,1291.6667,a50_an_ba,-0.2221485736526772
AG-R,1291.6667,a75_a50_an,0.09915073417927105
AG-R,1291.6667,a75_an_ba,-0.12299783947340616
AG-R,1292.5,a50_an_ba,-0.2219007540310791
AG-R,1292.5,a75_a50_an,0.09412566353549087
AG-R,1292.5,a75_an_ba,-0.12777509049558822
AG-R,1293.3333,a50_an_ba,-0.22063709694182032
AG-R,1293.3333,a75_a50_an,0.08765714503691911
AG-R,1293.3333,a75_an_ba,-0.13297995190490122
AG-R,1294.1667,a50_an_ba,-0.218338329721874
AG-R,1294.1667,a75_a50_an,0.0798279373013364
AG-R,1294.1667,a75_an_ba,-0.1385103924205376
AG-R,1295,a50_an_ba,-0.21500014884221952
AG-R,1295,a75_a50_an,0.07074638591317706
AG-R,1295,a75_an_ba,-0.14425376292904246
AG-R,1295.8333,a50_an_ba,-0.21063363882669062
AG-R,1295.8333,a75_a50_an,0.06054478045198026
AG-R,1295.8333,a75_an_ba,-0.15008885837471037
AG-R,1296.6667,a50_an_ba,-0.2052654257637971
AG-R,1296.6667,a75_a50_an,0.04937726395081292
AG-R,1296.6667,a75_an_ba,-0.1558881618129842
AG-R,1297.5,a50_an_ba,-0.19893756085577669
AG-R,1297.5,a75_a50_an,0.03741733140594039
AG-R,1297.5,a75_an_ba,-0.16152022944983627
AG-R,1298.3333,a50_an_ba,-0.19170713435286893
AG-R,1298.3333,a75_a50_an,0.024854961871059397
AG-R,1298.3333,a75_an_ba,-0.16685217248180953
AG-R,1299.1667,a50_an_ba,-0.18364562510942178
AG-R,1299.1667,a75_a50_an,0.011893435737563041
AG-R,1299.1667,a75_an_ba,-0.17175218937185877
AG-R,1300,a50_an_ba,-0.1748379957816417
AG-R,1300,a75_a50_an,-0.0012541051140518157
AG-R,1300,a75_an_ba,-0.1760921008956935
AG-R,1300.8333,a50_an_ba,-0.16538154827741391
AG-R,1300.8333,a75_a50_an,-0.014368291628203595
AG-R,1300.8333,a75_an_ba,-0.17974983990561752
AG-R,1301.6667,a50_an_ba,-0.15538455838288526
AG-R,1301.6667,a75_a50_an,-0.027227289916484532
AG-R,1301.6667,a75_an_ba,-0.18261184829936977
AG-R,1302.5,a50_an_ba,-0.14496471245075337
AG-R,1302.5,a75_a50_an,-0.03961062269667929
AG-R,1302.5,a75_an_ba,-0.18457533514743266
AG-R,1303.3333,a50_an_ba,-0.13424737257054117
AG-R,1303.3333,a75_a50_an,-0.051302979731966035
AG-R,1303.3333,a75_an_ba,-0.18555035230250722
AG-R,1304.1667,a50_an_ba,-0.12336369968900397
AG-R,1304.1667,a75_a50_an,-0.06209794736064924
AG-R,1304.1667,a75_an_ba,-0.1854616470496532
AG-R,1305,a50_an_ba,-0.11244866665621475
AG-R,1305,a75_a50_an,-0.07180158874186798
AG-R,1305,a75_an_ba,-0.18425025539808274
AG-R,1305.8333,a50_an_ba,-0.10163899509676079
AG-R,1305.8333,a75_a50_an,-0.08023580929484815
AG-R,1305.8333,a75_an_ba,-0.18187480439160894
AG-R,1306.6667,a50_an_ba,-0.09107105131443652
AG-R,1306.6667,a75_a50_an,-0.0872414459212694
AG-R,1306.6667,a75_an_ba,-0.1783124972357059
AG-R,1307.5,a50_an_ba,-0.08087873711230731
AG-R,1307.5,a75_a50_an,-0.09268102388960442
AG-R,1307.5,a75_an_ba,-0.17355976100191173
AG-R,1308.3333,a50_an_ba,-0.0711914114399693
AG-R,1308.3333,a75_a50_an,-0.09644113162100709
AG-R,1308.3333,a75_an_ba,-0.16763254306097636
AG-R,1309.1667,a50_an_ba,-0.062131878169604075
AG-R,1309.1667,a75_a50_an,-0.0984343709211757
AG-R,1309.1667,a75_an_ba,-0.16056624909077977
AG-R,1310,a50_an_ba,-0.053814474067411994
AG-R,1310,a75_a50_an,-0.09860084830568477
AG-R,1310,a75_an_ba,-0.15241532237309677
AG-R,1310.8333,a50_an_ba,-0.046343289193775054
AG-R,1310.8333,a75_a50_an,-0.09690918180588637
AG-R,1310.8333,a75_an_ba,-0.14325247099966143
AG-R,1311.6667,a50_an_ba,-0.03981054957145399
AG-R,1311.6667,a75_a50_an,-0.09335700684453878
AG-R,1311.6667,a75_an_ba,-0.13316755641599276
AG-R,1312.5,a50_an_ba,-0.03429518905365273
AG-R,1312.5,a75_a50_an,-0.08797097425199156
AG-R,1312.5,a75_an_ba,-0.12226616330564428
AG-R,1313.3333,a50_an_ba,-0.02986163395905998
AG-R,1313.3333,a75_a50_an,-0.08080624306692552
AG-R,1313.3333,a75_an_ba,-0.11066787702598549
AG-R,1314.1667,a50_an_ba,-0.02655882028340232
AG-R,1314.1667,a75_a50_an,-0.07194548024116197
AG-R,1314.1667,a75_an_ba,-0.09850430052456428
AG-R,1315,a50_an_ba,-0.02441945921718169
AG-R,1315,a75_a50_an,-0.0614973885591664
AG-R,1315,a75_an_ba,-0.0859168477763481
AG-R,1315.8333,a50_an_ba,-0.023459562373100425
AG-R,1315.8333,a75_a50_an,-0.04959479280936401
AG-R,1315.8333,a75_an_ba,-0.07305435518246443
AG-R,1316.6667,a50_an_ba,-0.023678233634030998
AG-R,1316.6667,a75_a50_an,-0.03639232233604248
AG-R,1316.6667,a75_an_ba,-0.060070555970073485
AG-R,1317.5,a50_an_ba,-0.025057729954924703
AG-R,1317.5,a75_a50_an,-0.02206373540076684
AG-R,1317.5,a75_an_ba,-0.04712146535569154
AG-R,1318.3333,a50_an_ba,-0.027563788872501955
AG-R,1318.3333,a75_a50_an,-0.006798937150863463
AG-R,1318.3333,a75_an_ba,-0.03436272602336542
AG-R,1319.1667,a50_an_ba,-0.0311462159765629
AG-R,1319.1667,a75_a50_an,0.009199251690959746
AG-R,1319.1667,a75_an_ba,-0.02194696428560316
AG-R,1320,a50_an_ba,-0.03573972125554238
AG-R,1320,a75_a50_an,0.02571851413596611
AG-R,1320,a75_an_ba,-0.010021207119576271
AG-R,1320.8333,a50_an_ba,-0.04126498912206216
AG-R,1320.8333,a75_a50_an,0.04254058001768813
AG-R,1320.8333,a75_an_ba,0.0012755908956259656
AG-R,1321.6667,a50_an_ba,-0.047629963121949524
AG-R,1321.6667,a75_a50_an,0.05944482697426743
AG-R,1321.6667,a75_an_ba,0.011814863852317914
AG-R,1322.5,a50_an_ba,-0.054731322896402874
AG-R,1322.5,a75_a50_an,0.07621187307382775
AG-R,1322.5,a75_an_ba,0.021480550177424878
AG-R,1323.3333,a50_an_ba,-0.06245612795806642
AG-R,1323.3333,a75_a50_an,0.09262709576160902
AG-R,1323.3333,a75_an_ba,0.030170967803542614
AG-R,1324.1667,a50_an_ba,-0.07068360030556581
AG-R,1324.1667,a75_a50_an,0.10848401400383072
AG-R,1324.1667,a75_an_ba,0.037800413698264916
AG-R,1325,a50_an_ba,-0.0792870158763958
AG-R,1325,a75_a50_an,0.12358747391116434
AG-R,1325,a75_an_ba,0.04430045803476854
AG-R,1325.8333,a50_an_ba,-0.08813567335355287
AG-R,1325.8333,a75_a50_an,0.13775658266520907
AG-R,1325.8333,a75_an_ba,0.04962090931165621
AG-R,1326.6667,a50_an_ba,-0.09709690791590418
AG-R,1326.6667,a75_a50_an,0.1508273411427596
AG-R,1326.6667,a75_an_ba,0.05373043322685542
AG-R,1327.5,a50_an_ba,-0.10603811716399565
AG-R,1327.5,a75_a50_an,0.16265493211311544
AG-R,1327.5,a75_an_ba,0.05661681494911979
AG-R,1328.3333,a50_an_ba,-0.11482876665983671
AG-R,1328.3333,a75_a50_an,0.17311562813357076
AG-R,1328.3333,a75_an_ba,0.05828686147373405
AG-R,1329.1667,a50_an_ba,-0.1233423432787717
AG-R,1329.1667,a75_a50_an,0.18210829113346913
AG-R,1329.1667,a75_an_ba,0.05876594785469742
AG-R,1330,a50_an_ba,-0.1314582258617259
AG-R,1330,a75_a50_an,0.18955544399228735
AG-R,1330,a75_an_ba,0.058097218130561484
AG-R,1330.8333,a50_an_ba,-0.13906344444565008
AG-R,1330.8333,a75_a50_an,0.19540390300879804
AG-R,1330.8333,a75_an_ba,0.056340458563147934
AG-R,1331.6667,a50_an_ba,-0.14605430159885377
AG-R,1331.6667,a75_a50_an,0.19962496884907033
AG-R,1331.6667,a75_an_ba,0.05357066725021656
AG-R,1332.5,a50_an_ba,-0.1523378320490248
AG-R,1332.5,a75_a50_an,0.20221418217303067
AG-R,1332.5,a75_an_ba,0.049876350124005854
AG-R,1333.3333,a50_an_ba,-0.15783307981068603
AG-R,1333.3333,a75_a50_an,0.20319065849788143
AG-R,1333.3333,a75_an_ba,0.0453575786871954
AG-R,1334.1667,a50_an_ba,-0.16247217533659528
AG-R,1334.1667,a75_a50_an,0.202596024794346
AG-R,1334.1667,a75_an_ba,0.040123849457750715
AG-R,1335,a50_an_ba,-0.166201198770151
AG-R,1335,a75_a50_an,0.20049298767111215
AG-R,1335,a75_an_ba,0.03429178890096115
AG-R,1335.8333,a50_an_ba,-0.16898081909670962
AG-R,1335.8333,a75_a50_an,0.19696356964034853
AG-R,1335.8333,a75_an_ba,0.027982750543638916
AG-R,1336.6667,a50_an_ba,-0.17078670281250674
AG-R,1336.6667,a75_a50_an,0.19210705574562195
AG-R,1336.6667,a75_an_ba,0.021320352933115218
AG-R,1337.5,a50_an_ba,-0.17160968958171036
AG-R,1337.5,a75_a50_an,0.18603769766477923
AG-R,1337.5,a75_an_ba,0.014428008083068874
AG-R,1338.3333,a50_an_ba,-0.17145573616744564
AG-R,1338.3333,a75_a50_an,0.17888222618749194
AG-R,1338.3333,a75_an_ba,0.0074264900200463
AG-R,1339.1667,a50_an_ba,-0.1703456336355098
AG-R,1339.1667,a75_a50_an,0.17077722564591793
AG-R,1339.1667,a75_an_ba,4.315920104081199e-4
AG-R,1340,a50_an_ba,-0.16831450637768414
AG-R,1340,a75_a50_an,0.16186642540730534
AG-R,1340,a75_an_ba,-0.006448080970378787
AG-R,1340.8332999999998,a50_an_ba,-0.16541110482722657
AG-R,1340.8332999999998,a75_a50_an,0.152297963903669
AG-R,1340.8332999999998,a75_an_ba,-0.013113140923557547
AG-R,1341.6667,a50_an_ba,-0.1616969067894704
AG-R,1341.6667,a75_a50_an,0.14222167988508547
AG-R,1341.6667,a75_an_ba,-0.019475226904384937
AG-R,1342.5,a50_an_ba,-0.15724504503946757
AG-R,1342.5,a75_a50_an,0.13178648367327875
AG-R,1342.5,a75_an_ba,-0.025458561366188823
AG-R,1343.3333,a50_an_ba,-0.15213908120672373
AG-R,1343.3333,a75_a50_an,0.12113785821763327
AG-R,1343.3333,a75_an_ba,-0.031001222989090447
AG-R,1344.1667,a50_an_ba,-0.14647164794259818
AG-R,1344.1667,a75_a50_an,0.11041553579561354
AG-R,1344.1667,a75_an_ba,-0.036056112146984634
AG-R,1345,a50_an_ba,-0.14034298292483727
AG-R,1345,a75_a50_an,0.09975139135236097
AG-R,1345,a75_an_ba,-0.04059159157247631
AG-R,1345.8333,a50_an_ba,-0.1338593793804588
AG-R,1345.8333,a75_a50_an,0.08926758785682995
AG-R,1345.8333,a75_an_ba,-0.04459179152362886
AG-R,1346.6667000000002,a50_an_ba,-0.12713157849506743
AG-R,1346.6667000000002,a75_a50_an,0.07907500279567083
AG-R,1346.6667000000002,a75_an_ba,-0.04805657569939659
AG-R,1347.5,a50_an_ba,-0.12027312932453442
AG-R,1347.5,a75_a50_an,0.06927195817502739
AG-R,1347.5,a75_an_ba,-0.05100117114950702
AG-R,1348.3333,a50_an_ba,-0.11339874164232698
AG-R,1348.3333,a75_a50_an,0.05994326930716963
AG-R,1348.3333,a75_an_ba,-0.05345547233515735
AG-R,1349.1667,a50_an_ba,-0.10662265655877276
AG-R,1349.1667,a75_a50_an,0.051159620381566163
AG-R,1349.1667,a75_an_ba,-0.05546303617720659
AG-R,1350,a50_an_ba,-0.10005705876035989
AG-R,1350,a75_a50_an,0.04297726751880694
AG-R,1350,a75_an_ba,-0.05707979124155295
AG-R,1350.8333,a50_an_ba,-0.09381055286730676
AG-R,1350.8333,a75_a50_an,0.035438062839583444
AG-R,1350.8333,a75_an_ba,-0.05837249002772331
AG-R,1351.6667,a50_an_ba,-0.087986724731246
AG-R,1351.6667,a75_a50_an,0.028569786203551228
AG-R,1351.6667,a75_an_ba,-0.059416938527694765
AG-R,1352.5,a50_an_ba,-0.08268280653187474
AG-R,1352.5,a75_a50_an,0.022386764830070818
AG-R,1352.5,a75_an_ba,-0.06029604170180392
AG-R,1353.3333,a50_an_ba,-0.07798846232556399
AG-R,1353.3333,a75_a50_an,0.01689075513908653
AG-R,1353.3333,a75_an_ba,-0.06109770718647745
AG-R,1354.1667,a50_an_ba,-0.0739847082969913
AG-R,1354.1667,a75_a50_an,0.012072055966126104
AG-R,1354.1667,a75_an_ba,-0.061912652330865195
AG-R,1355,a50_an_ba,-0.0707429794153917
AG-R,1355,a75_a50_an,0.007910817914385344
AG-R,1355,a75_an_ba,-0.06283216150100636
AG-R,1355.8333,a50_an_ba,-0.06832435154965093
AG-R,1355.8333,a75_a50_an,0.00437851009434234
AG-R,1355.8333,a75_an_ba,-0.06394584145530859
AG-R,1356.6667,a50_an_ba,-0.06677892540065974
AG-R,1356.6667,a75_a50_an,0.001439502932046645
AG-R,1356.6667,a75_an_ba,-0.06533942246861309
AG-R,1357.5,a50_an_ba,-0.06614537591365867
AG-R,1357.5,a75_a50_an,-9.472758556318691e-4
AG-R,1357.5,a75_an_ba,-0.06709265176929054
AG-R,1358.3333,a50_an_ba,-0.06645066818438851
AG-R,1358.3333,a75_a50_an,-0.002826655595984534
AG-R,1358.3333,a75_an_ba,-0.06927732378037305
AG-R,1359.1667,a50_an_ba,-0.06770993831457262
AG-R,1359.1667,a75_a50_an,-0.004245550352729574
AG-R,1359.1667,a75_an_ba,-0.07195548866730218
AG-R,1360,a50_an_ba,-0.0699265352451554
AG-R,1360,a75_a50_an,-0.00525134161082001
AG-R,1360,a75_an_ba,-0.07517787685597542
AG-R,1360.8333,a50_an_ba,-0.07309221733607138
AG-R,1360.8333,a75_a50_an,-0.005890355241160947
AG-R,1360.8333,a75_an_ba,-0.07898257257723233
AG-R,1361.6667,a50_an_ba,-0.07718749540088773
AG-R,1361.6667,a75_a50_an,-0.006206468814629417
AG-R,1361.6667,a75_an_ba,-0.08339396421551715
AG-R,1362.5,a50_an_ba,-0.08218211207002368
AG-R,1362.5,a75_a50_an,-0.006239881331307648
AG-R,1362.5,a75_an_ba,-0.08842199340133133
AG-R,1363.3333,a50_an_ba,-0.08803564576866016
AG-R,1363.3333,a75_a50_an,-0.006026072743238006
AG-R,1363.3333,a75_an_ba,-0.09406171851189817
AG-R,1364.1667,a50_an_ba,-0.09469822627056915
AG-R,1364.1667,a75_a50_an,-0.005594975392849574
AG-R,1364.1667,a75_an_ba,-0.10029320166341872
AG-R,1365,a50_an_ba,-0.10211134773686847
AG-R,1365,a75_a50_an,-0.004970373791600755
AG-R,1365,a75_an_ba,-0.10708172152846923
AG-R,1365.8333,a50_an_ba,-0.11020876437368039
AG-R,1365.8333,a75_a50_an,-0.004169543160179378
AG-R,1365.8333,a75_an_ba,-0.11437830753385977
AG-R,1366.6667,a50_an_ba,-0.1189174533437114
AG-R,1366.6667,a75_a50_an,-0.003203130984035806
AG-R,1366.6667,a75_an_ba,-0.1221205843277472
AG-R,1367.5,a50_an_ba,-0.12815862933771163
AG-R,1367.5,a75_a50_an,-0.002075279649787152
AG-R,1367.5,a75_an_ba,-0.1302339089874988
AG-R,1368.3333,a50_an_ba,-0.13784879524192914
AG-R,1368.3333,a75_a50_an,-7.839821617934547e-4
AG-R,1368.3333,a75_an_ba,-0.1386327774037226
AG-R,1369.1667,a50_an_ba,-0.1479008136113559
AG-R,1369.1667,a75_a50_an,6.783428673454592e-4
AG-R,1369.1667,a75_an_ba,-0.14722247074401043
AG-R,1370,a50_an_ba,-0.15822498415711658
AG-R,1370,a75_a50_an,0.0023240761719788986
AG-R,1370,a75_an_ba,-0.1559009079851377
AG-R,1370.8333,a50_an_ba,-0.16873011315720493
AG-R,1370.8333,a75_a50_an,0.0041694468536436526
AG-R,1370.8333,a75_an_ba,-0.16456066630356128
AG-R,1371.6667,a50_an_ba,-0.17932456157826496
AG-R,1371.6667,a75_a50_an,0.006233433863046929
AG-R,1371.6667,a75_an_ba,-0.17309112771521803
AG-R,1372.5,a50_an_ba,-0.18991725972524062
AG-R,1372.5,a75_a50_an,0.008536551901673042
AG-R,1372.5,a75_an_ba,-0.18138070782356758
AG-R,1373.3333,a50_an_ba,-0.20041867738754512
AG-R,1373.3333,a75_a50_an,0.011099556469119217
AG-R,1373.3333,a75_an_ba,-0.18931912091842593
AG-R,1374.1667,a50_an_ba,-0.21074173969622914
AG-R,1374.1667,a75_a50_an,0.013942104699472201
AG-R,1374.1667,a75_an_ba,-0.19679963499675696
AG-R,1375,a50_an_ba,-0.2208026802176966
AG-R,1375,a75_a50_an,0.01708140965776957
AG-R,1375,a75_an_ba,-0.20372127055992706
AG-R,1375.8333,a50_an_ba,-0.23052182415794026
AG-R,1375.8333,a75_a50_an,0.020530925887981773
AG-R,1375.8333,a75_an_ba,-0.2099908982699585
AG-R,1376.6667,a50_an_ba,-0.2398242959103053
AG-R,1376.6667,a75_a50_an,0.02429910321985854
AG-R,1376.6667,a75_an_ba,-0.21552519269044673
AG-R,1377.5,a50_an_ba,-0.24864064652414036
AG-R,1377.5,a75_a50_an,0.02838824417677695
AG-R,1377.5,a75_an_ba,-0.22025240234736343
AG-R,1378.3333,a50_an_ba,-0.25690739797880846
AG-R,1378.3333,a75_a50_an,0.0327934978236914
AG-R,1378.3333,a75_an_ba,-0.22411390015511706
AG-R,1379.1667,a50_an_ba,-0.26456750239684135
AG-R,1379.1667,a75_a50_an,0.03750201961538458
AG-R,1379.1667,a75_an_ba,-0.22706548278145677
AG-R,1380,a50_an_ba,-0.27157071550407824
AG-R,1380,a75_a50_an,0.042492322829765575
AG-R,1380,a75_an_ba,-0.22907839267431268
AG-R,1380.8333,a50_an_ba,-0.27787388472905716
AG-R,1380.8333,a75_a50_an,0.04773384259353822
AG-R,1380.8333,a75_an_ba,-0.23014004213551892
AG-R,1381.6667,a50_an_ba,-0.2834411533174226
AG-R,1381.6667,a75_a50_an,0.05318672843593239
AG-R,1381.6667,a75_an_ba,-0.2302544248814902
AG-R,1382.5,a50_an_ba,-0.28824408271159907
AG-R,1382.5,a75_a50_an,0.058801875858664913
AG-R,1382.5,a75_an_ba,-0.22944220685293415
AG-R,1383.3333,a50_an_ba,-0.29226169620662185
AG-R,1383.3333,a75_a50_an,0.06452120171325128
AG-R,1383.3333,a75_an_ba,-0.22774049449337058
AG-R,1384.1667,a50_an_ba,-0.29548044753813163
AG-R,1384.1667,a75_a50_an,0.07027816236136752
AG-R,1384.1667,a75_an_ba,-0.22520228517676413
AG-R,1385,a50_an_ba,-0.2978941185889538
AG-R,1385,a75_a50_an,0.07599850779359714
AG-R,1385,a75_an_ba,-0.2218956107953567
AG-R,1385.8333,a50_an_ba,-0.2995036508204957
AG-R,1385.8333,a75_a50_an,0.08160125922893285
AG-R,1385.8333,a75_an_ba,-0.21790239159156283
AG-R,1386.6667,a50_an_ba,-0.30031691535016636
AG-R,1386.6667,a75_a50_an,0.08699989234021208
AG-R,1386.6667,a75_an_ba,-0.2133170230099543
AG-R,1387.5,a50_an_ba,-0.30034842681427576
AG-R,1387.5,a75_a50_an,0.09210370327099265
AG-R,1387.5,a75_an_ba,-0.20824472354328308
AG-R,1388.3333,a50_an_ba,-0.29961900628728727
AG-R,1388.3333,a75_a50_an,0.09681933013933904
AG-R,1388.3333,a75_an_ba,-0.20279967614794825
AG-R,1389.1667,a50_an_ba,-0.29815539858334517
AG-R,1389.1667,a75_a50_an,0.10105239886391322
AG-R,1389.1667,a75_an_ba,-0.19710299971943196
AG-R,1390,a50_an_ba,-0.29598984925664557
AG-R,1390,a75_a50_an,0.10470925898367416
AG-R,1390,a75_an_ba,-0.1912805902729714
AG-R,1390.8333,a50_an_ba,-0.29315964655536897
AG-R,1390.8333,a75_a50_an,0.10769877274481453
AG-R,1390.8333,a75_an_ba,-0.1854608738105544
AG-R,1391.6667,a50_an_ba,-0.2897066334814758
AG-R,1391.6667,a75_a50_an,0.10993411914976796
AG-R,1391.6667,a75_an_ba,-0.17977251433170782
AG-R,1392.5,a50_an_ba,-0.28567669497737713
AG-R,1392.5,a75_a50_an,0.11133457393772829
AG-R,1392.5,a75_an_ba,-0.17434212103964883
AG-R,1393.3333,a50_an_ba,-0.2811192251110744
AG-R,1393.3333,a75_a50_an,0.11182722660901076
AG-R,1393.3333,a75_an_ba,-0.16929199850206367
AG-R,1394.1667,a50_an_ba,-0.27608657897358335
AG-R,1394.1667,a75_a50_an,0.11134859661250136
AG-R,1394.1667,a75_an_ba,-0.16473798236108197
AG-R,1395,a50_an_ba,-0.27063351384475015
AG-R,1395,a75_a50_an,0.1098461126627912
AG-R,1395,a75_an_ba,-0.16078740118195894
AG-R,1395.8333,a50_an_ba,-0.2648166240328137
AG-R,1395.8333,a75_a50_an,0.10727942179921632
AG-R,1395.8333,a75_an_ba,-0.15753720223359738
AG-R,1396.6667,a50_an_ba,-0.2586937736544336
AG-R,1396.6667,a75_a50_an,0.10362149818331869
AG-R,1396.6667,a75_an_ba,-0.15507227547111488
AG-R,1397.5,a50_an_ba,-0.2523235314987917
AG-R,1397.5,a75_a50_an,0.09885952567831063
AG-R,1397.5,a75_an_ba,-0.15346400582048111
AG-R,1398.3333,a50_an_ba,-0.2457646120134001
AG-R,1398.3333,a75_a50_an,0.09299553287384384
AG-R,1398.3333,a75_an_ba,-0.15276907913955629
AG-R,1399.1667,a50_an_ba,-0.23907532636010925
AG-R,1399.1667,a75_a50_an,0.08604676430943782
AG-R,1399.1667,a75_an_ba,-0.15302856205067145
AG-R,1400,a50_an_ba,-0.23231304741571757
AG-R,1400,a75_a50_an,0.07804577709775437
AG-R,1400,a75_an_ba,-0.1542672703179632
AG-R,1400.8333,a50_an_ba,-0.22553369252889627
AG-R,1400.8333,a75_a50_an,0.06904025783503716
AG-R,1400.8333,a75_an_ba,-0.1564934346938591
AG-R,1401.6667,a50_an_ba,-0.21879122778912438
AG-R,1401.6667,a75_a50_an,0.059092560485835534
AG-R,1401.6667,a75_an_ba,-0.15969866730328885
AG-R,1402.5,a50_an_ba,-0.2121371975078342
AG-R,1402.5,a75_a50_an,0.048278971716394385
AG-R,1402.5,a75_an_ba,-0.1638582257914398
AG-R,1403.3332999999998,a50_an_ba,-0.20562028255023865
AG-R,1403.3332999999998,a75_a50_an,0.03668871580030826
AG-R,1403.3332999999998,a75_an_ba,-0.16893156674993037
AG-R,1404.1667,a50_an_ba,-0.19928589108067457
AG-R,1404.1667,a75_a50_an,0.02442271660942081
AG-R,1404.1667,a75_an_ba,-0.17486317447125377
AG-R,1405,a50_an_ba,-0.1931757851871071
AG-R,1405,a75_a50_an,0.011592139216999964
AG-R,1405,a75_an_ba,-0.18158364597010715
AG-R,1405.8333,a50_an_ba,-0.187327746723937
AG-R,1405.8333,a75_a50_an,-0.0016832618277112608
AG-R,1405.8333,a75_an_ba,-0.18901100855164826
AG-R,1406.6667,a50_an_ba,-0.18177528554895184
AG-R,1406.6667,a75_a50_an,-0.015276956540030811
AG-R,1406.6667,a75_an_ba,-0.19705224208898267
AG-R,1407.5,a50_an_ba,-0.1765473931235853
AG-R,1407.5,a75_a50_an,-0.02905758154745957
AG-R,1407.5,a75_an_ba,-0.20560497467104485
AG-R,1408.3333,a50_an_ba,-0.17166834418975524
AG-R,1408.3333,a75_a50_an,-0.042890973269575035
AG-R,1408.3333,a75_an_ba,-0.21455931745933027
AG-R,1409.1667000000002,a50_an_ba,-0.1671575489268906
AG-R,1409.1667000000002,a75_a50_an,-0.05664225356752763
AG-R,1409.1667000000002,a75_an_ba,-0.22379980249441825
AG-R,1410,a50_an_ba,-0.16302945762633836
AG-R,1410,a75_a50_an,-0.07017792822568644
AG-R,1410,a75_an_ba,-0.2332073858520248
AG-R,1410.8333,a50_an_ba,-0.1592935194955845
AG-R,1410.8333,a75_a50_an,-0.08336795848257271
AG-R,1410.8333,a75_an_ba,-0.2426614779781572
AG-R,1411.6667,a50_an_ba,-0.15595419672215113
AG-R,1411.6667,a75_a50_an,-0.09608776651021783
AG-R,1411.6667,a75_an_ba,-0.252041963232369
AG-R,1412.5,a50_an_ba,-0.15301103438866298
AG-R,1412.5,a75_a50_an,-0.10822013723086989
AG-R,1412.5,a75_an_ba,-0.26123117161953285
AG-R,1413.3333,a50_an_ba,-0.15045878624071835
AG-R,1413.3333,a75_a50_an,-0.11965698112039032
AG-R,1413.3333,a75_an_ba,-0.2701157673611087
AG-R,1414.1667,a50_an_ba,-0.14828759567380942
AG-R,1414.1667,a75_a50_an,-0.1303009256252346
AG-R,1414.1667,a75_an_ba,-0.278588521299044
AG-R,1415,a50_an_ba,-0.14648323063246618
AG-R,1415,a75_a50_an,-0.14006670644611383
AG-R,1415,a75_an_ba,-0.28654993707858
AG-R,1415.8333,a50_an_ba,-0.14502737041364738
AG-R,1415.8333,a75_a50_an,-0.14888233413426968
AG-R,1415.8333,a75_an_ba,-0.29390970454791704
AG-R,1416.6667,a50_an_ba,-0.14389794164828565
AG-R,1416.6667,a75_a50_an,-0.15669001611215494
AG-R,1416.6667,a75_an_ba,-0.30058795776044056
AG-R,1417.5,a50_an_ba,-0.14306950001209104
AG-R,1417.5,a75_a50_an,-0.16344681926641474
AG-R,1417.5,a75_an_ba,-0.30651631927850576
AG-R,1418.3333,a50_an_ba,-0.14251365350289324
AG-R,1418.3333,a75_a50_an,-0.1691250635572206
AG-R,1418.3333,a75_an_ba,-0.3116387170601138
AG-R,1419.1667,a50_an_ba,-0.14219952243080522
AG-R,1419.1667,a75_a50_an,-0.17371244252991325
AG-R,1419.1667,a75_an_ba,-0.31591196496071844
AG-R,1420,a50_an_ba,-0.1420942306143058
AG-R,1420,a75_a50_an,-0.1772118720856451
AG-R,1420,a75_an_ba,-0.31930610269995086
AG-R,1420.8333,a50_an_ba,-0.14216342167429405
AG-R,1420.8333,a75_a50_an,-0.1796410742514827
AG-R,1420.8333,a75_an_ba,-0.32180449592577676
AG-R,1421.6667,a50_an_ba,-0.14237179378377765
AG-R,1421.6667,a75_a50_an,-0.1810319078740546
AG-R,1421.6667,a75_an_ba,-0.3234037016578322
AG-R,1422.5,a50_an_ba,-0.14268364577693496
AG-R,1422.5,a75_a50_an,-0.18142946303680976
AG-R,1422.5,a75_an_ba,-0.3241131088137447
AG-R,1423.3333,a50_an_ba,-0.1430634271603186
AG-R,1423.3333,a75_a50_an,-0.180890940469671
AG-R,1423.3333,a75_an_ba,-0.3239543676299896
AG-R,1424.1667,a50_an_ba,-0.14347628431258116
AG-R,1424.1667,a75_a50_an,-0.17948434119136084
AG-R,1424.1667,a75_an_ba,-0.322960625503942
AG-R,1425,a50_an_ba,-0.14388859501681356
AG-R,1425,a75_a50_an,-0.1772869950209553
AG-R,1425,a75_an_ba,-0.32117559003776885
AG-R,1425.8333,a50_an_ba,-0.14426848344934165
AG-R,1425.8333,a75_a50_an,-0.1743839593515371
AG-R,1425.8333,a75_an_ba,-0.31865244280087873
AG-R,1426.6667,a50_an_ba,-0.14458630785605922
AG-R,1426.6667,a75_a50_an,-0.1708663216449495
AG-R,1426.6667,a75_an_ba,-0.3154526295010087
AG-R,1427.5,a50_an_ba,-0.1448151133854858
AG-R,1427.5,a75_a50_an,-0.16682944044801357
AG-R,1427.5,a75_an_ba,-0.31164455383349937
AG-R,1428.3333,a50_an_ba,-0.14493104291727296
AG-R,1428.3333,a75_a50_an,-0.16237116032861101
AG-R,1428.3333,a75_an_ba,-0.307302203245884
AG-R,1429.1667,a50_an_ba,-0.14491369922391223
AG-R,1429.1667,a75_a50_an,-0.15759003598253013
AG-R,1429.1667,a75_an_ba,-0.30250373520644236
AG-R,1430,a50_an_ba,-0.14474645242750514
AG-R,1430,a75_a50_an,-0.15258359988282655
AG-R,1430,a75_an_ba,-0.29733005231033166
AG-R,1430.8333,a50_an_ba,-0.14441668745516392
AG-R,1430.8333,a75_a50_an,-0.14744670626230783
AG-R,1430.8333,a75_an_ba,-0.2918633937174717
AG-R,1431.6667,a50_an_ba,-0.14391598704631112
AG-R,1431.6667,a75_a50_an,-0.14226998198095656
AG-R,1431.6667,a75_an_ba,-0.2861859690272677
AG-R,1432.5,a50_an_ba,-0.14324024681067168
AG-R,1432.5,a75_a50_an,-0.13713841199173152
AG-R,1432.5,a75_an_ba,-0.2803786588024032
AG-R,1433.3333,a50_an_ba,-0.1423897198625233
AG-R,1433.3333,a75_a50_an,-0.13213008375046853
AG-R,1433.3333,a75_an_ba,-0.27451980361299183
AG-R,1434.1667,a50_an_ba,-0.14136898964866584
AG-R,1434.1667,a75_a50_an,-0.12731511109920932
AG-R,1434.1667,a75_an_ba,-0.26868410074787513
AG-R,1435,a50_an_ba,-0.14018687072637057
AG-R,1435,a75_a50_an,-0.12275475397656341
AG-R,1435,a75_an_ba,-0.262941624702934
AG-R,1435.8333,a50_an_ba,-0.13885623841390057
AG-R,1435.8333,a75_a50_an,-0.1185007458694282
AG-R,1435.8333,a75_an_ba,-0.25735698428332876
AG-R,1436.6667,a50_an_ba,-0.13739378940996252
AG-R,1436.6667,a75_a50_an,-0.1145948363174745
AG-R,1436.6667,a75_an_ba,-0.251988625727437
AG-R,1437.5,a50_an_ba,-0.13581973663827296
AG-R,1437.5,a75_a50_an,-0.11106855111753436
AG-R,1437.5,a75_an_ba,-0.24688828775580732
AG-R,1438.3333,a50_an_ba,-0.13415744269876875
AG-R,1438.3333,a75_a50_an,-0.10794316825104633
AG-R,1438.3333,a75_an_ba,-0.24210061094981508
AG-R,1439.1667,a50_an_ba,-0.13243299737654796
AG-R,1439.1667,a75_a50_an,-0.1052299030733237
AG-R,1439.1667,a75_an_ba,-0.23766290044987165
AG-R,1440,a50_an_ba,-0.13067474565361553
AG-R,1440,a75_a50_an,-0.10293029205335602
AG-R,1440,a75_an_ba,-0.23360503770697155
AG-R,1440.8333,a50_an_ba,-0.12891277356754877
AG-R,1440.8333,a75_a50_an,-0.10103676042496265
AG-R,1440.8333,a75_an_ba,-0.22994953399251142
AG-R,1441.6667,a50_an_ba,-0.1271783600480562
AG-R,1441.6667,a75_a50_an,-0.099533355583697
AG-R,1441.6667,a75_an_ba,-0.22671171563175319
AG-R,1442.5,a50_an_ba,-0.12550340352091885
AG-R,1442.5,a75_a50_an,-0.0983966250084869
AG-R,1442.5,a75_an_ba,-0.22390002852940574
AG-R,1443.3333,a50_an_ba,-0.12391983258582426
AG-R,1443.3333,a75_a50_an,-0.09759661495975368
AG-R,1443.3333,a75_an_ba,-0.22151644754557795
AG-R,1444.1667,a50_an_ba,-0.122459010438692
AG-R,1444.1667,a75_a50_an,-0.09709796425217233
AG-R,1444.1667,a75_an_ba,-0.21955697469086433
AG-R,1445,a50_an_ba,-0.12115114291199588
AG-R,1445,a75_a50_an,-0.09686106605151285
AG-R,1445,a75_an_ba,-0.2180122089635087
AG-R,1445.8333,a50_an_ba,-0.12002470004282217
AG-R,1445.8333,a75_a50_an,-0.09684326991889389
AG-R,1445.8333,a75_an_ba,-0.21686796996171606
AG-R,1446.6667,a50_an_ba,-0.11910586094531743
AG-R,1446.6667,a75_a50_an,-0.09700009622567668
AG-R,1446.6667,a75_an_ba,-0.21610595717099412
AG-R,1447.5,a50_an_ba,-0.1184179914625929
AG-R,1447.5,a75_a50_an,-0.09728643557774261
AG-R,1447.5,a75_an_ba,-0.21570442704033552
AG-R,1448.3333,a50_an_ba,-0.1179811636065658
AG-R,1448.3333,a75_a50_an,-0.09765770699485074
AG-R,1448.3333,a75_an_ba,-0.21563887060141654
AG-R,1449.1667,a50_an_ba,-0.11781172516959056
AG-R,1449.1667,a75_a50_an,-0.09807095025262118
AG-R,1449.1667,a75_an_ba,-0.21588267542221173
AG-R,1450,a50_an_ba,-0.11792192711858603
AG-R,1450,a75_a50_an,-0.09848582996284444
AG-R,1450,a75_an_ba,-0.21640775708143045
AG-R,1450.8333,a50_an_ba,-0.1183196154733942
AG-R,1450.8333,a75_a50_an,-0.09886553158342695
AG-R,1450.8333,a75_an_ba,-0.21718514705682113
AG-R,1451.6667,a50_an_ba,-0.11900799334121069
AG-R,1451.6667,a75_a50_an,-0.099177532544598
AG-R,1451.6667,a75_an_ba,-0.21818552588580872
AG-R,1452.5,a50_an_ba,-0.11998545764541972
AG-R,1452.5,a75_a50_an,-0.09939423497792008
AG-R,1452.5,a75_an_ba,-0.2193796926233398
AG-R,1453.3333,a50_an_ba,-0.121245513869521
AG-R,1453.3333,a75_a50_an,-0.09949345005866997
AG-R,1453.3333,a75_an_ba,-0.22073896392819098
AG-R,1454.1667,a50_an_ba,-0.1227767708556846
AG-R,1454.1667,a75_a50_an,-0.09945872763639375
AG-R,1454.1667,a75_an_ba,-0.22223549849207835
AG-R,1455,a50_an_ba,-0.12456301637514212
AG-R,1455,a75_a50_an,-0.09927952854713885
AG-R,1455,a75_an_ba,-0.22384254492228098
AG-R,1455.8333,a50_an_ba,-0.12658337284685742
AG-R,1455.8333,a75_a50_an,-0.09895124068914248
AG-R,1455.8333,a75_an_ba,-0.22553461353599988
AG-R,1456.6667,a50_an_ba,-0.12881253124522443
AG-R,1456.6667,a75_a50_an,-0.09847504351843077
AG-R,1456.6667,a75_an_ba,-0.2272875747636552
AG-R,1457.5,a50_an_ba,-0.13122105992993616
AG-R,1457.5,a75_a50_an,-0.09785762900356815
AG-R,1457.5,a75_an_ba,-0.22907868893350433
AG-R,1458.3333,a50_an_ba,-0.1337757838746218
AG-R,1458.3333,a75_a50_an,-0.0971107901965818
AG-R,1458.3333,a75_an_ba,-0.2308865740712036
AG-R,1459.1667,a50_an_ba,-0.13644022858713947
AG-R,1459.1667,a75_a50_an,-0.0962508913647625
AG-R,1459.1667,a75_an_ba,-0.23269111995190198
AG-R,1460,a50_an_ba,-0.139175121924159
AG-R,1460,a75_a50_an,-0.0952982360288956
AG-R,1460,a75_an_ba,-0.23447335795305463
AG-R,1460.8333,a50_an_ba,-0.1419389460247806
AG-R,1460.8333,a75_a50_an,-0.09427635122097483
AG-R,1460.8333,a75_an_ba,-0.2362152972457554
AG-R,1461.6667,a50_an_ba,-0.14468853073933205
AG-R,1461.6667,a75_a50_an,-0.09321120777269873
AG-R,1461.6667,a75_an_ba,-0.23789973851203078
AG-R,1462.5,a50_an_ba,-0.14737967922473505
AG-R,1462.5,a75_a50_an,-0.092130397450742
AG-R,1462.5,a75_an_ba,-0.23951007667547705
AG-R,1463.3333,a50_an_ba,-0.14996781582894897
AG-R,1463.3333,a75_a50_an,-0.09106228825325939
AG-R,1463.3333,a75_an_ba,-0.24103010408220837
AG-R,1464.1667,a50_an_ba,-0.1524086460033202
AG-R,1464.1667,a75_a50_an,-0.09003517917365174
AG-R,1464.1667,a75_an_ba,-0.24244382517697194
AG-R,1465,a50_an_ba,-0.15465881776936657
AG-R,1465,a75_a50_an,-0.08907647523326345
AG-R,1465,a75_an_ba,-0.24373529300263003
AG-R,1465.8332999999998,a50_an_ba,-0.1566765742290306
AG-R,1465.8332999999998,a75_a50_an,-0.08821190260642182
AG-R,1465.8332999999998,a75_an_ba,-0.24488847683545245
AG-R,1466.6667,a50_an_ba,-0.1584223867448801
AG-R,1466.6667,a75_a50_an,-0.08746478224188928
AG-R,1466.6667,a75_an_ba,-0.24588716898676938
AG-R,1467.5,a50_an_ba,-0.1598595587263303
AG-R,1467.5,a75_a50_an,-0.08685537856642803
AG-R,1467.5,a75_an_ba,-0.2467149372927583
AG-R,1468.3333,a50_an_ba,-0.16095479043388455
AG-R,1468.3333,a75_a50_an,-0.08640033768936052
AG-R,1468.3333,a75_an_ba,-0.2473551281232451
AG-R,1469.1667,a50_an_ba,-0.161678695846894
AG-R,1469.1667,a75_a50_an,-0.08611222706957614
AG-R,1469.1667,a75_an_ba,-0.24779092291647015
AG-R,1470,a50_an_ba,-0.16200626342021746
AG-R,1470,a75_a50_an,-0.08599918592138747
AG-R,1470,a75_an_ba,-0.24800544934160493
AG-R,1470.8333,a50_an_ba,-0.16191725346738137
AG-R,1470.8333,a75_a50_an,-0.08606469279054015
AG-R,1470.8333,a75_an_ba,-0.24798194625792153
AG-R,1471.6667000000002,a50_an_ba,-0.16139652593653445
AG-R,1471.6667000000002,a75_a50_an,-0.08630745379614298
AG-R,1471.6667000000002,a75_an_ba,-0.2477039797326774
AG-R,1472.5,a50_an_ba,-0.1604342934727273
AG-R,1472.5,a75_a50_an,-0.08672141207868476
AG-R,1472.5,a75_an_ba,-0.24715570555141209
AG-R,1473.3333,a50_an_ba,-0.1590262958662056
AG-R,1473.3333,a75_a50_an,-0.08729587608842561
AG-R,1473.3333,a75_an_ba,-0.24632217195463119
AG-R,1474.1667,a50_an_ba,-0.15717389325098174
AG-R,1474.1667,a75_a50_an,-0.0880157615590662
AG-R,1474.1667,a75_an_ba,-0.24518965481004792
AG-R,1475,a50_an_ba,-0.15488407671930912
AG-R,1475,a75_a50_an,-0.08886193940189001
AG-R,1475,a75_an_ba,-0.24374601612119912
AG-R,1475.8333,a50_an_ba,-0.1521693963338154
AG-R,1475.8333,a75_a50_an,-0.08981167938310113
AG-R,1475.8333,a75_an_ba,-0.24198107571691652
AG-R,1476.6667,a50_an_ba,-0.14904780782808877
AG-R,1476.6667,a75_a50_an,-0.09083917736265426
AG-R,1476.6667,a75_an_ba,-0.23988698519074303
AG-R,1477.5,a50_an_ba,-0.14554244056651736
AG-R,1477.5,a75_a50_an,-0.09191615211978454
AG-R,1477.5,a75_an_ba,-0.23745859268630187
AG-R,1478.3333,a50_an_ba,-0.1416812905643113
AG-R,1478.3333,a75_a50_an,-0.09301249640321048
AG-R,1478.3333,a75_an_ba,-0.2346937869675218
AG-R,1479.1667,a50_an_ba,-0.13749684352882896
AG-R,1479.1667,a75_a50_an,-0.09409696584786216
AG-R,1479.1667,a75_an_ba,-0.23159380937669113
AG-R,1480,a50_an_ba,-0.1330256339550036
AG-R,1480,a75_a50_an,-0.09513788881068115
AG-R,1480,a75_an_ba,-0.22816352276568477
AG-R,1480.8333,a50_an_ba,-0.12830774727390123
AG-R,1480.8333,a75_a50_an,-0.09610388000124806
AG-R,1480.8333,a75_an_ba,-0.2244116272751493
AG-R,1481.6667,a50_an_ba,-0.12338627289930938
AG-R,1481.6667,a75_a50_an,-0.09696454101467282
AG-R,1481.6667,a75_an_ba,-0.2203508139139822
AG-R,1482.5,a50_an_ba,-0.11830671672992352
AG-R,1482.5,a75_a50_an,-0.09769113150067132
AG-R,1482.5,a75_an_ba,-0.21599784823059487
AG-R,1483.3333,a50_an_ba,-0.11311638223377403
AG-R,1483.3333,a75_a50_an,-0.09825719570149413
AG-R,1483.3333,a75_an_ba,-0.21137357793526818
AG-R,1484.1667,a50_an_ba,-0.10786372965915621
AG-R,1484.1667,a75_a50_an,-0.09863913043118691
AG-R,1484.1667,a75_an_ba,-0.2065028600903431
AG-R,1485,a50_an_ba,-0.10259772317716703
AG-R,1485,a75_a50_an,-0.09881668221122974
AG-R,1485,a75_an_ba,-0.20141440538839678
AG-R,1485.8333,a50_an_ba,-0.09736717586240533
AG-R,1485.8333,a75_a50_an,-0.0987733631779739
AG-R,1485.8333,a75_an_ba,-0.19614053904037923
AG-R,1486.6667,a50_an_ba,-0.09222010236058266
AG-R,1486.6667,a75_a50_an,-0.09849677748530745
AG-R,1486.6667,a75_an_ba,-0.1907168798458901
AG-R,1487.5,a50_an_ba,-0.08720308887737371
AG-R,1487.5,a75_a50_an,-0.0979788521876248
AG-R,1487.5,a75_an_ba,-0.1851819410649985
AG-R,1488.3333,a50_an_ba,-0.08236068975704496
AG-R,1488.3333,a75_a50_an,-0.09721596894678522
AG-R,1488.3333,a75_an_ba,-0.17957665870383016
AG-R,1489.1667,a50_an_ba,-0.07773485941007567
AG-R,1489.1667,a75_a50_an,-0.09620899530433513
AG-R,1489.1667,a75_an_ba,-0.1739438547144108
AG-R,1490,a50_an_ba,-0.0733644277058512
AG-R,1490,a75_a50_an,-0.09496321663934992
AG-R,1490,a75_an_ba,-0.16832764434520112
AG-R,1490.8333,a50_an_ba,-0.06928462618186637
AG-R,1490.8333,a75_a50_an,-0.09348817223648884
AG-R,1490.8333,a75_an_ba,-0.1627727984183552
AG-R,1491.6667,a50_an_ba,-0.06552667154832673
AG-R,1491.6667,a75_a50_an,-0.09179740106516618
AG-R,1491.6667,a75_an_ba,-0.1573240726134929
AG-R,1492.5,a50_an_ba,-0.06211741200227665
AG-R,1492.5,a75_a50_an,-0.08990810486982144
AG-R,1492.5,a75_an_ba,-0.1520255168720981
AG-R,1493.3333,a50_an_ba,-0.05907904082495553
AG-R,1493.3333,a75_a50_an,-0.0878407379492145
AG-R,1493.3333,a75_an_ba,-0.14691977877417003
AG-R,1494.1667,a50_an_ba,-0.05642888063784896
AG-R,1494.1667,a75_a50_an,-0.08561853452154117
AG-R,1494.1667,a75_an_ba,-0.14204741515939012
AG-R,1495,a50_an_ba,-0.05417924055535332
AG-R,1495,a75_a50_an,-0.08326698580103739
AG-R,1495,a75_an_ba,-0.1374462263563907
AG-R,1495.8333,a50_an_ba,-0.05233734731380566
AG-R,1495.8333,a75_a50_an,-0.08081327982722858
AG-R,1495.8333,a75_an_ba,-0.13315062714103423
AG-R,1496.6667,a50_an_ba,-0.05090535029693121
AG-R,1496.6667,a75_a50_an,-0.0782857176745207
AG-R,1496.6667,a75_an_ba,-0.1291910679714519
AG-R,1497.5,a50_an_ba,-0.04988039923502393
AG-R,1497.5,a75_a50_an,-0.07571311992032674
AG-R,1497.5,a75_an_ba,-0.12559351915535066
AG-R,1498.3333,a50_an_ba,-0.04925479224772484
AG-R,1498.3333,a75_a50_an,-0.0731242371650319
AG-R,1498.3333,a75_an_ba,-0.12237902941275673
AG-R,1499.1667,a50_an_ba,-0.04901619084520021
AG-R,1499.1667,a75_a50_an,-0.07054717798599042
AG-R,1499.1667,a75_an_ba,-0.11956336883119063
AG-R,1500,a50_an_ba,-0.04914789751620529
AG-R,1500,a75_a50_an,-0.06800886698688606
AG-R,1500,a75_an_ba,-0.11715676450309134
DLPFC-R,0,a50_an_ba,0.2790699588256282
DLPFC-R,0,a75_a50_an,-0.19545377610450165
DLPFC-R,0,a75_an_ba,0.08361618272112654
DLPFC-R,0.8333,a50_an_ba,0.28614941313169995
DLPFC-R,0.8333,a75_a50_an,-0.20319860307510562
DLPFC-R,0.8333,a75_an_ba,0.08295081005659433
DLPFC-R,1.6666999999999998,a50_an_ba,0.2921413019716581
DLPFC-R,1.6666999999999998,a75_a50_an,-0.2103705634579569
DLPFC-R,1.6666999999999998,a75_an_ba,0.08177073851370122
DLPFC-R,2.5,a50_an_ba,0.2969702260393166
DLPFC-R,2.5,a75_a50_an,-0.21686099141160123
DLPFC-R,2.5,a75_an_ba,0.08010923462771535
DLPFC-R,3.3333,a50_an_ba,0.30056316991509296
DLPFC-R,3.3333,a75_a50_an,-0.22255938447317192
DLPFC-R,3.3333,a75_an_ba,0.07800378544192103
DLPFC-R,4.1667,a50_an_ba,0.3028518285927935
DLPFC-R,4.1667,a75_a50_an,-0.22735564590841537
DLPFC-R,4.1667,a75_an_ba,0.07549618268437816
DLPFC-R,5,a50_an_ba,0.3037750254866745
DLPFC-R,5,a75_a50_an,-0.23114247027563206
DLPFC-R,5,a75_an_ba,0.07263255521104243
DLPFC-R,5.8332999999999995,a50_an_ba,0.3032811540123846
DLPFC-R,5.8332999999999995,a75_a50_an,-0.233817819526319
DLPFC-R,5.8332999999999995,a75_an_ba,0.06946333448606562
DLPFC-R,6.6667000000000005,a50_an_ba,0.30133057244480155
DLPFC-R,6.6667000000000005,a75_a50_an,-0.23528743307621008
DLPFC-R,6.6667000000000005,a75_an_ba,0.06604313936859148
DLPFC-R,7.5,a50_an_ba,0.29789788116926175
DLPFC-R,7.5,a75_a50_an,-0.23546731270548812
DLPFC-R,7.5,a75_an_ba,0.062430568463773595
DLPFC-R,8.3333,a50_an_ba,0.292974012690837
DLPFC-R,8.3333,a75_a50_an,-0.234286121970857
DLPFC-R,8.3333,a75_an_ba,0.05868789071997999
DLPFC-R,9.1667,a50_an_ba,0.2865680678346008
DLPFC-R,9.1667,a75_a50_an,-0.23168744008618383
DLPFC-R,9.1667,a75_an_ba,0.05488062774841699
DLPFC-R,10,a50_an_ba,0.27870883639881355
DLPFC-R,10,a75_a50_an,-0.2276318119691146
DLPFC-R,10,a75_an_ba,0.051077024429698976
DLPFC-R,10.833300000000001,a50_an_ba,0.2694459470095093
DLPFC-R,10.833300000000001,a75_a50_an,-0.2220985393390607
DLPFC-R,10.833300000000001,a75_an_ba,0.04734740767044858
DLPFC-R,11.6667,a50_an_ba,0.25885059892462087
DLPFC-R,11.6667,a75_a50_an,-0.21508716233274341
DLPFC-R,11.6667,a75_an_ba,0.043763436591877494
DLPFC-R,12.5,a50_an_ba,0.24701583786617184
DLPFC-R,12.5,a75_a50_an,-0.2066185869877251
DLPFC-R,12.5,a75_an_ba,0.04039725087844677
DLPFC-R,13.3333,a50_an_ba,0.23405634840392742
DLPFC-R,13.3333,a75_a50_an,-0.19673582101037415
DLPFC-R,13.3333,a75_an_ba,0.03732052739355326
DLPFC-R,14.1667,a50_an_ba,0.22010774672857733
DLPFC-R,14.1667,a75_a50_an,-0.18550428834060512
DLPFC-R,14.1667,a75_an_ba,0.0346034583879722
DLPFC-R,15,a50_an_ba,0.20532536956920286
DLPFC-R,15,a75_a50_an,-0.1730117019732035
DLPFC-R,15,a75_an_ba,0.03231366759599935
DLPFC-R,15.833300000000001,a50_an_ba,0.1898825672443952
DLPFC-R,15.833300000000001,a75_a50_an,-0.15936748409371862
DLPFC-R,15.833300000000001,a75_an_ba,0.030515083150676595
DLPFC-R,16.6667,a50_an_ba,0.17396852109492683
DLPFC-R,16.6667,a75_a50_an,-0.1447017326170404
DLPFC-R,16.6667,a75_an_ba,0.029266788477886434
DLPFC-R,17.5,a50_an_ba,0.15778561753166095
DLPFC-R,17.5,a75_a50_an,-0.12916374344747225
DLPFC-R,17.5,a75_an_ba,0.028621874084188714
DLPFC-R,18.3333,a50_an_ba,0.14154642235308
DLPFC-R,18.3333,a75_a50_an,-0.11292010797160819
DLPFC-R,18.3333,a75_an_ba,0.028626314381471802
DLPFC-R,19.1667,a50_an_ba,0.12547030956144037
DLPFC-R,19.1667,a75_a50_an,-0.09615241520930488
DLPFC-R,19.1667,a75_an_ba,0.029317894352135502
DLPFC-R,20,a50_an_ba,0.109779808372275
DLPFC-R,20,a75_a50_an,-0.07905459744727732
DLPFC-R,20,a75_an_ba,0.03072521092499768
DLPFC-R,20.833299999999998,a50_an_ba,0.09469674023045445
DLPFC-R,20.833299999999998,a75_a50_an,-0.0618299668380022
DLPFC-R,20.833299999999998,a75_an_ba,0.03286677339245225
DLPFC-R,21.666700000000002,a50_an_ba,0.0804382242091399
DLPFC-R,21.666700000000002,a75_a50_an,-0.04468799815251324
DLPFC-R,21.666700000000002,a75_an_ba,0.035750226056626665
DLPFC-R,22.5,a50_an_ba,0.06721263400313199
DLPFC-R,22.5,a75_a50_an,-0.02784091943879739
DLPFC-R,22.5,a75_an_ba,0.0393717145643346
DLPFC-R,23.3333,a50_an_ba,0.055215592702163946
DLPFC-R,23.3333,a75_a50_an,-0.01150017759223578
DLPFC-R,23.3333,a75_an_ba,0.043715415109928164
DLPFC-R,24.1667,a50_an_ba,0.044626092552652416
DLPFC-R,24.1667,a75_a50_an,0.004127150345248444
DLPFC-R,24.1667,a75_an_ba,0.04875324289790086
DLPFC-R,25,a50_an_ba,0.0356028259434228
DLPFC-R,25,a75_a50_an,0.018841927078557204
DLPFC-R,25,a75_an_ba,0.05444475302198001
DLPFC-R,25.8333,a50_an_ba,0.028280810883882287
DLPFC-R,25.8333,a75_a50_an,0.03245643242058773
DLPFC-R,25.8333,a75_an_ba,0.060737243304470015
DLPFC-R,26.666700000000002,a50_an_ba,0.022768389330545875
DLPFC-R,26.666700000000002,a75_a50_an,0.044797675397675804
DLPFC-R,26.666700000000002,a75_an_ba,0.06756606472822169
DLPFC-R,27.5,a50_an_ba,0.01914466995408558
DLPFC-R,27.5,a75_a50_an,0.05571047101669907
DLPFC-R,27.5,a75_an_ba,0.07485514097078465
DLPFC-R,28.333299999999998,a50_an_ba,0.017457478462448224
DLPFC-R,28.333299999999998,a75_a50_an,0.06506021584628142
DLPFC-R,28.333299999999998,a75_an_ba,0.08251769430872964
DLPFC-R,29.1667,a50_an_ba,0.017721868584924597
DLPFC-R,29.1667,a75_a50_an,0.07273530231068008
DLPFC-R,29.1667,a75_an_ba,0.09045717089560469
DLPFC-R,30,a50_an_ba,0.01991923549314336
DLPFC-R,30,a75_a50_an,0.07864911873331597
DLPFC-R,30,a75_an_ba,0.09856835422645933
DLPFC-R,30.8333,a50_an_ba,0.02399706103523032
DLPFC-R,30.8333,a75_a50_an,0.08274159054571253
DLPFC-R,30.8333,a75_an_ba,0.10673865158094285
DLPFC-R,31.6667,a50_an_ba,0.029869306962725474
DLPFC-R,31.6667,a75_a50_an,0.08498022751510882
DLPFC-R,31.6667,a75_an_ba,0.1148495344778343
DLPFC-R,32.5,a50_an_ba,0.037417458629768294
DLPFC-R,32.5,a75_a50_an,0.08536065213302743
DLPFC-R,32.5,a75_an_ba,0.12277811076279571
DLPFC-R,33.3333,a50_an_ba,0.046492207747574066
DLPFC-R,33.3333,a75_a50_an,0.0839065952194128
DLPFC-R,33.3333,a75_an_ba,0.13039880296698686
DLPFC-R,34.1667,a50_an_ba,0.0569157489971308
DLPFC-R,34.1667,a75_a50_an,0.08066935608883266
DLPFC-R,34.1667,a75_an_ba,0.13758510508596344
DLPFC-R,35,a50_an_ba,0.06848465195122587
DLPFC-R,35,a75_a50_an,0.07572673604288511
DLPFC-R,35,a75_an_ba,0.14421138799411098
DLPFC-R,35.8333,a50_an_ba,0.08097325713669007
DLPFC-R,35.8333,a75_a50_an,0.06918146523847403
DLPFC-R,35.8333,a75_an_ba,0.1501547223751641
DLPFC-R,36.666700000000006,a50_an_ba,0.0941375334673031
DLPFC-R,36.666700000000006,a75_a50_an,0.06115915387897722
DLPFC-R,36.666700000000006,a75_an_ba,0.1552966873462803
DLPFC-R,37.5,a50_an_ba,0.10771932396280744
DLPFC-R,37.5,a75_a50_an,0.05180580893653991
DLPFC-R,37.5,a75_an_ba,0.15952513289934733
DLPFC-R,38.3333,a50_an_ba,0.12145089787779272
DLPFC-R,38.3333,a75_a50_an,0.04128496700429278
DLPFC-R,38.3333,a75_an_ba,0.1627358648820855
DLPFC-R,39.1667,a50_an_ba,0.13505972029942473
DLPFC-R,39.1667,a75_a50_an,0.029774502182188294
DLPFC-R,39.1667,a75_an_ba,0.164834222481613
DLPFC-R,40,a50_an_ba,0.14827334510040774
DLPFC-R,40,a75_a50_an,0.017463174928434945
DLPFC-R,40,a75_an_ba,0.16573652002884265
DLPFC-R,40.8333,a50_an_ba,0.16082433397587756
DLPFC-R,40.8333,a75_a50_an,0.004546993398259006
DLPFC-R,40.8333,a75_an_ba,0.16537132737413657
DLPFC-R,41.6667,a50_an_ba,0.17245510322743157
DLPFC-R,41.6667,a75_a50_an,-0.00877453718642986
DLPFC-R,41.6667,a75_an_ba,0.1636805660410017
DLPFC-R,42.5,a50_an_ba,0.18292260101455463
DLPFC-R,42.5,a75_a50_an,-0.022302199232597776
DLPFC-R,42.5,a75_an_ba,0.16062040178195683
DLPFC-R,43.3333,a50_an_ba,0.19200272095532445
DLPFC-R,43.3333,a75_a50_an,-0.035840802989687774
DLPFC-R,43.3333,a75_an_ba,0.15616191796563667
DLPFC-R,44.166700000000006,a50_an_ba,0.19949436315935293
DLPFC-R,44.166700000000006,a75_a50_an,-0.04920280482415882
DLPFC-R,44.166700000000006,a75_an_ba,0.15029155833519411
DLPFC-R,45,a50_an_ba,0.20522306090485629
DLPFC-R,45,a75_a50_an,-0.06221172889756813
DLPFC-R,45,a75_an_ba,0.14301133200728816
DLPFC-R,45.8333,a50_an_ba,0.20904410007362936
DLPFC-R,45.8333,a75_a50_an,-0.07470532203738815
DLPFC-R,45.8333,a75_an_ba,0.1343387780362412
DLPFC-R,46.6667,a50_an_ba,0.21084506893739044
DLPFC-R,46.6667,a75_a50_an,-0.08653837758242114
DLPFC-R,46.6667,a75_an_ba,0.12430669135496931
DLPFC-R,47.5,a50_an_ba,0.2105477877159365
DLPFC-R,47.5,a75_a50_an,-0.09758517138714957
DLPFC-R,47.5,a75_an_ba,0.11296261632878692
DLPFC-R,48.3333,a50_an_ba,0.20810958024074722
DLPFC-R,48.3333,a75_a50_an,-0.10774146181294403
DLPFC-R,48.3333,a75_an_ba,0.10036811842780319
DLPFC-R,49.1667,a50_an_ba,0.20352386377199155
DLPFC-R,49.1667,a75_a50_an,-0.11692601522167755
DLPFC-R,49.1667,a75_an_ba,0.08659784855031401
DLPFC-R,50,a50_an_ba,0.19682004722917726
DLPFC-R,50,a75_a50_an,-0.12508162899783346
DLPFC-R,50,a75_an_ba,0.0717384182313438
DLPFC-R,50.8333,a50_an_ba,0.18806274249215948
DLPFC-R,50.8333,a75_a50_an,-0.13217563521908968
DLPFC-R,50.8333,a75_an_ba,0.05588710727306981
DLPFC-R,51.666700000000006,a50_an_ba,0.177350307692261
DLPFC-R,51.666700000000006,a75_a50_an,-0.13819987951960833
DLPFC-R,51.666700000000006,a75_an_ba,0.03915042817265264
DLPFC-R,52.5,a50_an_ba,0.16481275522894992
DLPFC-R,52.5,a75_a50_an,-0.14317018118498304
DLPFC-R,52.5,a75_an_ba,0.02164257404396687
DLPFC-R,53.3333,a50_an_ba,0.15060907031263018
DLPFC-R,53.3333,a75_a50_an,-0.14712529182172565
DLPFC-R,53.3333,a75_an_ba,0.0034837784909045417
DLPFC-R,54.1667,a50_an_ba,0.1349239978629807
DLPFC-R,54.1667,a75_a50_an,-0.15012538080113821
DLPFC-R,54.1667,a75_an_ba,-0.015201382938157528
DLPFC-R,55,a50_an_ba,0.11796436632355727
DLPFC-R,55,a75_a50_an,-0.15225008584218055
DLPFC-R,55,a75_an_ba,-0.03428571951862329
DLPFC-R,55.8333,a50_an_ba,0.09995502615544084
DLPFC-R,55.8333,a75_a50_an,-0.15359617634186945
DLPFC-R,55.8333,a75_an_ba,-0.05364115018642861
DLPFC-R,56.6667,a50_an_ba,0.08113448824943868
DLPFC-R,56.6667,a75_a50_an,-0.15427488517819296
DLPFC-R,56.6667,a75_an_ba,-0.07314039692875428
DLPFC-R,57.5,a50_an_ba,0.0617503530909306
DLPFC-R,57.5,a75_a50_an,-0.15440897151964011
DLPFC-R,57.5,a75_an_ba,-0.09265861842870954
DLPFC-R,58.333299999999994,a50_an_ba,0.042054625110303716
DLPFC-R,58.333299999999994,a75_a50_an,-0.15412958252819572
DLPFC-R,58.333299999999994,a75_an_ba,-0.11207495741789199
DLPFC-R,59.166700000000006,a50_an_ba,0.02229900818681602
DLPFC-R,59.166700000000006,a75_a50_an,-0.15357298562445534
DLPFC-R,59.166700000000006,a75_an_ba,-0.13127397743763933
DLPFC-R,60,a50_an_ba,0.002730277723267182
DLPFC-R,60,a75_a50_an,-0.15287724511650017
DLPFC-R,60,a75_an_ba,-0.15014696739323297
DLPFC-R,60.8333,a50_an_ba,-0.016414177901134152
DLPFC-R,60.8333,a75_a50_an,-0.15217891743934536
DLPFC-R,60.8333,a75_an_ba,-0.16859309534047953
DLPFC-R,61.6667,a50_an_ba,-0.034910558289749885
DLPFC-R,61.6667,a75_a50_an,-0.15160983800937403
DLPFC-R,61.6667,a75_an_ba,-0.1865203962991239
DLPFC-R,62.5,a50_an_ba,-0.052552512657677665
DLPFC-R,62.5,a75_a50_an,-0.15129406980779908
DLPFC-R,62.5,a75_an_ba,-0.20384658246547674
DLPFC-R,63.333299999999994,a50_an_ba,-0.06915458857041124
DLPFC-R,63.333299999999994,a75_a50_an,-0.15134507934672342
DLPFC-R,63.333299999999994,a75_an_ba,-0.22049966791713463
DLPFC-R,64.16669999999999,a50_an_ba,-0.08455520392900595
DLPFC-R,64.16669999999999,a75_a50_an,-0.15186319975486404
DLPFC-R,64.16669999999999,a75_an_ba,-0.23641840368387
DLPFC-R,65,a50_an_ba,-0.09861908932425868
DLPFC-R,65,a75_a50_an,-0.15293343349498573
DLPFC-R,65,a75_an_ba,-0.2515525228192444
DLPFC-R,65.8333,a50_an_ba,-0.11123915989904976
DLPFC-R,65.8333,a75_a50_an,-0.1546236388689011
DLPFC-R,65.8333,a75_an_ba,-0.2658627987679509
DLPFC-R,66.66669999999999,a50_an_ba,-0.12233778862766123
DLPFC-R,66.66669999999999,a75_a50_an,-0.15698313518137888
DLPFC-R,66.66669999999999,a75_an_ba,-0.2793209238090401
DLPFC-R,67.5,a50_an_ba,-0.13186746615040598
DLPFC-R,67.5,a75_a50_an,-0.16004175144488578
DLPFC-R,67.5,a75_an_ba,-0.2919092175952917
DLPFC-R,68.3333,a50_an_ba,-0.13981084568983837
DLPFC-R,68.3333,a75_a50_an,-0.1638093330514864
DLPFC-R,68.3333,a75_an_ba,-0.3036201787413248
DLPFC-R,69.16669999999999,a50_an_ba,-0.14618018481874073
DLPFC-R,69.16669999999999,a75_a50_an,-0.1682757101644698
DLPFC-R,69.16669999999999,a75_an_ba,-0.3144558949832105
DLPFC-R,70,a50_an_ba,-0.15101620865309612
DLPFC-R,70,a75_a50_an,-0.1734111209422531
DLPFC-R,70,a75_an_ba,-0.3244273295953492
DLPFC-R,70.83330000000001,a50_an_ba,-0.154386431121388
DLPFC-R,70.83330000000001,a75_a50_an,-0.17916707234990492
DLPFC-R,70.83330000000001,a75_an_ba,-0.3335535034712929
DLPFC-R,71.6667,a50_an_ba,-0.15638298204969625
DLPFC-R,71.6667,a75_a50_an,-0.18547761148024872
DLPFC-R,71.6667,a75_an_ba,-0.34186059352994497
DLPFC-R,72.5,a50_an_ba,-0.15711999766038712
DLPFC-R,72.5,a75_a50_an,-0.19226097122378286
DLPFC-R,72.5,a75_an_ba,-0.34938096888417
DLPFC-R,73.33330000000001,a50_an_ba,-0.15673064050126312
DLPFC-R,73.33330000000001,a75_a50_an,-0.19942154600192866
DLPFC-R,73.33330000000001,a75_an_ba,-0.3561521865031918
DLPFC-R,74.1667,a50_an_ba,-0.155363821627646
DLPFC-R,74.1667,a75_a50_an,-0.2068521462946564
DLPFC-R,74.1667,a75_an_ba,-0.3622159679223024
DLPFC-R,75,a50_an_ba,-0.1531807029166541
DLPFC-R,75,a75_a50_an,-0.21443647500593738
DLPFC-R,75,a75_an_ba,-0.36761717792259146
DLPFC-R,75.83330000000001,a50_an_ba,-0.15035106060744616
DLPFC-R,75.83330000000001,a75_a50_an,-0.222051764441277
DLPFC-R,75.83330000000001,a75_an_ba,-0.37240282504872313
DLPFC-R,76.6667,a50_an_ba,-0.14704959248341298
DLPFC-R,76.6667,a75_a50_an,-0.2295715099085317
DLPFC-R,76.6667,a75_an_ba,-0.3766211023919447
DLPFC-R,77.5,a50_an_ba,-0.14345225053692803
DLPFC-R,77.5,a75_a50_an,-0.23686823474729732
DLPFC-R,77.5,a75_an_ba,-0.38032048528422535
DLPFC-R,78.3333,a50_an_ba,-0.13973267852290228
DLPFC-R,78.3333,a75_a50_an,-0.24381622195648742
DLPFC-R,78.3333,a75_an_ba,-0.38354890047938967
DLPFC-R,79.1667,a50_an_ba,-0.13605882959603943
DLPFC-R,79.1667,a75_a50_an,-0.25029414949950746
DLPFC-R,79.1667,a75_an_ba,-0.38635297909554694
DLPFC-R,80,a50_an_ba,-0.13258983336052133
DLPFC-R,80,a75_a50_an,-0.25618756976000573
DLPFC-R,80,a75_an_ba,-0.38877740312052705
DLPFC-R,80.8333,a50_an_ba,-0.1294731742999333
DLPFC-R,80.8333,a75_a50_an,-0.2613911784010995
DLPFC-R,80.8333,a75_an_ba,-0.3908643527010328
DLPFC-R,81.66669999999999,a50_an_ba,-0.1268422348928396
DLPFC-R,81.66669999999999,a75_a50_an,-0.2658108239172679
DLPFC-R,81.66669999999999,a75_an_ba,-0.39265305881010754
DLPFC-R,82.5,a50_an_ba,-0.12481424697723192
DLPFC-R,82.5,a75_a50_an,-0.2693652163012075
DLPFC-R,82.5,a75_an_ba,-0.39417946327843945
DLPFC-R,83.3333,a50_an_ba,-0.12348868435015707
DLPFC-R,83.3333,a75_a50_an,-0.27198730129264836
DLPFC-R,83.3333,a75_an_ba,-0.3954759856428055
DLPFC-R,84.16669999999999,a50_an_ba,-0.12294611843890042
DLPFC-R,84.16669999999999,a75_a50_an,-0.2736252754267465
DLPFC-R,84.16669999999999,a75_an_ba,-0.3965713938656469
DLPFC-R,85,a50_an_ba,-0.12324754742993893
DLPFC-R,85,a75_a50_an,-0.2742432263343759
DLPFC-R,85,a75_an_ba,-0.39749077376431485
DLPFC-R,85.83330000000001,a50_an_ba,-0.1244341977680896
DLPFC-R,85.83330000000001,a75_a50_an,-0.27382139223390645
DLPFC-R,85.83330000000001,a75_an_ba,-0.398255590001996
DLPFC-R,86.6667,a50_an_ba,-0.12652778571508533
DLPFC-R,86.6667,a75_a50_an,-0.27235604405731667
DLPFC-R,86.6667,a75_an_ba,-0.39888382977240194
DLPFC-R,87.5,a50_an_ba,-0.1295312159494315
DLPFC-R,87.5,a75_a50_an,-0.2698590029381149
DLPFC-R,87.5,a75_an_ba,-0.3993902188875464
DLPFC-R,88.33330000000001,a50_an_ba,-0.13342968424766444
DLPFC-R,88.33330000000001,a75_a50_an,-0.2663568146262991
DLPFC-R,88.33330000000001,a75_an_ba,-0.3997864988739636
DLPFC-R,89.1667,a50_an_ba,-0.13819214233972538
DLPFC-R,89.1667,a75_a50_an,-0.26188961057167304
DLPFC-R,89.1667,a75_an_ba,-0.40008175291139836
DLPFC-R,90,a50_an_ba,-0.1437730752803934
DLPFC-R,90,a75_a50_an,-0.2565096927334284
DLPFC-R,90,a75_an_ba,-0.4002827680138218
DLPFC-R,90.83330000000001,a50_an_ba,-0.1501145352957197
DLPFC-R,90.83330000000001,a75_a50_an,-0.2502798854567384
DLPFC-R,90.83330000000001,a75_an_ba,-0.40039442075245807
DLPFC-R,91.6667,a50_an_ba,-0.15714837118428837
DLPFC-R,91.6667,a75_a50_an,-0.24327170285793337
DLPFC-R,91.6667,a75_an_ba,-0.40042007404222174
DLPFC-R,92.5,a50_an_ba,-0.16479858907616957
DLPFC-R,92.5,a75_a50_an,-0.23556338396148202
DLPFC-R,92.5,a75_an_ba,-0.4003619730376516
DLPFC-R,93.3333,a50_an_ba,-0.17298377873582702
DLPFC-R,93.3333,a75_a50_an,-0.22723785024985857
DLPFC-R,93.3333,a75_an_ba,-0.4002216289856856
DLPFC-R,94.1667,a50_an_ba,-0.18161953965597039
DLPFC-R,94.1667,a75_a50_an,-0.21838064127237605
DLPFC-R,94.1667,a75_an_ba,-0.40000018092834644
DLPFC-R,95,a50_an_ba,-0.19062084290336348
DLPFC-R,95,a75_a50_an,-0.20907788349806838
DLPFC-R,95,a75_an_ba,-0.39969872640143184
DLPFC-R,95.8333,a50_an_ba,-0.1999042679804303
DLPFC-R,95.8333,a75_a50_an,-0.19941434571391273
DLPFC-R,95.8333,a75_an_ba,-0.399318613694343
DLPFC-R,96.66669999999999,a50_an_ba,-0.20939005875531605
DLPFC-R,96.66669999999999,a75_a50_an,-0.18947163102205836
DLPFC-R,96.66669999999999,a75_an_ba,-0.3988616897773744
DLPFC-R,97.5,a50_an_ba,-0.21900394864936445
DLPFC-R,97.5,a75_a50_an,-0.17932655097123013
DLPFC-R,97.5,a75_an_ba,-0.3983304996205946
DLPFC-R,98.3333,a50_an_ba,-0.22867871258436445
DLPFC-R,98.3333,a75_a50_an,-0.1690497216925077
DLPFC-R,98.3333,a75_an_ba,-0.39772843427687216
DLPFC-R,99.16669999999999,a50_an_ba,-0.23835541148433836
DLPFC-R,99.16669999999999,a75_a50_an,-0.15870441525137233
DLPFC-R,99.16669999999999,a75_an_ba,-0.39705982673571066
DLPFC-R,100,a50_an_ba,-0.2479843041775178
DLPFC-R,100,a75_a50_an,-0.14834569195353162
DLPFC-R,100,a75_an_ba,-0.3963299961310494
DLPFC-R,100.8333,a50_an_ba,-0.2575254111160212
DLPFC-R,100.8333,a75_a50_an,-0.13801983124911024
DLPFC-R,100.8333,a75_an_ba,-0.39554524236513144
DLPFC-R,101.66669999999999,a50_an_ba,-0.266948724174949
DLPFC-R,101.66669999999999,a75_a50_an,-0.12776407038074616
DLPFC-R,101.66669999999999,a75_an_ba,-0.3947127945556952
DLPFC-R,102.5,a50_an_ba,-0.2762340666558612
DLPFC-R,102.5,a75_a50_an,-0.11760665123799725
DLPFC-R,102.5,a75_an_ba,-0.39384071789385844
DLPFC-R,103.33330000000001,a50_an_ba,-0.2853706172498342
DLPFC-R,103.33330000000001,a75_a50_an,-0.10756716723952316
DLPFC-R,103.33330000000001,a75_an_ba,-0.3929377844893574
DLPFC-R,104.1667,a50_an_ba,-0.29435612086832313
DLPFC-R,104.1667,a75_a50_an,-0.09765719369016077
DLPFC-R,104.1667,a75_an_ba,-0.3920133145584839
DLPFC-R,105,a50_an_ba,-0.3031958176950093
DLPFC-R,105,a75_a50_an,-0.08788117716974726
DLPFC-R,105,a75_an_ba,-0.39107699486475656
DLPFC-R,105.83330000000001,a50_an_ba,-0.31190112933747977
DLPFC-R,105.83330000000001,a75_a50_an,-0.07823755230882068
DLPFC-R,105.83330000000001,a75_an_ba,-0.39013868164630044
DLPFC-R,106.6667,a50_an_ba,-0.320488147376763
DLPFC-R,106.6667,a75_a50_an,-0.06872004798019783
DLPFC-R,106.6667,a75_an_ba,-0.38920819535696083
DLPFC-R,107.5,a50_an_ba,-0.32897597476740664
DLPFC-R,107.5,a75_a50_an,-0.05931913964896678
DLPFC-R,107.5,a75_an_ba,-0.38829511441637343
DLPFC-R,108.3333,a50_an_ba,-0.33738497430549
DLPFC-R,108.3333,a75_a50_an,-0.05002360051465627
DLPFC-R,108.3333,a75_an_ba,-0.3874085748201463
DLPFC-R,109.1667,a50_an_ba,-0.345734980666982
DLPFC-R,109.1667,a75_a50_an,-0.0408221012556855
DLPFC-R,109.1667,a75_an_ba,-0.38655708192266747
DLPFC-R,110,a50_an_ba,-0.35404353327218546
DLPFC-R,110,a75_a50_an,-0.03170480672274122
DLPFC-R,110,a75_an_ba,-0.3857483399949267
DLPFC-R,110.8333,a50_an_ba,-0.3623241864406351
DLPFC-R,110.8333,a75_a50_an,-0.02266491786454915
DLPFC-R,110.8333,a75_an_ba,-0.38498910430518424
DLPFC-R,111.66669999999999,a50_an_ba,-0.37058495099065913
DLPFC-R,111.66669999999999,a75_a50_an,-0.013700108511268396
DLPFC-R,111.66669999999999,a75_an_ba,-0.38428505950192754
DLPFC-R,112.5,a50_an_ba,-0.3788269176734573
DLPFC-R,112.5,a75_a50_an,-0.0048138093559688695
DLPFC-R,112.5,a75_an_ba,-0.38364072702942614
DLPFC-R,113.3333,a50_an_ba,-0.38704310771378314
DLPFC-R,113.3333,a75_a50_an,0.003983704502970538
DLPFC-R,113.3333,a75_an_ba,-0.3830594032108126
DLPFC-R,114.16669999999999,a50_an_ba,-0.39521758939328516
DLPFC-R,114.16669999999999,a75_a50_an,0.012674460866263223
DLPFC-R,114.16669999999999,a75_an_ba,-0.38254312852702194
DLPFC-R,115,a50_an_ba,-0.4033248922239792
DLPFC-R,115,a75_a50_an,0.021232204686954675
DLPFC-R,115,a75_an_ba,-0.3820926875370245
DLPFC-R,115.8333,a50_an_ba,-0.41132974200997113
DLPFC-R,115.8333,a75_a50_an,0.029622104151708566
DLPFC-R,115.8333,a75_an_ba,-0.38170763785826256
DLPFC-R,116.66669999999999,a50_an_ba,-0.41918713119936263
DLPFC-R,116.66669999999999,a75_a50_an,0.03780076551180614
DLPFC-R,116.66669999999999,a75_an_ba,-0.3813863656875565
DLPFC-R,117.5,a50_an_ba,-0.4268427296148479
DLPFC-R,117.5,a75_a50_an,0.045716565095778504
DLPFC-R,117.5,a75_an_ba,-0.3811261645190694
DLPFC-R,118.33330000000001,a50_an_ba,-0.434233631161446
DLPFC-R,118.33330000000001,a75_a50_an,0.05331029812988263
DLPFC-R,118.33330000000001,a75_an_ba,-0.38092333303156334
DLPFC-R,119.1667,a50_an_ba,-0.44128942268778487
DLPFC-R,119.1667,a75_a50_an,0.06051613509681352
DLPFC-R,119.1667,a75_an_ba,-0.38077328759097134
DLPFC-R,120,a50_an_ba,-0.4479335520669195
DLPFC-R,120,a75_a50_an,0.06726286760597934
DLPFC-R,120,a75_an_ba,-0.3806706844609401
DLPFC-R,120.83330000000001,a50_an_ba,-0.4540849639992802
DLPFC-R,120.83330000000001,a75_a50_an,0.07347541735719279
DLPFC-R,120.83330000000001,a75_an_ba,-0.38060954664208746
DLPFC-R,121.6667,a50_an_ba,-0.4596599642464564
DLPFC-R,121.6667,a75_a50_an,0.07907657397257965
DLPFC-R,121.6667,a75_an_ba,-0.3805833902738767
DLPFC-R,122.5,a50_an_ba,-0.46457426618310455
DLPFC-R,122.5,a75_a50_an,0.08398892045423566
DLPFC-R,122.5,a75_an_ba,-0.3805853457288689
DLPFC-R,123.33330000000001,a50_an_ba,-0.4687451678847686
DLPFC-R,123.33330000000001,a75_a50_an,0.08813689898467288
DLPFC-R,123.33330000000001,a75_an_ba,-0.38060826890009575
DLPFC-R,124.1667,a50_an_ba,-0.47209380360210496
DLPFC-R,124.1667,a75_a50_an,0.09144896488680967
DLPFC-R,124.1667,a75_an_ba,-0.38064483871529525
DLPFC-R,125,a50_an_ba,-0.4745474105255515
DLPFC-R,125,a75_a50_an,0.09385977293642708
DLPFC-R,125,a75_an_ba,-0.38068763758912444
DLPFC-R,125.83330000000001,a50_an_ba,-0.47604155030185774
DLPFC-R,125.83330000000001,a75_a50_an,0.09531233797788773
DLPFC-R,125.83330000000001,a75_an_ba,-0.38072921232397
DLPFC-R,126.66669999999999,a50_an_ba,-0.47652222487062595
DLPFC-R,126.66669999999999,a75_a50_an,0.0957601110047898
DLPFC-R,126.66669999999999,a75_an_ba,-0.3807621138658362
DLPFC-R,127.5,a50_an_ba,-0.4759478278526052
DLPFC-R,127.5,a75_a50_an,0.09516891256739238
DLPFC-R,127.5,a75_an_ba,-0.38077891528521285
DLPFC-R,128.3333,a50_an_ba,-0.4742908759098503
DLPFC-R,128.3333,a75_a50_an,0.09351866755692943
DLPFC-R,128.3333,a75_an_ba,-0.3807722083529209
DLPFC-R,129.1667,a50_an_ba,-0.47153946914146516
DLPFC-R,129.1667,a75_a50_an,0.09080488905607946
DLPFC-R,129.1667,a75_an_ba,-0.3807345800853857
DLPFC-R,130,a50_an_ba,-0.46769843557104834
DLPFC-R,130,a75_a50_an,0.08703986396086093
DLPFC-R,130,a75_an_ba,-0.3806585716101874
DLPFC-R,130.8333,a50_an_ba,-0.4627901219828426
DLPFC-R,130.8333,a75_a50_an,0.08225349936410081
DLPFC-R,130.8333,a75_an_ba,-0.38053662261874177
DLPFC-R,131.6667,a50_an_ba,-0.4568548016021381
DLPFC-R,131.6667,a75_a50_an,0.07649379610388723
DLPFC-R,131.6667,a75_an_ba,-0.38036100549825086
DLPFC-R,132.5,a50_an_ba,-0.44995067819409335
DLPFC-R,132.5,a75_a50_an,0.06982692425317709
DLPFC-R,132.5,a75_an_ba,-0.38012375394091624
DLPFC-R,133.33329999999998,a50_an_ba,-0.44215347585481063
DLPFC-R,133.33329999999998,a75_a50_an,0.062336884464994156
DLPFC-R,133.33329999999998,a75_an_ba,-0.37981659138981644
DLPFC-R,134.1667,a50_an_ba,-0.43355561385342245
DLPFC-R,134.1667,a75_a50_an,0.05412474877734061
DLPFC-R,134.1667,a75_an_ba,-0.3794308650760818
DLPFC-R,135,a50_an_ba,-0.42426497610782865
DLPFC-R,135,a75_a50_an,0.045307484493692596
DLPFC-R,135,a75_an_ba,-0.37895749161413605
DLPFC-R,135.83329999999998,a50_an_ba,-0.41440329498835093
DLPFC-R,135.83329999999998,a75_a50_an,0.036016374849831785
DLPFC-R,135.83329999999998,a75_an_ba,-0.37838692013851916
DLPFC-R,136.6667,a50_an_ba,-0.4041041788931858
DLPFC-R,136.6667,a75_a50_an,0.0263950601127353
DLPFC-R,136.6667,a75_an_ba,-0.3777091187804505
DLPFC-R,137.5,a50_an_ba,-0.39351082218466915
DLPFC-R,137.5,a75_a50_an,0.016597232291345725
DLPFC-R,137.5,a75_an_ba,-0.37691358989332346
DLPFC-R,138.33329999999998,a50_an_ba,-0.38277344438712463
DLPFC-R,138.33329999999998,a75_a50_an,0.006784025538708977
DLPFC-R,138.33329999999998,a75_an_ba,-0.37598941884841564
DLPFC-R,139.1667,a50_an_ba,-0.3720465128153714
DLPFC-R,139.1667,a75_a50_an,-0.0028788476296327
DLPFC-R,139.1667,a75_an_ba,-0.3749253604450041
DLPFC-R,140,a50_an_ba,-0.3614858088418798
DLPFC-R,140,a75_a50_an,-0.012224157186419548
DLPFC-R,140,a75_an_ba,-0.37370996602829937
DLPFC-R,140.8333,a50_an_ba,-0.3512454026631084
DLPFC-R,140.8333,a75_a50_an,-0.021086350641757245
DLPFC-R,140.8333,a75_an_ba,-0.3723317533048656
DLPFC-R,141.66670000000002,a50_an_ba,-0.3414746045671518
DLPFC-R,141.66670000000002,a75_a50_an,-0.029304815046334858
DLPFC-R,141.66670000000002,a75_an_ba,-0.37077941961348665
DLPFC-R,142.5,a50_an_ba,-0.3323149622469404
DLPFC-R,142.5,a75_a50_an,-0.0367271358323553
DLPFC-R,142.5,a75_an_ba,-0.3690420980792957
DLPFC-R,143.3333,a50_an_ba,-0.32389737359533566
DLPFC-R,143.3333,a75_a50_an,-0.04321228108776879
DLPFC-R,143.3333,a75_an_ba,-0.3671096546831044
DLPFC-R,144.16670000000002,a50_an_ba,-0.31633938264950057
DLPFC-R,144.16670000000002,a75_a50_an,-0.048633640202015466
DLPFC-R,144.16670000000002,a75_an_ba,-0.36497302285151606
DLPFC-R,145,a50_an_ba,-0.3097427229508242
DLPFC-R,145,a75_a50_an,-0.052881847803179435
DLPFC-R,145,a75_an_ba,-0.36262457075400367
DLPFC-R,145.8333,a50_an_ba,-0.3041911676217693
DLPFC-R,145.8333,a75_a50_an,-0.055867327496721
DLPFC-R,145.8333,a75_an_ba,-0.36005849511849025
DLPFC-R,146.66670000000002,a50_an_ba,-0.2997487390384699
DLPFC-R,146.66670000000002,a75_a50_an,-0.057522495046892136
DLPFC-R,146.66670000000002,a75_an_ba,-0.35727123408536204
DLPFC-R,147.5,a50_an_ba,-0.29645832323957355
DLPFC-R,147.5,a75_a50_an,-0.05780356720855803
DLPFC-R,147.5,a75_an_ba,-0.3542618904481316
DLPFC-R,148.3333,a50_an_ba,-0.29434072533177985
DLPFC-R,148.3333,a75_a50_an,-0.05669193028072178
DLPFC-R,148.3333,a75_an_ba,-0.35103265561250163
DLPFC-R,149.16670000000002,a50_an_ba,-0.2933941923331594
DLPFC-R,149.16670000000002,a75_a50_an,-0.0541950314433911
DLPFC-R,149.16670000000002,a75_an_ba,-0.3475892237765505
DLPFC-R,150,a50_an_ba,-0.29359441936267894
DLPFC-R,150,a75_a50_an,-0.05034676585943725
DLPFC-R,150,a75_an_ba,-0.3439411852221162
DLPFC-R,150.8333,a50_an_ba,-0.294895044082522
DLPFC-R,150.8333,a75_a50_an,-0.04520734315275707
DLPFC-R,150.8333,a75_an_ba,-0.3401023872352791
DLPFC-R,151.6667,a50_an_ba,-0.2972286230858848
DLPFC-R,151.6667,a75_a50_an,-0.03886262797587089
DLPFC-R,151.6667,a75_an_ba,-0.3360912510617557
DLPFC-R,152.5,a50_an_ba,-0.3005080727599478
DLPFC-R,152.5,a75_a50_an,-0.031422960704480495
DLPFC-R,152.5,a75_an_ba,-0.3319310334644283
DLPFC-R,153.3333,a50_an_ba,-0.3046285463055516
DLPFC-R,153.3333,a75_a50_an,-0.023021475587363196
DLPFC-R,153.3333,a75_an_ba,-0.32765002189291476
DLPFC-R,154.1667,a50_an_ba,-0.30946970831924886
DLPFC-R,154.1667,a75_a50_an,-0.013811944681116522
DLPFC-R,154.1667,a75_an_ba,-0.3232816530003654
DLPFC-R,155,a50_an_ba,-0.3148983588853576
DLPFC-R,155,a75_a50_an,-0.003966186359885046
DLPFC-R,155,a75_an_ba,-0.31886454524524266
DLPFC-R,155.8333,a50_an_ba,-0.32077135071306556
DLPFC-R,155.8333,a75_a50_an,0.006328913129042743
DLPFC-R,155.8333,a75_an_ba,-0.3144424375840228
DLPFC-R,156.6667,a50_an_ba,-0.32693873569051746
DLPFC-R,156.6667,a75_a50_an,0.01687470791403457
DLPFC-R,156.6667,a75_an_ba,-0.3100640277764829
DLPFC-R,157.5,a50_an_ba,-0.3332470714900439
DLPFC-R,157.5,a75_a50_an,0.027464365925892787
DLPFC-R,157.5,a75_an_ba,-0.30578270556415116
DLPFC-R,158.3333,a50_an_ba,-0.33954281468936537
DLPFC-R,158.3333,a75_a50_an,0.0378866367745578
DLPFC-R,158.3333,a75_an_ba,-0.30165617791480753
DLPFC-R,159.1667,a50_an_ba,-0.3456757243798207
DLPFC-R,159.1667,a75_a50_an,0.04792973876331719
DLPFC-R,159.1667,a75_an_ba,-0.2977459856165035
DLPFC-R,160,a50_an_ba,-0.3515021994826465
DLPFC-R,160,a75_a50_an,0.05738528676886854
DLPFC-R,160,a75_an_ba,-0.29411691271377793
DLPFC-R,160.8333,a50_an_ba,-0.35688847401589274
DLPFC-R,160.8333,a75_a50_an,0.06605218145237651
DLPFC-R,160.8333,a75_an_ba,-0.29083629256351623
DLPFC-R,161.6667,a50_an_ba,-0.361713597334075
DLPFC-R,161.6667,a75_a50_an,0.07374038073218625
DLPFC-R,161.6667,a75_an_ba,-0.28797321660188874
DLPFC-R,162.5,a50_an_ba,-0.36587213084523246
DLPFC-R,162.5,a75_a50_an,0.08027447663612669
DLPFC-R,162.5,a75_an_ba,-0.28559765420910577
DLPFC-R,163.33329999999998,a50_an_ba,-0.3692764988010678
DLPFC-R,163.33329999999998,a75_a50_an,0.08549700451467172
DLPFC-R,163.33329999999998,a75_an_ba,-0.2837794942863961
DLPFC-R,164.1667,a50_an_ba,-0.3718589383222168
DLPFC-R,164.1667,a75_a50_an,0.08927141705160484
DLPFC-R,164.1667,a75_an_ba,-0.282587521270612
DLPFC-R,165,a50_an_ba,-0.3735730026947739
DLPFC-R,165,a75_a50_an,0.0914846624360836
DLPFC-R,165,a75_an_ba,-0.2820883402586903
DLPFC-R,165.83329999999998,a50_an_ba,-0.37439458195678615
DLPFC-R,165.83329999999998,a75_a50_an,0.09204931430590049
DLPFC-R,165.83329999999998,a75_an_ba,-0.28234526765088563
DLPFC-R,166.6667,a50_an_ba,-0.3743224156589128
DLPFC-R,166.6667,a75_a50_an,0.09090521045280947
DLPFC-R,166.6667,a75_an_ba,-0.2834172052061033
DLPFC-R,167.5,a50_an_ba,-0.37337808418446505
DLPFC-R,167.5,a75_a50_an,0.08802056758844538
DLPFC-R,167.5,a75_an_ba,-0.28535751659601966
DLPFC-R,168.33329999999998,a50_an_ba,-0.37160547688756124
DLPFC-R,168.33329999999998,a75_a50_an,0.08339255047392294
DLPFC-R,168.33329999999998,a75_an_ba,-0.2882129264136383
DLPFC-R,169.1667,a50_an_ba,-0.36906974728145486
DLPFC-R,169.1667,a75_a50_an,0.07704728517282794
DLPFC-R,169.1667,a75_an_ba,-0.2920224621086269
DLPFC-R,170,a50_an_ba,-0.36585577730583146
DLPFC-R,170,a75_a50_an,0.0690393178412061
DLPFC-R,170,a75_an_ba,-0.29681645946462537
DLPFC-R,170.83329999999998,a50_an_ba,-0.36206618404885665
DLPFC-R,170.83329999999998,a75_a50_an,0.05945053206064203
DLPFC-R,170.83329999999998,a75_an_ba,-0.3026156519882146
DLPFC-R,171.6667,a50_an_ba,-0.35781891293323953
DLPFC-R,171.6667,a75_a50_an,0.048388548995082034
DLPFC-R,171.6667,a75_an_ba,-0.3094303639381575
DLPFC-R,172.5,a50_an_ba,-0.353244471046829
DLPFC-R,172.5,a75_a50_an,0.035984645359815666
DLPFC-R,172.5,a75_an_ba,-0.31725982568701333
DLPFC-R,173.3333,a50_an_ba,-0.3484828627806621
DLPFC-R,173.3333,a75_a50_an,0.022391234097050496
DLPFC-R,173.3333,a75_an_ba,-0.32609162868361163
DLPFC-R,174.16670000000002,a50_an_ba,-0.3436802970300529
DLPFC-R,174.16670000000002,a75_a50_an,0.007778961540442331
DLPFC-R,174.16670000000002,a75_an_ba,-0.33590133548961054
DLPFC-R,175,a50_an_ba,-0.33898574074853527
DLPFC-R,175,a75_a50_an,-0.007666517471528309
DLPFC-R,175,a75_an_ba,-0.3466522582200636
DLPFC-R,175.8333,a50_an_ba,-0.33454739748628476
DLPFC-R,175.8333,a75_a50_an,-0.023748018770456205
DLPFC-R,175.8333,a75_an_ba,-0.358295416256741
DLPFC-R,176.66670000000002,a50_an_ba,-0.33050919159912073
DLPFC-R,176.66670000000002,a75_a50_an,-0.040260489762366465
DLPFC-R,176.66670000000002,a75_an_ba,-0.3707696813614872
DLPFC-R,177.5,a50_an_ba,-0.32700733902677553
DLPFC-R,177.5,a75_a50_an,-0.05699477631149887
DLPFC-R,177.5,a75_an_ba,-0.3840021153382744
DLPFC-R,178.3333,a50_an_ba,-0.32416708389806786
DLPFC-R,178.3333,a75_a50_an,-0.07374141832779862
DLPFC-R,178.3333,a75_an_ba,-0.3979085022258665
DLPFC-R,179.16670000000002,a50_an_ba,-0.32209967675619083
DLPFC-R,179.16670000000002,a75_a50_an,-0.09029439694529427
DLPFC-R,179.16670000000002,a75_an_ba,-0.41239407370148506
DLPFC-R,180,a50_an_ba,-0.3208996649823315
DLPFC-R,180,a75_a50_an,-0.10645475801439058
DLPFC-R,180,a75_an_ba,-0.4273544229967221
DLPFC-R,180.8333,a50_an_ba,-0.32064255914314616
DLPFC-R,180.8333,a75_a50_an,-0.1220340400867997
DLPFC-R,180.8333,a75_an_ba,-0.44267659922994584
DLPFC-R,181.6667,a50_an_ba,-0.3213829306484387
DLPFC-R,181.6667,a75_a50_an,-0.13685744005759853
DLPFC-R,181.6667,a75_an_ba,-0.45824037070603724
DLPFC-R,182.5,a50_an_ba,-0.3231529864649869
DLPFC-R,182.5,a75_a50_an,-0.15076665602121755
DLPFC-R,182.5,a75_an_ba,-0.4739196424862045
DLPFC-R,183.3333,a50_an_ba,-0.3259616559072166
DLPFC-R,183.3333,a75_a50_an,-0.16362235454209131
DLPFC-R,183.3333,a75_an_ba,-0.4895840104493079
DLPFC-R,184.1667,a50_an_ba,-0.3297942129563693
DLPFC-R,184.1667,a75_a50_an,-0.17530621825432488
DLPFC-R,184.1667,a75_an_ba,-0.5051004312106941
DLPFC-R,185,a50_an_ba,-0.33461244540885504
DLPFC-R,185,a75_a50_an,-0.18572253928311228
DLPFC-R,185,a75_an_ba,-0.5203349846919673
DLPFC-R,185.8333,a50_an_ba,-0.3403553696968176
DLPFC-R,185.8333,a75_a50_an,-0.19479933420064197
DLPFC-R,185.8333,a75_an_ba,-0.5351547038974596
DLPFC-R,186.6667,a50_an_ba,-0.3469404777432141
DLPFC-R,186.6667,a75_a50_an,-0.20248896685531684
DLPFC-R,186.6667,a75_an_ba,-0.5494294445985309
DLPFC-R,187.5,a50_an_ba,-0.3542654899943242
DLPFC-R,187.5,a75_a50_an,-0.20876827620200722
DLPFC-R,187.5,a75_an_ba,-0.5630337661963315
DLPFC-R,188.3333,a50_an_ba,-0.3622105770941538
DLPFC-R,188.3333,a75_a50_an,-0.21363821696849056
DLPFC-R,188.3333,a75_an_ba,-0.5758487940626443
DLPFC-R,189.1667,a50_an_ba,-0.37064100179543535
DLPFC-R,189.1667,a75_a50_an,-0.21712303137842176
DLPFC-R,189.1667,a75_an_ba,-0.5877640331738571
DLPFC-R,190,a50_an_ba,-0.37941012289100856
DLPFC-R,190,a75_a50_an,-0.2192689799834596
DLPFC-R,190,a75_an_ba,-0.5986791028744681
DLPFC-R,190.8333,a50_an_ba,-0.3883626944237312
DLPFC-R,190.8333,a75_a50_an,-0.2201426687205727
DLPFC-R,190.8333,a75_an_ba,-0.6085053631443039
DLPFC-R,191.6667,a50_an_ba,-0.397338386390894
DLPFC-R,191.6667,a75_a50_an,-0.2198290174087152
DLPFC-R,191.6667,a75_an_ba,-0.6171674037996092
DLPFC-R,192.5,a50_an_ba,-0.40617544776466236
DLPFC-R,192.5,a75_a50_an,-0.2184289218602391
DLPFC-R,192.5,a75_an_ba,-0.6246043696249014
DLPFC-R,193.3333,a50_an_ba,-0.4147144290312011
DLPFC-R,193.3333,a75_a50_an,-0.21605666746226823
DLPFC-R,193.3333,a75_an_ba,-0.6307710964934693
DLPFC-R,194.1667,a50_an_ba,-0.422801879695211
DLPFC-R,194.1667,a75_a50_an,-0.21283715636905068
DLPFC-R,194.1667,a75_an_ba,-0.6356390360642618
DLPFC-R,195,a50_an_ba,-0.43029393634901125
DLPFC-R,195,a75_a50_an,-0.2089030132582372
DLPFC-R,195,a75_an_ba,-0.6391969496072485
DLPFC-R,195.83329999999998,a50_an_ba,-0.4370597189684683
DLPFC-R,195.83329999999998,a75_a50_an,-0.2043916358976708
DLPFC-R,195.83329999999998,a75_an_ba,-0.6414513548661391
DLPFC-R,196.6667,a50_an_ba,-0.4429844570306715
DLPFC-R,196.6667,a75_a50_an,-0.19944225653556483
DLPFC-R,196.6667,a75_an_ba,-0.6424267135662364
DLPFC-R,197.5,a50_an_ba,-0.4479722727670558
DLPFC-R,197.5,a75_a50_an,-0.1941930783926138
DLPFC-R,197.5,a75_an_ba,-0.6421653511596697
DLPFC-R,198.33329999999998,a50_an_ba,-0.45194855624640756
DLPFC-R,198.33329999999998,a75_a50_an,-0.1887785483608799
DLPFC-R,198.33329999999998,a75_an_ba,-0.6407271046072874
DLPFC-R,199.1667,a50_an_ba,-0.45486187586307797
DLPFC-R,199.1667,a75_a50_an,-0.1833268224951818
DLPFC-R,199.1667,a75_an_ba,-0.6381886983582598
DLPFC-R,200,a50_an_ba,-0.4566853779906357
DLPFC-R,200,a75_a50_an,-0.1779574751427185
DLPFC-R,200,a75_an_ba,-0.6346428531333542
DLPFC-R,200.83329999999998,a50_an_ba,-0.4574176408241447
DLPFC-R,200.83329999999998,a75_a50_an,-0.17277949574714208
DLPFC-R,200.83329999999998,a75_an_ba,-0.6301971365712868
DLPFC-R,201.6667,a50_an_ba,-0.45708295952476524
DLPFC-R,201.6667,a75_a50_an,-0.1678896096589765
DLPFC-R,201.6667,a75_an_ba,-0.6249725691837418
DLPFC-R,202.5,a50_an_ba,-0.4557310524285855
DLPFC-R,202.5,a75_a50_an,-0.1633709508787762
DLPFC-R,202.5,a75_an_ba,-0.6191020033073618
DLPFC-R,203.3333,a50_an_ba,-0.4534361910048203
DLPFC-R,203.3333,a75_a50_an,-0.1592921057604751
DLPFC-R,203.3333,a75_an_ba,-0.6127282967652954
DLPFC-R,204.16670000000002,a50_an_ba,-0.45029576915747593
DLPFC-R,204.16670000000002,a75_a50_an,-0.15570653752675928
DLPFC-R,204.16670000000002,a75_an_ba,-0.6060023066842353
DLPFC-R,205,a50_an_ba,-0.4464283400695791
DLPFC-R,205,a75_a50_an,-0.1526523922167525
DLPFC-R,205,a75_an_ba,-0.5990807322863316
DLPFC-R,205.8333,a50_an_ba,-0.44197116080725485
DLPFC-R,205.8333,a75_a50_an,-0.15015267761801718
DLPFC-R,205.8333,a75_an_ba,-0.592123838425272
DLPFC-R,206.66670000000002,a50_an_ba,-0.4370772960617371
DLPFC-R,206.66670000000002,a75_a50_an,-0.14821579804256238
DLPFC-R,206.66670000000002,a75_an_ba,-0.5852930941042995
DLPFC-R,207.5,a50_an_ba,-0.4319123424595399
DLPFC-R,207.5,a75_a50_an,-0.14683641969125613
DLPFC-R,207.5,a75_an_ba,-0.5787487621507961
DLPFC-R,208.3333,a50_an_ba,-0.42665084358750444
DLPFC-R,208.3333,a75_a50_an,-0.1459966339975568
DLPFC-R,208.3333,a75_an_ba,-0.5726474775850613
DLPFC-R,209.16670000000002,a50_an_ba,-0.4214724730628791
DLPFC-R,209.16670000000002,a75_a50_an,-0.1456673799142234
DLPFC-R,209.16670000000002,a75_an_ba,-0.5671398529771026
DLPFC-R,210,a50_an_ba,-0.4165580684659654
DLPFC-R,210,a75_a50_an,-0.14581008074563984
DLPFC-R,210,a75_an_ba,-0.5623681492116052
DLPFC-R,210.8333,a50_an_ba,-0.41208560261842314
DLPFC-R,210.8333,a75_a50_an,-0.1463784469465917
DLPFC-R,210.8333,a75_an_ba,-0.5584640495650148
DLPFC-R,211.66670000000002,a50_an_ba,-0.4082261804494329
DLPFC-R,211.66670000000002,a75_a50_an,-0.14732039338877786
DLPFC-R,211.66670000000002,a75_an_ba,-0.5555465738382107
DLPFC-R,212.5,a50_an_ba,-0.4051401495017873
DLPFC-R,212.5,a75_a50_an,-0.14858001799088205
DLPFC-R,212.5,a75_an_ba,-0.5537201674926693
DLPFC-R,213.3333,a50_an_ba,-0.40297340999195463
DLPFC-R,213.3333,a75_a50_an,-0.15009958833607162
DLPFC-R,213.3333,a75_an_ba,-0.5530729983280263
DLPFC-R,214.1667,a50_an_ba,-0.40185400629626816
DLPFC-R,214.1667,a75_a50_an,-0.1518214839493688
DLPFC-R,214.1667,a75_an_ba,-0.553675490245637
DLPFC-R,215,a50_an_ba,-0.4018890758765145
DLPFC-R,215,a75_a50_an,-0.15369004423179822
DLPFC-R,215,a75_an_ba,-0.5555791201083127
DLPFC-R,215.8333,a50_an_ba,-0.4031622241097177
DLPFC-R,215.8333,a75_a50_an,-0.1556532755732494
DLPFC-R,215.8333,a75_an_ba,-0.5588154996829671
DLPFC-R,216.6667,a50_an_ba,-0.405731384413308
DLPFC-R,216.6667,a75_a50_an,-0.15766437578849843
DLPFC-R,216.6667,a75_an_ba,-0.5633957602018065
DLPFC-R,217.5,a50_an_ba,-0.40962721265722396
DLPFC-R,217.5,a75_a50_an,-0.15968303961169703
DLPFC-R,217.5,a75_an_ba,-0.569310252268921
DLPFC-R,218.3333,a50_an_ba,-0.4148520533567483
DLPFC-R,218.3333,a75_a50_an,-0.1616765153933047
DLPFC-R,218.3333,a75_an_ba,-0.576528568750053
DLPFC-R,219.1667,a50_an_ba,-0.42137950279685227
DLPFC-R,219.1667,a75_a50_an,-0.163620390200399
DLPFC-R,219.1667,a75_an_ba,-0.5849998929972513
DLPFC-R,220,a50_an_ba,-0.4291545813216673
DLPFC-R,220,a75_a50_an,-0.16549908804393468
DLPFC-R,220,a75_an_ba,-0.5946536693656019
DLPFC-R,220.8333,a50_an_ba,-0.4380945138155847
DLPFC-R,220.8333,a75_a50_an,-0.16730607375215914
DLPFC-R,220.8333,a75_an_ba,-0.6054005875677438
DLPFC-R,221.6667,a50_an_ba,-0.44809010419577566
DLPFC-R,221.6667,a75_a50_an,-0.1690437628812058
DLPFC-R,221.6667,a75_an_ba,-0.6171338670769814
DLPFC-R,222.5,a50_an_ba,-0.45900767682002924
DLPFC-R,222.5,a75_a50_an,-0.17072314580528553
DLPFC-R,222.5,a75_an_ba,-0.6297308226253148
DLPFC-R,223.3333,a50_an_ba,-0.4706915453725184
DLPFC-R,223.3333,a75_a50_an,-0.17236314156801463
DLPFC-R,223.3333,a75_an_ba,-0.643054686940533
DLPFC-R,224.1667,a50_an_ba,-0.48296695829458064
DLPFC-R,224.1667,a75_a50_an,-0.173989704021591
DLPFC-R,224.1667,a75_an_ba,-0.6569566623161717
DLPFC-R,225,a50_an_ba,-0.4956434594300844
DLPFC-R,225,a75_a50_an,-0.1756347090635564
DLPFC-R,225,a75_an_ba,-0.6712781684936409
DLPFC-R,225.83329999999998,a50_an_ba,-0.50851859348342765
DLPFC-R,225.83329999999998,a75_a50_an,-0.17733465725203096
DLPFC-R,225.83329999999998,a75_an_ba,-0.6858532507354587
DLPFC-R,226.6667,a50_an_ba,-0.5213818783413477
DLPFC-R,226.6667,a75_a50_an,-0.1791292306109427
DLPFC-R,226.6667,a75_an_ba,-0.7005111089522905
DLPFC-R,227.5,a50_an_ba,-0.5340189604524043
DLPFC-R,227.5,a75_a50_an,-0.18105974592308122
DLPFC-R,227.5,a75_an_ba,-0.7150787063754854
DLPFC-R,228.33329999999998,a50_an_ba,-0.5462158654179461
DLPFC-R,228.33329999999998,a75_a50_an,-0.18316754917337388
DLPFC-R,228.33329999999998,a75_an_ba,-0.72938341459132
DLPFC-R,229.1667,a50_an_ba,-0.5577632538132578
DLPFC-R,229.1667,a75_a50_an,-0.18549239699896009
DLPFC-R,229.1667,a75_an_ba,-0.7432556508122178
DLPFC-R,230,a50_an_ba,-0.5684605920730241
DLPFC-R,230,a75_a50_an,-0.18807087100693565
DLPFC-R,230,a75_an_ba,-0.7565314630799598
DLPFC-R,230.83329999999998,a50_an_ba,-0.578120150044509
DLPFC-R,230.83329999999998,a75_a50_an,-0.19093486964530457
DLPFC-R,230.83329999999998,a75_an_ba,-0.7690550196898135
DLPFC-R,231.6667,a50_an_ba,-0.5865707404945147
DLPFC-R,231.6667,a75_a50_an,-0.19411021999702732
DLPFC-R,231.6667,a75_an_ba,-0.780680960491542
DLPFC-R,232.5,a50_an_ba,-0.5936611213712567
DLPFC-R,232.5,a75_a50_an,-0.19761544847837484
DLPFC-R,232.5,a75_an_ba,-0.7912765698496316
DLPFC-R,233.33329999999998,a50_an_ba,-0.5992629888473328
DLPFC-R,233.33329999999998,a75_a50_an,-0.2014607450545247
DLPFC-R,233.33329999999998,a75_an_ba,-0.8007237339018575
DLPFC-R,234.1667,a50_an_ba,-0.6032734979468974
DLPFC-R,234.1667,a75_a50_an,-0.20564715035407488
DLPFC-R,234.1667,a75_an_ba,-0.8089206483009723
DLPFC-R,235,a50_an_ba,-0.6056172576957658
DLPFC-R,235,a75_a50_an,-0.2101659891077393
DLPFC-R,235,a75_an_ba,-0.8157832468035051
DLPFC-R,235.8333,a50_an_ba,-0.6062477590063219
DLPFC-R,235.8333,a75_a50_an,-0.21499856680900284
DLPFC-R,235.8333,a75_an_ba,-0.8212463258153246
DLPFC-R,236.66670000000002,a50_an_ba,-0.6051482056730986
DLPFC-R,236.66670000000002,a75_a50_an,-0.2201161395636117
DLPFC-R,236.66670000000002,a75_an_ba,-0.8252643452367103
DLPFC-R,237.5,a50_an_ba,-0.6023317316449999
DLPFC-R,237.5,a75_a50_an,-0.22548015993685638
DLPFC-R,237.5,a75_an_ba,-0.8278118915818563
DLPFC-R,238.3333,a50_an_ba,-0.5978410008779796
DLPFC-R,238.3333,a75_a50_an,-0.2310427944034302
DLPFC-R,238.3333,a75_an_ba,-0.8288837952814099
DLPFC-R,239.16670000000002,a50_an_ba,-0.5917471992725244
DLPFC-R,239.16670000000002,a75_a50_an,-0.2367477009352256
DLPFC-R,239.16670000000002,a75_an_ba,-0.82849490020775
DLPFC-R,240,a50_an_ba,-0.584148441177661
DLPFC-R,240,a75_a50_an,-0.24253104850409687
DLPFC-R,240,a75_an_ba,-0.8266794896817579
DLPFC-R,240.8333,a50_an_ba,-0.5751676254172191
DLPFC-R,240.8333,a75_a50_an,-0.2483227539972158
DLPFC-R,240.8333,a75_an_ba,-0.8234903794144349
DLPFC-R,241.66670000000002,a50_an_ba,-0.5649497874959988
DLPFC-R,241.66670000000002,a75_a50_an,-0.2540479063970543
DLPFC-R,241.66670000000002,a75_an_ba,-0.8189976938930531
DLPFC-R,242.5,a50_an_ba,-0.5536590053222807
DLPFC-R,242.5,a75_a50_an,-0.2596283432046591
DLPFC-R,242.5,a75_an_ba,-0.8132873485269398
DLPFC-R,243.3333,a50_an_ba,-0.5414749252103266
DLPFC-R,243.3333,a75_a50_an,-0.264984340102569
DLPFC-R,243.3333,a75_an_ba,-0.8064592653128956
DLPFC-R,244.1667,a50_an_ba,-0.5285889829019189
DLPFC-R,244.1667,a75_a50_an,-0.27003637185817775
DLPFC-R,244.1667,a75_an_ba,-0.7986253547600968
DLPFC-R,245,a50_an_ba,-0.5152004007008244
DLPFC-R,245,a75_a50_an,-0.27470690053124563
DLPFC-R,245,a75_an_ba,-0.78990730123207
DLPFC-R,245.8333,a50_an_ba,-0.5015120464156886
DLPFC-R,245.8333,a75_a50_an,-0.27892214621503597
DLPFC-R,245.8333,a75_an_ba,-0.7804341926307246
DLPFC-R,246.6667,a50_an_ba,-0.4877262425606733
DLPFC-R,246.6667,a75_a50_an,-0.28261379582698487
DLPFC-R,246.6667,a75_an_ba,-0.7703400383876582
DLPFC-R,247.5,a50_an_ba,-0.47404061511480633
DLPFC-R,247.5,a75_a50_an,-0.2857206068616021
DLPFC-R,247.5,a75_an_ba,-0.7597612219764085
DLPFC-R,248.3333,a50_an_ba,-0.4606440700776546
DLPFC-R,248.3333,a75_a50_an,-0.28818986548805414
DLPFC-R,248.3333,a75_an_ba,-0.7488339355657088
DLPFC-R,249.1667,a50_an_ba,-0.4477129831087562
DLPFC-R,249.1667,a75_a50_an,-0.28997866185409304
DLPFC-R,249.1667,a75_an_ba,-0.7376916449628492
DLPFC-R,250,a50_an_ba,-0.43540768277032055
DLPFC-R,250,a75_a50_an,-0.29105494985855934
DLPFC-R,250,a75_an_ba,-0.7264626326288799
DLPFC-R,250.83329999999998,a50_an_ba,-0.42386930141492846
DLPFC-R,250.83329999999998,a75_a50_an,-0.29139836386630497
DLPFC-R,250.83329999999998,a75_an_ba,-0.7152676652812334
DLPFC-R,251.66670000000002,a50_an_ba,-0.4132170597165032
DLPFC-R,251.66670000000002,a75_a50_an,-0.2910007707324222
DLPFC-R,251.66670000000002,a75_an_ba,-0.7042178304489254
DLPFC-R,252.5,a50_an_ba,-0.4035460414113354
DLPFC-R,252.5,a75_a50_an,-0.2898665419311458
DLPFC-R,252.5,a75_an_ba,-0.6934125833424812
DLPFC-R,253.33329999999998,a50_an_ba,-0.3949255042027567
DLPFC-R,253.33329999999998,a75_a50_an,-0.2880125373904935
DLPFC-R,253.33329999999998,a75_an_ba,-0.6829380415932501
DLPFC-R,254.16670000000002,a50_an_ba,-0.38739776121956476
DLPFC-R,254.16670000000002,a75_a50_an,-0.28546779964940555
DLPFC-R,254.16670000000002,a75_an_ba,-0.6728655608689703
DLPFC-R,255,a50_an_ba,-0.3809776551548509
DLPFC-R,255,a75_a50_an,-0.28227296400841223
DLPFC-R,255,a75_an_ba,-0.6632506191632631
DLPFC-R,255.83329999999998,a50_an_ba,-0.3756526345131879
DLPFC-R,255.83329999999998,a75_a50_an,-0.27847939726580423
DLPFC-R,255.83329999999998,a75_an_ba,-0.6541320317789922
DLPFC-R,256.66670000000005,a50_an_ba,-0.37138342853274536
DLPFC-R,256.66670000000005,a75_a50_an,-0.27414808425070547
DLPFC-R,256.66670000000005,a75_an_ba,-0.6455315127834509
DLPFC-R,257.5,a50_an_ba,-0.3681053045998654
DLPFC-R,257.5,a75_a50_an,-0.26934828752234086
DLPFC-R,257.5,a75_an_ba,-0.6374535921222063
DLPFC-R,258.3333,a50_an_ba,-0.365729879608241
DLPFC-R,258.3333,a75_a50_an,-0.26415601115241727
DLPFC-R,258.3333,a75_an_ba,-0.6298858907606583
DLPFC-R,259.16670000000005,a50_an_ba,-0.3641474449948508
DLPFC-R,259.16670000000005,a75_a50_an,-0.25865230431191727
DLPFC-R,259.16670000000005,a75_an_ba,-0.6227997493067681
DLPFC-R,260,a50_an_ba,-0.36322975435708493
DLPFC-R,260,a75_a50_an,-0.2529214443295789
DLPFC-R,260,a75_an_ba,-0.6161511986866639
DLPFC-R,260.8333,a50_an_ba,-0.3628332128464647
DLPFC-R,260.8333,a75_a50_an,-0.24704904188337495
DLPFC-R,260.8333,a75_an_ba,-0.6098822547298397
DLPFC-R,261.6667,a50_an_ba,-0.36280239914561446
DLPFC-R,261.6667,a75_a50_an,-0.24112011295763075
DLPFC-R,261.6667,a75_an_ba,-0.6039225121032452
DLPFC-R,262.5,a50_an_ba,-0.3629738439389748
DLPFC-R,262.5,a75_a50_an,-0.23521716310136953
DLPFC-R,262.5,a75_an_ba,-0.5981910070403443
DLPFC-R,263.3333,a50_an_ba,-0.36317998352385983
DLPFC-R,263.3333,a75_a50_an,-0.22941832933808232
DLPFC-R,263.3333,a75_an_ba,-0.5925983128619421
DLPFC-R,264.1667,a50_an_ba,-0.3632532036810132
DLPFC-R,264.1667,a75_a50_an,-0.22379562380953041
DLPFC-R,264.1667,a75_an_ba,-0.5870488274905437
DLPFC-R,265,a50_an_ba,-0.36302988719953727
DLPFC-R,265,a75_a50_an,-0.21841332091848786
DLPFC-R,265,a75_an_ba,-0.5814432081180252
DLPFC-R,265.8333,a50_an_ba,-0.36235437855802743
DLPFC-R,265.8333,a75_a50_an,-0.21332652642458164
DLPFC-R,265.8333,a75_an_ba,-0.575680904982609
DLPFC-R,266.6667,a50_an_ba,-0.3610827811909663
DLPFC-R,266.6667,a75_a50_an,-0.20857996272406384
DLPFC-R,266.6667,a75_an_ba,-0.5696627439150301
DLPFC-R,267.5,a50_an_ba,-0.3590865064674778
DLPFC-R,267.5,a75_a50_an,-0.20420699951049684
DLPFC-R,267.5,a75_an_ba,-0.5632935059779747
DLPFC-R,268.3333,a50_an_ba,-0.3562554988916998
DLPFC-R,268.3333,a75_a50_an,-0.20022895328981832
DLPFC-R,268.3333,a75_an_ba,-0.5564844521815181
DLPFC-R,269.1667,a50_an_ba,-0.35250106897860767
DLPFC-R,269.1667,a75_a50_an,-0.19665467294690486
DLPFC-R,269.1667,a75_an_ba,-0.5491557419255125
DLPFC-R,270,a50_an_ba,-0.34775827361213263
DLPFC-R,270,a75_a50_an,-0.19348042188092926
DLPFC-R,270,a75_an_ba,-0.5412386954930619
DLPFC-R,270.8333,a50_an_ba,-0.34198779327087675
DLPFC-R,270.8333,a75_a50_an,-0.19069006030202665
DLPFC-R,270.8333,a75_an_ba,-0.5326778535729034
DLPFC-R,271.6667,a50_an_ba,-0.3351772661036605
DLPFC-R,271.6667,a75_a50_an,-0.18825552427532374
DLPFC-R,271.6667,a75_an_ba,-0.5234327903789842
DLPFC-R,272.5,a50_an_ba,-0.3273420502245359
DLPFC-R,272.5,a75_a50_an,-0.18613759117535708
DLPFC-R,272.5,a75_an_ba,-0.513479641399893
DLPFC-R,273.3333,a50_an_ba,-0.31852539753270087
DLPFC-R,273.3333,a75_a50_an,-0.18428691453604232
DLPFC-R,273.3333,a75_an_ba,-0.5028123120687432
DLPFC-R,274.1667,a50_an_ba,-0.30879803459409705
DLPFC-R,274.1667,a75_a50_an,-0.18264530500462292
DLPFC-R,274.1667,a75_an_ba,-0.49144333959872
DLPFC-R,275,a50_an_ba,-0.298257158391994
DLPFC-R,275,a75_a50_an,-0.18114722837761676
DLPFC-R,275,a75_an_ba,-0.4794043867696108
DLPFC-R,275.8333,a50_an_ba,-0.2870248668073855
DLPFC-R,275.8333,a75_a50_an,-0.17972148664492743
DLPFC-R,275.8333,a75_an_ba,-0.46674635345231297
DLPFC-R,276.6667,a50_an_ba,-0.27524605527760854
DLPFC-R,276.6667,a75_a50_an,-0.1782930437101763
DLPFC-R,276.6667,a75_an_ba,-0.45353909898778483
DLPFC-R,277.5,a50_an_ba,-0.26308582196532726
DLPFC-R,277.5,a75_a50_an,-0.17678495408746764
DLPFC-R,277.5,a75_an_ba,-0.4398707760527949
DLPFC-R,278.3333,a50_an_ba,-0.2507264337290415
DLPFC-R,278.3333,a75_a50_an,-0.17512035047200822
DLPFC-R,278.3333,a75_an_ba,-0.42584678420104977
DLPFC-R,279.1667,a50_an_ba,-0.23836391402046322
DLPFC-R,279.1667,a75_a50_an,-0.17322444469645235
DLPFC-R,279.1667,a75_an_ba,-0.41158835871691557
DLPFC-R,280,a50_an_ba,-0.22620432136874982
DLPFC-R,280,a75_a50_an,-0.17102649624454458
DLPFC-R,280,a75_an_ba,-0.3972308176132944
DLPFC-R,280.8333,a50_an_ba,-0.21445979320019518
DLPFC-R,280.8333,a75_a50_an,-0.16846170320219714
DLPFC-R,280.8333,a75_an_ba,-0.3829214964023923
DLPFC-R,281.6667,a50_an_ba,-0.20334443426988927
DLPFC-R,281.6667,a75_a50_an,-0.16547297226274985
DLPFC-R,281.6667,a75_an_ba,-0.3688174065326391
DLPFC-R,282.5,a50_an_ba,-0.19307013186734093
DLPFC-R,282.5,a75_a50_an,-0.16201252712332398
DLPFC-R,282.5,a75_an_ba,-0.35508265899066493
DLPFC-R,283.3333,a50_an_ba,-0.18384238115488227
DLPFC-R,283.3333,a75_a50_an,-0.1580433182458363
DLPFC-R,283.3333,a75_an_ba,-0.34188569940071856
DLPFC-R,284.1667,a50_an_ba,-0.1758562034944346
DLPFC-R,284.1667,a75_a50_an,-0.15354020142159516
DLPFC-R,284.1667,a75_an_ba,-0.32939640491602973
DLPFC-R,285,a50_an_ba,-0.16929223843949143
DLPFC-R,285,a75_a50_an,-0.14849085776615797
DLPFC-R,285,a75_an_ba,-0.3177830962056494
DLPFC-R,285.8333,a50_an_ba,-0.1643130862736551
DLPFC-R,285.8333,a75_a50_an,-0.14289643355897697
DLPFC-R,285.8333,a75_an_ba,-0.30720951983263206
DLPFC-R,286.6667,a50_an_ba,-0.16105997265648034
DLPFC-R,286.6667,a75_a50_an,-0.13677188459511969
DLPFC-R,286.6667,a75_an_ba,-0.29783185725160005
DLPFC-R,287.5,a50_an_ba,-0.15964980021405903
DLPFC-R,287.5,a75_a50_an,-0.13014601628919492
DLPFC-R,287.5,a75_an_ba,-0.2897958165032539
DLPFC-R,288.3333,a50_an_ba,-0.16017264393586322
DLPFC-R,288.3333,a75_a50_an,-0.12306121751341291
DLPFC-R,288.3333,a75_an_ba,-0.28323386144927615
DLPFC-R,289.1667,a50_an_ba,-0.1626897381850891
DLPFC-R,289.1667,a75_a50_an,-0.11557289290870928
DLPFC-R,289.1667,a75_an_ba,-0.2782626310937984
DLPFC-R,290,a50_an_ba,-0.16723199319202695
DLPFC-R,290,a75_a50_an,-0.10774860502743218
DLPFC-R,290,a75_an_ba,-0.27498059821945914
DLPFC-R,290.8333,a50_an_ba,-0.17379906828942168
DLPFC-R,290.8333,a75_a50_an,-0.0996669439995946
DLPFC-R,290.8333,a75_an_ba,-0.2734660122890163
DLPFC-R,291.6667,a50_an_ba,-0.18235901808782598
DLPFC-R,291.6667,a75_a50_an,-0.09141614832212376
DLPFC-R,291.6667,a75_an_ba,-0.27377516640994976
DLPFC-R,292.5,a50_an_ba,-0.19284851650645823
DLPFC-R,292.5,a75_a50_an,-0.08309250572214427
DLPFC-R,292.5,a75_an_ba,-0.2759410222286025
DLPFC-R,293.3333,a50_an_ba,-0.20517365230196585
DLPFC-R,293.3333,a75_a50_an,-0.07479856772588209
DLPFC-R,293.3333,a75_an_ba,-0.27997222002784794
DLPFC-R,294.1667,a50_an_ba,-0.21921127870159732
DLPFC-R,294.1667,a75_a50_an,-0.06664121547517532
DLPFC-R,294.1667,a75_an_ba,-0.28585249417677266
DLPFC-R,295,a50_an_ba,-0.2348108891687348
DLPFC-R,295,a75_a50_an,-0.0587296173934141
DLPFC-R,295,a75_an_ba,-0.2935405065621489
DLPFC-R,295.8333,a50_an_ba,-0.2517969814156071
DLPFC-R,295.8333,a75_a50_an,-0.05117312145180821
DLPFC-R,295.8333,a75_an_ba,-0.30297010286741527
DLPFC-R,296.6667,a50_an_ba,-0.26997186272189033
DLPFC-R,296.6667,a75_a50_an,-0.04407912598619649
DLPFC-R,296.6667,a75_an_ba,-0.3140509887080868
DLPFC-R,297.5,a50_an_ba,-0.28911884159049467
DLPFC-R,297.5,a75_a50_an,-0.03755097324751767
DLPFC-R,297.5,a75_an_ba,-0.3266698148380124
DLPFC-R,298.3333,a50_an_ba,-0.3090057439211128
DLPFC-R,298.3333,a75_a50_an,-0.031685909140572434
DLPFC-R,298.3333,a75_an_ba,-0.34069165306168525
DLPFC-R,299.1667,a50_an_ba,-0.3293886863304261
DLPFC-R,299.1667,a75_a50_an,-0.02657315094299447
DLPFC-R,299.1667,a75_an_ba,-0.35596183727342057
DLPFC-R,300,a50_an_ba,-0.35001603508868145
DLPFC-R,300,a75_a50_an,-0.022292102247058146
DLPFC-R,300,a75_an_ba,-0.37230813733573964
DLPFC-R,300.8333,a50_an_ba,-0.3706324764397789
DLPFC-R,300.8333,a75_a50_an,-0.018910750998419167
DLPFC-R,300.8333,a75_an_ba,-0.38954322743819814
DLPFC-R,301.6667,a50_an_ba,-0.390983122859244
DLPFC-R,301.6667,a75_a50_an,-0.016484282402877845
DLPFC-R,301.6667,a75_an_ba,-0.40746740526212183
DLPFC-R,302.5,a50_an_ba,-0.41081758008360286
DLPFC-R,302.5,a75_a50_an,-0.015053933735034303
DLPFC-R,302.5,a75_an_ba,-0.42587151381863714
DLPFC-R,303.33329999999995,a50_an_ba,-0.4298939014877166
DLPFC-R,303.33329999999995,a75_a50_an,-0.01464611282447859
DLPFC-R,303.33329999999995,a75_an_ba,-0.4445400143121952
DLPFC-R,304.1667,a50_an_ba,-0.44798235953568677
DLPFC-R,304.1667,a75_a50_an,-0.015271796339072613
DLPFC-R,304.1667,a75_an_ba,-0.4632541558747594
DLPFC-R,305,a50_an_ba,-0.4648689685005733
DLPFC-R,305,a75_a50_an,-0.016926218061209548
DLPFC-R,305,a75_an_ba,-0.48179518656178283
DLPFC-R,305.83329999999995,a50_an_ba,-0.48035869832740336
DLPFC-R,305.83329999999995,a75_a50_an,-0.019588851296094015
DLPFC-R,305.83329999999995,a75_an_ba,-0.49994754962349736
DLPFC-R,306.6667,a50_an_ba,-0.49427832626881246
DLPFC-R,306.6667,a75_a50_an,-0.02322368349604328
DLPFC-R,306.6667,a75_an_ba,-0.5175020097648557
DLPFC-R,307.5,a50_an_ba,-0.5064788805997016
DLPFC-R,307.5,a75_a50_an,-0.027779775264304793
DLPFC-R,307.5,a75_an_ba,-0.5342586558640063
DLPFC-R,308.33329999999995,a50_an_ba,-0.5168376391467381
DLPFC-R,308.33329999999995,a75_a50_an,-0.03319209024357698
DLPFC-R,308.33329999999995,a75_an_ba,-0.550029729390315
DLPFC-R,309.1667,a50_an_ba,-0.5252596543684751
DLPFC-R,309.1667,a75_a50_an,-0.039382577117179844
DLPFC-R,309.1667,a75_an_ba,-0.564642231485655
DLPFC-R,310,a50_an_ba,-0.5316787861018298
DLPFC-R,310,a75_a50_an,-0.046261480163468774
DLPFC-R,310,a75_an_ba,-0.5779402662652986
DLPFC-R,310.83329999999995,a50_an_ba,-0.5360582326561183
DLPFC-R,310.83329999999995,a75_a50_an,-0.05372885060167497
DLPFC-R,310.83329999999995,a75_an_ba,-0.5897870832577933
DLPFC-R,311.6667,a50_an_ba,-0.5383905604921088
DLPFC-R,311.6667,a75_a50_an,-0.06167622743021616
DLPFC-R,311.6667,a75_an_ba,-0.6000667879223249
DLPFC-R,312.5,a50_an_ba,-0.5386972420798332
DLPFC-R,312.5,a75_a50_an,-0.06998845365028351
DLPFC-R,312.5,a75_an_ba,-0.6086856957301167
DLPFC-R,313.3333,a50_an_ba,-0.5370277205023258
DLPFC-R,313.3333,a75_a50_an,-0.07854559173393343
DLPFC-R,313.3333,a75_an_ba,-0.6155733122362593
DLPFC-R,314.16670000000005,a50_an_ba,-0.5334580277915668
DLPFC-R,314.16670000000005,a75_a50_an,-0.08722490096428331
DLPFC-R,314.16670000000005,a75_an_ba,-0.6206829287558501
DLPFC-R,315,a50_an_ba,-0.5280889916912838
DLPFC-R,315,a75_a50_an,-0.09590283885422875
DLPFC-R,315,a75_an_ba,-0.6239918305455125
DLPFC-R,315.8333,a50_an_ba,-0.5210440724000097
DLPFC-R,315.8333,a75_a50_an,-0.10445704922941806
DLPFC-R,315.8333,a75_an_ba,-0.6255011216294278
DLPFC-R,316.66670000000005,a50_an_ba,-0.5124668767387812
DLPFC-R,316.66670000000005,a75_a50_an,-0.11276830071279184
DLPFC-R,316.66670000000005,a75_an_ba,-0.6252351774515731
DLPFC-R,317.5,a50_an_ba,-0.5025184020149241
DLPFC-R,317.5,a75_a50_an,-0.12072234122723506
DLPFC-R,317.5,a75_an_ba,-0.6232407432421593
DLPFC-R,318.3333,a50_an_ba,-0.4913740655448531
DLPFC-R,318.3333,a75_a50_an,-0.12821163667905802
DLPFC-R,318.3333,a75_an_ba,-0.6195857022239111
DLPFC-R,319.16670000000005,a50_an_ba,-0.47922057830745046
DLPFC-R,319.16670000000005,a75_a50_an,-0.13513696512430717
DLPFC-R,319.16670000000005,a75_an_ba,-0.6143575434317576
DLPFC-R,320,a50_an_ba,-0.46625272250422484
DLPFC-R,320,a75_a50_an,-0.14140884136621046
DLPFC-R,320,a75_an_ba,-0.6076615638704354
DLPFC-R,320.8333,a50_an_ba,-0.4526700929064916
DLPFC-R,320.8333,a75_a50_an,-0.1469487509905865
DLPFC-R,320.8333,a75_an_ba,-0.5996188438970781
DLPFC-R,321.66670000000005,a50_an_ba,-0.43867386080221366
DLPFC-R,321.66670000000005,a75_a50_an,-0.1516901772143654
DLPFC-R,321.66670000000005,a75_an_ba,-0.5903640380165791
DLPFC-R,322.5,a50_an_ba,-0.424463617167725
DLPFC-R,322.5,a75_a50_an,-0.1555794084943683
DLPFC-R,322.5,a75_an_ba,-0.5800430256620933
DLPFC-R,323.3333,a50_an_ba,-0.4102343484564558
DLPFC-R,323.3333,a75_a50_an,-0.15857611951092437
DLPFC-R,323.3333,a75_an_ba,-0.5688104679673802
DLPFC-R,324.1667,a50_an_ba,-0.39617359421200915
DLPFC-R,324.1667,a75_a50_an,-0.16065372279667933
DLPFC-R,324.1667,a75_an_ba,-0.5568273170086885
DLPFC-R,325,a50_an_ba,-0.38245883068774217
DLPFC-R,325,a75_a50_an,-0.16179949282124978
DLPFC-R,325,a75_an_ba,-0.544258323508992
DLPFC-R,325.8333,a50_an_ba,-0.36925511891552554
DLPFC-R,325.8333,a75_a50_an,-0.16201446866945624
DLPFC-R,325.8333,a75_an_ba,-0.5312695875849818
DLPFC-R,326.6667,a50_an_ba,-0.356713049350284
DLPFC-R,326.6667,a75_a50_an,-0.1613131454746396
DLPFC-R,326.6667,a75_an_ba,-0.5180261948249235
DLPFC-R,327.5,a50_an_ba,-0.34496700847041045
DLPFC-R,327.5,a75_a50_an,-0.15972296840936429
DLPFC-R,327.5,a75_an_ba,-0.5046899768797748
DLPFC-R,328.3333,a50_an_ba,-0.3341337856884835
DLPFC-R,328.3333,a75_a50_an,-0.1572836462252115
DLPFC-R,328.3333,a75_an_ba,-0.491417431913695
DLPFC-R,329.1667,a50_an_ba,-0.3243115317750438
DLPFC-R,329.1667,a75_a50_an,-0.15404630401614494
DLPFC-R,329.1667,a75_an_ba,-0.47835783579118873
DLPFC-R,330,a50_an_ba,-0.3155790728718568
DLPFC-R,330,a75_a50_an,-0.1500724970147929
DLPFC-R,330,a75_an_ba,-0.46565156988664974
DLPFC-R,330.8333,a50_an_ba,-0.30799557721723525
DLPFC-R,330.8333,a75_a50_an,-0.1454331087909734
DLPFC-R,330.8333,a75_an_ba,-0.4534286860082086
DLPFC-R,331.6667,a50_an_ba,-0.30160056506306654
DLPFC-R,331.6667,a75_a50_an,-0.1402071581952725
DLPFC-R,331.6667,a75_an_ba,-0.441807723258339
DLPFC-R,332.5,a50_an_ba,-0.29641424606013816
DLPFC-R,332.5,a75_a50_an,-0.134480539779703
DLPFC-R,332.5,a75_an_ba,-0.4308947858398412
DLPFC-R,333.3333,a50_an_ba,-0.2924381627399651
DLPFC-R,333.3333,a75_a50_an,-0.12834472224981877
DLPFC-R,333.3333,a75_an_ba,-0.4207828849897839
DLPFC-R,334.1667,a50_an_ba,-0.28965611372800754
DLPFC-R,334.1667,a75_a50_an,-0.12189542878792446
DLPFC-R,334.1667,a75_an_ba,-0.411551542515932
DLPFC-R,335,a50_an_ba,-0.28803532606747584
DLPFC-R,335,a75_a50_an,-0.11523132187791447
DLPFC-R,335,a75_an_ba,-0.4032666479453903
DLPFC-R,335.8333,a50_an_ba,-0.2875278425798127
DLPFC-R,335.8333,a75_a50_an,-0.10845271361182417
DLPFC-R,335.8333,a75_an_ba,-0.39598055619163686
DLPFC-R,336.6667,a50_an_ba,-0.2880720875821318
DLPFC-R,336.6667,a75_a50_an,-0.1016603204287338
DLPFC-R,336.6667,a75_an_ba,-0.3897324080108656
DLPFC-R,337.5,a50_an_ba,-0.28959457254918874
DLPFC-R,337.5,a75_a50_an,-0.0949540788976459
DLPFC-R,337.5,a75_an_ba,-0.38454865144683464
DLPFC-R,338.3333,a50_an_ba,-0.29201170245294095
DLPFC-R,338.3333,a75_a50_an,-0.08843203658222405
DLPFC-R,338.3333,a75_an_ba,-0.380443739035165
DLPFC-R,339.1667,a50_an_ba,-0.2952316435226141
DLPFC-R,339.1667,a75_a50_an,-0.08218932929465404
DLPFC-R,339.1667,a75_an_ba,-0.37742097281726816
DLPFC-R,340,a50_an_ba,-0.2991562140098474
DLPFC-R,340,a75_a50_an,-0.07631725323738756
DLPFC-R,340,a75_an_ba,-0.37547346724723496
DLPFC-R,340.8333,a50_an_ba,-0.3036827611666276
DLPFC-R,340.8333,a75_a50_an,-0.07090243772303839
DLPFC-R,340.8333,a75_an_ba,-0.374585198889666
DLPFC-R,341.6667,a50_an_ba,-0.308705989982792
DLPFC-R,341.6667,a75_a50_an,-0.06602612142918009
DLPFC-R,341.6667,a75_an_ba,-0.3747321114119721
DLPFC-R,342.5,a50_an_ba,-0.31411971220478035
DLPFC-R,342.5,a75_a50_an,-0.06176353255614167
DLPFC-R,342.5,a75_an_ba,-0.375883244760922
DLPFC-R,343.3333,a50_an_ba,-0.3198184876765989
DLPFC-R,343.3333,a75_a50_an,-0.05818337087546529
DLPFC-R,343.3333,a75_an_ba,-0.3780018585520642
DLPFC-R,344.1667,a50_an_ba,-0.32569913400664385
DLPFC-R,344.1667,a75_a50_an,-0.055347387539744
DLPFC-R,344.1667,a75_an_ba,-0.38104652154638785
DLPFC-R,345,a50_an_ba,-0.3316620848623044
DLPFC-R,345,a75_a50_an,-0.05331005671679401
DLPFC-R,345,a75_an_ba,-0.3849721415790984
DLPFC-R,345.8333,a50_an_ba,-0.33761258171612635
DLPFC-R,345.8333,a75_a50_an,-0.052118331648192254
DLPFC-R,345.8333,a75_an_ba,-0.3897309133643186
DLPFC-R,346.6667,a50_an_ba,-0.34346168849920466
DLPFC-R,346.6667,a75_a50_an,-0.05181147663838762
DLPFC-R,346.6667,a75_an_ba,-0.39527316513759225
DLPFC-R,347.5,a50_an_ba,-0.3491271232470852
DLPFC-R,347.5,a75_a50_an,-0.05242096576910595
DLPFC-R,347.5,a75_an_ba,-0.40154808901619116
DLPFC-R,348.3333,a50_an_ba,-0.35453390534194384
DLPFC-R,348.3333,a75_a50_an,-0.05397043880606323
DLPFC-R,348.3333,a75_an_ba,-0.40850434414800707
DLPFC-R,349.1667,a50_an_ba,-0.35961482125965183
DLPFC-R,349.1667,a75_a50_an,-0.05647570481153825
DLPFC-R,349.1667,a75_an_ba,-0.41609052607119007
DLPFC-R,350,a50_an_ba,-0.3643107157272164
DLPFC-R,350,a75_a50_an,-0.059944784376855416
DLPFC-R,350,a75_an_ba,-0.4242555001040718
DLPFC-R,350.8333,a50_an_ba,-0.36857061880110575
DLPFC-R,350.8333,a75_a50_an,-0.06437798211303188
DLPFC-R,350.8333,a75_an_ba,-0.43294860091413767
DLPFC-R,351.6667,a50_an_ba,-0.37235172251809523
DLPFC-R,351.6667,a75_a50_an,-0.06976798204697665
DLPFC-R,351.6667,a75_an_ba,-0.4421197045650719
DLPFC-R,352.5,a50_an_ba,-0.37561922338926784
DLPFC-R,352.5,a75_a50_an,-0.07609995981804492
DLPFC-R,352.5,a75_an_ba,-0.45171918320731275
DLPFC-R,353.3333,a50_an_ba,-0.3783460490603242
DLPFC-R,353.3333,a75_a50_an,-0.08335170700307563
DLPFC-R,353.3333,a75_an_ba,-0.46169775606339986
DLPFC-R,354.1667,a50_an_ba,-0.3805124889189618
DLPFC-R,354.1667,a75_a50_an,-0.09149376446023304
DLPFC-R,354.1667,a75_an_ba,-0.47200625337919483
DLPFC-R,355,a50_an_ba,-0.38210574927914415
DLPFC-R,355,a75_a50_an,-0.10048956321327364
DLPFC-R,355,a75_an_ba,-0.48259531249241777
DLPFC-R,355.8333,a50_an_ba,-0.3831194540149341
DLPFC-R,355.8333,a75_a50_an,-0.11029557303756347
DLPFC-R,355.8333,a75_an_ba,-0.4934150270524975
DLPFC-R,356.6667,a50_an_ba,-0.38355311117038016
DLPFC-R,356.6667,a75_a50_an,-0.12086146049710238
DLPFC-R,356.6667,a75_an_ba,-0.5044145716674825
DLPFC-R,357.5,a50_an_ba,-0.38341156516813085
DLPFC-R,357.5,a75_a50_an,-0.1321302596604253
DLPFC-R,357.5,a75_an_ba,-0.51554182482855615
DLPFC-R,358.3333,a50_an_ba,-0.3827044528229215
DLPFC-R,358.3333,a75_a50_an,-0.14403856003875468
DLPFC-R,358.3333,a75_an_ba,-0.5267430128616761
DLPFC-R,359.1667,a50_an_ba,-0.38144567949332364
DLPFC-R,359.1667,a75_a50_an,-0.1565167173940658
DLPFC-R,359.1667,a75_an_ba,-0.5379623968873894
DLPFC-R,360,a50_an_ba,-0.37965292944301154
DLPFC-R,360,a75_a50_an,-0.16948909391639488
DLPFC-R,360,a75_an_ba,-0.5491420233594064
DLPFC-R,360.8333,a50_an_ba,-0.3773472219066182
DLPFC-R,360.8333,a75_a50_an,-0.18287433483520835
DLPFC-R,360.8333,a75_an_ba,-0.5602215567418265
DLPFC-R,361.6667,a50_an_ba,-0.3745525215465617
DLPFC-R,361.6667,a75_a50_an,-0.1965856887842516
DLPFC-R,361.6667,a75_an_ba,-0.5711382103308132
DLPFC-R,362.5,a50_an_ba,-0.3712954090319334
DLPFC-R,362.5,a75_a50_an,-0.21053137916773865
DLPFC-R,362.5,a75_an_ba,-0.581826788199672
DLPFC-R,363.3333,a50_an_ba,-0.36760481445666676
DLPFC-R,363.3333,a75_a50_an,-0.2246150333724056
DLPFC-R,363.3333,a75_an_ba,-0.5922198478290723
DLPFC-R,364.1667,a50_an_ba,-0.3635118133293483
DLPFC-R,364.1667,a75_a50_an,-0.2387361759392358
DLPFC-R,364.1667,a75_an_ba,-0.602247989268584
DLPFC-R,365,a50_an_ba,-0.35904948199685555
DLPFC-R,365,a75_a50_an,-0.25279079076477845
DLPFC-R,365,a75_an_ba,-0.611840272761634
DLPFC-R,365.83329999999995,a50_an_ba,-0.35425280668922293
DLPFC-R,365.83329999999995,a75_a50_an,-0.2666719560681464
DLPFC-R,365.83329999999995,a75_an_ba,-0.6209247627573693
DLPFC-R,366.6667,a50_an_ba,-0.3491586379686354
DLPFC-R,366.6667,a75_a50_an,-0.280270554268358
DLPFC-R,366.6667,a75_an_ba,-0.6294291922369933
DLPFC-R,367.5,a50_an_ba,-0.3438056802971982
DLPFC-R,367.5,a75_a50_an,-0.29347605710735325
DLPFC-R,367.5,a75_an_ba,-0.6372817374045515
DLPFC-R,368.33329999999995,a50_an_ba,-0.3382345047631833
DLPFC-R,368.33329999999995,a75_a50_an,-0.3061773843735274
DLPFC-R,368.33329999999995,a75_an_ba,-0.6444118891367107
DLPFC-R,369.1667,a50_an_ba,-0.3324875717689439
DLPFC-R,369.1667,a75_a50_an,-0.3182638324808787
DLPFC-R,369.1667,a75_an_ba,-0.6507514042498226
DLPFC-R,370,a50_an_ba,-0.3266092497191688
DLPFC-R,370,a75_a50_an,-0.32962606699610375
DLPFC-R,370,a75_an_ba,-0.6562353167152726
DLPFC-R,370.83329999999995,a50_an_ba,-0.3206458154762571
DLPFC-R,370.83329999999995,a75_a50_an,-0.34015717103868254
DLPFC-R,370.83329999999995,a75_an_ba,-0.6608029865149396
DLPFC-R,371.6667,a50_an_ba,-0.31464542257722855
DLPFC-R,371.6667,a75_a50_an,-0.3497537393670178
DLPFC-R,371.6667,a75_an_ba,-0.6643991619442463
DLPFC-R,372.5,a50_an_ba,-0.3086580239279772
DLPFC-R,372.5,a75_a50_an,-0.3583170059661522
DLPFC-R,372.5,a75_an_ba,-0.6669750298941294
DLPFC-R,373.33329999999995,a50_an_ba,-0.30273523688627635
DLPFC-R,373.33329999999995,a75_a50_an,-0.36575399112638024
DLPFC-R,373.33329999999995,a75_an_ba,-0.6684892280126566
DLPFC-R,374.1667,a50_an_ba,-0.29693014028282266
DLPFC-R,374.1667,a75_a50_an,-0.3719786524010277
DLPFC-R,374.1667,a75_an_ba,-0.6689087926838504
DLPFC-R,375,a50_an_ba,-0.2912969949662932
DLPFC-R,375,a75_a50_an,-0.37691302250403463
DLPFC-R,375,a75_an_ba,-0.6682100174703278
DLPFC-R,375.8333,a50_an_ba,-0.28589088183910155
DLPFC-R,375.8333,a75_a50_an,-0.3804883161963623
DLPFC-R,375.8333,a75_an_ba,-0.6663791980354639
DLPFC-R,376.66670000000005,a50_an_ba,-0.28076725401207037
DLPFC-R,376.66670000000005,a75_a50_an,-0.38264598754970847
DLPFC-R,376.66670000000005,a75_an_ba,-0.6634132415617788
DLPFC-R,377.5,a50_an_ba,-0.2759814025768567
DLPFC-R,377.5,a75_a50_an,-0.3833387186933839
DLPFC-R,377.5,a75_an_ba,-0.6593201212702406
DLPFC-R,378.3333,a50_an_ba,-0.2715878384975912
DLPFC-R,378.3333,a75_a50_an,-0.382531321263819
DLPFC-R,378.3333,a75_an_ba,-0.6541191597614102
DLPFC-R,379.16670000000005,a50_an_ba,-0.2676395961763726
DLPFC-R,379.16670000000005,a75_a50_an,-0.3802015322945583
DLPFC-R,379.16670000000005,a75_an_ba,-0.6478411284709309
DLPFC-R,380,a50_an_ba,-0.2641874672677304
DLPFC-R,380,a75_a50_an,-0.3763406872071451
DLPFC-R,380,a75_an_ba,-0.6405281544748755
DLPFC-R,380.8333,a50_an_ba,-0.26127917622145747
DLPFC-R,380.8333,a75_a50_an,-0.37095425387973524
DLPFC-R,380.8333,a75_an_ba,-0.6322334301011927
DLPFC-R,381.66670000000005,a50_an_ba,-0.2589585117401959
DLPFC-R,381.66670000000005,a75_a50_an,-0.3640622134608234
DLPFC-R,381.66670000000005,a75_an_ba,-0.6230207252010193
DLPFC-R,382.5,a50_an_ba,-0.25726443077040034
DLPFC-R,382.5,a75_a50_an,-0.3556992756319339
DLPFC-R,382.5,a75_an_ba,-0.6129637064023342
DLPFC-R,383.3333,a50_an_ba,-0.2562301537317177
DLPFC-R,383.3333,a75_a50_an,-0.3459149183688007
DLPFC-R,383.3333,a75_an_ba,-0.6021450721005184
DLPFC-R,384.16670000000005,a50_an_ba,-0.25588227136664526
DLPFC-R,384.16670000000005,a75_a50_an,-0.33477324486162374
DLPFC-R,384.16670000000005,a75_an_ba,-0.590655516228269
DLPFC-R,385,a50_an_ba,-0.25623988480555016
DLPFC-R,385,a75_a50_an,-0.3223526530813646
DLPFC-R,385,a75_an_ba,-0.5785925378869148
DLPFC-R,385.8333,a50_an_ba,-0.2573138011477853
DLPFC-R,385.8333,a75_a50_an,-0.30874531646561776
DLPFC-R,385.8333,a75_an_ba,-0.5660591176134031
DLPFC-R,386.6667,a50_an_ba,-0.2591058070264241
DLPFC-R,386.6667,a75_a50_an,-0.2940564772852596
DLPFC-R,386.6667,a75_an_ba,-0.5531622843116837
DLPFC-R,387.5,a50_an_ba,-0.2616080422324111
DLPFC-R,387.5,a75_a50_an,-0.2784035573806908
DLPFC-R,387.5,a75_an_ba,-0.5400115996131019
DLPFC-R,388.3333,a50_an_ba,-0.2648024945180759
DLPFC-R,388.3333,a75_a50_an,-0.2619150940615155
DLPFC-R,388.3333,a75_an_ba,-0.5267175885795914
DLPFC-R,389.1667,a50_an_ba,-0.26866063518753164
DLPFC-R,389.1667,a75_a50_an,-0.24472951198393836
DLPFC-R,389.1667,a75_an_ba,-0.51339014717147
DLPFC-R,390,a50_an_ba,-0.2731432130331358
DLPFC-R,390,a75_a50_an,-0.22699374469587194
DLPFC-R,390,a75_an_ba,-0.5001369577290078
DLPFC-R,390.8333,a50_an_ba,-0.2782002216273021
DLPFC-R,390.8333,a75_a50_an,-0.20886172221362218
DLPFC-R,390.8333,a75_an_ba,-0.4870619438409243
DLPFC-R,391.6667,a50_an_ba,-0.2837710519737594
DLPFC-R,391.6667,a75_a50_an,-0.19049274341303785
DLPFC-R,391.6667,a75_an_ba,-0.47426379538679725
DLPFC-R,392.5,a50_an_ba,-0.2897848391196422
DLPFC-R,392.5,a75_a50_an,-0.17204975413514068
DLPFC-R,392.5,a75_an_ba,-0.4618345932547829
DLPFC-R,393.3333,a50_an_ba,-0.2961610075978447
DLPFC-R,393.3333,a75_a50_an,-0.15369755368028543
DLPFC-R,393.3333,a75_an_ba,-0.4498585612781301
DLPFC-R,394.1667,a50_an_ba,-0.30281001658458845
DLPFC-R,394.1667,a75_a50_an,-0.1356009537622233
DLPFC-R,394.1667,a75_an_ba,-0.43841097034681176
DLPFC-R,395,a50_an_ba,-0.30963430150420673
DLPFC-R,395,a75_a50_an,-0.11792291498810664
DLPFC-R,395,a75_an_ba,-0.4275572164923134
DLPFC-R,395.8333,a50_an_ba,-0.3165294045809728
DLPFC-R,395.8333,a75_a50_an,-0.1008226865049654
DLPFC-R,395.8333,a75_an_ba,-0.4173520910859382
DLPFC-R,396.6667,a50_an_ba,-0.32338528261905
DLPFC-R,396.6667,a75_a50_an,-0.08445397459826255
DLPFC-R,396.6667,a75_an_ba,-0.40783925721731257
DLPFC-R,397.5,a50_an_ba,-0.33008777618006996
DLPFC-R,397.5,a75_a50_an,-0.06896316574344441
DLPFC-R,397.5,a75_an_ba,-0.39905094192351437
DLPFC-R,398.3333,a50_an_ba,-0.33652022041671015
DLPFC-R,398.3333,a75_a50_an,-0.05448762890469714
DLPFC-R,398.3333,a75_an_ba,-0.3910078493214073
DLPFC-R,399.1667,a50_an_ba,-0.34256517419989485
DLPFC-R,399.1667,a75_a50_an,-0.041154120762400256
DLPFC-R,399.1667,a75_an_ba,-0.3837192949622951
DLPFC-R,400,a50_an_ba,-0.3481062409323318
DLPFC-R,400,a75_a50_an,-0.029077316055657606
DLPFC-R,400,a75_an_ba,-0.37718355698798933
DLPFC-R,400.8333,a50_an_ba,-0.35302995165025003
DLPFC-R,400.8333,a75_a50_an,-0.01835848337904073
DLPFC-R,400.8333,a75_an_ba,-0.3713884350292908
DLPFC-R,401.6667,a50_an_ba,-0.3572276787482432
DLPFC-R,401.6667,a75_a50_an,-0.00908432461007674
DLPFC-R,401.6667,a75_an_ba,-0.3663120033583199
DLPFC-R,402.5,a50_an_ba,-0.3605975469784662
DLPFC-R,402.5,a75_a50_an,-0.0013259937075757308
DLPFC-R,402.5,a75_an_ba,-0.36192354068604193
DLPFC-R,403.3333,a50_an_ba,-0.36304630732282467
DLPFC-R,403.3333,a75_a50_an,0.0048616920432199414
DLPFC-R,403.3333,a75_an_ba,-0.3581846152796047
DLPFC-R,404.1667,a50_an_ba,-0.36449113895023794
DLPFC-R,404.1667,a75_a50_an,0.009440838105481677
DLPFC-R,404.1667,a75_an_ba,-0.35505030084475625
DLPFC-R,405,a50_an_ba,-0.36486134477165966
DLPFC-R,405,a75_a50_an,0.01239084882281352
DLPFC-R,405,a75_an_ba,-0.3524704959488461
DLPFC-R,405.8333,a50_an_ba,-0.3640999071003881
DLPFC-R,405.8333,a75_a50_an,0.013708589391189165
DLPFC-R,405.8333,a75_an_ba,-0.3503913177091989
DLPFC-R,406.6667,a50_an_ba,-0.36216487160638944
DLPFC-R,406.6667,a75_a50_an,0.013408332522656254
DLPFC-R,406.6667,a75_an_ba,-0.3487565390837332
DLPFC-R,407.5,a50_an_ba,-0.359030530098879
DLPFC-R,407.5,a75_a50_an,0.011521491694020896
DLPFC-R,407.5,a75_an_ba,-0.3475090384048581
DLPFC-R,408.3333,a50_an_ba,-0.35468837564462846
DLPFC-R,408.3333,a75_a50_an,0.00809614583895315
DLPFC-R,408.3333,a75_an_ba,-0.34659222980567533
DLPFC-R,409.1667,a50_an_ba,-0.3491478070805162
DLPFC-R,409.1667,a75_a50_an,0.0031963631848561714
DLPFC-R,409.1667,a75_an_ba,-0.34595144389566
DLPFC-R,410,a50_an_ba,-0.34243656404502865
DLPFC-R,410,a75_a50_an,-0.0030986653852635936
DLPFC-R,410,a75_an_ba,-0.34553522943029225
DLPFC-R,410.8333,a50_an_ba,-0.3346008781606915
DLPFC-R,410.8333,a75_a50_an,-0.010695670588844212
DLPFC-R,410.8333,a75_an_ba,-0.34529654874953575
DLPFC-R,411.6667,a50_an_ba,-0.325705330864038
DLPFC-R,411.6667,a75_a50_an,-0.019488511518283656
DLPFC-R,411.6667,a75_an_ba,-0.34519384238232165
DLPFC-R,412.5,a50_an_ba,-0.31583241350925
DLPFC-R,412.5,a75_a50_an,-0.02935952785436771
DLPFC-R,412.5,a75_an_ba,-0.34519194136361775
DLPFC-R,413.3333,a50_an_ba,-0.30508179066793517
DLPFC-R,413.3333,a75_a50_an,-0.04018101874273707
DLPFC-R,413.3333,a75_an_ba,-0.3452628094106723
DLPFC-R,414.1667,a50_an_ba,-0.29356927290738793
DLPFC-R,414.1667,a75_a50_an,-0.051816828161702425
DLPFC-R,414.1667,a75_an_ba,-0.34538610106909035
DLPFC-R,415,a50_an_ba,-0.28142551064851395
DLPFC-R,415,a75_a50_an,-0.06412401552449719
DLPFC-R,415,a75_an_ba,-0.3455495261730111
DLPFC-R,415.8333,a50_an_ba,-0.26879442587694813
DLPFC-R,415.8333,a75_a50_an,-0.0769545894900257
DLPFC-R,415.8333,a75_an_ba,-0.34574901536697383
DLPFC-R,416.6667,a50_an_ba,-0.2558314034041762
DLPFC-R,416.6667,a75_a50_an,-0.09015728250267528
DLPFC-R,416.6667,a75_an_ba,-0.3459886859068515
DLPFC-R,417.5,a50_an_ba,-0.24270126795077918
DLPFC-R,417.5,a75_a50_an,-0.10357934343920125
DLPFC-R,417.5,a75_an_ba,-0.3462806113899804
DLPFC-R,418.3333,a50_an_ba,-0.22957607745927344
DLPFC-R,418.3333,a75_a50_an,-0.11706832589916664
DLPFC-R,418.3333,a75_an_ba,-0.3466444033584401
DLPFC-R,419.1667,a50_an_ba,-0.21663276665522224
DLPFC-R,419.1667,a75_a50_an,-0.13047385012156168
DLPFC-R,419.1667,a75_an_ba,-0.3471066167767839
DLPFC-R,420,a50_an_ba,-0.20405067788862213
DLPFC-R,420,a75_a50_an,-0.14364931722707447
DLPFC-R,420,a75_an_ba,-0.3476999951156966
DLPFC-R,420.8333,a50_an_ba,-0.19200901864068795
DLPFC-R,420.8333,a75_a50_an,-0.15645355545311432
DLPFC-R,420.8333,a75_an_ba,-0.34846257409380227
DLPFC-R,421.6667,a50_an_ba,-0.1806842867246806
DLPFC-R,421.6667,a75_a50_an,-0.16875237924502734
DLPFC-R,421.6667,a75_an_ba,-0.34943666596970796
DLPFC-R,422.5,a50_an_ba,-0.17024770510813717
DLPFC-R,422.5,a75_a50_an,-0.18042004346813342
DLPFC-R,422.5,a75_an_ba,-0.3506677485762706
DLPFC-R,423.3333,a50_an_ba,-0.16086270841696482
DLPFC-R,423.3333,a75_a50_an,-0.19134057658621614
DLPFC-R,423.3333,a75_an_ba,-0.352203285003181
DLPFC-R,424.1667,a50_an_ba,-0.1526825225443089
DLPFC-R,424.1667,a75_a50_an,-0.201408978387196
DLPFC-R,424.1667,a75_an_ba,-0.35409150093150493
DLPFC-R,425,a50_an_ba,-0.1458478773883719
DLPFC-R,425,a75_a50_an,-0.21053226970021954
DLPFC-R,425,a75_an_ba,-0.3563801470885915
DLPFC-R,425.8333,a50_an_ba,-0.1404848906090207
DLPFC-R,425.8333,a75_a50_an,-0.2186303835143963
DLPFC-R,425.8333,a75_an_ba,-0.359115274123417
DLPFC-R,426.6667,a50_an_ba,-0.13670315746244163
DLPFC-R,426.6667,a75_a50_an,-0.22563688895306255
DLPFC-R,426.6667,a75_an_ba,-0.3623400464155042
DLPFC-R,427.5,a50_an_ba,-0.13459407830014636
DLPFC-R,427.5,a75_a50_an,-0.23149954165433503
DLPFC-R,427.5,a75_an_ba,-0.3660936199544814
DLPFC-R,428.33329999999995,a50_an_ba,-0.1342294512693472
DLPFC-R,428.33329999999995,a75_a50_an,-0.23618065623573242
DLPFC-R,428.33329999999995,a75_an_ba,-0.37041010750507963
DLPFC-R,429.1667,a50_an_ba,-0.13566035320405753
DLPFC-R,429.1667,a75_a50_an,-0.2396572986556144
DLPFC-R,429.1667,a75_an_ba,-0.3753176518596719
DLPFC-R,430,a50_an_ba,-0.13891632673751592
DLPFC-R,430,a75_a50_an,-0.24192129840640725
DLPFC-R,430,a75_an_ba,-0.38083762514392316
DLPFC-R,430.83329999999995,a50_an_ba,-0.1440048863921336
DLPFC-R,430.83329999999995,a75_a50_an,-0.24297908256444975
DLPFC-R,430.83329999999995,a75_an_ba,-0.3869839689565834
DLPFC-R,431.6667,a50_an_ba,-0.15091135091471927
DLPFC-R,431.6667,a75_a50_an,-0.24285133576037157
DLPFC-R,431.6667,a75_an_ba,-0.39376268667509084
DLPFC-R,432.5,a50_an_ba,-0.15959900352727857
DLPFC-R,432.5,a75_a50_an,-0.24157249210512402
DLPFC-R,432.5,a75_an_ba,-0.4011714956324026
DLPFC-R,433.33329999999995,a50_an_ba,-0.17000957616471063
DLPFC-R,433.33329999999995,a75_a50_an,-0.23919006699379156
DLPFC-R,433.33329999999995,a75_an_ba,-0.4091996431585022
DLPFC-R,434.1667,a50_an_ba,-0.1820640482765181
DLPFC-R,434.1667,a75_a50_an,-0.23576383849683744
DLPFC-R,434.1667,a75_an_ba,-0.41782788677335553
DLPFC-R,435,a50_an_ba,-0.1956637454843935
DLPFC-R,435,a75_a50_an,-0.23136488972209487
DLPFC-R,435,a75_an_ba,-0.42702863520648837
DLPFC-R,435.83329999999995,a50_an_ba,-0.21069171841059012
DLPFC-R,435.83329999999995,a75_a50_an,-0.22607452507651762
DLPFC-R,435.83329999999995,a75_an_ba,-0.43676624348710774
DLPFC-R,436.6667,a50_an_ba,-0.22701437741553898
DLPFC-R,436.6667,a75_a50_an,-0.21998307476142584
DLPFC-R,436.6667,a75_an_ba,-0.4469974521769648
DLPFC-R,437.5,a50_an_ba,-0.24448335489142703
DLPFC-R,437.5,a75_a50_an,-0.21318860308573337
DLPFC-R,437.5,a75_an_ba,-0.45767195797716037
DLPFC-R,438.3333,a50_an_ba,-0.26293756322472567
DLPFC-R,438.3333,a75_a50_an,-0.2057955372662703
DLPFC-R,438.3333,a75_an_ba,-0.468733100490996
DLPFC-R,439.16670000000005,a50_an_ba,-0.282205413626897
DLPFC-R,439.16670000000005,a75_a50_an,-0.19791323429098787
DLPFC-R,439.16670000000005,a75_an_ba,-0.4801186479178849
DLPFC-R,440,a50_an_ba,-0.30210715878748207
DLPFC-R,440,a75_a50_an,-0.18965450413834337
DLPFC-R,440,a75_an_ba,-0.4917616629258254
DLPFC-R,440.8333,a50_an_ba,-0.3224573207625729
DLPFC-R,440.8333,a75_a50_an,-0.1811341081640049
DLPFC-R,440.8333,a75_an_ba,-0.5035914289265778
DLPFC-R,441.66670000000005,a50_an_ba,-0.3430671646948226
DLPFC-R,441.66670000000005,a75_a50_an,-0.1724672517746438
DLPFC-R,441.66670000000005,a75_an_ba,-0.5155344164694664
DLPFC-R,442.5,a50_an_ba,-0.36374717887420127
DLPFC-R,442.5,a75_a50_an,-0.16376809059944808
DLPFC-R,442.5,a75_an_ba,-0.5275152694736494
DLPFC-R,443.3333,a50_an_ba,-0.38430952228302917
DLPFC-R,443.3333,a75_a50_an,-0.15514826923605815
DLPFC-R,443.3333,a75_an_ba,-0.5394577915190873
DLPFC-R,444.16670000000005,a50_an_ba,-0.4045704021004736
DLPFC-R,444.16670000000005,a75_a50_an,-0.146715511283408
DLPFC-R,444.16670000000005,a75_an_ba,-0.5512859133838817
DLPFC-R,445,a50_an_ba,-0.4243523456337827
DLPFC-R,445,a75_a50_an,-0.13857227877631464
DLPFC-R,445,a75_an_ba,-0.5629246244100974
DLPFC-R,445.8333,a50_an_ba,-0.44348633374556223
DLPFC-R,445.8333,a75_a50_an,-0.1308145183043279
DLPFC-R,445.8333,a75_an_ba,-0.5743008520498901
DLPFC-R,446.66670000000005,a50_an_ba,-0.4618137659968184
DLPFC-R,446.66670000000005,a75_a50_an,-0.12353051003241491
DLPFC-R,446.66670000000005,a75_an_ba,-0.5853442760292333
DLPFC-R,447.5,a50_an_ba,-0.47918823135170413
DLPFC-R,447.5,a75_a50_an,-0.11679983454806213
DLPFC-R,447.5,a75_an_ba,-0.5959880658997663
DLPFC-R,448.3333,a50_an_ba,-0.49547706231159294
DLPFC-R,448.3333,a75_a50_an,-0.11069247094681163
DLPFC-R,448.3333,a75_an_ba,-0.6061695332584045
DLPFC-R,449.1667,a50_an_ba,-0.5105626546753252
DLPFC-R,449.1667,a75_a50_an,-0.10526803784754986
DLPFC-R,449.1667,a75_an_ba,-0.615830692522875
DLPFC-R,450,a50_an_ba,-0.5243435396669497
DLPFC-R,450,a75_a50_an,-0.10057518711605937
DLPFC-R,450,a75_an_ba,-0.6249187267830091
DLPFC-R,450.8333,a50_an_ba,-0.5367351998366886
DLPFC-R,450.8333,a75_a50_an,-0.09665115798954241
DLPFC-R,450.8333,a75_an_ba,-0.6333863578262311
DLPFC-R,451.6667,a50_an_ba,-0.5476706248291705
DLPFC-R,451.6667,a75_a50_an,-0.09352149705980407
DLPFC-R,451.6667,a75_an_ba,-0.6411921218889746
DLPFC-R,452.5,a50_an_ba,-0.5571006077304866
DLPFC-R,452.5,a75_a50_an,-0.0911999472156303
DLPFC-R,452.5,a75_an_ba,-0.6483005549461169
DLPFC-R,453.3333,a50_an_ba,-0.5649937871610639
DLPFC-R,453.3333,a75_a50_an,-0.08968850619673366
DLPFC-R,453.3333,a75_an_ba,-0.6546822933577975
DLPFC-R,454.1667,a50_an_ba,-0.5713364444886987
DLPFC-R,454.1667,a75_a50_an,-0.08897765290674979
DLPFC-R,454.1667,a75_an_ba,-0.6603140973954484
DLPFC-R,455,a50_an_ba,-0.5761320694161725
DLPFC-R,455,a75_a50_an,-0.0890467371086187
DLPFC-R,455,a75_an_ba,-0.6651788065247911
DLPFC-R,455.8333,a50_an_ba,-0.5794007106809751
DLPFC-R,455.8333,a75_a50_an,-0.08986452562187927
DLPFC-R,455.8333,a75_an_ba,-0.6692652363028543
DLPFC-R,456.6667,a50_an_ba,-0.5811781316300473
DLPFC-R,456.6667,a75_a50_an,-0.09138989569976334
DLPFC-R,456.6667,a75_an_ba,-0.6725680273298107
DLPFC-R,457.5,a50_an_ba,-0.5815147929518434
DLPFC-R,457.5,a75_a50_an,-0.09357266392717006
DLPFC-R,457.5,a75_an_ba,-0.6750874568790135
DLPFC-R,458.3333,a50_an_ba,-0.58047468682461
DLPFC-R,458.3333,a75_a50_an,-0.096354536791482
DLPFC-R,458.3333,a75_an_ba,-0.676829223616092
DLPFC-R,459.1667,a50_an_ba,-0.5781340481497035
DLPFC-R,459.1667,a75_a50_an,-0.09967016707956293
DLPFC-R,459.1667,a75_an_ba,-0.6778042152292664
DLPFC-R,460,a50_an_ba,-0.5745799693715853
DLPFC-R,460,a75_a50_an,-0.1034482984866668
DLPFC-R,460,a75_an_ba,-0.678028267858252
DLPFC-R,460.8333,a50_an_ba,-0.5699089456442143
DLPFC-R,460.8333,a75_a50_an,-0.10761297932524089
DLPFC-R,460.8333,a75_an_ba,-0.6775219249694552
DLPFC-R,461.6667,a50_an_ba,-0.564225376802378
DLPFC-R,461.6667,a75_a50_an,-0.11208482502844132
DLPFC-R,461.6667,a75_an_ba,-0.6763102018308194
DLPFC-R,462.5,a50_an_ba,-0.5576400517637108
DLPFC-R,462.5,a75_a50_an,-0.11678230828563856
DLPFC-R,462.5,a75_an_ba,-0.6744223600493494
DLPFC-R,463.3333,a50_an_ba,-0.5502686396619213
DLPFC-R,463.3333,a75_a50_an,-0.12162305515034287
DLPFC-R,463.3333,a75_an_ba,-0.6718916948122642
DLPFC-R,464.1667,a50_an_ba,-0.5422302102435366
DLPFC-R,464.1667,a75_a50_an,-0.12652512534450136
DLPFC-R,464.1667,a75_an_ba,-0.6687553355880379
DLPFC-R,465,a50_an_ba,-0.5336458039077928
DLPFC-R,465,a75_a50_an,-0.13140825525936237
DLPFC-R,465,a75_an_ba,-0.6650540591671552
DLPFC-R,465.8333,a50_an_ba,-0.5246370692980779
DLPFC-R,465.8333,a75_a50_an,-0.1361950428272491
DLPFC-R,465.8333,a75_an_ba,-0.6608321121253269
DLPFC-R,466.6667,a50_an_ba,-0.5153249836352176
DLPFC-R,466.6667,a75_a50_an,-0.14081205450803536
DLPFC-R,466.6667,a75_an_ba,-0.656137038143253
DLPFC-R,467.5,a50_an_ba,-0.5058286680936843
DLPFC-R,467.5,a75_a50_an,-0.1451908360877272
DLPFC-R,467.5,a75_an_ba,-0.6510195041814114
DLPFC-R,468.3333,a50_an_ba,-0.49626430753907824
DLPFC-R,468.3333,a75_a50_an,-0.1492688108053578
DLPFC-R,468.3333,a75_an_ba,-0.645533118344436
DLPFC-R,469.1667,a50_an_ba,-0.48674418094691824
DLPFC-R,469.1667,a75_a50_an,-0.1529900504808379
DLPFC-R,469.1667,a75_an_ba,-0.6397342314277562
DLPFC-R,470,a50_an_ba,-0.47737580588499906
DLPFC-R,470,a75_a50_an,-0.15630590777512587
DLPFC-R,470,a75_an_ba,-0.6336817136601249
DLPFC-R,470.8333,a50_an_ba,-0.46826119763672897
DLPFC-R,470.8333,a75_a50_an,-0.15917550043211956
DLPFC-R,470.8333,a75_an_ba,-0.6274366980688485
DLPFC-R,471.6667,a50_an_ba,-0.45949624093817637
DLPFC-R,471.6667,a75_a50_an,-0.16156604127945026
DLPFC-R,471.6667,a75_an_ba,-0.6210622822176266
DLPFC-R,472.5,a50_an_ba,-0.45117016995715425
DLPFC-R,472.5,a75_a50_an,-0.16345301084682448
DLPFC-R,472.5,a75_an_ba,-0.6146231808039787
DLPFC-R,473.3333,a50_an_ba,-0.4433651501103364
DLPFC-R,473.3333,a75_a50_an,-0.1648201726353706
DLPFC-R,473.3333,a75_an_ba,-0.608185322745707
DLPFC-R,474.1667,a50_an_ba,-0.43615595363647364
DLPFC-R,474.1667,a75_a50_an,-0.16565943427469765
DLPFC-R,474.1667,a75_an_ba,-0.6018153879111713
DLPFC-R,475,a50_an_ba,-0.4296097195519135
DLPFC-R,475,a75_a50_an,-0.16597056096939772
DLPFC-R,475,a75_an_ba,-0.5955802805213113
DLPFC-R,475.8333,a50_an_ba,-0.4237857877293416
DLPFC-R,475.8333,a75_a50_an,-0.16576075069519325
DLPFC-R,475.8333,a75_an_ba,-0.5895465384245349
DLPFC-R,476.6667,a50_an_ba,-0.41873559637097546
DLPFC-R,476.6667,a75_a50_an,-0.16504408348947394
DLPFC-R,476.6667,a75_an_ba,-0.5837796798604494
DLPFC-R,477.5,a50_an_ba,-0.4145026320904778
DLPFC-R,477.5,a75_a50_an,-0.16384085982576477
DLPFC-R,477.5,a75_an_ba,-0.5783434919162426
DLPFC-R,478.3333,a50_an_ba,-0.4111224221593427
DLPFC-R,478.3333,a75_a50_an,-0.16217684540489333
DLPFC-R,478.3333,a75_an_ba,-0.573299267564236
DLPFC-R,479.1667,a50_an_ba,-0.40862255918809925
DLPFC-R,479.1667,a75_a50_an,-0.16008244168001765
DLPFC-R,479.1667,a75_an_ba,-0.5687050008681169
DLPFC-R,480,a50_an_ba,-0.40702274956467066
DLPFC-R,480,a75_a50_an,-0.15759180300812145
DLPFC-R,480,a75_an_ba,-0.5646145525727921
DLPFC-R,480.8333,a50_an_ba,-0.4063348783168351
DLPFC-R,480.8333,a75_a50_an,-0.1547419224441554
DLPFC-R,480.8333,a75_an_ba,-0.5610768007609905
DLPFC-R,481.6667,a50_an_ba,-0.40656308464985674
DLPFC-R,481.6667,a75_a50_an,-0.151571708832581
DLPFC-R,481.6667,a75_an_ba,-0.5581347934824378
DLPFC-R,482.5,a50_an_ba,-0.4077038441745231
DLPFC-R,482.5,a75_a50_an,-0.14812107798101856
DLPFC-R,482.5,a75_an_ba,-0.5558249221555417
DLPFC-R,483.3333,a50_an_ba,-0.4097460557208249
DLPFC-R,483.3333,a75_a50_an,-0.1444300803098035
DLPFC-R,483.3333,a75_an_ba,-0.5541761360306284
DLPFC-R,484.1667,a50_an_ba,-0.41267113256029136
DLPFC-R,484.1667,a75_a50_an,-0.14053808645859145
DLPFC-R,484.1667,a75_an_ba,-0.5532092190188829
DLPFC-R,485,a50_an_ba,-0.4164530997671241
DLPFC-R,485,a75_a50_an,-0.13648305090778506
DLPFC-R,485,a75_an_ba,-0.5529361506749092
DLPFC-R,485.8333,a50_an_ba,-0.4210587012658625
DLPFC-R,485.8333,a75_a50_an,-0.13230087176144786
DLPFC-R,485.8333,a75_an_ba,-0.5533595730273103
DLPFC-R,486.6667,a50_an_ba,-0.42644752177581696
DLPFC-R,486.6667,a75_a50_an,-0.1280248624743008
DLPFC-R,486.6667,a75_an_ba,-0.5544723842501178
DLPFC-R,487.5,a50_an_ba,-0.43257213030789604
DLPFC-R,487.5,a75_a50_an,-0.12368534853432583
DLPFC-R,487.5,a75_an_ba,-0.5562574788422219
DLPFC-R,488.3333,a50_an_ba,-0.4393782530421435
DLPFC-R,488.3333,a75_a50_an,-0.11930939899084858
DLPFC-R,488.3333,a75_an_ba,-0.5586876520329921
DLPFC-R,489.1667,a50_an_ba,-0.4468049842661622
DLPFC-R,489.1667,a75_a50_an,-0.11492069931178223
DLPFC-R,489.1667,a75_an_ba,-0.5617256835779444
DLPFC-R,490,a50_an_ba,-0.45478504454626273
DLPFC-R,490,a75_a50_an,-0.11053956843669586
DLPFC-R,490,a75_an_ba,-0.5653246129829586
DLPFC-R,490.83329999999995,a50_an_ba,-0.46324509540565284
DLPFC-R,490.83329999999995,a75_a50_an,-0.1061831191457182
DLPFC-R,490.83329999999995,a75_an_ba,-0.569428214551371
DLPFC-R,491.6667,a50_an_ba,-0.4721061194794628
DLPFC-R,491.6667,a75_a50_an,-0.10186555707280882
DLPFC-R,491.6667,a75_an_ba,-0.5739716765522715
DLPFC-R,492.5,a50_an_ba,-0.4812838743981687
DLPFC-R,492.5,a75_a50_an,-0.09759860994501458
DLPFC-R,492.5,a75_an_ba,-0.5788824843431833
DLPFC-R,493.33329999999995,a50_an_ba,-0.4906894275253378
DLPFC-R,493.33329999999995,a75_a50_an,-0.09339207501591627
DLPFC-R,493.33329999999995,a75_an_ba,-0.5840815025412541
DLPFC-R,494.1667,a50_an_ba,-0.5002297771601821
DLPFC-R,494.1667,a75_a50_an,-0.08925446927052139
DLPFC-R,494.1667,a75_an_ba,-0.5894842464307035
DLPFC-R,495,a50_an_ba,-0.5098085639400554
DLPFC-R,495,a75_a50_an,-0.08519376389566057
DLPFC-R,495,a75_an_ba,-0.5950023278357159
DLPFC-R,495.83329999999995,a50_an_ba,-0.5193268739838639
DLPFC-R,495.83329999999995,a75_a50_an,-0.08121818181477157
DLPFC-R,495.83329999999995,a75_an_ba,-0.6005450557986355
DLPFC-R,496.6667,a50_an_ba,-0.5286841328559492
DLPFC-R,496.6667,a75_a50_an,-0.0773370348516508
DLPFC-R,496.6667,a75_an_ba,-0.6060211677076
DLPFC-R,497.5,a50_an_ba,-0.5377790867618423
DLPFC-R,497.5,a75_a50_an,-0.07356157537849338
DLPFC-R,497.5,a75_an_ba,-0.6113406621403356
DLPFC-R,498.33329999999995,a50_an_ba,-0.5465108645814201
DLPFC-R,498.33329999999995,a75_a50_an,-0.06990583617207949
DLPFC-R,498.33329999999995,a75_an_ba,-0.6164167007534995
DLPFC-R,499.1667,a50_an_ba,-0.5547801114757036
DLPFC-R,499.1667,a75_a50_an,-0.0663874316894251
DLPFC-R,499.1667,a75_an_ba,-0.6211675431651287
DLPFC-R,500,a50_an_ba,-0.562490181950576
DLPFC-R,500,a75_a50_an,-0.06302829410742045
DLPFC-R,500,a75_an_ba,-0.6255184760579964
DLPFC-R,500.8333,a50_an_ba,-0.5695483775052648
DLPFC-R,500.8333,a75_a50_an,-0.059855318263175146
DLPFC-R,500.8333,a75_an_ba,-0.6294036957684399
DLPFC-R,501.66670000000005,a50_an_ba,-0.5758672114177706
DLPFC-R,501.66670000000005,a75_a50_an,-0.0569008910800076
DLPFC-R,501.66670000000005,a75_an_ba,-0.6327681024977783
DLPFC-R,502.49999999999994,a50_an_ba,-0.5813656809037603
DLPFC-R,502.49999999999994,a75_a50_an,-0.054203283150937885
DLPFC-R,502.49999999999994,a75_an_ba,-0.6355689640546982
DLPFC-R,503.3333,a50_an_ba,-0.5859705249058766
DLPFC-R,503.3333,a75_a50_an,-0.05180688284367529
DLPFC-R,503.3333,a75_an_ba,-0.6377774077495519
DLPFC-R,504.1667,a50_an_ba,-0.5896174441979024
DLPFC-R,504.1667,a75_a50_an,-0.049762256540481276
DLPFC-R,504.1667,a75_an_ba,-0.6393797007383837
DLPFC-R,505,a50_an_ba,-0.5922522593846752
DLPFC-R,505,a75_a50_an,-0.04812602237067954
DLPFC-R,505,a75_an_ba,-0.6403782817553547
DLPFC-R,505.83330000000007,a50_an_ba,-0.593831981797452
DLPFC-R,505.83330000000007,a75_a50_an,-0.04696052895775272
DLPFC-R,505.83330000000007,a75_an_ba,-0.6407925107552048
DLPFC-R,506.66670000000005,a50_an_ba,-0.5943257722669203
DLPFC-R,506.66670000000005,a75_a50_an,-0.04633333520011738
DLPFC-R,506.66670000000005,a75_an_ba,-0.6406591074670377
DLPFC-R,507.49999999999994,a50_an_ba,-0.5937157633311114
DLPFC-R,507.49999999999994,a75_a50_an,-0.04631649183842204
DLPFC-R,507.49999999999994,a75_an_ba,-0.6400322551695334
DLPFC-R,508.3333,a50_an_ba,-0.5919977216185579
DLPFC-R,508.3333,a75_a50_an,-0.04698563042803579
DLPFC-R,508.3333,a75_an_ba,-0.6389833520465936
DLPFC-R,509.1667,a50_an_ba,-0.5891815289385438
DLPFC-R,509.1667,a75_a50_an,-0.04841887022399483
DLPFC-R,509.1667,a75_an_ba,-0.6376003991625386
DLPFC-R,510,a50_an_ba,-0.5852914629964054
DLPFC-R,510,a75_a50_an,-0.05069555828373147
DLPFC-R,510,a75_an_ba,-0.635987021280137
DLPFC-R,510.83330000000007,a50_an_ba,-0.580366261603008
DLPFC-R,510.83330000000007,a75_a50_an,-0.05389486268769117
DLPFC-R,510.83330000000007,a75_an_ba,-0.6342611242906991
DLPFC-R,511.66670000000005,a50_an_ba,-0.5744589577201189
DLPFC-R,511.66670000000005,a75_a50_an,-0.05809424305788866
DLPFC-R,511.66670000000005,a75_an_ba,-0.6325532007780076
DLPFC-R,512.5,a50_an_ba,-0.5676364766193369
DLPFC-R,512.5,a75_a50_an,-0.06336782641327404
DLPFC-R,512.5,a75_an_ba,-0.631004303032611
DLPFC-R,513.3333,a50_an_ba,-0.559978990760439
DLPFC-R,513.3333,a75_a50_an,-0.06978471973935474
DLPFC-R,513.3333,a75_an_ba,-0.6297637104997937
DLPFC-R,514.1667,a50_an_ba,-0.5515790326327092
DLPFC-R,514.1667,a75_a50_an,-0.07740729337823483
DLPFC-R,514.1667,a75_an_ba,-0.6289863260109441
DLPFC-R,515,a50_an_ba,-0.542540370657103
DLPFC-R,515,a75_a50_an,-0.08628947138675301
DLPFC-R,515,a75_an_ba,-0.6288298420438561
DLPFC-R,515.8333,a50_an_ba,-0.5329766582165958
DLPFC-R,515.8333,a75_a50_an,-0.09647506630104544
DLPFC-R,515.8333,a75_an_ba,-0.6294517245176412
DLPFC-R,516.6667,a50_an_ba,-0.5230098708599853
DLPFC-R,516.6667,a75_a50_an,-0.1079961962379272
DLPFC-R,516.6667,a75_an_ba,-0.6310060670979125
DLPFC-R,517.5,a50_an_ba,-0.5127685515991659
DLPFC-R,517.5,a75_a50_an,-0.12087182192616375
DLPFC-R,517.5,a75_an_ba,-0.6336403735253296
DLPFC-R,518.3333,a50_an_ba,-0.5023858888798776
DLPFC-R,518.3333,a75_a50_an,-0.13510644008146602
DLPFC-R,518.3333,a75_an_ba,-0.6374923289613436
DLPFC-R,519.1667,a50_an_ba,-0.4919976561397235
DLPFC-R,519.1667,a75_a50_an,-0.15068896752400468
DLPFC-R,519.1667,a75_an_ba,-0.6426866236637282
DLPFC-R,520,a50_an_ba,-0.48174004576813206
DLPFC-R,520,a75_a50_an,-0.16759184761154225
DLPFC-R,520,a75_an_ba,-0.6493318933796743
DLPFC-R,520.8333,a50_an_ba,-0.4717474336499908
DLPFC-R,520.8333,a75_a50_an,-0.18577040696881797
DLPFC-R,520.8333,a75_an_ba,-0.6575178406188088
DLPFC-R,521.6667,a50_an_ba,-0.4621501132165901
DLPFC-R,521.6667,a75_a50_an,-0.20516248619639174
DLPFC-R,521.6667,a75_an_ba,-0.6673125994129818
DLPFC-R,522.5,a50_an_ba,-0.45307203996322776
DLPFC-R,522.5,a75_a50_an,-0.22568836331884762
DLPFC-R,522.5,a75_an_ba,-0.6787604032820753
DLPFC-R,523.3333,a50_an_ba,-0.444628628655671
DLPFC-R,523.3333,a75_a50_an,-0.2472509832772268
DLPFC-R,523.3333,a75_an_ba,-0.6918796119328978
DLPFC-R,524.1667,a50_an_ba,-0.43692464588510577
DLPFC-R,524.1667,a75_a50_an,-0.26973650089197887
DLPFC-R,524.1667,a75_an_ba,-0.7066611467770846
DLPFC-R,525,a50_an_ba,-0.43005224020820404
DLPFC-R,525,a75_a50_an,-0.29301513853984157
DLPFC-R,525,a75_an_ba,-0.7230673787480456
DLPFC-R,525.8332999999999,a50_an_ba,-0.42408915080768195
DLPFC-R,525.8332999999999,a75_a50_an,-0.3169423534291355
DLPFC-R,525.8332999999999,a75_an_ba,-0.7410315042368175
DLPFC-R,526.6667,a50_an_ba,-0.41909713343056115
DLPFC-R,526.6667,a75_a50_an,-0.34136030295745956
DLPFC-R,526.6667,a75_an_ba,-0.7604574363880208
DLPFC-R,527.5,a50_an_ba,-0.4151206393264793
DLPFC-R,527.5,a75_a50_an,-0.36609959033109823
DLPFC-R,527.5,a75_an_ba,-0.7812202296575775
DLPFC-R,528.3333,a50_an_ba,-0.41218577905608317
DLPFC-R,528.3333,a75_a50_an,-0.3909812665545135
DLPFC-R,528.3333,a75_an_ba,-0.8031670456105967
DLPFC-R,529.1667,a50_an_ba,-0.41029959842785174
DLPFC-R,529.1667,a75_a50_an,-0.4158190591957059
DLPFC-R,529.1667,a75_an_ba,-0.8261186576235576
DLPFC-R,530,a50_an_ba,-0.40944968852628366
DLPFC-R,530,a75_a50_an,-0.4404217931279646
DLPFC-R,530,a75_an_ba,-0.8498714816542482
DLPFC-R,530.8333,a50_an_ba,-0.4096041459075802
DLPFC-R,530.8333,a75_a50_an,-0.46459596386019364
DLPFC-R,530.8333,a75_an_ba,-0.8742001097677738
DLPFC-R,531.6667,a50_an_ba,-0.41071189266774555
DLPFC-R,531.6667,a75_a50_an,-0.48814842020491206
DLPFC-R,531.6667,a75_an_ba,-0.8988603128726577
DLPFC-R,532.5,a50_an_ba,-0.41270335935239294
DLPFC-R,532.5,a75_a50_an,-0.510889109988668
DLPFC-R,532.5,a75_an_ba,-0.9235924693410609
DLPFC-R,533.3333,a50_an_ba,-0.41549152670778927
DLPFC-R,533.3333,a75_a50_an,-0.5326338403613139
DLPFC-R,533.3333,a75_an_ba,-0.9481253670691031
DLPFC-R,534.1667,a50_an_ba,-0.41897331520709474
DLPFC-R,534.1667,a75_a50_an,-0.5532070030667419
DLPFC-R,534.1667,a75_an_ba,-0.9721803182738367
DLPFC-R,535,a50_an_ba,-0.4230313042675225
DLPFC-R,535,a75_a50_an,-0.5724442148370658
DLPFC-R,535,a75_an_ba,-0.9954755191045883
DLPFC-R,535.8333,a50_an_ba,-0.42753575624858586
DLPFC-R,535.8333,a75_a50_an,-0.5901948238820213
DLPFC-R,535.8333,a75_an_ba,-1.0177305801306071
DLPFC-R,536.6667000000001,a50_an_ba,-0.43234691383306106
DLPFC-R,536.6667000000001,a75_a50_an,-0.6063242352613167
DLPFC-R,536.6667000000001,a75_an_ba,-1.0386711490943776
DLPFC-R,537.5,a50_an_ba,-0.4373175333806112
DLPFC-R,537.5,a75_a50_an,-0.620716010723572
DLPFC-R,537.5,a75_an_ba,-1.0580335441041833
DLPFC-R,538.3333,a50_an_ba,-0.4422956114423384
DLPFC-R,538.3333,a75_a50_an,-0.6332737023234762
DLPFC-R,538.3333,a75_an_ba,-1.0755693137658147
DLPFC-R,539.1667,a50_an_ba,-0.44712725695528865
DLPFC-R,539.1667,a75_a50_an,-0.6439223837204702
DLPFC-R,539.1667,a75_an_ba,-1.0910496406757588
DLPFC-R,540,a50_an_ba,-0.45165965780891515
DLPFC-R,540,a75_a50_an,-0.6526098484298667
DLPFC-R,540,a75_an_ba,-1.1042695062387817
DLPFC-R,540.8333,a50_an_ba,-0.4557440875848612
DLPFC-R,540.8333,a75_a50_an,-0.6593074503353787
DLPFC-R,540.8333,a75_an_ba,-1.11505153792024
DLPFC-R,541.6667,a50_an_ba,-0.459238896393454
DLPFC-R,541.6667,a75_a50_an,-0.6640105683599435
DLPFC-R,541.6667,a75_an_ba,-1.1232494647533977
DLPFC-R,542.5,a50_an_ba,-0.4620124289218103
DLPFC-R,542.5,a75_a50_an,-0.6667386841957682
DLPFC-R,542.5,a75_an_ba,-1.1287511131175785
DLPFC-R,543.3333,a50_an_ba,-0.4639458131048737
DLPFC-R,543.3333,a75_a50_an,-0.6675350692712818
DLPFC-R,543.3333,a75_an_ba,-1.1314808823761555
DLPFC-R,544.1667,a50_an_ba,-0.4649355642453411
DLPFC-R,544.1667,a75_a50_an,-0.6664660845316807
DLPFC-R,544.1667,a75_an_ba,-1.1314016487770218
DLPFC-R,545,a50_an_ba,-0.46489595193171124
DLPFC-R,545,a75_a50_an,-0.6636201039771055
DLPFC-R,545,a75_an_ba,-1.1285160559088168
DLPFC-R,545.8333,a50_an_ba,-0.46376108070310795
DLPFC-R,545.8333,a75_a50_an,-0.6591060800840202
DLPFC-R,545.8333,a75_an_ba,-1.1228671607871281
DLPFC-R,546.6667,a50_an_ba,-0.461486640029805
DLPFC-R,546.6667,a75_a50_an,-0.6530517760802029
DLPFC-R,546.6667,a75_an_ba,-1.1145384161100078
DLPFC-R,547.5,a50_an_ba,-0.4580512847427922
DLPFC-R,547.5,a75_a50_an,-0.6456016964076228
DLPFC-R,547.5,a75_an_ba,-1.103652981150415
DLPFC-R,548.3333,a50_an_ba,-0.4534576134568298
DLPFC-R,548.3333,a75_a50_an,-0.6369147524558484
DLPFC-R,548.3333,a75_an_ba,-1.090372365912678
DLPFC-R,549.1667,a50_an_ba,-0.4477327196732798
DLPFC-R,549.1667,a75_a50_an,-0.6271617056600711
DLPFC-R,549.1667,a75_an_ba,-1.0748944253333508
DLPFC-R,550,a50_an_ba,-0.4409282979893099
DLPFC-R,550,a75_a50_an,-0.6165224342259665
DLPFC-R,550,a75_an_ba,-1.0574507322152764
DLPFC-R,550.8333,a50_an_ba,-0.43312029603230695
DLPFC-R,550.8333,a75_a50_an,-0.6051830729810066
DLPFC-R,550.8333,a75_an_ba,-1.0383033690133137
DLPFC-R,551.6667,a50_an_ba,-0.4244081112255052
DLPFC-R,551.6667,a75_a50_an,-0.5933330780898743
DLPFC-R,551.6667,a75_an_ba,-1.0177411893153796
DLPFC-R,552.5,a50_an_ba,-0.41491334010768394
DLPFC-R,552.5,a75_a50_an,-0.5811622695644408
DLPFC-R,552.5,a75_an_ba,-0.9960756096721247
DLPFC-R,553.3333,a50_an_ba,-0.404778096506601
DLPFC-R,553.3333,a75_a50_an,-0.5688579046222842
DLPFC-R,553.3333,a75_an_ba,-0.9736360011288852
DLPFC-R,554.1667,a50_an_ba,-0.39416292323231894
DLPFC-R,554.1667,a75_a50_an,-0.5566018340015441
DLPFC-R,554.1667,a75_an_ba,-0.950764757233863
DLPFC-R,555,a50_an_ba,-0.38324432994424235
DLPFC-R,555,a75_a50_an,-0.5445677913467882
DLPFC-R,555,a75_an_ba,-0.9278121212910306
DLPFC-R,555.8333,a50_an_ba,-0.372211997292757
DLPFC-R,555.8333,a75_a50_an,-0.5329188627859557
DLPFC-R,555.8333,a75_an_ba,-0.9051308600787127
DLPFC-R,556.6667,a50_an_ba,-0.36126569418993537
DLPFC-R,556.6667,a75_a50_an,-0.5218051798897114
DLPFC-R,556.6667,a75_an_ba,-0.8830708740796468
DLPFC-R,557.5,a50_an_ba,-0.3506119609839871
DLPFC-R,557.5,a75_a50_an,-0.5113618744291887
DLPFC-R,557.5,a75_an_ba,-0.8619738354131758
DLPFC-R,558.3333,a50_an_ba,-0.34046061627452906
DLPFC-R,558.3333,a75_a50_an,-0.5017073278319886
DLPFC-R,558.3333,a75_an_ba,-0.8421679441065177
DLPFC-R,559.1667,a50_an_ba,-0.3310211490042599
DLPFC-R,559.1667,a75_a50_an,-0.49294174210119446
DLPFC-R,559.1667,a75_an_ba,-0.8239628911054544
DLPFC-R,560,a50_an_ba,-0.32249906021203123
DLPFC-R,560,a75_a50_an,-0.4851460523429292
DLPFC-R,560,a75_an_ba,-0.8076451125549604
DLPFC-R,560.8333,a50_an_ba,-0.3150922203694566
DLPFC-R,560.8333,a75_a50_an,-0.47838119408965357
DLPFC-R,560.8333,a75_an_ba,-0.7934734144591102
DLPFC-R,561.6667,a50_an_ba,-0.3089873085095945
DLPFC-R,561.6667,a75_a50_an,-0.4726877314607154
DLPFC-R,561.6667,a75_an_ba,-0.7816750399703098
DLPFC-R,562.5,a50_an_ba,-0.30435639837762646
DLPFC-R,562.5,a75_a50_an,-0.4680858450238292
DLPFC-R,562.5,a75_an_ba,-0.7724422434014557
DLPFC-R,563.3333,a50_an_ba,-0.3013537546014744
DLPFC-R,563.3333,a75_a50_an,-0.4645756711661093
DLPFC-R,563.3333,a75_an_ba,-0.7659294257675837
DLPFC-R,564.1667,a50_an_ba,-0.3001128984315162
DLPFC-R,564.1667,a75_a50_an,-0.46213797800231415
DLPFC-R,564.1667,a75_an_ba,-0.7622508764338303
DLPFC-R,565,a50_an_ba,-0.30074399799425
DLPFC-R,565,a75_a50_an,-0.4607351564853354
DLPFC-R,565,a75_an_ba,-0.7614791544795855
DLPFC-R,565.8333,a50_an_ba,-0.30333163232978744
DLPFC-R,565.8333,a75_a50_an,-0.4603124995733351
DLPFC-R,565.8333,a75_an_ba,-0.7636441319031225
DLPFC-R,566.6667,a50_an_ba,-0.3079329718437888
DLPFC-R,566.6667,a75_a50_an,-0.4607997371700537
DLPFC-R,566.6667,a75_an_ba,-0.7687327090138425
DLPFC-R,567.5,a50_an_ba,-0.3145764103274543
DLPFC-R,567.5,a75_a50_an,-0.4621127901935905
DLPFC-R,567.5,a75_an_ba,-0.7766892005210447
DLPFC-R,568.3333,a50_an_ba,-0.323260675527539
DLPFC-R,568.3333,a75_a50_an,-0.4641557036307893
DLPFC-R,568.3333,a75_an_ba,-0.7874163791583283
DLPFC-R,569.1667,a50_an_ba,-0.3339544365403374
DLPFC-R,569.1667,a75_a50_an,-0.4668227158646236
DLPFC-R,569.1667,a75_an_ba,-0.800777152404961
DLPFC-R,570,a50_an_ba,-0.3465964172273834
DLPFC-R,570,a75_a50_an,-0.47000041996472003
DLPFC-R,570,a75_an_ba,-0.8165968371921034
DLPFC-R,570.8333,a50_an_ba,-0.3610960155834837
DLPFC-R,570.8333,a75_a50_an,-0.4735699720276829
DLPFC-R,570.8333,a75_an_ba,-0.8346659876111666
DLPFC-R,571.6667,a50_an_ba,-0.37733441970947584
DLPFC-R,571.6667,a75_a50_an,-0.47740930204267906
DLPFC-R,571.6667,a75_an_ba,-0.854743721752155
DLPFC-R,572.5,a50_an_ba,-0.3951662019343989
DLPFC-R,572.5,a75_a50_an,-0.4813952841141956
DLPFC-R,572.5,a75_an_ba,-0.8765614860485945
DLPFC-R,573.3333,a50_an_ba,-0.4144213638715559
DLPFC-R,573.3333,a75_a50_an,-0.4854058251516621
DLPFC-R,573.3333,a75_an_ba,-0.899827189023218
DLPFC-R,574.1667,a50_an_ba,-0.43490779695137255
DLPFC-R,574.1667,a75_a50_an,-0.4893218342671731
DLPFC-R,574.1667,a75_an_ba,-0.9242296312185456
DLPFC-R,575,a50_an_ba,-0.4564141154108835
DLPFC-R,575,a75_a50_an,-0.4930290390213526
DLPFC-R,575,a75_an_ba,-0.949443154432236
DLPFC-R,575.8333,a50_an_ba,-0.4787128119815885
DLPFC-R,575.8333,a75_a50_an,-0.49641961922003613
DLPFC-R,575.8333,a75_an_ba,-0.9751324312016246
DLPFC-R,576.6667,a50_an_ba,-0.5015636807341588
DLPFC-R,576.6667,a75_a50_an,-0.49939363407264137
DLPFC-R,576.6667,a75_an_ba,-1.0009573148068
DLPFC-R,577.5,a50_an_ba,-0.5247174468203168
DLPFC-R,577.5,a75_a50_an,-0.5018602240475912
DLPFC-R,577.5,a75_an_ba,-1.0265776708679082
DLPFC-R,578.3333,a50_an_ba,-0.5479195392879292
DLPFC-R,578.3333,a75_a50_an,-0.5037385745628898
DLPFC-R,578.3333,a75_an_ba,-1.0516581138508192
DLPFC-R,579.1667,a50_an_ba,-0.570913940800648
DLPFC-R,579.1667,a75_a50_an,-0.5049586345878923
DLPFC-R,579.1667,a75_an_ba,-1.07587257538854
DLPFC-R,580,a50_an_ba,-0.5934470470088462
DLPFC-R,580,a75_a50_an,-0.5054615891611408
DLPFC-R,580,a75_an_ba,-1.0989086361699871
DLPFC-R,580.8333,a50_an_ba,-0.6152714685099845
DLPFC-R,580.8333,a75_a50_an,-0.505200090605891
DLPFC-R,580.8333,a75_an_ba,-1.1204715591158756
DLPFC-R,581.6667,a50_an_ba,-0.6361497097934283
DLPFC-R,581.6667,a75_a50_an,-0.5041382587126119
DLPFC-R,581.6667,a75_an_ba,-1.14028796850604
DLPFC-R,582.5,a50_an_ba,-0.6558576622520211
DLPFC-R,582.5,a75_a50_an,-0.5022514652274194
DLPFC-R,582.5,a75_an_ba,-1.1581091274794404
DLPFC-R,583.3333,a50_an_ba,-0.6741878522003689
DLPFC-R,583.3333,a75_a50_an,-0.4995259225200807
DLPFC-R,583.3333,a75_an_ba,-1.1737137747204496
DLPFC-R,584.1667,a50_an_ba,-0.6909523897848664
DLPFC-R,584.1667,a75_a50_an,-0.49595810020243425
DLPFC-R,584.1667,a75_an_ba,-1.1869104899873006
DLPFC-R,585,a50_an_ba,-0.7059855705986047
DLPFC-R,585,a75_a50_an,-0.49155399664199373
DLPFC-R,585,a75_an_ba,-1.1975395672405984
DLPFC-R,585.8333,a50_an_ba,-0.7191460886024369
DLPFC-R,585.8333,a75_a50_an,-0.4863282946994085
DLPFC-R,585.8333,a75_an_ba,-1.2054743833018453
DLPFC-R,586.6667,a50_an_ba,-0.7303188264614239
DLPFC-R,586.6667,a75_a50_an,-0.48030343256578367
DLPFC-R,586.6667,a75_an_ba,-1.2106222590272075
DLPFC-R,587.5,a50_an_ba,-0.7394161974810611
DLPFC-R,587.5,a75_a50_an,-0.4735086212617908
DLPFC-R,587.5,a75_an_ba,-1.2129248187428519
DLPFC-R,588.3332999999999,a50_an_ba,-0.7463790218063131
DLPFC-R,588.3332999999999,a75_a50_an,-0.46597884018178914
DLPFC-R,588.3332999999999,a75_an_ba,-1.2123578619881021
DLPFC-R,589.1667,a50_an_ba,-0.7511769282588299
DLPFC-R,589.1667,a75_a50_an,-0.45775384104175115
DLPFC-R,589.1667,a75_an_ba,-1.208930769300581
DLPFC-R,590,a50_an_ba,-0.7538082819604219
DLPFC-R,590,a75_a50_an,-0.4488771887598435
DLPFC-R,590,a75_an_ba,-1.2026854707202654
DLPFC-R,590.8333,a50_an_ba,-0.754299646551124
DLPFC-R,590.8333,a75_a50_an,-0.43939536522325445
DLPFC-R,590.8333,a75_an_ba,-1.1936950117743785
DLPFC-R,591.6667,a50_an_ba,-0.7527047981890295
DLPFC-R,591.6667,a75_a50_an,-0.42935695865359
DLPFC-R,591.6667,a75_an_ba,-1.1820617568426195
DLPFC-R,592.5,a50_an_ba,-0.749103316455437
DLPFC-R,592.5,a75_a50_an,-0.4188119574711698
DLPFC-R,592.5,a75_an_ba,-1.1679152739266068
DLPFC-R,593.3333,a50_an_ba,-0.743598784631426
DLPFC-R,593.3333,a75_a50_an,-0.40781116328582107
DLPFC-R,593.3333,a75_an_ba,-1.151409947917247
DLPFC-R,594.1667,a50_an_ba,-0.7363166384243764
DLPFC-R,594.1667,a75_a50_an,-0.3964057330291318
DLPFC-R,594.1667,a75_an_ba,-1.1327223714535082
DLPFC-R,595,a50_an_ba,-0.7274017079839704
DLPFC-R,595,a75_a50_an,-0.3846468554200607
DLPFC-R,595,a75_an_ba,-1.1120485634040311
DLPFC-R,595.8333,a50_an_ba,-0.7170155028554517
DLPFC-R,595.8333,a75_a50_an,-0.3725855620562979
DLPFC-R,595.8333,a75_an_ba,-1.0896010649117496
DLPFC-R,596.6667,a50_an_ba,-0.7053332932918528
DLPFC-R,596.6667,a75_a50_an,-0.36027266858378987
DLPFC-R,596.6667,a75_an_ba,-1.0656059618756426
DLPFC-R,597.5,a50_an_ba,-0.6925410440275415
DLPFC-R,597.5,a75_a50_an,-0.34775883675005526
DLPFC-R,597.5,a75_an_ba,-1.0402998807775967
DLPFC-R,598.3333,a50_an_ba,-0.6788322581667454
DLPFC-R,598.3333,a75_a50_an,-0.335094743822011
DLPFC-R,598.3333,a75_an_ba,-1.0139270019887565
DLPFC-R,599.1667000000001,a50_an_ba,-0.664404789250195
DLPFC-R,599.1667000000001,a75_a50_an,-0.3223313419657541
DLPFC-R,599.1667000000001,a75_an_ba,-0.986736131215949
DLPFC-R,600,a50_an_ba,-0.6494576788417509
DLPFC-R,600,a75_a50_an,-0.30952018685254323
DLPFC-R,600,a75_an_ba,-0.9589778656942941
DLPFC-R,600.8333,a50_an_ba,-0.6341880751588429
DLPFC-R,600.8333,a75_a50_an,-0.2967138120659206
DLPFC-R,600.8333,a75_an_ba,-0.9309018872247635
DLPFC-R,601.6667,a50_an_ba,-0.6187882854118333
DLPFC-R,601.6667,a75_a50_an,-0.28396612391644893
DLPFC-R,601.6667,a75_an_ba,-0.9027544093282822
DLPFC-R,602.5,a50_an_ba,-0.603443010694465
DLPFC-R,602.5,a75_a50_an,-0.27133279008121014
DLPFC-R,602.5,a75_an_ba,-0.8747758007756753
DLPFC-R,603.3333,a50_an_ba,-0.5883268075754967
DLPFC-R,603.3333,a75_a50_an,-0.25887159511274754
DLPFC-R,603.3333,a75_an_ba,-0.8471984026882443
DLPFC-R,604.1667,a50_an_ba,-0.573601815091968
DLPFC-R,604.1667,a75_a50_an,-0.2466427363228991
DLPFC-R,604.1667,a75_an_ba,-0.8202445514148671
DLPFC-R,605,a50_an_ba,-0.5594157797623592
DLPFC-R,605,a75_a50_an,-0.23470903483549488
DLPFC-R,605,a75_an_ba,-0.7941248145978541
DLPFC-R,605.8333,a50_an_ba,-0.5459004046594345
DLPFC-R,605.8333,a75_a50_an,-0.22313603869066867
DLPFC-R,605.8333,a75_an_ba,-0.7690364433501031
DLPFC-R,606.6667,a50_an_ba,-0.5331700416516072
DLPFC-R,606.6667,a75_a50_an,-0.2119919977240028
DLPFC-R,606.6667,a75_an_ba,-0.74516203937561
DLPFC-R,607.5,a50_an_ba,-0.5213207387868409
DLPFC-R,607.5,a75_a50_an,-0.20134769346693998
DLPFC-R,607.5,a75_an_ba,-0.7226684322537809
DLPFC-R,608.3333,a50_an_ba,-0.5104296476046079
DLPFC-R,608.3333,a75_a50_an,-0.1912761114334902
DLPFC-R,608.3333,a75_an_ba,-0.7017057590380981
DLPFC-R,609.1667,a50_an_ba,-0.5005547880671588
DLPFC-R,609.1667,a75_a50_an,-0.18185194776860886
DLPFC-R,609.1667,a75_an_ba,-0.6824067358357676
DLPFC-R,610,a50_an_ba,-0.49173516194514694
DLPFC-R,610,a75_a50_an,-0.17315094721773586
DLPFC-R,610,a75_an_ba,-0.6648861091628828
DLPFC-R,610.8333,a50_an_ba,-0.4839911990094606
DLPFC-R,610.8333,a75_a50_an,-0.16524907460647387
DLPFC-R,610.8333,a75_an_ba,-0.6492402736159344
DLPFC-R,611.6667,a50_an_ba,-0.47732551439602866
DLPFC-R,611.6667,a75_a50_an,-0.15822152735742329
DLPFC-R,611.6667,a75_an_ba,-0.635547041753452
DLPFC-R,612.5,a50_an_ba,-0.47172395013506035
DLPFC-R,612.5,a75_a50_an,-0.15214160187682757
DLPFC-R,612.5,a75_an_ba,-0.6238655520118879
DLPFC-R,613.3333,a50_an_ba,-0.4671568691667515
DLPFC-R,613.3333,a75_a50_an,-0.14707943177488358
DLPFC-R,613.3333,a75_an_ba,-0.6142363009416351
DLPFC-R,614.1667,a50_an_ba,-0.46358066628148187
DLPFC-R,614.1667,a75_a50_an,-0.14310062070085938
DLPFC-R,614.1667,a75_an_ba,-0.6066812869823413
DLPFC-R,615,a50_an_ba,-0.46093945738458114
DLPFC-R,615,a75_a50_an,-0.1402647969441919
DLPFC-R,615,a75_an_ba,-0.601204254328773
DLPFC-R,615.8333,a50_an_ba,-0.45916690633513135
DLPFC-R,615.8333,a75_a50_an,-0.1386241207516363
DLPFC-R,615.8333,a75_an_ba,-0.5977910270867677
DLPFC-R,616.6667,a50_an_ba,-0.45818814736660807
DLPFC-R,616.6667,a75_a50_an,-0.1382217784270974
DLPFC-R,616.6667,a75_an_ba,-0.5964099257937054
DLPFC-R,617.5,a50_an_ba,-0.4579217607655009
DLPFC-R,617.5,a75_a50_an,-0.13909049961926906
DLPFC-R,617.5,a75_an_ba,-0.59701226038477
DLPFC-R,618.3333,a50_an_ba,-0.45828176004439797
DLPFC-R,618.3333,a75_a50_an,-0.1412511356850502
DLPFC-R,618.3333,a75_an_ba,-0.5995328957294481
DLPFC-R,619.1667,a50_an_ba,-0.45917955026102936
DLPFC-R,619.1667,a75_a50_an,-0.14471133758637908
DLPFC-R,619.1667,a75_an_ba,-0.6038908878474084
DLPFC-R,620,a50_an_ba,-0.4605258193498335
DLPFC-R,620,a75_a50_an,-0.14946437139895402
DLPFC-R,620,a75_an_ba,-0.6099901907487876
DLPFC-R,620.8333,a50_an_ba,-0.4622323272768905
DLPFC-R,620.8333,a75_a50_an,-0.15548810817043324
DLPFC-R,620.8333,a75_an_ba,-0.6177204354473237
DLPFC-R,621.6667,a50_an_ba,-0.46421356141753795
DLPFC-R,621.6667,a75_a50_an,-0.16274422257372934
DLPFC-R,621.6667,a75_an_ba,-0.6269577839912672
DLPFC-R,622.5,a50_an_ba,-0.46638823069201807
DLPFC-R,622.5,a75_a50_an,-0.1711776315918926
DLPFC-R,622.5,a75_an_ba,-0.6375658622839107
DLPFC-R,623.3333,a50_an_ba,-0.468680575571297
DLPFC-R,623.3333,a75_a50_an,-0.18071620040170006
DLPFC-R,623.3333,a75_an_ba,-0.649396775972997
DLPFC-R,624.1667,a50_an_ba,-0.47102147596979643
DLPFC-R,624.1667,a75_a50_an,-0.1912707377718228
DLPFC-R,624.1667,a75_an_ba,-0.6622922137416193
DLPFC-R,625,a50_an_ba,-0.4733493441562522
DLPFC-R,625,a75_a50_an,-0.20273529775701693
DLPFC-R,625,a75_an_ba,-0.6760846419132691
DLPFC-R,625.8333,a50_an_ba,-0.4756107950192769
DLPFC-R,625.8333,a75_a50_an,-0.21498779836832813
DLPFC-R,625.8333,a75_an_ba,-0.690598593387605
DLPFC-R,626.6667,a50_an_ba,-0.47776109120251875
DLPFC-R,626.6667,a75_a50_an,-0.2278909613627073
DLPFC-R,626.6667,a75_an_ba,-0.705652052565226
DLPFC-R,627.5,a50_an_ba,-0.47976436566133074
DLPFC-R,627.5,a75_a50_an,-0.2412935704673268
DLPFC-R,627.5,a75_an_ba,-0.7210579361286575
DLPFC-R,628.3333,a50_an_ba,-0.4815936289809649
DLPFC-R,628.3333,a75_a50_an,-0.25503203838732386
DLPFC-R,628.3333,a75_an_ba,-0.7366256673682887
DLPFC-R,629.1667,a50_an_ba,-0.4832305732362157
DLPFC-R,629.1667,a75_a50_an,-0.2689322659987531
DLPFC-R,629.1667,a75_an_ba,-0.7521628392349688
DLPFC-R,630,a50_an_ba,-0.4846651881756099
DLPFC-R,630,a75_a50_an,-0.28281177036131633
DLPFC-R,630,a75_an_ba,-0.7674769585369262
DLPFC-R,630.8333,a50_an_ba,-0.4858952090037856
DLPFC-R,630.8333,a75_a50_an,-0.2964820517558725
DLPFC-R,630.8333,a75_an_ba,-0.7823772607596581
DLPFC-R,631.6667,a50_an_ba,-0.48692541795124483
DLPFC-R,631.6667,a75_a50_an,-0.30975116401186914
DLPFC-R,631.6667,a75_an_ba,-0.796676581963114
DLPFC-R,632.5,a50_an_ba,-0.48776682411418815
DLPFC-R,632.5,a75_a50_an,-0.322426447082782
DLPFC-R,632.5,a75_an_ba,-0.8101932711969702
DLPFC-R,633.3333,a50_an_ba,-0.48843574768696585
DLPFC-R,633.3333,a75_a50_an,-0.3343173762830552
DLPFC-R,633.3333,a75_an_ba,-0.822753123970021
DLPFC-R,634.1667,a50_an_ba,-0.48895283568059517
DLPFC-R,634.1667,a75_a50_an,-0.34523847893230386
DLPFC-R,634.1667,a75_an_ba,-0.834191314612899
DLPFC-R,635,a50_an_ba,-0.48934203652294034
DLPFC-R,635,a75_a50_an,-0.35501226645685297
DLPFC-R,635,a75_an_ba,-0.8443543029797933
DLPFC-R,635.8333,a50_an_ba,-0.4896295605862358
DLPFC-R,635.8333,a75_a50_an,-0.3634721283495218
DLPFC-R,635.8333,a75_an_ba,-0.8531016889357576
DLPFC-R,636.6667,a50_an_ba,-0.48984285271587646
DLPFC-R,636.6667,a75_a50_an,-0.3704651338371535
DLPFC-R,636.6667,a75_an_ba,-0.86030798655303
DLPFC-R,637.5,a50_an_ba,-0.49000960128616206
DLPFC-R,637.5,a75_a50_an,-0.3758546876791654
DLPFC-R,637.5,a75_an_ba,-0.8658642889653274
DLPFC-R,638.3333,a50_an_ba,-0.49015680624035773
DLPFC-R,638.3333,a75_a50_an,-0.3795229882211532
DLPFC-R,638.3333,a75_an_ba,-0.8696797944615109
DLPFC-R,639.1667,a50_an_ba,-0.4903099260519835
DLPFC-R,639.1667,a75_a50_an,-0.3813732386323973
DLPFC-R,639.1667,a75_an_ba,-0.8716831646843808
DLPFC-R,640,a50_an_ba,-0.4904921206478941
DLPFC-R,640,a75_a50_an,-0.3813315661170492
DLPFC-R,640,a75_an_ba,-0.8718236867649434
DLPFC-R,640.8333,a50_an_ba,-0.49072360414446636
DLPFC-R,640.8333,a75_a50_an,-0.3793486087337389
DLPFC-R,640.8333,a75_an_ba,-0.8700722128782052
DLPFC-R,641.6667,a50_an_ba,-0.4910211178540015
DLPFC-R,641.6667,a75_a50_an,-0.3754007351933932
DLPFC-R,641.6667,a75_an_ba,-0.8664218530473947
DLPFC-R,642.5,a50_an_ba,-0.49139753050880186
DLPFC-R,642.5,a75_a50_an,-0.3694908695154666
DLPFC-R,642.5,a75_an_ba,-0.8608884000242685
DLPFC-R,643.3333,a50_an_ba,-0.4918615691157372
DLPFC-R,643.3333,a75_a50_an,-0.3616488995764033
DLPFC-R,643.3333,a75_an_ba,-0.8535104686921404
DLPFC-R,644.1667,a50_an_ba,-0.49241768038221995
DLPFC-R,644.1667,a75_a50_an,-0.3519316562336788
DLPFC-R,644.1667,a75_an_ba,-0.8443493366158987
DLPFC-R,645,a50_an_ba,-0.4930660193290619
DLPFC-R,645,a75_a50_an,-0.34042245769564444
DLPFC-R,645,a75_an_ba,-0.8334884770247064
DLPFC-R,645.8333,a50_an_ba,-0.4938025586045813
DLPFC-R,645.8333,a75_a50_an,-0.3272302219648005
DLPFC-R,645.8333,a75_an_ba,-0.8210327805693818
DLPFC-R,646.6667,a50_an_ba,-0.49461930920695324
DLPFC-R,646.6667,a75_a50_an,-0.31248815833913174
DLPFC-R,646.6667,a75_an_ba,-0.807107467546085
DLPFC-R,647.5,a50_an_ba,-0.4955046408687566
DLPFC-R,647.5,a75_a50_an,-0.2963520569414247
DLPFC-R,647.5,a75_an_ba,-0.7918566978101813
DLPFC-R,648.3333,a50_an_ba,-0.4964436883085484
DLPFC-R,648.3333,a75_a50_an,-0.27899820289202965
DLPFC-R,648.3333,a75_an_ba,-0.775441891200578
DLPFC-R,649.1667,a50_an_ba,-0.4974188279471133
DLPFC-R,649.1667,a75_a50_an,-0.26062094888573023
DLPFC-R,649.1667,a75_an_ba,-0.7580397768328435
DLPFC-R,650,a50_an_ba,-0.4984102085465676
DLPFC-R,650,a75_a50_an,-0.2414299864283107
DLPFC-R,650,a75_an_ba,-0.7398401949748783
DLPFC-R,650.8332999999999,a50_an_ba,-0.4993963185718877
DLPFC-R,650.8332999999999,a75_a50_an,-0.22164736169740196
DLPFC-R,650.8332999999999,a75_an_ba,-0.7210436802692897
DLPFC-R,651.6667,a50_an_ba,-0.5003545728971771
DLPFC-R,651.6667,a75_a50_an,-0.20150428679670124
DLPFC-R,651.6667,a75_an_ba,-0.7018588596938784
DLPFC-R,652.5,a50_an_ba,-0.5012619017710824
DLPFC-R,652.5,a75_a50_an,-0.18123780097416237
DLPFC-R,652.5,a75_an_ba,-0.6824997027452449
DLPFC-R,653.3333,a50_an_ba,-0.5020953256937954
DLPFC-R,653.3333,a75_a50_an,-0.161087339096349
DLPFC-R,653.3333,a75_an_ba,-0.6631826647901444
DLPFC-R,654.1667,a50_an_ba,-0.5028325010073311
DLPFC-R,654.1667,a75_a50_an,-0.14129126625999042
DLPFC-R,654.1667,a75_an_ba,-0.6441237672673216
DLPFC-R,655,a50_an_ba,-0.5034522225170804
DLPFC-R,655,a75_a50_an,-0.12208343784942359
DLPFC-R,655,a75_an_ba,-0.6255356603665041
DLPFC-R,655.8333,a50_an_ba,-0.5039348712935084
DLPFC-R,655.8333,a75_a50_an,-0.10368984361192222
DLPFC-R,655.8333,a75_an_ba,-0.6076247149054307
DLPFC-R,656.6667,a50_an_ba,-0.5042627978886236
DLPFC-R,656.6667,a75_a50_an,-0.08632539244424264
DLPFC-R,656.6667,a75_an_ba,-0.5905881903328662
DLPFC-R,657.5,a50_an_ba,-0.5044206334781907
DLPFC-R,657.5,a75_a50_an,-0.07019089160933083
DLPFC-R,657.5,a75_an_ba,-0.5746115250875214
DLPFC-R,658.3333,a50_an_ba,-0.504395523839432
DLPFC-R,658.3333,a75_a50_an,-0.055470270102593595
DLPFC-R,658.3333,a75_an_ba,-0.5598657939420256
DLPFC-R,659.1667,a50_an_ba,-0.5041772835260087
DLPFC-R,659.1667,a75_a50_an,-0.042328090953568404
DLPFC-R,659.1667,a75_an_ba,-0.5465053744795771
DLPFC-R,660,a50_an_ba,-0.5037584700380461
DLPFC-R,660,a75_a50_an,-0.030907391492703877
DLPFC-R,660,a75_an_ba,-0.53466586153075
DLPFC-R,660.8333,a50_an_ba,-0.5031343801382825
DLPFC-R,660.8333,a75_a50_an,-0.02132788416195518
DLPFC-R,660.8333,a75_an_ba,-0.5244622643002377
DLPFC-R,661.6667000000001,a50_an_ba,-0.5023029726726609
DLPFC-R,661.6667000000001,a75_a50_an,-0.013684543443553115
DLPFC-R,661.6667000000001,a75_an_ba,-0.5159875161162141
DLPFC-R,662.5,a50_an_ba,-0.5012647242576312
DLPFC-R,662.5,a75_a50_an,-0.008046597075798275
DLPFC-R,662.5,a75_an_ba,-0.5093113213334295
DLPFC-R,663.3333,a50_an_ba,-0.5000224259460765
DLPFC-R,663.3333,a75_a50_an,-0.004456932076786362
DLPFC-R,663.3333,a75_an_ba,-0.5044793580228628
DLPFC-R,664.1667,a50_an_ba,-0.4985809304366806
DLPFC-R,664.1667,a75_a50_an,-0.0029319183688590908
DLPFC-R,664.1667,a75_an_ba,-0.5015128488055397
DLPFC-R,665,a50_an_ba,-0.4969468605140136
DLPFC-R,665,a75_a50_an,-0.0034616451499761077
DLPFC-R,665,a75_an_ba,-0.5004085056639896
DLPFC-R,665.8333,a50_an_ba,-0.49512829017511567
DLPFC-R,665.8333,a75_a50_an,-0.006010557750573607
DLPFC-R,665.8333,a75_an_ba,-0.5011388479256893
DLPFC-R,666.6667,a50_an_ba,-0.493134410299149
DLPFC-R,666.6667,a75_a50_an,-0.010518475695899613
DLPFC-R,666.6667,a75_an_ba,-0.5036528859950486
DLPFC-R,667.5,a50_an_ba,-0.4909751907470166
DLPFC-R,667.5,a75_a50_an,-0.016901966203079877
DLPFC-R,667.5,a75_an_ba,-0.5078771569500965
DLPFC-R,668.3333,a50_an_ba,-0.48866105044499675
DLPFC-R,668.3333,a75_a50_an,-0.02505604150436046
DLPFC-R,668.3333,a75_an_ba,-0.5137170919493572
DLPFC-R,669.1667,a50_an_ba,-0.48620254632777266
DLPFC-R,669.1667,a75_a50_an,-0.03485614331144203
DLPFC-R,669.1667,a75_an_ba,-0.5210586896392148
DLPFC-R,670,a50_an_ba,-0.4836100910186294
DLPFC-R,670,a75_a50_an,-0.046160373509887824
DLPFC-R,670,a75_an_ba,-0.5297704645285172
DLPFC-R,670.8333,a50_an_ba,-0.4808937078432915
DLPFC-R,670.8333,a75_a50_an,-0.05881192686634735
DLPFC-R,670.8333,a75_an_ba,-0.5397056347096388
DLPFC-R,671.6667,a50_an_ba,-0.4780628302517022
DLPFC-R,671.6667,a75_a50_an,-0.07264167919151625
DLPFC-R,671.6667,a75_an_ba,-0.5507045094432185
DLPFC-R,672.5,a50_an_ba,-0.47512615100805744
DLPFC-R,672.5,a75_a50_an,-0.08747088305276167
DLPFC-R,672.5,a75_an_ba,-0.5625970340608191
DLPFC-R,673.3333,a50_an_ba,-0.47209152465709875
DLPFC-R,673.3333,a75_a50_an,-0.10311392277394414
DLPFC-R,673.3333,a75_an_ba,-0.5752054474310428
DLPFC-R,674.1667,a50_an_ba,-0.4689659248414982
DLPFC-R,674.1667,a75_a50_an,-0.11938108107501248
DLPFC-R,674.1667,a75_an_ba,-0.5883470059165107
DLPFC-R,675,a50_an_ba,-0.46575545608935665
DLPFC-R,675,a75_a50_an,-0.13608127124851294
DLPFC-R,675,a75_an_ba,-0.6018367273378695
DLPFC-R,675.8333,a50_an_ba,-0.4624654177714161
DLPFC-R,675.8333,a75_a50_an,-0.15302469118157527
DLPFC-R,675.8333,a75_an_ba,-0.6154901089529914
DLPFC-R,676.6667,a50_an_ba,-0.4591004161015955
DLPFC-R,676.6667,a75_a50_an,-0.17002535872989336
DLPFC-R,676.6667,a75_an_ba,-0.6291257748314889
DLPFC-R,677.5,a50_an_ba,-0.4556645183758511
DLPFC-R,677.5,a75_a50_an,-0.18690349183810007
DLPFC-R,677.5,a75_an_ba,-0.6425680102139512
DLPFC-R,678.3333,a50_an_ba,-0.4521614421627145
DLPFC-R,678.3333,a75_a50_an,-0.20348770126911495
DLPFC-R,678.3333,a75_an_ba,-0.6556491434318295
DLPFC-R,679.1667,a50_an_ba,-0.44859477091744265
DLPFC-R,679.1667,a75_a50_an,-0.21961696873351247
DLPFC-R,679.1667,a75_an_ba,-0.6682117396509551
DLPFC-R,680,a50_an_ba,-0.4449681865271697
DLPFC-R,680,a75_a50_an,-0.23514238847139482
DLPFC-R,680,a75_an_ba,-0.6801105749985645
DLPFC-R,680.8333,a50_an_ba,-0.44128570863501326
DLPFC-R,680.8333,a75_a50_an,-0.2499286558025664
DLPFC-R,680.8333,a75_an_ba,-0.6912143644375797
DLPFC-R,681.6667,a50_an_ba,-0.4375519302562759
DLPFC-R,681.6667,a75_a50_an,-0.26385529169429284
DLPFC-R,681.6667,a75_an_ba,-0.7014072219505687
DLPFC-R,682.5,a50_an_ba,-0.4337722392002749
DLPFC-R,682.5,a75_a50_an,-0.2768175978701547
DLPFC-R,682.5,a75_an_ba,-0.7105898370704296
DLPFC-R,683.3333,a50_an_ba,-0.4299530151471607
DLPFC-R,683.3333,a75_a50_an,-0.288727342275526
DLPFC-R,683.3333,a75_an_ba,-0.7186803574226868
DLPFC-R,684.1667,a50_an_ba,-0.42610179289210776
DLPFC-R,684.1667,a75_a50_an,-0.2995131797099973
DLPFC-R,684.1667,a75_an_ba,-0.7256149726021051
DLPFC-R,685,a50_an_ba,-0.4222273832408326
DLPFC-R,685,a75_a50_an,-0.30912081703166766
DLPFC-R,685,a75_an_ba,-0.7313482002725002
DLPFC-R,685.8333,a50_an_ba,-0.4183399442940583
DLPFC-R,685.8333,a75_a50_an,-0.3175129364430286
DLPFC-R,685.8333,a75_an_ba,-0.7358528807370869
DLPFC-R,686.6667,a50_an_ba,-0.41445099735895863
DLPFC-R,686.6667,a75_a50_an,-0.32466889390942405
DLPFC-R,686.6667,a75_an_ba,-0.7391198912683827
DLPFC-R,687.5,a50_an_ba,-0.410573383431107
DLPFC-R,687.5,a75_a50_an,-0.3305842126821461
DLPFC-R,687.5,a75_an_ba,-0.741157596113253
DLPFC-R,688.3333,a50_an_ba,-0.4067211580526177
DLPFC-R,688.3333,a75_a50_an,-0.3352698941608273
DLPFC-R,688.3333,a75_an_ba,-0.741991052213445
DLPFC-R,689.1667,a50_an_ba,-0.40290942431865917
DLPFC-R,689.1667,a75_a50_an,-0.3387515699142202
DLPFC-R,689.1667,a75_an_ba,-0.7416609942328793
DLPFC-R,690,a50_an_ba,-0.3991541058192358
DLPFC-R,690,a75_a50_an,-0.3410685195839448
DLPFC-R,690,a75_an_ba,-0.7402226254031806
DLPFC-R,690.8333,a50_an_ba,-0.39547166330833544
DLPFC-R,690.8333,a75_a50_an,-0.34227257963994956
DLPFC-R,690.8333,a75_an_ba,-0.737744242948285
DLPFC-R,691.6667,a50_an_ba,-0.3918787608306684
DLPFC-R,691.6667,a75_a50_an,-0.34242696757403657
DLPFC-R,691.6667,a75_an_ba,-0.734305728404705
DLPFC-R,692.5,a50_an_ba,-0.3883918888504489
DLPFC-R,692.5,a75_a50_an,-0.34160504515996404
DLPFC-R,692.5,a75_an_ba,-0.7299969340104129
DLPFC-R,693.3333,a50_an_ba,-0.38502695356367084
DLPFC-R,693.3333,a75_a50_an,-0.3398890429403612
DLPFC-R,693.3333,a75_an_ba,-0.724915996504032
DLPFC-R,694.1667,a50_an_ba,-0.3817988429859054
DLPFC-R,694.1667,a75_a50_an,-0.33736876619901185
DLPFC-R,694.1667,a75_an_ba,-0.7191676091849172
DLPFC-R,695,a50_an_ba,-0.37872098154806955
DLPFC-R,695,a75_a50_an,-0.3341403004289792
DLPFC-R,695,a75_an_ba,-0.7128612819770487
DLPFC-R,695.8333,a50_an_ba,-0.3758048857666144
DLPFC-R,695.8333,a75_a50_an,-0.33030473180566033
DLPFC-R,695.8333,a75_an_ba,-0.7061096175722748
DLPFC-R,696.6667,a50_an_ba,-0.3730597340532531
DLPFC-R,696.6667,a75_a50_an,-0.3259668955170028
DLPFC-R,696.6667,a75_an_ba,-0.6990266295702559
DLPFC-R,697.5,a50_an_ba,-0.3704919638728417
DLPFC-R,697.5,a75_a50_an,-0.3212341620892704
DLPFC-R,697.5,a75_an_ba,-0.6917261259621121
DLPFC-R,698.3333,a50_an_ba,-0.3681049092358103
DLPFC-R,698.3333,a75_a50_an,-0.31621526917259196
DLPFC-R,698.3333,a75_an_ba,-0.6843201784084023
DLPFC-R,699.1667,a50_an_ba,-0.3658984909226093
DLPFC-R,699.1667,a75_a50_an,-0.31101920370807834
DLPFC-R,699.1667,a75_an_ba,-0.6769176946306876
DLPFC-R,700,a50_an_ba,-0.3638689708910781
DLPFC-R,700,a75_a50_an,-0.3057541370722043
DLPFC-R,700,a75_an_ba,-0.6696231079632824
DLPFC-R,700.8333,a50_an_ba,-0.3620087810316091
DLPFC-R,700.8333,a75_a50_an,-0.30052641375906813
DLPFC-R,700.8333,a75_an_ba,-0.6625351947906772
DLPFC-R,701.6667,a50_an_ba,-0.36030643483786584
DLPFC-R,701.6667,a75_a50_an,-0.2954395924798589
DLPFC-R,701.6667,a75_an_ba,-0.6557460273177248
DLPFC-R,702.5,a50_an_ba,-0.3587465286882842
DLPFC-R,702.5,a75_a50_an,-0.2905935372802024
DLPFC-R,702.5,a75_an_ba,-0.6493400659684866
DLPFC-R,703.3333,a50_an_ba,-0.3573098373303166
DLPFC-R,703.3333,a75_a50_an,-0.2860835554339367
DLPFC-R,703.3333,a75_an_ba,-0.6433933927642533
DLPFC-R,704.1667,a50_an_ba,-0.3559735058758759
DLPFC-R,704.1667,a75_a50_an,-0.28199957848350726
DLPFC-R,704.1667,a75_an_ba,-0.6379730843593832
DLPFC-R,705,a50_an_ba,-0.35471133820884876
DLPFC-R,705,a75_a50_an,-0.27842538286399937
DLPFC-R,705,a75_an_ba,-0.6331367210728481
DLPFC-R,705.8333,a50_an_ba,-0.35349417923431165
DLPFC-R,705.8333,a75_a50_an,-0.2754378470537971
DLPFC-R,705.8333,a75_an_ba,-0.6289320262881087
DLPFC-R,706.6667,a50_an_ba,-0.35229038592658357
DLPFC-R,706.6667,a75_a50_an,-0.27310624310856024
DLPFC-R,706.6667,a75_an_ba,-0.6253966290351438
DLPFC-R,707.5,a50_an_ba,-0.35106637972349775
DLPFC-R,707.5,a75_a50_an,-0.27149156170971067
DLPFC-R,707.5,a75_an_ba,-0.6225579414332084
DLPFC-R,708.3333,a50_an_ba,-0.3497872705299427
DLPFC-R,708.3333,a75_a50_an,-0.270645871433492
DLPFC-R,708.3333,a75_an_ba,-0.6204331419634347
DLPFC-R,709.1667,a50_an_ba,-0.34841754049567114
DLPFC-R,709.1667,a75_a50_an,-0.27061171474957735
DLPFC-R,709.1667,a75_an_ba,-0.6190292552452484
DLPFC-R,710,a50_an_ba,-0.34692177387744594
DLPFC-R,710,a75_a50_an,-0.271421545207322
DLPFC-R,710,a75_an_ba,-0.6183433190847679
DLPFC-R,710.8333,a50_an_ba,-0.3452654177350734
DLPFC-R,710.8333,a75_a50_an,-0.2730972122739606
DLPFC-R,710.8333,a75_an_ba,-0.618362630009034
DLPFC-R,711.6667,a50_an_ba,-0.3434155569900136
DLPFC-R,711.6667,a75_a50_an,-0.275649502259049
DLPFC-R,711.6667,a75_an_ba,-0.6190650592490626
DLPFC-R,712.5,a50_an_ba,-0.3413416865305269
DLPFC-R,712.5,a75_a50_an,-0.2790777455983896
DLPFC-R,712.5,a75_an_ba,-0.6204194321289165
DLPFC-R,713.3332999999999,a50_an_ba,-0.339016462607169
DLPFC-R,713.3332999999999,a75_a50_an,-0.28336950238526804
DLPFC-R,713.3332999999999,a75_an_ba,-0.622385964992437
DLPFC-R,714.1667,a50_an_ba,-0.33641641574509973
DLPFC-R,714.1667,a75_a50_an,-0.2885003393383845
DLPFC-R,714.1667,a75_an_ba,-0.6249167550834842
DLPFC-R,715,a50_an_ba,-0.3335226078132522
DLPFC-R,715,a75_a50_an,-0.29443371230303395
DLPFC-R,715,a75_an_ba,-0.6279563201162861
DLPFC-R,715.8333,a50_an_ba,-0.33032121673268444
DLPFC-R,715.8333,a75_a50_an,-0.3011209688238386
DLPFC-R,715.8333,a75_an_ba,-0.6314421855565231
DLPFC-R,716.6667,a50_an_ba,-0.3268040335642515
DLPFC-R,716.6667,a75_a50_an,-0.30850148524516474
DLPFC-R,716.6667,a75_an_ba,-0.6353055188094162
DLPFC-R,717.5,a50_an_ba,-0.32296885836573186
DLPFC-R,717.5,a75_a50_an,-0.31650295214593555
DLPFC-R,717.5,a75_an_ba,-0.6394718105116675
DLPFC-R,718.3333,a50_an_ba,-0.3188197832175966
DLPFC-R,718.3333,a75_a50_an,-0.32504182067166254
DLPFC-R,718.3333,a75_an_ba,-0.6438616038892592
DLPFC-R,719.1667,a50_an_ba,-0.31436735314187986
DLPFC-R,719.1667,a75_a50_an,-0.3340239204797482
DLPFC-R,719.1667,a75_an_ba,-0.6483912736216281
DLPFC-R,720,a50_an_ba,-0.3096285982296621
DLPFC-R,720,a75_a50_an,-0.343345257574135
DLPFC-R,720,a75_an_ba,-0.6529738558037971
DLPFC-R,720.8333,a50_an_ba,-0.30462693309134153
DLPFC-R,720.8333,a75_a50_an,-0.3528929973018857
DLPFC-R,720.8333,a75_an_ba,-0.6575199303932272
DLPFC-R,721.6667,a50_an_ba,-0.2993919226867154
DLPFC-R,721.6667,a75_a50_an,-0.3625466342652947
DLPFC-R,721.6667,a75_an_ba,-0.6619385569520101
DLPFC-R,722.5,a50_an_ba,-0.2939589166107619
DLPFC-R,722.5,a75_a50_an,-0.3721793469359489
DLPFC-R,722.5,a75_an_ba,-0.6661382635467108
DLPFC-R,723.3333,a50_an_ba,-0.2883685569354735
DLPFC-R,723.3333,a75_a50_an,-0.38165953042514067
DLPFC-R,723.3333,a75_an_ba,-0.6700280873606141
DLPFC-R,724.1667000000001,a50_an_ba,-0.28266616766639235
DLPFC-R,724.1667000000001,a75_a50_an,-0.3908524962679725
DLPFC-R,724.1667000000001,a75_an_ba,-0.6735186639343649
DLPFC-R,725,a50_an_ba,-0.27690103669369837
DLPFC-R,725,a75_a50_an,-0.39962232332839115
DLPFC-R,725,a75_an_ba,-0.6765233600220896
DLPFC-R,725.8333,a50_an_ba,-0.2711256037334344
DLPFC-R,725.8333,a75_a50_an,-0.40783383915240745
DLPFC-R,725.8333,a75_an_ba,-0.6789594428858419
DLPFC-R,726.6667,a50_an_ba,-0.26539457010019135
DLPFC-R,726.6667,a75_a50_an,-0.41535470641697736
DLPFC-R,726.6667,a75_an_ba,-0.6807492765171687
DLPFC-R,727.5,a50_an_ba,-0.25976394816956366
DLPFC-R,727.5,a75_a50_an,-0.42205758467715476
DLPFC-R,727.5,a75_an_ba,-0.6818215328467184
DLPFC-R,728.3333,a50_an_ba,-0.25429007002548304
DLPFC-R,728.3333,a75_a50_an,-0.42782233353896526
DLPFC-R,728.3333,a75_an_ba,-0.6821124035644482
DLPFC-R,729.1667,a50_an_ba,-0.2490285760006133
DLPFC-R,729.1667,a75_a50_an,-0.43253821981238505
DLPFC-R,729.1667,a75_an_ba,-0.6815667958129984
DLPFC-R,730,a50_an_ba,-0.2440334045740952
DLPFC-R,730,a75_a50_an,-0.4361060882528238
DLPFC-R,730,a75_an_ba,-0.6801394928269191
DLPFC-R,730.8333,a50_an_ba,-0.23935580536624373
DLPFC-R,730.8333,a75_a50_an,-0.43844045329607384
DLPFC-R,730.8333,a75_an_ba,-0.6777962586623175
DLPFC-R,731.6667,a50_an_ba,-0.23504339675260752
DLPFC-R,731.6667,a75_a50_an,-0.4394714678318624
DLPFC-R,731.6667,a75_an_ba,-0.67451486458447
DLPFC-R,732.5,a50_an_ba,-0.23113928890892133
DLPFC-R,732.5,a75_a50_an,-0.43914672462939963
DLPFC-R,732.5,a75_an_ba,-0.670286013538321
DLPFC-R,733.3333,a50_an_ba,-0.22768129190467626
DLPFC-R,733.3333,a75_a50_an,-0.4374328465894883
DLPFC-R,733.3333,a75_an_ba,-0.6651141384941646
DLPFC-R,734.1667,a50_an_ba,-0.22470122680866006
DLPFC-R,734.1667,a75_a50_an,-0.4343168235941008
DLPFC-R,734.1667,a75_an_ba,-0.6590180504027608
DLPFC-R,735,a50_an_ba,-0.22222435568751933
DLPFC-R,735,a75_a50_an,-0.4298070563743105
DLPFC-R,735,a75_an_ba,-0.6520314120618298
DLPFC-R,735.8333,a50_an_ba,-0.22026894391193544
DLPFC-R,735.8333,a75_a50_an,-0.4239340715140431
DLPFC-R,735.8333,a75_an_ba,-0.6442030154259786
DLPFC-R,736.6667,a50_an_ba,-0.21884596538672202
DLPFC-R,736.6667,a75_a50_an,-0.4167508764168597
DLPFC-R,736.6667,a75_an_ba,-0.6355968418035818
DLPFC-R,737.5,a50_an_ba,-0.21795895825202882
DLPFC-R,737.5,a75_a50_an,-0.40833292872621213
DLPFC-R,737.5,a75_an_ba,-0.626291886978241
DLPFC-R,738.3333,a50_an_ba,-0.2176040353306153
DLPFC-R,738.3333,a75_a50_an,-0.3987777012209043
DLPFC-R,738.3333,a75_an_ba,-0.6163817365515196
DLPFC-R,739.1667,a50_an_ba,-0.2177700501935907
DLPFC-R,739.1667,a75_a50_an,-0.38820383049655455
DLPFC-R,739.1667,a75_an_ba,-0.6059738806901452
DLPFC-R,740,a50_an_ba,-0.2184389162609913
DLPFC-R,740,a75_a50_an,-0.37674984565789815
DLPFC-R,740,a75_an_ba,-0.5951887619188895
DLPFC-R,740.8333,a50_an_ba,-0.21958607292227952
DLPFC-R,740.8333,a75_a50_an,-0.3645724816324176
DLPFC-R,740.8333,a75_an_ba,-0.5841585545546971
DLPFC-R,741.6667,a50_an_ba,-0.22118108933419456
DLPFC-R,741.6667,a75_a50_an,-0.3518445904025131
DLPFC-R,741.6667,a75_an_ba,-0.5730256797367076
DLPFC-R,742.5,a50_an_ba,-0.2231883934059543
DLPFC-R,742.5,a75_a50_an,-0.33875267225688716
DLPFC-R,742.5,a75_an_ba,-0.5619410656628414
DLPFC-R,743.3333,a50_an_ba,-0.22556811058801537
DLPFC-R,743.3333,a75_a50_an,-0.32549405788789004
DLPFC-R,743.3333,a75_an_ba,-0.5510621684759055
DLPFC-R,744.1667,a50_an_ba,-0.22827699450871436
DLPFC-R,744.1667,a75_a50_an,-0.31227378061056876
DLPFC-R,744.1667,a75_an_ba,-0.5405507751192831
DLPFC-R,745,a50_an_ba,-0.2312694293140338
DLPFC-R,745,a75_a50_an,-0.2993011859506333
DLPFC-R,745,a75_an_ba,-0.5305706152646671
DLPFC-R,745.8333,a50_an_ba,-0.23449848181276894
DLPFC-R,745.8333,a75_a50_an,-0.2867863331457914
DLPFC-R,745.8333,a75_an_ba,-0.5212848149585603
DLPFC-R,746.6667,a50_an_ba,-0.23791698025577065
DLPFC-R,746.6667,a75_a50_an,-0.2749362495396154
DLPFC-R,746.6667,a75_an_ba,-0.5128532297953861
DLPFC-R,747.5,a50_an_ba,-0.24147859581643652
DLPFC-R,747.5,a75_a50_an,-0.2639511042446383
DLPFC-R,747.5,a75_an_ba,-0.5054297000610748
DLPFC-R,748.3333,a50_an_ba,-0.24513890261174007
DLPFC-R,748.3333,a75_a50_an,-0.2540203716542378
DLPFC-R,748.3333,a75_an_ba,-0.4991592742659779
DLPFC-R,749.1667,a50_an_ba,-0.24885639241797494
DLPFC-R,749.1667,a75_a50_an,-0.2453190582561267
DLPFC-R,749.1667,a75_an_ba,-0.4941754506741017
DLPFC-R,750,a50_an_ba,-0.25259342109039373
DLPFC-R,750,a75_a50_an,-0.2380040676339811
DLPFC-R,750,a75_an_ba,-0.4905974887243748
DLPFC-R,750.8333,a50_an_ba,-0.2563170650754891
DLPFC-R,750.8333,a75_a50_an,-0.23221077845759447
DLPFC-R,750.8333,a75_an_ba,-0.4885278435330836
DLPFC-R,751.6667,a50_an_ba,-0.25999986828197946
DLPFC-R,751.6667,a75_a50_an,-0.22804990860673321
DLPFC-R,751.6667,a75_an_ba,-0.4880497768887127
DLPFC-R,752.5,a50_an_ba,-0.26362046191256006
DLPFC-R,752.5,a75_a50_an,-0.22560473533425676
DLPFC-R,752.5,a75_an_ba,-0.48922519724681685
DLPFC-R,753.3333,a50_an_ba,-0.26716404260415577
DLPFC-R,753.3333,a75_a50_an,-0.22492873656950713
DLPFC-R,753.3333,a75_an_ba,-0.4920927791736629
DLPFC-R,754.1667,a50_an_ba,-0.27062269732055777
DLPFC-R,754.1667,a75_a50_an,-0.22604371214852534
DLPFC-R,754.1667,a75_an_ba,-0.49666640946908314
DLPFC-R,755,a50_an_ba,-0.27399556682090803
DLPFC-R,755,a75_a50_an,-0.2289384360228912
DLPFC-R,755,a75_an_ba,-0.5029340028437993
DLPFC-R,755.8333,a50_an_ba,-0.2772888431164099
DLPFC-R,755.8333,a75_a50_an,-0.233567881468173
DLPFC-R,755.8333,a75_an_ba,-0.5108567245845829
DLPFC-R,756.6667,a50_an_ba,-0.280515600046333
DLPFC-R,756.6667,a75_a50_an,-0.2398530511416353
DLPFC-R,756.6667,a75_an_ba,-0.5203686511879683
DLPFC-R,757.5,a50_an_ba,-0.2836954598706771
DLPFC-R,757.5,a75_a50_an,-0.2476814327122768
DLPFC-R,757.5,a75_an_ba,-0.531376892582954
DLPFC-R,758.3333,a50_an_ba,-0.2868541025057106
DLPFC-R,758.3333,a75_a50_an,-0.256908088915366
DLPFC-R,758.3333,a75_an_ba,-0.5437621914210765
DLPFC-R,759.1667,a50_an_ba,-0.2900226276366799
DLPFC-R,759.1667,a75_a50_an,-0.2673573785010037
DLPFC-R,759.1667,a75_an_ba,-0.5573800061376836
DLPFC-R,760,a50_an_ba,-0.2932367833468204
DLPFC-R,760,a75_a50_an,-0.2788252919017087
DLPFC-R,760,a75_an_ba,-0.5720620752485291
DLPFC-R,760.8333,a50_an_ba,-0.29653607802588133
DLPFC-R,760.8333,a75_a50_an,-0.291082372799062
DLPFC-R,760.8333,a75_an_ba,-0.5876184508249434
DLPFC-R,761.6667,a50_an_ba,-0.29996279509267676
DLPFC-R,761.6667,a75_a50_an,-0.3038771843918602
DLPFC-R,761.6667,a75_an_ba,-0.6038399794845369
DLPFC-R,762.5,a50_an_ba,-0.3035609324196469
DLPFC-R,762.5,a75_a50_an,-0.31694026732669806
DLPFC-R,762.5,a75_an_ba,-0.620501199746345
DLPFC-R,763.3333,a50_an_ba,-0.3073750902278387
DLPFC-R,763.3333,a75_a50_an,-0.329988525208955
DLPFC-R,763.3333,a75_an_ba,-0.6373636154367937
DLPFC-R,764.1667,a50_an_ba,-0.3114493325821865
DLPFC-R,764.1667,a75_a50_an,-0.3427299636197579
DLPFC-R,764.1667,a75_an_ba,-0.6541792962019444
DLPFC-R,765,a50_an_ba,-0.3158260484253162
DLPFC-R,765,a75_a50_an,-0.3548686998569796
DLPFC-R,765,a75_an_ba,-0.6706947482822958
DLPFC-R,765.8333,a50_an_ba,-0.3205448383210933
DLPFC-R,765.8333,a75_a50_an,-0.3661101534074047
DLPFC-R,765.8333,a75_an_ba,-0.686654991728498
DLPFC-R,766.6667,a50_an_ba,-0.3256414527273095
DLPFC-R,766.6667,a75_a50_an,-0.376166321627116
DLPFC-R,766.6667,a75_an_ba,-0.7018077743544254
DLPFC-R,767.5,a50_an_ba,-0.3311468066833378
DLPFC-R,767.5,a75_a50_an,-0.38476104140949824
DLPFC-R,767.5,a75_an_ba,-0.715907848092836
DLPFC-R,768.3333,a50_an_ba,-0.33708609429976893
DLPFC-R,768.3333,a75_a50_an,-0.3916351358704074
DLPFC-R,768.3333,a75_an_ba,-0.7287212301701763
DLPFC-R,769.1667,a50_an_ba,-0.3434780244016811
DLPFC-R,769.1667,a75_a50_an,-0.3965513453541424
DLPFC-R,769.1667,a75_an_ba,-0.7400293697558235
DLPFC-R,770,a50_an_ba,-0.3503341961461884
DLPFC-R,770,a75_a50_an,-0.39929894439556973
DLPFC-R,770,a75_an_ba,-0.7496331405417581
DLPFC-R,770.8333,a50_an_ba,-0.35765863046024454
DLPFC-R,770.8333,a75_a50_an,-0.39969795065419284
DLPFC-R,770.8333,a75_an_ba,-0.7573565811144374
DLPFC-R,771.6667,a50_an_ba,-0.3654474697888207
DLPFC-R,771.6667,a75_a50_an,-0.3976028382113515
DLPFC-R,771.6667,a75_an_ba,-0.7630503080001722
DLPFC-R,772.5,a50_an_ba,-0.37368885497701815
DLPFC-R,772.5,a75_a50_an,-0.3929056758957282
DLPFC-R,772.5,a75_an_ba,-0.7665945308727463
DLPFC-R,773.3333,a50_an_ba,-0.3823629842112842
DLPFC-R,773.3333,a75_a50_an,-0.3855386213354667
DLPFC-R,773.3333,a75_an_ba,-0.7679016055467508
DLPFC-R,774.1667,a50_an_ba,-0.39144235489805174
DLPFC-R,774.1667,a75_a50_an,-0.3754757130489528
DLPFC-R,774.1667,a75_an_ba,-0.7669180679470045
DLPFC-R,775,a50_an_ba,-0.4008921852509066
DLPFC-R,775,a75_a50_an,-0.36273391586497716
DLPFC-R,775,a75_an_ba,-0.7636261011158838
DLPFC-R,775.8332999999999,a50_an_ba,-0.41067100827923997
DLPFC-R,775.8332999999999,a75_a50_an,-0.3473733890585402
DLPFC-R,775.8332999999999,a75_an_ba,-0.7580443973377802
DLPFC-R,776.6667,a50_an_ba,-0.42073142691210574
DLPFC-R,776.6667,a75_a50_an,-0.32949696152536395
DLPFC-R,776.6667,a75_an_ba,-0.7502283884374696
DLPFC-R,777.5,a50_an_ba,-0.43102101523823944
DLPFC-R,777.5,a75_a50_an,-0.3092488137982195
DLPFC-R,777.5,a75_an_ba,-0.740269829036459
DLPFC-R,778.3333,a50_an_ba,-0.44148334738083955
DLPFC-R,778.3333,a75_a50_an,-0.2868123824176334
DLPFC-R,778.3333,a75_an_ba,-0.728295729798473
DLPFC-R,779.1667,a50_an_ba,-0.45205913243207724
DLPFC-R,779.1667,a75_a50_an,-0.26240751778503046
DLPFC-R,779.1667,a75_an_ba,-0.7144666502171078
DLPFC-R,780,a50_an_ba,-0.4626874312179604
DLPFC-R,780,a75_a50_an,-0.2362869418216388
DLPFC-R,780,a75_an_ba,-0.6989743730395992
DLPFC-R,780.8333,a50_an_ba,-0.4733069285112657
DLPFC-R,780.8333,a75_a50_an,-0.2087320662100246
DLPFC-R,780.8333,a75_an_ba,-0.6820389947212904
DLPFC-R,781.6667,a50_an_ba,-0.48385723271007164
DLPFC-R,781.6667,a75_a50_an,-0.18004824539631584
DLPFC-R,781.6667,a75_an_ba,-0.6639054781063876
DLPFC-R,782.5,a50_an_ba,-0.4942801739923203
DLPFC-R,782.5,a75_a50_an,-0.15055955058773024
DLPFC-R,782.5,a75_an_ba,-0.6448397245800506
DLPFC-R,783.3333,a50_an_ba,-0.5045210715702139
DLPFC-R,783.3333,a75_a50_an,-0.12060316142436642
DLPFC-R,783.3333,a75_an_ba,-0.6251242329945802
DLPFC-R,784.1667,a50_an_ba,-0.5145299409169024
DLPFC-R,784.1667,a75_a50_an,-0.09052348059940969
DLPFC-R,784.1667,a75_an_ba,-0.6050534215163121
DLPFC-R,785,a50_an_ba,-0.5242626127231866
DLPFC-R,785,a75_a50_an,-0.06066608324696184
DLPFC-R,785,a75_an_ba,-0.5849286959701484
DLPFC-R,785.8333,a50_an_ba,-0.5336817368511251
DLPFC-R,785.8333,a75_a50_an,-0.0313716172522731
DLPFC-R,785.8333,a75_an_ba,-0.5650533541033982
DLPFC-R,786.6667000000001,a50_an_ba,-0.5427576466594067
DLPFC-R,786.6667000000001,a75_a50_an,-0.0029697726496515204
DLPFC-R,786.6667000000001,a75_an_ba,-0.5457274193090583
DLPFC-R,787.5,a50_an_ba,-0.5514690617429874
DLPFC-R,787.5,a75_a50_an,0.024226562107917037
DLPFC-R,787.5,a75_an_ba,-0.5272424996350703
DLPFC-R,788.3333,a50_an_ba,-0.5598036103068244
DLPFC-R,788.3333,a75_a50_an,0.04992684201403222
DLPFC-R,788.3333,a75_an_ba,-0.5098767682927922
DLPFC-R,789.1667,a50_an_ba,-0.5677581560180023
DLPFC-R,789.1667,a75_a50_an,0.07386799568233972
DLPFC-R,789.1667,a75_an_ba,-0.4938901603356625
DLPFC-R,790,a50_an_ba,-0.5753389181812235
DLPFC-R,790,a75_a50_an,0.0958190414601816
DLPFC-R,790,a75_an_ba,-0.4795198767210419
DLPFC-R,790.8333,a50_an_ba,-0.5825613783786532
DLPFC-R,790.8333,a75_a50_an,0.11558509673231632
DLPFC-R,790.8333,a75_an_ba,-0.46697628164633687
DLPFC-R,791.6667,a50_an_ba,-0.5894499712199334
DLPFC-R,791.6667,a75_a50_an,0.13301069926119743
DLPFC-R,791.6667,a75_an_ba,-0.45643927195873596
DLPFC-R,792.5,a50_an_ba,-0.5960375614694023
DLPFC-R,792.5,a75_a50_an,0.14798237276246137
DLPFC-R,792.5,a75_an_ba,-0.44805518870694094
DLPFC-R,793.3333,a50_an_ba,-0.6023647144599237
DLPFC-R,793.3333,a75_a50_an,0.16043038375878776
DLPFC-R,793.3333,a75_an_ba,-0.4419343307011359
DLPFC-R,794.1667,a50_an_ba,-0.6084787712697329
DLPFC-R,794.1667,a75_a50_an,0.17032965279586976
DLPFC-R,794.1667,a75_an_ba,-0.43814911847386323
DLPFC-R,795,a50_an_ba,-0.6144327445341627
DLPFC-R,795,a75_a50_an,0.17769980001584915
DLPFC-R,795,a75_an_ba,-0.4367329445183136
DLPFC-R,795.8333,a50_an_ba,-0.6202840548952334
DLPFC-R,795.8333,a75_a50_an,0.1826043225207609
DLPFC-R,795.8333,a75_an_ba,-0.4376797323744725
DLPFC-R,796.6667,a50_an_ba,-0.6260931318697309
DLPFC-R,796.6667,a75_a50_an,0.18514891856117477
DLPFC-R,796.6667,a75_an_ba,-0.44094421330855615
DLPFC-R,797.5,a50_an_ba,-0.631921906258907
DLPFC-R,797.5,a75_a50_an,0.18547899098730902
DLPFC-R,797.5,a75_an_ba,-0.44644291527159796
DLPFC-R,798.3333,a50_an_ba,-0.6378322240556843
DLPFC-R,798.3333,a75_a50_an,0.18377637923604928
DLPFC-R,798.3333,a75_an_ba,-0.45405584481963507
DLPFC-R,799.1667,a50_an_ba,-0.6438842140644955
DLPFC-R,799.1667,a75_a50_an,0.18025538504228164
DLPFC-R,799.1667,a75_an_ba,-0.4636288290222138
DLPFC-R,800,a50_an_ba,-0.650134643080572
DLPFC-R,800,a75_a50_an,0.17515817171704787
DLPFC-R,800,a75_an_ba,-0.47497647136352406
DLPFC-R,800.8333,a50_an_ba,-0.6566352934392531
DLPFC-R,800.8333,a75_a50_an,0.1687496299139687
DLPFC-R,800.8333,a75_an_ba,-0.48788566352528445
DLPFC-R,801.6667,a50_an_ba,-0.6634313980128839
DLPFC-R,801.6667,a75_a50_an,0.16131181402485523
DLPFC-R,801.6667,a75_an_ba,-0.5021195839880286
DLPFC-R,802.5,a50_an_ba,-0.6705601672893805
DLPFC-R,802.5,a75_a50_an,0.15313806245944983
DLPFC-R,802.5,a75_an_ba,-0.5174221048299307
DLPFC-R,803.3333,a50_an_ba,-0.6780494420119186
DLPFC-R,803.3333,a75_a50_an,0.14452692186878788
DLPFC-R,803.3333,a75_an_ba,-0.5335225201431307
DLPFC-R,804.1667,a50_an_ba,-0.685916503007511
DLPFC-R,804.1667,a75_a50_an,0.13577599971105103
DLPFC-R,804.1667,a75_an_ba,-0.5501405032964599
DLPFC-R,805,a50_an_ba,-0.6941670673114066
DLPFC-R,805,a75_a50_an,0.12717587132794783
DLPFC-R,805,a75_an_ba,-0.5669911959834588
DLPFC-R,805.8333,a50_an_ba,-0.7027944965458085
DLPFC-R,805.8333,a75_a50_an,0.11900416684754654
DLPFC-R,805.8333,a75_an_ba,-0.583790329698262
DLPFC-R,806.6667,a50_an_ba,-0.711779239789344
DLPFC-R,806.6667,a75_a50_an,0.11151995976015601
DLPFC-R,806.6667,a75_an_ba,-0.600259280029188
DLPFC-R,807.5,a50_an_ba,-0.7210885289445526
DLPFC-R,807.5,a75_a50_an,0.10495857298682035
DLPFC-R,807.5,a75_an_ba,-0.6161299559577322
DLPFC-R,808.3333,a50_an_ba,-0.7306763399506773
DLPFC-R,808.3333,a75_a50_an,0.09952690978940135
DLPFC-R,808.3333,a75_an_ba,-0.6311494301612759
DLPFC-R,809.1667,a50_an_ba,-0.7404836281843418
DLPFC-R,809.1667,a75_a50_an,0.0953994061233715
DLPFC-R,809.1667,a75_an_ba,-0.6450842220609703
DLPFC-R,810,a50_an_ba,-0.750438841134704
DLPFC-R,810,a75_a50_an,0.09271468822511982
DLPFC-R,810,a75_an_ba,-0.6577241529095843
DLPFC-R,810.8333,a50_an_ba,-0.7604587060314909
DLPFC-R,810.8333,a75_a50_an,0.09157300461511966
DLPFC-R,810.8333,a75_an_ba,-0.6688857014163713
DLPFC-R,811.6667,a50_an_ba,-0.7704492846473264
DLPFC-R,811.6667,a75_a50_an,0.0920344855868774
DLPFC-R,811.6667,a75_an_ba,-0.6784147990604491
DLPFC-R,812.5,a50_an_ba,-0.7803072820949868
DLPFC-R,812.5,a75_a50_an,0.0941182659723181
DLPFC-R,812.5,a75_an_ba,-0.6861890161226687
DLPFC-R,813.3333,a50_an_ba,-0.7899215912008005
DLPFC-R,813.3333,a75_a50_an,0.09780248888720221
DLPFC-R,813.3333,a75_an_ba,-0.6921191023135983
DLPFC-R,814.1667,a50_an_ba,-0.7991750490605003
DLPFC-R,814.1667,a75_a50_an,0.10302518964363416
DLPFC-R,814.1667,a75_an_ba,-0.6961498594168661
DLPFC-R,815,a50_an_ba,-0.8079463777724014
DLPFC-R,815,a75_a50_an,0.10968604046056146
DLPFC-R,815,a75_an_ba,-0.6982603373118399
DLPFC-R,815.8333,a50_an_ba,-0.8161122771880881
DLPFC-R,815.8333,a75_a50_an,0.1176489183991998
DLPFC-R,815.8333,a75_an_ba,-0.6984633587888883
DLPFC-R,816.6667,a50_an_ba,-0.8235496339081347
DLPFC-R,816.6667,a75_a50_an,0.12674524148526606
DLPFC-R,816.6667,a75_an_ba,-0.6968043924228686
DLPFC-R,817.5,a50_an_ba,-0.8301378077558034
DLPFC-R,817.5,a75_a50_an,0.13677800162595677
DLPFC-R,817.5,a75_an_ba,-0.6933598061298466
DLPFC-R,818.3333,a50_an_ba,-0.8357609546503251
DLPFC-R,818.3333,a75_a50_an,0.14752640803736036
DLPFC-R,818.3333,a75_an_ba,-0.6882345466129647
DLPFC-R,819.1667,a50_an_ba,-0.840310343226116
DLPFC-R,819.1667,a75_a50_an,0.15875104178818877
DLPFC-R,819.1667,a75_an_ba,-0.6815593014379272
DLPFC-R,820,a50_an_ba,-0.8436866217447117
DLPFC-R,820,a75_a50_an,0.17019941102270458
DLPFC-R,820,a75_an_ba,-0.673487210722007
DLPFC-R,820.8333,a50_an_ba,-0.8458019918480922
DLPFC-R,820.8333,a75_a50_an,0.18161178769104344
DLPFC-R,820.8333,a75_an_ba,-0.6641902041570488
DLPFC-R,821.6667,a50_an_ba,-0.8465822465157886
DLPFC-R,821.6667,a75_a50_an,0.19272720038215096
DLPFC-R,821.6667,a75_an_ba,-0.6538550461336377
DLPFC-R,822.5,a50_an_ba,-0.845968631210119
DLPFC-R,822.5,a75_a50_an,0.2032894542644604
DLPFC-R,822.5,a75_an_ba,-0.6426791769456586
DLPFC-R,823.3333,a50_an_ba,-0.8439194896044033
DLPFC-R,823.3333,a75_a50_an,0.21305304827741833
DLPFC-R,823.3333,a75_an_ba,-0.630866441326985
DLPFC-R,824.1667,a50_an_ba,-0.8404116584543286
DLPFC-R,824.1667,a75_a50_an,0.22178886161093628
DLPFC-R,824.1667,a75_an_ba,-0.6186227968433924
DLPFC-R,825,a50_an_ba,-0.8354415800444531
DLPFC-R,825,a75_a50_an,0.22928948612902333
DLPFC-R,825,a75_an_ba,-0.6061520939154299
DLPFC-R,825.8333,a50_an_ba,-0.8290261051582303
DLPFC-R,825.8333,a75_a50_an,0.23537408864932544
DLPFC-R,825.8333,a75_an_ba,-0.5936520165089049
DLPFC-R,826.6667,a50_an_ba,-0.8212029646067732
DLPFC-R,826.6667,a75_a50_an,0.239892696737297
DLPFC-R,826.6667,a75_an_ba,-0.5813102678694763
DLPFC-R,827.5,a50_an_ba,-0.8120308929232471
DLPFC-R,827.5,a75_a50_an,0.24272981371325003
DLPFC-R,827.5,a75_an_ba,-0.5693010792099972
DLPFC-R,828.3333,a50_an_ba,-0.8015893937909081
DLPFC-R,828.3333,a75_a50_an,0.24380728265497828
DLPFC-R,828.3333,a75_an_ba,-0.5577821111359299
DLPFC-R,829.1667,a50_an_ba,-0.7899781430201629
DLPFC-R,829.1667,a75_a50_an,0.24308633501547294
DLPFC-R,829.1667,a75_an_ba,-0.54689180800469
DLPFC-R,830,a50_an_ba,-0.7773160313136823
DLPFC-R,830,a75_a50_an,0.24056877673424923
DLPFC-R,830,a75_an_ba,-0.5367472545794331
DLPFC-R,830.8333,a50_an_ba,-0.7637398555444844
DLPFC-R,830.8333,a75_a50_an,0.23629728303982434
DLPFC-R,830.8333,a75_an_ba,-0.5274425725046601
DLPFC-R,831.6667,a50_an_ba,-0.7494026737035566
DLPFC-R,831.6667,a75_a50_an,0.2303547921348688
DLPFC-R,831.6667,a75_an_ba,-0.5190478815686879
DLPFC-R,832.5,a50_an_ba,-0.7344718449341124
DLPFC-R,832.5,a75_a50_an,0.22286300722306393
DLPFC-R,832.5,a75_an_ba,-0.5116088377110485
DLPFC-R,833.3333,a50_an_ba,-0.719126782044069
DLPFC-R,833.3333,a75_a50_an,0.21398003546988473
DLPFC-R,833.3333,a75_an_ba,-0.5051467465741842
DLPFC-R,834.1667,a50_an_ba,-0.7035564494655284
DLPFC-R,834.1667,a75_a50_an,0.20389721108165892
DLPFC-R,834.1667,a75_an_ba,-0.4996592383838695
DLPFC-R,835,a50_an_ba,-0.6879566447047943
DLPFC-R,835,a75_a50_an,0.19283516734203085
DLPFC-R,835,a75_an_ba,-0.49512147736276346
DLPFC-R,835.8333,a50_an_ba,-0.6725271058013264
DLPFC-R,835.8333,a75_a50_an,0.18103923878483766
DLPFC-R,835.8333,a75_an_ba,-0.49148786701648867
DLPFC-R,836.6667,a50_an_ba,-0.657468491101119
DLPFC-R,836.6667,a75_a50_an,0.16877428935624014
DLPFC-R,836.6667,a75_an_ba,-0.4886942017448789
DLPFC-R,837.5,a50_an_ba,-0.6429792806729522
DLPFC-R,837.5,a75_a50_an,0.15631907511035867
DLPFC-R,837.5,a75_an_ba,-0.4866602055625935
DLPFC-R,838.3332999999999,a50_an_ba,-0.6292526508908689
DLPFC-R,838.3332999999999,a75_a50_an,0.14396026041596569
DLPFC-R,838.3332999999999,a75_an_ba,-0.48529239047490325
DLPFC-R,839.1667,a50_an_ba,-0.6164733750234399
DLPFC-R,839.1667,a75_a50_an,0.13198621459844118
DLPFC-R,839.1667,a75_an_ba,-0.48448716042499873
DLPFC-R,840,a50_an_ba,-0.6048148030750212
DLPFC-R,840,a75_a50_an,0.12068072122485453
DLPFC-R,840,a75_an_ba,-0.48413408185016665
DLPFC-R,840.8333,a50_an_ba,-0.5944359735975222
DLPFC-R,840.8333,a75_a50_an,0.11031673473990918
DLPFC-R,840.8333,a75_an_ba,-0.484119238857613
DLPFC-R,841.6667,a50_an_ba,-0.5854789087302128
DLPFC-R,841.6667,a75_a50_an,0.10115031881458575
DLPFC-R,841.6667,a75_an_ba,-0.484328589915627
DLPFC-R,842.5,a50_an_ba,-0.5780661413439693
DLPFC-R,842.5,a75_a50_an,0.0934148975756477
DLPFC-R,842.5,a75_an_ba,-0.48465124376832164
DLPFC-R,843.3333,a50_an_ba,-0.5722985198949999
DLPFC-R,843.3333,a75_a50_an,0.08731594490063835
DLPFC-R,843.3333,a75_an_ba,-0.4849825749943616
DLPFC-R,844.1667,a50_an_ba,-0.5682533324780502
DLPFC-R,844.1667,a75_a50_an,0.08302622830717894
DLPFC-R,844.1667,a75_an_ba,-0.4852271041708712
DLPFC-R,845,a50_an_ba,-0.5659827866718786
DLPFC-R,845,a75_a50_an,0.08068171281078473
DLPFC-R,845,a75_an_ba,-0.48530107386109383
DLPFC-R,845.8333,a50_an_ba,-0.5655128761669085
DLPFC-R,845.8333,a75_a50_an,0.08037821669961971
DLPFC-R,845.8333,a75_an_ba,-0.4851346594672888
DLPFC-R,846.6667,a50_an_ba,-0.5668426589456044
DLPFC-R,846.6667,a75_a50_an,0.0821688957527661
DLPFC-R,846.6667,a75_an_ba,-0.4846737631928382
DLPFC-R,847.5,a50_an_ba,-0.5699439650520871
DLPFC-R,847.5,a75_a50_an,0.08606261532943477
DLPFC-R,847.5,a75_an_ba,-0.48388134972265234
DLPFC-R,848.3333,a50_an_ba,-0.5747615448502466
DLPFC-R,848.3333,a75_a50_an,0.09202325133415196
DLPFC-R,848.3333,a75_an_ba,-0.48273829351609454
DLPFC-R,849.1667000000001,a50_an_ba,-0.5812136612494878
DLPFC-R,849.1667000000001,a75_a50_an,0.09996994170085413
DLPFC-R,849.1667000000001,a75_an_ba,-0.4812437195486337
DLPFC-R,850,a50_an_ba,-0.5891931218005046
DLPFC-R,850,a75_a50_an,0.109778290140357
DLPFC-R,850,a75_an_ba,-0.47941483166014764
DLPFC-R,850.8333,a50_an_ba,-0.5985687389612507
DLPFC-R,850.8333,a75_a50_an,0.12128250387730155
DLPFC-R,850.8333,a75_an_ba,-0.4772862350839492
DLPFC-R,851.6667,a50_an_ba,-0.6091871993381471
DLPFC-R,851.6667,a75_a50_an,0.1342784273834597
DLPFC-R,851.6667,a75_an_ba,-0.4749087719546875
DLPFC-R,852.5,a50_an_ba,-0.6208753154521716
DLPFC-R,852.5,a75_a50_an,0.14852741510849626
DLPFC-R,852.5,a75_an_ba,-0.47234790034367535
DLPFC-R,853.3333,a50_an_ba,-0.6334426266937281
DLPFC-R,853.3333,a75_a50_an,0.16376096831686154
DLPFC-R,853.3333,a75_an_ba,-0.4696816583768666
DLPFC-R,854.1667,a50_an_ba,-0.646684309739295
DLPFC-R,854.1667,a75_a50_an,0.17968604473791164
DLPFC-R,854.1667,a75_an_ba,-0.4669982650013833
DLPFC-R,855,a50_an_ba,-0.6603843529242452
DLPFC-R,855,a75_a50_an,0.19599093517251565
DLPFC-R,855,a75_an_ba,-0.46439341775172965
DLPFC-R,855.8333,a50_an_ba,-0.674318944009115
DLPFC-R,855.8333,a75_a50_an,0.21235158878284371
DLPFC-R,855.8333,a75_an_ba,-0.4619673552262713
DLPFC-R,856.6667,a50_an_ba,-0.688260016537488
DLPFC-R,856.6667,a75_a50_an,0.22843825878722268
DLPFC-R,856.6667,a75_an_ba,-0.4598217577502653
DLPFC-R,857.5,a50_an_ba,-0.7019788966471514
DLPFC-R,857.5,a75_a50_an,0.24392233290434084
DLPFC-R,857.5,a75_an_ba,-0.45805656374281056
DLPFC-R,858.3333,a50_an_ba,-0.7152499898311715
DLPFC-R,858.3333,a75_a50_an,0.2584832083009821
DLPFC-R,858.3333,a75_an_ba,-0.45676678153018935
DLPFC-R,859.1667,a50_an_ba,-0.72785444580506
DLPFC-R,859.1667,a75_a50_an,0.27181506909763997
DLPFC-R,859.1667,a75_an_ba,-0.45603937670742006
DLPFC-R,860,a50_an_ba,-0.7395837393559053
DLPFC-R,860,a75_a50_an,0.2836334257195697
DLPFC-R,860,a75_an_ba,-0.4559503136363356
DLPFC-R,860.8333,a50_an_ba,-0.7502431058466326
DLPFC-R,860.8333,a75_a50_an,0.29368127952863193
DLPFC-R,860.8333,a75_an_ba,-0.4565618263180007
DLPFC-R,861.6667,a50_an_ba,-0.7596547719219441
DLPFC-R,861.6667,a75_a50_an,0.3017347831547474
DLPFC-R,861.6667,a75_an_ba,-0.45791998876719664
DLPFC-R,862.5,a50_an_ba,-0.7676609248917853
DLPFC-R,862.5,a75_a50_an,0.3076082766271573
DLPFC-R,862.5,a75_an_ba,-0.460052648264628
DLPFC-R,863.3333,a50_an_ba,-0.7741263682139714
DLPFC-R,863.3333,a75_a50_an,0.31115859159040227
DLPFC-R,863.3333,a75_an_ba,-0.4629677766235692
DLPFC-R,864.1667,a50_an_ba,-0.7789408154025261
DLPFC-R,864.1667,a75_a50_an,0.3122885303323679
DLPFC-R,864.1667,a75_an_ba,-0.4666522850701582
DLPFC-R,865,a50_an_ba,-0.7820207804766853
DLPFC-R,865,a75_a50_an,0.3109494427579993
DLPFC-R,865,a75_an_ba,-0.471071337718686
DLPFC-R,865.8333,a50_an_ba,-0.7833110296459241
DLPFC-R,865.8333,a75_a50_an,0.3071428424786713
DLPFC-R,865.8333,a75_an_ba,-0.4761681871672528
DLPFC-R,866.6667,a50_an_ba,-0.7827855661915603
DLPFC-R,866.6667,a75_a50_an,0.3009210224852838
DLPFC-R,866.6667,a75_an_ba,-0.48186454370627646
DLPFC-R,867.5,a50_an_ba,-0.7804481283352213
DLPFC-R,867.5,a75_a50_an,0.2923866510385408
DLPFC-R,867.5,a75_an_ba,-0.48806147729668053
DLPFC-R,868.3333,a50_an_ba,-0.7763321881466554
DLPFC-R,868.3333,a75_a50_an,0.2816913490299293
DLPFC-R,868.3333,a75_an_ba,-0.49464083911672607
DLPFC-R,869.1667,a50_an_ba,-0.7705004480972099
DLPFC-R,869.1667,a75_a50_an,0.26903327071949634
DLPFC-R,869.1667,a75_an_ba,-0.5014671773777135
DLPFC-R,870,a50_an_ba,-0.7630438405622385
DLPFC-R,870,a75_a50_an,0.2546537300185311
DLPFC-R,870,a75_an_ba,-0.5083901105437074
DLPFC-R,870.8333,a50_an_ba,-0.7540800442638126
DLPFC-R,870.8333,a75_a50_an,0.23883293394167807
DLPFC-R,870.8333,a75_an_ba,-0.5152471103221345
DLPFC-R,871.6667,a50_an_ba,-0.743751540169997
DLPFC-R,871.6667,a75_a50_an,0.22188490310532133
DLPFC-R,871.6667,a75_an_ba,-0.5218666370646757
DLPFC-R,872.5,a50_an_ba,-0.7322232375757312
DLPFC-R,872.5,a75_a50_an,0.20415167582324334
DLPFC-R,872.5,a75_an_ba,-0.5280715617524877
DLPFC-R,873.3333,a50_an_ba,-0.7196797088338484
DLPFC-R,873.3333,a75_a50_an,0.18599690710553232
DLPFC-R,873.3333,a75_an_ba,-0.5336828017283161
DLPFC-R,874.1667,a50_an_ba,-0.7063220783401665
DLPFC-R,874.1667,a75_a50_an,0.16779898640016233
DLPFC-R,874.1667,a75_an_ba,-0.5385230919400041
DLPFC-R,875,a50_an_ba,-0.6923646177707263
DLPFC-R,875,a75_a50_an,0.1499438079726052
DLPFC-R,875,a75_an_ba,-0.5424208097981211
DLPFC-R,875.8333,a50_an_ba,-0.6780311050999966
DLPFC-R,875.8333,a75_a50_an,0.13281733519151878
DLPFC-R,875.8333,a75_an_ba,-0.5452137699084778
DLPFC-R,876.6667,a50_an_ba,-0.6635510094890773
DLPFC-R,876.6667,a75_a50_an,0.11679810452776913
DLPFC-R,876.6667,a75_an_ba,-0.5467529049613082
DLPFC-R,877.5,a50_an_ba,-0.6491555676305732
DLPFC-R,877.5,a75_a50_an,0.10224981668704715
DLPFC-R,877.5,a75_an_ba,-0.5469057509435261
DLPFC-R,878.3333,a50_an_ba,-0.6350738194991488
DLPFC-R,878.3333,a75_a50_an,0.08951416095085467
DLPFC-R,878.3333,a75_an_ba,-0.545559658548294
DLPFC-R,879.1667,a50_an_ba,-0.621528672629524
DLPFC-R,879.1667,a75_a50_an,0.0789040145240476
DLPFC-R,879.1667,a75_an_ba,-0.5426246581054766
DLPFC-R,880,a50_an_ba,-0.6087330639944156
DLPFC-R,880,a75_a50_an,0.07069715156715183
DLPFC-R,880,a75_an_ba,-0.5380359124272638
DLPFC-R,880.8333,a50_an_ba,-0.5968862872722841
DLPFC-R,880.8333,a75_a50_an,0.06513058677341682
DLPFC-R,880.8333,a75_an_ba,-0.5317557004988672
DLPFC-R,881.6667,a50_an_ba,-0.586170550790114
DLPFC-R,881.6667,a75_a50_an,0.062395666033959796
DLPFC-R,881.6667,a75_an_ba,-0.5237748847561542
DLPFC-R,882.5,a50_an_ba,-0.5767478277330543
DLPFC-R,882.5,a75_a50_an,0.06263400216971995
DLPFC-R,882.5,a75_an_ba,-0.5141138255633344
DLPFC-R,883.3333,a50_an_ba,-0.568757055386138
DLPFC-R,883.3333,a75_a50_an,0.06593433719185703
DLPFC-R,883.3333,a75_an_ba,-0.5028227181942809
DLPFC-R,884.1667,a50_an_ba,-0.5623117342903057
DLPFC-R,884.1667,a75_a50_an,0.07233039441728004
DLPFC-R,884.1667,a75_an_ba,-0.4899813398730256
DLPFC-R,885,a50_an_ba,-0.55749797135211
DLPFC-R,885,a75_a50_an,0.08179976437986476
DLPFC-R,885,a75_an_ba,-0.4756982069722453
DLPFC-R,885.8333,a50_an_ba,-0.5543730032594689
DLPFC-R,885.8333,a75_a50_an,0.09426384823170568
DLPFC-R,885.8333,a75_an_ba,-0.46010915502776323
DLPFC-R,886.6667,a50_an_ba,-0.5529642281566602
DLPFC-R,886.6667,a75_a50_an,0.10958886163034556
DLPFC-R,886.6667,a75_an_ba,-0.4433753665263147
DLPFC-R,887.5,a50_an_ba,-0.5532687645668867
DLPFC-R,887.5,a75_a50_an,0.12758788137267624
DLPFC-R,887.5,a75_an_ba,-0.42568088319421044
DLPFC-R,888.3333,a50_an_ba,-0.555253547178888
DLPFC-R,888.3333,a75_a50_an,0.14802389667977003
DLPFC-R,888.3333,a75_an_ba,-0.4072296504991179
DLPFC-R,889.1667,a50_an_ba,-0.5588559595027425
DLPFC-R,889.1667,a75_a50_an,0.17061380746550092
DLPFC-R,889.1667,a75_an_ba,-0.3882421520372415
DLPFC-R,890,a50_an_ba,-0.5639849937229942
DLPFC-R,890,a75_a50_an,0.19503329352477045
DLPFC-R,890,a75_an_ba,-0.3689517001982237
DLPFC-R,890.8333,a50_an_ba,-0.5705229185113956
DLPFC-R,890.8333,a75_a50_an,0.22092246171887112
DLPFC-R,890.8333,a75_an_ba,-0.34960045679252444
DLPFC-R,891.6667,a50_an_ba,-0.5783274262833503
DLPFC-R,891.6667,a75_a50_an,0.24789216324799368
DLPFC-R,891.6667,a75_an_ba,-0.3304352630353567
DLPFC-R,892.5,a50_an_ba,-0.5872342225644891
DLPFC-R,892.5,a75_a50_an,0.27553086027723667
DLPFC-R,892.5,a75_an_ba,-0.3117033622872525
DLPFC-R,893.3333,a50_an_ba,-0.5970600119428348
DLPFC-R,893.3333,a75_a50_an,0.3034119107711754
DLPFC-R,893.3333,a75_an_ba,-0.29364810117165935
DLPFC-R,894.1667,a50_an_ba,-0.6076058276739115
DLPFC-R,894.1667,a75_a50_an,0.3311011325920978
DLPFC-R,894.1667,a75_an_ba,-0.2765046950818137
DLPFC-R,895,a50_an_ba,-0.6186606455236265
DLPFC-R,895,a75_a50_an,0.35816450287380514
DLPFC-R,895,a75_an_ba,-0.2604961426498214
DLPFC-R,895.8333,a50_an_ba,-0.6300052170042563
DLPFC-R,895.8333,a75_a50_an,0.3841758464860811
DLPFC-R,895.8333,a75_an_ba,-0.24582937051817516
DLPFC-R,896.6667,a50_an_ba,-0.6414160528908572
DLPFC-R,896.6667,a75_a50_an,0.4087243680865057
DLPFC-R,896.6667,a75_an_ba,-0.23269168480435154
DLPFC-R,897.5,a50_an_ba,-0.6526694848866833
DLPFC-R,897.5,a75_a50_an,0.4314218857900581
DLPFC-R,897.5,a75_an_ba,-0.22124759909662522
DLPFC-R,898.3333,a50_an_ba,-0.6635457316022673
DLPFC-R,898.3333,a75_a50_an,0.45190963078996216
DLPFC-R,898.3333,a75_an_ba,-0.2116361008123051
DLPFC-R,899.1667,a50_an_ba,-0.6738328946647708
DLPFC-R,899.1667,a75_a50_an,0.4698644861971953
DLPFC-R,899.1667,a75_an_ba,-0.2039684084675755
DLPFC-R,900,a50_an_ba,-0.6833308117979537
DLPFC-R,900,a75_a50_an,0.4850045497405556
DLPFC-R,900,a75_an_ba,-0.1983262620573981
DLPFC-R,900.8332999999999,a50_an_ba,-0.6918546960993134
DLPFC-R,900.8332999999999,a75_a50_an,0.4970939185462667
DLPFC-R,900.8332999999999,a75_an_ba,-0.1947607775530466
DLPFC-R,901.6667,a50_an_ba,-0.6992384944539255
DLPFC-R,901.6667,a75_a50_an,0.5059466097145179
DLPFC-R,901.6667,a75_an_ba,-0.19329188473940762
DLPFC-R,902.5,a50_an_ba,-0.7053379030035744
DLPFC-R,902.5,a75_a50_an,0.5114295475124883
DLPFC-R,902.5,a75_an_ba,-0.19390835549108612
DLPFC-R,903.3333,a50_an_ba,-0.7100329837496203
DLPFC-R,903.3333,a75_a50_an,0.5134645663610737
DLPFC-R,903.3333,a75_an_ba,-0.19656841738854655
DLPFC-R,904.1667,a50_an_ba,-0.7132303336003266
DLPFC-R,904.1667,a75_a50_an,0.5120293980347074
DLPFC-R,904.1667,a75_an_ba,-0.20120093556561924
DLPFC-R,905,a50_an_ba,-0.7148647653484931
DLPFC-R,905,a75_a50_an,0.5071576312338921
DLPFC-R,905,a75_an_ba,-0.20770713411460087
DLPFC-R,905.8333,a50_an_ba,-0.7149004690346448
DLPFC-R,905.8333,a75_a50_an,0.4989376515345009
DLPFC-R,905.8333,a75_an_ba,-0.21596281750014382
DLPFC-R,906.6667,a50_an_ba,-0.7133316317497936
DLPFC-R,906.6667,a75_a50_an,0.48751058927296337
DLPFC-R,906.6667,a75_an_ba,-0.22582104247683032
DLPFC-R,907.5,a50_an_ba,-0.7101825039820246
DLPFC-R,907.5,a75_a50_an,0.473067321807577
DLPFC-R,907.5,a75_an_ba,-0.2371151821744477
DLPFC-R,908.3333,a50_an_ba,-0.7055069109244427
DLPFC-R,908.3333,a75_a50_an,0.4558445944341251
DLPFC-R,908.3333,a75_an_ba,-0.24966231649031756
DLPFC-R,909.1667,a50_an_ba,-0.6993872175442384
DLPFC-R,909.1667,a75_a50_an,0.43612034068390787
DLPFC-R,909.1667,a75_an_ba,-0.26326687686033057
DLPFC-R,910,a50_an_ba,-0.6919327664663119
DLPFC-R,910,a75_a50_an,0.4142082974787575
DLPFC-R,910,a75_an_ba,-0.2777244689875543
DLPFC-R,910.8333,a50_an_ba,-0.6832778176540355
DLPFC-R,910.8333,a75_a50_an,0.3904520233822151
DLPFC-R,910.8333,a75_an_ba,-0.29282579427182037
DLPFC-R,911.6667000000001,a50_an_ba,-0.6735790282830576
DLPFC-R,911.6667000000001,a75_a50_an,0.3652184387316841
DLPFC-R,911.6667000000001,a75_an_ba,-0.30836058955137347
DLPFC-R,912.5,a50_an_ba,-0.6630125199190521
DLPFC-R,912.5,a75_a50_an,0.3388910145722419
DLPFC-R,912.5,a75_an_ba,-0.3241215053468101
DLPFC-R,913.3333,a50_an_ba,-0.6517705879565394
DLPFC-R,913.3333,a75_a50_an,0.3118627428978239
DLPFC-R,913.3333,a75_an_ba,-0.33990784505871546
DLPFC-R,914.1667,a50_an_ba,-0.6400581150989103
DLPFC-R,914.1667,a75_a50_an,0.284529023650356
DLPFC-R,914.1667,a75_an_ba,-0.3555290914485543
DLPFC-R,915,a50_an_ba,-0.628088756323705
DLPFC-R,915,a75_a50_an,0.25728060419678234
DLPFC-R,915,a75_an_ba,-0.3708081521269227
DLPFC-R,915.8333,a50_an_ba,-0.6160809671678299
DLPFC-R,915.8333,a75_a50_an,0.23049670461544366
DLPFC-R,915.8333,a75_an_ba,-0.3855842625523862
DLPFC-R,916.6667,a50_an_ba,-0.6042539501949206
DLPFC-R,916.6667,a75_a50_an,0.20453845714822855
DLPFC-R,916.6667,a75_an_ba,-0.39971549304669207
DLPFC-R,917.5,a50_an_ba,-0.5928235961070003
DLPFC-R,917.5,a75_a50_an,0.17974278073501354
DLPFC-R,917.5,a75_an_ba,-0.41308081537198676
DLPFC-R,918.3333,a50_an_ba,-0.5819984960986792
DLPFC-R,918.3333,a75_a50_an,0.15641680181233944
DLPFC-R,918.3333,a75_an_ba,-0.42558169428633974
DLPFC-R,919.1667,a50_an_ba,-0.5719761007158445
DLPFC-R,919.1667,a75_a50_an,0.1348329207432537
DLPFC-R,919.1667,a75_an_ba,-0.43714317997259083
DLPFC-R,920,a50_an_ba,-0.5629390976927245
DLPFC-R,920,a75_a50_an,0.11522460960370412
DLPFC-R,920,a75_an_ba,-0.4477144880890204
DLPFC-R,920.8333,a50_an_ba,-0.555052077050287
DLPFC-R,920.8333,a75_a50_an,0.09778301187072662
DLPFC-R,920.8333,a75_an_ba,-0.4572690651795605
DLPFC-R,921.6667,a50_an_ba,-0.5484585462219304
DLPFC-R,921.6667,a75_a50_an,0.08265439815474956
DLPFC-R,921.6667,a75_an_ba,-0.46580414806718073
DLPFC-R,922.5,a50_an_ba,-0.5432783512326275
DLPFC-R,922.5,a75_a50_an,0.06993851483013368
DLPFC-R,922.5,a75_an_ba,-0.4733398364024938
DLPFC-R,923.3333,a50_an_ba,-0.5396055521226317
DLPFC-R,923.3333,a75_a50_an,0.05968784459588598
DLPFC-R,923.3333,a75_an_ba,-0.4799177075267457
DLPFC-R,924.1667,a50_an_ba,-0.5375067920267461
DLPFC-R,924.1667,a75_a50_an,0.0519077800015236
DLPFC-R,924.1667,a75_an_ba,-0.4855990120252225
DLPFC-R,925,a50_an_ba,-0.5370201897640221
DLPFC-R,925,a75_a50_an,0.04655769315960088
DLPFC-R,925,a75_an_ba,-0.49046249660442115
DLPFC-R,925.8333,a50_an_ba,-0.5381547756462135
DLPFC-R,925.8333,a75_a50_an,0.04355286758817803
DLPFC-R,925.8333,a75_an_ba,-0.4946019080580355
DLPFC-R,926.6667,a50_an_ba,-0.5408904796739403
DLPFC-R,926.6667,a75_a50_an,0.04276724172015896
DLPFC-R,926.6667,a75_an_ba,-0.4981232379537814
DLPFC-R,927.5,a50_an_ba,-0.5451786705641448
DLPFC-R,927.5,a75_a50_an,0.044036898398317044
DLPFC-R,927.5,a75_an_ba,-0.5011417721658278
DLPFC-R,928.3333,a50_an_ba,-0.550943233351819
DLPFC-R,928.3333,a75_a50_an,0.04716422093379709
DLPFC-R,928.3333,a75_an_ba,-0.503779012418022
DLPFC-R,929.1667,a50_an_ba,-0.5580821628445926
DLPFC-R,929.1667,a75_a50_an,0.05192262429817266
DLPFC-R,929.1667,a75_an_ba,-0.5061595385464199
DLPFC-R,930,a50_an_ba,-0.5664696401882497
DLPFC-R,930,a75_a50_an,0.058061759963921704
DLPFC-R,930,a75_an_ba,-0.508407880224328
DLPFC-R,930.8333,a50_an_ba,-0.575958550423747
DLPFC-R,930.8333,a75_a50_an,0.06531308498258553
DLPFC-R,930.8333,a75_an_ba,-0.5106454654411615
DLPFC-R,931.6667,a50_an_ba,-0.5863833903693629
DLPFC-R,931.6667,a75_a50_an,0.07339568022708505
DLPFC-R,931.6667,a75_an_ba,-0.512987710142278
DLPFC-R,932.5,a50_an_ba,-0.5975635086164254
DLPFC-R,932.5,a75_a50_an,0.08202219941064197
DLPFC-R,932.5,a75_an_ba,-0.5155413092057833
DLPFC-R,933.3333,a50_an_ba,-0.6093066130355445
DLPFC-R,933.3333,a75_a50_an,0.09090482956767378
DLPFC-R,933.3333,a75_an_ba,-0.5184017834678707
DLPFC-R,934.1667,a50_an_ba,-0.6214124760816478
DLPFC-R,934.1667,a75_a50_an,0.09976114513189145
DLPFC-R,934.1667,a75_an_ba,-0.5216513309497564
DLPFC-R,935,a50_an_ba,-0.6336767644641909
DLPFC-R,935,a75_a50_an,0.10831974151613573
DLPFC-R,935,a75_an_ba,-0.5253570229480552
DLPFC-R,935.8333,a50_an_ba,-0.6458949174900084
DLPFC-R,935.8333,a75_a50_an,0.11632554008374804
DLPFC-R,935.8333,a75_an_ba,-0.5295693774062604
DLPFC-R,936.6667,a50_an_ba,-0.6578659976373417
DLPFC-R,936.6667,a75_a50_an,0.12354466445623889
DLPFC-R,936.6667,a75_an_ba,-0.5343213331811028
DLPFC-R,937.5,a50_an_ba,-0.6693964376974416
DLPFC-R,937.5,a75_a50_an,0.1297687980403156
DLPFC-R,937.5,a75_an_ba,-0.5396276396571259
DLPFC-R,938.3333,a50_an_ba,-0.6803036111105456
DLPFC-R,938.3333,a75_a50_an,0.134818944257206
DLPFC-R,938.3333,a75_an_ba,-0.5454846668533395
DLPFC-R,939.1667,a50_an_ba,-0.6904191558813968
DLPFC-R,939.1667,a75_a50_an,0.13854852396632583
DLPFC-R,939.1667,a75_an_ba,-0.5518706319150709
DLPFC-R,940,a50_an_ba,-0.6995919876110648
DLPFC-R,940,a75_a50_an,0.14084575871607843
DLPFC-R,940,a75_an_ba,-0.5587462288949864
DLPFC-R,940.8333,a50_an_ba,-0.7076909436238331
DLPFC-R,940.8333,a75_a50_an,0.14163530342989483
DLPFC-R,940.8333,a75_an_ba,-0.5660556401939383
DLPFC-R,941.6667,a50_an_ba,-0.7146070077706191
DLPFC-R,941.6667,a75_a50_an,0.14087910763568198
DLPFC-R,941.6667,a75_an_ba,-0.5737279001349372
DLPFC-R,942.5,a50_an_ba,-0.7202550741006806
DLPFC-R,942.5,a75_a50_an,0.13857650005471994
DLPFC-R,942.5,a75_an_ba,-0.5816785740459606
DLPFC-R,943.3333,a50_an_ba,-0.7245752170368144
DLPFC-R,943.3333,a75_a50_an,0.1347635069649051
DLPFC-R,943.3333,a75_an_ba,-0.5898117100719092
DLPFC-R,944.1667,a50_an_ba,-0.7275334457745243
DLPFC-R,944.1667,a75_a50_an,0.1295114299321502
DLPFC-R,944.1667,a75_an_ba,-0.5980220158423741
DLPFC-R,945,a50_an_ba,-0.7291219311475599
DLPFC-R,945,a75_a50_an,0.12292472296434882
DLPFC-R,945,a75_an_ba,-0.606197208183211
DLPFC-R,945.8333,a50_an_ba,-0.7293587039464695
DLPFC-R,945.8333,a75_a50_an,0.115138222604242
DLPFC-R,945.8333,a75_an_ba,-0.6142204813422275
DLPFC-R,946.6667,a50_an_ba,-0.7282868344243302
DLPFC-R,946.6667,a75_a50_an,0.10631379668410401
DLPFC-R,946.6667,a75_an_ba,-0.6219730377402262
DLPFC-R,947.5,a50_an_ba,-0.7259731132545711
DLPFC-R,947.5,a75_a50_an,0.09663648818854237
DLPFC-R,947.5,a75_an_ba,-0.6293366250660287
DLPFC-R,948.3333,a50_an_ba,-0.7225062643045728
DLPFC-R,948.3333,a75_a50_an,0.08631023971606468
DLPFC-R,948.3333,a75_an_ba,-0.6361960245885081
DLPFC-R,949.1667,a50_an_ba,-0.7179947290482095
DLPFC-R,949.1667,a75_a50_an,0.07555329123685542
DLPFC-R,949.1667,a75_an_ba,-0.6424414378113541
DLPFC-R,950,a50_an_ba,-0.7125640710666495
DLPFC-R,950,a75_a50_an,0.06459334909292395
DLPFC-R,950,a75_an_ba,-0.6479707219737256
DLPFC-R,950.8333,a50_an_ba,-0.7063540567022173
DLPFC-R,950.8333,a75_a50_an,0.05366262739867274
DLPFC-R,950.8333,a75_an_ba,-0.6526914293035445
DLPFC-R,951.6667,a50_an_ba,-0.6995154743784024
DLPFC-R,951.6667,a75_a50_an,0.04299286413780981
DLPFC-R,951.6667,a75_an_ba,-0.6565226102405927
DLPFC-R,952.5,a50_an_ba,-0.6922067602472398
DLPFC-R,952.5,a75_a50_an,0.032810413321579295
DLPFC-R,952.5,a75_an_ba,-0.6593963469256605
DLPFC-R,953.3333,a50_an_ba,-0.6845905015675408
DLPFC-R,953.3333,a75_a50_an,0.023331511620346156
DLPFC-R,953.3333,a75_an_ba,-0.6612589899471946
DLPFC-R,954.1667,a50_an_ba,-0.6768298914766466
DLPFC-R,954.1667,a75_a50_an,0.014757812992472984
DLPFC-R,954.1667,a75_an_ba,-0.6620720784841737
DLPFC-R,955,a50_an_ba,-0.669085209548147
DLPFC-R,955,a75_a50_an,0.007272278135890877
DLPFC-R,955,a75_an_ba,-0.6618129314122562
DLPFC-R,955.8333,a50_an_ba,-0.6615104017139366
DLPFC-R,955.8333,a75_a50_an,0.0010354972382238552
DLPFC-R,955.8333,a75_an_ba,-0.6604749044757128
DLPFC-R,956.6667,a50_an_ba,-0.654249830788141
DLPFC-R,956.6667,a75_a50_an,-0.0038174853085113517
DLPFC-R,956.6667,a75_an_ba,-0.6580673160966525
DLPFC-R,957.5,a50_an_ba,-0.6474352650124023
DLPFC-R,957.5,a75_a50_an,-0.007179786615374593
DLPFC-R,957.5,a75_an_ba,-0.6546150516277769
DLPFC-R,958.3333,a50_an_ba,-0.6411831668264701
DLPFC-R,958.3333,a75_a50_an,-0.008974695869006887
DLPFC-R,958.3333,a75_an_ba,-0.650157862695477
DLPFC-R,959.1667,a50_an_ba,-0.6355923375643128
DLPFC-R,959.1667,a75_a50_an,-0.009157047014980208
DLPFC-R,959.1667,a75_an_ba,-0.644749384579293
DLPFC-R,960,a50_an_ba,-0.6307419661202953
DLPFC-R,960,a75_a50_an,-0.007713934079534269
DLPFC-R,960,a75_an_ba,-0.6384559001998297
DLPFC-R,960.8333,a50_an_ba,-0.6266901209824973
DLPFC-R,960.8333,a75_a50_an,-0.004664763143808062
DLPFC-R,960.8333,a75_an_ba,-0.6313548841263054
DLPFC-R,961.6667,a50_an_ba,-0.6234727155722347
DLPFC-R,961.6667,a75_a50_an,-6.064840171853357e-5
DLPFC-R,961.6667,a75_an_ba,-0.6235333639739532
DLPFC-R,962.5,a50_an_ba,-0.6211029667586356
DLPFC-R,962.5,a75_a50_an,0.006016827189022119
DLPFC-R,962.5,a75_an_ba,-0.6150861395696136
DLPFC-R,963.3332999999999,a50_an_ba,-0.6195713559456882
DLPFC-R,963.3332999999999,a75_a50_an,0.013457453671883281
DLPFC-R,963.3332999999999,a75_an_ba,-0.606113902273805
DLPFC-R,964.1667,a50_an_ba,-0.6188460914764846
DLPFC-R,964.1667,a75_a50_an,0.02212479364038716
DLPFC-R,964.1667,a75_an_ba,-0.5967212978360974
DLPFC-R,965,a50_an_ba,-0.618874060488928
DLPFC-R,965,a75_a50_an,0.031859084359645115
DLPFC-R,965,a75_an_ba,-0.5870149761292829
DLPFC-R,965.8333,a50_an_ba,-0.6195822480118333
DLPFC-R,965.8333,a75_a50_an,0.042480577930501646
DLPFC-R,965.8333,a75_an_ba,-0.5771016700813316
DLPFC-R,966.6667,a50_an_ba,-0.6208795912277403
DLPFC-R,966.6667,a75_a50_an,0.05379324707698097
DLPFC-R,966.6667,a75_an_ba,-0.5670863441507593
DLPFC-R,967.5,a50_an_ba,-0.6226592276558318
DLPFC-R,967.5,a75_a50_an,0.06558877781625183
DLPFC-R,967.5,a75_an_ba,-0.55707044983958
DLPFC-R,968.3333,a50_an_ba,-0.6248010877184772
DLPFC-R,968.3333,a75_a50_an,0.07765076562128495
DLPFC-R,968.3333,a75_an_ba,-0.5471503220971923
DLPFC-R,969.1667,a50_an_ba,-0.6271747749220263
DLPFC-R,969.1667,a75_a50_an,0.089759028778726
DLPFC-R,969.1667,a75_an_ba,-0.5374157461433003
DLPFC-R,970,a50_an_ba,-0.6296426708590803
DLPFC-R,970,a75_a50_an,0.10169395151138283
DLPFC-R,970,a75_an_ba,-0.5279487193476974
DLPFC-R,970.8333,a50_an_ba,-0.6320631975518577
DLPFC-R,970.8333,a75_a50_an,0.11324077007258741
DLPFC-R,970.8333,a75_an_ba,-0.5188224274792703
DLPFC-R,971.6667,a50_an_ba,-0.634294166403188
DLPFC-R,971.6667,a75_a50_an,0.12419371738937562
DLPFC-R,971.6667,a75_an_ba,-0.5101004490138125
DLPFC-R,972.5,a50_an_ba,-0.6361961412711035
DLPFC-R,972.5,a75_a50_an,0.13435994585912808
DLPFC-R,972.5,a75_an_ba,-0.5018361954119753
DLPFC-R,973.3333,a50_an_ba,-0.6376357429714596
DLPFC-R,973.3333,a75_a50_an,0.14356315348409607
DLPFC-R,973.3333,a75_an_ba,-0.49407258948736354
DLPFC-R,974.1667000000001,a50_an_ba,-0.6384888238441194
DLPFC-R,974.1667000000001,a75_a50_an,0.15164684552372465
DLPFC-R,974.1667000000001,a75_an_ba,-0.4868419783203947
DLPFC-R,975,a50_an_ba,-0.6386434438634624
DLPFC-R,975,a75_a50_an,0.15847717209355422
DLPFC-R,975,a75_an_ba,-0.4801662717699082
DLPFC-R,975.8333,a50_an_ba,-0.6380025840719148
DLPFC-R,975.8333,a75_a50_an,0.1639452914558654
DLPFC-R,975.8333,a75_an_ba,-0.47405729261604945
DLPFC-R,976.6667,a50_an_ba,-0.6364865387744765
DLPFC-R,976.6667,a75_a50_an,0.16796921892683755
DLPFC-R,976.6667,a75_an_ba,-0.468517319847639
DLPFC-R,977.5,a50_an_ba,-0.634034934831897
DLPFC-R,977.5,a75_a50_an,0.17049513214887727
DLPFC-R,977.5,a75_an_ba,-0.4635398026830197
DLPFC-R,978.3333,a50_an_ba,-0.6306083343832115
DLPFC-R,978.3333,a75_a50_an,0.17149811471653717
DLPFC-R,978.3333,a75_an_ba,-0.45911021966667437
DLPFC-R,979.1667,a50_an_ba,-0.6261893862446255
DLPFC-R,979.1667,a75_a50_an,0.17098233156645126
DLPFC-R,979.1667,a75_an_ba,-0.45520705467817424
DLPFC-R,980,a50_an_ba,-0.6207835008812265
DLPFC-R,980,a75_a50_an,0.16898064091265835
DLPFC-R,980,a75_an_ba,-0.4518028599685681
DLPFC-R,980.8333,a50_an_ba,-0.6144190340251628
DLPFC-R,980.8333,a75_a50_an,0.1655536585995649
DLPFC-R,980.8333,a75_an_ba,-0.44886537542559796
DLPFC-R,981.6667,a50_an_ba,-0.6071469745021787
DLPFC-R,981.6667,a75_a50_an,0.16078830133620303
DLPFC-R,981.6667,a75_an_ba,-0.44635867316597566
DLPFC-R,982.5,a50_an_ba,-0.5990401424041588
DLPFC-R,982.5,a75_a50_an,0.15479584516143374
DLPFC-R,982.5,a75_an_ba,-0.44424429724272513
DLPFC-R,983.3333,a50_an_ba,-0.5901919141837401
DLPFC-R,983.3333,a75_a50_an,0.1477095444821685
DLPFC-R,983.3333,a75_an_ba,-0.44248236970157157
DLPFC-R,984.1667,a50_an_ba,-0.5807145013254662
DLPFC-R,984.1667,a75_a50_an,0.13968186495840879
DLPFC-R,984.1667,a75_an_ba,-0.4410326363670574
DLPFC-R,985,a50_an_ba,-0.5707368187523421
DLPFC-R,985,a75_a50_an,0.13088139023744427
DLPFC-R,985,a75_an_ba,-0.4398554285148978
DLPFC-R,985.8333,a50_an_ba,-0.5604019878542639
DLPFC-R,985.8333,a75_a50_an,0.1214894679488488
DLPFC-R,985.8333,a75_an_ba,-0.438912519905415
DLPFC-R,986.6667,a50_an_ba,-0.549864526790435
DLPFC-R,986.6667,a75_a50_an,0.1116966643752425
DLPFC-R,986.6667,a75_an_ba,-0.4381678624151924
DLPFC-R,987.5,a50_an_ba,-0.5392872873563844
DLPFC-R,987.5,a75_a50_an,0.10169909975410933
DLPFC-R,987.5,a75_an_ba,-0.43758818760227514
DLPFC-R,988.3333,a50_an_ba,-0.5288382030764931
DLPFC-R,988.3333,a75_a50_an,0.09169473721745643
DLPFC-R,988.3333,a75_an_ba,-0.4371434658590367
DLPFC-R,989.1667,a50_an_ba,-0.5186869171715952
DLPFC-R,989.1667,a75_a50_an,0.08187969794358263
DLPFC-R,989.1667,a75_an_ba,-0.4368072192280126
DLPFC-R,990,a50_an_ba,-0.5090013615738409
DLPFC-R,990,a75_a50_an,0.07244467321407316
DLPFC-R,990,a75_an_ba,-0.4365566883597677
DLPFC-R,990.8333,a50_an_ba,-0.49994435916481467
DLPFC-R,990.8333,a75_a50_an,0.06357150080356404
DLPFC-R,990.8333,a75_an_ba,-0.4363728583612506
DLPFC-R,991.6667,a50_an_ba,-0.4916703208778293
DLPFC-R,991.6667,a75_a50_an,0.0554299685715792
DLPFC-R,991.6667,a75_an_ba,-0.43624035230625013
DLPFC-R,992.5,a50_an_ba,-0.48432210724372843
DLPFC-R,992.5,a75_a50_an,0.04817490239143583
DLPFC-R,992.5,a75_an_ba,-0.43614720485229264
DLPFC-R,993.3333,a50_an_ba,-0.4780281204171946
DLPFC-R,993.3333,a75_a50_an,0.04194358877966363
DLPFC-R,993.3333,a75_an_ba,-0.43608453163753097
DLPFC-R,994.1667,a50_an_ba,-0.47289968777410124
DLPFC-R,994.1667,a75_a50_an,0.036853574938303366
DLPFC-R,994.1667,a75_an_ba,-0.43604611283579786
DLPFC-R,995,a50_an_ba,-0.4690287919274021
DLPFC-R,995,a75_a50_an,0.03300088056494522
DLPFC-R,995,a75_an_ba,-0.4360279113624569
DLPFC-R,995.8333,a50_an_ba,-0.4664861946038962
DLPFC-R,995.8333,a75_a50_an,0.030458646906096166
DLPFC-R,995.8333,a75_an_ba,-0.43602754769780006
DLPFC-R,996.6667,a50_an_ba,-0.46531999341692576
DLPFC-R,996.6667,a75_a50_an,0.02927623932049025
DLPFC-R,996.6667,a75_an_ba,-0.43604375409643553
DLPFC-R,997.5,a50_an_ba,-0.465554641341396
DLPFC-R,997.5,a75_a50_an,0.029478810275712034
DLPFC-R,997.5,a75_an_ba,-0.43607583106568404
DLPFC-R,998.3333,a50_an_ba,-0.4671904488463958
DLPFC-R,998.3333,a75_a50_an,0.031067320418894807
DLPFC-R,998.3333,a75_an_ba,-0.436123128427501
DLPFC-R,999.1667,a50_an_ba,-0.47020357837850135
DLPFC-R,999.1667,a75_a50_an,0.03401900632997832
DLPFC-R,999.1667,a75_an_ba,-0.43618457204852307
DLPFC-R,1000,a50_an_ba,-0.4745465304362897
DLPFC-R,1000,a75_a50_an,0.03828827496547431
DLPFC-R,1000,a75_an_ba,-0.43625825547081537
DLPFC-R,1000.8333,a50_an_ba,-0.48014911005789146
DLPFC-R,1000.8333,a75_a50_an,0.043807996800680586
DLPFC-R,1000.8333,a75_an_ba,-0.4363411132572109
DLPFC-R,1001.6666999999999,a50_an_ba,-0.486919852381892
DLPFC-R,1001.6666999999999,a75_a50_an,0.05049116243212641
DLPFC-R,1001.6666999999999,a75_an_ba,-0.4364286899497656
DLPFC-R,1002.5,a50_an_ba,-0.4947478762552924
DLPFC-R,1002.5,a75_a50_an,0.05823286104415151
DLPFC-R,1002.5,a75_an_ba,-0.4365150152111409
DLPFC-R,1003.3333,a50_an_ba,-0.5035051258577871
DLPFC-R,1003.3333,a75_a50_an,0.06691253378757275
DLPFC-R,1003.3333,a75_an_ba,-0.4365925920702143
DLPFC-R,1004.1667000000001,a50_an_ba,-0.5130489521814529
DLPFC-R,1004.1667000000001,a75_a50_an,0.07639645085439846
DLPFC-R,1004.1667000000001,a75_an_ba,-0.4366525013270544
DLPFC-R,1004.9999999999999,a50_an_ba,-0.523224979122658
DLPFC-R,1004.9999999999999,a75_a50_an,0.08654035792633451
DLPFC-R,1004.9999999999999,a75_an_ba,-0.43668462119632345
DLPFC-R,1005.8332999999999,a50_an_ba,-0.5338701930587557
DLPFC-R,1005.8332999999999,a75_a50_an,0.0971922357659978
DLPFC-R,1005.8332999999999,a75_an_ba,-0.43667795729275793
DLPFC-R,1006.6667,a50_an_ba,-0.5448161902207568
DLPFC-R,1006.6667,a75_a50_an,0.10819511602237346
DLPFC-R,1006.6667,a75_an_ba,-0.4366210741983833
DLPFC-R,1007.5000000000001,a50_an_ba,-0.5558925130303821
DLPFC-R,1007.5000000000001,a75_a50_an,0.11938989682384657
DLPFC-R,1007.5000000000001,a75_an_ba,-0.4365026162065355
DLPFC-R,1008.3333000000001,a50_an_ba,-0.5669300049108282
DLPFC-R,1008.3333000000001,a75_a50_an,0.1306181033957885
DLPFC-R,1008.3333000000001,a75_an_ba,-0.4363119015150397
DLPFC-R,1009.1667,a50_an_ba,-0.577764112938319
DLPFC-R,1009.1667,a75_a50_an,0.1417245417037883
DLPFC-R,1009.1667,a75_an_ba,-0.43603957123453074
DLPFC-R,1010,a50_an_ba,-0.5882380690763165
DLPFC-R,1010,a75_a50_an,0.15255979690453395
DLPFC-R,1010,a75_an_ba,-0.4356782721717825
DLPFC-R,1010.8333,a50_an_ba,-0.5982058835935887
DLPFC-R,1010.8333,a75_a50_an,0.16298253308022442
DLPFC-R,1010.8333,a75_an_ba,-0.43522335051336425
DLPFC-R,1011.6666999999999,a50_an_ba,-0.6075350885465152
DLPFC-R,1011.6666999999999,a75_a50_an,0.1728615562177645
DLPFC-R,1011.6666999999999,a75_an_ba,-0.4346735323287507
DLPFC-R,1012.5,a50_an_ba,-0.6161091748101675
DLPFC-R,1012.5,a75_a50_an,0.18207760853499516
DLPFC-R,1012.5,a75_an_ba,-0.4340315662751723
DLPFC-R,1013.3333,a50_an_ba,-0.6238296729477213
DLPFC-R,1013.3333,a75_a50_an,0.19052486890506368
DLPFC-R,1013.3333,a75_an_ba,-0.4333048040426576
DLPFC-R,1014.1667000000001,a50_an_ba,-0.6306178360644693
DLPFC-R,1014.1667000000001,a75_a50_an,0.1981121411312149
DLPFC-R,1014.1667000000001,a75_an_ba,-0.4325056949332544
DLPFC-R,1014.9999999999999,a50_an_ba,-0.6364158915287683
DLPFC-R,1014.9999999999999,a75_a50_an,0.20476371901759954
DLPFC-R,1014.9999999999999,a75_an_ba,-0.43165217251116883
DLPFC-R,1015.8332999999999,a50_an_ba,-0.6411878378669386
DLPFC-R,1015.8332999999999,a75_a50_an,0.2104199244056269
DLPFC-R,1015.8332999999999,a75_an_ba,-0.43076791346131166
DLPFC-R,1016.6667,a50_an_ba,-0.6449197730467269
DLPFC-R,1016.6667,a75_a50_an,0.2150373214413581
DLPFC-R,1016.6667,a75_an_ba,-0.4298824516053688
DLPFC-R,1017.5000000000001,a50_an_ba,-0.6476197505388283
DLPFC-R,1017.5000000000001,a75_a50_an,0.21858861715437514
DLPFC-R,1017.5000000000001,a75_an_ba,-0.42903113338445314
DLPFC-R,1018.3333000000001,a50_an_ba,-0.6493171697668603
DLPFC-R,1018.3333000000001,a75_a50_an,0.22106226481883134
DLPFC-R,1018.3333000000001,a75_an_ba,-0.4282549049480289
DLPFC-R,1019.1667,a50_an_ba,-0.6500617176011146
DLPFC-R,1019.1667,a75_a50_an,0.2224617924012724
DLPFC-R,1019.1667,a75_an_ba,-0.42759992519984225
DLPFC-R,1020,a50_an_ba,-0.6499218872027457
DLPFC-R,1020,a75_a50_an,0.2228048835607884
DLPFC-R,1020,a75_an_ba,-0.42711700364195726
DLPFC-R,1020.8333,a50_an_ba,-0.6489831095736854
DLPFC-R,1020.8333,a75_a50_an,0.22212224305539846
DLPFC-R,1020.8333,a75_an_ba,-0.426860866518287
DLPFC-R,1021.6666999999999,a50_an_ba,-0.6473455414181317
DLPFC-R,1021.6666999999999,a75_a50_an,0.22045628194409858
DLPFC-R,1021.6666999999999,a75_an_ba,-0.4268892594740331
DLPFC-R,1022.5,a50_an_ba,-0.6451215601959455
DLPFC-R,1022.5,a75_a50_an,0.21785966059685782
DLPFC-R,1022.5,a75_an_ba,-0.4272618995990876
DLPFC-R,1023.3333,a50_an_ba,-0.6424330233902963
DLPFC-R,1023.3333,a75_a50_an,0.2143937291969261
DLPFC-R,1023.3333,a75_an_ba,-0.42803929419337017
DLPFC-R,1024.1667,a50_an_ba,-0.6394083538899836
DLPFC-R,1024.1667,a75_a50_an,0.2101269061253136
DLPFC-R,1024.1667,a75_an_ba,-0.42928144776467003
DLPFC-R,1025,a50_an_ba,-0.6361795168968537
DLPFC-R,1025,a75_a50_an,0.20513303436219696
DLPFC-R,1025,a75_an_ba,-0.43104648253465677
DLPFC-R,1025.8333,a50_an_ba,-0.6328789558372399
DLPFC-R,1025.8333,a75_a50_an,0.19948975485264706
DLPFC-R,1025.8333,a75_an_ba,-0.4333892009845928
DLPFC-R,1026.6667,a50_an_ba,-0.6296365553403447
DLPFC-R,1026.6667,a75_a50_an,0.19327693371284205
DLPFC-R,1026.6667,a75_an_ba,-0.43635962162750264
DLPFC-R,1027.5,a50_an_ba,-0.6265766984364814
DLPFC-R,1027.5,a75_a50_an,0.18657517726630532
DLPFC-R,1027.5,a75_an_ba,-0.4400015211701762
DLPFC-R,1028.3332999999998,a50_an_ba,-0.6238154827464518
DLPFC-R,1028.3332999999998,a75_a50_an,0.17946446528320226
DLPFC-R,1028.3332999999998,a75_an_ba,-0.44435101746324956
DLPFC-R,1029.1667,a50_an_ba,-0.6214581566347863
DLPFC-R,1029.1667,a75_a50_an,0.17202292855076182
DLPFC-R,1029.1667,a75_an_ba,-0.44943522808402453
DLPFC-R,1030,a50_an_ba,-0.6195968311697615
DLPFC-R,1030,a75_a50_an,0.16432579214318943
DLPFC-R,1030,a75_an_ba,-0.4552710390265721
DLPFC-R,1030.8333,a50_an_ba,-0.6183085173864503
DLPFC-R,1030.8333,a75_a50_an,0.15644450060964124
DLPFC-R,1030.8333,a75_an_ba,-0.4618640167768091
DLPFC-R,1031.6667,a50_an_ba,-0.6176535309267123
DLPFC-R,1031.6667,a75_a50_an,0.14844603588992786
DLPFC-R,1031.6667,a75_an_ba,-0.4692074950367844
DLPFC-R,1032.5,a50_an_ba,-0.6176742977961709
DLPFC-R,1032.5,a75_a50_an,0.1403924332354448
DLPFC-R,1032.5,a75_an_ba,-0.47728186456072613
DLPFC-R,1033.3333,a50_an_ba,-0.6183945859171925
DLPFC-R,1033.3333,a75_a50_an,0.13234049489353103
DLPFC-R,1033.3333,a75_an_ba,-0.48605409102366154
DLPFC-R,1034.1667000000002,a50_an_ba,-0.619819177568363
DLPFC-R,1034.1667000000002,a75_a50_an,0.12434169594148099
DLPFC-R,1034.1667000000002,a75_an_ba,-0.495477481626882
DLPFC-R,1035,a50_an_ba,-0.6219339878963355
DLPFC-R,1035,a75_a50_an,0.11644227156048498
DLPFC-R,1035,a75_an_ba,-0.5054917163358505
DLPFC-R,1035.8333,a50_an_ba,-0.6247066246831106
DLPFC-R,1035.8333,a75_a50_an,0.10868347034070926
DLPFC-R,1035.8333,a75_an_ba,-0.5160231543424012
DLPFC-R,1036.6667,a50_an_ba,-0.6280873746708453
DLPFC-R,1036.6667,a75_a50_an,0.10110195401626439
DLPFC-R,1036.6667,a75_an_ba,-0.526985420654581
DLPFC-R,1037.5,a50_an_ba,-0.6320105922043852
DLPFC-R,1037.5,a75_a50_an,0.09373032043937998
DLPFC-R,1037.5,a75_an_ba,-0.5382802717650053
DLPFC-R,1038.3333,a50_an_ba,-0.6363964569584111
DLPFC-R,1038.3333,a75_a50_an,0.08659772369762725
DLPFC-R,1038.3333,a75_an_ba,-0.5497987332607838
DLPFC-R,1039.1667,a50_an_ba,-0.6411530592691999
DLPFC-R,1039.1667,a75_a50_an,0.0797305631201924
DLPFC-R,1039.1667,a75_an_ba,-0.5614224961490075
DLPFC-R,1040,a50_an_ba,-0.646178764271273
DLPFC-R,1040,a75_a50_an,0.07315321155419605
DLPFC-R,1040,a75_an_ba,-0.573025552717077
DLPFC-R,1040.8333,a50_an_ba,-0.6513647998078607
DLPFC-R,1040.8333,a75_a50_an,0.06688875274531723
DLPFC-R,1040.8333,a75_an_ba,-0.5844760470625435
DLPFC-R,1041.6667,a50_an_ba,-0.656598008077681
DLPFC-R,1041.6667,a75_a50_an,0.060959697934344116
DLPFC-R,1041.6667,a75_an_ba,-0.5956383101433369
DLPFC-R,1042.5,a50_an_ba,-0.6617636973093368
DLPFC-R,1042.5,a75_a50_an,0.05538865286830815
DLPFC-R,1042.5,a75_an_ba,-0.6063750444410286
DLPFC-R,1043.3333,a50_an_ba,-0.6667485274995175
DLPFC-R,1043.3333,a75_a50_an,0.05019890828782678
DLPFC-R,1043.3333,a75_an_ba,-0.6165496192116907
DLPFC-R,1044.1667,a50_an_ba,-0.6714433634618283
DLPFC-R,1044.1667,a75_a50_an,0.045414929538689724
DLPFC-R,1044.1667,a75_an_ba,-0.6260284339231386
DLPFC-R,1045,a50_an_ba,-0.6757460291275047
DLPFC-R,1045,a75_a50_an,0.04106272419599653
DLPFC-R,1045,a75_an_ba,-0.6346833049315082
DLPFC-R,1045.8333,a50_an_ba,-0.6795638992025973
DLPFC-R,1045.8333,a75_a50_an,0.0371700703978835
DLPFC-R,1045.8333,a75_an_ba,-0.6423938288047137
DLPFC-R,1046.6667,a50_an_ba,-0.6828162678718364
DLPFC-R,1046.6667,a75_a50_an,0.03376659286456725
DLPFC-R,1046.6667,a75_an_ba,-0.6490496750072692
DLPFC-R,1047.5,a50_an_ba,-0.6854364391691605
DLPFC-R,1047.5,a75_a50_an,0.030883678216901748
DLPFC-R,1047.5,a75_an_ba,-0.6545527609522588
DLPFC-R,1048.3333,a50_an_ba,-0.6873734898016798
DLPFC-R,1048.3333,a75_a50_an,0.028554226088893672
DLPFC-R,1048.3333,a75_an_ba,-0.6588192637127861
DLPFC-R,1049.1667,a50_an_ba,-0.6885936624830572
DLPFC-R,1049.1667,a75_a50_an,0.0268122375263417
DLPFC-R,1049.1667,a75_an_ba,-0.6617814249567155
DLPFC-R,1050,a50_an_ba,-0.689081356045423
DLPFC-R,1050,a75_a50_an,0.02569224715235403
DLPFC-R,1050,a75_an_ba,-0.663389108893069
DLPFC-R,1050.8333,a50_an_ba,-0.688839687576588
DLPFC-R,1050.8333,a75_a50_an,0.02522861043328907
DLPFC-R,1050.8333,a75_an_ba,-0.6636110771432989
DLPFC-R,1051.6667,a50_an_ba,-0.6878906113755124
DLPFC-R,1051.6667,a75_a50_an,0.025454661972517154
DLPFC-R,1051.6667,a75_an_ba,-0.6624359494029953
DLPFC-R,1052.5,a50_an_ba,-0.6862745894248273
DLPFC-R,1052.5,a75_a50_an,0.026401764976980158
DLPFC-R,1052.5,a75_an_ba,-0.6598728244478472
DLPFC-R,1053.3333,a50_an_ba,-0.6840498181281596
DLPFC-R,1053.3333,a75_a50_an,0.02809827577468319
DLPFC-R,1053.3333,a75_an_ba,-0.6559515423534764
DLPFC-R,1054.1667,a50_an_ba,-0.6812910260319798
DLPFC-R,1054.1667,a75_a50_an,0.030568450413181323
DLPFC-R,1054.1667,a75_an_ba,-0.6507225756187984
DLPFC-R,1055,a50_an_ba,-0.6780878669281513
DLPFC-R,1055,a75_a50_an,0.03383132285670994
DLPFC-R,1055,a75_an_ba,-0.6442565440714413
DLPFC-R,1055.8333,a50_an_ba,-0.674542941901827
DLPFC-R,1055.8333,a75_a50_an,0.03789958605561083
DLPFC-R,1055.8333,a75_an_ba,-0.6366433558462161
DLPFC-R,1056.6667,a50_an_ba,-0.6707694923485987
DLPFC-R,1056.6667,a75_a50_an,0.04277850813606656
DLPFC-R,1056.6667,a75_an_ba,-0.6279909842125322
DLPFC-R,1057.5,a50_an_ba,-0.6668888135481167
DLPFC-R,1057.5,a75_a50_an,0.04846491611954994
DLPFC-R,1057.5,a75_an_ba,-0.6184238974285667
DLPFC-R,1058.3333,a50_an_ba,-0.6630274448820844
DLPFC-R,1058.3333,a75_a50_an,0.054946278917661635
DLPFC-R,1058.3333,a75_an_ba,-0.6080811659644227
DLPFC-R,1059.1667,a50_an_ba,-0.6593141980780644
DLPFC-R,1059.1667,a75_a50_an,0.062199919866814155
DLPFC-R,1059.1667,a75_an_ba,-0.5971142782112502
DLPFC-R,1060,a50_an_ba,-0.6558770888289671
DLPFC-R,1060,a75_a50_an,0.07019238679584555
DLPFC-R,1060,a75_an_ba,-0.5856847020331216
DLPFC-R,1060.8333,a50_an_ba,-0.6528402396917514
DLPFC-R,1060.8333,a75_a50_an,0.07887900460410831
DLPFC-R,1060.8333,a75_an_ba,-0.5739612350876431
DLPFC-R,1061.6667,a50_an_ba,-0.6503208232485318
DLPFC-R,1061.6667,a75_a50_an,0.0882036316324314
DLPFC-R,1061.6667,a75_an_ba,-0.5621171916161004
DLPFC-R,1062.5,a50_an_ba,-0.648426114092129
DLPFC-R,1062.5,a75_a50_an,0.09809863681520951
DLPFC-R,1062.5,a75_an_ba,-0.5503274772769196
DLPFC-R,1063.3333,a50_an_ba,-0.6472507162808642
DLPFC-R,1063.3333,a75_a50_an,0.10848510980459423
DLPFC-R,1063.3333,a75_an_ba,-0.5387656064762699
DLPFC-R,1064.1667,a50_an_ba,-0.646874029532088
DLPFC-R,1064.1667,a75_a50_an,0.11927331106556004
DLPFC-R,1064.1667,a75_an_ba,-0.5276007184665279
DLPFC-R,1065,a50_an_ba,-0.6473580126593677
DLPFC-R,1065,a75_a50_an,0.13036336347209793
DLPFC-R,1065,a75_an_ba,-0.5169946491872698
DLPFC-R,1065.8333,a50_an_ba,-0.6487452967038698
DLPFC-R,1065.8333,a75_a50_an,0.14164618131595597
DLPFC-R,1065.8333,a75_an_ba,-0.5070991153879139
DLPFC-R,1066.6667,a50_an_ba,-0.6510576929933373
DLPFC-R,1066.6667,a75_a50_an,0.1530046270008739
DLPFC-R,1066.6667,a75_an_ba,-0.4980530659924634
DLPFC-R,1067.5,a50_an_ba,-0.6542951331345737
DLPFC-R,1067.5,a75_a50_an,0.16431488016951656
DLPFC-R,1067.5,a75_an_ba,-0.4899802529650571
DLPFC-R,1068.3333,a50_an_ba,-0.6584350688820648
DLPFC-R,1068.3333,a75_a50_an,0.1754479987280837
DLPFC-R,1068.3333,a75_an_ba,-0.48298707015398107
DLPFC-R,1069.1667,a50_an_ba,-0.6634323501187572
DLPFC-R,1069.1667,a75_a50_an,0.18627164632149074
DLPFC-R,1069.1667,a75_an_ba,-0.47716070379726644
DLPFC-R,1070,a50_an_ba,-0.6692195890418521
DLPFC-R,1070,a75_a50_an,0.19665195638893948
DLPFC-R,1070,a75_an_ba,-0.47256763265291263
DLPFC-R,1070.8333,a50_an_ba,-0.6757080082832753
DLPFC-R,1070.8333,a75_a50_an,0.20645549910473276
DLPFC-R,1070.8333,a75_an_ba,-0.46925250917854244
DLPFC-R,1071.6667,a50_an_ba,-0.6827887603325039
DLPFC-R,1071.6667,a75_a50_an,0.21555131437831496
DLPFC-R,1071.6667,a75_an_ba,-0.46723744595418887
DLPFC-R,1072.5,a50_an_ba,-0.6903346954905231
DLPFC-R,1072.5,a75_a50_an,0.2238129717319941
DLPFC-R,1072.5,a75_an_ba,-0.46652172375852896
DLPFC-R,1073.3333,a50_an_ba,-0.6982025458849787
DLPFC-R,1073.3333,a75_a50_an,0.2311206163585118
DLPFC-R,1073.3333,a75_an_ba,-0.4670819295264668
DLPFC-R,1074.1667,a50_an_ba,-0.706235484026263
DLPFC-R,1074.1667,a75_a50_an,0.2373629600293355
DLPFC-R,1074.1667,a75_an_ba,-0.46887252399692747
DLPFC-R,1075,a50_an_ba,-0.7142660061767409
DLPFC-R,1075,a75_a50_an,0.2424391758036723
DLPFC-R,1075,a75_an_ba,-0.47182683037306855
DLPFC-R,1075.8333,a50_an_ba,-0.7221190836173926
DLPFC-R,1075.8333,a75_a50_an,0.24626065668316918
DLPFC-R,1075.8333,a75_an_ba,-0.4758584269342235
DLPFC-R,1076.6667,a50_an_ba,-0.7296155188829897
DLPFC-R,1076.6667,a75_a50_an,0.24875260045241468
DLPFC-R,1076.6667,a75_an_ba,-0.48086291843057505
DLPFC-R,1077.5,a50_an_ba,-0.7365754393288703
DLPFC-R,1077.5,a75_a50_an,0.24985538590437648
DLPFC-R,1077.5,a75_an_ba,-0.4867200534244938
DLPFC-R,1078.3333,a50_an_ba,-0.7428218570920632
DLPFC-R,1078.3333,a75_a50_an,0.2495257094170487
DLPFC-R,1078.3333,a75_an_ba,-0.4932961476750145
DLPFC-R,1079.1667,a50_an_ba,-0.748184222689874
DLPFC-R,1079.1667,a75_a50_an,0.24773745534753652
DLPFC-R,1079.1667,a75_an_ba,-0.5004467673423375
DLPFC-R,1080,a50_an_ba,-0.7525018992013086
DLPFC-R,1080,a75_a50_an,0.24448227885071727
DLPFC-R,1080,a75_an_ba,-0.5080196203505913
DLPFC-R,1080.8333,a50_an_ba,-0.755627485210237
DLPFC-R,1080.8333,a75_a50_an,0.23976988540408495
DLPFC-R,1080.8333,a75_an_ba,-0.5158575998061521
DLPFC-R,1081.6667,a50_an_ba,-0.7574299174303831
DLPFC-R,1081.6667,a75_a50_an,0.23362799740763354
DLPFC-R,1081.6667,a75_an_ba,-0.5238019200227495
DLPFC-R,1082.5,a50_an_ba,-0.7577972881260021
DLPFC-R,1082.5,a75_a50_an,0.2261020045975136
DLPFC-R,1082.5,a75_an_ba,-0.5316952835284885
DLPFC-R,1083.3333,a50_an_ba,-0.7566393180021046
DLPFC-R,1083.3333,a75_a50_an,0.2172543015258005
DLPFC-R,1083.3333,a75_an_ba,-0.5393850164763041
DLPFC-R,1084.1667,a50_an_ba,-0.7538894320493513
DLPFC-R,1084.1667,a75_a50_an,0.20716332187389894
DLPFC-R,1084.1667,a75_an_ba,-0.5467261101754524
DLPFC-R,1085,a50_an_ba,-0.749506393749777
DLPFC-R,1085,a75_a50_an,0.1959222857397141
DLPFC-R,1085,a75_an_ba,-0.553584108010063
DLPFC-R,1085.8333,a50_an_ba,-0.7434754619149548
DLPFC-R,1085.8333,a75_a50_an,0.1836376821267614
DLPFC-R,1085.8333,a75_an_ba,-0.5598377797881934
DLPFC-R,1086.6667,a50_an_ba,-0.7358090440535078
DLPFC-R,1086.6667,a75_a50_an,0.17042751453042185
DLPFC-R,1086.6667,a75_an_ba,-0.565381529523086
DLPFC-R,1087.5,a50_an_ba,-0.7265468303485314
DLPFC-R,1087.5,a75_a50_an,0.1564193426337761
DLPFC-R,1087.5,a75_an_ba,-0.5701274877147553
DLPFC-R,1088.3333,a50_an_ba,-0.7157554028550824
DLPFC-R,1088.3333,a75_a50_an,0.141748157576029
DLPFC-R,1088.3333,a75_an_ba,-0.5740072452790534
DLPFC-R,1089.1667,a50_an_ba,-0.7035273251832472
DLPFC-R,1089.1667,a75_a50_an,0.1265541319369865
DLPFC-R,1089.1667,a75_an_ba,-0.5769731932462607
DLPFC-R,1090,a50_an_ba,-0.6899797284908908
DLPFC-R,1090,a75_a50_an,0.11098028840467924
DLPFC-R,1090,a75_an_ba,-0.5789994400862116
DLPFC-R,1090.8332999999998,a50_an_ba,-0.6752524198517659
DLPFC-R,1090.8332999999998,a75_a50_an,0.09517013299156193
DLPFC-R,1090.8332999999998,a75_an_ba,-0.5800822868602039
DLPFC-R,1091.6667,a50_an_ba,-0.65950554877553
DLPFC-R,1091.6667,a75_a50_an,0.07926529958944942
DLPFC-R,1091.6667,a75_an_ba,-0.5802402491860806
DLPFC-R,1092.5,a50_an_ba,-0.6429168766343047
DLPFC-R,1092.5,a75_a50_an,0.0634032525775108
DLPFC-R,1092.5,a75_an_ba,-0.579513624056794
DLPFC-R,1093.3333,a50_an_ba,-0.6256787018091645
DLPFC-R,1093.3333,a75_a50_an,0.04771509311625529
DLPFC-R,1093.3333,a75_an_ba,-0.5779636086929092
DLPFC-R,1094.1667,a50_an_ba,-0.6079945003422598
DLPFC-R,1094.1667,a75_a50_an,0.032323512691042326
DLPFC-R,1094.1667,a75_an_ba,-0.5756709876512175
DLPFC-R,1095,a50_an_ba,-0.5900753476223733
DLPFC-R,1095,a75_a50_an,0.017340934450552105
DLPFC-R,1095,a75_an_ba,-0.5727344131718213
DLPFC-R,1095.8333,a50_an_ba,-0.5721361910253743
DLPFC-R,1095.8333,a75_a50_an,0.0028678789799221017
DLPFC-R,1095.8333,a75_an_ba,-0.5692683120454523
DLPFC-R,1096.6667000000002,a50_an_ba,-0.554392046387356
DLPFC-R,1096.6667000000002,a75_a50_an,-0.011008413564268502
DLPFC-R,1096.6667000000002,a75_an_ba,-0.5654004599516245
DLPFC-R,1097.5,a50_an_ba,-0.5370541926476541
DLPFC-R,1097.5,a75_a50_an,-0.02421507844977642
DLPFC-R,1097.5,a75_an_ba,-0.5612692710974305
DLPFC-R,1098.3333,a50_an_ba,-0.5203264389344009
DLPFC-R,1098.3333,a75_a50_an,-0.03669441799912117
DLPFC-R,1098.3333,a75_an_ba,-0.557020856933522
DLPFC-R,1099.1667,a50_an_ba,-0.5044015367810374
DLPFC-R,1099.1667,a75_a50_an,-0.04840437583169842
DLPFC-R,1099.1667,a75_an_ba,-0.5528059126127357
DLPFC-R,1100,a50_an_ba,-0.4894578070948891
DLPFC-R,1100,a75_a50_an,-0.05931868648896122
DLPFC-R,1100,a75_an_ba,-0.5487764935838504
DLPFC-R,1100.8333,a50_an_ba,-0.47565604701600595
DLPFC-R,1100.8333,a75_a50_an,-0.06942670018079326
DLPFC-R,1100.8333,a75_an_ba,-0.5450827471967992
DLPFC-R,1101.6667,a50_an_ba,-0.4631367760028584
DLPFC-R,1101.6667,a75_a50_an,-0.07873288937725674
DLPFC-R,1101.6667,a75_an_ba,-0.5418696653801152
DLPFC-R,1102.5,a50_an_ba,-0.45201787348593425
DLPFC-R,1102.5,a75_a50_an,-0.08725605082049843
DLPFC-R,1102.5,a75_an_ba,-0.5392739243064327
DLPFC-R,1103.3333,a50_an_ba,-0.4423926523895994
DLPFC-R,1103.3333,a75_a50_an,-0.09502822309430542
DLPFC-R,1103.3333,a75_an_ba,-0.5374208754839048
DLPFC-R,1104.1667,a50_an_ba,-0.43432840390780514
DLPFC-R,1104.1667,a75_a50_an,-0.10209334601693096
DLPFC-R,1104.1667,a75_an_ba,-0.5364217499247361
DLPFC-R,1105,a50_an_ba,-0.4278654393184064
DLPFC-R,1105,a75_a50_an,-0.10850569367848772
DLPFC-R,1105,a75_an_ba,-0.5363711329968942
DLPFC-R,1105.8333,a50_an_ba,-0.42301664453667875
DLPFC-R,1105.8333,a75_a50_an,-0.1143281178014612
DLPFC-R,1105.8333,a75_an_ba,-0.5373447623381399
DLPFC-R,1106.6667,a50_an_ba,-0.4197675527523357
DLPFC-R,1106.6667,a75_a50_an,-0.11963014215132672
DLPFC-R,1106.6667,a75_an_ba,-0.5393976949036624
DLPFC-R,1107.5,a50_an_ba,-0.4180769300828801
DLPFC-R,1107.5,a75_a50_an,-0.1244859518701712
DLPFC-R,1107.5,a75_an_ba,-0.5425628819530512
DLPFC-R,1108.3333,a50_an_ba,-0.4178778589261317
DLPFC-R,1108.3333,a75_a50_an,-0.12897232377666312
DLPFC-R,1108.3333,a75_an_ba,-0.5468501827027948
DLPFC-R,1109.1667,a50_an_ba,-0.41907929381906245
DLPFC-R,1109.1667,a75_a50_an,-0.13316654481830484
DLPFC-R,1109.1667,a75_an_ba,-0.5522458386373673
DLPFC-R,1110,a50_an_ba,-0.4215680553123421
DLPFC-R,1110,a75_a50_an,-0.1371443659479594
DLPFC-R,1110,a75_an_ba,-0.5587124212603015
DLPFC-R,1110.8333,a50_an_ba,-0.42521121884107244
DLPFC-R,1110.8333,a75_a50_an,-0.1409780377203574
DLPFC-R,1110.8333,a75_an_ba,-0.5661892565614298
DLPFC-R,1111.6667,a50_an_ba,-0.4298588479856349
DLPFC-R,1111.6667,a75_a50_an,-0.14473447188439195
DLPFC-R,1111.6667,a75_an_ba,-0.5745933198700268
DLPFC-R,1112.5,a50_an_ba,-0.4353470150254684
DLPFC-R,1112.5,a75_a50_an,-0.1484735702252994
DLPFC-R,1112.5,a75_an_ba,-0.5838205852507677
DLPFC-R,1113.3333,a50_an_ba,-0.44150104642178445
DLPFC-R,1113.3333,a75_a50_an,-0.15224675795236411
DLPFC-R,1113.3333,a75_an_ba,-0.5937478043741485
DLPFC-R,1114.1667,a50_an_ba,-0.4481389269253763
DLPFC-R,1114.1667,a75_a50_an,-0.15609575411872445
DLPFC-R,1114.1667,a75_an_ba,-0.6042346810441007
DLPFC-R,1115,a50_an_ba,-0.4550747934665672
DLPFC-R,1115,a75_a50_an,-0.1600516060064948
DLPFC-R,1115,a75_an_ba,-0.615126399473062
DLPFC-R,1115.8333,a50_an_ba,-0.46212244888980175
DLPFC-R,1115.8333,a75_a50_an,-0.16413400823577767
DLPFC-R,1115.8333,a75_an_ba,-0.6262564571255794
DLPFC-R,1116.6667,a50_an_ba,-0.4690988259582464
DLPFC-R,1116.6667,a75_a50_an,-0.16835092069886298
DLPFC-R,1116.6667,a75_an_ba,-0.6374497466571094
DLPFC-R,1117.5,a50_an_ba,-0.47582733385606113
DLPFC-R,1117.5,a75_a50_an,-0.17269849243032587
DLPFC-R,1117.5,a75_an_ba,-0.648525826286387
DLPFC-R,1118.3333,a50_an_ba,-0.48214102260888136
DLPFC-R,1118.3333,a75_a50_an,-0.1771612913584118
DLPFC-R,1118.3333,a75_an_ba,-0.6593023139672932
DLPFC-R,1119.1667,a50_an_ba,-0.48788550534872316
DLPFC-R,1119.1667,a75_a50_an,-0.1817128327059399
DLPFC-R,1119.1667,a75_an_ba,-0.6695983380546631
DLPFC-R,1120,a50_an_ba,-0.4929215840624215
DLPFC-R,1120,a75_a50_an,-0.18631639178410936
DLPFC-R,1120,a75_an_ba,-0.6792379758465309
DLPFC-R,1120.8333,a50_an_ba,-0.4971275312521823
DLPFC-R,1120.8333,a75_a50_an,-0.19092608021197208
DLPFC-R,1120.8333,a75_an_ba,-0.6880536114641544
DLPFC-R,1121.6667,a50_an_ba,-0.5004009876500732
DLPFC-R,1121.6667,a75_a50_an,-0.19548815835323796
DLPFC-R,1121.6667,a75_an_ba,-0.6958891460033112
DLPFC-R,1122.5,a50_an_ba,-0.5026604445935575
DLPFC-R,1122.5,a75_a50_an,-0.19994255113626414
DLPFC-R,1122.5,a75_an_ba,-0.7026029957298217
DLPFC-R,1123.3333,a50_an_ba,-0.5038462886998633
DLPFC-R,1123.3333,a75_a50_an,-0.20422452954520476
DLPFC-R,1123.3333,a75_an_ba,-0.708070818245068
DLPFC-R,1124.1667,a50_an_ba,-0.5039213958752427
DLPFC-R,1124.1667,a75_a50_an,-0.20826651605650923
DLPFC-R,1124.1667,a75_an_ba,-0.7121879119317519
DLPFC-R,1125,a50_an_ba,-0.50287127125698
DLPFC-R,1125,a75_a50_an,-0.21199996924263323
DLPFC-R,1125,a75_an_ba,-0.7148712404996131
DLPFC-R,1125.8333,a50_an_ba,-0.5007037412046021
DLPFC-R,1125.8333,a75_a50_an,-0.21535730074995368
DLPFC-R,1125.8333,a75_an_ba,-0.7160610419545558
DLPFC-R,1126.6667,a50_an_ba,-0.4974482127281961
DLPFC-R,1126.6667,a75_a50_an,-0.21827377693303235
DLPFC-R,1126.6667,a75_an_ba,-0.7157219896612285
DLPFC-R,1127.5,a50_an_ba,-0.4931545245685218
DLPFC-R,1127.5,a75_a50_an,-0.22068935762077388
DLPFC-R,1127.5,a75_an_ba,-0.7138438821892957
DLPFC-R,1128.3333,a50_an_ba,-0.4878914223391847
DLPFC-R,1128.3333,a75_a50_an,-0.2225504258043315
DLPFC-R,1128.3333,a75_an_ba,-0.7104418481435162
DLPFC-R,1129.1667,a50_an_ba,-0.4817446975341812
DLPFC-R,1129.1667,a75_a50_an,-0.22381136444875713
DLPFC-R,1129.1667,a75_an_ba,-0.7055560619829383
DLPFC-R,1130,a50_an_ba,-0.4748150366416348
DLPFC-R,1130,a75_a50_an,-0.22443594009213677
DLPFC-R,1130,a75_an_ba,-0.6992509767337716
DLPFC-R,1130.8333,a50_an_ba,-0.4672156319557029
DLPFC-R,1130.8333,a75_a50_an,-0.2243984573343593
DLPFC-R,1130.8333,a75_an_ba,-0.6916140892900622
DLPFC-R,1131.6667,a50_an_ba,-0.45906960983695266
DLPFC-R,1131.6667,a75_a50_an,-0.22368465363714285
DLPFC-R,1131.6667,a75_an_ba,-0.6827542634740955
DLPFC-R,1132.5,a50_an_ba,-0.45050733505777557
DLPFC-R,1132.5,a75_a50_an,-0.22229230994045424
DLPFC-R,1132.5,a75_an_ba,-0.6727996449982298
DLPFC-R,1133.3333,a50_an_ba,-0.44166365143239933
DLPFC-R,1133.3333,a75_a50_an,-0.2202315593129786
DLPFC-R,1133.3333,a75_an_ba,-0.6618952107453779
DLPFC-R,1134.1667,a50_an_ba,-0.4326751191494935
DLPFC-R,1134.1667,a75_a50_an,-0.21752488304475454
DLPFC-R,1134.1667,a75_an_ba,-0.6502000021942481
DLPFC-R,1135,a50_an_ba,-0.42367730810747983
DLPFC-R,1135,a75_a50_an,-0.21420679109542745
DLPFC-R,1135,a75_an_ba,-0.6378840992029072
DLPFC-R,1135.8333,a50_an_ba,-0.4148022041360694
DLPFC-R,1135.8333,a75_a50_an,-0.2103231914600293
DLPFC-R,1135.8333,a75_an_ba,-0.6251253955960987
DLPFC-R,1136.6667,a50_an_ba,-0.406175781339149
DLPFC-R,1136.6667,a75_a50_an,-0.20593046062892806
DLPFC-R,1136.6667,a75_an_ba,-0.6121062419680771
DLPFC-R,1137.5,a50_an_ba,-0.397915789006568
DLPFC-R,1137.5,a75_a50_an,-0.20109423472222782
DLPFC-R,1137.5,a75_an_ba,-0.5990100237287959
DLPFC-R,1138.3333,a50_an_ba,-0.3901297957343202
DLPFC-R,1138.3333,a75_a50_an,-0.19588794789712813
DLPFC-R,1138.3333,a75_an_ba,-0.5860177436314483
DLPFC-R,1139.1667,a50_an_ba,-0.3829135267038527
DLPFC-R,1139.1667,a75_a50_an,-0.19039115109214058
DLPFC-R,1139.1667,a75_an_ba,-0.5733046777959933
DLPFC-R,1140,a50_an_ba,-0.3763495226611528
DLPFC-R,1140,a75_a50_an,-0.18468764992874273
DLPFC-R,1140,a75_an_ba,-0.5610371725898955
DLPFC-R,1140.8333,a50_an_ba,-0.37050614117882763
DLPFC-R,1140.8333,a75_a50_an,-0.1788635054972831
DLPFC-R,1140.8333,a75_an_ba,-0.5493696466761108
DLPFC-R,1141.6667,a50_an_ba,-0.36543691246555965
DLPFC-R,1141.6667,a75_a50_an,-0.1730049456865468
DLPFC-R,1141.6667,a75_an_ba,-0.5384418581521064
DLPFC-R,1142.5,a50_an_ba,-0.36118025349967536
DLPFC-R,1142.5,a75_a50_an,-0.16719623757261579
DLPFC-R,1142.5,a75_an_ba,-0.5283764910722911
DLPFC-R,1143.3333,a50_an_ba,-0.3577595358028594
DLPFC-R,1143.3333,a75_a50_an,-0.16151757308390796
DLPFC-R,1143.3333,a75_an_ba,-0.5192771088867674
DLPFC-R,1144.1667,a50_an_ba,-0.3551834939301124
DLPFC-R,1144.1667,a75_a50_an,-0.15604302065209297
DLPFC-R,1144.1667,a75_an_ba,-0.5112265145822054
DLPFC-R,1145,a50_an_ba,-0.35344695392120745
DLPFC-R,1145,a75_a50_an,-0.15083859481657888
DLPFC-R,1145,a75_an_ba,-0.5042855487377863
DLPFC-R,1145.8333,a50_an_ba,-0.3525318537148132
DLPFC-R,1145.8333,a75_a50_an,-0.1459604937753798
DLPFC-R,1145.8333,a75_an_ba,-0.498492347490193
DLPFC-R,1146.6667,a50_an_ba,-0.35240852103320824
DLPFC-R,1146.6667,a75_a50_an,-0.14145355169670232
DLPFC-R,1146.6667,a75_an_ba,-0.49386207272991056
DLPFC-R,1147.5,a50_an_ba,-0.35303716864880486
DLPFC-R,1147.5,a75_a50_an,-0.1373499482815788
DLPFC-R,1147.5,a75_an_ba,-0.49038711693038367
DLPFC-R,1148.3333,a50_an_ba,-0.3543695623687075
DLPFC-R,1148.3333,a75_a50_an,-0.1336682126822262
DLPFC-R,1148.3333,a75_an_ba,-0.48803777505093365
DLPFC-R,1149.1667,a50_an_ba,-0.3563508136210916
DLPFC-R,1149.1667,a75_a50_an,-0.13041255254320333
DLPFC-R,1149.1667,a75_an_ba,-0.48676336616429494
DLPFC-R,1150,a50_an_ba,-0.3589212462723649
DLPFC-R,1150,a75_a50_an,-0.1275725317752368
DLPFC-R,1150,a75_an_ba,-0.4864937780476017
DLPFC-R,1150.8333,a50_an_ba,-0.3620182862937923
DLPFC-R,1150.8333,a75_a50_an,-0.1251231128472902
DLPFC-R,1150.8333,a75_an_ba,-0.4871413991410825
DLPFC-R,1151.6667,a50_an_ba,-0.3655783231488995
DLPFC-R,1151.6667,a75_a50_an,-0.12302507106087301
DLPFC-R,1151.6667,a75_an_ba,-0.48860339420977245
DLPFC-R,1152.5,a50_an_ba,-0.3695384932772786
DLPFC-R,1152.5,a75_a50_an,-0.12122577963446246
DLPFC-R,1152.5,a75_an_ba,-0.490764272911741
DLPFC-R,1153.3332999999998,a50_an_ba,-0.37383833876640993
DLPFC-R,1153.3332999999998,a75_a50_an,-0.11966035566781083
DLPFC-R,1153.3332999999998,a75_an_ba,-0.49349869443422073
DLPFC-R,1154.1667,a50_an_ba,-0.37842129816243547
DLPFC-R,1154.1667,a75_a50_an,-0.11825314837330574
DLPFC-R,1154.1667,a75_an_ba,-0.4966744465357412
DLPFC-R,1155,a50_an_ba,-0.3832359912786668
DLPFC-R,1155,a75_a50_an,-0.11691954255285854
DLPFC-R,1155,a75_an_ba,-0.5001555338315253
DLPFC-R,1155.8333,a50_an_ba,-0.38823726569757555
DLPFC-R,1155.8333,a75_a50_an,-0.11556804235879244
DLPFC-R,1155.8333,a75_an_ba,-0.503805308056368
DLPFC-R,1156.6667,a50_an_ba,-0.39338697928712435
DLPFC-R,1156.6667,a75_a50_an,-0.11410259309268259
DLPFC-R,1156.6667,a75_an_ba,-0.507489572379807
DLPFC-R,1157.5,a50_an_ba,-0.39865450030560184
DLPFC-R,1157.5,a75_a50_an,-0.1124250923415693
DLPFC-R,1157.5,a75_an_ba,-0.5110795926471712
DLPFC-R,1158.3333,a50_an_ba,-0.40401691437630327
DLPFC-R,1158.3333,a75_a50_an,-0.11043803628456712
DLPFC-R,1158.3333,a75_an_ba,-0.5144549506608703
DLPFC-R,1159.1667000000002,a50_an_ba,-0.409458935588366
DLPFC-R,1159.1667000000002,a75_a50_an,-0.10804724266300784
DLPFC-R,1159.1667000000002,a75_an_ba,-0.5175061782513739
DLPFC-R,1160,a50_an_ba,-0.414972527030753
DLPFC-R,1160,a75_a50_an,-0.10516458880857636
DLPFC-R,1160,a75_an_ba,-0.5201371158393293
DLPFC-R,1160.8333,a50_an_ba,-0.42055624399768704
DLPFC-R,1160.8333,a75_a50_an,-0.10171070135531513
DLPFC-R,1160.8333,a75_an_ba,-0.5222669453530021
DLPFC-R,1161.6667,a50_an_ba,-0.4262143207231309
DLPFC-R,1161.6667,a75_a50_an,-0.09761753388330112
DLPFC-R,1161.6667,a75_an_ba,-0.523831854606432
DLPFC-R,1162.5,a50_an_ba,-0.4319555286228891
DLPFC-R,1162.5,a75_a50_an,-0.09283076978446331
DLPFC-R,1162.5,a75_an_ba,-0.5247862984073524
DLPFC-R,1163.3333,a50_an_ba,-0.43779184047032366
DLPFC-R,1163.3333,a75_a50_an,-0.08731199010375797
DLPFC-R,1163.3333,a75_an_ba,-0.5251038305740816
DLPFC-R,1164.1667,a50_an_ba,-0.44373694054480484
DLPFC-R,1164.1667,a75_a50_an,-0.08104054995959056
DLPFC-R,1164.1667,a75_an_ba,-0.5247774905043954
DLPFC-R,1165,a50_an_ba,-0.44980462542929023
DLPFC-R,1165,a75_a50_an,-0.0740151123228517
DLPFC-R,1165,a75_an_ba,-0.5238197377521419
DLPFC-R,1165.8333,a50_an_ba,-0.45600714367501116
DLPFC-R,1165.8333,a75_a50_an,-0.06625479434087164
DLPFC-R,1165.8333,a75_an_ba,-0.5222619380158828
DLPFC-R,1166.6667,a50_an_ba,-0.4623535249021936
DLPFC-R,1166.6667,a75_a50_an,-0.05779988890978199
DLPFC-R,1166.6667,a75_an_ba,-0.5201534138119757
DLPFC-R,1167.5,a50_an_ba,-0.468847949998856
DLPFC-R,1167.5,a75_a50_an,-0.04871213267848765
DLPFC-R,1167.5,a75_an_ba,-0.5175600826773437
DLPFC-R,1168.3333,a50_an_ba,-0.47548821387605134
DLPFC-R,1168.3333,a75_a50_an,-0.03907450093955936
DLPFC-R,1168.3333,a75_an_ba,-0.5145627148156108
DLPFC-R,1169.1667,a50_an_ba,-0.4822643307294241
DLPFC-R,1169.1667,a75_a50_an,-0.028990519736695492
DLPFC-R,1169.1667,a75_an_ba,-0.5112548504661196
DLPFC-R,1170,a50_an_ba,-0.48915732896548203
DLPFC-R,1170,a75_a50_an,-0.018583095789582824
DLPFC-R,1170,a75_an_ba,-0.5077404247550649
DLPFC-R,1170.8333,a50_an_ba,-0.4961382789290253
DLPFC-R,1170.8333,a75_a50_an,-0.007992875288161366
DLPFC-R,1170.8333,a75_an_ba,-0.5041311542171866
DLPFC-R,1171.6667,a50_an_ba,-0.5031675913973627
DLPFC-R,1171.6667,a75_a50_an,0.0026238469840372215
DLPFC-R,1171.6667,a75_an_ba,-0.5005437444133254
DLPFC-R,1172.5,a50_an_ba,-0.510194618596642
DLPFC-R,1172.5,a75_a50_an,0.013097636598844836
DLPFC-R,1172.5,a75_an_ba,-0.4970969819977971
DLPFC-R,1173.3333,a50_an_ba,-0.5171575823805832
DLPFC-R,1173.3333,a75_a50_an,0.023248805258444482
DLPFC-R,1173.3333,a75_an_ba,-0.49390877712213865
DLPFC-R,1174.1667,a50_an_ba,-0.523983846349572
DLPFC-R,1174.1667,a75_a50_an,0.032890623207977684
DLPFC-R,1174.1667,a75_an_ba,-0.4910932231415942
DLPFC-R,1175,a50_an_ba,-0.5305905402548905
DLPFC-R,1175,a75_a50_an,0.04183280006295178
DLPFC-R,1175,a75_an_ba,-0.48875774019193874
DLPFC-R,1175.8333,a50_an_ba,-0.5368855362209262
DLPFC-R,1175.8333,a75_a50_an,0.04988516888651245
DLPFC-R,1175.8333,a75_an_ba,-0.4870003673344137
DLPFC-R,1176.6667,a50_an_ba,-0.5427687673304092
DLPFC-R,1176.6667,a75_a50_an,0.056861502665732734
DLPFC-R,1176.6667,a75_an_ba,-0.4859072646646765
DLPFC-R,1177.5,a50_an_ba,-0.5481338701638926
DLPFC-R,1177.5,a75_a50_an,0.06258338804467703
DLPFC-R,1177.5,a75_an_ba,-0.48555048211921553
DLPFC-R,1178.3333,a50_an_ba,-0.5528701241764526
DLPFC-R,1178.3333,a75_a50_an,0.06688407838588112
DLPFC-R,1178.3333,a75_an_ba,-0.4859860457905716
DLPFC-R,1179.1667,a50_an_ba,-0.5568646525406437
DLPFC-R,1179.1667,a75_a50_an,0.06961224703040532
DLPFC-R,1179.1667,a75_an_ba,-0.48725240551023835
DLPFC-R,1180,a50_an_ba,-0.5600048414863995
DLPFC-R,1180,a75_a50_an,0.07063556205651846
DLPFC-R,1180,a75_an_ba,-0.48936927942988107
DLPFC-R,1180.8333,a50_an_ba,-0.5621809284146396
DLPFC-R,1180.8333,a75_a50_an,0.06984400591116702
DLPFC-R,1180.8333,a75_an_ba,-0.49233692250347255
DLPFC-R,1181.6667,a50_an_ba,-0.5632887033241112
DLPFC-R,1181.6667,a75_a50_an,0.06715286698407767
DLPFC-R,1181.6667,a75_an_ba,-0.4961358363400335
DLPFC-R,1182.5,a50_an_ba,-0.5632322635220147
DLPFC-R,1182.5,a75_a50_an,0.06250533545534125
DLPFC-R,1182.5,a75_an_ba,-0.5007269280666735
DLPFC-R,1183.3333,a50_an_ba,-0.5619267583151486
DLPFC-R,1183.3333,a75_a50_an,0.05587464248284969
DLPFC-R,1183.3333,a75_an_ba,-0.5060521158322989
DLPFC-R,1184.1667,a50_an_ba,-0.5593010584993456
DLPFC-R,1184.1667,a75_a50_an,0.04726568988373473
DLPFC-R,1184.1667,a75_an_ba,-0.5120353686156109
DLPFC-R,1185,a50_an_ba,-0.5553002850501157
DLPFC-R,1185,a75_a50_an,0.03671612675181671
DLPFC-R,1185,a75_an_ba,-0.5185841582982991
DLPFC-R,1185.8333,a50_an_ba,-0.549888132503823
DLPFC-R,1185.8333,a75_a50_an,0.024296839762054812
DLPFC-R,1185.8333,a75_an_ba,-0.5255912927417681
DLPFC-R,1186.6667,a50_an_ba,-0.5430489251105974
DLPFC-R,1186.6667,a75_a50_an,0.010111835041225255
DLPFC-R,1186.6667,a75_an_ba,-0.5329370900693722
DLPFC-R,1187.5,a50_an_ba,-0.5347893479073407
DLPFC-R,1187.5,a75_a50_an,-0.005702498789529958
DLPFC-R,1187.5,a75_an_ba,-0.5404918466968707
DLPFC-R,1188.3333,a50_an_ba,-0.5251398003383436
DLPFC-R,1188.3333,a75_a50_an,-0.022978744705448716
DLPFC-R,1188.3333,a75_an_ba,-0.5481185450437923
DLPFC-R,1189.1667,a50_an_ba,-0.5141553268459605
DLPFC-R,1189.1667,a75_a50_an,-0.04152041460058999
DLPFC-R,1189.1667,a75_an_ba,-0.5556757414465505
DLPFC-R,1190,a50_an_ba,-0.5019160868375058
DLPFC-R,1190,a75_a50_an,-0.061104483865450886
DLPFC-R,1190,a75_an_ba,-0.5630205707029566
DLPFC-R,1190.8333,a50_an_ba,-0.4885273354514748
DLPFC-R,1190.8333,a75_a50_an,-0.08148446554910074
DLPFC-R,1190.8333,a75_an_ba,-0.5700118010005756
DLPFC-R,1191.6667,a50_an_ba,-0.4741188964155261
DLPFC-R,1191.6667,a75_a50_an,-0.10239397536468522
DLPFC-R,1191.6667,a75_an_ba,-0.5765128717802114
DLPFC-R,1192.5,a50_an_ba,-0.4588441188075268
DLPFC-R,1192.5,a75_a50_an,-0.12355072858176651
DLPFC-R,1192.5,a75_an_ba,-0.5823948473892933
DLPFC-R,1193.3333,a50_an_ba,-0.4428783204792289
DLPFC-R,1193.3333,a75_a50_an,-0.144660900704667
DLPFC-R,1193.3333,a75_an_ba,-0.587539221183896
DLPFC-R,1194.1667,a50_an_ba,-0.42641673204663394
DLPFC-R,1194.1667,a75_a50_an,-0.16542377595719818
DLPFC-R,1194.1667,a75_an_ba,-0.5918405080038321
DLPFC-R,1195,a50_an_ba,-0.4096719664504732
DLPFC-R,1195,a75_a50_an,-0.18553660115123877
DLPFC-R,1195,a75_an_ba,-0.5952085676017119
DLPFC-R,1195.8333,a50_an_ba,-0.39287104990075117
DLPFC-R,1195.8333,a75_a50_an,-0.2046995576505934
DLPFC-R,1195.8333,a75_an_ba,-0.5975706075513446
DLPFC-R,1196.6667,a50_an_ba,-0.37625206029939023
DLPFC-R,1196.6667,a75_a50_an,-0.22262076096221836
DLPFC-R,1196.6667,a75_an_ba,-0.5988728212616086
DLPFC-R,1197.5,a50_an_ba,-0.36006042875113115
DLPFC-R,1197.5,a75_a50_an,-0.23902119606952238
DLPFC-R,1197.5,a75_an_ba,-0.5990816248206535
DLPFC-R,1198.3333,a50_an_ba,-0.34454496830461095
DLPFC-R,1198.3333,a75_a50_an,-0.25363949700665755
DLPFC-R,1198.3333,a75_an_ba,-0.5981844653112686
DLPFC-R,1199.1667,a50_an_ba,-0.32995370141035485
DLPFC-R,1199.1667,a75_a50_an,-0.2662364813609921
DLPFC-R,1199.1667,a75_an_ba,-0.5961901827713469
DLPFC-R,1200,a50_an_ba,-0.31652956356067596
DLPFC-R,1200,a75_a50_an,-0.27659935434898036
DLPFC-R,1200,a75_an_ba,-0.5931289179096564
DLPFC-R,1200.8333,a50_an_ba,-0.3045060650353698
DLPFC-R,1200.8333,a75_a50_an,-0.2845455027672594
DLPFC-R,1200.8333,a75_an_ba,-0.5890515678026292
DLPFC-R,1201.6667,a50_an_ba,-0.2941029954943432
DLPFC-R,1201.6667,a75_a50_an,-0.289925806370088
DLPFC-R,1201.6667,a75_an_ba,-0.5840288018644312
DLPFC-R,1202.5,a50_an_ba,-0.2855222572454625
DLPFC-R,1202.5,a75_a50_an,-0.2926274029267896
DLPFC-R,1202.5,a75_an_ba,-0.5781496601722521
DLPFC-R,1203.3333,a50_an_ba,-0.2789439123203928
DLPFC-R,1203.3333,a75_a50_an,-0.29257585319948476
DLPFC-R,1203.3333,a75_an_ba,-0.5715197655198775
DLPFC-R,1204.1667,a50_an_ba,-0.27452252599798743
DLPFC-R,1204.1667,a75_a50_an,-0.289736663155751
DLPFC-R,1204.1667,a75_an_ba,-0.5642591891537384
DLPFC-R,1205,a50_an_ba,-0.27238388514750467
DLPFC-R,1205,a75_a50_an,-0.28411613267412866
DLPFC-R,1205,a75_an_ba,-0.5565000178216334
DLPFC-R,1205.8333,a50_an_ba,-0.27262216378427984
DLPFC-R,1205.8333,a75_a50_an,-0.2757615125752952
DLPFC-R,1205.8333,a75_an_ba,-0.548383676359575
DLPFC-R,1206.6667,a50_an_ba,-0.2752976006380059
DLPFC-R,1206.6667,a75_a50_an,-0.2647604647679093
DLPFC-R,1206.6667,a75_an_ba,-0.5400580654059153
DLPFC-R,1207.5,a50_an_ba,-0.2804347444636264
DLPFC-R,1207.5,a75_a50_an,-0.2512398333768442
DLPFC-R,1207.5,a75_an_ba,-0.5316745778404706
DLPFC-R,1208.3333,a50_an_ba,-0.2880213124458135
DLPFC-R,1208.3333,a75_a50_an,-0.23536374766146514
DLPFC-R,1208.3333,a75_an_ba,-0.5233850601072787
DLPFC-R,1209.1667,a50_an_ba,-0.29800769555881573
DLPFC-R,1209.1667,a75_a50_an,-0.21733109007408913
DLPFC-R,1209.1667,a75_an_ba,-0.5153387856329048
DLPFC-R,1210,a50_an_ba,-0.31030713236946583
DLPFC-R,1210,a75_a50_an,-0.19737237470304872
DLPFC-R,1210,a75_an_ba,-0.5076795070725145
DLPFC-R,1210.8333,a50_an_ba,-0.32479655975901384
DLPFC-R,1210.8333,a75_a50_an,-0.17574609235371594
DLPFC-R,1210.8333,a75_an_ba,-0.5005426521127297
DLPFC-R,1211.6667,a50_an_ba,-0.34131813565318114
DLPFC-R,1211.6667,a75_a50_an,-0.15273458842503598
DLPFC-R,1211.6667,a75_an_ba,-0.4940527240782171
DLPFC-R,1212.5,a50_an_ba,-0.3596814153641077
DLPFC-R,1212.5,a75_a50_an,-0.12863954834246438
DLPFC-R,1212.5,a75_an_ba,-0.48832096370657213
DLPFC-R,1213.3333,a50_an_ba,-0.3796661498434626
DLPFC-R,1213.3333,a75_a50_an,-0.10377717244096253
DLPFC-R,1213.3333,a75_an_ba,-0.4834433222844251
DLPFC-R,1214.1667,a50_an_ba,-0.4010256613029277
DLPFC-R,1214.1667,a75_a50_an,-0.07847312771475319
DLPFC-R,1214.1667,a75_an_ba,-0.4794987890176809
DLPFC-R,1215,a50_an_ba,-0.42349073955053024
DLPFC-R,1215,a75_a50_an,-0.0530573676579091
DLPFC-R,1215,a75_an_ba,-0.4765481072084394
DLPFC-R,1215.8332999999998,a50_an_ba,-0.44677399128024475
DLPFC-R,1215.8332999999998,a75_a50_an,-0.02785891344072911
DLPFC-R,1215.8332999999998,a75_an_ba,-0.47463290472097386
DLPFC-R,1216.6667,a50_an_ba,-0.47057456468174286
DLPFC-R,1216.6667,a75_a50_an,-0.0032006898674784277
DLPFC-R,1216.6667,a75_an_ba,-0.47377525454922126
DLPFC-R,1217.5,a50_an_ba,-0.4945831633272166
DLPFC-R,1217.5,a75_a50_an,0.020605492055325855
DLPFC-R,1217.5,a75_an_ba,-0.4739776712718907
DLPFC-R,1218.3333,a50_an_ba,-0.5184872565348791
DLPFC-R,1218.3333,a75_a50_an,0.04326371750354904
DLPFC-R,1218.3333,a75_an_ba,-0.47522353903133013
DLPFC-R,1219.1667,a50_an_ba,-0.5419763884633558
DLPFC-R,1219.1667,a75_a50_an,0.06449843182857057
DLPFC-R,1219.1667,a75_an_ba,-0.47747795663478526
DLPFC-R,1220,a50_an_ba,-0.5647474851805708
DLPFC-R,1220,a75_a50_an,0.08405850949469777
DLPFC-R,1220,a75_an_ba,-0.48068897568587304
DLPFC-R,1220.8333,a50_an_ba,-0.5865100579585407
DLPFC-R,1220.8333,a75_a50_an,0.1017208594215127
DLPFC-R,1220.8333,a75_an_ba,-0.484789198537028
DLPFC-R,1221.6667000000002,a50_an_ba,-0.6069912021135534
DLPFC-R,1221.6667000000002,a75_a50_an,0.11729350758883364
DLPFC-R,1221.6667000000002,a75_an_ba,-0.4896976945247198
DLPFC-R,1222.5,a50_an_ba,-0.6259402938388492
DLPFC-R,1222.5,a75_a50_an,0.1306181082337131
DLPFC-R,1222.5,a75_an_ba,-0.49532218560513613
DLPFC-R,1223.3333,a50_an_ba,-0.6431332926197456
DLPFC-R,1223.3333,a75_a50_an,0.141571846296508
DLPFC-R,1223.3333,a75_an_ba,-0.5015614463232375
DLPFC-R,1224.1667,a50_an_ba,-0.6583765638927009
DLPFC-R,1224.1667,a75_a50_an,0.1500687057218251
DLPFC-R,1224.1667,a75_an_ba,-0.5083078581708758
DLPFC-R,1225,a50_an_ba,-0.6715101454814318
DLPFC-R,1225,a75_a50_an,0.156060090543656
DLPFC-R,1225,a75_an_ba,-0.5154500549377757
DLPFC-R,1225.8333,a50_an_ba,-0.6824103918482257
DLPFC-R,1225.8333,a75_a50_an,0.15953479813002916
DLPFC-R,1225.8333,a75_an_ba,-0.5228755937181966
DLPFC-R,1226.6667,a50_an_ba,-0.6909919421338488
DLPFC-R,1226.6667,a75_a50_an,0.16051835627802272
DLPFC-R,1226.6667,a75_an_ba,-0.530473585855826
DLPFC-R,1227.5,a50_an_ba,-0.6972089710901807
DLPFC-R,1227.5,a75_a50_an,0.15907174778627697
DLPFC-R,1227.5,a75_an_ba,-0.5381372233039037
DLPFC-R,1228.3333,a50_an_ba,-0.7010556960743135
DLPFC-R,1228.3333,a75_a50_an,0.15528955745079429
DLPFC-R,1228.3333,a75_an_ba,-0.5457661386235192
DLPFC-R,1229.1667,a50_an_ba,-0.7025661279873561
DLPFC-R,1229.1667,a75_a50_an,0.14929758690660055
DLPFC-R,1229.1667,a75_an_ba,-0.5532685410807555
DLPFC-R,1230,a50_an_ba,-0.70181306910604635
DLPFC-R,1230,a75_a50_an,0.14124999216828432
DLPFC-R,1230,a75_an_ba,-0.560563076937762
DLPFC-R,1230.8333,a50_an_ba,-0.6989063758611693
DLPFC-R,1230.8333,a75_a50_an,0.13132600692547478
DLPFC-R,1230.8333,a75_an_ba,-0.5675803689356945
DLPFC-R,1231.6667,a50_an_ba,-0.6939905194505542
DLPFC-R,1231.6667,a75_a50_an,0.1197263214711222
DLPFC-R,1231.6667,a75_an_ba,-0.5742641979794321
DLPFC-R,1232.5,a50_an_ba,-0.6872414914269386
DLPFC-R,1232.5,a75_a50_an,0.10666919245754344
DLPFC-R,1232.5,a75_an_ba,-0.5805722989693951
DLPFC-R,1233.3333,a50_an_ba,-0.678863114772323
DLPFC-R,1233.3333,a75_a50_an,0.09238636239669196
DLPFC-R,1233.3333,a75_an_ba,-0.586476752375631
DLPFC-R,1234.1667,a50_an_ba,-0.669082833177184
DLPFC-R,1234.1667,a75_a50_an,0.07711886989057001
DLPFC-R,1234.1667,a75_an_ba,-0.5919639632866139
DLPFC-R,1235,a50_an_ba,-0.6581470620242171
DLPFC-R,1235,a75_a50_an,0.06111283197392903
DLPFC-R,1235,a75_an_ba,-0.5970342300502881
DLPFC-R,1235.8333,a50_an_ba,-0.6463161936989127
DLPFC-R,1235.8333,a75_a50_an,0.04461527868866673
DLPFC-R,1235.8333,a75_an_ba,-0.6017009150102459
DLPFC-R,1236.6667,a50_an_ba,-0.6338593571137537
DLPFC-R,1236.6667,a75_a50_an,0.02787011713670501
DLPFC-R,1236.6667,a75_an_ba,-0.6059892399770487
DLPFC-R,1237.5,a50_an_ba,-0.6210490365768608
DLPFC-R,1237.5,a75_a50_an,0.011114297858413176
DLPFC-R,1237.5,a75_an_ba,-0.6099347387184477
DLPFC-R,1238.3333,a50_an_ba,-0.6081556582390484
DLPFC-R,1238.3333,a75_a50_an,-0.00542574942939226
DLPFC-R,1238.3333,a75_an_ba,-0.6135814076684406
DLPFC-R,1239.1667,a50_an_ba,-0.5954422532389024
DLPFC-R,1239.1667,a75_a50_an,-0.021537350784964004
DLPFC-R,1239.1667,a75_an_ba,-0.6169796040238664
DLPFC-R,1240,a50_an_ba,-0.5831593053032812
DLPFC-R,1240,a75_a50_an,-0.03702444191721003
DLPFC-R,1240,a75_an_ba,-0.6201837472204912
DLPFC-R,1240.8333,a50_an_ba,-0.5715398869676155
DLPFC-R,1240.8333,a75_a50_an,-0.05170999831757993
DLPFC-R,1240.8333,a75_an_ba,-0.6232498852851953
DLPFC-R,1241.6667,a50_an_ba,-0.5607951828200873
DLPFC-R,1241.6667,a75_a50_an,-0.06543800878358966
DLPFC-R,1241.6667,a75_an_ba,-0.626233191603677
DLPFC-R,1242.5,a50_an_ba,-0.5511104903561018
DLPFC-R,1242.5,a75_a50_an,-0.07807496975826445
DLPFC-R,1242.5,a75_an_ba,-0.6291854601143663
DLPFC-R,1243.3333,a50_an_ba,-0.5426417793083836
DLPFC-R,1243.3333,a75_a50_an,-0.0895108884569654
DLPFC-R,1243.3333,a75_an_ba,-0.6321526677653491
DLPFC-R,1244.1667,a50_an_ba,-0.5355128788879356
DLPFC-R,1244.1667,a75_a50_an,-0.09965979332876902
DLPFC-R,1244.1667,a75_an_ba,-0.6351726722167047
DLPFC-R,1245,a50_an_ba,-0.529813349464074
DLPFC-R,1245,a75_a50_an,-0.10845976077564055
DLPFC-R,1245,a75_an_ba,-0.6382731102397146
DLPFC-R,1245.8333,a50_an_ba,-0.5255970810917465
DLPFC-R,1245.8333,a75_a50_an,-0.11587247700868537
DLPFC-R,1245.8333,a75_an_ba,-0.6414695581004319
DLPFC-R,1246.6667,a50_an_ba,-0.5228816462526407
DLPFC-R,1246.6667,a75_a50_an,-0.12188236324818155
DLPFC-R,1246.6667,a75_an_ba,-0.6447640095008222
DLPFC-R,1247.5,a50_an_ba,-0.5216484185250337
DLPFC-R,1247.5,a75_a50_an,-0.12649530098046133
DLPFC-R,1247.5,a75_an_ba,-0.6481437195054951
DLPFC-R,1248.3333,a50_an_ba,-0.5218434529624495
DLPFC-R,1248.3333,a75_a50_an,-0.12973700149850073
DLPFC-R,1248.3333,a75_an_ba,-0.6515804544609503
DLPFC-R,1249.1667,a50_an_ba,-0.5233791080768752
DLPFC-R,1249.1667,a75_a50_an,-0.1316510703262935
DLPFC-R,1249.1667,a75_an_ba,-0.6550301784031687
DLPFC-R,1250,a50_an_ba,-0.5261363738229407
DLPFC-R,1250,a75_a50_an,-0.13229682223896366
DLPFC-R,1250,a75_an_ba,-0.6584331960619043
DLPFC-R,1250.8333,a50_an_ba,-0.5299678551927856
DLPFC-R,1250.8333,a75_a50_an,-0.13174690634988973
DLPFC-R,1250.8333,a75_an_ba,-0.6617147615426753
DLPFC-R,1251.6667,a50_an_ba,-0.5347013472715622
DLPFC-R,1251.6667,a75_a50_an,-0.13008480308220488
DLPFC-R,1251.6667,a75_an_ba,-0.664786150353767
DLPFC-R,1252.5,a50_an_ba,-0.5401439251641404
DLPFC-R,1252.5,a75_a50_an,-0.1274022557470191
DLPFC-R,1252.5,a75_an_ba,-0.6675461809111596
DLPFC-R,1253.3333,a50_an_ba,-0.5460864613515742
DLPFC-R,1253.3333,a75_a50_an,-0.1237966989185549
DLPFC-R,1253.3333,a75_an_ba,-0.6698831602701292
DLPFC-R,1254.1667,a50_an_ba,-0.5523084740055368
DLPFC-R,1254.1667,a75_a50_an,-0.11936874386339025
DLPFC-R,1254.1667,a75_an_ba,-0.671677217868927
DLPFC-R,1255,a50_an_ba,-0.5585832027767736
DLPFC-R,1255,a75_a50_an,-0.1142197780139457
DLPFC-R,1255,a75_an_ba,-0.6728029807907194
DLPFC-R,1255.8333,a50_an_ba,-0.5646828037339384
DLPFC-R,1255.8333,a75_a50_an,-0.10844973097161655
DLPFC-R,1255.8333,a75_an_ba,-0.673132534705555
DLPFC-R,1256.6667,a50_an_ba,-0.5703835525710272
DLPFC-R,1256.6667,a75_a50_an,-0.10215505390470313
DLPFC-R,1256.6667,a75_an_ba,-0.6725386064757304
DLPFC-R,1257.5,a50_an_ba,-0.5754709449853717
DLPFC-R,1257.5,a75_a50_an,-0.09542695261719464
DLPFC-R,1257.5,a75_an_ba,-0.6708978976025662
DLPFC-R,1258.3333,a50_an_ba,-0.579744585264989
DLPFC-R,1258.3333,a75_a50_an,-0.08834990717238071
DLPFC-R,1258.3333,a75_an_ba,-0.6680944924373696
DLPFC-R,1259.1667,a50_an_ba,-0.5830227585749767
DLPFC-R,1259.1667,a75_a50_an,-0.08100050294289186
DLPFC-R,1259.1667,a75_an_ba,-0.6640232615178685
DLPFC-R,1260,a50_an_ba,-0.5851465891088454
DLPFC-R,1260,a75_a50_an,-0.07344658952025795
DLPFC-R,1260,a75_an_ba,-0.6585931786291034
DLPFC-R,1260.8333,a50_an_ba,-0.5859836950361086
DLPFC-R,1260.8333,a75_a50_an,-0.06574677525415765
DLPFC-R,1260.8333,a75_an_ba,-0.6517304702902662
DLPFC-R,1261.6667,a50_an_ba,-0.5854312618506217
DLPFC-R,1261.6667,a75_a50_an,-0.05795025650859207
DLPFC-R,1261.6667,a75_an_ba,-0.6433815183592138
DLPFC-R,1262.5,a50_an_ba,-0.5834184680824255
DLPFC-R,1262.5,a75_a50_an,-0.0500969722220015
DLPFC-R,1262.5,a75_an_ba,-0.633515440304427
DLPFC-R,1263.3333,a50_an_ba,-0.5799082111198142
DLPFC-R,1263.3333,a75_a50_an,-0.04221806623676377
DLPFC-R,1263.3333,a75_an_ba,-0.6221262773565779
DLPFC-R,1264.1667,a50_an_ba,-0.5748980958072842
DLPFC-R,1264.1667,a75_a50_an,-0.03433663230617537
DLPFC-R,1264.1667,a75_an_ba,-0.6092347281134596
DLPFC-R,1265,a50_an_ba,-0.56842066422304
DLPFC-R,1265,a75_a50_an,-0.026468709864106408
DLPFC-R,1265,a75_an_ba,-0.5948893740871465
DLPFC-R,1265.8333,a50_an_ba,-0.5605428612626008
DLPFC-R,1265.8333,a75_a50_an,-0.018624492705934293
DLPFC-R,1265.8333,a75_an_ba,-0.5791673539685351
DLPFC-R,1266.6667,a50_an_ba,-0.5513647470168525
DLPFC-R,1266.6667,a75_a50_an,-0.010809707808912682
DLPFC-R,1266.6667,a75_an_ba,-0.5621744548257651
DLPFC-R,1267.5,a50_an_ba,-0.5410174830841549
DLPFC-R,1267.5,a75_a50_an,-0.003027117720828903
DLPFC-R,1267.5,a75_an_ba,-0.5440446008049837
DLPFC-R,1268.3333,a50_an_ba,-0.5296606355504809
DLPFC-R,1268.3333,a75_a50_an,0.004721902653970585
DLPFC-R,1268.3333,a75_an_ba,-0.5249387328965103
DLPFC-R,1269.1667,a50_an_ba,-0.5174788520741282
DLPFC-R,1269.1667,a75_a50_an,0.01243576539280905
DLPFC-R,1269.1667,a75_an_ba,-0.5050430866813191
DLPFC-R,1270,a50_an_ba,-0.5046779840050689
DLPFC-R,1270,a75_a50_an,0.020111095619732493
DLPFC-R,1270,a75_an_ba,-0.4845668883853364
DLPFC-R,1270.8333,a50_an_ba,-0.491480736462075
DLPFC-R,1270.8333,a75_a50_an,0.027741233720740156
DLPFC-R,1270.8333,a75_an_ba,-0.46373950274133485
DLPFC-R,1271.6667,a50_an_ba,-0.4781219395227599
DLPFC-R,1271.6667,a75_a50_an,0.03531486073115151
DLPFC-R,1271.6667,a75_an_ba,-0.4428070787916084
DLPFC-R,1272.5,a50_an_ba,-0.46484354192980243
DLPFC-R,1272.5,a75_a50_an,0.042814790360282164
DLPFC-R,1272.5,a75_an_ba,-0.4220287515695203
DLPFC-R,1273.3333,a50_an_ba,-0.45188943479974253
DLPFC-R,1273.3333,a75_a50_an,0.05021696649902783
DLPFC-R,1273.3333,a75_an_ba,-0.40167246830071474
DLPFC-R,1274.1667,a50_an_ba,-0.4395002166041354
DLPFC-R,1274.1667,a75_a50_an,0.05748969949054827
DLPFC-R,1274.1667,a75_an_ba,-0.3820105171135872
DLPFC-R,1275,a50_an_ba,-0.42790801209103696
DLPFC-R,1275,a75_a50_an,0.0645931680711463
DLPFC-R,1275,a75_an_ba,-0.36331484401989067
DLPFC-R,1275.8333,a50_an_ba,-0.41733145679322475
DLPFC-R,1275.8333,a75_a50_an,0.07147920686339418
DLPFC-R,1275.8333,a75_an_ba,-0.3458522499298306
DLPFC-R,1276.6667,a50_an_ba,-0.4079709553460626
DLPFC-R,1276.6667,a75_a50_an,0.07809139179723587
DLPFC-R,1276.6667,a75_an_ba,-0.32987956354882675
DLPFC-R,1277.5,a50_an_ba,-0.40000431608202885
DLPFC-R,1277.5,a75_a50_an,0.08436542802711663
DLPFC-R,1277.5,a75_an_ba,-0.31563888805491225
DLPFC-R,1278.3332999999998,a50_an_ba,-0.39358285640062624
DLPFC-R,1278.3332999999998,a75_a50_an,0.09022983699127579
DLPFC-R,1278.3332999999998,a75_an_ba,-0.3033530194093505
DLPFC-R,1279.1667,a50_an_ba,-0.38882806339973164
DLPFC-R,1279.1667,a75_a50_an,0.09560693141091539
DLPFC-R,1279.1667,a75_an_ba,-0.2932211319888163
DLPFC-R,1280,a50_an_ba,-0.3858288824100833
DLPFC-R,1280,a75_a50_an,0.10041405943834368
DLPFC-R,1280,a75_an_ba,-0.2854148229717396
DLPFC-R,1280.8333,a50_an_ba,-0.3846396926508305
DLPFC-R,1280.8333,a75_a50_an,0.1045650920127698
DLPFC-R,1280.8333,a75_an_ba,-0.2800746006380607
DLPFC-R,1281.6667,a50_an_ba,-0.38527901450846125
DLPFC-R,1281.6667,a75_a50_an,0.10797212093879875
DLPFC-R,1281.6667,a75_an_ba,-0.27730689356966254
DLPFC-R,1282.5,a50_an_ba,-0.3877289772492124
DLPFC-R,1282.5,a75_a50_an,0.1105473294190233
DLPFC-R,1282.5,a75_an_ba,-0.2771816478301891
DLPFC-R,1283.3333,a50_an_ba,-0.39193555964409676
DLPFC-R,1283.3333,a75_a50_an,0.11220499188400178
DLPFC-R,1283.3333,a75_an_ba,-0.279730567760095
DLPFC-R,1284.1667000000002,a50_an_ba,-0.39780959936747595
DLPFC-R,1284.1667000000002,a75_a50_an,0.11286355608479308
DLPFC-R,1284.1667000000002,a75_an_ba,-0.28494604328268286
DLPFC-R,1285,a50_an_ba,-0.40522855048342754
DLPFC-R,1285,a75_a50_an,0.11244775763569452
DLPFC-R,1285,a75_an_ba,-0.292780792847733
DLPFC-R,1285.8333,a50_an_ba,-0.4140389522169803
DLPFC-R,1285.8333,a75_a50_an,0.11089071558360354
DLPFC-R,1285.8333,a75_an_ba,-0.30314823663337676
DLPFC-R,1286.6667,a50_an_ba,-0.4240595568682092
DLPFC-R,1286.6667,a75_a50_an,0.10813595717345727
DLPFC-R,1286.6667,a75_an_ba,-0.3159235996947519
DLPFC-R,1287.5,a50_an_ba,-0.4350850504994814
DLPFC-R,1287.5,a75_a50_an,0.10413932078769712
DLPFC-R,1287.5,a75_an_ba,-0.33094572971178426
DLPFC-R,1288.3333,a50_an_ba,-0.4468902872185389
DLPFC-R,1288.3333,a75_a50_an,0.09887068804437163
DLPFC-R,1288.3333,a75_an_ba,-0.3480195991741673
DLPFC-R,1289.1667,a50_an_ba,-0.4592349467716236
DLPFC-R,1289.1667,a75_a50_an,0.09231549919918502
DLPFC-R,1289.1667,a75_an_ba,-0.36691944757243855
DLPFC-R,1290,a50_an_ba,-0.4718685159938651
DLPFC-R,1290,a75_a50_an,0.08447601024106009
DLPFC-R,1290,a75_an_ba,-0.387392505752805
DLPFC-R,1290.8333,a50_an_ba,-0.48453548763904336
DLPFC-R,1290.8333,a75_a50_an,0.0753722553037307
DLPFC-R,1290.8333,a75_an_ba,-0.40916323233531265
DLPFC-R,1291.6667,a50_an_ba,-0.49698066538208524
DLPFC-R,1291.6667,a75_a50_an,0.0650426841203547
DLPFC-R,1291.6667,a75_an_ba,-0.43193798126173055
DLPFC-R,1292.5,a50_an_ba,-0.5089544614596048
DLPFC-R,1292.5,a75_a50_an,0.053544451087526035
DLPFC-R,1292.5,a75_an_ba,-0.4554100103720787
DLPFC-R,1293.3333,a50_an_ba,-0.5202180735391779
DLPFC-R,1293.3333,a75_a50_an,0.04095333992646799
DLPFC-R,1293.3333,a75_an_ba,-0.4792647336127099
DLPFC-R,1294.1667,a50_an_ba,-0.5305484299860087
DLPFC-R,1294.1667,a75_a50_an,0.027363315766656925
DLPFC-R,1294.1667,a75_an_ba,-0.5031851142193517
DLPFC-R,1295,a50_an_ba,-0.5397427976719821
DLPFC-R,1295,a75_a50_an,0.012885704555996585
DLPFC-R,1295,a75_an_ba,-0.5268570931159855
DLPFC-R,1295.8333,a50_an_ba,-0.5476229537405958
DLPFC-R,1295.8333,a75_a50_an,-0.002351992158289713
DLPFC-R,1295.8333,a75_an_ba,-0.5499749458988855
DLPFC-R,1296.6667,a50_an_ba,-0.5540388321453694
DLPFC-R,1296.6667,a75_a50_an,-0.018207631013537142
DLPFC-R,1296.6667,a75_an_ba,-0.5722464631589066
DLPFC-R,1297.5,a50_an_ba,-0.5588715671161164
DLPFC-R,1297.5,a75_a50_an,-0.034526285393189395
DLPFC-R,1297.5,a75_an_ba,-0.5933978525093058
DLPFC-R,1298.3333,a50_an_ba,-0.5620358687314366
DLPFC-R,1298.3333,a75_a50_an,-0.051142397725452544
DLPFC-R,1298.3333,a75_an_ba,-0.6131782664568891
DLPFC-R,1299.1667,a50_an_ba,-0.5634816802048119
DLPFC-R,1299.1667,a75_a50_an,-0.0678821878540581
DLPFC-R,1299.1667,a75_an_ba,-0.63136386805887
DLPFC-R,1300,a50_an_ba,-0.5631950820122963
DLPFC-R,1300,a75_a50_an,-0.0845662739674513
DLPFC-R,1300,a75_an_ba,-0.6477613559797475
DLPFC-R,1300.8333,a50_an_ba,-0.5611984242650697
DLPFC-R,1300.8333,a75_a50_an,-0.101012457627896
DLPFC-R,1300.8333,a75_an_ba,-0.6622108818929657
DLPFC-R,1301.6667,a50_an_ba,-0.5575496854058475
DLPFC-R,1301.6667,a75_a50_an,-0.11703862050995475
DLPFC-R,1301.6667,a75_an_ba,-0.6745883059158022
DLPFC-R,1302.5,a50_an_ba,-0.5523410720216104
DLPFC-R,1302.5,a75_a50_an,-0.13246567762417147
DLPFC-R,1302.5,a75_an_ba,-0.6848067496457818
DLPFC-R,1303.3333,a50_an_ba,-0.5456968909523694
DLPFC-R,1303.3333,a75_a50_an,-0.1471205301284179
DLPFC-R,1303.3333,a75_an_ba,-0.6928174210807874
DLPFC-R,1304.1667,a50_an_ba,-0.537770740579693
DLPFC-R,1304.1667,a75_a50_an,-0.16083896035214265
DLPFC-R,1304.1667,a75_an_ba,-0.6986097009318357
DLPFC-R,1305,a50_an_ba,-0.5287420828574032
DLPFC-R,1305,a75_a50_an,-0.1734684123876817
DLPFC-R,1305,a75_an_ba,-0.7022104952450849
DLPFC-R,1305.8333,a50_an_ba,-0.5188122709802285
DLPFC-R,1305.8333,a75_a50_an,-0.1848706035211843
DLPFC-R,1305.8333,a75_an_ba,-0.7036828745014129
DLPFC-R,1306.6667,a50_an_ba,-0.5082001192837056
DLPFC-R,1306.6667,a75_a50_an,-0.19492391484159347
DLPFC-R,1306.6667,a75_an_ba,-0.703124034125299
DLPFC-R,1307.5,a50_an_ba,-0.4971371117755071
DLPFC-R,1307.5,a75_a50_an,-0.2035255135120554
DLPFC-R,1307.5,a75_an_ba,-0.7006626252875625
DLPFC-R,1308.3333,a50_an_ba,-0.4858623534009765
DLPFC-R,1308.3333,a75_a50_an,-0.21059316432457553
DLPFC-R,1308.3333,a75_an_ba,-0.696455517725552
DLPFC-R,1309.1667,a50_an_ba,-0.47461737357666745
DLPFC-R,1309.1667,a75_a50_an,-0.21606669417392108
DLPFC-R,1309.1667,a75_an_ba,-0.6906840677505885
DLPFC-R,1310,a50_an_ba,-0.4636408945673113
DLPFC-R,1310,a75_a50_an,-0.21990907985174826
DLPFC-R,1310,a75_an_ba,-0.6835499744190595
DLPFC-R,1310.8333,a50_an_ba,-0.45316367786866796
DLPFC-R,1310.8333,a75_a50_an,-0.2221071369311757
DLPFC-R,1310.8333,a75_an_ba,-0.6752708147998436
DLPFC-R,1311.6667,a50_an_ba,-0.4434035598795703
DLPFC-R,1311.6667,a75_a50_an,-0.2226717953285711
DLPFC-R,1311.6667,a75_an_ba,-0.6660753552081414
DLPFC-R,1312.5,a50_an_ba,-0.4345607838437841
DLPFC-R,1312.5,a75_a50_an,-0.22163795522708074
DLPFC-R,1312.5,a75_an_ba,-0.6561987390708649
DLPFC-R,1313.3333,a50_an_ba,-0.4268137284119501
DLPFC-R,1313.3333,a75_a50_an,-0.2190639252544331
DLPFC-R,1313.3333,a75_an_ba,-0.6458776536663832
DLPFC-R,1314.1667,a50_an_ba,-0.4203151243626357
DLPFC-R,1314.1667,a75_a50_an,-0.21503045295355333
DLPFC-R,1314.1667,a75_an_ba,-0.635345577316189
DLPFC-R,1315,a50_an_ba,-0.4151888402242211
DLPFC-R,1315,a75_a50_an,-0.20963936549882922
DLPFC-R,1315,a75_an_ba,-0.6248282057230503
DLPFC-R,1315.8333,a50_an_ba,-0.4115273049942985
DLPFC-R,1315.8333,a75_a50_an,-0.20301184612968073
DLPFC-R,1315.8333,a75_an_ba,-0.6145391511239793
DLPFC-R,1316.6667,a50_an_ba,-0.4093896221370998
DLPFC-R,1316.6667,a75_a50_an,-0.19528637874275137
DLPFC-R,1316.6667,a75_an_ba,-0.6046760008798512
DLPFC-R,1317.5,a50_an_ba,-0.40880041386115806
DLPFC-R,1317.5,a75_a50_an,-0.18661639936323043
DLPFC-R,1317.5,a75_an_ba,-0.5954168132243886
DLPFC-R,1318.3333,a50_an_ba,-0.40974941867311276
DLPFC-R,1318.3333,a75_a50_an,-0.17716769867954982
DLPFC-R,1318.3333,a75_an_ba,-0.5869171173526626
DLPFC-R,1319.1667,a50_an_ba,-0.412191848721812
DLPFC-R,1319.1667,a75_a50_an,-0.16711562436710128
DLPFC-R,1319.1667,a75_an_ba,-0.5793074730889133
DLPFC-R,1320,a50_an_ba,-0.4160494968520174
DLPFC-R,1320,a75_a50_an,-0.1566421354594814
DLPFC-R,1320,a75_an_ba,-0.5726916323114988
DLPFC-R,1320.8333,a50_an_ba,-0.42121256694408454
DLPFC-R,1320.8333,a75_a50_an,-0.14593276348609732
DLPFC-R,1320.8333,a75_an_ba,-0.5671453304301818
DLPFC-R,1321.6667,a50_an_ba,-0.4275421853837793
DLPFC-R,1321.6667,a75_a50_an,-0.13517353644209723
DLPFC-R,1321.6667,a75_an_ba,-0.5627157218258765
DLPFC-R,1322.5,a50_an_ba,-0.4348735367302281
DLPFC-R,1322.5,a75_a50_an,-0.12454792187371636
DLPFC-R,1322.5,a75_an_ba,-0.5594214586039444
DLPFC-R,1323.3333,a50_an_ba,-0.44301955315366276
DLPFC-R,1323.3333,a75_a50_an,-0.11423384445697543
DLPFC-R,1323.3333,a75_an_ba,-0.5572533976106382
DLPFC-R,1324.1667,a50_an_ba,-0.4517750752932596
DLPFC-R,1324.1667,a75_a50_an,-0.10440083145083262
DLPFC-R,1324.1667,a75_an_ba,-0.5561759067440922
DLPFC-R,1325,a50_an_ba,-0.4609213920992844
DLPFC-R,1325,a75_a50_an,-0.09520733637165511
DLPFC-R,1325,a75_an_ba,-0.5561287284709395
DLPFC-R,1325.8333,a50_an_ba,-0.47023105919206304
DLPFC-R,1325.8333,a75_a50_an,-0.0867982872388008
DLPFC-R,1325.8333,a75_an_ba,-0.5570293464308639
DLPFC-R,1326.6667,a50_an_ba,-0.4794728894667893
DLPFC-R,1326.6667,a75_a50_an,-0.0793029008758891
DLPFC-R,1326.6667,a75_an_ba,-0.5587757903426784
DLPFC-R,1327.5,a50_an_ba,-0.4884170062218542
DLPFC-R,1327.5,a75_a50_an,-0.0728327991303889
DLPFC-R,1327.5,a75_an_ba,-0.5612498053522431
DLPFC-R,1328.3333,a50_an_ba,-0.49683984806113535
DLPFC-R,1328.3333,a75_a50_an,-0.06748045662141326
DLPFC-R,1328.3333,a75_an_ba,-0.5643203046825486
DLPFC-R,1329.1667,a50_an_ba,-0.5045290162356914
DLPFC-R,1329.1667,a75_a50_an,-0.06331800287954022
DLPFC-R,1329.1667,a75_an_ba,-0.5678470191152316
DLPFC-R,1330,a50_an_ba,-0.5112878589113693
DLPFC-R,1330,a75_a50_an,-0.060396394649129104
DLPFC-R,1330,a75_an_ba,-0.5716842535604983
DLPFC-R,1330.8333,a50_an_ba,-0.5169396929867189
DLPFC-R,1330.8333,a75_a50_an,-0.05874496683382897
DLPFC-R,1330.8333,a75_an_ba,-0.575684659820548
DLPFC-R,1331.6667,a50_an_ba,-0.5213315723995473
DLPFC-R,1331.6667,a75_a50_an,-0.0583713632326824
DLPFC-R,1331.6667,a75_an_ba,-0.5797029356322296
DLPFC-R,1332.5,a50_an_ba,-0.5243375221617362
DLPFC-R,1332.5,a75_a50_an,-0.059261840988838035
DLPFC-R,1332.5,a75_an_ba,-0.5835993631505743
DLPFC-R,1333.3333,a50_an_ba,-0.525861169417967
DLPFC-R,1333.3333,a75_a50_an,-0.061381935701620614
DLPFC-R,1333.3333,a75_an_ba,-0.5872431051195875
DLPFC-R,1334.1667,a50_an_ba,-0.5258377163634115
DLPFC-R,1334.1667,a75_a50_an,-0.0646774675744929
DLPFC-R,1334.1667,a75_an_ba,-0.5905151839379044
DLPFC-R,1335,a50_an_ba,-0.5242352145745629
DLPFC-R,1335,a75_a50_an,-0.0690758629138831
DLPFC-R,1335,a75_an_ba,-0.593311077488446
DLPFC-R,1335.8333,a50_an_ba,-0.5210551158764807
DLPFC-R,1335.8333,a75_a50_an,-0.07448775987165109
DLPFC-R,1335.8333,a75_an_ba,-0.5955428757481318
DLPFC-R,1336.6667,a50_an_ba,-0.5163320909409707
DLPFC-R,1336.6667,a75_a50_an,-0.08080886263587055
DLPFC-R,1336.6667,a75_an_ba,-0.5971409535768413
DLPFC-R,1337.5,a50_an_ba,-0.5101331230250021
DLPFC-R,1337.5,a75_a50_an,-0.087922004402134
DLPFC-R,1337.5,a75_an_ba,-0.5980551274271362
DLPFC-R,1338.3333,a50_an_ba,-0.5025559002560613
DLPFC-R,1338.3333,a75_a50_an,-0.09569937646316001
DLPFC-R,1338.3333,a75_an_ba,-0.5982552767192214
DLPFC-R,1339.1667,a50_an_ba,-0.49372654529524146
DLPFC-R,1339.1667,a75_a50_an,-0.10400487868066217
DLPFC-R,1339.1667,a75_an_ba,-0.5977314239759036
DLPFC-R,1340,a50_an_ba,-0.48379673571797405
DLPFC-R,1340,a75_a50_an,-0.11269654547225967
DLPFC-R,1340,a75_an_ba,-0.5964932811902337
DLPFC-R,1340.8332999999998,a50_an_ba,-0.4729402817249444
DLPFC-R,1340.8332999999998,a75_a50_an,-0.12162900125910904
DLPFC-R,1340.8332999999998,a75_an_ba,-0.5945692829840534
DLPFC-R,1341.6667,a50_an_ba,-0.46134923953944607
DLPFC-R,1341.6667,a75_a50_an,-0.13065590005812533
DLPFC-R,1341.6667,a75_an_ba,-0.5920051395975714
DLPFC-R,1342.5,a50_an_ba,-0.44922964880393684
DLPFC-R,1342.5,a75_a50_an,-0.1396323055281046
DLPFC-R,1342.5,a75_an_ba,-0.5888619543320415
DLPFC-R,1343.3333,a50_an_ba,-0.4367969902404965
DLPFC-R,1343.3333,a75_a50_an,-0.1484169702352986
DLPFC-R,1343.3333,a75_an_ba,-0.5852139604757951
DLPFC-R,1344.1667,a50_an_ba,-0.4242714656150002
DLPFC-R,1344.1667,a75_a50_an,-0.15687447611830269
DLPFC-R,1344.1667,a75_an_ba,-0.5811459417333028
DLPFC-R,1345,a50_an_ba,-0.41187320551995404
DLPFC-R,1345,a75_a50_an,-0.16487720201704606
DLPFC-R,1345,a75_an_ba,-0.576750407537
DLPFC-R,1345.8333,a50_an_ba,-0.3998175115950321
DLPFC-R,1345.8333,a75_a50_an,-0.17230708858649826
DLPFC-R,1345.8333,a75_an_ba,-0.5721246001815303
DLPFC-R,1346.6667000000002,a50_an_ba,-0.3883102385193118
DLPFC-R,1346.6667000000002,a75_a50_an,-0.17905717583276845
DLPFC-R,1346.6667000000002,a75_an_ba,-0.5673674143520803
DLPFC-R,1347.5,a50_an_ba,-0.3775434174709092
DLPFC-R,1347.5,a75_a50_an,-0.18503289377088325
DLPFC-R,1347.5,a75_an_ba,-0.5625763112417924
DLPFC-R,1348.3333,a50_an_ba,-0.3676912168467459
DLPFC-R,1348.3333,a75_a50_an,-0.19015309218837873
DLPFC-R,1348.3333,a75_an_ba,-0.5578443090351246
DLPFC-R,1349.1667,a50_an_ba,-0.35890632800674704
DLPFC-R,1349.1667,a75_a50_an,-0.19435080108416505
DLPFC-R,1349.1667,a75_an_ba,-0.5532571290909121
DLPFC-R,1350,a50_an_ba,-0.35131685383979205
DLPFC-R,1350,a75_a50_an,-0.1975737189160467
DLPFC-R,1350,a75_an_ba,-0.5488905727558387
DLPFC-R,1350.8333,a50_an_ba,-0.345023766273198
DLPFC-R,1350.8333,a75_a50_an,-0.19978443121522999
DLPFC-R,1350.8333,a75_an_ba,-0.5448081974884279
DLPFC-R,1351.6667,a50_an_ba,-0.34009898573141134
DLPFC-R,1351.6667,a75_a50_an,-0.2009603673003471
DLPFC-R,1351.6667,a75_an_ba,-0.5410593530317584
DLPFC-R,1352.5,a50_an_ba,-0.33658412129302107
DLPFC-R,1352.5,a75_a50_an,-0.20109350764446896
DLPFC-R,1352.5,a75_an_ba,-0.5376776289374899
DLPFC-R,1353.3333,a50_an_ba,-0.33448989522290584
DLPFC-R,1353.3333,a75_a50_an,-0.2001898588244196
DLPFC-R,1353.3333,a75_an_ba,-0.5346797540473254
DLPFC-R,1354.1667,a50_an_ba,-0.3337962600112487
DLPFC-R,1354.1667,a75_a50_an,-0.19826871683299296
DLPFC-R,1354.1667,a75_an_ba,-0.5320649768442417
DLPFC-R,1355,a50_an_ba,-0.33445320038579773
DLPFC-R,1355,a75_a50_an,-0.1953617427965771
DLPFC-R,1355,a75_an_ba,-0.5298149431823748
DLPFC-R,1355.8333,a50_an_ba,-0.3363821973326676
DLPFC-R,1355.8333,a75_a50_an,-0.19151187776317974
DLPFC-R,1355.8333,a75_an_ba,-0.5278940750958474
DLPFC-R,1356.6667,a50_an_ba,-0.3394783163128337
DLPFC-R,1356.6667,a75_a50_an,-0.18677212517492764
DLPFC-R,1356.6667,a75_an_ba,-0.5262504414877613
DLPFC-R,1357.5,a50_an_ba,-0.3436128679306099
DLPFC-R,1357.5,a75_a50_an,-0.18120423089734733
DLPFC-R,1357.5,a75_an_ba,-0.5248170988279572
DLPFC-R,1358.3333,a50_an_ba,-0.34863657661010367
DLPFC-R,1358.3333,a75_a50_an,-0.1748772912435185
DLPFC-R,1358.3333,a75_an_ba,-0.5235138678536222
DLPFC-R,1359.1667,a50_an_ba,-0.3543831816502236
DLPFC-R,1359.1667,a75_a50_an,-0.16786631931910978
DLPFC-R,1359.1667,a75_an_ba,-0.5222495009693333
DLPFC-R,1360,a50_an_ba,-0.3606733856080147
DLPFC-R,1360,a75_a50_an,-0.1602507992537884
DLPFC-R,1360,a75_an_ba,-0.5209241848618031
DLPFC-R,1360.8333,a50_an_ba,-0.3673190575126643
DLPFC-R,1360.8333,a75_a50_an,-0.1521132565189565
DLPFC-R,1360.8333,a75_an_ba,-0.5194323140316208
DLPFC-R,1361.6667,a50_an_ba,-0.37412759310238625
DLPFC-R,1361.6667,a75_a50_an,-0.14353787061710596
DLPFC-R,1361.6667,a75_an_ba,-0.5176654637194922
DLPFC-R,1362.5,a50_an_ba,-0.3809063312182797
DLPFC-R,1362.5,a75_a50_an,-0.13460915403103452
DLPFC-R,1362.5,a75_an_ba,-0.5155154852493142
DLPFC-R,1363.3333,a50_an_ba,-0.3874669247464976
DLPFC-R,1363.3333,a75_a50_an,-0.12541071851738775
DLPFC-R,1363.3333,a75_an_ba,-0.5128776432638853
DLPFC-R,1364.1667,a50_an_ba,-0.3936295660834054
DLPFC-R,1364.1667,a75_a50_an,-0.1160241467008965
DLPFC-R,1364.1667,a75_an_ba,-0.5096537127843018
DLPFC-R,1365,a50_an_ba,-0.3992269709651591
DLPFC-R,1365,a75_a50_an,-0.1065279835606626
DLPFC-R,1365,a75_an_ba,-0.5057549545258216
DLPFC-R,1365.8333,a50_an_ba,-0.4041080305593653
DLPFC-R,1365.8333,a75_a50_an,-0.09699685888708835
DLPFC-R,1365.8333,a75_an_ba,-0.5011048894464536
DLPFC-R,1366.6667,a50_an_ba,-0.4081410498175659
DLPFC-R,1366.6667,a75_a50_an,-0.08750074821799357
DLPFC-R,1366.6667,a75_an_ba,-0.4956417980355594
DLPFC-R,1367.5,a50_an_ba,-0.41121650004335064
DLPFC-R,1367.5,a75_a50_an,-0.07810437622226846
DLPFC-R,1367.5,a75_an_ba,-0.4893208762656191
DLPFC-R,1368.3333,a50_an_ba,-0.4132492252089581
DLPFC-R,1368.3333,a75_a50_an,-0.06886676307337888
DLPFC-R,1368.3333,a75_an_ba,-0.48211598828233704
DLPFC-R,1369.1667,a50_an_ba,-0.4141800544845783
DLPFC-R,1369.1667,a75_a50_an,-0.059840911120583075
DLPFC-R,1369.1667,a75_an_ba,-0.4740209656051614
DLPFC-R,1370,a50_an_ba,-0.4139767874293206
DLPFC-R,1370,a75_a50_an,-0.05107362619310771
DLPFC-R,1370,a75_an_ba,-0.46505041362242827
DLPFC-R,1370.8333,a50_an_ba,-0.41263453300806757
DLPFC-R,1370.8333,a75_a50_an,-0.04260546522228211
DLPFC-R,1370.8333,a75_an_ba,-0.45523999823034966
DLPFC-R,1371.6667,a50_an_ba,-0.4101753987044858
DLPFC-R,1371.6667,a75_a50_an,-0.034470799589425005
DLPFC-R,1371.6667,a75_an_ba,-0.4446461982939108
DLPFC-R,1372.5,a50_an_ba,-0.4066475411498154
DLPFC-R,1372.5,a75_a50_an,-0.02669798174160395
DLPFC-R,1372.5,a75_an_ba,-0.4333455228914193
DLPFC-R,1373.3333,a50_an_ba,-0.40212360453097623
DLPFC-R,1373.3333,a75_a50_an,-0.01930960119051823
DLPFC-R,1373.3333,a75_an_ba,-0.42143320572149445
DLPFC-R,1374.1667,a50_an_ba,-0.3966985872394338
DLPFC-R,1374.1667,a75_a50_an,-0.012322815035861365
DLPFC-R,1374.1667,a75_an_ba,-0.40902140227529515
DLPFC-R,1375,a50_an_ba,-0.39048719044827995
DLPFC-R,1375,a75_a50_an,-0.005749737635931955
DLPFC-R,1375,a75_an_ba,-0.3962369280842119
DLPFC-R,1375.8333,a50_an_ba,-0.3836207142561353
DLPFC-R,1375.8333,a75_a50_an,4.021260249221284e-4
DLPFC-R,1375.8333,a75_an_ba,-0.3832185882312132
DLPFC-R,1376.6667,a50_an_ba,-0.376243577439301
DLPFC-R,1376.6667,a75_a50_an,0.006129418371629552
DLPFC-R,1376.6667,a75_an_ba,-0.3701141590676714
DLPFC-R,1377.5,a50_an_ba,-0.3685095454703982
DLPFC-R,1377.5,a75_a50_an,0.011432453032997173
DLPFC-R,1377.5,a75_an_ba,-0.35707709243740104
DLPFC-R,1378.3333,a50_an_ba,-0.3605777580960141
DLPFC-R,1378.3333,a75_a50_an,0.016314737657976506
DLPFC-R,1378.3333,a75_an_ba,-0.34426302043803764
DLPFC-R,1379.1667,a50_an_ba,-0.35260865226681054
DLPFC-R,1379.1667,a75_a50_an,0.02078250762010828
DLPFC-R,1379.1667,a75_an_ba,-0.3318261446467023
DLPFC-R,1380,a50_an_ba,-0.344759878479384
DLPFC-R,1380,a75_a50_an,0.02484428083459837
DLPFC-R,1380,a75_an_ba,-0.3199155976447856
DLPFC-R,1380.8333,a50_an_ba,-0.3371823085694722
DLPFC-R,1380.8333,a75_a50_an,0.028510442084873577
DLPFC-R,1380.8333,a75_an_ba,-0.30867186648459854
DLPFC-R,1381.6667,a50_an_ba,-0.3300162306931271
DLPFC-R,1381.6667,a75_a50_an,0.0317928633057775
DLPFC-R,1381.6667,a75_an_ba,-0.2982233673873496
DLPFC-R,1382.5,a50_an_ba,-0.3233878227006116
DLPFC-R,1382.5,a75_a50_an,0.034704564263568986
DLPFC-R,1382.5,a75_an_ba,-0.2886832584370426
DLPFC-R,1383.3333,a50_an_ba,-0.3174059884529229
DLPFC-R,1383.3333,a75_a50_an,0.037259416072823896
DLPFC-R,1383.3333,a75_an_ba,-0.280146572380099
DLPFC-R,1384.1667,a50_an_ba,-0.3121596330073237
DLPFC-R,1384.1667,a75_a50_an,0.03947188805902263
DLPFC-R,1384.1667,a75_an_ba,-0.27268774494830106
DLPFC-R,1385,a50_an_ba,-0.30771544220581043
DLPFC-R,1385,a75_a50_an,0.041356836671063116
DLPFC-R,1385,a75_an_ba,-0.26635860553474733
DLPFC-R,1385.8333,a50_an_ba,-0.30411622027922314
DLPFC-R,1385.8333,a75_a50_an,0.04292933352240025
DLPFC-R,1385.8333,a75_an_ba,-0.26118688675682283
DLPFC-R,1386.6667,a50_an_ba,-0.3013798259051212
DLPFC-R,1386.6667,a75_a50_an,0.04420452823874266
DLPFC-R,1386.6667,a75_an_ba,-0.25717529766637853
DLPFC-R,1387.5,a50_an_ba,-0.2994987330336784
DLPFC-R,1387.5,a75_a50_an,0.04519754065166311
DLPFC-R,1387.5,a75_an_ba,-0.2543011923820153
DLPFC-R,1388.3333,a50_an_ba,-0.2984402280486765
DLPFC-R,1388.3333,a75_a50_an,0.04592337602992998
DLPFC-R,1388.3333,a75_an_ba,-0.25251685201874646
DLPFC-R,1389.1667,a50_an_ba,-0.29814723980064134
DLPFC-R,1389.1667,a75_a50_an,0.046396856502929816
DLPFC-R,1389.1667,a75_an_ba,-0.25175038329771154
DLPFC-R,1390,a50_an_ba,-0.29853978408296267
DLPFC-R,1390,a75_a50_an,0.04663256161253586
DLPFC-R,1390,a75_an_ba,-0.2519072224704268
DLPFC-R,1390.8333,a50_an_ba,-0.29951698956538814
DLPFC-R,1390.8333,a75_a50_an,0.04664477103042464
DLPFC-R,1390.8333,a75_an_ba,-0.2528722185349635
DLPFC-R,1391.6667,a50_an_ba,-0.30095965838861716
DLPFC-R,1391.6667,a75_a50_an,0.04644740288644942
DLPFC-R,1391.6667,a75_an_ba,-0.2545122555021677
DLPFC-R,1392.5,a50_an_ba,-0.3027333018784963
DLPFC-R,1392.5,a75_a50_an,0.046053941850357556
DLPFC-R,1392.5,a75_an_ba,-0.25667936002813874
DLPFC-R,1393.3333,a50_an_ba,-0.3046915804535412
DLPFC-R,1393.3333,a75_a50_an,0.04547735206490778
DLPFC-R,1393.3333,a75_an_ba,-0.25921422838863345
DLPFC-R,1394.1667,a50_an_ba,-0.3066800670393972
DLPFC-R,1394.1667,a75_a50_an,0.044729971206851925
DLPFC-R,1394.1667,a75_an_ba,-0.26195009583254525
DLPFC-R,1395,a50_an_ba,-0.30854024539560077
DLPFC-R,1395,a75_a50_an,0.04382338330998226
DLPFC-R,1395,a75_an_ba,-0.2647168620856185
DLPFC-R,1395.8333,a50_an_ba,-0.31011364888838755
DLPFC-R,1395.8333,a75_a50_an,0.04276826947265837
DLPFC-R,1395.8333,a75_an_ba,-0.26734537941572917
DLPFC-R,1396.6667,a50_an_ba,-0.31124604154676616
DLPFC-R,1396.6667,a75_a50_an,0.04157423713854165
DLPFC-R,1396.6667,a75_an_ba,-0.2696718044082245
DLPFC-R,1397.5,a50_an_ba,-0.3117915418064171
DLPFC-R,1397.5,a75_a50_an,0.04024963022827641
DLPFC-R,1397.5,a75_an_ba,-0.27154191157814067
DLPFC-R,1398.3333,a50_an_ba,-0.31161659021417437
DLPFC-R,1398.3333,a75_a50_an,0.03880132395598493
DLPFC-R,1398.3333,a75_an_ba,-0.2728152662581894
DLPFC-R,1399.1667,a50_an_ba,-0.3106036655193735
DLPFC-R,1399.1667,a75_a50_an,0.03723450963228173
DLPFC-R,1399.1667,a75_an_ba,-0.27336915588709176
DLPFC-R,1400,a50_an_ba,-0.30865465894936445
DLPFC-R,1400,a75_a50_an,0.03555247608252371
DLPFC-R,1400,a75_an_ba,-0.27310218286684074
DLPFC-R,1400.8333,a50_an_ba,-0.305693823936608
DLPFC-R,1400.8333,a75_a50_an,0.03375639544621473
DLPFC-R,1400.8333,a75_an_ba,-0.27193742849039326
DLPFC-R,1401.6667,a50_an_ba,-0.30167022796715987
DLPFC-R,1401.6667,a75_a50_an,0.03184512202735444
DLPFC-R,1401.6667,a75_an_ba,-0.2698251059398054
DLPFC-R,1402.5,a50_an_ba,-0.2965596443444046
DLPFC-R,1402.5,a75_a50_an,0.029815013499024073
DLPFC-R,1402.5,a75_an_ba,-0.2667446308453805
DLPFC-R,1403.3332999999998,a50_an_ba,-0.2903658342568782
DLPFC-R,1403.3332999999998,a75_a50_an,0.02765978409928948
DLPFC-R,1403.3332999999998,a75_an_ba,-0.26270605015758874
DLPFC-R,1404.1667,a50_an_ba,-0.2831211833210298
DLPFC-R,1404.1667,a75_a50_an,0.02537039946873273
DLPFC-R,1404.1667,a75_an_ba,-0.25775078385229705
DLPFC-R,1405,a50_an_ba,-0.27488667142676737
DLPFC-R,1405,a75_a50_an,0.022935022460894627
DLPFC-R,1405,a75_an_ba,-0.25195164896587274
DLPFC-R,1405.8333,a50_an_ba,-0.2657511699139053
DLPFC-R,1405.8333,a75_a50_an,0.02033901860357681
DLPFC-R,1405.8333,a75_an_ba,-0.24541215131032848
DLPFC-R,1406.6667,a50_an_ba,-0.2558300755061226
DLPFC-R,1406.6667,a75_a50_an,0.017565028908939684
DLPFC-R,1406.6667,a75_an_ba,-0.2382650465971829
DLPFC-R,1407.5,a50_an_ba,-0.24526330567615126
DLPFC-R,1407.5,a75_a50_an,0.014593116440894185
DLPFC-R,1407.5,a75_an_ba,-0.2306701892352571
DLPFC-R,1408.3333,a50_an_ba,-0.23421269486457752
DLPFC-R,1408.3333,a75_a50_an,0.011400991475988338
DLPFC-R,1408.3333,a75_an_ba,-0.2228117033885892
DLPFC-R,1409.1667000000002,a50_an_ba,-0.222858844888911
DLPFC-R,1409.1667000000002,a75_a50_an,0.00796431827388026
DLPFC-R,1409.1667000000002,a75_an_ba,-0.21489452661503078
DLPFC-R,1410,a50_an_ba,-0.21139749564187818
DLPFC-R,1410,a75_a50_an,0.00425710444870252
DLPFC-R,1410,a75_an_ba,-0.20714039119317565
DLPFC-R,1410.8333,a50_an_ba,-0.2000354934960742
DLPFC-R,1410.8333,a75_a50_an,2.521717526052835e-4
DLPFC-R,1410.8333,a75_an_ba,-0.1997833217434689
DLPFC-R,1411.6667,a50_an_ba,-0.1889864444467211
DLPFC-R,1411.6667,a75_a50_an,-0.00407829519705356
DLPFC-R,1411.6667,a75_an_ba,-0.19306473964377469
DLPFC-R,1412.5,a50_an_ba,-0.17846614671352518
DLPFC-R,1412.5,a75_a50_an,-0.008762128036081679
DLPFC-R,1412.5,a75_an_ba,-0.18722827474960685
DLPFC-R,1413.3333,a50_an_ba,-0.16868790310831736
DLPFC-R,1413.3333,a75_a50_an,-0.013826489705918668
DLPFC-R,1413.3333,a75_an_ba,-0.182514392814236
DLPFC-R,1414.1667,a50_an_ba,-0.15985781682618685
DLPFC-R,1414.1667,a75_a50_an,-0.01929713574420001
DLPFC-R,1414.1667,a75_an_ba,-0.17915495257038688
DLPFC-R,1415,a50_an_ba,-0.15217017535315555
DLPFC-R,1415,a75_a50_an,-0.025197634186648523
DLPFC-R,1415,a75_an_ba,-0.17736780953980408
DLPFC-R,1415.8333,a50_an_ba,-0.1458030258744934
DLPFC-R,1415.8333,a75_a50_an,-0.03154855831671025
DLPFC-R,1415.8333,a75_an_ba,-0.17735158419120364
DLPFC-R,1416.6667,a50_an_ba,-0.14091404193829343
DLPFC-R,1416.6667,a75_a50_an,-0.038366668100283684
DLPFC-R,1416.6667,a75_an_ba,-0.17928071003857712
DLPFC-R,1417.5,a50_an_ba,-0.1376367752551729
DLPFC-R,1417.5,a75_a50_an,-0.045664097431168546
DLPFC-R,1417.5,a75_an_ba,-0.18330087268634143
DLPFC-R,1418.3333,a50_an_ba,-0.13607737852359125
DLPFC-R,1418.3333,a75_a50_an,-0.053447565244098036
DLPFC-R,1418.3333,a75_an_ba,-0.1895249437676893
DLPFC-R,1419.1667,a50_an_ba,-0.13631187523557037
DLPFC-R,1419.1667,a75_a50_an,-0.06171762909087523
DLPFC-R,1419.1667,a75_an_ba,-0.1980295043264456
DLPFC-R,1420,a50_an_ba,-0.13838404075784852
DLPFC-R,1420,a75_a50_an,-0.07046799989376436
DLPFC-R,1420,a75_an_ba,-0.2088520406516129
DLPFC-R,1420.8333,a50_an_ba,-0.14230394585542402
DLPFC-R,1420.8333,a75_a50_an,-0.0796849362721374
DLPFC-R,1420.8333,a75_an_ba,-0.22198888212756143
DLPFC-R,1421.6667,a50_an_ba,-0.1480471995183939
DLPFC-R,1421.6667,a75_a50_an,-0.08934673607612999
DLPFC-R,1421.6667,a75_an_ba,-0.2373939355945239
DLPFC-R,1422.5,a50_an_ba,-0.15555491278541803
DLPFC-R,1422.5,a75_a50_an,-0.09942334155922475
DLPFC-R,1422.5,a75_an_ba,-0.2549782543446428
DLPFC-R,1423.3333,a50_an_ba,-0.1647343895642461
DLPFC-R,1423.3333,a75_a50_an,-0.1098760729943745
DLPFC-R,1423.3333,a75_an_ba,-0.2746104625586206
DLPFC-R,1424.1667,a50_an_ba,-0.1754605345795709
DLPFC-R,1424.1667,a75_a50_an,-0.1206575035113086
DLPFC-R,1424.1667,a75_an_ba,-0.2961180380908795
DLPFC-R,1425,a50_an_ba,-0.18757795288316662
DLPFC-R,1425,a75_a50_an,-0.13171148554107365
DLPFC-R,1425,a75_an_ba,-0.3192894384242403
DLPFC-R,1425.8333,a50_an_ba,-0.20090370018921633
DLPFC-R,1425.8333,a75_a50_an,-0.14297333654289715
DLPFC-R,1425.8333,a75_an_ba,-0.34387703673211345
DLPFC-R,1426.6667,a50_an_ba,-0.21523062898583284
DLPFC-R,1426.6667,a75_a50_an,-0.15437018871103939
DLPFC-R,1426.6667,a75_an_ba,-0.36960081769687225
DLPFC-R,1427.5,a50_an_ba,-0.2303312622395919
DLPFC-R,1427.5,a75_a50_an,-0.16582150417660654
DLPFC-R,1427.5,a75_an_ba,-0.39615276641619845
DLPFC-R,1428.3333,a50_an_ba,-0.2459621148452338
DLPFC-R,1428.3333,a75_a50_an,-0.17723975389749258
DLPFC-R,1428.3333,a75_an_ba,-0.4232018687427264
DLPFC-R,1429.1667,a50_an_ba,-0.2618683730360467
DLPFC-R,1429.1667,a75_a50_an,-0.18853125504030813
DLPFC-R,1429.1667,a75_an_ba,-0.45039962807635486
DLPFC-R,1430,a50_an_ba,-0.2777888339826175
DLPFC-R,1430,a75_a50_an,-0.1995971582749472
DLPFC-R,1430,a75_an_ba,-0.47738599225756473
DLPFC-R,1430.8333,a50_an_ba,-0.2934610019452058
DLPFC-R,1430.8333,a75_a50_an,-0.2103345731009618
DLPFC-R,1430.8333,a75_an_ba,-0.5037955750461676
DLPFC-R,1431.6667,a50_an_ba,-0.3086262337383952
DLPFC-R,1431.6667,a75_a50_an,-0.2206378161792466
DLPFC-R,1431.6667,a75_an_ba,-0.5292640499176419
DLPFC-R,1432.5,a50_an_ba,-0.32303482499498953
DLPFC-R,1432.5,a75_a50_an,-0.23039976472557916
DLPFC-R,1432.5,a75_an_ba,-0.5534345897205687
DLPFC-R,1433.3333,a50_an_ba,-0.3364509298078178
DLPFC-R,1433.3333,a75_a50_an,-0.23951329440203079
DLPFC-R,1433.3333,a75_an_ba,-0.5759642242098486
DLPFC-R,1434.1667,a50_an_ba,-0.3486572097584756
DLPFC-R,1434.1667,a75_a50_an,-0.2478727788812548
DLPFC-R,1434.1667,a75_an_ba,-0.5965299886397304
DLPFC-R,1435,a50_an_ba,-0.3594591140349265
DLPFC-R,1435,a75_a50_an,-0.25537562641252287
DLPFC-R,1435,a75_an_ba,-0.6148347404474493
DLPFC-R,1435.8333,a50_an_ba,-0.3686887001694504
DLPFC-R,1435.8333,a75_a50_an,-0.2619238273340789
DLPFC-R,1435.8333,a75_an_ba,-0.6306125275035293
DLPFC-R,1436.6667,a50_an_ba,-0.3762079147209278
DLPFC-R,1436.6667,a75_a50_an,-0.2674254855917519
DLPFC-R,1436.6667,a75_an_ba,-0.6436334003126797
DLPFC-R,1437.5,a50_an_ba,-0.38191126476527526
DLPFC-R,1437.5,a75_a50_an,-0.2717963069652531
DLPFC-R,1437.5,a75_an_ba,-0.6537075717305284
DLPFC-R,1438.3333,a50_an_ba,-0.3857278240895932
DLPFC-R,1438.3333,a75_a50_an,-0.27496101688728813
DLPFC-R,1438.3333,a75_an_ba,-0.6606888409768813
DLPFC-R,1439.1667,a50_an_ba,-0.38762253222295556
DLPFC-R,1439.1667,a75_a50_an,-0.2768546814701983
DLPFC-R,1439.1667,a75_an_ba,-0.6644772136931539
DLPFC-R,1440,a50_an_ba,-0.3875967595658668
DLPFC-R,1440,a75_a50_an,-0.277423906622677
DLPFC-R,1440,a75_an_ba,-0.6650206661885438
DLPFC-R,1440.8333,a50_an_ba,-0.38568812756952653
DLPFC-R,1440.8333,a75_a50_an,-0.2766278919254295
DLPFC-R,1440.8333,a75_an_ba,-0.662316019494956
DLPFC-R,1441.6667,a50_an_ba,-0.3819695888210007
DLPFC-R,1441.6667,a75_a50_an,-0.2744393182084337
DLPFC-R,1441.6667,a75_an_ba,-0.6564089070294344
DLPFC-R,1442.5,a50_an_ba,-0.3765477876634687
DLPFC-R,1442.5,a75_a50_an,-0.2708450504919818
DLPFC-R,1442.5,a75_an_ba,-0.6473928381554506
DLPFC-R,1443.3333,a50_an_ba,-0.36956073727770644
DLPFC-R,1443.3333,a75_a50_an,-0.26584664106717926
DLPFC-R,1443.3333,a75_an_ba,-0.6354073783448857
DLPFC-R,1444.1667,a50_an_ba,-0.36117486363921314
DLPFC-R,1444.1667,a75_a50_an,-0.2594606209385494
DLPFC-R,1444.1667,a75_an_ba,-0.6206354845777625
DLPFC-R,1445,a50_an_ba,-0.35158148013075946
DLPFC-R,1445,a75_a50_an,-0.2517185715638502
DLPFC-R,1445,a75_an_ba,-0.6033000516946097
DLPFC-R,1445.8333,a50_an_ba,-0.34099276854420646
DLPFC-R,1445.8333,a75_a50_an,-0.24266697273011767
DLPFC-R,1445.8333,a75_an_ba,-0.5836597412743241
DLPFC-R,1446.6667,a50_an_ba,-0.3296373524916903
DLPFC-R,1446.6667,a75_a50_an,-0.23236682642182474
DLPFC-R,1446.6667,a75_an_ba,-0.5620041789135151
DLPFC-R,1447.5,a50_an_ba,-0.3177555576456641
DLPFC-R,1447.5,a75_a50_an,-0.22089306058573838
DLPFC-R,1447.5,a75_an_ba,-0.5386486182314024
DLPFC-R,1448.3333,a50_an_ba,-0.30559445956286535
DLPFC-R,1448.3333,a75_a50_an,-0.20833372069545725
DLPFC-R,1448.3333,a75_an_ba,-0.5139281802583227
DLPFC-R,1449.1667,a50_an_ba,-0.293402823988416
DLPFC-R,1449.1667,a75_a50_an,-0.19478896088542288
DLPFC-R,1449.1667,a75_an_ba,-0.4881917848738389
DLPFC-R,1450,a50_an_ba,-0.2814260464003687
DLPFC-R,1450,a75_a50_an,-0.1803698500808696
DLPFC-R,1450,a75_an_ba,-0.4617958964812383
DLPFC-R,1450.8333,a50_an_ba,-0.2699011971107377
DLPFC-R,1450.8333,a75_a50_an,-0.16519701192229272
DLPFC-R,1450.8333,a75_an_ba,-0.4350982090330304
DLPFC-R,1451.6667,a50_an_ba,-0.259052275504854
DLPFC-R,1451.6667,a75_a50_an,-0.1493991203023145
DLPFC-R,1451.6667,a75_an_ba,-0.4084513958071685
DLPFC-R,1452.5,a50_an_ba,-0.24908577204621168
DLPFC-R,1452.5,a75_a50_an,-0.13311127493839
DLPFC-R,1452.5,a75_an_ba,-0.38219704698460166
DLPFC-R,1453.3333,a50_an_ba,-0.24018662961642037
DLPFC-R,1453.3333,a75_a50_an,-0.11647328354430439
DLPFC-R,1453.3333,a75_an_ba,-0.35665991316072476
DLPFC-R,1454.1667,a50_an_ba,-0.2325146867623912
DLPFC-R,1454.1667,a75_a50_an,-0.09962787879475409
DLPFC-R,1454.1667,a75_an_ba,-0.3321425655571453
DLPFC-R,1455,a50_an_ba,-0.22620167469087268
DLPFC-R,1455,a75_a50_an,-0.08271889936861497
DLPFC-R,1455,a75_an_ba,-0.30892057405948764
DLPFC-R,1455.8333,a50_an_ba,-0.22134882762573915
DLPFC-R,1455.8333,a75_a50_an,-0.06588946488771598
DLPFC-R,1455.8333,a75_an_ba,-0.2872382925134551
DLPFC-R,1456.6667,a50_an_ba,-0.21802515269973863
DLPFC-R,1456.6667,a75_a50_an,-0.04928017453063133
DLPFC-R,1456.6667,a75_an_ba,-0.26730532723037
DLPFC-R,1457.5,a50_an_ba,-0.21626639118884877
DLPFC-R,1457.5,a75_a50_an,-0.03302735849842139
DLPFC-R,1457.5,a75_an_ba,-0.24929374968727017
DLPFC-R,1458.3333,a50_an_ba,-0.21607468793139323
DLPFC-R,1458.3333,a75_a50_an,-0.017261410356866923
DLPFC-R,1458.3333,a75_an_ba,-0.23333609828826016
DLPFC-R,1459.1667,a50_an_ba,-0.21741897053471881
DLPFC-R,1459.1667,a75_a50_an,-0.002105226603987842
DLPFC-R,1459.1667,a75_an_ba,-0.21952419713870666
DLPFC-R,1460,a50_an_ba,-0.22023602479295903
DLPFC-R,1460,a75_a50_an,0.012327222350115121
DLPFC-R,1460,a75_an_ba,-0.2079088024428439
DLPFC-R,1460.8333,a50_an_ba,-0.2244322379497909
DLPFC-R,1460.8333,a75_a50_an,0.02593216820460516
DLPFC-R,1460.8333,a75_an_ba,-0.19850006974518572
DLPFC-R,1461.6667,a50_an_ba,-0.2298859673600035
DLPFC-R,1461.6667,a75_a50_an,0.038617149187389656
DLPFC-R,1461.6667,a75_an_ba,-0.19126881817261385
DLPFC-R,1462.5,a50_an_ba,-0.23645047903473687
DLPFC-R,1462.5,a75_a50_an,0.05030192757245716
DLPFC-R,1462.5,a75_an_ba,-0.1861485514622797
DLPFC-R,1463.3333,a50_an_ba,-0.24395738877548673
DLPFC-R,1463.3333,a75_a50_an,0.060919208547622436
DLPFC-R,1463.3333,a75_an_ba,-0.1830381802278643
DLPFC-R,1464.1667,a50_an_ba,-0.25222052835905706
DLPFC-R,1464.1667,a75_a50_an,0.07041515241373962
DLPFC-R,1464.1667,a75_an_ba,-0.18180537594531743
DLPFC-R,1465,a50_an_ba,-0.2610401507420793
DLPFC-R,1465,a75_a50_an,0.07874967592410026
DLPFC-R,1465,a75_an_ba,-0.18229047481797903
DLPFC-R,1465.8332999999998,a50_an_ba,-0.2702073816820444
DLPFC-R,1465.8332999999998,a75_a50_an,0.08589654242123945
DLPFC-R,1465.8332999999998,a75_an_ba,-0.18431083926080497
DLPFC-R,1466.6667,a50_an_ba,-0.27950882065124316
DLPFC-R,1466.6667,a75_a50_an,0.09184324422010352
DLPFC-R,1466.6667,a75_an_ba,-0.18766557643113962
DLPFC-R,1467.5,a50_an_ba,-0.2887311915338449
DLPFC-R,1467.5,a75_a50_an,0.09659068434631418
DLPFC-R,1467.5,a75_an_ba,-0.19214050718753073
DLPFC-R,1468.3333,a50_an_ba,-0.29766594338037744
DLPFC-R,1468.3333,a75_a50_an,0.100152668194196
DLPFC-R,1468.3333,a75_an_ba,-0.19751327518618142
DLPFC-R,1469.1667,a50_an_ba,-0.3061137034360245
DLPFC-R,1469.1667,a75_a50_an,0.10255521885517996
DLPFC-R,1469.1667,a75_an_ba,-0.20355848458084455
DLPFC-R,1470,a50_an_ba,-0.31388848869990305
DLPFC-R,1470,a75_a50_an,0.10383573272328243
DLPFC-R,1470,a75_an_ba,-0.21005275597662057
DLPFC-R,1470.8333,a50_an_ba,-0.3208215883069516
DLPFC-R,1470.8333,a75_a50_an,0.1040419944588992
DLPFC-R,1470.8333,a75_an_ba,-0.21677959384805245
DLPFC-R,1471.6667000000002,a50_an_ba,-0.32676503690399095
DLPFC-R,1471.6667000000002,a75_a50_an,0.1032310724419408
DLPFC-R,1471.6667000000002,a75_an_ba,-0.22353396446205015
DLPFC-R,1472.5,a50_an_ba,-0.3315946087297122
DLPFC-R,1472.5,a75_a50_an,0.10146811743730219
DLPFC-R,1472.5,a75_an_ba,-0.23012649129241003
DLPFC-R,1473.3333,a50_an_ba,-0.3352122730823682
DLPFC-R,1473.3333,a75_a50_an,0.0988250883064092
DLPFC-R,1473.3333,a75_an_ba,-0.23638718477595896
DLPFC-R,1474.1667,a50_an_ba,-0.33754806401674203
DLPFC-R,1474.1667,a75_a50_an,0.09537942921602628
DLPFC-R,1474.1667,a75_an_ba,-0.24216863480071574
DLPFC-R,1475,a50_an_ba,-0.33856133017772533
DLPFC-R,1475,a75_a50_an,0.0912127229173412
DLPFC-R,1475,a75_an_ba,-0.24734860726038413
DLPFC-R,1475.8333,a50_an_ba,-0.3382413443579924
DLPFC-R,1475.8333,a75_a50_an,0.08640934430389578
DLPFC-R,1475.8333,a75_an_ba,-0.25183200005409667
DLPFC-R,1476.6667,a50_an_ba,-0.3366072663572012
DLPFC-R,1476.6667,a75_a50_an,0.08105513762465553
DLPFC-R,1476.6667,a75_an_ba,-0.2555521287325457
DLPFC-R,1477.5,a50_an_ba,-0.3337074667117091
DLPFC-R,1477.5,a75_a50_an,0.07523613945719344
DLPFC-R,1477.5,a75_an_ba,-0.25847132725451566
DLPFC-R,1478.3333,a50_an_ba,-0.32961823255076866
DLPFC-R,1478.3333,a75_a50_an,0.06903736787301168
DLPFC-R,1478.3333,a75_an_ba,-0.260580864677757
DLPFC-R,1479.1667,a50_an_ba,-0.32444188992166806
DLPFC-R,1479.1667,a75_a50_an,0.06254169619727244
DLPFC-R,1479.1667,a75_an_ba,-0.2619001937243956
DLPFC-R,1480,a50_an_ba,-0.31830438913189796
DLPFC-R,1480,a75_a50_an,0.05582882743082345
DLPFC-R,1480,a75_an_ba,-0.2624755617010745
DLPFC-R,1480.8333,a50_an_ba,-0.3113524107230957
DLPFC-R,1480.8333,a75_a50_an,0.04897438282036593
DLPFC-R,1480.8333,a75_an_ba,-0.26237802790272974
DLPFC-R,1481.6667,a50_an_ba,-0.3037500593887785
DLPFC-R,1481.6667,a75_a50_an,0.042049115294193085
DLPFC-R,1481.6667,a75_an_ba,-0.26170094409458544
DLPFC-R,1482.5,a50_an_ba,-0.29567522127754936
DLPFC-R,1482.5,a75_a50_an,0.035118255590034286
DLPFC-R,1482.5,a75_an_ba,-0.2605569656875151
DLPFC-R,1483.3333,a50_an_ba,-0.2873156665242152
DLPFC-R,1483.3333,a75_a50_an,0.028240995952993113
DLPFC-R,1483.3333,a75_an_ba,-0.25907467057122213
DLPFC-R,1484.1667,a50_an_ba,-0.2788649834012784
DLPFC-R,1484.1667,a75_a50_an,0.02147011333989976
DLPFC-R,1484.1667,a75_an_ba,-0.2573948700613786
DLPFC-R,1485,a50_an_ba,-0.2705184331030764
DLPFC-R,1485,a75_a50_an,0.01485173119460053
DLPFC-R,1485,a75_an_ba,-0.2556667019084759
DLPFC-R,1485.8333,a50_an_ba,-0.2624688148281788
DLPFC-R,1485.8333,a75_a50_an,0.00842521611600745
DLPFC-R,1485.8333,a75_an_ba,-0.25404359871217136
DLPFC-R,1486.6667,a50_an_ba,-0.2549024295204039
DLPFC-R,1486.6667,a75_a50_an,0.0022232031826863482
DLPFC-R,1486.6667,a75_an_ba,-0.2526792263377175
DLPFC-R,1487.5,a50_an_ba,-0.24799522741564162
DLPFC-R,1487.5,a75_a50_an,-0.0037282586263826713
DLPFC-R,1487.5,a75_an_ba,-0.25172348604202427
DLPFC-R,1488.3333,a50_an_ba,-0.24190921951327227
DLPFC-R,1488.3333,a75_a50_an,-0.009409451522206647
DLPFC-R,1488.3333,a75_an_ba,-0.2513186710354789
DLPFC-R,1489.1667,a50_an_ba,-0.2367892263789599
DLPFC-R,1489.1667,a75_a50_an,-0.014806636849012216
DLPFC-R,1489.1667,a75_an_ba,-0.2515958632279721
DLPFC-R,1490,a50_an_ba,-0.23276002945722976
DLPFC-R,1490,a75_a50_an,-0.01991161961603865
DLPFC-R,1490,a75_an_ba,-0.25267164907326845
DLPFC-R,1490.8333,a50_an_ba,-0.2299239805268458
DLPFC-R,1490.8333,a75_a50_an,-0.0247212443882501
DLPFC-R,1490.8333,a75_an_ba,-0.2546452249150959
DLPFC-R,1491.6667,a50_an_ba,-0.2283591142952829
DLPFC-R,1491.6667,a75_a50_an,-0.029236837971111745
DLPFC-R,1491.6667,a75_an_ba,-0.25759595226639465
DLPFC-R,1492.5,a50_an_ba,-0.22811779764817994
DLPFC-R,1492.5,a75_a50_an,-0.033463614617868266
DLPFC-R,1492.5,a75_an_ba,-0.2615814122660482
DLPFC-R,1493.3333,a50_an_ba,-0.2292259370087138
DLPFC-R,1493.3333,a75_a50_an,-0.0374100594162576
DLPFC-R,1493.3333,a75_an_ba,-0.2666359964249714
DLPFC-R,1494.1667,a50_an_ba,-0.2316827528934038
DLPFC-R,1494.1667,a75_a50_an,-0.04108730509045739
DLPFC-R,1494.1667,a75_an_ba,-0.27277005798386117
DLPFC-R,1495,a50_an_ba,-0.23546111835127548
DLPFC-R,1495,a75_a50_an,-0.044508516705738875
DLPFC-R,1495,a75_an_ba,-0.27996963505701433
DLPFC-R,1495.8333,a50_an_ba,-0.24050844581646236
DLPFC-R,1495.8333,a75_a50_an,-0.04768829771750235
DLPFC-R,1495.8333,a75_an_ba,-0.2881967435339647
DLPFC-R,1496.6667,a50_an_ba,-0.24674809525514735
DLPFC-R,1496.6667,a75_a50_an,-0.050642129498277545
DLPFC-R,1496.6667,a75_an_ba,-0.29739022475342486
DLPFC-R,1497.5,a50_an_ba,-0.2540812655962845
DLPFC-R,1497.5,a75_a50_an,-0.053385854946931176
DLPFC-R,1497.5,a75_an_ba,-0.3074671205432157
DLPFC-R,1498.3333,a50_an_ba,-0.26238932153259437
DLPFC-R,1498.3333,a75_a50_an,-0.0559352150775764
DLPFC-R,1498.3333,a75_an_ba,-0.31832453661017074
DLPFC-R,1499.1667,a50_an_ba,-0.2715364990684893
DLPFC-R,1499.1667,a75_a50_an,-0.05830544564948776
DLPFC-R,1499.1667,a75_an_ba,-0.32984194471797706
DLPFC-R,1500,a50_an_ba,-0.2813729258515382
DLPFC-R,1500,a75_a50_an,-0.06051093898183957
DLPFC-R,1500,a75_an_ba,-0.3418838648333778
Precuneus-R,0,a50_an_ba,6.693453423218225e-4
Precuneus-R,0,a75_a50_an,-0.1260422307386507
Precuneus-R,0,a75_an_ba,-0.12537288539632888
Precuneus-R,0.8333,a50_an_ba,-0.007586759627470939
Precuneus-R,0.8333,a75_a50_an,-0.12732888316163285
Precuneus-R,0.8333,a75_an_ba,-0.13491564278910378
Precuneus-R,1.6666999999999998,a50_an_ba,-0.016272811242863654
Precuneus-R,1.6666999999999998,a75_a50_an,-0.1272521567829431
Precuneus-R,1.6666999999999998,a75_an_ba,-0.14352496802580675
Precuneus-R,2.5,a50_an_ba,-0.025384415459463655
Precuneus-R,2.5,a75_a50_an,-0.12572923545705075
Precuneus-R,2.5,a75_an_ba,-0.1511136509165144
Precuneus-R,3.3333,a50_an_ba,-0.03491424096751449
Precuneus-R,3.3333,a75_a50_an,-0.12269871893135505
Precuneus-R,3.3333,a75_an_ba,-0.15761295989886953
Precuneus-R,4.1667,a50_an_ba,-0.044851390310507624
Precuneus-R,4.1667,a75_a50_an,-0.1181224988500168
Precuneus-R,4.1667,a75_an_ba,-0.16297388916052444
Precuneus-R,5,a50_an_ba,-0.05518077985322097
Precuneus-R,5,a75_a50_an,-0.11198729088150669
Precuneus-R,5,a75_an_ba,-0.16716807073472767
Precuneus-R,5.8332999999999995,a50_an_ba,-0.06588254971092126
Precuneus-R,5.8332999999999995,a75_a50_an,-0.10430578279678697
Precuneus-R,5.8332999999999995,a75_an_ba,-0.17018833250770823
Precuneus-R,6.6667000000000005,a50_an_ba,-0.07693152481238073
Precuneus-R,6.6667000000000005,a75_a50_an,-0.09511736427276513
Precuneus-R,6.6667000000000005,a75_an_ba,-0.17204888908514587
Precuneus-R,7.5,a50_an_ba,-0.08829674774432124
Precuneus-R,7.5,a75_a50_an,-0.08448841103673643
Precuneus-R,7.5,a75_an_ba,-0.17278515878105766
Precuneus-R,8.3333,a50_an_ba,-0.09994110291831533
Precuneus-R,8.3333,a75_a50_an,-0.07251210358717626
Precuneus-R,8.3333,a75_an_ba,-0.1724532065054916
Precuneus-R,9.1667,a50_an_ba,-0.11182104993271758
Precuneus-R,9.1667,a75_a50_an,-0.0593077689892539
Precuneus-R,9.1667,a75_an_ba,-0.1711288189219715
Precuneus-R,10,a50_an_ba,-0.12388648180632508
Precuneus-R,10,a75_a50_an,-0.045019742996788105
Precuneus-R,10,a75_an_ba,-0.16890622480311318
Precuneus-R,10.833300000000001,a50_an_ba,-0.13608072108554106
Precuneus-R,10.833300000000001,a75_a50_an,-0.029815758827799837
Precuneus-R,10.833300000000001,a75_an_ba,-0.16589647991334092
Precuneus-R,11.6667,a50_an_ba,-0.14834066373414642
Precuneus-R,11.6667,a75_a50_an,-0.013884878138820686
Precuneus-R,11.6667,a75_an_ba,-0.16222554187296712
Precuneus-R,12.5,a50_an_ba,-0.16059707727725045
Precuneus-R,12.5,a75_a50_an,0.0025650110839968636
Precuneus-R,12.5,a75_an_ba,-0.15803206619325358
Precuneus-R,13.3333,a50_an_ba,-0.1727750559707634
Precuneus-R,13.3333,a75_a50_an,0.019310096062510017
Precuneus-R,13.3333,a75_an_ba,-0.1534649599082534
Precuneus-R,14.1667,a50_an_ba,-0.1847946318951289
Precuneus-R,14.1667,a75_a50_an,0.036113898029711176
Precuneus-R,14.1667,a75_an_ba,-0.14868073386541775
Precuneus-R,15,a50_an_ba,-0.19657153692233384
Precuneus-R,15,a75_a50_an,0.05273083824058209
Precuneus-R,15,a75_an_ba,-0.14384069868175176
Precuneus-R,15.833300000000001,a50_an_ba,-0.2080181065771351
Precuneus-R,15.833300000000001,a75_a50_an,0.06891005403055292
Precuneus-R,15.833300000000001,a75_an_ba,-0.13910805254658218
Precuneus-R,16.6667,a50_an_ba,-0.21904431300610072
Precuneus-R,16.6667,a75_a50_an,0.08439940161628139
Precuneus-R,16.6667,a75_an_ba,-0.13464491138981935
Precuneus-R,17.5,a50_an_ba,-0.22955891067885958
Precuneus-R,17.5,a75_a50_an,0.09894957729387878
Precuneus-R,17.5,a75_an_ba,-0.13060933338498082
Precuneus-R,18.3333,a50_an_ba,-0.23947067516788084
Precuneus-R,18.3333,a75_a50_an,0.11231828488366433
Precuneus-R,18.3333,a75_an_ba,-0.1271523902842165
Precuneus-R,19.1667,a50_an_ba,-0.24868971247263208
Precuneus-R,19.1667,a75_a50_an,0.12427437480263594
Precuneus-R,19.1667,a75_an_ba,-0.12441533766999614
Precuneus-R,20,a50_an_ba,-0.25712881394855686
Precuneus-R,20,a75_a50_an,0.13460187909434895
Precuneus-R,20,a75_an_ba,-0.12252693485420789
Precuneus-R,20.833299999999998,a50_an_ba,-0.26470483003765277
Precuneus-R,20.833299999999998,a75_a50_an,0.1431038671607467
Precuneus-R,20.833299999999998,a75_an_ba,-0.12160096287690611
Precuneus-R,21.666700000000002,a50_an_ba,-0.2713400347297248
Precuneus-R,21.666700000000002,a75_a50_an,0.14960604884164846
Precuneus-R,21.666700000000002,a75_an_ba,-0.12173398588807632
Precuneus-R,22.5,a50_an_ba,-0.2769634520516224
Precuneus-R,22.5,a75_a50_an,0.1539600548641028
Precuneus-R,22.5,a75_an_ba,-0.12300339718751963
Precuneus-R,23.3333,a50_an_ba,-0.28151211591099184
Precuneus-R,23.3333,a75_a50_an,0.1560463294935023
Precuneus-R,23.3333,a75_an_ba,-0.1254657864174895
Precuneus-R,24.1667,a50_an_ba,-0.28493223532050854
Precuneus-R,24.1667,a75_a50_an,0.15577657638834738
Precuneus-R,24.1667,a75_an_ba,-0.12915565893216116
Precuneus-R,25,a50_an_ba,-0.28718023839118706
Precuneus-R,25,a75_a50_an,0.1530957060883444
Precuneus-R,25,a75_an_ba,-0.13408453230284265
Precuneus-R,25.8333,a50_an_ba,-0.2882236704860715
Precuneus-R,25.8333,a75_a50_an,0.14798324212066138
Precuneus-R,25.8333,a75_an_ba,-0.14024042836541012
Precuneus-R,26.666700000000002,a50_an_ba,-0.28804192452980376
Precuneus-R,26.666700000000002,a75_a50_an,0.14045415223581853
Precuneus-R,26.666700000000002,a75_an_ba,-0.14758777229398523
Precuneus-R,27.5,a50_an_ba,-0.28662678462163793
Precuneus-R,27.5,a75_a50_an,0.13055908160459326
Precuneus-R,27.5,a75_an_ba,-0.15606770301704465
Precuneus-R,28.333299999999998,a50_an_ba,-0.2839827677322509
Precuneus-R,28.333299999999998,a75_a50_an,0.11838397572321431
Precuneus-R,28.333299999999998,a75_an_ba,-0.1655987920090366
Precuneus-R,29.1667,a50_an_ba,-0.28012725229919994
Precuneus-R,29.1667,a75_a50_an,0.10404909207383514
Precuneus-R,29.1667,a75_an_ba,-0.17607816022536477
Precuneus-R,30,a50_an_ba,-0.27509038688252063
Precuneus-R,30,a75_a50_an,0.0877074110483035
Precuneus-R,30,a75_an_ba,-0.18738297583421715
Precuneus-R,30.8333,a50_an_ba,-0.268914776603374
Precuneus-R,30.8333,a75_a50_an,0.0695424680366783
Precuneus-R,30.8333,a75_an_ba,-0.1993723085666957
Precuneus-R,31.6667,a50_an_ba,-0.261654949761493
Precuneus-R,31.6667,a75_a50_an,0.049765639678323564
Precuneus-R,31.6667,a75_an_ba,-0.21188931008316947
Precuneus-R,32.5,a50_an_ba,-0.2533766117047909
Precuneus-R,32.5,a75_a50_an,0.028612927846593455
Precuneus-R,32.5,a75_an_ba,-0.22476368385819745
Precuneus-R,33.3333,a50_an_ba,-0.24415569759939168
Precuneus-R,33.3333,a75_a50_an,0.0063412947708081455
Precuneus-R,33.3333,a75_an_ba,-0.23781440282858352
Precuneus-R,34.1667,a50_an_ba,-0.23407724011482856
Precuneus-R,34.1667,a75_a50_an,-0.01677538841262358
Precuneus-R,34.1667,a75_an_ba,-0.25085262852745216
Precuneus-R,35,a50_an_ba,-0.2232340720957405
Precuneus-R,35,a75_a50_an,-0.04045070963081704
Precuneus-R,35,a75_an_ba,-0.26368478172655757
Precuneus-R,35.8333,a50_an_ba,-0.21172538794336268
Precuneus-R,35.8333,a75_a50_an,-0.06439032385576092
Precuneus-R,35.8333,a75_an_ba,-0.2761157117991236
Precuneus-R,36.666700000000006,a50_an_ba,-0.19965519059175094
Precuneus-R,36.666700000000006,a75_a50_an,-0.08829671955785053
Precuneus-R,36.666700000000006,a75_an_ba,-0.2879519101496015
Precuneus-R,37.5,a50_an_ba,-0.187130653560231
Precuneus-R,37.5,a75_a50_an,-0.11187405861033356
Precuneus-R,37.5,a75_an_ba,-0.29900471217056457
Precuneus-R,38.3333,a50_an_ba,-0.1742604295333249
Precuneus-R,38.3333,a75_a50_an,-0.13483300276479443
Precuneus-R,38.3333,a75_an_ba,-0.30909343229811936
Precuneus-R,39.1667,a50_an_ba,-0.16115293821470728
Precuneus-R,39.1667,a75_a50_an,-0.15689543962974858
Precuneus-R,39.1667,a75_an_ba,-0.31804837784445583
Precuneus-R,40,a50_an_ba,-0.14791466679084145
Precuneus-R,40,a75_a50_an,-0.17779902257909422
Precuneus-R,40,a75_an_ba,-0.32571368936993567
Precuneus-R,40.8333,a50_an_ba,-0.1346485162069144
Precuneus-R,40.8333,a75_a50_an,-0.19730144217258175
Precuneus-R,40.8333,a75_an_ba,-0.33194995837949615
Precuneus-R,41.6667,a50_an_ba,-0.12145222560367465
Precuneus-R,41.6667,a75_a50_an,-0.21518435142988032
Precuneus-R,41.6667,a75_an_ba,-0.336636577033555
Precuneus-R,42.5,a50_an_ba,-0.10841690570625027
Precuneus-R,42.5,a75_a50_an,-0.2312568735741483
Precuneus-R,42.5,a75_an_ba,-0.33967377928039855
Precuneus-R,43.3333,a50_an_ba,-0.09562570972901706
Precuneus-R,43.3333,a75_a50_an,-0.24535862852906862
Precuneus-R,43.3333,a75_an_ba,-0.34098433825808566
Precuneus-R,44.166700000000006,a50_an_ba,-0.08315266751324296
Precuneus-R,44.166700000000006,a75_a50_an,-0.25736222336565157
Precuneus-R,44.166700000000006,a75_an_ba,-0.3405148908788945
Precuneus-R,45,a50_an_ba,-0.07106170521028757
Precuneus-R,45,a75_a50_an,-0.2671751618762304
Precuneus-R,45,a75_an_ba,-0.33823686708651796
Precuneus-R,45.8333,a50_an_ba,-0.05940586893886775
Precuneus-R,45.8333,a75_a50_an,-0.27474113930545485
Precuneus-R,45.8333,a75_an_ba,-0.3341470082443226
Precuneus-R,46.6667,a50_an_ba,-0.048226766567644803
Precuneus-R,46.6667,a75_a50_an,-0.2800406997761922
Precuneus-R,46.6667,a75_an_ba,-0.328267466343837
Precuneus-R,47.5,a50_an_ba,-0.037554237200327696
Precuneus-R,47.5,a75_a50_an,-0.2830912458833445
Precuneus-R,47.5,a75_an_ba,-0.3206454830836722
Precuneus-R,48.3333,a50_an_ba,-0.027406253172539682
Precuneus-R,48.3333,a75_a50_an,-0.2839464020527297
Precuneus-R,48.3333,a75_an_ba,-0.31135265522526934
Precuneus-R,49.1667,a50_an_ba,-0.017789054514608573
Precuneus-R,49.1667,a75_a50_an,-0.28269474533467187
Precuneus-R,49.1667,a75_an_ba,-0.3004837998492804
Precuneus-R,50,a50_an_ba,-0.00869751100110327
Precuneus-R,50,a75_a50_an,-0.27945792908264955
Precuneus-R,50,a75_an_ba,-0.2881554400837528
Precuneus-R,50.8333,a50_an_ba,-1.1570220391421124e-4
Precuneus-R,50.8333,a75_a50_an,-0.2743882362231978
Precuneus-R,50.8333,a75_an_ba,-0.274503938427112
Precuneus-R,51.666700000000006,a50_an_ba,0.00798229850471307
Precuneus-R,51.666700000000006,a75_a50_an,-0.26766560933233785
Precuneus-R,51.666700000000006,a75_an_ba,-0.25968331082762475
Precuneus-R,52.5,a50_an_ba,0.015631454191165118
Precuneus-R,52.5,a75_a50_an,-0.25949421429017633
Precuneus-R,52.5,a75_an_ba,-0.2438627600990112
Precuneus-R,53.3333,a50_an_ba,0.022874630749369376
Precuneus-R,53.3333,a75_a50_an,-0.25009860270330886
Precuneus-R,53.3333,a75_an_ba,-0.22722397195393945
Precuneus-R,54.1667,a50_an_ba,0.029761324561270303
Precuneus-R,54.1667,a75_a50_an,-0.23971954540277177
Precuneus-R,54.1667,a75_an_ba,-0.20995822084150145
Precuneus-R,55,a50_an_ba,0.036346279193837656
Precuneus-R,55,a75_a50_an,-0.22860961500927932
Precuneus-R,55,a75_an_ba,-0.19226333581544167
Precuneus-R,55.8333,a50_an_ba,0.042688020916213876
Precuneus-R,55.8333,a75_a50_an,-0.2170285997031678
Precuneus-R,55.8333,a75_an_ba,-0.17434057878695391
Precuneus-R,56.6667,a50_an_ba,0.04884734417494465
Precuneus-R,56.6667,a75_a50_an,-0.20523883287189165
Precuneus-R,56.6667,a75_an_ba,-0.156391488696947
Precuneus-R,57.5,a50_an_ba,0.054885778831231545
Precuneus-R,57.5,a75_a50_an,-0.19350052419421102
Precuneus-R,57.5,a75_an_ba,-0.13861474536297946
Precuneus-R,58.333299999999994,a50_an_ba,0.06086407093394744
Precuneus-R,58.333299999999994,a75_a50_an,-0.18206717695288813
Precuneus-R,58.333299999999994,a75_an_ba,-0.12120310601894067
Precuneus-R,59.166700000000006,a50_an_ba,0.06684070808376674
Precuneus-R,59.166700000000006,a75_a50_an,-0.17118117397571866
Precuneus-R,59.166700000000006,a75_an_ba,-0.10434046589195192
Precuneus-R,60,a50_an_ba,0.07287051906143759
Precuneus-R,60,a75_a50_an,-0.16106961065034484
Precuneus-R,60,a75_an_ba,-0.08819909158890725
Precuneus-R,60.8333,a50_an_ba,0.07900337538572826
Precuneus-R,60.8333,a75_a50_an,-0.15194044803491744
Precuneus-R,60.8333,a75_an_ba,-0.07293707264918917
Precuneus-R,61.6667,a50_an_ba,0.08528301988731157
Precuneus-R,61.6667,a75_a50_an,-0.1439790523170376
Precuneus-R,61.6667,a75_an_ba,-0.058696032429726035
Precuneus-R,62.5,a50_an_ba,0.09174604429934574
Precuneus-R,62.5,a75_a50_an,-0.1373451789064328
Precuneus-R,62.5,a75_an_ba,-0.045599134607087054
Precuneus-R,63.333299999999994,a50_an_ba,0.09842103435054386
Precuneus-R,63.333299999999994,a75_a50_an,-0.13217045045434922
Precuneus-R,63.333299999999994,a75_an_ba,-0.033749416103805364
Precuneus-R,64.16669999999999,a50_an_ba,0.10532789698792364
Precuneus-R,64.16669999999999,a75_a50_an,-0.12855636826562317
Precuneus-R,64.16669999999999,a75_an_ba,-0.023228471277699527
Precuneus-R,65,a50_an_ba,0.11247738024650748
Precuneus-R,65,a75_a50_an,-0.1265728861134023
Precuneus-R,65,a75_an_ba,-0.014095505866894823
Precuneus-R,65.8333,a50_an_ba,0.11987079201951924
Precuneus-R,65.8333,a75_a50_an,-0.12625756459766857
Precuneus-R,65.8333,a75_an_ba,-0.006386772578149345
Precuneus-R,66.66669999999999,a50_an_ba,0.1274999196641735
Precuneus-R,66.66669999999999,a75_a50_an,-0.12761531312848737
Precuneus-R,66.66669999999999,a75_an_ba,-1.1539346431385948e-4
Precuneus-R,67.5,a50_an_ba,0.13534714810437554
Precuneus-R,67.5,a75_a50_an,-0.13061871558575622
Precuneus-R,67.5,a75_an_ba,0.004728432518619317
Precuneus-R,68.3333,a50_an_ba,0.1433857699589952
Precuneus-R,68.3333,a75_a50_an,-0.13520892492780284
Precuneus-R,68.3333,a75_an_ba,0.008176845031192374
Precuneus-R,69.16669999999999,a50_an_ba,0.15158047732463395
Precuneus-R,69.16669999999999,a75_a50_an,-0.1412971017013737
Precuneus-R,69.16669999999999,a75_an_ba,0.010283375623260252
Precuneus-R,70,a50_an_ba,0.15988802125967733
Precuneus-R,70,a75_a50_an,-0.14876636174297567
Precuneus-R,70,a75_an_ba,0.011121659516701651
Precuneus-R,70.83330000000001,a50_an_ba,0.16825802182749497
Precuneus-R,70.83330000000001,a75_a50_an,-0.15747418953651682
Precuneus-R,70.83330000000001,a75_an_ba,0.01078383229097815
Precuneus-R,71.6667,a50_an_ba,0.17663390882604013
Precuneus-R,71.6667,a75_a50_an,-0.16725526586507614
Precuneus-R,71.6667,a75_an_ba,0.00937864296096399
Precuneus-R,72.5,a50_an_ba,0.18495397111170092
Precuneus-R,72.5,a75_a50_an,-0.17792465170228278
Precuneus-R,72.5,a75_an_ba,0.007029319409418119
Precuneus-R,73.33330000000001,a50_an_ba,0.19315249075647012
Precuneus-R,73.33330000000001,a75_a50_an,-0.18928126484194108
Precuneus-R,73.33330000000001,a75_an_ba,0.0038712259145290283
Precuneus-R,74.1667,a50_an_ba,0.20116093718527214
Precuneus-R,74.1667,a75_a50_an,-0.20111158164642906
Precuneus-R,74.1667,a75_an_ba,4.9355538843088026e-5
Precuneus-R,75,a50_an_ba,0.208909195935538
Precuneus-R,75,a75_a50_an,-0.21319349355880732
Precuneus-R,75,a75_an_ba,-0.004284297623269318
Precuneus-R,75.83330000000001,a50_an_ba,0.21632680676065943
Precuneus-R,75.83330000000001,a75_a50_an,-0.225300246694928
Precuneus-R,75.83330000000001,a75_an_ba,-0.00897343993426857
Precuneus-R,76.6667,a50_an_ba,0.22334418644540752
Precuneus-R,76.6667,a75_a50_an,-0.23720439290455544
Precuneus-R,76.6667,a75_an_ba,-0.013860206459147923
Precuneus-R,77.5,a50_an_ba,0.22989381288361224
Precuneus-R,77.5,a75_a50_an,-0.24868168213050512
Precuneus-R,77.5,a75_an_ba,-0.018787869246892876
Precuneus-R,78.3333,a50_an_ba,0.23591134864319957
Precuneus-R,78.3333,a75_a50_an,-0.25951482863993025
Precuneus-R,78.3333,a75_an_ba,-0.023603479996730663
Precuneus-R,79.1667,a50_an_ba,0.24133668435620412
Precuneus-R,79.1667,a75_a50_an,-0.2694970876648736
Precuneus-R,79.1667,a75_an_ba,-0.028160403308669507
Precuneus-R,80,a50_an_ba,0.24611488475746726
Precuneus-R,80,a75_a50_an,-0.27843558405905106
Precuneus-R,80,a75_an_ba,-0.03232069930158378
Precuneus-R,80.8333,a50_an_ba,0.25019702298336466
Precuneus-R,80.8333,a75_a50_an,-0.28615434062380113
Precuneus-R,80.8333,a75_an_ba,-0.03595731764043649
Precuneus-R,81.66669999999999,a50_an_ba,0.25354089175294603
Precuneus-R,81.66669999999999,a75_a50_an,-0.29249696063006647
Precuneus-R,81.66669999999999,a75_an_ba,-0.03895606887712044
Precuneus-R,82.5,a50_an_ba,0.2561115832069292
Precuneus-R,82.5,a75_a50_an,-0.2973289266041194
Precuneus-R,82.5,a75_an_ba,-0.04121734339719015
Precuneus-R,83.3333,a50_an_ba,0.2578819323914655
Precuneus-R,83.3333,a75_a50_an,-0.30053948548167514
Precuneus-R,83.3333,a75_an_ba,-0.04265755309020964
Precuneus-R,84.16669999999999,a50_an_ba,0.25883282256101714
Precuneus-R,84.16669999999999,a75_a50_an,-0.3020430985918579
Precuneus-R,84.16669999999999,a75_an_ba,-0.04321027603084076
Precuneus-R,85,a50_an_ba,0.25895335355813626
Precuneus-R,85,a75_a50_an,-0.301780443431645
Precuneus-R,85,a75_an_ba,-0.04282708987350873
Precuneus-R,85.83330000000001,a50_an_ba,0.25824087743202445
Precuneus-R,85.83330000000001,a75_a50_an,-0.29971896265753145
Precuneus-R,85.83330000000001,a75_an_ba,-0.04147808522550702
Precuneus-R,86.6667,a50_an_ba,0.25670090811426
Precuneus-R,86.6667,a75_a50_an,-0.2958529639853355
Precuneus-R,86.6667,a75_an_ba,-0.03915205587107551
Precuneus-R,87.5,a50_an_ba,0.25434691431870643
Precuneus-R,87.5,a75_a50_an,-0.29020328259216466
Precuneus-R,87.5,a75_an_ba,-0.035856368273458256
Precuneus-R,88.33330000000001,a50_an_ba,0.2512000068230995
Precuneus-R,88.33330000000001,a75_a50_an,-0.28281652501043797
Precuneus-R,88.33330000000001,a75_an_ba,-0.03161651818733847
Precuneus-R,89.1667,a50_an_ba,0.2472885328828845
Precuneus-R,89.1667,a75_a50_an,-0.2737639202621686
Precuneus-R,89.1667,a75_an_ba,-0.026475387379284124
Precuneus-R,90,a50_an_ba,0.24264759169599925
Precuneus-R,90,a75_a50_an,-0.2631398099907721
Precuneus-R,90,a75_an_ba,-0.020492218294772786
Precuneus-R,90.83330000000001,a50_an_ba,0.23731848556551607
Precuneus-R,90.83330000000001,a75_a50_an,-0.2510598145154304
Precuneus-R,90.83330000000001,a75_an_ba,-0.013741328949914314
Precuneus-R,91.6667,a50_an_ba,0.23134812169297114
Precuneus-R,91.6667,a75_a50_an,-0.23765871598969224
Precuneus-R,91.6667,a75_an_ba,-0.006310594296721077
Precuneus-R,92.5,a50_an_ba,0.22478837938864968
Precuneus-R,92.5,a75_a50_an,-0.22308810314369545
Precuneus-R,92.5,a75_an_ba,0.0017002762449542226
Precuneus-R,93.3333,a50_an_ba,0.21769545692858566
Precuneus-R,93.3333,a75_a50_an,-0.2075138244032818
Precuneus-R,93.3333,a75_an_ba,0.010181632525303836
Precuneus-R,94.1667,a50_an_ba,0.210129211354229
Precuneus-R,94.1667,a75_a50_an,-0.19111329750693207
Precuneus-R,94.1667,a75_an_ba,0.01901591384729693
Precuneus-R,95,a50_an_ba,0.20215250324370107
Precuneus-R,95,a75_a50_an,-0.1740727241021992
Precuneus-R,95,a75_an_ba,0.02807977914150189
Precuneus-R,95.8333,a50_an_ba,0.19383055693488732
Precuneus-R,95.8333,a75_a50_an,-0.15658425723670497
Precuneus-R,95.8333,a75_an_ba,0.03724629969818233
Precuneus-R,96.66669999999999,a50_an_ba,0.18523034491006476
Precuneus-R,96.66669999999999,a75_a50_an,-0.13884316822353795
Precuneus-R,96.66669999999999,a75_an_ba,0.04638717668652682
Precuneus-R,97.5,a50_an_ba,0.1764200031238521
Precuneus-R,97.5,a75_a50_an,-0.12104505713161924
Precuneus-R,97.5,a75_an_ba,0.055374945992232846
Precuneus-R,98.3333,a50_an_ba,0.16746828203931463
Precuneus-R,98.3333,a75_a50_an,-0.10338314821784911
Precuneus-R,98.3333,a75_an_ba,0.06408513382146551
Precuneus-R,99.16669999999999,a50_an_ba,0.15844403610079225
Precuneus-R,99.16669999999999,a75_a50_an,-0.0860457080797904
Precuneus-R,99.16669999999999,a75_an_ba,0.07239832802100185
Precuneus-R,100,a50_an_ba,0.1494157523855961
Precuneus-R,100,a75_a50_an,-0.06921362027453172
Precuneus-R,100,a75_an_ba,0.08020213211106438
Precuneus-R,100.8333,a50_an_ba,0.14045111730685012
Precuneus-R,100.8333,a75_a50_an,-0.05305814573559298
Precuneus-R,100.8333,a75_an_ba,0.08739297157125714
Precuneus-R,101.66669999999999,a50_an_ba,0.13161661854852266
Precuneus-R,101.66669999999999,a75_a50_an,-0.03773889364223934
Precuneus-R,101.66669999999999,a75_an_ba,0.09387772490628334
Precuneus-R,102.5,a50_an_ba,0.12297717795709764
Precuneus-R,102.5,a75_a50_an,-0.023402022570731904
Precuneus-R,102.5,a75_an_ba,0.09957515538636574
Precuneus-R,103.33330000000001,a50_an_ba,0.11459580994033287
Precuneus-R,103.33330000000001,a75_a50_an,-0.010178686897700557
Precuneus-R,103.33330000000001,a75_an_ba,0.1044171230426323
Precuneus-R,104.1667,a50_an_ba,0.10653329907086892
Precuneus-R,104.1667,a75_a50_an,0.0018162613611600613
Precuneus-R,104.1667,a75_an_ba,0.10834956043202897
Precuneus-R,105,a50_an_ba,0.09884789008941201
Precuneus-R,105,a75_a50_an,0.01248530971041546
Precuneus-R,105,a75_an_ba,0.11133319979982748
Precuneus-R,105.83330000000001,a50_an_ba,0.09159498336584174
Precuneus-R,105.83330000000001,a75_a50_an,0.02174906012398597
Precuneus-R,105.83330000000001,a75_an_ba,0.11334404348982771
Precuneus-R,106.6667,a50_an_ba,0.0848268291120593
Precuneus-R,106.6667,a75_a50_an,0.02954674460100713
Precuneus-R,106.6667,a75_an_ba,0.11437357371306643
Precuneus-R,107.5,a50_an_ba,0.07859221424105182
Precuneus-R,107.5,a75_a50_an,0.035836487776048614
Precuneus-R,107.5,a75_an_ba,0.11442870201710044
Precuneus-R,108.3333,a50_an_ba,0.07293613671371527
Precuneus-R,108.3333,a75_a50_an,0.0405953262205113
Precuneus-R,108.3333,a75_an_ba,0.11353146293422656
Precuneus-R,109.1667,a50_an_ba,0.06789946347854088
Precuneus-R,109.1667,a75_a50_an,0.04381899678832524
Precuneus-R,109.1667,a75_an_ba,0.11171846026686612
Precuneus-R,110,a50_an_ba,0.06351856964870427
Precuneus-R,110,a75_a50_an,0.04552150858595638
Precuneus-R,110,a75_an_ba,0.10904007823466065
Precuneus-R,110.8333,a50_an_ba,0.05982495832619055
Precuneus-R,110.8333,a75_a50_an,0.04573451488268043
Precuneus-R,110.8333,a75_an_ba,0.10555947320887099
Precuneus-R,111.66669999999999,a50_an_ba,0.056844862415276226
Precuneus-R,111.66669999999999,a75_a50_an,0.04450650253441461
Precuneus-R,111.66669999999999,a75_an_ba,0.10135136494969084
Precuneus-R,112.5,a50_an_ba,0.054598831803050994
Precuneus-R,112.5,a75_a50_an,0.041901817298438435
Precuneus-R,112.5,a75_an_ba,0.09650064910148944
Precuneus-R,113.3333,a50_an_ba,0.05310131135339508
Precuneus-R,113.3333,a75_a50_an,0.037999543803562186
Precuneus-R,113.3333,a75_an_ba,0.09110085515695725
Precuneus-R,114.16669999999999,a50_an_ba,0.05236021719061728
Precuneus-R,114.16669999999999,a75_a50_an,0.032892258956993665
Precuneus-R,114.16669999999999,a75_an_ba,0.08525247614761094
Precuneus-R,115,a50_an_ba,0.05237652066705756
Precuneus-R,115,a75_a50_an,0.026684677268922635
Precuneus-R,115,a75_an_ba,0.07906119793598018
Precuneus-R,115.8333,a50_an_ba,0.053143851143763104
Precuneus-R,115.8333,a75_a50_an,0.019492206017822172
Precuneus-R,115.8333,a75_an_ba,0.07263605716158528
Precuneus-R,116.66669999999999,a50_an_ba,0.05464813019702611
Precuneus-R,116.66669999999999,a75_a50_an,0.011439427426030635
Precuneus-R,116.66669999999999,a75_an_ba,0.06608755762305675
Precuneus-R,117.5,a50_an_ba,0.056867251033594766
Precuneus-R,117.5,a75_a50_an,0.00265852412926549
Precuneus-R,117.5,a75_an_ba,0.05952577516286026
Precuneus-R,118.33330000000001,a50_an_ba,0.05977081769871385
Precuneus-R,118.33330000000001,a75_a50_an,-0.006712336732704993
Precuneus-R,118.33330000000001,a75_an_ba,0.05305848096600885
Precuneus-R,119.1667,a50_an_ba,0.0633199590479917
Precuneus-R,119.1667,a75_a50_an,-0.016530646445827687
Precuneus-R,119.1667,a75_an_ba,0.04678931260216402
Precuneus-R,120,a50_an_ba,0.0674672323910538
Precuneus-R,120,a75_a50_an,-0.02665121124189985
Precuneus-R,120,a75_an_ba,0.04081602114915395
Precuneus-R,120.83330000000001,a50_an_ba,0.07215663117869521
Precuneus-R,120.83330000000001,a75_a50_an,-0.036927809821316035
Precuneus-R,120.83330000000001,a75_an_ba,0.03522882135737918
Precuneus-R,121.6667,a50_an_ba,0.07732371008514509
Precuneus-R,121.6667,a75_a50_an,-0.047214840009917394
Precuneus-R,121.6667,a75_an_ba,0.030108870075227705
Precuneus-R,122.5,a50_an_ba,0.08289583933585264
Precuneus-R,122.5,a75_a50_an,-0.05736894325057399
Precuneus-R,122.5,a75_an_ba,0.02552689608527864
Precuneus-R,123.33330000000001,a50_an_ba,0.08879259816536016
Precuneus-R,123.33330000000001,a75_a50_an,-0.06725059603246633
Precuneus-R,123.33330000000001,a75_an_ba,0.02154200213289383
Precuneus-R,124.1667,a50_an_ba,0.09492631488926236
Precuneus-R,124.1667,a75_a50_an,-0.0767256575911134
Precuneus-R,124.1667,a75_an_ba,0.018200657298148973
Precuneus-R,125,a50_an_ba,0.10120275828195426
Precuneus-R,125,a75_a50_an,-0.0856668632754331
Precuneus-R,125,a75_an_ba,0.015535895006521146
Precuneus-R,125.83330000000001,a50_an_ba,0.10752198182325612
Precuneus-R,125.83330000000001,a75_a50_an,-0.09395525289073128
Precuneus-R,125.83330000000001,a75_an_ba,0.013566728932524832
Precuneus-R,126.66669999999999,a50_an_ba,0.11377931897821535
Precuneus-R,126.66669999999999,a75_a50_an,-0.10148152311474196
Precuneus-R,126.66669999999999,a75_an_ba,0.012297795863473394
Precuneus-R,127.5,a50_an_ba,0.11986652408163322
Precuneus-R,127.5,a75_a50_an,-0.10814729278282345
Precuneus-R,127.5,a75_an_ba,0.01171923129880975
Precuneus-R,128.3333,a50_an_ba,0.1256730496958798
Precuneus-R,128.3333,a75_a50_an,-0.11386626949094265
Precuneus-R,128.3333,a75_an_ba,0.011806780204937152
Precuneus-R,129.1667,a50_an_ba,0.1310874475871681
Precuneus-R,129.1667,a75_a50_an,-0.11856530561991126
Precuneus-R,129.1667,a75_an_ba,0.012522141967256819
Precuneus-R,130,a50_an_ba,0.1359988768151075
Precuneus-R,130,a75_a50_an,-0.12218533159427312
Precuneus-R,130,a75_an_ba,0.013813545220834382
Precuneus-R,130.8333,a50_an_ba,0.14029869894808378
Precuneus-R,130.8333,a75_a50_an,-0.12468215400934694
Precuneus-R,130.8333,a75_an_ba,0.015616544938736826
Precuneus-R,131.6667,a50_an_ba,0.14388213719660206
Precuneus-R,131.6667,a75_a50_an,-0.12602710624507463
Precuneus-R,131.6667,a75_an_ba,0.017855030951527455
Precuneus-R,132.5,a50_an_ba,0.14664997338898103
Precuneus-R,132.5,a75_a50_an,-0.12620753938818394
Precuneus-R,132.5,a75_an_ba,0.020442434000797125
Precuneus-R,133.33329999999998,a50_an_ba,0.14851025428342912
Precuneus-R,133.33329999999998,a75_a50_an,-0.12522714175348754
Precuneus-R,133.33329999999998,a75_an_ba,0.023283112529941568
Precuneus-R,134.1667,a50_an_ba,0.14937997679459683
Precuneus-R,134.1667,a75_a50_an,-0.12310607607259548
Precuneus-R,134.1667,a75_an_ba,0.02627390072200137
Precuneus-R,135,a50_an_ba,0.14918672037787878
Precuneus-R,135,a75_a50_an,-0.11988092453812409
Precuneus-R,135,a75_an_ba,0.029305795839754695
Precuneus-R,135.83329999999998,a50_an_ba,0.14787019411608526
Precuneus-R,135.83329999999998,a75_a50_an,-0.11560443337750344
Precuneus-R,135.83329999999998,a75_an_ba,0.032265760738581825
Precuneus-R,136.6667,a50_an_ba,0.1453836660316434
Precuneus-R,136.6667,a75_a50_an,-0.110345050495248
Precuneus-R,136.6667,a75_an_ba,0.035038615536395416
Precuneus-R,137.5,a50_an_ba,0.1416952428298011
Precuneus-R,137.5,a75_a50_an,-0.1041862519667092
Precuneus-R,137.5,a75_an_ba,0.03750899086309189
Precuneus-R,138.33329999999998,a50_an_ba,0.13678896967481155
Precuneus-R,138.33329999999998,a75_a50_an,-0.09722565577677117
Precuneus-R,138.33329999999998,a75_an_ba,0.03956331389804039
Precuneus-R,139.1667,a50_an_ba,0.13066572170565924
Precuneus-R,139.1667,a75_a50_an,-0.08957392414782868
Precuneus-R,139.1667,a75_an_ba,0.04109179755783056
Precuneus-R,140,a50_an_ba,0.12334386178810322
Precuneus-R,140,a75_a50_an,-0.0813534590529083
Precuneus-R,140,a75_an_ba,0.041990402735194936
Precuneus-R,140.8333,a50_an_ba,0.11485964243623534
Precuneus-R,140.8333,a75_a50_an,-0.07269689900989312
Precuneus-R,140.8333,a75_an_ba,0.04216274342634222
Precuneus-R,141.66670000000002,a50_an_ba,0.10526733386442604
Precuneus-R,141.66670000000002,a75_a50_an,-0.06374542893690334
Precuneus-R,141.66670000000002,a75_an_ba,0.0415219049275227
Precuneus-R,142.5,a50_an_ba,0.09463906467942258
Precuneus-R,142.5,a75_a50_an,-0.05464691864214662
Precuneus-R,142.5,a75_an_ba,0.039992146037275966
Precuneus-R,143.3333,a50_an_ba,0.08306436670876029
Precuneus-R,143.3333,a75_a50_an,-0.04555390933982633
Precuneus-R,143.3333,a75_an_ba,0.03751045736893395
Precuneus-R,144.16670000000002,a50_an_ba,0.07064942079022227
Precuneus-R,144.16670000000002,a75_a50_an,-0.03662147133590225
Precuneus-R,144.16670000000002,a75_an_ba,0.03402794945432001
Precuneus-R,145,a50_an_ba,0.05751600591231717
Precuneus-R,145,a75_a50_an,-0.028004959617622303
Precuneus-R,145,a75_an_ba,0.02951104629469487
Precuneus-R,145.8333,a50_an_ba,0.04380015978477161
Precuneus-R,145.8333,a75_a50_an,-0.01985769741054572
Precuneus-R,145.8333,a75_an_ba,0.023942462374225884
Precuneus-R,146.66670000000002,a50_an_ba,0.029650564612587565
Precuneus-R,146.66670000000002,a75_a50_an,-0.0123286207381161
Precuneus-R,146.66670000000002,a75_an_ba,0.017321943874471463
Precuneus-R,147.5,a50_an_ba,0.015226677426772861
Precuneus-R,147.5,a75_a50_an,-0.00555991953667383
Precuneus-R,147.5,a75_an_ba,0.009666757890099027
Precuneus-R,148.3333,a50_an_ba,6.966296687963273e-4
Precuneus-R,148.3333,a75_a50_an,3.152871462017711e-4
Precuneus-R,148.3333,a75_an_ba,0.0010119168149981005
Precuneus-R,149.16670000000002,a50_an_ba,-0.01376507428338492
Precuneus-R,149.16670000000002,a75_a50_an,0.0051752029910028695
Precuneus-R,149.16670000000002,a75_an_ba,-0.008589871292382053
Precuneus-R,150,a50_an_ba,-0.027980025434013144
Precuneus-R,150,a75_a50_an,0.008911493746901644
Precuneus-R,150,a75_an_ba,-0.019068531687111496
Precuneus-R,150.8333,a50_an_ba,-0.041768507162370606
Precuneus-R,150.8333,a75_a50_an,0.011431274630605903
Precuneus-R,150.8333,a75_an_ba,-0.0303372325317647
Precuneus-R,151.6667,a50_an_ba,-0.05495217942391143
Precuneus-R,151.6667,a75_a50_an,0.012658907225596603
Precuneus-R,151.6667,a75_an_ba,-0.04229327219831482
Precuneus-R,152.5,a50_an_ba,-0.06735680614077938
Precuneus-R,152.5,a75_a50_an,0.012537569025330517
Precuneus-R,152.5,a75_an_ba,-0.05481923711544887
Precuneus-R,153.3333,a50_an_ba,-0.07881498001695962
Precuneus-R,153.3333,a75_a50_an,0.01103056128745621
Precuneus-R,153.3333,a75_an_ba,-0.0677844187295034
Precuneus-R,154.1667,a50_an_ba,-0.089168798123878
Precuneus-R,154.1667,a75_a50_an,0.008122324198040492
Precuneus-R,154.1667,a75_an_ba,-0.08104647392583751
Precuneus-R,155,a50_an_ba,-0.09827244160031114
Precuneus-R,155,a75_a50_an,0.003819132451876175
Precuneus-R,155,a75_an_ba,-0.09445330914843496
Precuneus-R,155.8333,a50_an_ba,-0.10599461370886924
Precuneus-R,155.8333,a75_a50_an,-0.0018505508159972089
Precuneus-R,155.8333,a75_an_ba,-0.10784516452486645
Precuneus-R,156.6667,a50_an_ba,-0.11222079228359397
Precuneus-R,156.6667,a75_a50_an,-0.008836078333728018
Precuneus-R,156.6667,a75_an_ba,-0.121056870617322
Precuneus-R,157.5,a50_an_ba,-0.11685525526436157
Precuneus-R,157.5,a75_a50_an,-0.017064991779394013
Precuneus-R,157.5,a75_an_ba,-0.13392024704375557
Precuneus-R,158.3333,a50_an_ba,-0.11982284149966572
Precuneus-R,158.3333,a75_a50_an,-0.02644376770955801
Precuneus-R,158.3333,a75_an_ba,-0.14626660920922374
Precuneus-R,159.1667,a50_an_ba,-0.12107041324863434
Precuneus-R,159.1667,a75_a50_an,-0.03685893356809177
Precuneus-R,159.1667,a75_an_ba,-0.1579293468167261
Precuneus-R,160,a50_an_ba,-0.1205679917474584
Precuneus-R,160,a75_a50_an,-0.04817854399730154
Precuneus-R,160,a75_an_ba,-0.16874653574475995
Precuneus-R,160.8333,a50_an_ba,-0.11830954273201681
Precuneus-R,160.8333,a75_a50_an,-0.060254000603974324
Precuneus-R,160.8333,a75_an_ba,-0.17856354333599114
Precuneus-R,161.6667,a50_an_ba,-0.11431339482126937
Precuneus-R,161.6667,a75_a50_an,-0.07292219136013907
Precuneus-R,161.6667,a75_an_ba,-0.18723558618140843
Precuneus-R,162.5,a50_an_ba,-0.1086222800484307
Precuneus-R,162.5,a75_a50_an,-0.08600791909459767
Precuneus-R,162.5,a75_an_ba,-0.19463019914302837
Precuneus-R,163.33329999999998,a50_an_ba,-0.10130299245425804
Precuneus-R,163.33329999999998,a75_a50_an,-0.09932658220860205
Precuneus-R,163.33329999999998,a75_an_ba,-0.2006295746628601
Precuneus-R,164.1667,a50_an_ba,-0.09244566739862642
Precuneus-R,164.1667,a75_a50_an,-0.11268706497520999
Precuneus-R,164.1667,a75_an_ba,-0.20513273237383642
Precuneus-R,165,a50_an_ba,-0.08216269097006428
Precuneus-R,165,a75_a50_an,-0.12589478969682927
Precuneus-R,165,a75_an_ba,-0.20805748066689353
Precuneus-R,165.83329999999998,a50_an_ba,-0.07058725544509573
Precuneus-R,165.83329999999998,a75_a50_an,-0.13875487872813877
Precuneus-R,165.83329999999998,a75_an_ba,-0.2093421341732345
Precuneus-R,166.6667,a50_an_ba,-0.05787158304050544
Precuneus-R,166.6667,a75_a50_an,-0.15107537103616653
Precuneus-R,166.6667,a75_an_ba,-0.208946954076672
Precuneus-R,167.5,a50_an_ba,-0.04418484608791716
Precuneus-R,167.5,a75_a50_an,-0.16267043566250663
Precuneus-R,167.5,a75_an_ba,-0.20685528175042378
Precuneus-R,168.33329999999998,a50_an_ba,-0.02971081712592836
Precuneus-R,168.33329999999998,a75_a50_an,-0.1733635232510544
Precuneus-R,168.33329999999998,a75_an_ba,-0.20307434037698274
Precuneus-R,169.1667,a50_an_ba,-0.014645287146000819
Precuneus-R,169.1667,a75_a50_an,-0.18299039676203044
Precuneus-R,169.1667,a75_an_ba,-0.19763568390803124
Precuneus-R,170,a50_an_ba,8.067057471218275e-4
Precuneus-R,170,a75_a50_an,-0.19140198363928101
Precuneus-R,170,a75_an_ba,-0.19059527789215922
Precuneus-R,170.83329999999998,a50_an_ba,0.016433791767646855
Precuneus-R,170.83329999999998,a75_a50_an,-0.19846699403691487
Precuneus-R,170.83329999999998,a75_an_ba,-0.182033202269268
Precuneus-R,171.6667,a50_an_ba,0.03202128110122256
Precuneus-R,171.6667,a75_a50_an,-0.2040742532212481
Precuneus-R,171.6667,a75_an_ba,-0.17205297212002552
Precuneus-R,172.5,a50_an_ba,0.04735422241978552
Precuneus-R,172.5,a75_a50_an,-0.20813470089642616
Precuneus-R,172.5,a75_an_ba,-0.16078047847664065
Precuneus-R,173.3333,a50_an_ba,0.06222045833293008
Precuneus-R,173.3333,a75_a50_an,-0.21058301588280123
Precuneus-R,173.3333,a75_an_ba,-0.14836255754987113
Precuneus-R,174.16670000000002,a50_an_ba,0.07641362820390048
Precuneus-R,174.16670000000002,a75_a50_an,-0.21137883120762893
Precuneus-R,174.16670000000002,a75_an_ba,-0.13496520300372847
Precuneus-R,175,a50_an_ba,0.08973607001935477
Precuneus-R,175,a75_a50_an,-0.2105075121261584
Precuneus-R,175,a75_an_ba,-0.12077144210680364
Precuneus-R,175.8333,a50_an_ba,0.10200157513752199
Precuneus-R,175.8333,a75_a50_an,-0.20798047773591546
Precuneus-R,175.8333,a75_an_ba,-0.10597890259839347
Precuneus-R,176.66670000000002,a50_an_ba,0.11303795269839867
Precuneus-R,176.66670000000002,a75_a50_an,-0.20383505551783718
Precuneus-R,176.66670000000002,a75_an_ba,-0.09079710281943852
Precuneus-R,177.5,a50_an_ba,0.12268936419565835
Precuneus-R,177.5,a75_a50_an,-0.19813386716104173
Precuneus-R,177.5,a75_an_ba,-0.07544450296538337
Precuneus-R,178.3333,a50_an_ba,0.13081839310123913
Precuneus-R,178.3333,a75_a50_an,-0.1909637532181153
Precuneus-R,178.3333,a75_an_ba,-0.060145360116876156
Precuneus-R,179.16670000000002,a50_an_ba,0.1373078194061512
Precuneus-R,179.16670000000002,a75_a50_an,-0.18243425330339538
Precuneus-R,179.16670000000002,a75_an_ba,-0.04512643389724421
Precuneus-R,180,a50_an_ba,0.14206207438987672
Precuneus-R,180,a75_a50_an,-0.1726756674934222
Precuneus-R,180,a75_an_ba,-0.030613593103545448
Precuneus-R,180.8333,a50_an_ba,0.14500835674309506
Precuneus-R,180.8333,a75_a50_an,-0.16183673312395347
Precuneus-R,180.8333,a75_an_ba,-0.016828376380858417
Precuneus-R,181.6667,a50_an_ba,0.14609739722558387
Precuneus-R,181.6667,a75_a50_an,-0.1500819591152918
Precuneus-R,181.6667,a75_an_ba,-0.003984561889707901
Precuneus-R,182.5,a50_an_ba,0.14530386522164654
Precuneus-R,182.5,a75_a50_an,-0.13758866712104822
Precuneus-R,182.5,a75_an_ba,0.007715198100598327
Precuneus-R,183.3333,a50_an_ba,0.14262641673738952
Precuneus-R,183.3333,a75_a50_an,-0.12454379502330465
Precuneus-R,183.3333,a75_an_ba,0.01808262171408488
Precuneus-R,184.1667,a50_an_ba,0.1380873894480113
Precuneus-R,184.1667,a75_a50_an,-0.1111405234459376
Precuneus-R,184.1667,a75_an_ba,0.0269468660020737
Precuneus-R,185,a50_an_ba,0.13173215623440898
Precuneus-R,185,a75_a50_an,-0.09757478990622187
Precuneus-R,185,a75_an_ba,0.03415736632818712
Precuneus-R,185.8333,a50_an_ba,0.12362815413934704
Precuneus-R,185.8333,a75_a50_an,-0.08404175787563616
Precuneus-R,185.8333,a75_an_ba,0.039586396263710875
Precuneus-R,186.6667,a50_an_ba,0.11386361072615818
Precuneus-R,186.6667,a75_a50_an,-0.07073230930443555
Precuneus-R,186.6667,a75_an_ba,0.043131301421722626
Precuneus-R,187.5,a50_an_ba,0.10254599435087151
Precuneus-R,187.5,a75_a50_an,-0.057829629040324675
Precuneus-R,187.5,a75_an_ba,0.044716365310546846
Precuneus-R,188.3333,a50_an_ba,0.0898002187879289
Precuneus-R,188.3333,a75_a50_an,-0.045505948029019694
Precuneus-R,188.3333,a75_an_ba,0.0442942707589092
Precuneus-R,189.1667,a50_an_ba,0.07576663592123749
Precuneus-R,189.1667,a75_a50_an,-0.03391950924428082
Precuneus-R,189.1667,a75_an_ba,0.04184712667695667
Precuneus-R,190,a50_an_ba,0.060598852781515736
Precuneus-R,190,a75_a50_an,-0.023211816007984918
Precuneus-R,190,a75_an_ba,0.037387036773530814
Precuneus-R,190.8333,a50_an_ba,0.04446141105013285
Precuneus-R,190.8333,a75_a50_an,-0.013505216808408911
Precuneus-R,190.8333,a75_an_ba,0.030956194241723935
Precuneus-R,191.6667,a50_an_ba,0.027527368245892136
Precuneus-R,191.6667,a75_a50_an,-0.004900874016177614
Precuneus-R,191.6667,a75_an_ba,0.022626494229714526
Precuneus-R,192.5,a50_an_ba,0.009975820168707829
Precuneus-R,192.5,a75_a50_an,0.0025228438319656265
Precuneus-R,192.5,a75_an_ba,0.01249866400067346
Precuneus-R,193.3333,a50_an_ba,-0.008010596188600368
Precuneus-R,193.3333,a75_a50_an,0.008711515102412143
Precuneus-R,193.3333,a75_an_ba,7.00918913811774e-4
Precuneus-R,194.1667,a50_an_ba,-0.02624818109853347
Precuneus-R,194.1667,a75_a50_an,0.013635341681668526
Precuneus-R,194.1667,a75_an_ba,-0.012612839416864948
Precuneus-R,195,a50_an_ba,-0.04455459545470567
Precuneus-R,195,a75_a50_an,0.01728933709731151
Precuneus-R,195,a75_an_ba,-0.027265258357394167
Precuneus-R,195.83329999999998,a50_an_ba,-0.06275119482358302
Precuneus-R,195.83329999999998,a75_a50_an,0.019693024141366856
Precuneus-R,195.83329999999998,a75_an_ba,-0.04305817068221615
Precuneus-R,196.6667,a50_an_ba,-0.08066524277441668
Precuneus-R,196.6667,a75_a50_an,0.020889650103073646
Precuneus-R,196.6667,a75_an_ba,-0.059775592671343025
Precuneus-R,197.5,a50_an_ba,-0.09813197528952838
Precuneus-R,197.5,a75_a50_an,0.02094493767561181
Precuneus-R,197.5,a75_an_ba,-0.07718703761391657
Precuneus-R,198.33329999999998,a50_an_ba,-0.11499649163031961
Precuneus-R,198.33329999999998,a75_a50_an,0.019945399193276665
Precuneus-R,198.33329999999998,a75_an_ba,-0.09505109243704293
Precuneus-R,199.1667,a50_an_ba,-0.13111545087363793
Precuneus-R,199.1667,a75_a50_an,0.017996250873657166
Precuneus-R,199.1667,a75_an_ba,-0.11311919999998077
Precuneus-R,200,a50_an_ba,-0.1463585573499346
Precuneus-R,200,a75_a50_an,0.015218971987598893
Precuneus-R,200,a75_an_ba,-0.13113958536233572
Precuneus-R,200.83329999999998,a50_an_ba,-0.16060982232007318
Precuneus-R,200.83329999999998,a75_a50_an,0.011748561177646048
Precuneus-R,200.83329999999998,a75_an_ba,-0.14886126114242712
Precuneus-R,201.6667,a50_an_ba,-0.17376859333565706
Precuneus-R,201.6667,a75_a50_an,0.007730548333525747
Precuneus-R,201.6667,a75_an_ba,-0.1660380450021313
Precuneus-R,202.5,a50_an_ba,-0.1857503467562771
Precuneus-R,202.5,a75_a50_an,0.003317825374917738
Precuneus-R,202.5,a75_an_ba,-0.18243252138135937
Precuneus-R,203.3333,a50_an_ba,-0.19648724277019
Precuneus-R,203.3333,a75_a50_an,-0.0013326371217385203
Precuneus-R,203.3333,a75_an_ba,-0.1978198798919285
Precuneus-R,204.16670000000002,a50_an_ba,-0.2059284459142772
Precuneus-R,204.16670000000002,a75_a50_an,-0.0060631183637436395
Precuneus-R,204.16670000000002,a75_an_ba,-0.21199156427802082
Precuneus-R,205,a50_an_ba,-0.21404021745534382
Precuneus-R,205,a75_a50_an,-0.010718451091906346
Precuneus-R,205,a75_an_ba,-0.22475866854725018
Precuneus-R,205.8333,a50_an_ba,-0.22080578902829975
Precuneus-R,205.8333,a75_a50_an,-0.01514923170997954
Precuneus-R,205.8333,a75_an_ba,-0.2359550207382793
Precuneus-R,206.66670000000002,a50_an_ba,-0.22622502958885263
Precuneus-R,206.66670000000002,a75_a50_an,-0.019214870172575994
Precuneus-R,206.66670000000002,a75_an_ba,-0.24543989976142863
Precuneus-R,207.5,a50_an_ba,-0.23031392000132003
Precuneus-R,207.5,a75_a50_an,-0.022786416748186447
Precuneus-R,207.5,a75_an_ba,-0.2531003367495065
Precuneus-R,208.3333,a50_an_ba,-0.23310385142978657
Precuneus-R,208.3333,a75_a50_an,-0.025749107858652157
Precuneus-R,208.3333,a75_an_ba,-0.25885295928843877
Precuneus-R,209.16670000000002,a50_an_ba,-0.23464076512762014
Precuneus-R,209.16670000000002,a75_a50_an,-0.028004579515996556
Precuneus-R,209.16670000000002,a75_an_ba,-0.2626453446436167
Precuneus-R,210,a50_an_ba,-0.2349841522320548
Precuneus-R,210,a75_a50_an,-0.029472704291763453
Precuneus-R,210,a75_an_ba,-0.26445685652381823
Precuneus-R,210.8333,a50_an_ba,-0.23420593278212043
Precuneus-R,210.8333,a75_a50_an,-0.03009301609901909
Precuneus-R,210.8333,a75_an_ba,-0.26429894888113953
Precuneus-R,211.66670000000002,a50_an_ba,-0.2323892334141386
Precuneus-R,211.66670000000002,a75_a50_an,-0.029825696157842783
Precuneus-R,211.66670000000002,a75_an_ba,-0.2622149295719814
Precuneus-R,212.5,a50_an_ba,-0.22962708308133403
Precuneus-R,212.5,a75_a50_an,-0.028652103149873754
Precuneus-R,212.5,a75_an_ba,-0.25827918623120777
Precuneus-R,213.3333,a50_an_ba,-0.22602104573105725
Precuneus-R,213.3333,a75_a50_an,-0.02657484053296596
Precuneus-R,213.3333,a75_an_ba,-0.2525958862640232
Precuneus-R,214.1667,a50_an_ba,-0.22167980819848598
Precuneus-R,214.1667,a75_a50_an,-0.023617364061928908
Precuneus-R,214.1667,a75_an_ba,-0.24529717226041486
Precuneus-R,215,a50_an_ba,-0.21671774068563063
Precuneus-R,215,a75_a50_an,-0.01982314252312574
Precuneus-R,215,a75_an_ba,-0.23654088320875638
Precuneus-R,215.8333,a50_an_ba,-0.21125344613811312
Precuneus-R,215.8333,a75_a50_an,-0.0152543943185713
Precuneus-R,215.8333,a75_an_ba,-0.2265078404566844
Precuneus-R,216.6667,a50_an_ba,-0.20540831365774695
Precuneus-R,216.6667,a75_a50_an,-0.009990431616822814
Precuneus-R,216.6667,a75_an_ba,-0.21539874527456976
Precuneus-R,217.5,a50_an_ba,-0.19930508984386505
Precuneus-R,217.5,a75_a50_an,-0.004125652123394891
Precuneus-R,217.5,a75_an_ba,-0.20343074196725994
Precuneus-R,218.3333,a50_an_ba,-0.1930664806852826
Precuneus-R,218.3333,a75_a50_an,0.0022327740703809106
Precuneus-R,218.3333,a75_an_ba,-0.19083370661490168
Precuneus-R,219.1667,a50_an_ba,-0.1868137953677541
Precuneus-R,219.1667,a75_a50_an,0.008967468785537707
Precuneus-R,219.1667,a75_an_ba,-0.1778463265822164
Precuneus-R,220,a50_an_ba,-0.1806656421543602
Precuneus-R,220,a75_a50_an,0.015953602338192274
Precuneus-R,220,a75_an_ba,-0.16471203981616792
Precuneus-R,220.8333,a50_an_ba,-0.17473668536713327
Precuneus-R,220.8333,a75_a50_an,0.02306177979235578
Precuneus-R,220.8333,a75_an_ba,-0.15167490557477747
Precuneus-R,221.6667,a50_an_ba,-0.16913647146974872
Precuneus-R,221.6667,a75_a50_an,0.030160991931010503
Precuneus-R,221.6667,a75_an_ba,-0.13897547953873823
Precuneus-R,222.5,a50_an_ba,-0.163968331338115
Precuneus-R,222.5,a75_a50_an,0.03712156511677836
Precuneus-R,222.5,a75_an_ba,-0.12684676622133667
Precuneus-R,223.3333,a50_an_ba,-0.15932836501561096
Precuneus-R,223.3333,a75_a50_an,0.04381804481021324
Precuneus-R,223.3333,a75_an_ba,-0.11551032020539774
Precuneus-R,224.1667,a50_an_ba,-0.15530451458264308
Precuneus-R,224.1667,a75_a50_an,0.05013194956351786
Precuneus-R,224.1667,a75_an_ba,-0.10517256501912521
Precuneus-R,225,a50_an_ba,-0.15197573021897437
Precuneus-R,225,a75_a50_an,0.05595433575691921
Precuneus-R,225,a75_an_ba,-0.09602139446205517
Precuneus-R,225.83329999999998,a50_an_ba,-0.14941123408852683
Precuneus-R,225.83329999999998,a75_a50_an,0.061188118109121656
Precuneus-R,225.83329999999998,a75_an_ba,-0.08822311597940517
Precuneus-R,226.6667,a50_an_ba,-0.14766988631065822
Precuneus-R,226.6667,a75_a50_an,0.06575009695764107
Precuneus-R,226.6667,a75_an_ba,-0.08191978935301716
Precuneus-R,227.5,a50_an_ba,-0.14679965697528755
Precuneus-R,227.5,a75_a50_an,0.06957265032787638
Precuneus-R,227.5,a75_an_ba,-0.07722700664741117
Precuneus-R,228.33329999999998,a50_an_ba,-0.14683720788398763
Precuneus-R,228.33329999999998,a75_a50_an,0.0726050567265745
Precuneus-R,228.33329999999998,a75_an_ba,-0.07423215115741312
Precuneus-R,229.1667,a50_an_ba,-0.14780758742531663
Precuneus-R,229.1667,a75_a50_an,0.07481442322106474
Precuneus-R,229.1667,a75_an_ba,-0.0729931642042519
Precuneus-R,230,a50_an_ba,-0.1497240416889289
Precuneus-R,230,a75_a50_an,0.07618620250001223
Precuneus-R,230,a75_an_ba,-0.07353783918891665
Precuneus-R,230.83329999999998,a50_an_ba,-0.15258794455885083
Precuneus-R,230.83329999999998,a75_a50_an,0.07672429204360176
Precuneus-R,230.83329999999998,a75_an_ba,-0.07586365251524906
Precuneus-R,231.6667,a50_an_ba,-0.1563888490726187
Precuneus-R,231.6667,a75_a50_an,0.07645071804404173
Precuneus-R,231.6667,a75_an_ba,-0.07993813102857697
Precuneus-R,232.5,a50_an_ba,-0.16110466176353044
Precuneus-R,232.5,a75_a50_an,0.07540491609326154
Precuneus-R,232.5,a75_an_ba,-0.08569974567026889
Precuneus-R,233.33329999999998,a50_an_ba,-0.1667019409967593
Precuneus-R,233.33329999999998,a75_a50_an,0.07364262968025534
Precuneus-R,233.33329999999998,a75_an_ba,-0.09305931131650397
Precuneus-R,234.1667,a50_an_ba,-0.17313631944956168
Precuneus-R,234.1667,a75_a50_an,0.07123445601090261
Precuneus-R,234.1667,a75_an_ba,-0.10190186343865909
Precuneus-R,235,a50_an_ba,-0.18035304986171902
Precuneus-R,235,a75_a50_an,0.06826407638778151
Precuneus-R,235,a75_an_ba,-0.11208897347393751
Precuneus-R,235.8333,a50_an_ba,-0.18828767199130064
Precuneus-R,235.8333,a75_a50_an,0.06482621519372184
Precuneus-R,235.8333,a75_an_ba,-0.12346145679757879
Precuneus-R,236.66670000000002,a50_an_ba,-0.19686679735737808
Precuneus-R,236.66670000000002,a75_a50_an,0.061024377260166546
Precuneus-R,236.66670000000002,a75_an_ba,-0.13584242009721154
Precuneus-R,237.5,a50_an_ba,-0.2060090068478551
Precuneus-R,237.5,a75_a50_an,0.056968417944834315
Precuneus-R,237.5,a75_an_ba,-0.14904058890302077
Precuneus-R,238.3333,a50_an_ba,-0.2156258546370127
Precuneus-R,238.3333,a75_a50_an,0.05277200349594051
Precuneus-R,238.3333,a75_an_ba,-0.16285385114107218
Precuneus-R,239.16670000000002,a50_an_ba,-0.2256229701214262
Precuneus-R,239.16670000000002,a75_a50_an,0.04855002117614234
Precuneus-R,239.16670000000002,a75_an_ba,-0.17707294894528386
Precuneus-R,240,a50_an_ba,-0.23590124777920826
Precuneus-R,240,a75_a50_an,0.04441599912403258
Precuneus-R,240,a75_an_ba,-0.1914852486551757
Precuneus-R,240.8333,a50_an_ba,-0.24635811302687902
Precuneus-R,240.8333,a75_a50_an,0.04047959504252209
Precuneus-R,240.8333,a75_an_ba,-0.2058785179843569
Precuneus-R,241.66670000000002,a50_an_ba,-0.25688885033676606
Precuneus-R,241.66670000000002,a75_a50_an,0.03684421055257093
Precuneus-R,241.66670000000002,a75_an_ba,-0.22004463978419517
Precuneus-R,242.5,a50_an_ba,-0.2673879781357033
Precuneus-R,242.5,a75_a50_an,0.03360478449960052
Precuneus-R,242.5,a75_an_ba,-0.23378319363610278
Precuneus-R,243.3333,a50_an_ba,-0.27775065338571603
Precuneus-R,243.3333,a75_a50_an,0.030845813740811284
Precuneus-R,243.3333,a75_an_ba,-0.24690483964490473
Precuneus-R,244.1667,a50_an_ba,-0.2878740873033631
Precuneus-R,244.1667,a75_a50_an,0.028639644094631368
Precuneus-R,244.1667,a75_an_ba,-0.25923444320873174
Precuneus-R,245,a50_an_ba,-0.2976589524594881
Precuneus-R,245,a75_a50_an,0.027045067343377454
Precuneus-R,245,a75_an_ba,-0.2706138851161106
Precuneus-R,245.8333,a50_an_ba,-0.3070107605667427
Precuneus-R,245.8333,a75_a50_an,0.026106252612975275
Precuneus-R,245.8333,a75_an_ba,-0.2809045079537674
Precuneus-R,246.6667,a50_an_ba,-0.3158411896555517
Precuneus-R,246.6667,a75_a50_an,0.025852032292892672
Precuneus-R,246.6667,a75_an_ba,-0.289989157362659
Precuneus-R,247.5,a50_an_ba,-0.3240693391019463
Precuneus-R,247.5,a75_a50_an,0.026295554101370692
Precuneus-R,247.5,a75_an_ba,-0.2977737850005756
Precuneus-R,248.3333,a50_an_ba,-0.3316228911376714
Precuneus-R,248.3333,a75_a50_an,0.027434302150327293
Precuneus-R,248.3333,a75_an_ba,-0.3041885889873441
Precuneus-R,249.1667,a50_an_ba,-0.3384391580705421
Precuneus-R,249.1667,a75_a50_an,0.029250481128913458
Precuneus-R,249.1667,a75_an_ba,-0.30918867694162866
Precuneus-R,250,a50_an_ba,-0.3444659954877393
Precuneus-R,250,a75_a50_an,0.03171174921084425
Precuneus-R,250,a75_an_ba,-0.312754246276895
Precuneus-R,250.83329999999998,a50_an_ba,-0.3496625632128462
Precuneus-R,250.83329999999998,a75_a50_an,0.03477227719860167
Precuneus-R,250.83329999999998,a75_an_ba,-0.31489028601424457
Precuneus-R,251.66670000000002,a50_an_ba,-0.3539999177334324
Precuneus-R,251.66670000000002,a75_a50_an,0.03837410393584964
Precuneus-R,251.66670000000002,a75_an_ba,-0.31562581379758275
Precuneus-R,252.5,a50_an_ba,-0.35746142219315863
Precuneus-R,252.5,a75_a50_an,0.042448751321663813
Precuneus-R,252.5,a75_an_ba,-0.3150126708714948
Precuneus-R,253.33329999999998,a50_an_ba,-0.3600429628214822
Precuneus-R,253.33329999999998,a75_a50_an,0.04691905649978348
Precuneus-R,253.33329999999998,a75_an_ba,-0.3131239063216987
Precuneus-R,254.16670000000002,a50_an_ba,-0.36175296381475325
Precuneus-R,254.16670000000002,a75_a50_an,0.05170117410382619
Precuneus-R,254.16670000000002,a75_an_ba,-0.31005178971092706
Precuneus-R,255,a50_an_ba,-0.36261219613288675
Precuneus-R,255,a75_a50_an,0.056706697919538016
Precuneus-R,255,a75_an_ba,-0.3059054982133487
Precuneus-R,255.83329999999998,a50_an_ba,-0.3626533793739495
Precuneus-R,255.83329999999998,a75_a50_an,0.06184484905366509
Precuneus-R,255.83329999999998,a75_an_ba,-0.3008085303202844
Precuneus-R,256.66670000000005,a50_an_ba,-0.36192057976356284
Precuneus-R,256.66670000000005,a75_a50_an,0.06702467672128161
Precuneus-R,256.66670000000005,a75_an_ba,-0.29489590304228125
Precuneus-R,257.5,a50_an_ba,-0.3604684112682958
Precuneus-R,257.5,a75_a50_an,0.07215721809419953
Precuneus-R,257.5,a75_an_ba,-0.2883111931740963
Precuneus-R,258.3333,a50_an_ba,-0.3583610508270576
Precuneus-R,258.3333,a75_a50_an,0.07715756527515656
Precuneus-R,258.3333,a75_an_ba,-0.28120348555190106
Precuneus-R,259.16670000000005,a50_an_ba,-0.35567108260316393
Precuneus-R,259.16670000000005,a75_a50_an,0.08194679032813496
Precuneus-R,259.16670000000005,a75_an_ba,-0.273724292275029
Precuneus-R,260,a50_an_ba,-0.35247818990099117
Precuneus-R,260,a75_a50_an,0.0864536833269086
Precuneus-R,260,a75_an_ba,-0.2660245065740826
Precuneus-R,260.8333,a50_an_ba,-0.3488677168744338
Precuneus-R,260.8333,a75_a50_an,0.09061626347678588
Precuneus-R,260.8333,a75_an_ba,-0.2582514533976479
Precuneus-R,261.6667,a50_an_ba,-0.34492912529126596
Precuneus-R,261.6667,a75_a50_an,0.09438302938823503
Precuneus-R,261.6667,a75_an_ba,-0.25054609590303095
Precuneus-R,262.5,a50_an_ba,-0.3407543743246273
Precuneus-R,262.5,a75_a50_an,0.09771392138393185
Precuneus-R,262.5,a75_an_ba,-0.2430404529406954
Precuneus-R,263.3333,a50_an_ba,-0.3364362535437425
Precuneus-R,263.3333,a75_a50_an,0.10058097613273805
Precuneus-R,263.3333,a75_an_ba,-0.23585527741100448
Precuneus-R,264.1667,a50_an_ba,-0.33206670090331725
Precuneus-R,264.1667,a75_a50_an,0.10296866174127735
Precuneus-R,264.1667,a75_an_ba,-0.22909803916203988
Precuneus-R,265,a50_an_ba,-0.3277351385288601
Precuneus-R,265,a75_a50_an,0.10487388950289071
Precuneus-R,265,a75_an_ba,-0.2228612490259694
Precuneus-R,265.8333,a50_an_ba,-0.32352685941998494
Precuneus-R,265.8333,a75_a50_an,0.1063057066065537
Precuneus-R,265.8333,a75_an_ba,-0.21722115281343124
Precuneus-R,266.6667,a50_an_ba,-0.3195214978170431
Precuneus-R,266.6667,a75_a50_an,0.10728468204696688
Precuneus-R,266.6667,a75_an_ba,-0.2122368157700762
Precuneus-R,267.5,a50_an_ba,-0.3157916148844993
Precuneus-R,267.5,a75_a50_an,0.10784200555789067
Precuneus-R,267.5,a75_an_ba,-0.20794960932660864
Precuneus-R,268.3333,a50_an_ba,-0.31240142956075073
Precuneus-R,268.3333,a75_a50_an,0.10801832643038824
Precuneus-R,268.3333,a75_an_ba,-0.20438310313036245
Precuneus-R,269.1667,a50_an_ba,-0.30940572192788235
Precuneus-R,269.1667,a75_a50_an,0.10786236540549443
Precuneus-R,269.1667,a75_an_ba,-0.20154335652238792
Precuneus-R,270,a50_an_ba,-0.3068489333033125
Precuneus-R,270,a75_a50_an,0.10742933829539997
Precuneus-R,270,a75_an_ba,-0.19941959500791254
Precuneus-R,270.8333,a50_an_ba,-0.30476448350072255
Precuneus-R,270.8333,a75_a50_an,0.10677923445738806
Precuneus-R,270.8333,a75_an_ba,-0.19798524904333448
Precuneus-R,271.6667,a50_an_ba,-0.3031743214192846
Precuneus-R,271.6667,a75_a50_an,0.10597499661509606
Precuneus-R,271.6667,a75_an_ba,-0.19719932480418853
Precuneus-R,272.5,a50_an_ba,-0.30208872038035567
Precuneus-R,272.5,a75_a50_an,0.10508065071306903
Precuneus-R,272.5,a75_an_ba,-0.19700806966728665
Precuneus-R,273.3333,a50_an_ba,-0.3015063245355997
Precuneus-R,273.3333,a75_a50_an,0.10415943545342111
Precuneus-R,273.3333,a75_an_ba,-0.1973468890821786
Precuneus-R,274.1667,a50_an_ba,-0.3014144473263324
Precuneus-R,274.1667,a75_a50_an,0.10327198087808687
Precuneus-R,274.1667,a75_an_ba,-0.19814246644824549
Precuneus-R,275,a50_an_ba,-0.30178961749571953
Precuneus-R,275,a75_a50_an,0.10247458383738782
Precuneus-R,275,a75_an_ba,-0.19931503365833173
Precuneus-R,275.8333,a50_an_ba,-0.30259836266487716
Precuneus-R,275.8333,a75_a50_an,0.10181762546688049
Precuneus-R,275.8333,a75_an_ba,-0.2007807371979967
Precuneus-R,276.6667,a50_an_ba,-0.30379821510487476
Precuneus-R,276.6667,a75_a50_an,0.10134417194955342
Precuneus-R,276.6667,a75_an_ba,-0.20245404315532137
Precuneus-R,277.5,a50_an_ba,-0.30533891919456835
Precuneus-R,277.5,a75_a50_an,0.10108879496761791
Precuneus-R,277.5,a75_an_ba,-0.2042501242269504
Precuneus-R,278.3333,a50_an_ba,-0.3071638152711467
Precuneus-R,278.3333,a75_a50_an,0.10107664246968175
Precuneus-R,278.3333,a75_an_ba,-0.206087172801465
Precuneus-R,279.1667,a50_an_ba,-0.30921137027350454
Precuneus-R,279.1667,a75_a50_an,0.10132278384005292
Precuneus-R,279.1667,a75_an_ba,-0.2078885864334516
Precuneus-R,280,a50_an_ba,-0.31141682185639313
Precuneus-R,280,a75_a50_an,0.1018318464202133
Precuneus-R,280,a75_an_ba,-0.20958497543617982
Precuneus-R,280.8333,a50_an_ba,-0.3137138996134827
Precuneus-R,280.8333,a75_a50_an,0.10259795277595393
Precuneus-R,280.8333,a75_an_ba,-0.21111594683752882
Precuneus-R,281.6667,a50_an_ba,-0.3160365847736104
Precuneus-R,281.6667,a75_a50_an,0.10360496031499679
Precuneus-R,281.6667,a75_an_ba,-0.2124316244586136
Precuneus-R,282.5,a50_an_ba,-0.3183208682945413
Precuneus-R,282.5,a75_a50_an,0.10482699703247712
Precuneus-R,282.5,a75_an_ba,-0.21349387126206415
Precuneus-R,283.3333,a50_an_ba,-0.3205064667224151
Precuneus-R,283.3333,a75_a50_an,0.10622927948965587
Precuneus-R,283.3333,a75_an_ba,-0.2142771872327592
Precuneus-R,284.1667,a50_an_ba,-0.3225384555433297
Precuneus-R,284.1667,a75_a50_an,0.10776919180520479
Precuneus-R,284.1667,a75_an_ba,-0.2147692637381249
Precuneus-R,285,a50_an_ba,-0.324368781035886
Precuneus-R,285,a75_a50_an,0.10939759764000118
Precuneus-R,285,a75_an_ba,-0.21497118339588484
Precuneus-R,285.8333,a50_an_ba,-0.3259576138289931
Precuneus-R,285.8333,a75_a50_an,0.11106035105490498
Precuneus-R,285.8333,a75_an_ba,-0.21489726277408808
Precuneus-R,286.6667,a50_an_ba,-0.32727451044473116
Precuneus-R,286.6667,a75_a50_an,0.11269996686823738
Precuneus-R,286.6667,a75_an_ba,-0.21457454357649375
Precuneus-R,287.5,a50_an_ba,-0.3282993530080809
Precuneus-R,287.5,a75_a50_an,0.1142574068671864
Precuneus-R,287.5,a75_an_ba,-0.2140419461408945
Precuneus-R,288.3333,a50_an_ba,-0.3290230419595251
Precuneus-R,288.3333,a75_a50_an,0.11567393504232719
Precuneus-R,288.3333,a75_an_ba,-0.21334910691719788
Precuneus-R,289.1667,a50_an_ba,-0.3294479219203326
Precuneus-R,289.1667,a75_a50_an,0.11689299299805571
Precuneus-R,289.1667,a75_an_ba,-0.21255492892227693
Precuneus-R,290,a50_an_ba,-0.3295879267233709
Precuneus-R,290,a75_a50_an,0.11786204589616227
Precuneus-R,290,a75_an_ba,-0.21172588082720864
Precuneus-R,290.8333,a50_an_ba,-0.3294684359100293
Precuneus-R,290.8333,a75_a50_an,0.11853434973779028
Precuneus-R,290.8333,a75_an_ba,-0.210934086172239
Precuneus-R,291.6667,a50_an_ba,-0.3291258415691044
Precuneus-R,291.6667,a75_a50_an,0.11887059247288959
Precuneus-R,291.6667,a75_an_ba,-0.21025524909621485
Precuneus-R,292.5,a50_an_ba,-0.32860683111012207
Precuneus-R,292.5,a75_a50_an,0.11884036430793633
Precuneus-R,292.5,a75_an_ba,-0.20976646680218572
Precuneus-R,293.3333,a50_an_ba,-0.3279673982693183
Precuneus-R,293.3333,a75_a50_an,0.11842341659491261
Precuneus-R,293.3333,a75_an_ba,-0.20954398167440572
Precuneus-R,294.1667,a50_an_ba,-0.32727160118669246
Precuneus-R,294.1667,a75_a50_an,0.11761067373227554
Precuneus-R,294.1667,a75_an_ba,-0.2096609274544169
Precuneus-R,295,a50_an_ba,-0.3265900926134853
Precuneus-R,295,a75_a50_an,0.11640496847130508
Precuneus-R,295,a75_an_ba,-0.21018512414218024
Precuneus-R,295.8333,a50_an_ba,-0.3259984530619737
Precuneus-R,295.8333,a75_a50_an,0.11482147775565227
Precuneus-R,295.8333,a75_an_ba,-0.21117697530632146
Precuneus-R,296.6667,a50_an_ba,-0.3255753628529114
Precuneus-R,296.6667,a75_a50_an,0.11288784356582089
Precuneus-R,296.6667,a75_an_ba,-0.21268751928709048
Precuneus-R,297.5,a50_an_ba,-0.32540065342080954
Precuneus-R,297.5,a75_a50_an,0.11064397101587455
Precuneus-R,297.5,a75_an_ba,-0.214756682404935
Precuneus-R,298.3333,a50_an_ba,-0.32555328178920273
Precuneus-R,298.3333,a75_a50_an,0.10814150396836983
Precuneus-R,298.3333,a75_an_ba,-0.2174117778208329
Precuneus-R,299.1667,a50_an_ba,-0.32610927473021
Precuneus-R,299.1667,a75_a50_an,0.10544298649988335
Precuneus-R,299.1667,a75_an_ba,-0.22066628823032663
Precuneus-R,300,a50_an_ba,-0.3271396906986652
Precuneus-R,300,a75_a50_an,0.10262072646664025
Precuneus-R,300,a75_an_ba,-0.224518964232025
Precuneus-R,300.8333,a50_an_ba,-0.32870864812652656
Precuneus-R,300.8333,a75_a50_an,0.09975538499342473
Precuneus-R,300.8333,a75_an_ba,-0.22895326313310185
Precuneus-R,301.6667,a50_an_ba,-0.3308714680481296
Precuneus-R,301.6667,a75_a50_an,0.09693432275255513
Precuneus-R,301.6667,a75_an_ba,-0.2339371452955745
Precuneus-R,302.5,a50_an_ba,-0.3336729772959498
Precuneus-R,302.5,a75_a50_an,0.09424974023898638
Precuneus-R,302.5,a75_an_ba,-0.2394232370569634
Precuneus-R,303.33329999999995,a50_an_ba,-0.3371460156802397
Precuneus-R,303.33329999999995,a75_a50_an,0.09179665472411683
Precuneus-R,303.33329999999995,a75_an_ba,-0.2453493609561229
Precuneus-R,304.1667,a50_an_ba,-0.34131018669037305
Precuneus-R,304.1667,a75_a50_an,0.08967076104708274
Precuneus-R,304.1667,a75_an_ba,-0.25163942564329034
Precuneus-R,305,a50_an_ba,-0.346170886401587
Precuneus-R,305,a75_a50_an,0.0879662267635342
Precuneus-R,305,a75_an_ba,-0.25820465963805284
Precuneus-R,305.83329999999995,a50_an_ba,-0.35171863953263266
Precuneus-R,305.83329999999995,a75_a50_an,0.08677347433025845
Precuneus-R,305.83329999999995,a75_an_ba,-0.2649451652023742
Precuneus-R,306.6667,a50_an_ba,-0.3579287650938371
Precuneus-R,306.6667,a75_a50_an,0.08617700390005613
Precuneus-R,306.6667,a75_an_ba,-0.27175176119378097
Precuneus-R,307.5,a50_an_ba,-0.3647613869269649
Precuneus-R,307.5,a75_a50_an,0.08625330990555061
Precuneus-R,307.5,a75_an_ba,-0.27850807702141434
Precuneus-R,308.33329999999995,a50_an_ba,-0.3721617968203236
Precuneus-R,308.33329999999995,a75_a50_an,0.08706894292471512
Precuneus-R,308.33329999999995,a75_an_ba,-0.28509285389560846
Precuneus-R,309.1667,a50_an_ba,-0.38006116995062794
Precuneus-R,309.1667,a75_a50_an,0.08867876537712674
Precuneus-R,309.1667,a75_an_ba,-0.2913824045735012
Precuneus-R,310,a50_an_ba,-0.3883776243325971
Precuneus-R,310,a75_a50_an,0.091124445461135
Precuneus-R,310,a75_an_ba,-0.2972531788714621
Precuneus-R,310.83329999999995,a50_an_ba,-0.3970176079297344
Precuneus-R,310.83329999999995,a75_a50_an,0.09443322849975073
Precuneus-R,310.83329999999995,a75_an_ba,-0.3025843794299836
Precuneus-R,311.6667,a50_an_ba,-0.40587758927815376
Precuneus-R,311.6667,a75_a50_an,0.09861701863556792
Precuneus-R,311.6667,a75_an_ba,-0.30726057064258583
Precuneus-R,312.5,a50_an_ba,-0.4148460200809928
Precuneus-R,312.5,a75_a50_an,0.10367179674483783
Precuneus-R,312.5,a75_an_ba,-0.31117422333615496
Precuneus-R,313.3333,a50_an_ba,-0.42380553141810046
Precuneus-R,313.3333,a75_a50_an,0.10957739269131535
Precuneus-R,313.3333,a75_an_ba,-0.3142281387267851
Precuneus-R,314.16670000000005,a50_an_ba,-0.4326353191480764
Precuneus-R,314.16670000000005,a75_a50_an,0.11629762179174688
Precuneus-R,314.16670000000005,a75_an_ba,-0.31633769735632955
Precuneus-R,315,a50_an_ba,-0.4412136689072259
Precuneus-R,315,a75_a50_an,0.12378078681013273
Precuneus-R,315,a75_an_ba,-0.3174328820970932
Precuneus-R,315.8333,a50_an_ba,-0.4494205669634038
Precuneus-R,315.8333,a75_a50_an,0.13196053813829292
Precuneus-R,315.8333,a75_an_ba,-0.31746002882511093
Precuneus-R,316.66670000000005,a50_an_ba,-0.4571403401726971
Precuneus-R,316.66670000000005,a75_a50_an,0.14075707626076617
Precuneus-R,316.66670000000005,a75_an_ba,-0.31638326391193095
Precuneus-R,317.5,a50_an_ba,-0.46426426649900104
Precuneus-R,317.5,a75_a50_an,0.15007867234612035
Precuneus-R,317.5,a75_an_ba,-0.31418559415288067
Precuneus-R,318.3333,a50_an_ba,-0.4706930970509137
Precuneus-R,318.3333,a75_a50_an,0.15982347505189148
Precuneus-R,318.3333,a75_an_ba,-0.31086962199902224
Precuneus-R,319.16670000000005,a50_an_ba,-0.47633943139822627
Precuneus-R,319.16670000000005,a75_a50_an,0.16988156456314918
Precuneus-R,319.16670000000005,a75_an_ba,-0.3064578668350771
Precuneus-R,320,a50_an_ba,-0.48112989005455764
Precuneus-R,320,a75_a50_an,0.18013720867674746
Precuneus-R,320,a75_an_ba,-0.30099268137781016
Precuneus-R,320.8333,a50_an_ba,-0.4850070314260428
Precuneus-R,320.8333,a75_a50_an,0.19047127054662913
Precuneus-R,320.8333,a75_an_ba,-0.2945357608794137
Precuneus-R,321.66670000000005,a50_an_ba,-0.48793096517218254
Precuneus-R,321.66670000000005,a75_a50_an,0.2007637136495096
Precuneus-R,321.66670000000005,a75_an_ba,-0.2871672515226729
Precuneus-R,322.5,a50_an_ba,-0.4898806197193553
Precuneus-R,322.5,a75_a50_an,0.21089614671790963
Precuneus-R,322.5,a75_an_ba,-0.2789844730014457
Precuneus-R,323.3333,a50_an_ba,-0.49085462849814987
Precuneus-R,323.3333,a75_a50_an,0.22075434989344697
Precuneus-R,323.3333,a75_an_ba,-0.2701002786047029
Precuneus-R,324.1667,a50_an_ba,-0.49087180720663504
Precuneus-R,324.1667,a75_a50_an,0.230230723221739
Precuneus-R,324.1667,a75_an_ba,-0.26064108398489605
Precuneus-R,325,a50_an_ba,-0.4899712028743702
Precuneus-R,325,a75_a50_an,0.23922659985361594
Precuneus-R,325,a75_an_ba,-0.25074460302075424
Precuneus-R,325.8333,a50_an_ba,-0.4882117045397447
Precuneus-R,325.8333,a75_a50_an,0.24765436891630746
Precuneus-R,325.8333,a75_an_ba,-0.24055733562343726
Precuneus-R,326.6667,a50_an_ba,-0.4856712147642691
Precuneus-R,326.6667,a75_a50_an,0.25543935692158554
Precuneus-R,326.6667,a75_an_ba,-0.2302318578426836
Precuneus-R,327.5,a50_an_ba,-0.4824453907891376
Precuneus-R,327.5,a75_a50_an,0.26252142170392506
Precuneus-R,327.5,a75_an_ba,-0.21992396908521258
Precuneus-R,328.3333,a50_an_ba,-0.4786459736830346
Precuneus-R,328.3333,a75_a50_an,0.26885621911986335
Precuneus-R,328.3333,a75_an_ba,-0.2097897545631712
Precuneus-R,329.1667,a50_an_ba,-0.4743987331248571
Precuneus-R,329.1667,a75_a50_an,0.27441610995314775
Precuneus-R,329.1667,a75_an_ba,-0.19998262317170937
Precuneus-R,330,a50_an_ba,-0.4698410643033097
Precuneus-R,330,a75_a50_an,0.2791906824986675
Precuneus-R,330,a75_an_ba,-0.19065038180464217
Precuneus-R,330.8333,a50_an_ba,-0.46511928159663785
Precuneus-R,330.8333,a75_a50_an,0.28318687496164074
Precuneus-R,330.8333,a75_an_ba,-0.18193240663499707
Precuneus-R,331.6667,a50_an_ba,-0.4603856610323972
Precuneus-R,331.6667,a75_a50_an,0.28642869091167644
Precuneus-R,331.6667,a75_an_ba,-0.1739569701207208
Precuneus-R,332.5,a50_an_ba,-0.45579528984698975
Precuneus-R,332.5,a75_a50_an,0.2889565103675599
Precuneus-R,332.5,a75_an_ba,-0.16683877947942985
Precuneus-R,333.3333,a50_an_ba,-0.45150278661670096
Precuneus-R,333.3333,a75_a50_an,0.2908260084447487
Precuneus-R,333.3333,a75_an_ba,-0.16067677817195222
Precuneus-R,334.1667,a50_an_ba,-0.447658959288566
Precuneus-R,334.1667,a75_a50_an,0.292106702659301
Precuneus-R,334.1667,a75_an_ba,-0.15555225662926506
Precuneus-R,335,a50_an_ba,-0.4444074709001104
Precuneus-R,335,a75_a50_an,0.29288015873788054
Precuneus-R,335,a75_an_ba,-0.15152731216222987
Precuneus-R,335.8333,a50_an_ba,-0.44188158377103726
Precuneus-R,335.8333,a75_a50_an,0.2932378929308875
Precuneus-R,335.8333,a75_an_ba,-0.14864369084014978
Precuneus-R,336.6667,a50_an_ba,-0.44020105243738056
Precuneus-R,336.6667,a75_a50_an,0.29327901617448837
Precuneus-R,336.6667,a75_an_ba,-0.14692203626289219
Precuneus-R,337.5,a50_an_ba,-0.4394692335725199
Precuneus-R,337.5,a75_a50_an,0.29310767182486325
Precuneus-R,337.5,a75_an_ba,-0.14636156174765663
Precuneus-R,338.3333,a50_an_ba,-0.4397704776253141
Precuneus-R,338.3333,a75_a50_an,0.29283032394285247
Precuneus-R,338.3333,a75_an_ba,-0.14694015368246166
Precuneus-R,339.1667,a50_an_ba,-0.44116786196198055
Precuneus-R,339.1667,a75_a50_an,0.2925529571128896
Precuneus-R,339.1667,a75_an_ba,-0.14861490484909093
Precuneus-R,340,a50_an_ba,-0.44370131901512905
Precuneus-R,340,a75_a50_an,0.29237825143799245
Precuneus-R,340,a75_an_ba,-0.1513230675771366
Precuneus-R,340.8333,a50_an_ba,-0.4473862054406752
Precuneus-R,340.8333,a75_a50_an,0.2924027975939139
Precuneus-R,340.8333,a75_an_ba,-0.1549834078467613
Precuneus-R,341.6667,a50_an_ba,-0.45221234970866014
Precuneus-R,341.6667,a75_a50_an,0.2927144166135625
Precuneus-R,341.6667,a75_an_ba,-0.1594979330950976
Precuneus-R,342.5,a50_an_ba,-0.45814360607944926
Precuneus-R,342.5,a75_a50_an,0.2933896474032472
Precuneus-R,342.5,a75_an_ba,-0.1647539586762021
Precuneus-R,343.3333,a50_an_ba,-0.46511793273553725
Precuneus-R,343.3333,a75_a50_an,0.29449146189395625
Precuneus-R,343.3333,a75_an_ba,-0.17062647084158097
Precuneus-R,344.1667,a50_an_ba,-0.4730480011612923
Precuneus-R,344.1667,a75_a50_an,0.2960672632646063
Precuneus-R,344.1667,a75_an_ba,-0.17698073789668603
Precuneus-R,345,a50_an_ba,-0.48182233291094956
Precuneus-R,345,a75_a50_an,0.29814721693205526
Precuneus-R,345,a75_an_ba,-0.18367511597889427
Precuneus-R,345.8333,a50_an_ba,-0.4913069489094962
Precuneus-R,345.8333,a75_a50_an,0.30074295710557497
Precuneus-R,345.8333,a75_an_ba,-0.1905639918039213
Precuneus-R,346.6667,a50_an_ba,-0.5013475056246895
Precuneus-R,346.6667,a75_a50_an,0.3038467037986838
Precuneus-R,346.6667,a75_an_ba,-0.19750080182600585
Precuneus-R,347.5,a50_an_ba,-0.5117718820623405
Precuneus-R,347.5,a75_a50_an,0.30743081644910797
Precuneus-R,347.5,a75_an_ba,-0.2043410656132325
Precuneus-R,348.3333,a50_an_ba,-0.5223931717948267
Precuneus-R,348.3333,a75_a50_an,0.3114478009077782
Precuneus-R,348.3333,a75_an_ba,-0.2109453708870485
Precuneus-R,349.1667,a50_an_ba,-0.5330130253458074
Precuneus-R,349.1667,a75_a50_an,0.31583077672480003
Precuneus-R,349.1667,a75_an_ba,-0.21718224862100735
Precuneus-R,350,a50_an_ba,-0.5434252804173997
Precuneus-R,350,a75_a50_an,0.3204944015995342
Precuneus-R,350,a75_an_ba,-0.22293087881786552
Precuneus-R,350.8333,a50_an_ba,-0.5534198108327547
Precuneus-R,350.8333,a75_a50_an,0.3253362397939422
Precuneus-R,350.8333,a75_an_ba,-0.22808357103881244
Precuneus-R,351.6667,a50_an_ba,-0.5627865198262182
Precuneus-R,351.6667,a75_a50_an,0.33023855145518627
Precuneus-R,351.6667,a75_an_ba,-0.23254796837103187
Precuneus-R,352.5,a50_an_ba,-0.5713193995649737
Precuneus-R,352.5,a75_a50_an,0.33507047037212906
Precuneus-R,352.5,a75_an_ba,-0.23624892919284457
Precuneus-R,353.3333,a50_an_ba,-0.5788205766200246
Precuneus-R,353.3333,a75_a50_an,0.3396905289098347
Precuneus-R,353.3333,a75_an_ba,-0.23913004771018986
Precuneus-R,354.1667,a50_an_ba,-0.5851042625766546
Precuneus-R,354.1667,a75_a50_an,0.34394948092078204
Precuneus-R,354.1667,a75_an_ba,-0.2411547816558726
Precuneus-R,355,a50_an_ba,-0.5900005301070366
Precuneus-R,355,a75_a50_an,0.3476933664984771
Precuneus-R,355,a75_an_ba,-0.24230716360855953
Precuneus-R,355.8333,a50_an_ba,-0.593358837607345
Precuneus-R,355.8333,a75_a50_an,0.35076675667307905
Precuneus-R,355.8333,a75_an_ba,-0.24259208093426585
Precuneus-R,356.6667,a50_an_ba,-0.5950512298804265
Precuneus-R,356.6667,a75_a50_an,0.353016111679457
Precuneus-R,356.6667,a75_an_ba,-0.24203511820096943
Precuneus-R,357.5,a50_an_ba,-0.5949751482408167
Precuneus-R,357.5,a75_a50_an,0.3542931833568039
Precuneus-R,357.5,a75_an_ba,-0.2406819648840128
Precuneus-R,358.3333,a50_an_ba,-0.5930557907171591
Precuneus-R,358.3333,a75_a50_an,0.3544583906367401
Precuneus-R,358.3333,a75_an_ba,-0.238597400080419
Precuneus-R,359.1667,a50_an_ba,-0.5892479715835792
Precuneus-R,359.1667,a75_a50_an,0.3533840969825336
Precuneus-R,359.1667,a75_an_ba,-0.23586387460104563
Precuneus-R,360,a50_an_ba,-0.5835374390946911
Precuneus-R,360,a75_a50_an,0.3509577200618663
Precuneus-R,360,a75_an_ba,-0.23257971903282476
Precuneus-R,360.8333,a50_an_ba,-0.5759416208339346
Precuneus-R,360.8333,a75_a50_an,0.3470846068425326
Precuneus-R,360.8333,a75_an_ba,-0.228857013991402
Precuneus-R,361.6667,a50_an_ba,-0.566509777297514
Precuneus-R,361.6667,a75_a50_an,0.3416906116356712
Precuneus-R,361.6667,a75_an_ba,-0.2248191656618428
Precuneus-R,362.5,a50_an_ba,-0.5553225559972587
Precuneus-R,362.5,a75_a50_an,0.3347243202842167
Precuneus-R,362.5,a75_an_ba,-0.22059823571304193
Precuneus-R,363.3333,a50_an_ba,-0.5424909502363839
Precuneus-R,363.3333,a75_a50_an,0.3261588705865004
Precuneus-R,363.3333,a75_an_ba,-0.2163320796498835
Precuneus-R,364.1667,a50_an_ba,-0.5281546785480316
Precuneus-R,364.1667,a75_a50_an,0.31599332701075006
Precuneus-R,364.1667,a75_an_ba,-0.21216135153728152
Precuneus-R,365,a50_an_ba,-0.5124800123444176
Precuneus-R,365,a75_a50_an,0.30425357662741653
Precuneus-R,365,a75_an_ba,-0.20822643571700117
Precuneus-R,365.83329999999995,a50_an_ba,-0.4956570903654438
Precuneus-R,365.83329999999995,a75_a50_an,0.29099272277500887
Precuneus-R,365.83329999999995,a75_an_ba,-0.20466436759043494
Precuneus-R,366.6667,a50_an_ba,-0.47789676881234605
Precuneus-R,366.6667,a75_a50_an,0.2762909630785522
Precuneus-R,366.6667,a75_an_ba,-0.20160580573379383
Precuneus-R,367.5,a50_an_ba,-0.45942706539149736
Precuneus-R,367.5,a75_a50_an,0.26025494884427197
Precuneus-R,367.5,a75_an_ba,-0.1991721165472254
Precuneus-R,368.33329999999995,a50_an_ba,-0.4404892636829248
Precuneus-R,368.33329999999995,a75_a50_an,0.2430166333399516
Precuneus-R,368.33329999999995,a75_an_ba,-0.19747263034297322
Precuneus-R,369.1667,a50_an_ba,-0.4213337511187398
Precuneus-R,369.1667,a75_a50_an,0.22473162681667788
Precuneus-R,369.1667,a75_an_ba,-0.19660212430206186
Precuneus-R,370,a50_an_ba,-0.4022156692664154
Precuneus-R,370,a75_a50_an,0.20557708611692288
Precuneus-R,370,a75_an_ba,-0.1966385831494925
Precuneus-R,370.83329999999995,a50_an_ba,-0.3833904589499575
Precuneus-R,370.83329999999995,a75_a50_an,0.1857491761369583
Precuneus-R,370.83329999999995,a75_an_ba,-0.1976412828129992
Precuneus-R,371.6667,a50_an_ba,-0.3651093849293515
Precuneus-R,371.6667,a75_a50_an,0.16546014907209436
Precuneus-R,371.6667,a75_an_ba,-0.19964923585725716
Precuneus-R,372.5,a50_an_ba,-0.3476151253514346
Precuneus-R,372.5,a75_a50_an,0.1449350950914622
Precuneus-R,372.5,a75_an_ba,-0.20268003025997236
Precuneus-R,373.33329999999995,a50_an_ba,-0.33113750997389846
Precuneus-R,373.33329999999995,a75_a50_an,0.12440842470644499
Precuneus-R,373.33329999999995,a75_an_ba,-0.20672908526745346
Precuneus-R,374.1667,a50_an_ba,-0.31588948827507274
Precuneus-R,374.1667,a75_a50_an,0.10412014847849689
Precuneus-R,374.1667,a75_an_ba,-0.21176933979657583
Precuneus-R,375,a50_an_ba,-0.30206340405593196
Precuneus-R,375,a75_a50_an,0.08431202375015183
Precuneus-R,375,a75_an_ba,-0.21775138030578015
Precuneus-R,375.8333,a50_an_ba,-0.2898276471116854
Precuneus-R,375.8333,a75_a50_an,0.06522364069850323
Precuneus-R,375.8333,a75_an_ba,-0.22460400641318218
Precuneus-R,376.66670000000005,a50_an_ba,-0.27932374512368857
Precuneus-R,376.66670000000005,a75_a50_an,0.04708852115499257
Precuneus-R,376.66670000000005,a75_an_ba,-0.23223522396869603
Precuneus-R,377.5,a50_an_ba,-0.2706639502521918
Precuneus-R,377.5,a75_a50_an,0.030130303292067884
Precuneus-R,377.5,a75_an_ba,-0.24053364696012391
Precuneus-R,378.3333,a50_an_ba,-0.26392936517553317
Precuneus-R,378.3333,a75_a50_an,0.014559083460358902
Precuneus-R,378.3333,a75_an_ba,-0.24937028171517428
Precuneus-R,379.16670000000005,a50_an_ba,-0.2591686427225392
Precuneus-R,379.16670000000005,a75_a50_an,5.679832155188834e-4
Precuneus-R,379.16670000000005,a75_an_ba,-0.25860065950702027
Precuneus-R,380,a50_an_ba,-0.2563972819994089
Precuneus-R,380,a75_a50_an,-0.011669995023413504
Precuneus-R,380,a75_an_ba,-0.2680672770228224
Precuneus-R,380.8333,a50_an_ba,-0.25559753225049975
Precuneus-R,380.8333,a75_a50_an,-0.022004766088543303
Precuneus-R,380.8333,a75_an_ba,-0.27760229833904304
Precuneus-R,381.66670000000005,a50_an_ba,-0.2567189038517254
Precuneus-R,381.66670000000005,a75_a50_an,-0.030311563321682004
Precuneus-R,381.66670000000005,a75_an_ba,-0.2870304671734074
Precuneus-R,382.5,a50_an_ba,-0.25967927405609426
Precuneus-R,382.5,a75_a50_an,-0.036492900283698906
Precuneus-R,382.5,a75_an_ba,-0.29617217433979315
Precuneus-R,383.3333,a50_an_ba,-0.26436656363112915
Precuneus-R,383.3333,a75_a50_an,-0.040480058955290825
Precuneus-R,383.3333,a75_an_ba,-0.30484662258642
Precuneus-R,384.16670000000005,a50_an_ba,-0.27064094957810153
Precuneus-R,384.16670000000005,a75_a50_an,-0.04223407981624135
Precuneus-R,384.16670000000005,a75_an_ba,-0.31287502939434286
Precuneus-R,385,a50_an_ba,-0.2783375689215043
Precuneus-R,385,a75_a50_an,-0.041746238951950745
Precuneus-R,385,a75_an_ba,-0.3200838078734551
Precuneus-R,385.8333,a50_an_ba,-0.2872696593059219
Precuneus-R,385.8333,a75_a50_an,-0.039038007309219615
Precuneus-R,385.8333,a75_an_ba,-0.32630766661514155
Precuneus-R,386.6667,a50_an_ba,-0.2972320740175814
Precuneus-R,386.6667,a75_a50_an,-0.03416049720137982
Precuneus-R,386.6667,a75_an_ba,-0.3313925712189612
Precuneus-R,387.5,a50_an_ba,-0.30800510221598626
Precuneus-R,387.5,a75_a50_an,-0.027193410941642772
Precuneus-R,387.5,a75_an_ba,-0.335198513157629
Precuneus-R,388.3333,a50_an_ba,-0.3193585197468525
Precuneus-R,388.3333,a75_a50_an,-0.018243515864638103
Precuneus-R,388.3333,a75_an_ba,-0.33760203561149055
Precuneus-R,389.1667,a50_an_ba,-0.33105579201017055
Precuneus-R,389.1667,a75_a50_an,-0.00744267879216971
Precuneus-R,389.1667,a75_an_ba,-0.33849847080234025
Precuneus-R,390,a50_an_ba,-0.3428583480444791
Precuneus-R,390,a75_a50_an,0.005054498963248937
Precuneus-R,390,a75_an_ba,-0.3378038490812302
Precuneus-R,390.8333,a50_an_ba,-0.3545298442950512
Precuneus-R,390.8333,a75_a50_an,0.019073397839678218
Precuneus-R,390.8333,a75_an_ba,-0.3354564464553729
Precuneus-R,391.6667,a50_an_ba,-0.3658403374607716
Precuneus-R,391.6667,a75_a50_an,0.03442239321876172
Precuneus-R,391.6667,a75_an_ba,-0.3314179442420099
Precuneus-R,392.5,a50_an_ba,-0.37657028833039285
Precuneus-R,392.5,a75_a50_an,0.050896106360449896
Precuneus-R,392.5,a75_an_ba,-0.3256741819699429
Precuneus-R,393.3333,a50_an_ba,-0.38651432255926876
Precuneus-R,393.3333,a75_a50_an,0.06827883019649429
Precuneus-R,393.3333,a75_an_ba,-0.3182354923627745
Precuneus-R,394.1667,a50_an_ba,-0.3954846798079278
Precuneus-R,394.1667,a75_a50_an,0.08634806472848303
Precuneus-R,394.1667,a75_an_ba,-0.30913661507944473
Precuneus-R,395,a50_an_ba,-0.40331428944083747
Precuneus-R,395,a75_a50_an,0.10487809573666954
Precuneus-R,395,a75_an_ba,-0.2984361937041679
Precuneus-R,395.8333,a50_an_ba,-0.40985941891863276
Precuneus-R,395.8333,a75_a50_an,0.12364355079950648
Precuneus-R,395.8333,a75_an_ba,-0.28621586811912625
Precuneus-R,396.6667,a50_an_ba,-0.41500184993903505
Precuneus-R,396.6667,a75_a50_an,0.14242286822442723
Precuneus-R,396.6667,a75_an_ba,-0.2725789817146078
Precuneus-R,397.5,a50_an_ba,-0.41865054710110583
Precuneus-R,397.5,a75_a50_an,0.1610016173446417
Precuneus-R,397.5,a75_an_ba,-0.2576489297564641
Precuneus-R,398.3333,a50_an_ba,-0.4207427941805986
Precuneus-R,398.3333,a75_a50_an,0.17917561266597343
Precuneus-R,398.3333,a75_an_ba,-0.24156718151462517
Precuneus-R,399.1667,a50_an_ba,-0.4212447837968901
Precuneus-R,399.1667,a75_a50_an,0.1967537694499037
Precuneus-R,399.1667,a75_an_ba,-0.2244910143469864
Precuneus-R,400,a50_an_ba,-0.4201516571051092
Precuneus-R,400,a75_a50_an,0.21356065437132515
Precuneus-R,400,a75_an_ba,-0.20659100273378403
Precuneus-R,400.8333,a50_an_ba,-0.41748700094006325
Precuneus-R,400.8333,a75_a50_an,0.22943869175108872
Precuneus-R,400.8333,a75_an_ba,-0.18804830918897458
Precuneus-R,401.6667,a50_an_ba,-0.4133018203548817
Precuneus-R,401.6667,a75_a50_an,0.24424999337938938
Precuneus-R,401.6667,a75_an_ba,-0.16905182697549231
Precuneus-R,402.5,a50_an_ba,-0.40767301452834787
Precuneus-R,402.5,a75_a50_an,0.2578777879497249
Precuneus-R,402.5,a75_an_ba,-0.14979522657862301
Precuneus-R,403.3333,a50_an_ba,-0.40070139336425054
Precuneus-R,403.3333,a75_a50_an,0.27022743444136355
Precuneus-R,403.3333,a75_an_ba,-0.130473958922887
Precuneus-R,404.1667,a50_an_ba,-0.3925092805939497
Precuneus-R,404.1667,a75_a50_an,0.28122701224392527
Precuneus-R,404.1667,a75_an_ba,-0.11128226835002443
Precuneus-R,405,a50_an_ba,-0.3832377566590394
Precuneus-R,405,a75_a50_an,0.29082748923424484
Precuneus-R,405,a75_an_ba,-0.09241026742479458
Precuneus-R,405.8333,a50_an_ba,-0.37304360095730793
Precuneus-R,405.8333,a75_a50_an,0.2990024772209805
Precuneus-R,405.8333,a75_an_ba,-0.07404112373632747
Precuneus-R,406.6667,a50_an_ba,-0.36209599806962417
Precuneus-R,406.6667,a75_a50_an,0.30574759200172597
Precuneus-R,406.6667,a75_an_ba,-0.056348406067898184
Precuneus-R,407.5,a50_an_ba,-0.35057307626331186
Precuneus-R,407.5,a75_a50_an,0.31107944257752057
Precuneus-R,407.5,a75_an_ba,-0.03949363368579127
Precuneus-R,408.3333,a50_an_ba,-0.3386583488327081
Precuneus-R,408.3333,a75_a50_an,0.31503428070135236
Precuneus-R,408.3333,a75_an_ba,-0.023624068131355775
Precuneus-R,409.1667,a50_an_ba,-0.3265371296633149
Precuneus-R,409.1667,a75_a50_an,0.31766634777841324
Precuneus-R,409.1667,a75_an_ba,-0.008870781884901632
Precuneus-R,410,a50_an_ba,-0.31439299379538016
Precuneus-R,410,a75_a50_an,0.31904596108361044
Precuneus-R,410,a75_an_ba,0.004652967288230335
Precuneus-R,410.8333,a50_an_ba,-0.3024043517479081
Precuneus-R,410.8333,a75_a50_an,0.31925738523410313
Precuneus-R,410.8333,a75_an_ba,0.016853033486195074
Precuneus-R,411.6667,a50_an_ba,-0.2907412030053747
Precuneus-R,411.6667,a75_a50_an,0.3183965377920197
Precuneus-R,411.6667,a75_an_ba,0.027655334786645003
Precuneus-R,412.5,a50_an_ba,-0.27956212945364134
Precuneus-R,412.5,a75_a50_an,0.3165685797386077
Precuneus-R,412.5,a75_an_ba,0.037006450284966394
Precuneus-R,413.3333,a50_an_ba,-0.26901158378968826
Precuneus-R,413.3333,a75_a50_an,0.31388544234291593
Precuneus-R,413.3333,a75_an_ba,0.04487385855322769
Precuneus-R,414.1667,a50_an_ba,-0.25921752115459773
Precuneus-R,414.1667,a75_a50_an,0.3104633416560357
Precuneus-R,414.1667,a75_an_ba,0.05124582050143792
Precuneus-R,415,a50_an_ba,-0.25028941460211257
Precuneus-R,415,a75_a50_an,0.30642033052870105
Precuneus-R,415,a75_an_ba,0.056130915926588455
Precuneus-R,415.8333,a50_an_ba,-0.24231668668262155
Precuneus-R,415.8333,a75_a50_an,0.3018739357297653
Precuneus-R,415.8333,a75_an_ba,0.05955724904714372
Precuneus-R,416.6667,a50_an_ba,-0.23536758057273918
Precuneus-R,416.6667,a75_a50_an,0.2969389245091909
Precuneus-R,416.6667,a75_an_ba,0.061571343936451736
Precuneus-R,417.5,a50_an_ba,-0.22948848499975033
Precuneus-R,417.5,a75_a50_an,0.29172524089317947
Precuneus-R,417.5,a75_an_ba,0.06223675589342912
Precuneus-R,418.3333,a50_an_ba,-0.2247037178877132
Precuneus-R,418.3333,a75_a50_an,0.28633614722704803
Precuneus-R,418.3333,a75_an_ba,0.06163242933933482
Precuneus-R,419.1667,a50_an_ba,-0.22101576437767345
Precuneus-R,419.1667,a75_a50_an,0.28086660111243755
Precuneus-R,419.1667,a75_an_ba,0.05985083673476412
Precuneus-R,420,a50_an_ba,-0.21840595583395675
Precuneus-R,420,a75_a50_an,0.2754018920479785
Precuneus-R,420,a75_an_ba,0.05699593621402176
Precuneus-R,420.8333,a50_an_ba,-0.21683556781943555
Precuneus-R,420.8333,a75_a50_an,0.27001655591152446
Precuneus-R,420.8333,a75_an_ba,0.053180988092088884
Precuneus-R,421.6667,a50_an_ba,-0.21624730697229533
Precuneus-R,421.6667,a75_a50_an,0.2647735790564575
Precuneus-R,421.6667,a75_an_ba,0.04852627208416216
Precuneus-R,422.5,a50_an_ba,-0.21656714939678676
Precuneus-R,422.5,a75_a50_an,0.2597238973731145
Precuneus-R,422.5,a75_an_ba,0.043156747976327736
Precuneus-R,423.3333,a50_an_ba,-0.2177064867262701
Precuneus-R,423.3333,a75_a50_an,0.25490618932576437
Precuneus-R,423.3333,a75_an_ba,0.037199702599494254
Precuneus-R,424.1667,a50_an_ba,-0.21956453054341588
Precuneus-R,424.1667,a75_a50_an,0.2503469558466443
Precuneus-R,424.1667,a75_an_ba,0.03078242530322838
Precuneus-R,425,a50_an_ba,-0.2220309214435436
Precuneus-R,425,a75_a50_an,0.24606087417413663
Precuneus-R,425,a75_an_ba,0.02402995273059301
Precuneus-R,425.8333,a50_an_ba,-0.22498848577281635
Precuneus-R,425.8333,a75_a50_an,0.24205140737441938
Precuneus-R,425.8333,a75_an_ba,0.017062921601603023
Precuneus-R,426.6667,a50_an_ba,-0.22831608100969528
Precuneus-R,426.6667,a75_a50_an,0.23831164648427172
Precuneus-R,426.6667,a75_an_ba,0.009995565474576432
Precuneus-R,427.5,a50_an_ba,-0.23189146990677084
Precuneus-R,427.5,a75_a50_an,0.2348253580419511
Precuneus-R,427.5,a75_an_ba,0.0029338881351802485
Precuneus-R,428.33329999999995,a50_an_ba,-0.23559416386766657
Precuneus-R,428.33329999999995,a75_a50_an,0.2315682063020584
Precuneus-R,428.33329999999995,a75_an_ba,-0.004025957565608196
Precuneus-R,429.1667,a50_an_ba,-0.23930817757258635
Precuneus-R,429.1667,a75_a50_an,0.2285091167109877
Precuneus-R,429.1667,a75_an_ba,-0.01079906086159864
Precuneus-R,430,a50_an_ba,-0.24292463953536586
Precuneus-R,430,a75_a50_an,0.225611745285951
Precuneus-R,430,a75_an_ba,-0.01731289424941487
Precuneus-R,430.83329999999995,a50_an_ba,-0.24634420700269838
Precuneus-R,430.83329999999995,a75_a50_an,0.2228360174093379
Precuneus-R,430.83329999999995,a75_an_ba,-0.023508189593360485
Precuneus-R,431.6667,a50_an_ba,-0.24947923829965413
Precuneus-R,431.6667,a75_a50_an,0.2201396992195918
Precuneus-R,431.6667,a75_an_ba,-0.029339539080062357
Precuneus-R,432.5,a50_an_ba,-0.2522556812758134
Precuneus-R,432.5,a75_a50_an,0.21747996523208407
Precuneus-R,432.5,a75_an_ba,-0.034775716043729366
Precuneus-R,433.33329999999995,a50_an_ba,-0.254614642787751
Precuneus-R,433.33329999999995,a75_a50_an,0.21481492702358032
Precuneus-R,433.33329999999995,a75_an_ba,-0.03979971576417068
Precuneus-R,434.1667,a50_an_ba,-0.2565136110298953
Precuneus-R,434.1667,a75_a50_an,0.2121050897129738
Precuneus-R,434.1667,a75_an_ba,-0.044408521316921475
Precuneus-R,435,a50_an_ba,-0.2579273098505168
Precuneus-R,435,a75_a50_an,0.20931470550613504
Precuneus-R,435,a75_an_ba,-0.04861260434438177
Precuneus-R,435.83329999999995,a50_an_ba,-0.2588481718106042
Precuneus-R,435.83329999999995,a75_a50_an,0.2064129966701077
Precuneus-R,435.83329999999995,a75_an_ba,-0.05243517514049651
Precuneus-R,436.6667,a50_an_ba,-0.2592864245055171
Precuneus-R,436.6667,a75_a50_an,0.2033752238778602
Precuneus-R,436.6667,a75_an_ba,-0.05591120062765688
Precuneus-R,437.5,a50_an_ba,-0.25926979241770365
Precuneus-R,437.5,a75_a50_an,0.20018357982867388
Precuneus-R,437.5,a75_an_ba,-0.05908621258902977
Precuneus-R,438.3333,a50_an_ba,-0.2588428241516399
Precuneus-R,438.3333,a75_a50_an,0.19682789230513195
Precuneus-R,438.3333,a75_an_ba,-0.06201493184650792
Precuneus-R,439.16670000000005,a50_an_ba,-0.25806586217435534
Precuneus-R,439.16670000000005,a75_a50_an,0.19330612527700225
Precuneus-R,439.16670000000005,a75_an_ba,-0.06475973689735309
Precuneus-R,440,a50_an_ba,-0.257013679009958
Precuneus-R,440,a75_a50_an,0.18962467120597495
Precuneus-R,440,a75_an_ba,-0.06738900780398305
Precuneus-R,440.8333,a50_an_ba,-0.2557738100895155
Precuneus-R,440.8333,a75_a50_an,0.18579843224580161
Precuneus-R,440.8333,a75_an_ba,-0.06997537784371387
Precuneus-R,441.66670000000005,a50_an_ba,-0.25444461902769266
Precuneus-R,441.66670000000005,a75_a50_an,0.18185069247629784
Precuneus-R,441.66670000000005,a75_an_ba,-0.07259392655139485
Precuneus-R,442.5,a50_an_ba,-0.25313313588858133
Precuneus-R,442.5,a75_a50_an,0.1778127875688501
Precuneus-R,442.5,a75_an_ba,-0.07532034831973125
Precuneus-R,443.3333,a50_an_ba,-0.2519527129373911
Precuneus-R,443.3333,a75_a50_an,0.17372358227497534
Precuneus-R,443.3333,a75_an_ba,-0.07822913066241573
Precuneus-R,444.16670000000005,a50_an_ba,-0.25102054539137264
Precuneus-R,444.16670000000005,a75_a50_an,0.16962876978630467
Precuneus-R,444.16670000000005,a75_an_ba,-0.08139177560506795
Precuneus-R,445,a50_an_ba,-0.2504551067418682
Precuneus-R,445,a75_a50_an,0.16558001027236122
Precuneus-R,445,a75_an_ba,-0.08487509646950703
Precuneus-R,445.8333,a50_an_ba,-0.2503735492975817
Precuneus-R,445.8333,a75_a50_an,0.1616339287108899
Precuneus-R,445.8333,a75_an_ba,-0.0887396205866918
Precuneus-R,446.66670000000005,a50_an_ba,-0.25088912069502783
Precuneus-R,446.66670000000005,a75_a50_an,0.15785099444513187
Precuneus-R,446.66670000000005,a75_an_ba,-0.09303812624989598
Precuneus-R,447.5,a50_an_ba,-0.25210864625189694
Precuneus-R,447.5,a75_a50_an,0.15429430670597327
Precuneus-R,447.5,a75_an_ba,-0.09781433954592367
Precuneus-R,448.3333,a50_an_ba,-0.25413012523762585
Precuneus-R,448.3333,a75_a50_an,0.15102831160920296
Precuneus-R,448.3333,a75_an_ba,-0.1031018136284229
Precuneus-R,449.1667,a50_an_ba,-0.25704048645466027
Precuneus-R,449.1667,a75_a50_an,0.14811747687548485
Precuneus-R,449.1667,a75_an_ba,-0.10892300957917542
Precuneus-R,450,a50_an_ba,-0.26091354503080677
Precuneus-R,450,a75_a50_an,0.14562495073091278
Precuneus-R,450,a75_an_ba,-0.11528859429989397
Precuneus-R,450.8333,a50_an_ba,-0.26580819809938583
Precuneus-R,450.8333,a75_a50_an,0.1436112311473905
Precuneus-R,450.8333,a75_an_ba,-0.12219696695199536
Precuneus-R,451.6667,a50_an_ba,-0.2717668921828736
Precuneus-R,451.6667,a75_a50_an,0.14213287080230538
Precuneus-R,451.6667,a75_an_ba,-0.12963402138056818
Precuneus-R,452.5,a50_an_ba,-0.2788143897004216
Precuneus-R,452.5,a75_a50_an,0.1412412419122604
Precuneus-R,452.5,a75_an_ba,-0.1375731477881612
Precuneus-R,453.3333,a50_an_ba,-0.28695685620164113
Precuneus-R,453.3333,a75_a50_an,0.14098138346949937
Precuneus-R,453.3333,a75_an_ba,-0.1459754727321418
Precuneus-R,454.1667,a50_an_ba,-0.2961812838041548
Precuneus-R,454.1667,a75_a50_an,0.14139095143127253
Precuneus-R,454.1667,a75_an_ba,-0.15479033237288228
Precuneus-R,455,a50_an_ba,-0.30645526000071505
Precuneus-R,455,a75_a50_an,0.14249929013525514
Precuneus-R,455,a75_an_ba,-0.1639559698654599
Precuneus-R,455.8333,a50_an_ba,-0.31772708462290733
Precuneus-R,455.8333,a75_a50_an,0.14432664069500198
Precuneus-R,455.8333,a75_an_ba,-0.17340044392790535
Precuneus-R,456.6667,a50_an_ba,-0.32992623142158
Precuneus-R,456.6667,a75_a50_an,0.1468834994260564
Precuneus-R,456.6667,a75_an_ba,-0.1830427319955236
Precuneus-R,457.5,a50_an_ba,-0.34296414456393887
Precuneus-R,457.5,a75_a50_an,0.15017013652411723
Precuneus-R,457.5,a75_an_ba,-0.19279400803982163
Precuneus-R,458.3333,a50_an_ba,-0.35673535446266097
Precuneus-R,458.3333,a75_a50_an,0.1541762823182245
Precuneus-R,458.3333,a75_an_ba,-0.2025590721444365
Precuneus-R,459.1667,a50_an_ba,-0.37111889184515007
Precuneus-R,459.1667,a75_a50_an,0.15888098550911547
Precuneus-R,459.1667,a75_an_ba,-0.21223790633603462
Precuneus-R,460,a50_an_ba,-0.38597997393282335
Precuneus-R,460,a75_a50_an,0.16425264492651553
Precuneus-R,460,a75_an_ba,-0.22172732900630782
Precuneus-R,460.8333,a50_an_ba,-0.4011719321126454
Precuneus-R,460.8333,a75_a50_an,0.1702492135461104
Precuneus-R,460.8333,a75_an_ba,-0.230922718566535
Precuneus-R,461.6667,a50_an_ba,-0.41653834661500866
Precuneus-R,461.6667,a75_a50_an,0.17681857083897623
Precuneus-R,461.6667,a75_an_ba,-0.23971977577603246
Precuneus-R,462.5,a50_an_ba,-0.43191535051994767
Precuneus-R,462.5,a75_a50_an,0.18389905701944362
Precuneus-R,462.5,a75_an_ba,-0.24801629350050405
Precuneus-R,463.3333,a50_an_ba,-0.44713406294007196
Precuneus-R,463.3333,a75_a50_an,0.19142016044208582
Precuneus-R,463.3333,a75_an_ba,-0.2557139024979861
Precuneus-R,464.1667,a50_an_ba,-0.4620231095023287
Precuneus-R,464.1667,a75_a50_an,0.19930334729884336
Precuneus-R,464.1667,a75_an_ba,-0.26271976220348536
Precuneus-R,465,a50_an_ba,-0.4764111872861927
Precuneus-R,465,a75_a50_an,0.20746302090155158
Precuneus-R,465,a75_an_ba,-0.2689481663846411
Precuneus-R,465.8333,a50_an_ba,-0.4901296311736997
Precuneus-R,465.8333,a75_a50_an,0.21580759621553566
Precuneus-R,465.8333,a75_an_ba,-0.274322034958164
Precuneus-R,466.6667,a50_an_ba,-0.5030149391138972
Precuneus-R,466.6667,a75_a50_an,0.2242406739434896
Precuneus-R,466.6667,a75_an_ba,-0.27877426517040754
Precuneus-R,467.5,a50_an_ba,-0.5149112150746821
Precuneus-R,467.5,a75_a50_an,0.23266229734729124
Precuneus-R,467.5,a75_an_ba,-0.28224891772739086
Precuneus-R,468.3333,a50_an_ba,-0.5256724904106398
Precuneus-R,468.3333,a75_a50_an,0.2409702741363292
Precuneus-R,468.3333,a75_an_ba,-0.2847022162743106
Precuneus-R,469.1667,a50_an_ba,-0.535164886967041
Precuneus-R,469.1667,a75_a50_an,0.2490615451378605
Precuneus-R,469.1667,a75_an_ba,-0.28610334182918057
Precuneus-R,470,a50_an_ba,-0.5432685884085702
Precuneus-R,470,a75_a50_an,0.2568335810886103
Precuneus-R,470,a75_an_ba,-0.28643500731995986
Precuneus-R,470.8333,a50_an_ba,-0.5498795899389997
Precuneus-R,470.8333,a75_a50_an,0.2641857887355476
Precuneus-R,470.8333,a75_an_ba,-0.28569380120345206
Precuneus-R,471.6667,a50_an_ba,-0.5549112006901024
Precuneus-R,471.6667,a75_a50_an,0.27102090749432345
Precuneus-R,471.6667,a75_an_ba,-0.28389029319577885
Precuneus-R,472.5,a50_an_ba,-0.5582952775242673
Precuneus-R,472.5,a75_a50_an,0.2772463781719868
Precuneus-R,472.5,a75_an_ba,-0.28104889935228056
Precuneus-R,473.3333,a50_an_ba,-0.5599831737311204
Precuneus-R,473.3333,a75_a50_an,0.28277566570212437
Precuneus-R,473.3333,a75_an_ba,-0.277207508028996
Precuneus-R,474.1667,a50_an_ba,-0.5599463910172985
Precuneus-R,474.1667,a75_a50_an,0.28752951845126334
Precuneus-R,474.1667,a75_an_ba,-0.2724168725660351
Precuneus-R,475,a50_an_ba,-0.558176928202448
Precuneus-R,475,a75_a50_an,0.29143714742228866
Precuneus-R,475,a75_an_ba,-0.26673978078015936
Precuneus-R,475.8333,a50_an_ba,-0.5546873250567973
Precuneus-R,475.8333,a75_a50_an,0.2944373095914623
Precuneus-R,475.8333,a75_an_ba,-0.260250015465335
Precuneus-R,476.6667,a50_an_ba,-0.5495104046611252
Precuneus-R,476.6667,a75_a50_an,0.29647928066003443
Precuneus-R,476.6667,a75_an_ba,-0.2530311240010908
Precuneus-R,477.5,a50_an_ba,-0.5426987224575492
Precuneus-R,477.5,a75_a50_an,0.29752370367015923
Precuneus-R,477.5,a75_an_ba,-0.24517501878739004
Precuneus-R,478.3333,a50_an_ba,-0.5343237347125264
Precuneus-R,478.3333,a75_a50_an,0.2975433012204736
Precuneus-R,478.3333,a75_an_ba,-0.2367804334920528
Precuneus-R,479.1667,a50_an_ba,-0.5244747033613818
Precuneus-R,479.1667,a75_a50_an,0.2965234404130356
Precuneus-R,479.1667,a75_an_ba,-0.22795126294834628
Precuneus-R,480,a50_an_ba,-0.5132573580828561
Precuneus-R,480,a75_a50_an,0.29446254116536463
Precuneus-R,480,a75_an_ba,-0.2187948169174915
Precuneus-R,480.8333,a50_an_ba,-0.5007923399068828
Precuneus-R,480.8333,a75_a50_an,0.29137232012494096
Precuneus-R,480.8333,a75_an_ba,-0.20942001978194172
Precuneus-R,481.6667,a50_an_ba,-0.4872134536419032
Precuneus-R,481.6667,a75_a50_an,0.2872778641247339
Precuneus-R,481.6667,a75_an_ba,-0.19993558951716936
Precuneus-R,482.5,a50_an_ba,-0.4726657588812282
Precuneus-R,482.5,a75_a50_an,0.2822175289132717
Precuneus-R,482.5,a75_an_ba,-0.19044822996795652
Precuneus-R,483.3333,a50_an_ba,-0.4573035312828575
Precuneus-R,483.3333,a75_a50_an,0.27624266077662757
Precuneus-R,483.3333,a75_an_ba,-0.1810608705062299
Precuneus-R,484.1667,a50_an_ba,-0.44128812719457117
Precuneus-R,484.1667,a75_a50_an,0.26941714063661276
Precuneus-R,484.1667,a75_an_ba,-0.17187098655795838
Precuneus-R,485,a50_an_ba,-0.4247857855068369
Precuneus-R,485,a75_a50_an,0.2618167522516473
Precuneus-R,485,a75_an_ba,-0.16296903325518958
Precuneus-R,485.8333,a50_an_ba,-0.4079654008605143
Precuneus-R,485.8333,a75_a50_an,0.2535283782540983
Precuneus-R,485.8333,a75_an_ba,-0.15443702260641598
Precuneus-R,486.6667,a50_an_ba,-0.3909963020242013
Precuneus-R,486.6667,a75_a50_an,0.24464902991760354
Precuneus-R,486.6667,a75_an_ba,-0.1463472721065978
Precuneus-R,487.5,a50_an_ba,-0.37404606840570376
Precuneus-R,487.5,a75_a50_an,0.23528471874362986
Precuneus-R,487.5,a75_an_ba,-0.1387613496620739
Precuneus-R,488.3333,a50_an_ba,-0.357278416301025
Precuneus-R,488.3333,a75_a50_an,0.2255491801692778
Precuneus-R,488.3333,a75_an_ba,-0.13172923613174722
Precuneus-R,489.1667,a50_an_ba,-0.3408511846466723
Precuneus-R,489.1667,a75_a50_an,0.2155624619044309
Precuneus-R,489.1667,a75_an_ba,-0.12528872274224143
Precuneus-R,490,a50_an_ba,-0.3249144477690721
Precuneus-R,490,a75_a50_an,0.2054493915795876
Precuneus-R,490,a75_an_ba,-0.11946505618948446
Precuneus-R,490.83329999999995,a50_an_ba,-0.3096087799662007
Precuneus-R,490.83329999999995,a75_a50_an,0.1953379404955096
Precuneus-R,490.83329999999995,a75_an_ba,-0.11427083947069108
Precuneus-R,491.6667,a50_an_ba,-0.29506369376412
Precuneus-R,491.6667,a75_a50_an,0.1853575022791074
Precuneus-R,491.6667,a75_an_ba,-0.1097061914850126
Precuneus-R,492.5,a50_an_ba,-0.28139627042248105
Precuneus-R,492.5,a75_a50_an,0.17563710713053035
Precuneus-R,492.5,a75_an_ba,-0.10575916329195072
Precuneus-R,493.33329999999995,a50_an_ba,-0.2687099977783719
Precuneus-R,493.33329999999995,a75_a50_an,0.1663035940560492
Precuneus-R,493.33329999999995,a75_an_ba,-0.10240640372232272
Precuneus-R,494.1667,a50_an_ba,-0.25709382688007654
Precuneus-R,494.1667,a75_a50_an,0.15747976498057478
Precuneus-R,494.1667,a75_an_ba,-0.09961406189950175
Precuneus-R,495,a50_an_ba,-0.24662145513485983
Precuneus-R,495,a75_a50_an,0.1492825458823162
Precuneus-R,495,a75_an_ba,-0.09733890925254365
Precuneus-R,495.83329999999995,a50_an_ba,-0.23735083994151523
Precuneus-R,495.83329999999995,a75_a50_an,0.14182118105074862
Precuneus-R,495.83329999999995,a75_an_ba,-0.09552965889076663
Precuneus-R,496.6667,a50_an_ba,-0.22932394306206705
Precuneus-R,496.6667,a75_a50_an,0.13519548719972363
Precuneus-R,496.6667,a75_an_ba,-0.09412845586234343
Precuneus-R,497.5,a50_an_ba,-0.22256670236805215
Precuneus-R,497.5,a75_a50_an,0.12949419443479632
Precuneus-R,497.5,a75_an_ba,-0.09307250793325583
Precuneus-R,498.33329999999995,a50_an_ba,-0.21708922413331022
Precuneus-R,498.33329999999995,a75_a50_an,0.12479340094657759
Precuneus-R,498.33329999999995,a75_an_ba,-0.09229582318673263
Precuneus-R,499.1667,a50_an_ba,-0.2128861857908824
Precuneus-R,499.1667,a75_a50_an,0.12115516775339126
Precuneus-R,499.1667,a75_an_ba,-0.09173101803749112
Precuneus-R,500,a50_an_ba,-0.2099374360758242
Precuneus-R,500,a75_a50_an,0.11862627882678514
Precuneus-R,500,a75_an_ba,-0.09131115724903907
Precuneus-R,500.8333,a50_an_ba,-0.2082087767822493
Precuneus-R,500.8333,a75_a50_an,0.11723719048923624
Precuneus-R,500.8333,a75_an_ba,-0.09097158629301308
Precuneus-R,501.66670000000005,a50_an_ba,-0.20765290800975358
Precuneus-R,501.66670000000005,a75_a50_an,0.11700119206990856
Precuneus-R,501.66670000000005,a75_an_ba,-0.09065171593984504
Precuneus-R,502.49999999999994,a50_an_ba,-0.20821051679263433
Precuneus-R,502.49999999999994,a75_a50_an,0.11791379744536044
Precuneus-R,502.49999999999994,a75_an_ba,-0.09029671934727389
Precuneus-R,503.3333,a50_an_ba,-0.2098114874195207
Precuneus-R,503.3333,a75_a50_an,0.11995238429118422
Precuneus-R,503.3333,a75_an_ba,-0.08985910312833648
Precuneus-R,504.1667,a50_an_ba,-0.21237621057819628
Precuneus-R,504.1667,a75_a50_an,0.12307609465104705
Precuneus-R,504.1667,a75_an_ba,-0.08930011592714925
Precuneus-R,505,a50_an_ba,-0.21581696771008244
Precuneus-R,505,a75_a50_an,0.1272260068248953
Precuneus-R,505,a75_an_ba,-0.08859096088518714
Precuneus-R,505.83330000000007,a50_an_ba,-0.2200393666333391
Precuneus-R,505.83330000000007,a75_a50_an,0.13232558463184982
Precuneus-R,505.83330000000007,a75_an_ba,-0.08771378200148926
Precuneus-R,506.66670000000005,a50_an_ba,-0.22494380458733695
Precuneus-R,506.66670000000005,a75_a50_an,0.138281405868619
Precuneus-R,506.66670000000005,a75_an_ba,-0.08666239871871795
Precuneus-R,507.49999999999994,a50_an_ba,-0.23042693535189976
Precuneus-R,507.49999999999994,a75_a50_an,0.14498416732378544
Precuneus-R,507.49999999999994,a75_an_ba,-0.08544276802811433
Precuneus-R,508.3333,a50_an_ba,-0.23638311798264092
Precuneus-R,508.3333,a75_a50_an,0.1523099590926726
Precuneus-R,508.3333,a75_an_ba,-0.0840731588899683
Precuneus-R,509.1667,a50_an_ba,-0.24270582595281384
Precuneus-R,509.1667,a75_a50_an,0.16012179624491596
Precuneus-R,509.1667,a75_an_ba,-0.08258402970789788
Precuneus-R,510,a50_an_ba,-0.24928899707045044
Precuneus-R,510,a75_a50_an,0.1682713912112972
Precuneus-R,510,a75_an_ba,-0.08101760585915324
Precuneus-R,510.83330000000007,a50_an_ba,-0.2560283064095331
Precuneus-R,510.83330000000007,a75_a50_an,0.1766011456663743
Precuneus-R,510.83330000000007,a75_an_ba,-0.0794271607431588
Precuneus-R,511.66670000000005,a50_an_ba,-0.26282234661371723
Precuneus-R,511.66670000000005,a75_a50_an,0.18494633628019472
Precuneus-R,511.66670000000005,a75_an_ba,-0.07787601033352254
Precuneus-R,512.5,a50_an_ba,-0.2695737022546283
Precuneus-R,512.5,a75_a50_an,0.19313746458787703
Precuneus-R,512.5,a75_an_ba,-0.07643623766675123
Precuneus-R,513.3333,a50_an_ba,-0.2761899074051213
Precuneus-R,513.3333,a75_a50_an,0.20100273747110076
Precuneus-R,513.3333,a75_an_ba,-0.07518716993402054
Precuneus-R,514.1667,a50_an_ba,-0.2825842781704246
Precuneus-R,514.1667,a75_a50_an,0.20837064144827394
Precuneus-R,514.1667,a75_an_ba,-0.07421363672215063
Precuneus-R,515,a50_an_ba,-0.2886766145544533
Precuneus-R,515,a75_a50_an,0.21507257121282175
Precuneus-R,515,a75_an_ba,-0.07360404334163154
Precuneus-R,515.8333,a50_an_ba,-0.294393768673024
Precuneus-R,515.8333,a75_a50_an,0.22094547071677273
Precuneus-R,515.8333,a75_an_ba,-0.07344829795625131
Precuneus-R,516.6667,a50_an_ba,-0.2996700789088397
Precuneus-R,516.6667,a75_a50_an,0.2258344436357258
Precuneus-R,516.6667,a75_an_ba,-0.07383563527311388
Precuneus-R,517.5,a50_an_ba,-0.304447672085559
Precuneus-R,517.5,a75_a50_an,0.2295952893257263
Precuneus-R,517.5,a75_an_ba,-0.0748523827598327
Precuneus-R,518.3333,a50_an_ba,-0.3086766380736599
Precuneus-R,518.3333,a75_a50_an,0.23209692043495933
Precuneus-R,518.3333,a75_an_ba,-0.07657971763870057
Precuneus-R,519.1667,a50_an_ba,-0.3123150833861114
Precuneus-R,519.1667,a75_a50_an,0.233223619190875
Precuneus-R,519.1667,a75_an_ba,-0.07909146419523641
Precuneus-R,520,a50_an_ba,-0.31532907223875306
Precuneus-R,520,a75_a50_an,0.23287709105879392
Precuneus-R,520,a75_an_ba,-0.08245198117995918
Precuneus-R,520.8333,a50_an_ba,-0.3176924652057444
Precuneus-R,520.8333,a75_a50_an,0.23097827695722434
Precuneus-R,520.8333,a75_an_ba,-0.08671418824852008
Precuneus-R,521.6667,a50_an_ba,-0.31938666696712814
Precuneus-R,521.6667,a75_a50_an,0.22746888849709032
Precuneus-R,521.6667,a75_an_ba,-0.09191777847003779
Precuneus-R,522.5,a50_an_ba,-0.32040029570271145
Precuneus-R,522.5,a75_a50_an,0.2223126347489786
Precuneus-R,522.5,a75_an_ba,-0.09808766095373281
Precuneus-R,523.3333,a50_an_ba,-0.3207287874200996
Precuneus-R,523.3333,a75_a50_an,0.2154961137796309
Precuneus-R,523.3333,a75_an_ba,-0.10523267364046865
Precuneus-R,524.1667,a50_an_ba,-0.32037394890788046
Precuneus-R,524.1667,a75_a50_an,0.20702934756519006
Precuneus-R,524.1667,a75_an_ba,-0.11334460134269037
Precuneus-R,525,a50_an_ba,-0.3193434730779322
Precuneus-R,525,a75_a50_an,0.1969459447979769
Precuneus-R,525,a75_an_ba,-0.12239752827995531
Precuneus-R,525.8332999999999,a50_an_ba,-0.3176504302111642
Precuneus-R,525.8332999999999,a75_a50_an,0.185302882455442
Precuneus-R,525.8332999999999,a75_an_ba,-0.13234754775572216
Precuneus-R,526.6667,a50_an_ba,-0.315312748062967
Precuneus-R,526.6667,a75_a50_an,0.17217990368207603
Precuneus-R,526.6667,a75_an_ba,-0.14313284438089094
Precuneus-R,527.5,a50_an_ba,-0.31235269293972057
Precuneus-R,527.5,a75_a50_an,0.15767853642461865
Precuneus-R,527.5,a75_an_ba,-0.15467415651510194
Precuneus-R,528.3333,a50_an_ba,-0.3087963627529036
Precuneus-R,528.3333,a75_a50_an,0.1419207442272631
Precuneus-R,528.3333,a75_an_ba,-0.1668756185256405
Precuneus-R,529.1667,a50_an_ba,-0.3046732017260726
Precuneus-R,529.1667,a75_a50_an,0.12504722750079592
Precuneus-R,529.1667,a75_an_ba,-0.17962597422527668
Precuneus-R,530,a50_an_ba,-0.3000155449097443
Precuneus-R,530,a75_a50_an,0.10721540028894455
Precuneus-R,530,a75_an_ba,-0.19280014462079975
Precuneus-R,530.8333,a50_an_ba,-0.29485819899238747
Precuneus-R,530.8333,a75_a50_an,0.08859707392848938
Precuneus-R,530.8333,a75_an_ba,-0.20626112506389807
Precuneus-R,531.6667,a50_an_ba,-0.28923806412699193
Precuneus-R,531.6667,a75_a50_an,0.06937588490178052
Precuneus-R,531.6667,a75_an_ba,-0.21986217922521142
Precuneus-R,532.5,a50_an_ba,-0.2831937996696929
Precuneus-R,532.5,a75_a50_an,0.04974450948245072
Precuneus-R,532.5,a75_an_ba,-0.23344929018724217
Precuneus-R,533.3333,a50_an_ba,-0.2767655348974482
Precuneus-R,533.3333,a75_a50_an,0.029901712357579525
Precuneus-R,533.3333,a75_an_ba,-0.24686382253986866
Precuneus-R,534.1667,a50_an_ba,-0.2699946239843251
Precuneus-R,534.1667,a75_a50_an,0.010049280164911745
Precuneus-R,534.1667,a75_an_ba,-0.25994534381941337
Precuneus-R,535,a50_an_ba,-0.26292344281741453
Precuneus-R,535,a75_a50_an,-0.009611106281307505
Precuneus-R,535,a75_an_ba,-0.27253454909872205
Precuneus-R,535.8333,a50_an_ba,-0.2555952236682889
Precuneus-R,535.8333,a75_a50_an,-0.02888100546370495
Precuneus-R,535.8333,a75_an_ba,-0.28447622913199383
Precuneus-R,536.6667000000001,a50_an_ba,-0.24805392234588297
Precuneus-R,536.6667000000001,a75_a50_an,-0.0475682979370906
Precuneus-R,536.6667000000001,a75_an_ba,-0.2956222202829736
Precuneus-R,537.5,a50_an_ba,-0.24034411127834795
Precuneus-R,537.5,a75_a50_an,-0.06549016231328515
Precuneus-R,537.5,a75_an_ba,-0.3058342735916331
Precuneus-R,538.3333,a50_an_ba,-0.23251089103672148
Precuneus-R,538.3333,a75_a50_an,-0.08247588977234428
Precuneus-R,538.3333,a75_an_ba,-0.3149867808090658
Precuneus-R,539.1667,a50_an_ba,-0.22459981214766037
Precuneus-R,539.1667,a75_a50_an,-0.09836948492263081
Precuneus-R,539.1667,a75_an_ba,-0.32296929707029115
Precuneus-R,540,a50_an_ba,-0.21665679866482487
Precuneus-R,540,a75_a50_an,-0.11303200440267491
Precuneus-R,540,a75_an_ba,-0.32968880306749976
Precuneus-R,540.8333,a50_an_ba,-0.20872806489036197
Precuneus-R,540.8333,a75_a50_an,-0.12634358919906544
Precuneus-R,540.8333,a75_an_ba,-0.3350716540894274
Precuneus-R,541.6667,a50_an_ba,-0.2008600168631876
Precuneus-R,541.6667,a75_a50_an,-0.1382051521703109
Precuneus-R,541.6667,a75_an_ba,-0.3390651690334985
Precuneus-R,542.5,a50_an_ba,-0.19309913075538296
Precuneus-R,542.5,a75_a50_an,-0.1485396886192613
Precuneus-R,542.5,a75_an_ba,-0.34163881937464424
Precuneus-R,543.3333,a50_an_ba,-0.18549180113025096
Precuneus-R,543.3333,a75_a50_an,-0.15729318482959237
Precuneus-R,543.3333,a75_an_ba,-0.34278498595984336
Precuneus-R,544.1667,a50_an_ba,-0.17808415309588138
Precuneus-R,544.1667,a75_a50_an,-0.1644351071408822
Precuneus-R,544.1667,a75_an_ba,-0.3425192602367636
Precuneus-R,545,a50_an_ba,-0.17092181370956008
Precuneus-R,545,a75_a50_an,-0.16995846223341515
Precuneus-R,545,a75_an_ba,-0.34088027594297526
Precuneus-R,545.8333,a50_an_ba,-0.16404963951757565
Precuneus-R,545.8333,a75_a50_an,-0.17387942766736997
Precuneus-R,545.8333,a75_an_ba,-0.33792906718494564
Precuneus-R,546.6667,a50_an_ba,-0.15751139881210904
Precuneus-R,546.6667,a75_a50_an,-0.17623656020272752
Precuneus-R,546.6667,a75_an_ba,-0.33374795901483656
Precuneus-R,547.5,a50_an_ba,-0.15134940900722946
Precuneus-R,547.5,a75_a50_an,-0.17708959784174305
Precuneus-R,547.5,a75_an_ba,-0.3284390068489725
Precuneus-R,548.3333,a50_an_ba,-0.14560413143052223
Precuneus-R,548.3333,a75_a50_an,-0.17651787971003216
Precuneus-R,548.3333,a75_an_ba,-0.3221220111405544
Precuneus-R,549.1667,a50_an_ba,-0.14031372774354894
Precuneus-R,549.1667,a75_a50_an,-0.17461841565194008
Precuneus-R,549.1667,a75_an_ba,-0.31493214339548903
Precuneus-R,550,a50_an_ba,-0.1355135840894253
Precuneus-R,550,a75_a50_an,-0.17150364459405434
Precuneus-R,550,a75_an_ba,-0.30701722868347964
Precuneus-R,550.8333,a50_an_ba,-0.13123581086491226
Precuneus-R,550.8333,a75_a50_an,-0.16729892717054162
Precuneus-R,550.8333,a75_an_ba,-0.2985347380354539
Precuneus-R,551.6667,a50_an_ba,-0.12750872767435484
Precuneus-R,551.6667,a75_a50_an,-0.1621398236615131
Precuneus-R,551.6667,a75_an_ba,-0.289648551335868
Precuneus-R,552.5,a50_an_ba,-0.12435634449204523
Precuneus-R,552.5,a75_a50_an,-0.1561692128443031
Precuneus-R,552.5,a75_an_ba,-0.2805255573363483
Precuneus-R,553.3333,a50_an_ba,-0.12179785129091729
Precuneus-R,553.3333,a75_a50_an,-0.14953431078966115
Precuneus-R,553.3333,a75_an_ba,-0.2713321620805785
Precuneus-R,554.1667,a50_an_ba,-0.11984712934544683
Precuneus-R,554.1667,a75_a50_an,-0.14238365086616994
Precuneus-R,554.1667,a75_an_ba,-0.2622307802116168
Precuneus-R,555,a50_an_ba,-0.11851229804901597
Precuneus-R,555,a75_a50_an,-0.13486408718573797
Precuneus-R,555,a75_an_ba,-0.253376385234754
Precuneus-R,555.8333,a50_an_ba,-0.11779531137041226
Precuneus-R,555.8333,a75_a50_an,-0.12711788339723548
Precuneus-R,555.8333,a75_an_ba,-0.24491319476764772
Precuneus-R,556.6667,a50_an_ba,-0.11769161798910197
Precuneus-R,556.6667,a75_a50_an,-0.11927994710690877
Precuneus-R,556.6667,a75_an_ba,-0.23697156509601075
Precuneus-R,557.5,a50_an_ba,-0.1181898986810514
Precuneus-R,557.5,a75_a50_an,-0.11147526729462265
Precuneus-R,557.5,a75_an_ba,-0.22966516597567402
Precuneus-R,558.3333,a50_an_ba,-0.11927189367253481
Precuneus-R,558.3333,a75_a50_an,-0.10381660795264476
Precuneus-R,558.3333,a75_an_ba,-0.2230885016251796
Precuneus-R,559.1667,a50_an_ba,-0.12091233144398265
Precuneus-R,559.1667,a75_a50_an,-0.09640250587486697
Precuneus-R,559.1667,a75_an_ba,-0.2173148373188496
Precuneus-R,560,a50_an_ba,-0.12307896886524328
Precuneus-R,560,a75_a50_an,-0.08931561417063888
Precuneus-R,560,a75_an_ba,-0.21239458303588213
Precuneus-R,560.8333,a50_an_ba,-0.1257327506025154
Precuneus-R,560.8333,a75_a50_an,-0.08262142579442142
Precuneus-R,560.8333,a75_an_ba,-0.20835417639693682
Precuneus-R,561.6667,a50_an_ba,-0.1288280934899938
Precuneus-R,561.6667,a75_a50_an,-0.07636740331775933
Precuneus-R,561.6667,a75_an_ba,-0.20519549680775312
Precuneus-R,562.5,a50_an_ba,-0.13231329904911307
Precuneus-R,562.5,a75_a50_an,-0.07058253248899367
Precuneus-R,562.5,a75_an_ba,-0.20289583153810672
Precuneus-R,563.3333,a50_an_ba,-0.13613109461564238
Precuneus-R,563.3333,a75_a50_an,-0.06527730801030522
Precuneus-R,563.3333,a75_an_ba,-0.20140840262594764
Precuneus-R,564.1667,a50_an_ba,-0.14021930065811952
Precuneus-R,564.1667,a75_a50_an,-0.06044415060298726
Precuneus-R,564.1667,a75_an_ba,-0.20066345126110677
Precuneus-R,565,a50_an_ba,-0.1445116189029002
Precuneus-R,565,a75_a50_an,-0.056058245030696535
Precuneus-R,565,a75_an_ba,-0.20056986393359674
Precuneus-R,565.8333,a50_an_ba,-0.14893853288972245
Precuneus-R,565.8333,a75_a50_an,-0.05207877950946411
Precuneus-R,565.8333,a75_an_ba,-0.20101731239918655
Precuneus-R,566.6667,a50_an_ba,-0.15342830963720128
Precuneus-R,566.6667,a75_a50_an,-0.04845055805433633
Precuneus-R,566.6667,a75_an_ba,-0.20187886769153762
Precuneus-R,567.5,a50_an_ba,-0.1579080882720472
Precuneus-R,567.5,a75_a50_an,-0.04510594899158608
Precuneus-R,567.5,a75_an_ba,-0.20301403726363326
Precuneus-R,568.3333,a50_an_ba,-0.16230503883997757
Precuneus-R,568.3333,a75_a50_an,-0.04196712528836941
Precuneus-R,568.3333,a75_an_ba,-0.20427216412834698
Precuneus-R,569.1667,a50_an_ba,-0.16654757213949095
Precuneus-R,569.1667,a75_a50_an,-0.038948545690165585
Precuneus-R,569.1667,a75_an_ba,-0.20549611782965654
Precuneus-R,570,a50_an_ba,-0.1705665793668643
Precuneus-R,570,a75_a50_an,-0.035959620063704324
Precuneus-R,570,a75_an_ba,-0.20652619943056866
Precuneus-R,570.8333,a50_an_ba,-0.17429667869166166
Precuneus-R,570.8333,a75_a50_an,-0.03290749795100201
Precuneus-R,570.8333,a75_an_ba,-0.20720417664266363
Precuneus-R,571.6667,a50_an_ba,-0.17767744464914575
Precuneus-R,571.6667,a75_a50_an,-0.02969991625543939
Precuneus-R,571.6667,a75_an_ba,-0.20737736090458514
Precuneus-R,572.5,a50_an_ba,-0.18065459548355176
Precuneus-R,572.5,a75_a50_an,-0.026248040282548773
Precuneus-R,572.5,a75_an_ba,-0.20690263576610052
Precuneus-R,573.3333,a50_an_ba,-0.1831811133382493
Precuneus-R,573.3333,a75_a50_an,-0.022469232096248747
Precuneus-R,573.3333,a75_an_ba,-0.205650345434498
Precuneus-R,574.1667,a50_an_ba,-0.18521827248935085
Precuneus-R,574.1667,a75_a50_an,-0.018289681344062107
Precuneus-R,574.1667,a75_an_ba,-0.20350795383341297
Precuneus-R,575,a50_an_ba,-0.186736551669894
Precuneus-R,575,a75_a50_an,-0.013646836339589208
Precuneus-R,575,a75_an_ba,-0.20038338800948322
Precuneus-R,575.8333,a50_an_ba,-0.18771640793237684
Precuneus-R,575.8333,a75_a50_an,-0.00849157722219552
Precuneus-R,575.8333,a75_an_ba,-0.19620798515457238
Precuneus-R,576.6667,a50_an_ba,-0.18814889143523858
Precuneus-R,576.6667,a75_a50_an,-0.0027900783666119774
Precuneus-R,576.6667,a75_an_ba,-0.19093896980185054
Precuneus-R,577.5,a50_an_ba,-0.18803608298877564
Precuneus-R,577.5,a75_a50_an,0.0034746862167112195
Precuneus-R,577.5,a75_an_ba,-0.18456139677206443
Precuneus-R,578.3333,a50_an_ba,-0.1873913391202881
Precuneus-R,578.3333,a75_a50_an,0.01030183309968008
Precuneus-R,578.3333,a75_an_ba,-0.17708950602060802
Precuneus-R,579.1667,a50_an_ba,-0.1862393327679361
Precuneus-R,579.1667,a75_a50_an,0.01767188530889901
Precuneus-R,579.1667,a75_an_ba,-0.1685674474590371
Precuneus-R,580,a50_an_ba,-0.18461588142774046
Precuneus-R,580,a75_a50_an,0.025546534571942094
Precuneus-R,580,a75_an_ba,-0.15906934685579838
Precuneus-R,580.8333,a50_an_ba,-0.18256755858858464
Precuneus-R,580.8333,a75_a50_an,0.03386886079653627
Precuneus-R,580.8333,a75_an_ba,-0.14869869779204836
Precuneus-R,581.6667,a50_an_ba,-0.18015108851786152
Precuneus-R,581.6667,a75_a50_an,0.04256400944911459
Precuneus-R,581.6667,a75_an_ba,-0.1375870790687469
Precuneus-R,582.5,a50_an_ba,-0.17743252882049224
Precuneus-R,582.5,a75_a50_an,0.05154031719640361
Precuneus-R,582.5,a75_an_ba,-0.12589221162408862
Precuneus-R,583.3333,a50_an_ba,-0.17448624959643994
Precuneus-R,583.3333,a75_a50_an,0.060690865987059466
Precuneus-R,583.3333,a75_an_ba,-0.11379538360938046
Precuneus-R,584.1667,a50_an_ba,-0.17139372237326483
Precuneus-R,584.1667,a75_a50_an,0.06989543590579071
Precuneus-R,584.1667,a75_an_ba,-0.10149828646747414
Precuneus-R,585,a50_an_ba,-0.1682421361965032
Precuneus-R,585,a75_a50_an,0.07902281785034596
Precuneus-R,585,a75_an_ba,-0.08921931834615723
Precuneus-R,585.8333,a50_an_ba,-0.1651228622282555
Precuneus-R,585.8333,a75_a50_an,0.08793343857258247
Precuneus-R,585.8333,a75_an_ba,-0.07718942365567302
Precuneus-R,586.6667,a50_an_ba,-0.16212979184304108
Precuneus-R,586.6667,a75_a50_an,0.09648224308351677
Precuneus-R,586.6667,a75_an_ba,-0.0656475487595243
Precuneus-R,587.5,a50_an_ba,-0.15935757643460916
Precuneus-R,587.5,a75_a50_an,0.10452177302461957
Precuneus-R,587.5,a75_an_ba,-0.054835803409989586
Precuneus-R,588.3332999999999,a50_an_ba,-0.15689979987987515
Precuneus-R,588.3332999999999,a75_a50_an,0.11190537450567603
Precuneus-R,588.3332999999999,a75_an_ba,-0.044994425374199114
Precuneus-R,589.1667,a50_an_ba,-0.1548471167774025
Precuneus-R,589.1667,a75_a50_an,0.11849046522813436
Precuneus-R,589.1667,a75_an_ba,-0.03635665154926817
Precuneus-R,590,a50_an_ba,-0.15328539112965875
Precuneus-R,590,a75_a50_an,0.12414178854691618
Precuneus-R,590,a75_an_ba,-0.02914360258274257
Precuneus-R,590.8333,a50_an_ba,-0.15229387102417163
Precuneus-R,590.8333,a75_a50_an,0.12873458153522785
Precuneus-R,590.8333,a75_an_ba,-0.023559289488943775
Precuneus-R,591.6667,a50_an_ba,-0.15194343505613633
Precuneus-R,591.6667,a75_a50_an,0.13215758513411202
Precuneus-R,591.6667,a75_an_ba,-0.01978584992202432
Precuneus-R,592.5,a50_an_ba,-0.1522949457054288
Precuneus-R,592.5,a75_a50_an,0.13431582708405057
Precuneus-R,592.5,a75_an_ba,-0.01797911862137828
Precuneus-R,593.3333,a50_an_ba,-0.15339774363078923
Precuneus-R,593.3333,a75_a50_an,0.13513311250756546
Precuneus-R,593.3333,a75_an_ba,-0.01826463112322377
Precuneus-R,594.1667,a50_an_ba,-0.15528831488535189
Precuneus-R,594.1667,a75_a50_an,0.13455416266213524
Precuneus-R,594.1667,a75_an_ba,-0.02073415222321664
Precuneus-R,595,a50_an_ba,-0.15798916041734754
Precuneus-R,595,a75_a50_an,0.13254634940162008
Precuneus-R,595,a75_an_ba,-0.025442811015727467
Precuneus-R,595.8333,a50_an_ba,-0.16150789394041512
Precuneus-R,595.8333,a75_a50_an,0.12910098113000576
Precuneus-R,595.8333,a75_an_ba,-0.03240691281040935
Precuneus-R,596.6667,a50_an_ba,-0.16583659039518536
Precuneus-R,596.6667,a75_a50_an,0.1242341053338499
Precuneus-R,596.6667,a75_an_ba,-0.04160248506133547
Precuneus-R,597.5,a50_an_ba,-0.17095140284784743
Precuneus-R,597.5,a75_a50_an,0.11798680294470901
Precuneus-R,597.5,a75_an_ba,-0.052964599903138426
Precuneus-R,598.3333,a50_an_ba,-0.17681246086309524
Precuneus-R,598.3333,a75_a50_an,0.11042496059447102
Precuneus-R,598.3333,a75_an_ba,-0.06638750026862422
Precuneus-R,599.1667000000001,a50_an_ba,-0.18336405824030708
Precuneus-R,599.1667000000001,a75_a50_an,0.10163851805366987
Precuneus-R,599.1667000000001,a75_an_ba,-0.0817255401866372
Precuneus-R,600,a50_an_ba,-0.1905351326129819
Precuneus-R,600,a75_a50_an,0.09174019954261034
Precuneus-R,600,a75_an_ba,-0.09879493307037157
Precuneus-R,600.8333,a50_an_ba,-0.19824003388859607
Precuneus-R,600.8333,a75_a50_an,0.08086374892902072
Precuneus-R,600.8333,a75_an_ba,-0.11737628495957536
Precuneus-R,601.6667,a50_an_ba,-0.20637957296018672
Precuneus-R,601.6667,a75_a50_an,0.06916169982497355
Precuneus-R,601.6667,a75_an_ba,-0.13721787313521316
Precuneus-R,602.5,a50_an_ba,-0.21484233666391409
Precuneus-R,602.5,a75_a50_an,0.05680272202583335
Precuneus-R,602.5,a75_an_ba,-0.15803961463808072
Precuneus-R,603.3333,a50_an_ba,-0.22350624970074837
Precuneus-R,603.3333,a75_a50_an,0.04396859536167876
Precuneus-R,603.3333,a75_an_ba,-0.17953765433906957
Precuneus-R,604.1667,a50_an_ba,-0.23224035929375753
Precuneus-R,604.1667,a75_a50_an,0.03085087063887946
Precuneus-R,604.1667,a75_an_ba,-0.20138948865487807
Precuneus-R,605,a50_an_ba,-0.24090681381849813
Precuneus-R,605,a75_a50_an,0.01764728473927521
Precuneus-R,605,a75_an_ba,-0.22325952907922292
Precuneus-R,605.8333,a50_an_ba,-0.249363002618517
Precuneus-R,605.8333,a75_a50_an,0.004558002944445726
Precuneus-R,605.8333,a75_an_ba,-0.24480499967407127
Precuneus-R,606.6667,a50_an_ba,-0.257463820786658
Precuneus-R,606.6667,a75_a50_an,-0.008218233980011562
Precuneus-R,606.6667,a75_an_ba,-0.26568205476666956
Precuneus-R,607.5,a50_an_ba,-0.26506401992991413
Precuneus-R,607.5,a75_a50_an,-0.02048797758104157
Precuneus-R,607.5,a75_an_ba,-0.28555199751095567
Precuneus-R,608.3333,a50_an_ba,-0.2720206039019109
Precuneus-R,608.3333,a75_a50_an,-0.03206687293055413
Precuneus-R,608.3333,a75_an_ba,-0.304087476832465
Precuneus-R,609.1667,a50_an_ba,-0.27819522722861023
Precuneus-R,609.1667,a75_a50_an,-0.042783312439540845
Precuneus-R,609.1667,a75_an_ba,-0.3209785396681511
Precuneus-R,610,a50_an_ba,-0.2834565534999995
Precuneus-R,610,a75_a50_an,-0.05248186386715459
Precuneus-R,610,a75_an_ba,-0.3359384173671541
Precuneus-R,610.8333,a50_an_ba,-0.28768253136687433
Precuneus-R,610.8333,a75_a50_an,-0.06102639824346509
Precuneus-R,610.8333,a75_an_ba,-0.3487089296103394
Precuneus-R,611.6667,a50_an_ba,-0.29076254696443987
Precuneus-R,611.6667,a75_a50_an,-0.06830284919160617
Precuneus-R,611.6667,a75_an_ba,-0.35906539615604605
Precuneus-R,612.5,a50_an_ba,-0.2925994135631607
Precuneus-R,612.5,a75_a50_an,-0.07422154243054194
Precuneus-R,612.5,a75_an_ba,-0.3668209559937027
Precuneus-R,613.3333,a50_an_ba,-0.29311116198559806
Precuneus-R,613.3333,a75_a50_an,-0.07871904291634205
Precuneus-R,613.3333,a75_an_ba,-0.3718302049019401
Precuneus-R,614.1667,a50_an_ba,-0.2922325987736796
Precuneus-R,614.1667,a75_a50_an,-0.08175947695902958
Precuneus-R,614.1667,a75_an_ba,-0.37399207573270915
Precuneus-R,615,a50_an_ba,-0.28991660317691237
Precuneus-R,615,a75_a50_an,-0.08333529752751155
Precuneus-R,615,a75_an_ba,-0.37325190070442393
Precuneus-R,615.8333,a50_an_ba,-0.2861351386782996
Precuneus-R,615.8333,a75_a50_an,-0.08346747259730755
Precuneus-R,615.8333,a75_an_ba,-0.3696026112756071
Precuneus-R,616.6667,a50_an_ba,-0.28087995988943576
Precuneus-R,616.6667,a75_a50_an,-0.08220508855688691
Precuneus-R,616.6667,a75_an_ba,-0.36308504844632267
Precuneus-R,617.5,a50_an_ba,-0.2741630011280103
Precuneus-R,617.5,a75_a50_an,-0.07962437310769517
Precuneus-R,617.5,a75_an_ba,-0.35378737423570544
Precuneus-R,618.3333,a50_an_ba,-0.2660164387310902
Precuneus-R,618.3333,a75_a50_an,-0.07582715450179817
Precuneus-R,618.3333,a75_an_ba,-0.34184359323288843
Precuneus-R,619.1667,a50_an_ba,-0.25649242504204983
Precuneus-R,619.1667,a75_a50_an,-0.07093878609021693
Precuneus-R,619.1667,a75_an_ba,-0.3274312111322668
Precuneus-R,620,a50_an_ba,-0.24566249792164305
Precuneus-R,620,a75_a50_an,-0.06510557673860684
Precuneus-R,620,a75_an_ba,-0.31076807466024986
Precuneus-R,620.8333,a50_an_ba,-0.2336166754574824
Precuneus-R,620.8333,a75_a50_an,-0.058491778450184384
Precuneus-R,620.8333,a75_an_ba,-0.29210845390766677
Precuneus-R,621.6667,a50_an_ba,-0.22046225116708437
Precuneus-R,621.6667,a75_a50_an,-0.05127619227931805
Precuneus-R,621.6667,a75_an_ba,-0.2717384434464024
Precuneus-R,622.5,a50_an_ba,-0.2063223102979078
Precuneus-R,622.5,a75_a50_an,-0.04364846210519656
Precuneus-R,622.5,a75_an_ba,-0.24997077240310434
Precuneus-R,623.3333,a50_an_ba,-0.19133399272108137
Precuneus-R,623.3333,a75_a50_an,-0.03580513287164014
Precuneus-R,623.3333,a75_an_ba,-0.22713912559272154
Precuneus-R,624.1667,a50_an_ba,-0.17564653230050523
Precuneus-R,624.1667,a75_a50_an,-0.02794555532530928
Precuneus-R,624.1667,a75_an_ba,-0.2035920876258145
Precuneus-R,625,a50_an_ba,-0.15941910641361998
Precuneus-R,625,a75_a50_an,-0.020267722973404064
Precuneus-R,625,a75_an_ba,-0.17968682938702402
Precuneus-R,625.8333,a50_an_ba,-0.14281853243515816
Precuneus-R,625.8333,a75_a50_an,-0.01296412884375091
Precuneus-R,625.8333,a75_an_ba,-0.15578266127890905
Precuneus-R,626.6667,a50_an_ba,-0.1260168504155082
Precuneus-R,626.6667,a75_a50_an,-0.006217729614734488
Precuneus-R,626.6667,a75_an_ba,-0.1322345800302427
Precuneus-R,627.5,a50_an_ba,-0.10918883285122609
Precuneus-R,627.5,a75_a50_an,-1.981027803686422e-4
Precuneus-R,627.5,a75_an_ba,-0.10938693563159473
Precuneus-R,628.3333,a50_an_ba,-0.09250946333278594
Precuneus-R,628.3333,a75_a50_an,0.004942121241374976
Precuneus-R,628.3333,a75_an_ba,-0.08756734209141097
Precuneus-R,629.1667,a50_an_ba,-0.0761514259565125
Precuneus-R,629.1667,a75_a50_an,0.00907047568880003
Precuneus-R,629.1667,a75_an_ba,-0.06708095026771246
Precuneus-R,630,a50_an_ba,-0.06028264671235087
Precuneus-R,630,a75_a50_an,0.012077453567925547
Precuneus-R,630,a75_an_ba,-0.048205193144425326
Precuneus-R,630.8333,a50_an_ba,-0.04506392663155588
Precuneus-R,630.8333,a75_a50_an,0.013878822871045856
Precuneus-R,630.8333,a75_an_ba,-0.031185103760510004
Precuneus-R,631.6667,a50_an_ba,-0.030646704338167515
Precuneus-R,631.6667,a75_a50_an,0.0144174105511297
Precuneus-R,631.6667,a75_an_ba,-0.01622929378703781
Precuneus-R,632.5,a50_an_ba,-0.01717098284925228
Precuneus-R,632.5,a75_a50_an,0.013664316100466372
Precuneus-R,632.5,a75_an_ba,-0.003506666748785905
Precuneus-R,633.3333,a50_an_ba,-0.004763452077953638
Precuneus-R,633.3333,a75_a50_an,0.011619527670160274
Precuneus-R,633.3333,a75_an_ba,0.006856075592206656
Precuneus-R,634.1667,a50_an_ba,0.006464165412058333
Precuneus-R,634.1667,a75_a50_an,0.008311926384924787
Precuneus-R,634.1667,a75_an_ba,0.014776091796983125
Precuneus-R,635,a50_an_ba,0.016416522185195372
Precuneus-R,635,a75_a50_an,0.0037986775813740326
Precuneus-R,635,a75_an_ba,0.02021519976656941
Precuneus-R,635.8333,a50_an_ba,0.025015788696754793
Precuneus-R,635.8333,a75_a50_an,-0.001835979154804315
Precuneus-R,635.8333,a75_an_ba,0.02317980954195046
Precuneus-R,636.6667,a50_an_ba,0.0322025173925138
Precuneus-R,636.6667,a75_a50_an,-0.008482516342436469
Precuneus-R,636.6667,a75_an_ba,0.023720001050077322
Precuneus-R,637.5,a50_an_ba,0.0379362195323777
Precuneus-R,637.5,a75_a50_an,-0.016008444097764318
Precuneus-R,637.5,a75_an_ba,0.02192777543461339
Precuneus-R,638.3333,a50_an_ba,0.04219565119114632
Precuneus-R,638.3333,a75_a50_an,-0.024261125840390696
Precuneus-R,638.3333,a75_an_ba,0.01793452535075561
Precuneus-R,639.1667,a50_an_ba,0.04497880988648542
Precuneus-R,639.1667,a75_a50_an,-0.03307102463385538
Precuneus-R,639.1667,a75_an_ba,0.011907785252630055
Precuneus-R,640,a50_an_ba,0.046302648116170415
Precuneus-R,640,a75_a50_an,-0.04225531118808029
Precuneus-R,640,a75_an_ba,0.004047336928090127
Precuneus-R,640.8333,a50_an_ba,0.04620251466392227
Precuneus-R,640.8333,a75_a50_an,-0.05162175662293431
Precuneus-R,640.8333,a75_an_ba,-0.005419241959012063
Precuneus-R,641.6667,a50_an_ba,0.04473133877337159
Precuneus-R,641.6667,a75_a50_an,-0.060972826807501865
Precuneus-R,641.6667,a75_an_ba,-0.016241488034130277
Precuneus-R,642.5,a50_an_ba,0.04195857612076614
Precuneus-R,642.5,a75_a50_an,-0.07010989059026994
Precuneus-R,642.5,a75_an_ba,-0.028151314469503776
Precuneus-R,643.3333,a50_an_ba,0.03796893887727591
Precuneus-R,643.3333,a75_a50_an,-0.07883745162460817
Precuneus-R,643.3333,a75_an_ba,-0.04086851274733227
Precuneus-R,644.1667,a50_an_ba,0.03286093499193944
Precuneus-R,644.1667,a75_a50_an,-0.08696731283383997
Precuneus-R,644.1667,a75_an_ba,-0.05410637784190052
Precuneus-R,645,a50_an_ba,0.026745244109782716
Precuneus-R,645,a75_a50_an,-0.09432258387085508
Precuneus-R,645,a75_an_ba,-0.06757733976107239
Precuneus-R,645.8333,a50_an_ba,0.019742959243264625
Precuneus-R,645.8333,a75_a50_an,-0.10074144518530645
Precuneus-R,645.8333,a75_an_ba,-0.08099848594204184
Precuneus-R,646.6667,a50_an_ba,0.011983724428971117
Precuneus-R,646.6667,a75_a50_an,-0.10608058745117942
Precuneus-R,646.6667,a75_an_ba,-0.09409686302220831
Precuneus-R,647.5,a50_an_ba,0.0036037991289526545
Precuneus-R,647.5,a75_a50_an,-0.11021825202176956
Precuneus-R,647.5,a75_an_ba,-0.10661445289281692
Precuneus-R,648.3333,a50_an_ba,-0.0052559199067700344
Precuneus-R,648.3333,a75_a50_an,-0.11305680662145608
Precuneus-R,648.3333,a75_an_ba,-0.11831272652822612
Precuneus-R,649.1667,a50_an_ba,-0.014451889185307328
Precuneus-R,649.1667,a75_a50_an,-0.11452480047193485
Precuneus-R,649.1667,a75_an_ba,-0.12897668965724218
Precuneus-R,650,a50_an_ba,-0.023839892381202276
Precuneus-R,650,a75_a50_an,-0.11457845427027534
Precuneus-R,650,a75_an_ba,-0.13841834665147762
Precuneus-R,650.8332999999999,a50_an_ba,-0.033276970113865594
Precuneus-R,650.8332999999999,a75_a50_an,-0.11320255264552988
Precuneus-R,650.8332999999999,a75_an_ba,-0.1464795227593955
Precuneus-R,651.6667,a50_an_ba,-0.04262328003764158
Precuneus-R,651.6667,a75_a50_an,-0.11041071965531067
Precuneus-R,651.6667,a75_an_ba,-0.15303399969295228
Precuneus-R,652.5,a50_an_ba,-0.051743863970458326
Precuneus-R,652.5,a75_a50_an,-0.10624507126344618
Precuneus-R,652.5,a75_an_ba,-0.1579889352339045
Precuneus-R,653.3333,a50_an_ba,-0.06051030133748671
Precuneus-R,653.3333,a75_a50_an,-0.10077525227326091
Precuneus-R,653.3333,a75_an_ba,-0.1612855536107476
Precuneus-R,654.1667,a50_an_ba,-0.06880223095732972
Precuneus-R,654.1667,a75_a50_an,-0.0940968785833195
Precuneus-R,654.1667,a75_an_ba,-0.16289910954064923
Precuneus-R,655,a50_an_ba,-0.07650872607957912
Precuneus-R,655,a75_a50_an,-0.08632941859126825
Precuneus-R,655,a75_an_ba,-0.16283814467084737
Precuneus-R,655.8333,a50_an_ba,-0.08352951052542208
Precuneus-R,655.8333,a75_a50_an,-0.07761355981263436
Precuneus-R,655.8333,a75_an_ba,-0.16114307033805642
Precuneus-R,656.6667,a50_an_ba,-0.08977600672053382
Precuneus-R,656.6667,a75_a50_an,-0.06810811803715855
Precuneus-R,656.6667,a75_an_ba,-0.15788412475769237
Precuneus-R,657.5,a50_an_ba,-0.09517220928058057
Precuneus-R,657.5,a75_a50_an,-0.05798655636760434
Precuneus-R,657.5,a75_an_ba,-0.15315876564818492
Precuneus-R,658.3333,a50_an_ba,-0.09965538055784345
Precuneus-R,658.3333,a75_a50_an,-0.04743319005431937
Precuneus-R,658.3333,a75_an_ba,-0.14708857061216285
Precuneus-R,659.1667,a50_an_ba,-0.10317656713432423
Precuneus-R,659.1667,a75_a50_an,-0.03663915996366108
Precuneus-R,659.1667,a75_an_ba,-0.13981572709798532
Precuneus-R,660,a50_an_ba,-0.10570093861149794
Precuneus-R,660,a75_a50_an,-0.025798262645994986
Precuneus-R,660,a75_an_ba,-0.13149920125749293
Precuneus-R,660.8333,a50_an_ba,-0.10720795216774764
Precuneus-R,660.8333,a75_a50_an,-0.015102728184547345
Precuneus-R,660.8333,a75_an_ba,-0.12231068035229498
Precuneus-R,661.6667000000001,a50_an_ba,-0.10769134820915881
Precuneus-R,661.6667000000001,a75_a50_an,-0.004739038237061694
Precuneus-R,661.6667000000001,a75_an_ba,-0.11243038644622051
Precuneus-R,662.5,a50_an_ba,-0.10715898401480899
Precuneus-R,662.5,a75_a50_an,0.00511612410181702
Precuneus-R,662.5,a75_an_ba,-0.10204285991299197
Precuneus-R,663.3333,a50_an_ba,-0.10563251357025057
Precuneus-R,663.3333,a75_a50_an,0.014299703773782705
Precuneus-R,663.3333,a75_an_ba,-0.09133280979646786
Precuneus-R,664.1667,a50_an_ba,-0.10314692279822153
Precuneus-R,664.1667,a75_a50_an,0.022665798448485885
Precuneus-R,664.1667,a75_an_ba,-0.08048112434973564
Precuneus-R,665,a50_an_ba,-0.09974993014744223
Precuneus-R,665,a75_a50_an,0.03008880088414618
Precuneus-R,665,a75_an_ba,-0.06966112926329607
Precuneus-R,665.8333,a50_an_ba,-0.09550126300987821
Precuneus-R,665.8333,a75_a50_an,0.03646608967585333
Precuneus-R,665.8333,a75_an_ba,-0.05903517333402487
Precuneus-R,666.6667,a50_an_ba,-0.09047182073193742
Precuneus-R,666.6667,a75_a50_an,0.0417202089002102
Precuneus-R,666.6667,a75_an_ba,-0.048751611831727215
Precuneus-R,667.5,a50_an_ba,-0.0847427350982805
Precuneus-R,667.5,a75_a50_an,0.045800488264856956
Precuneus-R,667.5,a75_an_ba,-0.038942246833423524
Precuneus-R,668.3333,a50_an_ba,-0.07840433913495337
Precuneus-R,668.3333,a75_a50_an,0.04868406754036121
Precuneus-R,668.3333,a75_an_ba,-0.02972027159459216
Precuneus-R,669.1667,a50_an_ba,-0.07155505494002588
Precuneus-R,669.1667,a75_a50_an,0.050376302025828296
Precuneus-R,669.1667,a75_an_ba,-0.02117875291419759
Precuneus-R,670,a50_an_ba,-0.06430021104411497
Precuneus-R,670,a75_a50_an,0.0509105392959398
Precuneus-R,670,a75_an_ba,-0.013389671748175194
Precuneus-R,670.8333,a50_an_ba,-0.05675079956908263
Precuneus-R,670.8333,a75_a50_an,0.05034727120253853
Precuneus-R,670.8333,a75_an_ba,-0.006403528366544097
Precuneus-R,671.6667,a50_an_ba,-0.04902218322642711
Precuneus-R,671.6667,a75_a50_an,0.04877267875906807
Precuneus-R,671.6667,a75_an_ba,-2.495044673590548e-4
Precuneus-R,672.5,a50_an_ba,-0.041232762010569704
Precuneus-R,672.5,a75_a50_an,0.046296600823798065
Precuneus-R,672.5,a75_an_ba,0.0050638388132283494
Precuneus-R,673.3333,a50_an_ba,-0.033502609323487
Precuneus-R,673.3333,a75_a50_an,0.04304997012796854
Precuneus-R,673.3333,a75_an_ba,0.009547360804481538
Precuneus-R,674.1667,a50_an_ba,-0.02595208723774084
Precuneus-R,674.1667,a75_a50_an,0.039181771892418636
Precuneus-R,674.1667,a75_an_ba,0.013229684654677793
Precuneus-R,675,a50_an_ba,-0.018700450679377482
Precuneus-R,675,a75_a50_an,0.03485559078564647
Precuneus-R,675,a75_an_ba,0.016155140106268992
Precuneus-R,675.8333,a50_an_ba,-0.011864450497556148
Precuneus-R,675.8333,a75_a50_an,0.030245821068305815
Precuneus-R,675.8333,a75_an_ba,0.01838137057074966
Precuneus-R,676.6667,a50_an_ba,-0.005556945683406019
Precuneus-R,676.6667,a75_a50_an,0.02553362224542189
Precuneus-R,676.6667,a75_an_ba,0.01997667656201586
Precuneus-R,677.5,a50_an_ba,1.1446460247103632e-4
Precuneus-R,677.5,a75_a50_an,0.02090270824488684
Precuneus-R,677.5,a75_an_ba,0.021017172847357896
Precuneus-R,678.3333,a50_an_ba,0.005048778052660931
Precuneus-R,678.3333,a75_a50_an,0.016535061934553022
Precuneus-R,678.3333,a75_an_ba,0.02158383998721396
Precuneus-R,679.1667,a50_an_ba,0.009152883601796266
Precuneus-R,679.1667,a75_a50_an,0.012606668597621752
Precuneus-R,679.1667,a75_an_ba,0.021759552199418032
Precuneus-R,680,a50_an_ba,0.012342800924729742
Precuneus-R,680,a75_a50_an,0.009283361767164874
Precuneus-R,680,a75_an_ba,0.02162616269189463
Precuneus-R,680.8333,a50_an_ba,0.014544852219885863
Precuneus-R,680.8333,a75_a50_an,0.006716872580056306
Precuneus-R,680.8333,a75_an_ba,0.021261724799942164
Precuneus-R,681.6667,a50_an_ba,0.015696752932984056
Precuneus-R,681.6667,a75_a50_an,0.005041169596578261
Precuneus-R,681.6667,a75_an_ba,0.020737922529562303
Precuneus-R,682.5,a50_an_ba,0.015748607645926983
Precuneus-R,682.5,a75_a50_an,0.004369169935804393
Precuneus-R,682.5,a75_an_ba,0.020117777581731364
Precuneus-R,683.3333,a50_an_ba,0.014663797060781128
Precuneus-R,683.3333,a75_a50_an,0.004789894730593763
Precuneus-R,683.3333,a75_an_ba,0.019453691791374902
Precuneus-R,684.1667,a50_an_ba,0.012419741894866514
Precuneus-R,684.1667,a75_a50_an,0.006366132479568871
Precuneus-R,684.1667,a75_an_ba,0.018785874374435373
Precuneus-R,685,a50_an_ba,0.009008529613436705
Precuneus-R,685,a75_a50_an,0.00913266307097399
Precuneus-R,685,a75_an_ba,0.0181411926844107
Precuneus-R,685.8333,a50_an_ba,0.004437390301449434
Precuneus-R,685.8333,a75_a50_an,0.013095083308437493
Precuneus-R,685.8333,a75_an_ba,0.017532473609886932
Precuneus-R,686.6667,a50_an_ba,-0.0012709913492669148
Precuneus-R,686.6667,a75_a50_an,0.018229261939590482
Precuneus-R,686.6667,a75_an_ba,0.01695827059032356
Precuneus-R,687.5,a50_an_ba,-0.008078339958345187
Precuneus-R,687.5,a75_a50_an,0.02448143875228188
Precuneus-R,687.5,a75_an_ba,0.016403098793936702
Precuneus-R,688.3333,a50_an_ba,-0.015930839949922615
Precuneus-R,688.3333,a75_a50_an,0.03176896854938137
Precuneus-R,688.3333,a75_an_ba,0.015838128599458753
Precuneus-R,689.1667,a50_an_ba,-0.02475938157819883
Precuneus-R,689.1667,a75_a50_an,0.03998169703802809
Precuneus-R,689.1667,a75_an_ba,0.015222315459829263
Precuneus-R,690,a50_an_ba,-0.03448000937054412
Precuneus-R,690,a75_a50_an,0.04898394216870621
Precuneus-R,690,a75_an_ba,0.01450393279816208
Precuneus-R,690.8333,a50_an_ba,-0.04499457744933259
Precuneus-R,690.8333,a75_a50_an,0.058617041523028574
Precuneus-R,690.8333,a75_an_ba,0.013622464073695969
Precuneus-R,691.6667,a50_an_ba,-0.05619161343945268
Precuneus-R,691.6667,a75_a50_an,0.06870241425358216
Precuneus-R,691.6667,a75_an_ba,0.012510800814129478
Precuneus-R,692.5,a50_an_ba,-0.0679473896164953
Precuneus-R,692.5,a75_a50_an,0.07904507508205857
Precuneus-R,692.5,a75_an_ba,0.011097685465563278
Precuneus-R,693.3333,a50_an_ba,-0.0801271966445571
Precuneus-R,693.3333,a75_a50_an,0.0894375281971746
Precuneus-R,693.3333,a75_an_ba,0.009310331552617524
Precuneus-R,694.1667,a50_an_ba,-0.09258681174664238
Precuneus-R,694.1667,a75_a50_an,0.09966396076535422
Precuneus-R,694.1667,a75_an_ba,0.007077149018711859
Precuneus-R,695,a50_an_ba,-0.10517414950876892
Precuneus-R,695,a75_a50_an,0.1095046493455762
Precuneus-R,695,a75_an_ba,0.004330499836807275
Precuneus-R,695.8333,a50_an_ba,-0.11773107981350207
Precuneus-R,695.8333,a75_a50_an,0.11874048791825334
Precuneus-R,695.8333,a75_an_ba,0.0010094081047512526
Precuneus-R,696.6667,a50_an_ba,-0.1300953937091177
Precuneus-R,696.6667,a75_a50_an,0.12715754358978337
Precuneus-R,696.6667,a75_an_ba,-0.0029378501193343485
Precuneus-R,697.5,a50_an_ba,-0.14210289443164986
Precuneus-R,697.5,a75_a50_an,0.1345515453707824
Precuneus-R,697.5,a75_an_ba,-0.0075513490608674514
Precuneus-R,698.3333,a50_an_ba,-0.15358958739644546
Precuneus-R,698.3333,a75_a50_an,0.14073221275549955
Precuneus-R,698.3333,a75_an_ba,-0.012857374640945888
Precuneus-R,699.1667,a50_an_ba,-0.1643939398526143
Precuneus-R,699.1667,a75_a50_an,0.1455273341181306
Precuneus-R,699.1667,a75_an_ba,-0.01886660573448369
Precuneus-R,700,a50_an_ba,-0.17435917813552881
Precuneus-R,700,a75_a50_an,0.14878651011264382
Precuneus-R,700,a75_an_ba,-0.025572668022884992
Precuneus-R,700.8333,a50_an_ba,-0.1833355881436664
Precuneus-R,700.8333,a75_a50_an,0.1503844841998156
Precuneus-R,700.8333,a75_an_ba,-0.03295110394385081
Precuneus-R,701.6667,a50_an_ba,-0.1911827828847935
Precuneus-R,701.6667,a75_a50_an,0.15022399097523137
Precuneus-R,701.6667,a75_an_ba,-0.04095879190956213
Precuneus-R,702.5,a50_an_ba,-0.1977718997531365
Precuneus-R,702.5,a75_a50_an,0.14823806294753505
Precuneus-R,702.5,a75_an_ba,-0.049533836805601424
Precuneus-R,703.3333,a50_an_ba,-0.202987689673493
Precuneus-R,703.3333,a75_a50_an,0.14439174760037415
Precuneus-R,703.3333,a75_an_ba,-0.05859594207311887
Precuneus-R,704.1667,a50_an_ba,-0.2067304604280628
Precuneus-R,704.1667,a75_a50_an,0.13868319872301507
Precuneus-R,704.1667,a75_an_ba,-0.06804726170504774
Precuneus-R,705,a50_an_ba,-0.20891783740049535
Precuneus-R,705,a75_a50_an,0.13114411885242394
Precuneus-R,705,a75_an_ba,-0.07777371854807143
Precuneus-R,705.8333,a50_an_ba,-0.2094863066475886
Precuneus-R,705.8333,a75_a50_an,0.12183954295964684
Precuneus-R,705.8333,a75_an_ba,-0.08764676368794176
Precuneus-R,706.6667,a50_an_ba,-0.20839250764384315
Precuneus-R,706.6667,a75_a50_an,0.11086696695373921
Precuneus-R,706.6667,a75_an_ba,-0.09752554069010394
Precuneus-R,707.5,a50_an_ba,-0.20561424622185065
Precuneus-R,707.5,a75_a50_an,0.09835483788404513
Precuneus-R,707.5,a75_an_ba,-0.10725940833780553
Precuneus-R,708.3333,a50_an_ba,-0.20115120211918897
Precuneus-R,708.3333,a75_a50_an,0.084460435618159
Precuneus-R,708.3333,a75_an_ba,-0.11669076650102997
Precuneus-R,709.1667,a50_an_ba,-0.19502531008915014
Precuneus-R,709.1667,a75_a50_an,0.06936718799054517
Precuneus-R,709.1667,a75_an_ba,-0.12565812209860497
Precuneus-R,710,a50_an_ba,-0.18728079867058656
Precuneus-R,710,a75_a50_an,0.05328147270470432
Precuneus-R,710,a75_an_ba,-0.13399932596588224
Precuneus-R,710.8333,a50_an_ba,-0.17798387635762322
Precuneus-R,710.8333,a75_a50_an,0.0364289694003422
Precuneus-R,710.8333,a75_an_ba,-0.14155490695728098
Precuneus-R,711.6667,a50_an_ba,-0.16722206096463754
Precuneus-R,711.6667,a75_a50_an,0.019050634063491476
Precuneus-R,711.6667,a75_an_ba,-0.14817142690114607
Precuneus-R,712.5,a50_an_ba,-0.15510315433457464
Precuneus-R,712.5,a75_a50_an,0.0013983751897788082
Precuneus-R,712.5,a75_an_ba,-0.1537047791447958
Precuneus-R,713.3332999999999,a50_an_ba,-0.14175387106753706
Precuneus-R,713.3332999999999,a75_a50_an,-0.01626948332905701
Precuneus-R,713.3332999999999,a75_an_ba,-0.15802335439659407
Precuneus-R,714.1667,a50_an_ba,-0.12731813652180254
Precuneus-R,714.1667,a75_a50_an,-0.03369286383898729
Precuneus-R,714.1667,a75_an_ba,-0.16101100036078986
Precuneus-R,715,a50_an_ba,-0.11195507582542046
Precuneus-R,715,a75_a50_an,-0.05061463037129562
Precuneus-R,715,a75_an_ba,-0.1625697061967161
Precuneus-R,715.8333,a50_an_ba,-0.0958367218956898
Precuneus-R,715.8333,a75_a50_an,-0.0667852271066324
Precuneus-R,715.8333,a75_an_ba,-0.16262194900232219
Precuneus-R,716.6667,a50_an_ba,-0.07914547635881071
Precuneus-R,716.6667,a75_a50_an,-0.08196717081012708
Precuneus-R,716.6667,a75_an_ba,-0.1611126471689378
Precuneus-R,717.5,a50_an_ba,-0.06207136265936243
Precuneus-R,717.5,a75_a50_an,-0.09593931173129613
Precuneus-R,717.5,a75_an_ba,-0.15801067439065855
Precuneus-R,718.3333,a50_an_ba,-0.04480911542284155
Precuneus-R,718.3333,a75_a50_an,-0.10850078269624082
Precuneus-R,718.3333,a75_an_ba,-0.15330989811908236
Precuneus-R,719.1667,a50_an_ba,-0.027555154167490072
Precuneus-R,719.1667,a75_a50_an,-0.11947456292040678
Precuneus-R,719.1667,a75_an_ba,-0.14702971708789686
Precuneus-R,720,a50_an_ba,-0.010504492650961062
Precuneus-R,720,a75_a50_an,-0.1287105912788455
Precuneus-R,720,a75_an_ba,-0.13921508392980655
Precuneus-R,720.8333,a50_an_ba,0.0061523626049668914
Precuneus-R,720.8333,a75_a50_an,-0.13608837320052436
Precuneus-R,720.8333,a75_an_ba,-0.12993601059555746
Precuneus-R,721.6667,a50_an_ba,0.02223246981224546
Precuneus-R,721.6667,a75_a50_an,-0.14151903579350347
Precuneus-R,721.6667,a75_an_ba,-0.11928656598125803
Precuneus-R,722.5,a50_an_ba,0.03756341043251443
Precuneus-R,722.5,a75_a50_an,-0.1449467970297202
Precuneus-R,722.5,a75_an_ba,-0.10738338659720574
Precuneus-R,723.3333,a50_an_ba,0.05198609458109524
Precuneus-R,723.3333,a75_a50_an,-0.14634982657953458
Precuneus-R,723.3333,a75_an_ba,-0.09436373199843932
Precuneus-R,724.1667000000001,a50_an_ba,0.06535736114799372
Precuneus-R,724.1667000000001,a75_a50_an,-0.14574048793700448
Precuneus-R,724.1667000000001,a75_an_ba,-0.08038312678901077
Precuneus-R,725,a50_an_ba,0.07755232349083153
Precuneus-R,725,a75_a50_an,-0.14316496356439645
Precuneus-R,725,a75_an_ba,-0.06561264007356492
Precuneus-R,725.8333,a50_an_ba,0.0884664156058552
Precuneus-R,725.8333,a75_a50_an,-0.1387022766596016
Precuneus-R,725.8333,a75_an_ba,-0.05023586105374637
Precuneus-R,726.6667,a50_an_ba,0.09801709869562755
Precuneus-R,726.6667,a75_a50_an,-0.13246273457174787
Precuneus-R,726.6667,a75_an_ba,-0.0344456358761203
Precuneus-R,727.5,a50_an_ba,0.10614519393879872
Precuneus-R,727.5,a75_a50_an,-0.12458582963141833
Precuneus-R,727.5,a75_an_ba,-0.018440635692619625
Precuneus-R,728.3333,a50_an_ba,0.11281581392208354
Precuneus-R,728.3333,a75_a50_an,-0.11523764301324524
Precuneus-R,728.3333,a75_an_ba,-0.0024218290911617226
Precuneus-R,729.1667,a50_an_ba,0.11801887249155078
Precuneus-R,729.1667,a75_a50_an,-0.10460780602412548
Precuneus-R,729.1667,a75_an_ba,0.013411066467425318
Precuneus-R,730,a50_an_ba,0.12176916057831748
Precuneus-R,730,a75_a50_an,-0.092906080749505085
Precuneus-R,730,a75_an_ba,0.02886307982881241
Precuneus-R,730.8333,a50_an_ba,0.1241059836983338
Precuneus-R,730.8333,a75_a50_an,-0.08035862816222664
Precuneus-R,730.8333,a75_an_ba,0.043747355536107146
Precuneus-R,731.6667,a50_an_ba,0.12509236515263894
Precuneus-R,731.6667,a75_a50_an,-0.06720403650393948
Precuneus-R,731.6667,a75_an_ba,0.057888328648699465
Precuneus-R,732.5,a50_an_ba,0.12481382729290327
Precuneus-R,732.5,a75_a50_an,-0.053689185921784004
Precuneus-R,732.5,a75_an_ba,0.07112464137111928
Precuneus-R,733.3333,a50_an_ba,0.12337677139354739
Precuneus-R,733.3333,a75_a50_an,-0.04006502695055218
Precuneus-R,733.3333,a75_an_ba,0.08331174444299522
Precuneus-R,734.1667,a50_an_ba,0.12090648451448378
Precuneus-R,734.1667,a75_a50_an,-0.026582350474609606
Precuneus-R,734.1667,a75_an_ba,0.09432413403987416
Precuneus-R,735,a50_an_ba,0.11754480908020881
Precuneus-R,735,a75_a50_an,-0.013487625319190929
Precuneus-R,735,a75_an_ba,0.10405718376101787
Precuneus-R,735.8333,a50_an_ba,0.11344751758360332
Precuneus-R,735.8333,a75_a50_an,-0.0010189766741527618
Precuneus-R,735.8333,a75_an_ba,0.11242854090945056
Precuneus-R,736.6667,a50_an_ba,0.10878144070031073
Precuneus-R,736.6667,a75_a50_an,0.01059762575920975
Precuneus-R,736.6667,a75_an_ba,0.1193790664595205
Precuneus-R,737.5,a50_an_ba,0.10372140204243364
Precuneus-R,737.5,a75_a50_an,0.02115190656266846
Precuneus-R,737.5,a75_an_ba,0.12487330860510212
Precuneus-R,738.3333,a50_an_ba,0.09844701667728849
Precuneus-R,738.3333,a75_a50_an,0.030452493652586538
Precuneus-R,738.3333,a75_an_ba,0.128899510329875
Precuneus-R,739.1667,a50_an_ba,0.09313941329903914
Precuneus-R,739.1667,a75_a50_an,0.038329748485231366
Precuneus-R,739.1667,a75_an_ba,0.1314691617842705
Precuneus-R,740,a50_an_ba,0.08797794150257025
Precuneus-R,740,a75_a50_an,0.04463817664201063
Precuneus-R,740,a75_an_ba,0.13261611814458088
Precuneus-R,740.8333,a50_an_ba,0.08313692593035658
Precuneus-R,740.8333,a75_a50_an,0.049258386905233445
Precuneus-R,740.8333,a75_an_ba,0.13239531283559003
Precuneus-R,741.6667,a50_an_ba,0.0787825281306977
Precuneus-R,741.6667,a75_a50_an,0.05209857617557113
Precuneus-R,741.6667,a75_an_ba,0.13088110430626881
Precuneus-R,742.5,a50_an_ba,0.0750697747940637
Precuneus-R,742.5,a75_a50_an,0.0530955269773974
Precuneus-R,742.5,a75_an_ba,0.1281653017714611
Precuneus-R,743.3333,a50_an_ba,0.07213980766394675
Precuneus-R,743.3333,a75_a50_an,0.05221511364944094
Precuneus-R,743.3333,a75_an_ba,0.12435492131338768
Precuneus-R,744.1667,a50_an_ba,0.0701174059175454
Precuneus-R,744.1667,a75_a50_an,0.04945232243386243
Precuneus-R,744.1667,a75_an_ba,0.11956972835140783
Precuneus-R,745,a50_an_ba,0.06910882627185967
Precuneus-R,745,a75_a50_an,0.044830799376890065
Precuneus-R,745,a75_an_ba,0.11393962564874975
Precuneus-R,745.8333,a50_an_ba,0.0691999996085454
Precuneus-R,745.8333,a75_a50_an,0.0384019480730081
Precuneus-R,745.8333,a75_an_ba,0.10760194768155348
Precuneus-R,746.6667,a50_an_ba,0.07045511566198509
Precuneus-R,746.6667,a75_a50_an,0.030243606675451423
Precuneus-R,746.6667,a75_an_ba,0.10069872233743653
Precuneus-R,747.5,a50_an_ba,0.07291561943414772
Precuneus-R,747.5,a75_a50_an,0.020458340132216535
Precuneus-R,747.5,a75_an_ba,0.09337395956636425
Precuneus-R,748.3333,a50_an_ba,0.07659963465491514
Precuneus-R,748.3333,a75_a50_an,0.009171389186455624
Precuneus-R,748.3333,a75_an_ba,0.08577102384137075
Precuneus-R,749.1667,a50_an_ba,0.08150182097702913
Precuneus-R,749.1667,a75_a50_an,-0.0034716777750334123
Precuneus-R,749.1667,a75_an_ba,0.07803014320199571
Precuneus-R,750,a50_an_ba,0.08759366286629058
Precuneus-R,750,a75_a50_an,-0.017307560483217976
Precuneus-R,750,a75_an_ba,0.07028610238307262
Precuneus-R,750.8333,a50_an_ba,0.09482417950820177
Precuneus-R,750.8333,a75_a50_an,-0.0321580182702655
Precuneus-R,750.8333,a75_an_ba,0.06266616123793627
Precuneus-R,751.6667,a50_an_ba,0.1031210366883568
Precuneus-R,751.6667,a75_a50_an,-0.047832804153238054
Precuneus-R,751.6667,a75_an_ba,0.05528823253511875
Precuneus-R,752.5,a50_an_ba,0.11239203369573061
Precuneus-R,752.5,a75_a50_an,-0.06413268824936724
Precuneus-R,752.5,a75_an_ba,0.048259345446363386
Precuneus-R,753.3333,a50_an_ba,0.1225269310158361
Precuneus-R,753.3333,a75_a50_an,-0.08085251814536976
Precuneus-R,753.3333,a75_an_ba,0.04167441287046636
Precuneus-R,754.1667,a50_an_ba,0.13339957808045946
Precuneus-R,754.1667,a75_a50_an,-0.0977842657024677
Precuneus-R,754.1667,a75_an_ba,0.03561531237799174
Precuneus-R,755,a50_an_ba,0.14487029476101826
Precuneus-R,755,a75_a50_an,-0.11472001251675558
Precuneus-R,755,a75_an_ba,0.030150282244262677
Precuneus-R,755.8333,a50_an_ba,0.15678845575073957
Precuneus-R,755.8333,a75_a50_an,-0.13145482976619377
Precuneus-R,755.8333,a75_an_ba,0.025333625984545794
Precuneus-R,756.6667,a50_an_ba,0.16899522357127467
Precuneus-R,756.6667,a75_a50_an,-0.14778951234267715
Precuneus-R,756.6667,a75_an_ba,0.02120571122859753
Precuneus-R,757.5,a50_an_ba,0.18132637373001737
Precuneus-R,757.5,a75_a50_an,-0.1635331318628195
Precuneus-R,757.5,a75_an_ba,0.017793241867197874
Precuneus-R,758.3333,a50_an_ba,0.19361515458646927
Precuneus-R,758.3333,a75_a50_an,-0.1785053782408886
Precuneus-R,758.3333,a75_an_ba,0.015109776345580642
Precuneus-R,759.1667,a50_an_ba,0.2056951247720258
Precuneus-R,759.1667,a75_a50_an,-0.19253866485585217
Precuneus-R,759.1667,a75_an_ba,0.013156459916173667
Precuneus-R,760,a50_an_ba,0.2174029125318809
Precuneus-R,760,a75_a50_an,-0.20547997781745042
Precuneus-R,760,a75_an_ba,0.011922934714430473
Precuneus-R,760.8333,a50_an_ba,0.22858084407609588
Precuneus-R,760.8333,a75_a50_an,-0.2171924553033009
Precuneus-R,760.8333,a75_an_ba,0.011388388772795
Precuneus-R,761.6667,a50_an_ba,0.23907939186820093
Precuneus-R,761.6667,a75_a50_an,-0.227556688278322
Precuneus-R,761.6667,a75_an_ba,0.011522703589878914
Precuneus-R,762.5,a50_an_ba,0.24875939864723864
Precuneus-R,762.5,a75_a50_an,-0.23647173900733634
Precuneus-R,762.5,a75_an_ba,0.012287659639902337
Precuneus-R,763.3333,a50_an_ba,0.2574940387530556
Precuneus-R,763.3333,a75_a50_an,-0.24385587853302612
Precuneus-R,763.3333,a75_an_ba,0.013638160220029482
Precuneus-R,764.1667,a50_an_ba,0.2651704848647439
Precuneus-R,764.1667,a75_a50_an,-0.24964704863075776
Precuneus-R,764.1667,a75_an_ba,0.01552343623398614
Precuneus-R,765,a50_an_ba,0.27169125541091466
Precuneus-R,765,a75_a50_an,-0.25380305760211386
Precuneus-R,765,a75_an_ba,0.01788819780880082
Precuneus-R,765.8333,a50_an_ba,0.27697522549771103
Precuneus-R,765.8333,a75_a50_an,-0.25630152258085653
Precuneus-R,765.8333,a75_an_ba,0.020673702916854494
Precuneus-R,766.6667,a50_an_ba,0.2809582920458404
Precuneus-R,766.6667,a75_a50_an,-0.2571395737671169
Precuneus-R,766.6667,a75_an_ba,0.023818718278723505
Precuneus-R,767.5,a50_an_ba,0.28359369174684634
Precuneus-R,767.5,a75_a50_an,-0.25633333816469334
Precuneus-R,767.5,a75_an_ba,0.027260353582152994
Precuneus-R,768.3333,a50_an_ba,0.28485197825557634
Precuneus-R,768.3333,a75_a50_an,-0.2539172219768134
Precuneus-R,768.3333,a75_an_ba,0.030934756278762948
Precuneus-R,769.1667,a50_an_ba,0.2847206725486684
Precuneus-R,769.1667,a75_a50_an,-0.2499430118385448
Precuneus-R,769.1667,a75_an_ba,0.034777660710123594
Precuneus-R,770,a50_an_ba,0.2832036074241862
Precuneus-R,770,a75_a50_an,-0.24447881556527673
Precuneus-R,770,a75_an_ba,0.03872479185890949
Precuneus-R,770.8333,a50_an_ba,0.28031999353371
Precuneus-R,770.8333,a75_a50_an,-0.23760786312573362
Precuneus-R,770.8333,a75_an_ba,0.042712130407976404
Precuneus-R,771.6667,a50_an_ba,0.27610323997993885
Precuneus-R,771.6667,a75_a50_an,-0.2294271881651248
Precuneus-R,771.6667,a75_an_ba,0.04667605181481409
Precuneus-R,772.5,a50_an_ba,0.2705995672540848
Precuneus-R,772.5,a75_a50_an,-0.2200462096784147
Precuneus-R,772.5,a75_an_ba,0.05055335757567009
Precuneus-R,773.3333,a50_an_ba,0.2638664540246535
Precuneus-R,773.3333,a75_a50_an,-0.20958523244020627
Precuneus-R,773.3333,a75_an_ba,0.054281221584447197
Precuneus-R,774.1667,a50_an_ba,0.2559709619440343
Precuneus-R,774.1667,a75_a50_an,-0.19817388361442184
Precuneus-R,774.1667,a75_an_ba,0.057797078329612415
Precuneus-R,775,a50_an_ba,0.2469879841596859
Precuneus-R,775,a75_a50_an,-0.18594950167269123
Precuneus-R,775,a75_an_ba,0.06103848248699465
Precuneus-R,775.8332999999999,a50_an_ba,0.23699846357890295
Precuneus-R,775.8332999999999,a75_a50_an,-0.17305549242095464
Precuneus-R,775.8332999999999,a75_an_ba,0.06394297115794831
Precuneus-R,776.6667,a50_an_ba,0.22608762614454814
Precuneus-R,776.6667,a75_a50_an,-0.15963966564090884
Precuneus-R,776.6667,a75_an_ba,0.06644796050363933
Precuneus-R,777.5,a50_an_ba,0.21434327246655338
Precuneus-R,777.5,a75_a50_an,-0.14585256466034718
Precuneus-R,777.5,a75_an_ba,0.06849070780620621
Precuneus-R,778.3333,a50_an_ba,0.2018541681806534
Precuneus-R,778.3333,a75_a50_an,-0.13184580012879085
Precuneus-R,778.3333,a75_an_ba,0.07000836805186254
Precuneus-R,779.1667,a50_an_ba,0.1887085694577668
Precuneus-R,779.1667,a75_a50_an,-0.11777039843559507
Precuneus-R,779.1667,a75_an_ba,0.07093817102217172
Precuneus-R,780,a50_an_ba,0.174992915274341
Precuneus-R,780,a75_a50_an,-0.10377517459760516
Precuneus-R,780,a75_an_ba,0.07121774067673582
Precuneus-R,780.8333,a50_an_ba,0.16079071250663063
Precuneus-R,780.8333,a75_a50_an,-0.09000513907995226
Precuneus-R,780.8333,a75_an_ba,0.07078557342667835
Precuneus-R,781.6667,a50_an_ba,0.14618163377852517
Precuneus-R,781.6667,a75_a50_an,-0.07659994790012287
Precuneus-R,781.6667,a75_an_ba,0.0695816858784023
Precuneus-R,782.5,a50_an_ba,0.1312408414357542
Precuneus-R,782.5,a75_a50_an,-0.06369240549128721
Precuneus-R,782.5,a75_an_ba,0.06754843594446701
Precuneus-R,783.3333,a50_an_ba,0.11603854421117678
Precuneus-R,783.3333,a75_a50_an,-0.0514070301422794
Precuneus-R,783.3333,a75_an_ba,0.06463151406889736
Precuneus-R,784.1667,a50_an_ba,0.10063978626452907
Precuneus-R,784.1667,a75_a50_an,-0.03985869235154025
Precuneus-R,784.1667,a75_an_ba,0.060781093912988825
Precuneus-R,785,a50_an_ba,0.08510446150481388
Precuneus-R,785,a75_a50_an,-0.02915133708328439
Precuneus-R,785,a75_an_ba,0.0559531244215295
Precuneus-R,785.8333,a50_an_ba,0.06948753961001532
Precuneus-R,785.8333,a75_a50_an,-0.019376801638435092
Precuneus-R,785.8333,a75_an_ba,0.0501107379715802
Precuneus-R,786.6667000000001,a50_an_ba,0.05383948411607746
Precuneus-R,786.6667000000001,a75_a50_an,-0.010613741585966148
Precuneus-R,786.6667000000001,a75_an_ba,0.043225742530111314
Precuneus-R,787.5,a50_an_ba,0.03820683751086062
Precuneus-R,787.5,a75_a50_an,-0.002926677872154758
Precuneus-R,787.5,a75_an_ba,0.03528015963870585
Precuneus-R,788.3333,a50_an_ba,0.02263294358059345
Precuneus-R,788.3333,a75_a50_an,0.003634821236220562
Precuneus-R,788.3333,a75_an_ba,0.026267764816814018
Precuneus-R,789.1667,a50_an_ba,0.007158773436994179
Precuneus-R,789.1667,a75_a50_an,0.009036809385887733
Precuneus-R,789.1667,a75_an_ba,0.016195582822881933
Precuneus-R,790,a50_an_ba,-0.008176181197435227
Precuneus-R,790,a75_a50_an,0.013261468501088053
Precuneus-R,790,a75_an_ba,0.005085287303652845
Precuneus-R,790.8333,a50_an_ba,-0.023332985676882696
Precuneus-R,790.8333,a75_a50_an,0.016307438510552285
Precuneus-R,790.8333,a75_an_ba,-0.007025547166330409
Precuneus-R,791.6667,a50_an_ba,-0.038272350041507974
Precuneus-R,791.6667,a75_a50_an,0.0181899573437285
Precuneus-R,791.6667,a75_an_ba,-0.02008239269777948
Precuneus-R,792.5,a50_an_ba,-0.05295376510625612
Precuneus-R,792.5,a75_a50_an,0.018940799214112836
Precuneus-R,792.5,a75_an_ba,-0.034012965892143296
Precuneus-R,793.3333,a50_an_ba,-0.06733472409513293
Precuneus-R,793.3333,a75_a50_an,0.018608000788846484
Precuneus-R,793.3333,a75_an_ba,-0.048726723306286426
Precuneus-R,794.1667,a50_an_ba,-0.08137006433212875
Precuneus-R,794.1667,a75_a50_an,0.017255366912259408
Precuneus-R,794.1667,a75_an_ba,-0.06411469741986935
Precuneus-R,795,a50_an_ba,-0.09501145994726778
Precuneus-R,795,a75_a50_an,0.014961750107980714
Precuneus-R,795,a75_an_ba,-0.08004970983928708
Precuneus-R,795.8333,a50_an_ba,-0.10820709209668666
Precuneus-R,795.8333,a75_a50_an,0.011820101114262092
Precuneus-R,795.8333,a75_an_ba,-0.09638699098242456
Precuneus-R,796.6667,a50_an_ba,-0.12090151794390605
Precuneus-R,796.6667,a75_a50_an,0.007936291177364739
Precuneus-R,796.6667,a75_an_ba,-0.11296522676654133
Precuneus-R,797.5,a50_an_ba,-0.1330357537412146
Precuneus-R,797.5,a75_a50_an,0.003427710688473549
Precuneus-R,797.5,a75_an_ba,-0.12960804305274107
Precuneus-R,798.3333,a50_an_ba,-0.1445475809389728
Precuneus-R,798.3333,a75_a50_an,-0.0015783470659724004
Precuneus-R,798.3333,a75_an_ba,-0.14612592800494517
Precuneus-R,799.1667,a50_an_ba,-0.1553720775033402
Precuneus-R,799.1667,a75_a50_an,-0.006946503844225883
Precuneus-R,799.1667,a75_an_ba,-0.16231858134756608
Precuneus-R,800,a50_an_ba,-0.16544236971672732
Precuneus-R,800,a75_a50_an,-0.012535298310458269
Precuneus-R,800,a75_an_ba,-0.1779776680271856
Precuneus-R,800.8333,a50_an_ba,-0.17469059285203084
Precuneus-R,800.8333,a75_a50_an,-0.018199349436549633
Precuneus-R,800.8333,a75_an_ba,-0.19288994228858047
Precuneus-R,801.6667,a50_an_ba,-0.18304904243406087
Precuneus-R,801.6667,a75_a50_an,-0.023791654529555856
Precuneus-R,801.6667,a75_an_ba,-0.2068406969636167
Precuneus-R,802.5,a50_an_ba,-0.19045149150871643
Precuneus-R,802.5,a75_a50_an,-0.029165990635825593
Precuneus-R,802.5,a75_an_ba,-0.219617482144542
Precuneus-R,803.3333,a50_an_ba,-0.19683464360251807
Precuneus-R,803.3333,a75_a50_an,-0.034179384064501814
Precuneus-R,803.3333,a75_an_ba,-0.2310140276670199
Precuneus-R,804.1667,a50_an_ba,-0.20213968602974638
Precuneus-R,804.1667,a75_a50_an,-0.03869460921593198
Precuneus-R,804.1667,a75_an_ba,-0.24083429524567834
Precuneus-R,805,a50_an_ba,-0.20631390403276076
Precuneus-R,805,a75_a50_an,-0.042582674915851396
Precuneus-R,805,a75_an_ba,-0.24889657894861217
Precuneus-R,805.8333,a50_an_ba,-0.20931231304300035
Precuneus-R,805.8333,a75_a50_an,-0.04572525415797136
Precuneus-R,805.8333,a75_an_ba,-0.2550375672009717
Precuneus-R,806.6667,a50_an_ba,-0.21109926422294165
Precuneus-R,806.6667,a75_a50_an,-0.04801701164874033
Precuneus-R,806.6667,a75_an_ba,-0.25911627587168196
Precuneus-R,807.5,a50_an_ba,-0.2116499774629932
Precuneus-R,807.5,a75_a50_an,-0.0493677829172701
Precuneus-R,807.5,a75_an_ba,-0.2610177603802633
Precuneus-R,808.3333,a50_an_ba,-0.21095195620478754
Precuneus-R,808.3333,a75_a50_an,-0.049704559072079005
Precuneus-R,808.3333,a75_an_ba,-0.26065651527686656
Precuneus-R,809.1667,a50_an_ba,-0.2090062398562074
Precuneus-R,809.1667,a75_a50_an,-0.04897323260563972
Precuneus-R,809.1667,a75_an_ba,-0.2579794724618471
Precuneus-R,810,a50_an_ba,-0.2058284521370359
Precuneus-R,810,a75_a50_an,-0.04714006199666756
Precuneus-R,810,a75_an_ba,-0.25296851413370347
Precuneus-R,810.8333,a50_an_ba,-0.20144960740042753
Precuneus-R,810.8333,a75_a50_an,-0.044192816243481044
Precuneus-R,810.8333,a75_an_ba,-0.2456424236439086
Precuneus-R,811.6667,a50_an_ba,-0.19591664173908313
Precuneus-R,811.6667,a75_a50_an,-0.04014156485905677
Precuneus-R,811.6667,a75_an_ba,-0.2360582065981399
Precuneus-R,812.5,a50_an_ba,-0.18929264140310184
Precuneus-R,812.5,a75_a50_an,-0.035019084223097796
Precuneus-R,812.5,a75_an_ba,-0.22431172562619964
Precuneus-R,813.3333,a50_an_ba,-0.18165674760146888
Precuneus-R,813.3333,a75_a50_an,-0.02888085744637415
Precuneus-R,813.3333,a75_an_ba,-0.210537605047843
Precuneus-R,814.1667,a50_an_ba,-0.1731037239815602
Precuneus-R,814.1667,a75_a50_an,-0.021804651960175545
Precuneus-R,814.1667,a75_an_ba,-0.19490837594173577
Precuneus-R,815,a50_an_ba,-0.16374318081269898
Precuneus-R,815,a75_a50_an,-0.013889666777844353
Precuneus-R,815,a75_an_ba,-0.17763284759054335
Precuneus-R,815.8333,a50_an_ba,-0.15369845795869444
Precuneus-R,815.8333,a75_a50_an,-0.005255249643290234
Precuneus-R,815.8333,a75_an_ba,-0.15895370760198468
Precuneus-R,816.6667,a50_an_ba,-0.14310517691772806
Precuneus-R,816.6667,a75_a50_an,0.003960807078954465
Precuneus-R,816.6667,a75_an_ba,-0.13914436983877357
Precuneus-R,817.5,a50_an_ba,-0.13210948033814696
Precuneus-R,817.5,a75_a50_an,0.013604374083542113
Precuneus-R,817.5,a75_an_ba,-0.11850510625460481
Precuneus-R,818.3333,a50_an_ba,-0.12086598528744898
Precuneus-R,818.3333,a75_a50_an,0.023507469846871114
Precuneus-R,818.3333,a75_an_ba,-0.09735851544057784
Precuneus-R,819.1667,a50_an_ba,-0.1095354839642751
Precuneus-R,819.1667,a75_a50_an,0.03349108721958392
Precuneus-R,819.1667,a75_an_ba,-0.07604439674469116
Precuneus-R,820,a50_an_ba,-0.09828243231476011
Precuneus-R,820,a75_a50_an,0.04336831846435218
Precuneus-R,820,a75_an_ba,-0.05491411385040796
Precuneus-R,820.8333,a50_an_ba,-0.08727227297299485
Precuneus-R,820.8333,a75_a50_an,0.052947727655708196
Precuneus-R,820.8333,a75_an_ba,-0.034324545317286646
Precuneus-R,821.6667,a50_an_ba,-0.07666864393680399
Precuneus-R,821.6667,a75_a50_an,0.06203691248682968
Precuneus-R,821.6667,a75_an_ba,-0.01463173144997432
Precuneus-R,822.5,a50_an_ba,-0.06663052828234808
Precuneus-R,822.5,a75_a50_an,0.07044619162529718
Precuneus-R,822.5,a75_an_ba,0.0038156633429490957
Precuneus-R,823.3333,a50_an_ba,-0.05730940290666006
Precuneus-R,823.3333,a75_a50_an,0.07799234899257315
Precuneus-R,823.3333,a75_an_ba,0.020682946085913107
Precuneus-R,824.1667,a50_an_ba,-0.04884644568697438
Precuneus-R,824.1667,a75_a50_an,0.0845023628568158
Precuneus-R,824.1667,a75_an_ba,0.03565591716984142
Precuneus-R,825,a50_an_ba,-0.04136986050964717
Precuneus-R,825,a75_a50_an,0.08981704554761234
Precuneus-R,825,a75_an_ba,0.048447185037965156
Precuneus-R,825.8333,a50_an_ba,-0.034992378331645035
Precuneus-R,825.8333,a75_a50_an,0.09379451901876837
Precuneus-R,825.8333,a75_an_ba,0.05880214068712335
Precuneus-R,826.6667,a50_an_ba,-0.02980898980715094
Precuneus-R,826.6667,a75_a50_an,0.09631345246431708
Precuneus-R,826.6667,a75_an_ba,0.06650446265716616
Precuneus-R,827.5,a50_an_ba,-0.02589496108677531
Precuneus-R,827.5,a75_a50_an,0.09727599076353077
Precuneus-R,827.5,a75_an_ba,0.07138102967675546
Precuneus-R,828.3333,a50_an_ba,-0.023304179252912758
Precuneus-R,828.3333,a75_a50_an,0.0966103066873573
Precuneus-R,828.3333,a75_an_ba,0.07330612743444453
Precuneus-R,829.1667,a50_an_ba,-0.02206786759804328
Precuneus-R,829.1667,a75_a50_an,0.09427271550018396
Precuneus-R,829.1667,a75_an_ba,0.07220484790214064
Precuneus-R,830,a50_an_ba,-0.022193703715498475
Precuneus-R,830,a75_a50_an,0.09024929775976138
Precuneus-R,830,a75_an_ba,0.06805559404426292
Precuneus-R,830.8333,a50_an_ba,-0.023665365310960258
Precuneus-R,830.8333,a75_a50_an,0.08455698464171513
Precuneus-R,830.8333,a75_an_ba,0.06089161933075488
Precuneus-R,831.6667,a50_an_ba,-0.026442519934474218
Precuneus-R,831.6667,a75_a50_an,0.07724406984723238
Precuneus-R,831.6667,a75_an_ba,0.05080154991275816
Precuneus-R,832.5,a50_an_ba,-0.0304612656701217
Precuneus-R,832.5,a75_a50_an,0.06839012291548739
Precuneus-R,832.5,a75_an_ba,0.03792885724536572
Precuneus-R,833.3333,a50_an_ba,-0.03563502040838456
Precuneus-R,833.3333,a75_a50_an,0.05810529035098743
Precuneus-R,833.3333,a75_an_ba,0.022470269942602872
Precuneus-R,834.1667,a50_an_ba,-0.041855847876284505
Precuneus-R,834.1667,a75_a50_an,0.046528983160777394
Precuneus-R,834.1667,a75_an_ba,0.004673135284492922
Precuneus-R,835,a50_an_ba,-0.04899619932641216
Precuneus-R,835,a75_a50_an,0.03382796192879902
Precuneus-R,835,a75_an_ba,-0.015168237397613138
Precuneus-R,835.8333,a50_an_ba,-0.05691104089828101
Precuneus-R,835.8333,a75_a50_an,0.020193843171995653
Precuneus-R,835.8333,a75_an_ba,-0.03671719772628534
Precuneus-R,836.6667,a50_an_ba,-0.06544032836674031
Precuneus-R,836.6667,a75_a50_an,0.005840063153710232
Precuneus-R,836.6667,a75_an_ba,-0.059600265213030086
Precuneus-R,837.5,a50_an_ba,-0.07441178347205717
Precuneus-R,837.5,a75_a50_an,-0.009001652698841458
Precuneus-R,837.5,a75_an_ba,-0.08341343617089864
Precuneus-R,838.3332999999999,a50_an_ba,-0.08364391945698985
Precuneus-R,838.3332999999999,a75_a50_an,-0.024085255384788926
Precuneus-R,838.3332999999999,a75_an_ba,-0.10772917484177878
Precuneus-R,839.1667,a50_an_ba,-0.09294925796863383
Precuneus-R,839.1667,a75_a50_an,-0.03915470328758683
Precuneus-R,839.1667,a75_an_ba,-0.13210396125622068
Precuneus-R,840,a50_an_ba,-0.1021376752428869
Precuneus-R,840,a75_a50_an,-0.05394857984282525
Precuneus-R,840,a75_an_ba,-0.15608625508571217
Precuneus-R,840.8333,a50_an_ba,-0.11101981257484009
Precuneus-R,840.8333,a75_a50_an,-0.06820491169585259
Precuneus-R,840.8333,a75_an_ba,-0.1792247242706927
Precuneus-R,841.6667,a50_an_ba,-0.11941048455666824
Precuneus-R,841.6667,a75_a50_an,-0.08166609521781301
Precuneus-R,841.6667,a75_an_ba,-0.20107657977448123
Precuneus-R,842.5,a50_an_ba,-0.1271320184713678
Precuneus-R,842.5,a75_a50_an,-0.09408383515046621
Precuneus-R,842.5,a75_an_ba,-0.22121585362183402
Precuneus-R,843.3333,a50_an_ba,-0.13401745956853853
Precuneus-R,843.3333,a75_a50_an,-0.10522399699104212
Precuneus-R,843.3333,a75_an_ba,-0.23924145655958068
Precuneus-R,844.1667,a50_an_ba,-0.13991357968720067
Precuneus-R,844.1667,a75_a50_an,-0.11487127459403934
Precuneus-R,844.1667,a75_an_ba,-0.25478485428124
Precuneus-R,845,a50_an_ba,-0.14468363076832708
Precuneus-R,845,a75_a50_an,-0.12283357640015849
Precuneus-R,845,a75_an_ba,-0.26751720716848554
Precuneus-R,845.8333,a50_an_ba,-0.14820979012312954
Precuneus-R,845.8333,a75_a50_an,-0.12894603770160584
Precuneus-R,845.8333,a75_an_ba,-0.27715582782473536
Precuneus-R,846.6667,a50_an_ba,-0.15039525077118618
Precuneus-R,846.6667,a75_a50_an,-0.13307457237060177
Precuneus-R,846.6667,a75_an_ba,-0.2834698231417879
Precuneus-R,847.5,a50_an_ba,-0.15116591758809428
Precuneus-R,847.5,a75_a50_an,-0.13511888542148362
Precuneus-R,847.5,a75_an_ba,-0.28628480300957787
Precuneus-R,848.3333,a50_an_ba,-0.15047167823686777
Precuneus-R,848.3333,a75_a50_an,-0.13501487750996244
Precuneus-R,848.3333,a75_an_ba,-0.2854865557468302
Precuneus-R,849.1667000000001,a50_an_ba,-0.14828722671366112
Precuneus-R,849.1667000000001,a75_a50_an,-0.13273638381770086
Precuneus-R,849.1667000000001,a75_an_ba,-0.281023610531362
Precuneus-R,850,a50_an_ba,-0.14461242661648024
Precuneus-R,850,a75_a50_an,-0.12829620250990725
Precuneus-R,850,a75_an_ba,-0.2729086291263875
Precuneus-R,850.8333,a50_an_ba,-0.13947221073576585
Precuneus-R,850.8333,a75_a50_an,-0.12174638183748158
Precuneus-R,850.8333,a75_an_ba,-0.2612185925732474
Precuneus-R,851.6667,a50_an_ba,-0.13291602305549094
Precuneus-R,851.6667,a75_a50_an,-0.11317774970347295
Precuneus-R,851.6667,a75_an_ba,-0.24609377275896388
Precuneus-R,852.5,a50_an_ba,-0.1250168185304725
Precuneus-R,852.5,a75_a50_an,-0.10271868482295625
Precuneus-R,852.5,a75_an_ba,-0.22773550335342874
Precuneus-R,853.3333,a50_an_ba,-0.11586964486476521
Precuneus-R,853.3333,a75_a50_an,-0.090533144155805
Precuneus-R,853.3333,a75_an_ba,-0.20640278902057024
Precuneus-R,854.1667,a50_an_ba,-0.10558983876225089
Precuneus-R,854.1667,a75_a50_an,-0.07681797675285976
Precuneus-R,854.1667,a75_an_ba,-0.18240781551511065
Precuneus-R,855,a50_an_ba,-0.09431087657531792
Precuneus-R,855,a75_a50_an,-0.06179956919436344
Precuneus-R,855,a75_an_ba,-0.15611044576968136
Precuneus-R,855.8333,a50_an_ba,-0.0821819257812
Precuneus-R,855.8333,a75_a50_an,-0.045729882086707634
Precuneus-R,855.8333,a75_an_ba,-0.1279118078679076
Precuneus-R,856.6667,a50_an_ba,-0.06936514913240031
Precuneus-R,856.6667,a75_a50_an,-0.02888195030251091
Precuneus-R,856.6667,a75_an_ba,-0.09824709943491124
Precuneus-R,857.5,a50_an_ba,-0.05603281754828115
Precuneus-R,857.5,a75_a50_an,-0.011544931501990369
Precuneus-R,857.5,a75_an_ba,-0.06757774905027153
Precuneus-R,858.3333,a50_an_ba,-0.042364290758667926
Precuneus-R,858.3333,a75_a50_an,0.005981202311256034
Precuneus-R,858.3333,a75_an_ba,-0.03638308844741187
Precuneus-R,859.1667,a50_an_ba,-0.028542926327436463
Precuneus-R,859.1667,a75_a50_an,0.02339122710917156
Precuneus-R,859.1667,a75_an_ba,-0.005151699218264901
Precuneus-R,860,a50_an_ba,-0.01475297795600377
Precuneus-R,860,a75_a50_an,0.04038037368307042
Precuneus-R,860,a75_an_ba,0.025627395727066654
Precuneus-R,860.8333,a50_an_ba,-0.0011765429070212737
Precuneus-R,860.8333,a75_a50_an,0.0566500656409907
Precuneus-R,860.8333,a75_an_ba,0.05547352273396942
Precuneus-R,861.6667,a50_an_ba,0.012009383958433631
Precuneus-R,861.6667,a75_a50_an,0.07191357351419692
Precuneus-R,861.6667,a75_an_ba,0.08392295747263054
Precuneus-R,862.5,a50_an_ba,0.0246356955964632
Precuneus-R,862.5,a75_a50_an,0.08590147066552493
Precuneus-R,862.5,a75_an_ba,0.11053716626198815
Precuneus-R,863.3333,a50_an_ba,0.03654374838550101
Precuneus-R,863.3333,a75_a50_an,0.0983667798485051
Precuneus-R,863.3333,a75_an_ba,0.13491052823400612
Precuneus-R,864.1667,a50_an_ba,0.047587684311691435
Precuneus-R,864.1667,a75_a50_an,0.1090897047981043
Precuneus-R,864.1667,a75_an_ba,0.15667738910979573
Precuneus-R,865,a50_an_ba,0.057636462613869746
Precuneus-R,865,a75_a50_an,0.11788184904549782
Precuneus-R,865,a75_an_ba,0.17551831165936757
Precuneus-R,865.8333,a50_an_ba,0.06657557092428125
Precuneus-R,865.8333,a75_a50_an,0.12458983409353996
Precuneus-R,865.8333,a75_an_ba,0.1911654050178212
Precuneus-R,866.6667,a50_an_ba,0.07430839358571685
Precuneus-R,866.6667,a75_a50_an,0.1290982409716894
Precuneus-R,866.6667,a75_an_ba,0.20340663455740624
Precuneus-R,867.5,a50_an_ba,0.08075722276866514
Precuneus-R,867.5,a75_a50_an,0.13133181276953038
Precuneus-R,867.5,a75_an_ba,0.2120890355381955
Precuneus-R,868.3333,a50_an_ba,0.08586390606000648
Precuneus-R,868.3333,a75_a50_an,0.13125687074816705
Precuneus-R,868.3333,a75_an_ba,0.21712077680817354
Precuneus-R,869.1667,a50_an_ba,0.08959013215426258
Precuneus-R,869.1667,a75_a50_an,0.12888191273619692
Precuneus-R,869.1667,a75_an_ba,0.2184720448904595
Precuneus-R,870,a50_an_ba,0.0919173639621002
Precuneus-R,870,a75_a50_an,0.12425737939237953
Precuneus-R,870,a75_an_ba,0.2161747433544797
Precuneus-R,870.8333,a50_an_ba,0.09284643568047471
Precuneus-R,870.8333,a75_a50_an,0.11747459120146139
Precuneus-R,870.8333,a75_an_ba,0.21032102688193607
Precuneus-R,871.6667,a50_an_ba,0.09239683698106053
Precuneus-R,871.6667,a75_a50_an,0.10866387639212458
Precuneus-R,871.6667,a75_an_ba,0.2010607133731851
Precuneus-R,872.5,a50_an_ba,0.09060571332295031
Precuneus-R,872.5,a75_a50_an,0.09799192695177103
Precuneus-R,872.5,a75_an_ba,0.18859764027472134
Precuneus-R,873.3333,a50_an_ba,0.08752661635811075
Precuneus-R,873.3333,a75_a50_an,0.0856584361920097
Precuneus-R,873.3333,a75_an_ba,0.17318505255012046
Precuneus-R,874.1667,a50_an_ba,0.08322804237439532
Precuneus-R,874.1667,a75_a50_an,0.07189208653378502
Precuneus-R,874.1667,a75_an_ba,0.15512012890818033
Precuneus-R,875,a50_an_ba,0.07779179963836604
Precuneus-R,875,a75_a50_an,0.05694596999572706
Precuneus-R,875,a75_an_ba,0.13473776963409312
Precuneus-R,875.8333,a50_an_ba,0.0713112473142666
Precuneus-R,875.8333,a75_a50_an,0.04109253597557118
Precuneus-R,875.8333,a75_an_ba,0.11240378328983779
Precuneus-R,876.6667,a50_an_ba,0.06388944933072807
Precuneus-R,876.6667,a75_a50_an,0.024618171039981752
Precuneus-R,876.6667,a75_an_ba,0.08850762037070983
Precuneus-R,877.5,a50_an_ba,0.055637286156808574
Precuneus-R,877.5,a75_a50_an,0.007817523352411692
Precuneus-R,877.5,a75_an_ba,0.06345480950922028
Precuneus-R,878.3333,a50_an_ba,0.04667156597576185
Precuneus-R,878.3333,a75_a50_an,-0.009012310111489844
Precuneus-R,878.3333,a75_an_ba,0.03765925586427202
Precuneus-R,879.1667,a50_an_ba,0.037113174277184684
Precuneus-R,879.1667,a75_a50_an,-0.02557761241740807
Precuneus-R,879.1667,a75_an_ba,0.011535561859776588
Precuneus-R,880,a50_an_ba,0.027085297519797946
Precuneus-R,880,a75_a50_an,-0.04159377005954237
Precuneus-R,880,a75_an_ba,-0.014508472539744414
Precuneus-R,880.8333,a50_an_ba,0.01671175236368762
Precuneus-R,880.8333,a75_a50_an,-0.05679077157639381
Precuneus-R,880.8333,a75_an_ba,-0.040079019212706186
Precuneus-R,881.6667,a50_an_ba,0.006115447166785891
Precuneus-R,881.6667,a75_a50_an,-0.07091836690342496
Precuneus-R,881.6667,a75_an_ba,-0.06480291973663907
Precuneus-R,882.5,a50_an_ba,-0.004583002864711839
Precuneus-R,882.5,a75_a50_an,-0.08375078027222707
Precuneus-R,882.5,a75_an_ba,-0.0883337831369389
Precuneus-R,883.3333,a50_an_ba,-0.015266491128174723
Precuneus-R,883.3333,a75_a50_an,-0.09509087910351495
Precuneus-R,883.3333,a75_an_ba,-0.1103573702316897
Precuneus-R,884.1667,a50_an_ba,-0.025822455754707117
Precuneus-R,884.1667,a75_a50_an,-0.10477371311197234
Precuneus-R,884.1667,a75_an_ba,-0.13059616886667946
Precuneus-R,885,a50_an_ba,-0.036143732319185856
Precuneus-R,885,a75_a50_an,-0.11266935149271977
Precuneus-R,885,a75_an_ba,-0.1488130838119056
Precuneus-R,885.8333,a50_an_ba,-0.04612922469648085
Precuneus-R,885.8333,a75_a50_an,-0.11868496129749297
Precuneus-R,885.8333,a75_an_ba,-0.16481418599397382
Precuneus-R,886.6667,a50_an_ba,-0.055684400975555055
Precuneus-R,886.6667,a75_a50_an,-0.12276608660239836
Precuneus-R,886.6667,a75_an_ba,-0.17845048757795345
Precuneus-R,887.5,a50_an_ba,-0.06472162622205865
Precuneus-R,887.5,a75_a50_an,-0.12489710545803949
Precuneus-R,887.5,a75_an_ba,-0.18961873168009813
Precuneus-R,888.3333,a50_an_ba,-0.07316034815977437
Precuneus-R,888.3333,a75_a50_an,-0.1251008595156662
Precuneus-R,888.3333,a75_an_ba,-0.19826120767544061
Precuneus-R,889.1667,a50_an_ba,-0.08092715540933933
Precuneus-R,889.1667,a75_a50_an,-0.1234374692450459
Precuneus-R,889.1667,a75_an_ba,-0.2043646246543852
Precuneus-R,890,a50_an_ba,-0.0879557306873147
Precuneus-R,890,a75_a50_an,-0.12000236540296894
Precuneus-R,890,a75_an_ba,-0.20795809609028362
Precuneus-R,890.8333,a50_an_ba,-0.09418672326296909
Precuneus-R,890.8333,a75_a50_an,-0.11492358448191958
Precuneus-R,890.8333,a75_an_ba,-0.20911030774488867
Precuneus-R,891.6667,a50_an_ba,-0.09956756595304116
Precuneus-R,891.6667,a75_a50_an,-0.10835839188680137
Precuneus-R,891.6667,a75_an_ba,-0.2079259578398425
Precuneus-R,892.5,a50_an_ba,-0.10405226199199812
Precuneus-R,892.5,a75_a50_an,-0.10048931119617432
Precuneus-R,892.5,a75_an_ba,-0.2045415731881724
Precuneus-R,893.3333,a50_an_ba,-0.10760116626043105
Precuneus-R,893.3333,a75_a50_an,-0.09151965073606422
Precuneus-R,893.3333,a75_an_ba,-0.19912081699649528
Precuneus-R,894.1667,a50_an_ba,-0.11018078362692775
Precuneus-R,894.1667,a75_a50_an,-0.08166862954004252
Precuneus-R,894.1667,a75_an_ba,-0.19184941316697027
Precuneus-R,895,a50_an_ba,-0.11176360462504564
Precuneus-R,895,a75_a50_an,-0.07116621334405515
Precuneus-R,895,a75_an_ba,-0.18292981796910082
Precuneus-R,895.8333,a50_an_ba,-0.11232799543627515
Precuneus-R,895.8333,a75_a50_an,-0.060247777374098206
Precuneus-R,895.8333,a75_an_ba,-0.1725757728103734
Precuneus-R,896.6667,a50_an_ba,-0.111858155292676
Precuneus-R,896.6667,a75_a50_an,-0.049148716189505094
Precuneus-R,896.6667,a75_an_ba,-0.1610068714821811
Precuneus-R,897.5,a50_an_ba,-0.11034415007837384
Precuneus-R,897.5,a75_a50_an,-0.03809912166264136
Precuneus-R,897.5,a75_an_ba,-0.14844327174101515
Precuneus-R,898.3333,a50_an_ba,-0.10778202624017273
Precuneus-R,898.3333,a75_a50_an,-0.02731864828573457
Precuneus-R,898.3333,a75_an_ba,-0.1351006745259073
Precuneus-R,899.1667,a50_an_ba,-0.10417400426808524
Precuneus-R,899.1667,a75_a50_an,-0.017011680436661857
Precuneus-R,899.1667,a75_an_ba,-0.12118568470474712
Precuneus-R,900,a50_an_ba,-0.09952874613643416
Precuneus-R,900,a75_a50_an,-0.007362909107005755
Precuneus-R,900,a75_an_ba,-0.10689165524343987
Precuneus-R,900.8332999999999,a50_an_ba,-0.09386168636634523
Precuneus-R,900.8332999999999,a75_a50_an,0.0014665839448977545
Precuneus-R,900.8332999999999,a75_an_ba,-0.09239510242144747
Precuneus-R,901.6667,a50_an_ba,-0.0871954119394287
Precuneus-R,901.6667,a75_a50_an,0.009342648393856316
Precuneus-R,901.6667,a75_an_ba,-0.0778527635455724
Precuneus-R,902.5,a50_an_ba,-0.07956007231075195
Precuneus-R,902.5,a75_a50_an,0.016160721357396043
Precuneus-R,902.5,a75_an_ba,-0.0633993509533559
Precuneus-R,903.3333,a50_an_ba,-0.07099379737542154
Precuneus-R,903.3333,a75_a50_an,0.021847759982199493
Precuneus-R,903.3333,a75_an_ba,-0.04914603739322205
Precuneus-R,904.1667,a50_an_ba,-0.061543098559941535
Precuneus-R,904.1667,a75_a50_an,0.026363409973135146
Precuneus-R,904.1667,a75_an_ba,-0.03517968858680639
Precuneus-R,905,a50_an_ba,-0.05126322633987749
Precuneus-R,905,a75_a50_an,0.02970038694367923
Precuneus-R,905,a75_an_ba,-0.021562839396198245
Precuneus-R,905.8333,a50_an_ba,-0.04021845650915918
Precuneus-R,905.8333,a75_a50_an,0.03188406549929021
Precuneus-R,905.8333,a75_an_ba,-0.008334391009868974
Precuneus-R,906.6667,a50_an_ba,-0.028482277498568343
Precuneus-R,906.6667,a75_a50_an,0.03297128911045027
Precuneus-R,906.6667,a75_an_ba,0.00448901161188193
Precuneus-R,907.5,a50_an_ba,-0.016137451988623385
Precuneus-R,907.5,a75_a50_an,0.033048431678876077
Precuneus-R,907.5,a75_an_ba,0.016910979690252702
Precuneus-R,908.3333,a50_an_ba,-0.003275927984511595
Precuneus-R,908.3333,a75_a50_an,0.03222875884429244
Precuneus-R,908.3333,a75_an_ba,0.02895283085978085
Precuneus-R,909.1667,a50_an_ba,0.010001422612150795
Precuneus-R,909.1667,a75_a50_an,0.030649153130590922
Precuneus-R,909.1667,a75_an_ba,0.04065057574274172
Precuneus-R,910,a50_an_ba,0.02358525614617854
Precuneus-R,910,a75_a50_an,0.028466281623851942
Precuneus-R,910,a75_an_ba,0.05205153777003048
Precuneus-R,910.8333,a50_an_ba,0.03735841372273811
Precuneus-R,910.8333,a75_a50_an,0.02585229767742601
Precuneus-R,910.8333,a75_an_ba,0.06321071140016411
Precuneus-R,911.6667000000001,a50_an_ba,0.051196790503475295
Precuneus-R,911.6667000000001,a75_a50_an,0.022990178858203446
Precuneus-R,911.6667000000001,a75_an_ba,0.07418696936167872
Precuneus-R,912.5,a50_an_ba,0.06497042039330173
Precuneus-R,912.5,a75_a50_an,0.020068811737012148
Precuneus-R,912.5,a75_an_ba,0.08503923213031386
Precuneus-R,913.3333,a50_an_ba,0.07854477251927465
Precuneus-R,913.3333,a75_a50_an,0.017277939990996038
Precuneus-R,913.3333,a75_an_ba,0.09582271251027069
Precuneus-R,914.1667,a50_an_ba,0.09178224945934792
Precuneus-R,914.1667,a75_a50_an,0.014803095490019716
Precuneus-R,914.1667,a75_an_ba,0.10658534494936764
Precuneus-R,915,a50_an_ba,0.10454387067789057
Precuneus-R,915,a75_a50_an,0.012820632505996143
Precuneus-R,915,a75_an_ba,0.11736450318388672
Precuneus-R,915.8333,a50_an_ba,0.116691118251999
Precuneus-R,915.8333,a75_a50_an,0.011492982898864683
Precuneus-R,915.8333,a75_an_ba,0.12818410115086368
Precuneus-R,916.6667,a50_an_ba,0.12808791591483762
Precuneus-R,916.6667,a75_a50_an,0.01096424514379241
Precuneus-R,916.6667,a75_an_ba,0.13905216105863002
Precuneus-R,917.5,a50_an_ba,0.13860270688257514
Precuneus-R,917.5,a75_a50_an,0.011356212480314452
Precuneus-R,917.5,a75_an_ba,0.14995891936288958
Precuneus-R,918.3333,a50_an_ba,0.14811059104448102
Precuneus-R,918.3333,a75_a50_an,0.012764935454354661
Precuneus-R,918.3333,a75_an_ba,0.16087552649883569
Precuneus-R,919.1667,a50_an_ba,0.15649547804194916
Precuneus-R,919.1667,a75_a50_an,0.015257901912281026
Precuneus-R,919.1667,a75_an_ba,0.17175337995423018
Precuneus-R,920,a50_an_ba,0.16365220968426417
Precuneus-R,920,a75_a50_an,0.018871903367001296
Precuneus-R,920,a75_an_ba,0.18252411305126548
Precuneus-R,920.8333,a50_an_ba,0.1694886031665266
Precuneus-R,920.8333,a75_a50_an,0.02361164090832417
Precuneus-R,920.8333,a75_an_ba,0.19310024407485077
Precuneus-R,921.6667,a50_an_ba,0.17392736576191703
Precuneus-R,921.6667,a75_a50_an,0.02944910682946539
Precuneus-R,921.6667,a75_an_ba,0.2033764725913824
Precuneus-R,922.5,a50_an_ba,0.17690783212077066
Precuneus-R,922.5,a75_a50_an,0.03632376027359795
Precuneus-R,922.5,a75_an_ba,0.21323159239436862
Precuneus-R,923.3333,a50_an_ba,0.17838747705514757
Precuneus-R,923.3333,a75_a50_an,0.04414349687448567
Precuneus-R,923.3333,a75_an_ba,0.22253097392963325
Precuneus-R,924.1667,a50_an_ba,0.178343159719097
Precuneus-R,924.1667,a75_a50_an,0.05278639398986948
Precuneus-R,924.1667,a75_an_ba,0.23112955370896646
Precuneus-R,925,a50_an_ba,0.17677205937689636
Precuneus-R,925,a75_a50_an,0.062103195124214715
Precuneus-R,925,a75_an_ba,0.23887525450111105
Precuneus-R,925.8333,a50_an_ba,0.17369226841547106
Precuneus-R,925.8333,a75_a50_an,0.0719204799191753
Precuneus-R,925.8333,a75_an_ba,0.24561274833464636
Precuneus-R,926.6667,a50_an_ba,0.16914301480164642
Precuneus-R,926.6667,a75_a50_an,0.08204445004946234
Precuneus-R,926.6667,a75_an_ba,0.25118746485110877
Precuneus-R,927.5,a50_an_ba,0.16318449367744542
Precuneus-R,927.5,a75_a50_an,0.09226524686627612
Precuneus-R,927.5,a75_an_ba,0.2554497405437215
Precuneus-R,928.3333,a50_an_ba,0.15589729606663622
Precuneus-R,928.3333,a75_a50_an,0.10236170401318623
Precuneus-R,928.3333,a75_an_ba,0.25825900007982244
Precuneus-R,929.1667,a50_an_ba,0.14738143154811004
Precuneus-R,929.1667,a75_a50_an,0.11210642779136111
Precuneus-R,929.1667,a75_an_ba,0.25948785933947116
Precuneus-R,930,a50_an_ba,0.13775495103050395
Precuneus-R,930,a75_a50_an,0.12127109001473063
Precuneus-R,930,a75_an_ba,0.2590260410452346
Precuneus-R,930.8333,a50_an_ba,0.12715218521657215
Precuneus-R,930.8333,a75_a50_an,0.12963181265884005
Precuneus-R,930.8333,a75_an_ba,0.2567839978754122
Precuneus-R,931.6667,a50_an_ba,0.11572162374354591
Precuneus-R,931.6667,a75_a50_an,0.13697452089927611
Precuneus-R,931.6667,a75_an_ba,0.25269614464282203
Precuneus-R,932.5,a50_an_ba,0.10362346909066326
Precuneus-R,932.5,a75_a50_an,0.1431001412241518
Precuneus-R,932.5,a75_an_ba,0.24672361031481507
Precuneus-R,933.3333,a50_an_ba,0.09102690792252738
Precuneus-R,933.3333,a75_a50_an,0.14782952419448084
Precuneus-R,933.3333,a75_an_ba,0.23885643211700822
Precuneus-R,934.1667,a50_an_ba,0.07810715035888575
Precuneus-R,934.1667,a75_a50_an,0.15100797705753052
Precuneus-R,934.1667,a75_an_ba,0.22911512741641626
Precuneus-R,935,a50_an_ba,0.0650422945137968
Precuneus-R,935,a75_a50_an,0.15250929966951685
Precuneus-R,935,a75_an_ba,0.21755159418331363
Precuneus-R,935.8333,a50_an_ba,0.052010079333977464
Precuneus-R,935.8333,a75_a50_an,0.152239227875081
Precuneus-R,935.8333,a75_an_ba,0.20424930720905848
Precuneus-R,936.6667,a50_an_ba,0.03918459311623322
Precuneus-R,936.6667,a75_a50_an,0.15013820138499726
Precuneus-R,936.6667,a75_an_ba,0.18932279450123046
Precuneus-R,937.5,a50_an_ba,0.026733007955120576
Precuneus-R,937.5,a75_a50_an,0.14618338800427708
Precuneus-R,937.5,a75_an_ba,0.17291639595939765
Precuneus-R,938.3333,a50_an_ba,0.014812411654926855
Precuneus-R,938.3333,a75_a50_an,0.1403899124599183
Precuneus-R,938.3333,a75_an_ba,0.15520232411484516
Precuneus-R,939.1667,a50_an_ba,0.0035668082627657574
Precuneus-R,939.1667,a75_a50_an,0.1328112556944667
Precuneus-R,939.1667,a75_an_ba,0.13637806395723243
Precuneus-R,940,a50_an_ba,-0.006875643691526278
Precuneus-R,940,a75_a50_an,0.12353880893374482
Precuneus-R,940,a75_an_ba,0.11666316524221855
Precuneus-R,940.8333,a50_an_ba,-0.016405089919797323
Precuneus-R,940.8333,a75_a50_an,0.11270058569094407
Precuneus-R,940.8333,a75_an_ba,0.09629549577114675
Precuneus-R,941.6667,a50_an_ba,-0.024932076128979973
Precuneus-R,941.6667,a75_a50_an,0.10045911371126247
Precuneus-R,941.6667,a75_an_ba,0.07552703758228249
Precuneus-R,942.5,a50_an_ba,-0.032389227807743816
Precuneus-R,942.5,a75_a50_an,0.08700854726795697
Precuneus-R,942.5,a75_an_ba,0.05461931946021314
Precuneus-R,943.3333,a50_an_ba,-0.03873246940621342
Precuneus-R,943.3333,a75_a50_an,0.07257105777765187
Precuneus-R,943.3333,a75_an_ba,0.033838588371438424
Precuneus-R,944.1667,a50_an_ba,-0.04394174787231974
Precuneus-R,944.1667,a75_a50_an,0.05739257701477874
Precuneus-R,944.1667,a75_an_ba,0.013450829142459009
Precuneus-R,945,a50_an_ba,-0.04802123615867837
Precuneus-R,945,a75_a50_an,0.04173798190416175
Precuneus-R,945,a75_an_ba,-0.006283254254516632
Precuneus-R,945.8333,a50_an_ba,-0.05099900377932981
Precuneus-R,945.8333,a75_a50_an,0.025885822625511656
Precuneus-R,945.8333,a75_an_ba,-0.025113181153818165
Precuneus-R,946.6667,a50_an_ba,-0.05292615352012799
Precuneus-R,946.6667,a75_a50_an,0.010122706285505621
Precuneus-R,946.6667,a75_an_ba,-0.04280344723462238
Precuneus-R,947.5,a50_an_ba,-0.053875435714863924
Precuneus-R,947.5,a75_a50_an,-0.005262543535775501
Precuneus-R,947.5,a75_an_ba,-0.0591379792506394
Precuneus-R,948.3333,a50_an_ba,-0.05393936380389768
Precuneus-R,948.3333,a75_a50_an,-0.019984825659964206
Precuneus-R,948.3333,a75_an_ba,-0.0739241894638619
Precuneus-R,949.1667,a50_an_ba,-0.05322786689938196
Precuneus-R,949.1667,a75_a50_an,-0.0337686702825616
Precuneus-R,949.1667,a75_an_ba,-0.08699653718194358
Precuneus-R,950,a50_an_ba,-0.051865526499065465
Precuneus-R,950,a75_a50_an,-0.04635398993535989
Precuneus-R,950,a75_an_ba,-0.09821951643442536
Precuneus-R,950.8333,a50_an_ba,-0.04998845503497199
Precuneus-R,950.8333,a75_a50_an,-0.057501547385252476
Precuneus-R,950.8333,a75_an_ba,-0.10749000242022447
Precuneus-R,951.6667,a50_an_ba,-0.0477408833451783
Precuneus-R,951.6667,a75_a50_an,-0.06699802123792636
Precuneus-R,951.6667,a75_an_ba,-0.11473890458310466
Precuneus-R,952.5,a50_an_ba,-0.04527153217012746
Precuneus-R,952.5,a75_a50_an,-0.07466055847815822
Precuneus-R,952.5,a75_an_ba,-0.11993209064828568
Precuneus-R,953.3333,a50_an_ba,-0.0427298491808841
Precuneus-R,953.3333,a75_a50_an,-0.08034071409553165
Precuneus-R,953.3333,a75_an_ba,-0.12307056327641577
Precuneus-R,954.1667,a50_an_ba,-0.04026219766174607
Precuneus-R,954.1667,a75_a50_an,-0.08392769107317827
Precuneus-R,954.1667,a75_an_ba,-0.12418988873492434
Precuneus-R,955,a50_an_ba,-0.03800808564891046
Precuneus-R,955,a75_a50_an,-0.08535080906614206
Precuneus-R,955,a75_an_ba,-0.12335889471505253
Precuneus-R,955.8333,a50_an_ba,-0.03609652496915907
Precuneus-R,955.8333,a75_a50_an,-0.08458114673107213
Precuneus-R,955.8333,a75_an_ba,-0.1206776717002312
Precuneus-R,956.6667,a50_an_ba,-0.034642608173286606
Precuneus-R,956.6667,a75_a50_an,-0.08163232052078971
Precuneus-R,956.6667,a75_an_ba,-0.11627492869407634
Precuneus-R,957.5,a50_an_ba,-0.03374438781225737
Precuneus-R,957.5,a75_a50_an,-0.07656038142970983
Precuneus-R,957.5,a75_an_ba,-0.11030476924196718
Precuneus-R,958.3333,a50_an_ba,-0.03348013690398849
Precuneus-R,958.3333,a75_a50_an,-0.0694628302550238
Precuneus-R,958.3333,a75_an_ba,-0.10294296715901226
Precuneus-R,959.1667,a50_an_ba,-0.03390606187857582
Precuneus-R,959.1667,a75_a50_an,-0.060476771001368904
Precuneus-R,959.1667,a75_an_ba,-0.09438283287994474
Precuneus-R,960,a50_an_ba,-0.03505452991151171
Precuneus-R,960,a75_a50_an,-0.049776240681820544
Precuneus-R,960,a75_an_ba,-0.08483077059333226
Precuneus-R,960.8333,a50_an_ba,-0.03693286154546251
Precuneus-R,960.8333,a75_a50_an,-0.03756877154391957
Precuneus-R,960.8333,a75_an_ba,-0.07450163308938207
Precuneus-R,961.6667,a50_an_ba,-0.0395227270906348
Precuneus-R,961.6667,a75_a50_an,-0.024091258284722143
Precuneus-R,961.6667,a75_an_ba,-0.06361398537535697
Precuneus-R,962.5,a50_an_ba,-0.042780171748482546
Precuneus-R,962.5,a75_a50_an,-0.009605217749931174
Precuneus-R,962.5,a75_an_ba,-0.052385389498413724
Precuneus-R,963.3332999999999,a50_an_ba,-0.04663628002143093
Precuneus-R,963.3332999999999,a75_a50_an,0.0056084583876500555
Precuneus-R,963.3332999999999,a75_an_ba,-0.041027821633780846
Precuneus-R,964.1667,a50_an_ba,-0.050998475075512646
Precuneus-R,964.1667,a75_a50_an,0.021255146689163975
Precuneus-R,964.1667,a75_an_ba,-0.029743328386348654
Precuneus-R,965,a50_an_ba,-0.05575243365419892
Precuneus-R,965,a75_a50_an,0.03703241113055705
Precuneus-R,965,a75_an_ba,-0.01872002252364186
Precuneus-R,965.8333,a50_an_ba,-0.060764582250894754
Precuneus-R,965.8333,a75_a50_an,0.05263607307073569
Precuneus-R,965.8333,a75_an_ba,-0.008128509180159059
Precuneus-R,966.6667,a50_an_ba,-0.06588512588729566
Precuneus-R,966.6667,a75_a50_an,0.06776630370687033
Precuneus-R,966.6667,a75_an_ba,0.001881177819574661
Precuneus-R,967.5,a50_an_ba,-0.0709515473609215
Precuneus-R,967.5,a75_a50_an,0.08213361055209517
Precuneus-R,967.5,a75_an_ba,0.011182063191173668
Precuneus-R,968.3333,a50_an_ba,-0.0757925025495044
Precuneus-R,968.3333,a75_a50_an,0.09546459210503423
Precuneus-R,968.3333,a75_an_ba,0.01967208955552984
Precuneus-R,969.1667,a50_an_ba,-0.0802320266005378
Precuneus-R,969.1667,a75_a50_an,0.10750734024668634
Precuneus-R,969.1667,a75_an_ba,0.027275313646148536
Precuneus-R,970,a50_an_ba,-0.08409395687005913
Precuneus-R,970,a75_a50_an,0.1180363778713278
Precuneus-R,970,a75_an_ba,0.033942421001268645
Precuneus-R,970.8333,a50_an_ba,-0.0872064715460431
Precuneus-R,970.8333,a75_a50_an,0.12685702964952691
Precuneus-R,970.8333,a75_an_ba,0.039650558103483814
Precuneus-R,971.6667,a50_an_ba,-0.08940663819616743
Precuneus-R,971.6667,a75_a50_an,0.13380913639550204
Precuneus-R,971.6667,a75_an_ba,0.044402498199334596
Precuneus-R,972.5,a50_an_ba,-0.09054486416532108
Precuneus-R,972.5,a75_a50_an,0.1387700379827833
Precuneus-R,972.5,a75_an_ba,0.048225173817462226
Precuneus-R,973.3333,a50_an_ba,-0.09048914091041224
Precuneus-R,973.3333,a75_a50_an,0.1416567657951129
Precuneus-R,973.3333,a75_an_ba,0.05116762488470069
Precuneus-R,974.1667000000001,a50_an_ba,-0.08912897703759609
Precuneus-R,974.1667000000001,a75_a50_an,0.14242740295405412
Precuneus-R,974.1667000000001,a75_an_ba,0.05329842591645804
Precuneus-R,975,a50_an_ba,-0.08637891998141736
Precuneus-R,975,a75_a50_an,0.14108158864588652
Precuneus-R,975,a75_an_ba,0.05470266866446916
Precuneus-R,975.8333,a50_an_ba,-0.08218157385890423
Precuneus-R,975.8333,a75_a50_an,0.13766016137611642
Precuneus-R,975.8333,a75_an_ba,0.055478587517212186
Precuneus-R,976.6667,a50_an_ba,-0.07651003090993136
Precuneus-R,976.6667,a75_a50_an,0.13224395450133408
Precuneus-R,976.6667,a75_an_ba,0.05573392359140272
Precuneus-R,977.5,a50_an_ba,-0.06936964590837642
Precuneus-R,977.5,a75_a50_an,0.12495177551736923
Precuneus-R,977.5,a75_an_ba,0.055582129608992815
Precuneus-R,978.3333,a50_an_ba,-0.06079909675517168
Precuneus-R,978.3333,a75_a50_an,0.11593761792300263
Precuneus-R,978.3333,a75_an_ba,0.05513852116783093
Precuneus-R,979.1667,a50_an_ba,-0.05087068985654459
Precuneus-R,979.1667,a75_a50_an,0.10538717065247719
Precuneus-R,979.1667,a75_an_ba,0.0545164807959326
Precuneus-R,980,a50_an_ba,-0.03968988551974061
Precuneus-R,980,a75_a50_an,0.09351370472843513
Precuneus-R,980,a75_an_ba,0.05382381920869453
Precuneus-R,980.8333,a50_an_ba,-0.027394036101943395
Precuneus-R,980.8333,a75_a50_an,0.08055342961571693
Precuneus-R,980.8333,a75_an_ba,0.05315939351377356
Precuneus-R,981.6667,a50_an_ba,-0.014150347638183897
Precuneus-R,981.6667,a75_a50_an,0.06676042248451274
Precuneus-R,981.6667,a75_an_ba,0.05261007484632882
Precuneus-R,982.5,a50_an_ba,-1.5309374519981885e-4
Precuneus-R,982.5,a75_a50_an,0.05240124199517415
Precuneus-R,982.5,a75_an_ba,0.052248148249974334
Precuneus-R,983.3333,a50_an_ba,0.014379871662242494
Precuneus-R,983.3333,a75_a50_an,0.037749344126707524
Precuneus-R,983.3333,a75_an_ba,0.05212921578895002
Precuneus-R,984.1667,a50_an_ba,0.029211239310202884
Precuneus-R,984.1667,a75_a50_an,0.02307942087249645
Precuneus-R,984.1667,a75_an_ba,0.05229066018269934
Precuneus-R,985,a50_an_ba,0.04408892777585593
Precuneus-R,985,a75_a50_an,0.008661783265237666
Precuneus-R,985,a75_an_ba,0.0527507110410936
Precuneus-R,985.8333,a50_an_ba,0.058751231258953485
Precuneus-R,985.8333,a75_a50_an,-0.005243091827271657
Precuneus-R,985.8333,a75_an_ba,0.05350813943168183
Precuneus-R,986.6667,a50_an_ba,0.07293232575407704
Precuneus-R,986.6667,a75_a50_an,-0.018389736309519372
Precuneus-R,986.6667,a75_an_ba,0.054542589444557685
Precuneus-R,987.5,a50_an_ba,0.08636801720288728
Precuneus-R,987.5,a75_a50_an,-0.030552479133084353
Precuneus-R,987.5,a75_an_ba,0.05581553806980294
Precuneus-R,988.3333,a50_an_ba,0.09880160740309937
Precuneus-R,988.3333,a75_a50_an,-0.04152974989314655
Precuneus-R,988.3333,a75_an_ba,0.05727185750995283
Precuneus-R,989.1667,a50_an_ba,0.10998974832217111
Precuneus-R,989.1667,a75_a50_an,-0.05114781086596315
Precuneus-R,989.1667,a75_an_ba,0.05884193745620795
Precuneus-R,990,a50_an_ba,0.1197081531670494
Precuneus-R,990,a75_a50_an,-0.0592638438773872
Precuneus-R,990,a75_an_ba,0.060444309289662206
Precuneus-R,990.8333,a50_an_ba,0.12775703319255075
Precuneus-R,990.8333,a75_a50_an,-0.06576833316164014
Precuneus-R,990.8333,a75_an_ba,0.06198870003091063
Precuneus-R,991.6667,a50_an_ba,0.13396613282116837
Precuneus-R,991.6667,a75_a50_an,-0.07058670129869973
Precuneus-R,991.6667,a75_an_ba,0.06337943152246865
Precuneus-R,992.5,a50_an_ba,0.13819924216056606
Precuneus-R,992.5,a75_a50_an,-0.07368017204619644
Precuneus-R,992.5,a75_an_ba,0.06451907011436965
Precuneus-R,993.3333,a50_an_ba,0.1403580753392171
Precuneus-R,993.3333,a75_a50_an,-0.07504585103111654
Precuneus-R,993.3333,a75_an_ba,0.06531222430810057
Precuneus-R,994.1667,a50_an_ba,0.140385415068301
Precuneus-R,994.1667,a75_a50_an,-0.0747160324549926
Precuneus-R,994.1667,a75_an_ba,0.06566938261330839
Precuneus-R,995,a50_an_ba,0.13826743824933121
Precuneus-R,995,a75_a50_an,-0.07275675681308798
Precuneus-R,995,a75_an_ba,0.06551068143624322
Precuneus-R,995.8333,a50_an_ba,0.13403515399470922
Precuneus-R,995.8333,a75_a50_an,-0.06926566076333529
Precuneus-R,995.8333,a75_an_ba,0.06476949323137393
Precuneus-R,996.6667,a50_an_ba,0.12776490377338853
Precuneus-R,996.6667,a75_a50_an,-0.06436917535366056
Precuneus-R,996.6667,a75_an_ba,0.06339572841972797
Precuneus-R,997.5,a50_an_ba,0.11957789315221204
Precuneus-R,997.5,a75_a50_an,-0.058219142502681356
Precuneus-R,997.5,a75_an_ba,0.06135875064953068
Precuneus-R,998.3333,a50_an_ba,0.1096387453544837
Precuneus-R,998.3333,a75_a50_an,-0.05098893163784529
Precuneus-R,998.3333,a75_an_ba,0.058649813716638396
Precuneus-R,999.1667,a50_an_ba,0.09815308815297193
Precuneus-R,999.1667,a75_a50_an,-0.04286914847659956
Precuneus-R,999.1667,a75_an_ba,0.05528393967637238
Precuneus-R,1000,a50_an_ba,0.08536420698881159
Precuneus-R,1000,a75_a50_an,-0.03406303588453558
Precuneus-R,1000,a75_an_ba,0.051301171104276
Precuneus-R,1000.8333,a50_an_ba,0.0715488181873256
Precuneus-R,1000.8333,a75_a50_an,-0.024781672403950503
Precuneus-R,1000.8333,a75_an_ba,0.046767145783375125
Precuneus-R,1001.6666999999999,a50_an_ba,0.0570120362561229
Precuneus-R,1001.6666999999999,a75_a50_an,-0.015239077313115084
Precuneus-R,1001.6666999999999,a75_an_ba,0.04177295894300783
Precuneus-R,1002.5,a50_an_ba,0.042081628043538655
Precuneus-R,1002.5,a75_a50_an,-0.005647331902008454
Precuneus-R,1002.5,a75_an_ba,0.0364342961415302
Precuneus-R,1003.3333,a50_an_ba,0.027101663573563042
Precuneus-R,1003.3333,a75_a50_an,0.0037881749603681427
Precuneus-R,1003.3333,a75_an_ba,0.030889838533931173
Precuneus-R,1004.1667000000001,a50_an_ba,0.012425688258687088
Precuneus-R,1004.1667000000001,a75_a50_an,0.012873272878188461
Precuneus-R,1004.1667000000001,a75_an_ba,0.02529896113687556
Precuneus-R,1004.9999999999999,a50_an_ba,-0.0015904464313270148
Precuneus-R,1004.9999999999999,a75_a50_an,0.021429209761376206
Precuneus-R,1004.9999999999999,a75_an_ba,0.01983876333004921
Precuneus-R,1005.8332999999999,a50_an_ba,-0.014595947202134099
Precuneus-R,1005.8332999999999,a75_a50_an,0.02929643595060452
Precuneus-R,1005.8332999999999,a75_an_ba,0.014700488748470453
Precuneus-R,1006.6667,a50_an_ba,-0.026252484918753836
Precuneus-R,1006.6667,a75_a50_an,0.036337893392472696
Precuneus-R,1006.6667,a75_an_ba,0.01008540847371885
Precuneus-R,1007.5000000000001,a50_an_ba,-0.03624148591988003
Precuneus-R,1007.5000000000001,a75_a50_an,0.042441742515418567
Precuneus-R,1007.5000000000001,a75_an_ba,0.006200256595538531
Precuneus-R,1008.3333000000001,a50_an_ba,-0.044271152317897675
Precuneus-R,1008.3333000000001,a75_a50_an,0.04752347271549473
Precuneus-R,1008.3333000000001,a75_an_ba,0.003252320397597052
Precuneus-R,1009.1667,a50_an_ba,-0.05008305840088315
Precuneus-R,1009.1667,a75_a50_an,0.05152735667630941
Precuneus-R,1009.1667,a75_an_ba,0.0014442982754262611
Precuneus-R,1010,a50_an_ba,-0.053458177061671115
Precuneus-R,1010,a75_a50_an,0.05442722378986781
Precuneus-R,1010,a75_an_ba,9.690467281966679e-4
Precuneus-R,1010.8333,a50_an_ba,-0.05422220022524947
Precuneus-R,1010.8333,a75_a50_an,0.0562265433727565
Precuneus-R,1010.8333,a75_an_ba,0.0020043431475070274
Precuneus-R,1011.6666999999999,a50_an_ba,-0.052250030346001494
Precuneus-R,1011.6666999999999,a75_a50_an,0.05695782383789329
Precuneus-R,1011.6666999999999,a75_an_ba,0.0047077934918917826
Precuneus-R,1012.5,a50_an_ba,-0.047469335949319846
Precuneus-R,1012.5,a75_a50_an,0.05668134914200524
Precuneus-R,1012.5,a75_an_ba,0.00921201319268541
Precuneus-R,1013.3333,a50_an_ba,-0.03986308258173402
Precuneus-R,1013.3333,a75_a50_an,0.05548328834955634
Precuneus-R,1013.3333,a75_an_ba,0.015620205767822299
Precuneus-R,1014.1667000000001,a50_an_ba,-0.02947097103747157
Precuneus-R,1014.1667000000001,a75_a50_an,0.05347322771950983
Precuneus-R,1014.1667000000001,a75_an_ba,0.02400225668203827
Precuneus-R,1014.9999999999999,a50_an_ba,-0.016389736924163126
Precuneus-R,1014.9999999999999,a75_a50_an,0.050781187041544905
Precuneus-R,1014.9999999999999,a75_an_ba,0.03439145011738179
Precuneus-R,1015.8332999999999,a50_an_ba,-7.722890534213053e-4
Precuneus-R,1015.8332999999999,a75_a50_an,0.04755419276351492
Precuneus-R,1015.8332999999999,a75_an_ba,0.0467819037100936
Precuneus-R,1016.6667,a50_an_ba,0.017174311701118168
Precuneus-R,1016.6667,a75_a50_an,0.043952489539146454
Precuneus-R,1016.6667,a75_an_ba,0.061126801240264636
Precuneus-R,1017.5000000000001,a50_an_ba,0.0371920070590534
Precuneus-R,1017.5000000000001,a75_a50_an,0.04014547900232603
Precuneus-R,1017.5000000000001,a75_an_ba,0.07733748606137944
Precuneus-R,1018.3333000000001,a50_an_ba,0.05897597940907135
Precuneus-R,1018.3333000000001,a75_a50_an,0.036307479704767824
Precuneus-R,1018.3333000000001,a75_an_ba,0.09528345911383918
Precuneus-R,1019.1667,a50_an_ba,0.08217989996339238
Precuneus-R,1019.1667,a75_a50_an,0.03261340514743951
Precuneus-R,1019.1667,a75_an_ba,0.11479330511083187
Precuneus-R,1020,a50_an_ba,0.10642209173002226
Precuneus-R,1020,a75_a50_an,0.02923445765178659
Precuneus-R,1020,a75_an_ba,0.13565654938180885
Precuneus-R,1020.8333,a50_an_ba,0.13129249193556222
Precuneus-R,1020.8333,a75_a50_an,0.02633393446230975
Precuneus-R,1020.8333,a75_an_ba,0.15762642639787194
Precuneus-R,1021.6666999999999,a50_an_ba,0.15636028068288751
Precuneus-R,1021.6666999999999,a75_a50_an,0.024063239003525715
Precuneus-R,1021.6666999999999,a75_an_ba,0.18042351968641324
Precuneus-R,1022.5,a50_an_ba,0.1811820274374221
Precuneus-R,1022.5,a75_a50_an,0.022558184734205584
Precuneus-R,1022.5,a75_an_ba,0.2037402121716277
Precuneus-R,1023.3333,a50_an_ba,0.20531019474803106
Precuneus-R,1023.3333,a75_a50_an,0.02193567169592375
Precuneus-R,1023.3333,a75_an_ba,0.2272458664439548
Precuneus-R,1024.1667,a50_an_ba,0.22830182970623944
Precuneus-R,1024.1667,a75_a50_an,0.022290806826800975
Precuneus-R,1024.1667,a75_an_ba,0.2505926365330404
Precuneus-R,1025,a50_an_ba,0.249727268243289
Precuneus-R,1025,a75_a50_an,0.023694528625402517
Precuneus-R,1025,a75_an_ba,0.2734217968686915
Precuneus-R,1025.8333,a50_an_ba,0.26917867559770436
Precuneus-R,1025.8333,a75_a50_an,0.026191785053975528
Precuneus-R,1025.8333,a75_an_ba,0.2953704606516799
Precuneus-R,1026.6667,a50_an_ba,0.2862782482174337
Precuneus-R,1026.6667,a75_a50_an,0.029800300937891832
Precuneus-R,1026.6667,a75_an_ba,0.3160785491553255
Precuneus-R,1027.5,a50_an_ba,0.3006859079720962
Precuneus-R,1027.5,a75_a50_an,0.034509957840215585
Precuneus-R,1027.5,a75_an_ba,0.3351958658123118
Precuneus-R,1028.3332999999998,a50_an_ba,0.3121063287450237
Precuneus-R,1028.3332999999998,a75_a50_an,0.04028279576702765
Precuneus-R,1028.3332999999998,a75_an_ba,0.35238912451205134
Precuneus-R,1029.1667,a50_an_ba,0.320295148076221
Precuneus-R,1029.1667,a75_a50_an,0.04705363239543884
Precuneus-R,1029.1667,a75_an_ba,0.36734878047165986
Precuneus-R,1030,a50_an_ba,0.325064232287041
Precuneus-R,1030,a75_a50_an,0.054731282112375663
Precuneus-R,1030,a75_an_ba,0.37979551439941667
Precuneus-R,1030.8333,a50_an_ba,0.3262858821169501
Precuneus-R,1030.8333,a75_a50_an,0.06320034429948714
Precuneus-R,1030.8333,a75_an_ba,0.38948622641643726
Precuneus-R,1031.6667,a50_an_ba,0.32389588696165683
Precuneus-R,1031.6667,a75_a50_an,0.07232351827193718
Precuneus-R,1031.6667,a75_an_ba,0.396219405233594
Precuneus-R,1032.5,a50_an_ba,0.31789535888528575
Precuneus-R,1032.5,a75_a50_an,0.08194439132847835
Precuneus-R,1032.5,a75_an_ba,0.3998397502137641
Precuneus-R,1033.3333,a50_an_ba,0.3083513022071733
Precuneus-R,1033.3333,a75_a50_an,0.09189063672144417
Precuneus-R,1033.3333,a75_an_ba,0.4002419389286174
Precuneus-R,1034.1667000000002,a50_an_ba,0.29539590012161515
Precuneus-R,1034.1667000000002,a75_a50_an,0.10197755020034853
Precuneus-R,1034.1667000000002,a75_an_ba,0.3973734503219637
Precuneus-R,1035,a50_an_ba,0.27922452595787867
Precuneus-R,1035,a75_a50_an,0.1120118472777535
Precuneus-R,1035,a75_an_ba,0.39123637323563215
Precuneus-R,1035.8333,a50_an_ba,0.2600925127776257
Precuneus-R,1035.8333,a75_a50_an,0.1217956386283759
Precuneus-R,1035.8333,a75_an_ba,0.38188815140600163
Precuneus-R,1036.6667,a50_an_ba,0.23831074048640893
Precuneus-R,1036.6667,a75_a50_an,0.13113049813851277
Precuneus-R,1036.6667,a75_an_ba,0.3694412386249217
Precuneus-R,1037.5,a50_an_ba,0.2142401239660275
Precuneus-R,1037.5,a75_a50_an,0.13982153710732492
Precuneus-R,1037.5,a75_an_ba,0.35406166107335246
Precuneus-R,1038.3333,a50_an_ba,0.18828510839931245
Precuneus-R,1038.3333,a75_a50_an,0.14768139895714172
Precuneus-R,1038.3333,a75_an_ba,0.33596650735645417
Precuneus-R,1039.1667,a50_an_ba,0.1608862984769047
Precuneus-R,1039.1667,a75_a50_an,0.1545340914882108
Precuneus-R,1039.1667,a75_an_ba,0.3154203899651155
Precuneus-R,1040,a50_an_ba,0.13251236611028608
Precuneus-R,1040,a75_a50_an,0.16021857812686663
Precuneus-R,1040,a75_an_ba,0.29273094423715273
Precuneus-R,1040.8333,a50_an_ba,0.1036513962448904
Precuneus-R,1040.8333,a75_a50_an,0.16459205564057028
Precuneus-R,1040.8333,a75_an_ba,0.26824345188546067
Precuneus-R,1041.6667,a50_an_ba,0.0748018420519832
Precuneus-R,1041.6667,a75_a50_an,0.1675328532716641
Precuneus-R,1041.6667,a75_an_ba,0.24233469532364732
Precuneus-R,1042.5,a50_an_ba,0.046463268928884964
Precuneus-R,1042.5,a75_a50_an,0.16894289698745021
Precuneus-R,1042.5,a75_an_ba,0.21540616591633518
Precuneus-R,1043.3333,a50_an_ba,0.019127071179274664
Precuneus-R,1043.3333,a75_a50_an,0.1687496923470568
Precuneus-R,1043.3333,a75_an_ba,0.18787676352633148
Precuneus-R,1044.1667,a50_an_ba,-0.006732654116748477
Precuneus-R,1044.1667,a75_a50_an,0.16690779011554235
Precuneus-R,1044.1667,a75_an_ba,0.16017513599879388
Precuneus-R,1045,a50_an_ba,-0.030667894714046247
Precuneus-R,1045,a75_a50_an,0.16339970996958048
Precuneus-R,1045,a75_an_ba,0.13273181525553426
Precuneus-R,1045.8333,a50_an_ba,-0.05226499789953634
Precuneus-R,1045.8333,a75_a50_an,0.15823630918543324
Precuneus-R,1045.8333,a75_an_ba,0.1059713112858969
Precuneus-R,1046.6667,a50_an_ba,-0.0711522684180827
Precuneus-R,1046.6667,a75_a50_an,0.1514565948252562
Precuneus-R,1046.6667,a75_an_ba,0.0803043264071735
Precuneus-R,1047.5,a50_an_ba,-0.08700673969152962
Precuneus-R,1047.5,a75_a50_an,0.14312698939190244
Precuneus-R,1047.5,a75_an_ba,0.05612024970037283
Precuneus-R,1048.3333,a50_an_ba,-0.09955998540425245
Precuneus-R,1048.3333,a75_a50_an,0.13334007096424166
Precuneus-R,1048.3333,a75_an_ba,0.033780085559989216
Precuneus-R,1049.1667,a50_an_ba,-0.10860285826482824
Precuneus-R,1049.1667,a75_a50_an,0.12221281922743357
Precuneus-R,1049.1667,a75_an_ba,0.013609960962605323
Precuneus-R,1050,a50_an_ba,-0.11398906479918496
Precuneus-R,1050,a75_a50_an,0.10988440836744902
Precuneus-R,1050,a75_an_ba,-0.004104656431735916
Precuneus-R,1050.8333,a50_an_ba,-0.11563750891941835
Precuneus-R,1050.8333,a75_a50_an,0.09651359632125406
Precuneus-R,1050.8333,a75_an_ba,-0.019123912598164268
Precuneus-R,1051.6667,a50_an_ba,-0.11353336223957607
Precuneus-R,1051.6667,a75_a50_an,0.08227576720473061
Precuneus-R,1051.6667,a75_an_ba,-0.03125759503484543
Precuneus-R,1052.5,a50_an_ba,-0.10772784514298817
Precuneus-R,1052.5,a75_a50_an,0.06735968975084254
Precuneus-R,1052.5,a75_an_ba,-0.040368155392145624
Precuneus-R,1053.3333,a50_an_ba,-0.09833672889668507
Precuneus-R,1053.3333,a75_a50_an,0.05196405918296408
Precuneus-R,1053.3333,a75_an_ba,-0.04637266971372099
Precuneus-R,1054.1667,a50_an_ba,-0.08553759510490548
Precuneus-R,1054.1667,a75_a50_an,0.03629389305859823
Precuneus-R,1054.1667,a75_an_ba,-0.04924370204630724
Precuneus-R,1055,a50_an_ba,-0.06956591395073687
Precuneus-R,1055,a75_a50_an,0.020556853216063847
Precuneus-R,1055,a75_an_ba,-0.04900906073467303
Precuneus-R,1055.8333,a50_an_ba,-0.05071002646725521
Precuneus-R,1055.8333,a75_a50_an,0.0049595660437546955
Precuneus-R,1055.8333,a75_an_ba,-0.045750460423500505
Precuneus-R,1056.6667,a50_an_ba,-0.029305138012285997
Precuneus-R,1056.6667,a75_a50_an,-0.01029598809637909
Precuneus-R,1056.6667,a75_an_ba,-0.039601126108665084
Precuneus-R,1057.5,a50_an_ba,-0.005726449740500173
Precuneus-R,1057.5,a75_a50_an,-0.02501594825644279
Precuneus-R,1057.5,a75_an_ba,-0.03074239799694296
Precuneus-R,1058.3333,a50_an_ba,0.019618428229993285
Precuneus-R,1058.3333,a75_a50_an,-0.039017845177823314
Precuneus-R,1058.3333,a75_an_ba,-0.01939941694783003
Precuneus-R,1059.1667,a50_an_ba,0.04629762441596584
Precuneus-R,1059.1667,a75_a50_an,-0.0521336138359365
Precuneus-R,1059.1667,a75_an_ba,-0.005835989419970653
Precuneus-R,1060,a50_an_ba,0.07386354628539984
Precuneus-R,1060,a75_a50_an,-0.06421229399308274
Precuneus-R,1060,a75_an_ba,0.00965125229231712
Precuneus-R,1060.8333,a50_an_ba,0.10186163828153899
Precuneus-R,1060.8333,a75_a50_an,-0.07512237374540243
Precuneus-R,1060.8333,a75_an_ba,0.026739264536136554
Precuneus-R,1061.6667,a50_an_ba,0.12983917925265312
Precuneus-R,1061.6667,a75_a50_an,-0.08475373901229638
Precuneus-R,1061.6667,a75_an_ba,0.045085440240356746
Precuneus-R,1062.5,a50_an_ba,0.15735394141642767
Precuneus-R,1062.5,a75_a50_an,-0.09301920040909242
Precuneus-R,1062.5,a75_an_ba,0.06433474100733522
Precuneus-R,1063.3333,a50_an_ba,0.18398253711254722
Precuneus-R,1063.3333,a75_a50_an,-0.0998555777750825
Precuneus-R,1063.3333,a75_an_ba,0.08412695933746468
Precuneus-R,1064.1667,a50_an_ba,0.20932828730834943
Precuneus-R,1064.1667,a75_a50_an,-0.10522433160731919
Precuneus-R,1064.1667,a75_an_ba,0.10410395570103022
Precuneus-R,1065,a50_an_ba,0.23302845693784965
Precuneus-R,1065,a75_a50_an,-0.10911173958692928
Precuneus-R,1065,a75_an_ba,0.12391671735092036
Precuneus-R,1065.8333,a50_an_ba,0.2547607164197059
Precuneus-R,1065.8333,a75_a50_an,-0.11152862509736094
Precuneus-R,1065.8333,a75_an_ba,0.14323209132234493
Precuneus-R,1066.6667,a50_an_ba,0.27424870579536614
Precuneus-R,1066.6667,a75_a50_an,-0.11250965295230869
Precuneus-R,1066.6667,a75_an_ba,0.16173905284305745
Precuneus-R,1067.5,a50_an_ba,0.2912665974768011
Precuneus-R,1067.5,a75_a50_an,-0.11211221531881857
Precuneus-R,1067.5,a75_an_ba,0.1791543821579825
Precuneus-R,1068.3333,a50_an_ba,0.3056425751661087
Precuneus-R,1068.3333,a75_a50_an,-0.11041493789915137
Precuneus-R,1068.3333,a75_an_ba,0.19522763726695738
Precuneus-R,1069.1667,a50_an_ba,0.31726116963885126
Precuneus-R,1069.1667,a75_a50_an,-0.10751584270454678
Precuneus-R,1069.1667,a75_an_ba,0.20974532693430445
Precuneus-R,1070,a50_an_ba,0.3260644162709444
Precuneus-R,1070,a75_a50_an,-0.10353020911730208
Precuneus-R,1070,a75_an_ba,0.2225342071536423
Precuneus-R,1070.8333,a50_an_ba,0.3320518239178692
Precuneus-R,1070.8333,a75_a50_an,-0.09858817932031656
Precuneus-R,1070.8333,a75_an_ba,0.2334636445975526
Precuneus-R,1071.6667,a50_an_ba,0.3352791694996246
Precuneus-R,1071.6667,a75_a50_an,-0.09283215752472009
Precuneus-R,1071.6667,a75_an_ba,0.24244701197490454
Precuneus-R,1072.5,a50_an_ba,0.33585615688286985
Precuneus-R,1072.5,a75_a50_an,-0.08641405471945758
Precuneus-R,1072.5,a75_an_ba,0.2494421021634123
Precuneus-R,1073.3333,a50_an_ba,0.33394300187588194
Precuneus-R,1073.3333,a75_a50_an,-0.07949243189849524
Precuneus-R,1073.3333,a75_an_ba,0.2544505699773867
Precuneus-R,1074.1667,a50_an_ba,0.3297460268798018
Precuneus-R,1074.1667,a75_a50_an,-0.07222959491063452
Precuneus-R,1074.1667,a75_an_ba,0.2575164319691673
Precuneus-R,1075,a50_an_ba,0.323512368524625
Precuneus-R,1075,a75_a50_an,-0.06478869326416271
Precuneus-R,1075,a75_an_ba,0.25872367526046225
Precuneus-R,1075.8333,a50_an_ba,0.31552391905837934
Precuneus-R,1075.8333,a75_a50_an,-0.057330873462788846
Precuneus-R,1075.8333,a75_an_ba,0.2581930455955905
Precuneus-R,1076.6667,a50_an_ba,0.3060906370043759
Precuneus-R,1076.6667,a75_a50_an,-0.050012534827225764
Precuneus-R,1076.6667,a75_an_ba,0.25607810217715016
Precuneus-R,1077.5,a50_an_ba,0.29554337436528216
Precuneus-R,1077.5,a75_a50_an,-0.04298273235855522
Precuneus-R,1077.5,a75_an_ba,0.25256064200672695
Precuneus-R,1078.3333,a50_an_ba,0.2842263762118228
Precuneus-R,1078.3333,a75_a50_an,-0.0363807671280426
Precuneus-R,1078.3333,a75_an_ba,0.2478456090837802
Precuneus-R,1079.1667,a50_an_ba,0.2724896136949395
Precuneus-R,1079.1667,a75_a50_an,-0.03033400004363055
Precuneus-R,1079.1667,a75_an_ba,0.24215561365130892
Precuneus-R,1080,a50_an_ba,0.26068111328403304
Precuneus-R,1080,a75_a50_an,-0.024955919763205738
Precuneus-R,1080,a75_an_ba,0.2357251935208273
Precuneus-R,1080.8333,a50_an_ba,0.24913944335431273
Precuneus-R,1080.8333,a75_a50_an,-0.020344490117886947
Precuneus-R,1080.8333,a75_an_ba,0.22879495323642576
Precuneus-R,1081.6667,a50_an_ba,0.23818651419088105
Precuneus-R,1081.6667,a75_a50_an,-0.01658079679439223
Precuneus-R,1081.6667,a75_an_ba,0.22160571739648885
Precuneus-R,1082.5,a50_an_ba,0.22812083918515275
Precuneus-R,1082.5,a75_a50_an,-0.01372800732031167
Precuneus-R,1082.5,a75_an_ba,0.2143928318648411
Precuneus-R,1083.3333,a50_an_ba,0.2192113936769265
Precuneus-R,1083.3333,a75_a50_an,-0.011830652710987224
Precuneus-R,1083.3333,a75_an_ba,0.20738074096593928
Precuneus-R,1084.1667,a50_an_ba,0.21169219381222193
Precuneus-R,1084.1667,a75_a50_an,-0.010914233574686464
Precuneus-R,1084.1667,a75_an_ba,0.20077796023753547
Precuneus-R,1085,a50_an_ba,0.20575770126859963
Precuneus-R,1085,a75_a50_an,-0.010985148128351467
Precuneus-R,1085,a75_an_ba,0.19477255314024816
Precuneus-R,1085.8333,a50_an_ba,0.2015591411201146
Precuneus-R,1085.8333,a75_a50_an,-0.012030934531708554
Precuneus-R,1085.8333,a75_an_ba,0.18952820658840605
Precuneus-R,1086.6667,a50_an_ba,0.19920179988821843
Precuneus-R,1086.6667,a75_a50_an,-0.014020815274294999
Precuneus-R,1086.6667,a75_an_ba,0.18518098461392343
Precuneus-R,1087.5,a50_an_ba,0.1987433493980432
Precuneus-R,1087.5,a75_a50_an,-0.01690652710534246
Precuneus-R,1087.5,a75_an_ba,0.18183682229270076
Precuneus-R,1088.3333,a50_an_ba,0.200193219898454
Precuneus-R,1088.3333,a75_a50_an,-0.020623416225497865
Precuneus-R,1088.3333,a75_an_ba,0.17956980367295614
Precuneus-R,1089.1667,a50_an_ba,0.20351302348622535
Precuneus-R,1089.1667,a75_a50_an,-0.02509177519308047
Precuneus-R,1089.1667,a75_an_ba,0.17842124829314487
Precuneus-R,1090,a50_an_ba,0.20861800667788402
Precuneus-R,1090,a75_a50_an,-0.030218395254728466
Precuneus-R,1090,a75_an_ba,0.17839961142315555
Precuneus-R,1090.8332999999998,a50_an_ba,0.21537948946511584
Precuneus-R,1090.8332999999998,a75_a50_an,-0.035898305597050706
Precuneus-R,1090.8332999999998,a75_an_ba,0.1794811838680651
Precuneus-R,1091.6667,a50_an_ba,0.22362822781967612
Precuneus-R,1091.6667,a75_a50_an,-0.042016669327659205
Precuneus-R,1091.6667,a75_an_ba,0.1816115584920169
Precuneus-R,1092.5,a50_an_ba,0.2331586178007674
Precuneus-R,1092.5,a75_a50_an,-0.048450804815951126
Precuneus-R,1092.5,a75_an_ba,0.18470781298481628
Precuneus-R,1093.3333,a50_an_ba,0.2437336425432171
Precuneus-R,1093.3333,a75_a50_an,-0.055072300333146494
Precuneus-R,1093.3333,a75_an_ba,0.1886613422100706
Precuneus-R,1094.1667,a50_an_ba,0.25509044880455783
Precuneus-R,1094.1667,a75_a50_an,-0.061749189697499894
Precuneus-R,1094.1667,a75_an_ba,0.19334125910705793
Precuneus-R,1095,a50_an_ba,0.2669464277066076
Precuneus-R,1095,a75_a50_an,-0.06834815681887221
Precuneus-R,1095,a75_an_ba,0.19859827088773538
Precuneus-R,1095.8333,a50_an_ba,0.27900566504857344
Precuneus-R,1095.8333,a75_a50_an,-0.07473673760846304
Precuneus-R,1095.8333,a75_an_ba,0.20426892744011038
Precuneus-R,1096.6667000000002,a50_an_ba,0.29096562025749567
Precuneus-R,1096.6667000000002,a75_a50_an,-0.08078548863357178
Precuneus-R,1096.6667000000002,a75_an_ba,0.21018013162392393
Precuneus-R,1097.5,a50_an_ba,0.30252388977764283
Precuneus-R,1097.5,a75_a50_an,-0.08637009311285386
Precuneus-R,1097.5,a75_an_ba,0.21615379666478898
Precuneus-R,1098.3333,a50_an_ba,0.31338491051610473
Precuneus-R,1098.3333,a75_a50_an,-0.09137337632454752
Precuneus-R,1098.3333,a75_an_ba,0.22201153419155722
Precuneus-R,1099.1667,a50_an_ba,0.3232664618244229
Precuneus-R,1099.1667,a75_a50_an,-0.09568720420075523
Precuneus-R,1099.1667,a75_an_ba,0.2275792576236677
Precuneus-R,1100,a50_an_ba,0.3319058303085819
Precuneus-R,1100,a75_a50_an,-0.0992142407704593
Precuneus-R,1100,a75_an_ba,0.2326915895381226
Precuneus-R,1100.8333,a50_an_ba,0.33906551036293126
Precuneus-R,1100.8333,a75_a50_an,-0.10186954216204576
Precuneus-R,1100.8333,a75_an_ba,0.23719596820088548
Precuneus-R,1101.6667,a50_an_ba,0.3445383245014579
Precuneus-R,1101.6667,a75_a50_an,-0.10358196705640407
Precuneus-R,1101.6667,a75_an_ba,0.24095635744505378
Precuneus-R,1102.5,a50_an_ba,0.3481518610441361
Precuneus-R,1102.5,a75_a50_an,-0.10429538577288276
Precuneus-R,1102.5,a75_an_ba,0.24385647527125331
Precuneus-R,1103.3333,a50_an_ba,0.34977214219290015
Precuneus-R,1103.3333,a75_a50_an,-0.1039696725558142
Precuneus-R,1103.3333,a75_an_ba,0.24580246963708596
Precuneus-R,1104.1667,a50_an_ba,0.34930645264909904
Precuneus-R,1104.1667,a75_a50_an,-0.10258146809641688
Precuneus-R,1104.1667,a75_an_ba,0.24672498455268213
Precuneus-R,1105,a50_an_ba,0.34670527729986866
Precuneus-R,1105,a75_a50_an,-0.10012470186531926
Precuneus-R,1105,a75_an_ba,0.24658057543454942
Precuneus-R,1105.8333,a50_an_ba,0.3419633157309171
Precuneus-R,1105.8333,a75_a50_an,-0.09661086643929231
Precuneus-R,1105.8333,a75_an_ba,0.2453524492916248
Precuneus-R,1106.6667,a50_an_ba,0.3351195609910271
Precuneus-R,1106.6667,a75_a50_an,-0.092069038678645
Precuneus-R,1106.6667,a75_an_ba,0.24305052231238206
Precuneus-R,1107.5,a50_an_ba,0.3262564497193335
Precuneus-R,1107.5,a75_a50_an,-0.08654564534724636
Precuneus-R,1107.5,a75_an_ba,0.2397108043720871
Precuneus-R,1108.3333,a50_an_ba,0.31549811003541806
Precuneus-R,1108.3333,a75_a50_an,-0.08010397356324753
Precuneus-R,1108.3333,a75_an_ba,0.23539413647217056
Precuneus-R,1109.1667,a50_an_ba,0.30300775208401554
Precuneus-R,1109.1667,a75_a50_an,-0.07282342932204083
Precuneus-R,1109.1667,a75_an_ba,0.23018432276197467
Precuneus-R,1110,a50_an_ba,0.288984263443088
Precuneus-R,1110,a75_a50_an,-0.06479855023842723
Precuneus-R,1110,a75_an_ba,0.22418571320466074
Precuneus-R,1110.8333,a50_an_ba,0.2736580873987183
Precuneus-R,1110.8333,a75_a50_an,-0.056137781603798065
Precuneus-R,1110.8333,a75_an_ba,0.21752030579492024
Precuneus-R,1111.6667,a50_an_ba,0.25728647605253474
Precuneus-R,1111.6667,a75_a50_an,-0.046962027833043166
Precuneus-R,1111.6667,a75_an_ba,0.2103244482194916
Precuneus-R,1112.5,a50_an_ba,0.2401482220905573
Precuneus-R,1112.5,a75_a50_an,-0.03740299436699266
Precuneus-R,1112.5,a75_an_ba,0.20274522772356465
Precuneus-R,1113.3333,a50_an_ba,0.2225379825881354
Precuneus-R,1113.3333,a75_a50_an,-0.027601338075588813
Precuneus-R,1113.3333,a75_an_ba,0.19493664451254658
Precuneus-R,1114.1667,a50_an_ba,0.20476031528780567
Precuneus-R,1114.1667,a75_a50_an,-0.017704647144815785
Precuneus-R,1114.1667,a75_an_ba,0.18705566814298988
Precuneus-R,1115,a50_an_ba,0.187123552254593
Precuneus-R,1115,a75_a50_an,-0.007865274290779796
Precuneus-R,1115,a75_an_ba,0.17925827796381322
Precuneus-R,1115.8333,a50_an_ba,0.16993363763178193
Precuneus-R,1115.8333,a75_a50_an,0.001761950114813843
Precuneus-R,1115.8333,a75_an_ba,0.17169558774659577
Precuneus-R,1116.6667,a50_an_ba,0.15348805539171936
Precuneus-R,1116.6667,a75_a50_an,0.011022095849323671
Precuneus-R,1116.6667,a75_an_ba,0.16451015124104304
Precuneus-R,1117.5,a50_an_ba,0.13806996955868445
Precuneus-R,1117.5,a75_a50_an,0.019762570060441492
Precuneus-R,1117.5,a75_an_ba,0.15783253961912594
Precuneus-R,1118.3333,a50_an_ba,0.12394269348571738
Precuneus-R,1118.3333,a75_a50_an,0.027835580309922135
Precuneus-R,1118.3333,a75_an_ba,0.1517782737956395
Precuneus-R,1119.1667,a50_an_ba,0.11134459655638995
Precuneus-R,1119.1667,a75_a50_an,0.035100588098015396
Precuneus-R,1119.1667,a75_an_ba,0.14644518465440534
Precuneus-R,1120,a50_an_ba,0.10048454636346917
Precuneus-R,1120,a75_a50_an,0.04142671617100262
Precuneus-R,1120,a75_an_ba,0.14191126253447178
Precuneus-R,1120.8333,a50_an_ba,0.09153797223798495
Precuneus-R,1120.8333,a75_a50_an,0.04669507200845412
Precuneus-R,1120.8333,a75_an_ba,0.13823304424643906
Precuneus-R,1121.6667,a50_an_ba,0.0846436222473527
Precuneus-R,1121.6667,a75_a50_an,0.05080094948656608
Precuneus-R,1121.6667,a75_an_ba,0.13544457173391877
Precuneus-R,1122.5,a50_an_ba,0.0799010707617366
Precuneus-R,1122.5,a75_a50_an,0.053655870870029994
Precuneus-R,1122.5,a75_an_ba,0.1335569416317666
Precuneus-R,1123.3333,a50_an_ba,0.07736901773575726
Precuneus-R,1123.3333,a75_a50_an,0.05518943204164145
Precuneus-R,1123.3333,a75_an_ba,0.1325584497773987
Precuneus-R,1124.1667,a50_an_ba,0.07706440431413504
Precuneus-R,1124.1667,a75_a50_an,0.055350915272091676
Precuneus-R,1124.1667,a75_an_ba,0.13241531958622674
Precuneus-R,1125,a50_an_ba,0.07896235259676261
Precuneus-R,1125,a75_a50_an,0.05411063588735979
Precuneus-R,1125,a75_an_ba,0.1330729884841224
Precuneus-R,1125.8333,a50_an_ba,0.08299692074123886
Precuneus-R,1125.8333,a75_a50_an,0.05146099192145794
Precuneus-R,1125.8333,a75_an_ba,0.1344579126626968
Precuneus-R,1126.6667,a50_an_ba,0.08906264838040458
Precuneus-R,1126.6667,a75_a50_an,0.04741718924759669
Precuneus-R,1126.6667,a75_an_ba,0.13647983762800128
Precuneus-R,1127.5,a50_an_ba,0.0970168519140036
Precuneus-R,1127.5,a75_a50_an,0.042017618746695726
Precuneus-R,1127.5,a75_an_ba,0.13903447066069932
Precuneus-R,1128.3333,a50_an_ba,0.10668261489997448
Precuneus-R,1128.3333,a75_a50_an,0.03532386676777654
Precuneus-R,1128.3333,a75_an_ba,0.14200648166775098
Precuneus-R,1129.1667,a50_an_ba,0.11785240579580943
Precuneus-R,1129.1667,a75_a50_an,0.02742034541434697
Precuneus-R,1129.1667,a75_an_ba,0.1452727512101564
Precuneus-R,1130,a50_an_ba,0.1302922439243853
Precuneus-R,1130,a75_a50_an,0.018413534991262803
Precuneus-R,1130,a75_an_ba,0.14870577891564812
Precuneus-R,1130.8333,a50_an_ba,0.14374632496344023
Precuneus-R,1130.8333,a75_a50_an,0.00843083719006083
Precuneus-R,1130.8333,a75_an_ba,0.15217716215350105
Precuneus-R,1131.6667,a50_an_ba,0.15794200964407876
Precuneus-R,1131.6667,a75_a50_an,-0.002380955816433582
Precuneus-R,1131.6667,a75_an_ba,0.15556105382764512
Precuneus-R,1132.5,a50_an_ba,0.1725950738074775
Precuneus-R,1132.5,a75_a50_an,-0.013857564364207438
Precuneus-R,1132.5,a75_an_ba,0.15873750944327006
Precuneus-R,1133.3333,a50_an_ba,0.18741511458106763
Precuneus-R,1133.3333,a75_a50_an,-0.025819477408600962
Precuneus-R,1133.3333,a75_an_ba,0.1615956371724667
Precuneus-R,1134.1667,a50_an_ba,0.20211100622047717
Precuneus-R,1134.1667,a75_a50_an,-0.03807453583922552
Precuneus-R,1134.1667,a75_an_ba,0.16403647038125166
Precuneus-R,1135,a50_an_ba,0.2163963001002902
Precuneus-R,1135,a75_a50_an,-0.050420810274895644
Precuneus-R,1135,a75_an_ba,0.16597548982539453
Precuneus-R,1135.8333,a50_an_ba,0.22999446636030996
Precuneus-R,1135.8333,a75_a50_an,-0.06264973409152513
Precuneus-R,1135.8333,a75_an_ba,0.16734473226878485
Precuneus-R,1136.6667,a50_an_ba,0.24264387971730736
Precuneus-R,1136.6667,a75_a50_an,-0.0745494463427826
Precuneus-R,1136.6667,a75_an_ba,0.16809443337452476
Precuneus-R,1137.5,a50_an_ba,0.2541024587901751
Precuneus-R,1137.5,a75_a50_an,-0.08590829371225868
Precuneus-R,1137.5,a75_an_ba,0.1681941650779164
Precuneus-R,1138.3333,a50_an_ba,0.2641518767789478
Precuneus-R,1138.3333,a75_a50_an,-0.09651843582503478
Precuneus-R,1138.3333,a75_an_ba,0.16763344095391305
Precuneus-R,1139.1667,a50_an_ba,0.27260127127547595
Precuneus-R,1139.1667,a75_a50_an,-0.10617949427553235
Precuneus-R,1139.1667,a75_an_ba,0.1664217769999436
Precuneus-R,1140,a50_an_ba,0.27929039213118056
Precuneus-R,1140,a75_a50_an,-0.11470218271586967
Precuneus-R,1140,a75_an_ba,0.1645882094153109
Precuneus-R,1140.8333,a50_an_ba,0.2840921384116093
Precuneus-R,1140.8333,a75_a50_an,-0.1219118533982344
Precuneus-R,1140.8333,a75_an_ba,0.1621802850133749
Precuneus-R,1141.6667,a50_an_ba,0.2869144482610618
Precuneus-R,1141.6667,a75_a50_an,-0.12765189476194375
Precuneus-R,1141.6667,a75_an_ba,0.15926255349911808
Precuneus-R,1142.5,a50_an_ba,0.287701518708952
Precuneus-R,1142.5,a75_a50_an,-0.13178691506613993
Precuneus-R,1142.5,a75_an_ba,0.1559146036428121
Precuneus-R,1143.3333,a50_an_ba,0.28643434579667043
Precuneus-R,1143.3333,a75_a50_an,-0.13420564873506008
Precuneus-R,1143.3333,a75_an_ba,0.15222869706161038
Precuneus-R,1144.1667,a50_an_ba,0.283130588617736
Precuneus-R,1144.1667,a75_a50_an,-0.1348235250220958
Precuneus-R,1144.1667,a75_an_ba,0.14830706359564022
Precuneus-R,1145,a50_an_ba,0.2778437736831436
Precuneus-R,1145,a75_a50_an,-0.13358484280259253
Precuneus-R,1145,a75_an_ba,0.1442589308805511
Precuneus-R,1145.8333,a50_an_ba,0.27066186820137433
Precuneus-R,1145.8333,a75_a50_an,-0.13046450073803134
Precuneus-R,1145.8333,a75_an_ba,0.14019736746334302
Precuneus-R,1146.6667,a50_an_ba,0.26170526217168344
Precuneus-R,1146.6667,a75_a50_an,-0.125469238652327
Precuneus-R,1146.6667,a75_an_ba,0.13623602351935643
Precuneus-R,1147.5,a50_an_ba,0.2511242094273692
Precuneus-R,1147.5,a75_a50_an,-0.11863835363436083
Precuneus-R,1147.5,a75_an_ba,0.13248585579300834
Precuneus-R,1148.3333,a50_an_ba,0.23909578675757973
Precuneus-R,1148.3333,a75_a50_an,-0.11004386301315244
Precuneus-R,1148.3333,a75_an_ba,0.12905192374442725
Precuneus-R,1149.1667,a50_an_ba,0.22582043783740813
Precuneus-R,1149.1667,a75_a50_an,-0.09979009580239923
Precuneus-R,1149.1667,a75_an_ba,0.1260303420350089
Precuneus-R,1150,a50_an_ba,0.21151817479436524
Precuneus-R,1150,a75_a50_an,-0.08801270431648661
Precuneus-R,1150,a75_an_ba,0.12350547047787862
Precuneus-R,1150.8333,a50_an_ba,0.1964245147571667
Precuneus-R,1150.8333,a75_a50_an,-0.07487709823828537
Precuneus-R,1150.8333,a75_an_ba,0.12154741651888135
Precuneus-R,1151.6667,a50_an_ba,0.1807862316264887
Precuneus-R,1151.6667,a75_a50_an,-0.060576314271522345
Precuneus-R,1151.6667,a75_an_ba,0.12020991735496639
Precuneus-R,1152.5,a50_an_ba,0.16485700456820407
Precuneus-R,1152.5,a75_a50_an,-0.04532834542710672
Precuneus-R,1152.5,a75_an_ba,0.11952865914109737
Precuneus-R,1153.3332999999998,a50_an_ba,0.14889304438211629
Precuneus-R,1153.3332999999998,a75_a50_an,-0.029372964754696126
Precuneus-R,1153.3332999999998,a75_an_ba,0.11952007962742016
Precuneus-R,1154.1667,a50_an_ba,0.13314877700000982
Precuneus-R,1154.1667,a75_a50_an,-0.012968088716679496
Precuneus-R,1154.1667,a75_an_ba,0.12018068828333031
Precuneus-R,1155,a50_an_ba,0.11787266000234754
Precuneus-R,1155,a75_a50_an,0.0036142648091844927
Precuneus-R,1155,a75_an_ba,0.12148692481153205
Precuneus-R,1155.8333,a50_an_ba,0.10330320332628341
Precuneus-R,1155.8333,a75_a50_an,0.020092359933956236
Precuneus-R,1155.8333,a75_an_ba,0.12339556326023962
Precuneus-R,1156.6667,a50_an_ba,0.0896652594062149
Precuneus-R,1156.6667,a75_a50_an,0.03617939563978022
Precuneus-R,1156.6667,a75_an_ba,0.12584465504599512
Precuneus-R,1157.5,a50_an_ba,0.0771666409986124
Precuneus-R,1157.5,a75_a50_an,0.051588349448712614
Precuneus-R,1157.5,a75_an_ba,0.12875499044732502
Precuneus-R,1158.3333,a50_an_ba,0.06599511706891684
Precuneus-R,1158.3333,a75_a50_an,0.06603692779242763
Precuneus-R,1158.3333,a75_an_ba,0.13203204486134448
Precuneus-R,1159.1667000000002,a50_an_ba,0.05631582854476338
Precuneus-R,1159.1667000000002,a75_a50_an,0.07925253511431862
Precuneus-R,1159.1667000000002,a75_an_ba,0.135568363659082
Precuneus-R,1160,a50_an_ba,0.04826915665967831
Precuneus-R,1160,a75_a50_an,0.09097717147876794
Precuneus-R,1160,a75_an_ba,0.13924632813844628
Precuneus-R,1160.8333,a50_an_ba,0.041969067220783494
Precuneus-R,1160.8333,a75_a50_an,0.10097216791513974
Precuneus-R,1160.8333,a75_an_ba,0.14294123513592322
Precuneus-R,1161.6667,a50_an_ba,0.03750194462838469
Precuneus-R,1161.6667,a75_a50_an,0.10902266993592334
Precuneus-R,1161.6667,a75_an_ba,0.14652461456430801
Precuneus-R,1162.5,a50_an_ba,0.034925920044944755
Precuneus-R,1162.5,a75_a50_an,0.11494178265345831
Precuneus-R,1162.5,a75_an_ba,0.14986770269840308
Precuneus-R,1163.3333,a50_an_ba,0.034270688937940864
Precuneus-R,1163.3333,a75_a50_an,0.11857429565516187
Precuneus-R,1163.3333,a75_an_ba,0.15284498459310272
Precuneus-R,1164.1667,a50_an_ba,0.03553780447493837
Precuneus-R,1164.1667,a75_a50_an,0.11979991222330644
Precuneus-R,1164.1667,a75_an_ba,0.1553377166982448
Precuneus-R,1165,a50_an_ba,0.03870142508478548
Precuneus-R,1165,a75_a50_an,0.11853591550600068
Precuneus-R,1165,a75_an_ba,0.15723734059078617
Precuneus-R,1165.8333,a50_an_ba,0.0437094870526951
Precuneus-R,1165.8333,a75_a50_an,0.11473921372974946
Precuneus-R,1165.8333,a75_an_ba,0.15844870078244455
Precuneus-R,1166.6667,a50_an_ba,0.050485266406355325
Precuneus-R,1166.6667,a75_a50_an,0.10840771732624406
Precuneus-R,1166.6667,a75_an_ba,0.15889298373259939
Precuneus-R,1167.5,a50_an_ba,0.05892928867027706
Precuneus-R,1167.5,a75_a50_an,0.09958101273245386
Precuneus-R,1167.5,a75_an_ba,0.15851030140273095
Precuneus-R,1168.3333,a50_an_ba,0.06892154038945038
Precuneus-R,1168.3333,a75_a50_an,0.08834031039250037
Precuneus-R,1168.3333,a75_an_ba,0.15726185078195076
Precuneus-R,1169.1667,a50_an_ba,0.08032393270038098
Precuneus-R,1169.1667,a75_a50_an,0.07480765789897496
Precuneus-R,1169.1667,a75_an_ba,0.15513159059935594
Precuneus-R,1170,a50_an_ba,0.0929829646845607
Precuneus-R,1170,a75_a50_an,0.059144422999624434
Precuneus-R,1170,a75_an_ba,0.15212738768418513
Precuneus-R,1170.8333,a50_an_ba,0.10673253277970061
Precuneus-R,1170.8333,a75_a50_an,0.041549065089859394
Precuneus-R,1170.8333,a75_an_ba,0.14828159786956002
Precuneus-R,1171.6667,a50_an_ba,0.12139683212979922
Precuneus-R,1171.6667,a75_a50_an,0.02225422753328125
Precuneus-R,1171.6667,a75_an_ba,0.14365105966308048
Precuneus-R,1172.5,a50_an_ba,0.1367932963875973
Precuneus-R,1172.5,a75_a50_an,0.001523196421375252
Precuneus-R,1172.5,a75_an_ba,0.13831649280897257
Precuneus-R,1173.3333,a50_an_ba,0.15273552408472127
Precuneus-R,1173.3333,a75_a50_an,-0.02035421607447201
Precuneus-R,1173.3333,a75_an_ba,0.13238130801024922
Precuneus-R,1174.1667,a50_an_ba,0.16903614218197335
Precuneus-R,1174.1667,a75_a50_an,-0.04306629405356072
Precuneus-R,1174.1667,a75_an_ba,0.1259698481284126
Precuneus-R,1175,a50_an_ba,0.1855095607160888
Precuneus-R,1175,a75_a50_an,-0.06628446591807644
Precuneus-R,1175,a75_an_ba,0.11922509479801234
Precuneus-R,1175.8333,a50_an_ba,0.20197457646954578
Precuneus-R,1175.8333,a75_a50_an,-0.08966868920912059
Precuneus-R,1175.8333,a75_an_ba,0.11230588726042516
Precuneus-R,1176.6667,a50_an_ba,0.21825678819709168
Precuneus-R,1176.6667,a75_a50_an,-0.11287307616694248
Precuneus-R,1176.6667,a75_an_ba,0.1053837120301492
Precuneus-R,1177.5,a50_an_ba,0.23419079103024004
Precuneus-R,1177.5,a75_a50_an,-0.13555165855218176
Precuneus-R,1177.5,a75_an_ba,0.09863913247805828
Precuneus-R,1178.3333,a50_an_ba,0.24962212312909443
Precuneus-R,1178.3333,a75_a50_an,-0.1573641868269518
Precuneus-R,1178.3333,a75_an_ba,0.09225793630214263
Precuneus-R,1179.1667,a50_an_ba,0.26440894333832404
Precuneus-R,1179.1667,a75_a50_an,-0.17798185739070999
Precuneus-R,1179.1667,a75_an_ba,0.08642708594761407
Precuneus-R,1180,a50_an_ba,0.27842342441096035
Precuneus-R,1180,a75_a50_an,-0.19709286224246614
Precuneus-R,1180,a75_an_ba,0.08133056216849419
Precuneus-R,1180.8333,a50_an_ba,0.2915528521739191
Precuneus-R,1180.8333,a75_a50_an,-0.21440765820228638
Precuneus-R,1180.8333,a75_an_ba,0.07714519397163269
Precuneus-R,1181.6667,a50_an_ba,0.30370042671246783
Precuneus-R,1181.6667,a75_a50_an,-0.22966385763135985
Precuneus-R,1181.6667,a75_an_ba,0.07403656908110795
Precuneus-R,1182.5,a50_an_ba,0.3147857671449299
Precuneus-R,1182.5,a75_a50_an,-0.24263064935904044
Precuneus-R,1182.5,a75_an_ba,0.07215511778588946
Precuneus-R,1183.3333,a50_an_ba,0.3247451267508675
Precuneus-R,1183.3333,a75_a50_an,-0.25311266713308495
Precuneus-R,1183.3333,a75_an_ba,0.07163245961778252
Precuneus-R,1184.1667,a50_an_ba,0.33353133002373714
Precuneus-R,1184.1667,a75_a50_an,-0.26095323319267383
Precuneus-R,1184.1667,a75_an_ba,0.0725780968310633
Precuneus-R,1185,a50_an_ba,0.34111344757243606
Precuneus-R,1185,a75_a50_an,-0.2660369163234288
Precuneus-R,1185,a75_an_ba,0.07507653124900728
Precuneus-R,1185.8333,a50_an_ba,0.3474762286377261
Precuneus-R,1185.8333,a75_a50_an,-0.2682913567583097
Precuneus-R,1185.8333,a75_an_ba,0.07918487187941647
Precuneus-R,1186.6667,a50_an_ba,0.35261931427470966
Precuneus-R,1186.6667,a75_a50_an,-0.26768832427908035
Precuneus-R,1186.6667,a75_an_ba,0.0849309899956293
Precuneus-R,1187.5,a50_an_ba,0.35655625695000387
Precuneus-R,1187.5,a75_a50_an,-0.2642439905696497
Precuneus-R,1187.5,a75_an_ba,0.09231226638035415
Precuneus-R,1188.3333,a50_an_ba,0.35931337439375094
Precuneus-R,1188.3333,a75_a50_an,-0.2580184119778719
Precuneus-R,1188.3333,a75_an_ba,0.10129496241587904
Precuneus-R,1189.1667,a50_an_ba,0.36092846702606
Precuneus-R,1189.1667,a75_a50_an,-0.24911423404987615
Precuneus-R,1189.1667,a75_an_ba,0.11181423297618386
Precuneus-R,1190,a50_an_ba,0.3614494291513291
Precuneus-R,1190,a75_a50_an,-0.23767464420052586
Precuneus-R,1190,a75_an_ba,0.12377478495080321
Precuneus-R,1190.8333,a50_an_ba,0.3609327843989343
Precuneus-R,1190.8333,a75_a50_an,-0.22388061336840764
Precuneus-R,1190.8333,a75_an_ba,0.13705217103052664
Precuneus-R,1191.6667,a50_an_ba,0.3594421756121414
Precuneus-R,1191.6667,a75_a50_an,-0.20794748117663583
Precuneus-R,1191.6667,a75_an_ba,0.15149469443550556
Precuneus-R,1192.5,a50_an_ba,0.3570468385847413
Precuneus-R,1192.5,a75_a50_an,-0.19012095170119858
Precuneus-R,1192.5,a75_an_ba,0.16692588688354273
Precuneus-R,1193.3333,a50_an_ba,0.35382008775998325
Precuneus-R,1193.3333,a75_a50_an,-0.1706725781776863
Precuneus-R,1193.3333,a75_an_ba,0.18314750958229695
Precuneus-R,1194.1667,a50_an_ba,0.3498378402884489
Precuneus-R,1194.1667,a75_a50_an,-0.14989482462450401
Precuneus-R,1194.1667,a75_an_ba,0.19994301566394485
Precuneus-R,1195,a50_an_ba,0.3451772027450098
Precuneus-R,1195,a75_a50_an,-0.12809580022825987
Precuneus-R,1195,a75_an_ba,0.21708140251674993
Precuneus-R,1195.8333,a50_an_ba,0.33991514238741943
Precuneus-R,1195.8333,a75_a50_an,-0.10559376826423161
Precuneus-R,1195.8333,a75_an_ba,0.23432137412318782
Precuneus-R,1196.6667,a50_an_ba,0.3341272621604815
Precuneus-R,1196.6667,a75_a50_an,-0.08271153519169584
Precuneus-R,1196.6667,a75_an_ba,0.25141572696878567
Precuneus-R,1197.5,a50_an_ba,0.3278866957707116
Precuneus-R,1197.5,a75_a50_an,-0.05977082729394674
Precuneus-R,1197.5,a75_an_ba,0.2681158684767649
Precuneus-R,1198.3333,a50_an_ba,0.32126313613743523
Precuneus-R,1198.3333,a75_a50_an,-0.037086761794286834
Precuneus-R,1198.3333,a75_an_ba,0.2841763743431484
Precuneus-R,1199.1667,a50_an_ba,0.3143220074262797
Precuneus-R,1199.1667,a75_a50_an,-0.014962516786337202
Precuneus-R,1199.1667,a75_an_ba,0.29935949063994244
Precuneus-R,1200,a50_an_ba,0.30712378774684324
Precuneus-R,1200,a75_a50_an,0.006315700370795573
Precuneus-R,1200,a75_an_ba,0.31343948811763883
Precuneus-R,1200.8333,a50_an_ba,0.2997234865015529
Precuneus-R,1200.8333,a75_a50_an,0.026483293220992996
Precuneus-R,1200.8333,a75_an_ba,0.32620677972254586
Precuneus-R,1201.6667,a50_an_ba,0.2921702773570508
Precuneus-R,1201.6667,a75_a50_an,0.045301440496450567
Precuneus-R,1201.6667,a75_an_ba,0.3374717178535014
Precuneus-R,1202.5,a50_an_ba,0.2845072849184994
Precuneus-R,1202.5,a75_a50_an,0.06256071025917423
Precuneus-R,1202.5,a75_an_ba,0.3470679951776736
Precuneus-R,1203.3333,a50_an_ba,0.27677152046161524
Precuneus-R,1203.3333,a75_a50_an,0.07808406126657166
Precuneus-R,1203.3333,a75_an_ba,0.3548555817281869
Precuneus-R,1204.1667,a50_an_ba,0.2689939595528905
Precuneus-R,1204.1667,a75_a50_an,0.09172918175120556
Precuneus-R,1204.1667,a75_an_ba,0.3607231413040961
Precuneus-R,1205,a50_an_ba,0.2611997520957058
Precuneus-R,1205,a75_a50_an,0.10339012954731218
Precuneus-R,1205,a75_an_ba,0.364589881643018
Precuneus-R,1205.8333,a50_an_ba,0.2534085533046185
Precuneus-R,1205.8333,a75_a50_an,0.11299825186752108
Precuneus-R,1205.8333,a75_an_ba,0.3664068051721396
Precuneus-R,1206.6667,a50_an_ba,0.24563496235196655
Precuneus-R,1206.6667,a75_a50_an,0.12052237772851022
Precuneus-R,1206.6667,a75_an_ba,0.3661573400804768
Precuneus-R,1207.5,a50_an_ba,0.23788905396536714
Precuneus-R,1207.5,a75_a50_an,0.1259682907345152
Precuneus-R,1207.5,a75_an_ba,0.36385734469988235
Precuneus-R,1208.3333,a50_an_ba,0.23017698709221918
Precuneus-R,1208.3333,a75_a50_an,0.12937750434417902
Precuneus-R,1208.3333,a75_an_ba,0.35955449143639817
Precuneus-R,1209.1667,a50_an_ba,0.222501673893445
Precuneus-R,1209.1667,a75_a50_an,0.13082537556889764
Precuneus-R,1209.1667,a75_an_ba,0.3533270494623426
Precuneus-R,1210,a50_an_ba,0.2148634917851772
Precuneus-R,1210,a75_a50_an,0.13041860599322083
Precuneus-R,1210,a75_an_ba,0.345282097778398
Precuneus-R,1210.8333,a50_an_ba,0.2072610210110289
Precuneus-R,1210.8333,a75_a50_an,0.12829219080451498
Precuneus-R,1210.8333,a75_an_ba,0.3355532118155439
Precuneus-R,1211.6667,a50_an_ba,0.19969179029276074
Precuneus-R,1211.6667,a75_a50_an,0.12460588693050674
Precuneus-R,1211.6667,a75_an_ba,0.32429767722326747
Precuneus-R,1212.5,a50_an_ba,0.19215301346377803
Precuneus-R,1212.5,a75_a50_an,0.11954028020127835
Precuneus-R,1212.5,a75_an_ba,0.3116932936650564
Precuneus-R,1213.3333,a50_an_ba,0.18464230062486758
Precuneus-R,1213.3333,a75_a50_an,0.1132925385044258
Precuneus-R,1213.3333,a75_an_ba,0.29793483912929336
Precuneus-R,1214.1667,a50_an_ba,0.17715832825908157
Precuneus-R,1214.1667,a75_a50_an,0.10607194305491223
Precuneus-R,1214.1667,a75_an_ba,0.28323027131399375
Precuneus-R,1215,a50_an_ba,0.16970145388411648
Precuneus-R,1215,a75_a50_an,0.09809529306349347
Precuneus-R,1215,a75_an_ba,0.26779674694760996
Precuneus-R,1215.8332999999998,a50_an_ba,0.1622742621849161
Precuneus-R,1215.8332999999998,a75_a50_an,0.08958228021155637
Precuneus-R,1215.8332999999998,a75_an_ba,0.2518565423964725
Precuneus-R,1216.6667,a50_an_ba,0.15488203113333568
Precuneus-R,1216.6667,a75_a50_an,0.08075092842255689
Precuneus-R,1216.6667,a75_an_ba,0.23563295955589258
Precuneus-R,1217.5,a50_an_ba,0.14753310834037534
Precuneus-R,1217.5,a75_a50_an,0.0718131915018354
Precuneus-R,1217.5,a75_an_ba,0.21934629984221077
Precuneus-R,1218.3333,a50_an_ba,0.14023918977245337
Precuneus-R,1218.3333,a75_a50_an,0.06297079638124081
Precuneus-R,1218.3333,a75_an_ba,0.20320998615369415
Precuneus-R,1219.1667,a50_an_ba,0.13301549496805162
Precuneus-R,1219.1667,a75_a50_an,0.05441141307746606
Precuneus-R,1219.1667,a75_an_ba,0.1874269080455177
Precuneus-R,1220,a50_an_ba,0.12588083498434452
Precuneus-R,1220,a75_a50_an,0.04630522421573703
Precuneus-R,1220,a75_an_ba,0.17218605920008156
Precuneus-R,1220.8333,a50_an_ba,0.11885757145396827
Precuneus-R,1220.8333,a75_a50_an,0.038801957279935344
Precuneus-R,1220.8333,a75_an_ba,0.15765952873390363
Precuneus-R,1221.6667000000002,a50_an_ba,0.11197146730724267
Precuneus-R,1221.6667000000002,a75_a50_an,0.03202843185215578
Precuneus-R,1221.6667000000002,a75_an_ba,0.14399989915939845
Precuneus-R,1222.5,a50_an_ba,0.10525143188205718
Precuneus-R,1222.5,a75_a50_an,0.02608666224881385
Precuneus-R,1222.5,a75_an_ba,0.13133809413087102
Precuneus-R,1223.3333,a50_an_ba,0.09872916526829091
Precuneus-R,1223.3333,a75_a50_an,0.021052543415140918
Precuneus-R,1223.3333,a75_an_ba,0.11978170868343184
Precuneus-R,1224.1667,a50_an_ba,0.09243870878251055
Precuneus-R,1224.1667,a75_a50_an,0.016975134985610884
Precuneus-R,1224.1667,a75_an_ba,0.10941384376812144
Precuneus-R,1225,a50_an_ba,0.08641591040820175
Precuneus-R,1225,a75_a50_an,0.013876545341021873
Precuneus-R,1225,a75_an_ba,0.10029245574922363
Precuneus-R,1225.8333,a50_an_ba,0.08069781583401518
Precuneus-R,1225.8333,a75_a50_an,0.011752404579681673
Precuneus-R,1225.8333,a75_an_ba,0.09245022041369685
Precuneus-R,1226.6667,a50_an_ba,0.0753219973456587
Precuneus-R,1226.6667,a75_a50_an,0.010572902849685312
Precuneus-R,1226.6667,a75_an_ba,0.08589490019534403
Precuneus-R,1227.5,a50_an_ba,0.07032583424613502
Precuneus-R,1227.5,a75_a50_an,0.010284358727834867
Precuneus-R,1227.5,a75_an_ba,0.08061019297396989
Precuneus-R,1228.3333,a50_an_ba,0.06574575966579917
Precuneus-R,1228.3333,a75_a50_an,0.010811271526049476
Precuneus-R,1228.3333,a75_an_ba,0.07655703119184863
Precuneus-R,1229.1667,a50_an_ba,0.06161648955293189
Precuneus-R,1229.1667,a75_a50_an,0.012058801781639409
Precuneus-R,1229.1667,a75_an_ba,0.07367529133457129
Precuneus-R,1230,a50_an_ba,0.057970250285208365
Precuneus-R,1230,a75_a50_an,0.013915615938239432
Precuneus-R,1230,a75_an_ba,0.0718858662234478
Precuneus-R,1230.8333,a50_an_ba,0.05483602169393692
Precuneus-R,1230.8333,a75_a50_an,0.01625702451156798
Precuneus-R,1230.8333,a75_an_ba,0.07109304620550488
Precuneus-R,1231.6667,a50_an_ba,0.05223881233276598
Precuneus-R,1231.6667,a75_a50_an,0.018948337984108093
Precuneus-R,1231.6667,a75_an_ba,0.07118715031687407
Precuneus-R,1232.5,a50_an_ba,0.05019898354090624
Precuneus-R,1232.5,a75_a50_an,0.021848361372750452
Precuneus-R,1232.5,a75_an_ba,0.07204734491365669
Precuneus-R,1233.3333,a50_an_ba,0.04873163824455364
Precuneus-R,1233.3333,a75_a50_an,0.024812946910377238
Precuneus-R,1233.3333,a75_an_ba,0.0735445851549309
Precuneus-R,1234.1667,a50_an_ba,0.04784608951030008
Precuneus-R,1234.1667,a75_a50_an,0.027698524583082387
Precuneus-R,1234.1667,a75_an_ba,0.07554461409338248
Precuneus-R,1235,a50_an_ba,0.04754542261900945
Precuneus-R,1235,a75_a50_an,0.03036553233513679
Precuneus-R,1235,a75_an_ba,0.07791095495414622
Precuneus-R,1235.8333,a50_an_ba,0.04782616288145464
Precuneus-R,1235.8333,a75_a50_an,0.03268167152131151
Precuneus-R,1235.8333,a75_an_ba,0.08050783440276617
Precuneus-R,1236.6667,a50_an_ba,0.04867805958817879
Precuneus-R,1236.6667,a75_a50_an,0.03452491854055763
Precuneus-R,1236.6667,a75_an_ba,0.08320297812873642
Precuneus-R,1237.5,a50_an_ba,0.050083994401678475
Precuneus-R,1237.5,a75_a50_an,0.03578623038251681
Precuneus-R,1237.5,a75_an_ba,0.0858702247841953
Precuneus-R,1238.3333,a50_an_ba,0.05202002019134723
Precuneus-R,1238.3333,a75_a50_an,0.036371889884504745
Precuneus-R,1238.3333,a75_an_ba,0.08839191007585198
Precuneus-R,1239.1667,a50_an_ba,0.05445553381831014
Precuneus-R,1239.1667,a75_a50_an,0.03620544563089272
Precuneus-R,1239.1667,a75_an_ba,0.09066097944920284
Precuneus-R,1240,a50_an_ba,0.057353583741760784
Precuneus-R,1240,a75_a50_an,0.0352292114076271
Precuneus-R,1240,a75_an_ba,0.09258279514938787
Precuneus-R,1240.8333,a50_an_ba,0.06067131058749128
Precuneus-R,1240.8333,a75_a50_an,0.033405300714472085
Precuneus-R,1240.8333,a75_an_ba,0.09407661130196336
Precuneus-R,1241.6667,a50_an_ba,0.06436051604518642
Precuneus-R,1241.6667,a75_a50_an,0.03071618278830571
Precuneus-R,1241.6667,a75_an_ba,0.09507669883349217
Precuneus-R,1242.5,a50_an_ba,0.06836835269716181
Precuneus-R,1242.5,a75_a50_an,0.027164757650356804
Precuneus-R,1242.5,a75_an_ba,0.0955331103475186
Precuneus-R,1243.3333,a50_an_ba,0.07263812468436351
Precuneus-R,1243.3333,a75_a50_an,0.022773958607098625
Precuneus-R,1243.3333,a75_an_ba,0.0954120832914621
Precuneus-R,1244.1667,a50_an_ba,0.07711018654208553
Precuneus-R,1244.1667,a75_a50_an,0.01758590116484068
Precuneus-R,1244.1667,a75_an_ba,0.0946960877069262
Precuneus-R,1245,a50_an_ba,0.08172292514490147
Precuneus-R,1245,a75_a50_an,0.011660607229698318
Precuneus-R,1245,a75_an_ba,0.0933835323745998
Precuneus-R,1245.8333,a50_an_ba,0.08641380754255544
Precuneus-R,1245.8333,a75_a50_an,0.00507434254385926
Precuneus-R,1245.8333,a75_an_ba,0.0914881500864147
Precuneus-R,1246.6667,a50_an_ba,0.0911204755982169
Precuneus-R,1246.6667,a75_a50_an,-0.0020823866364758025
Precuneus-R,1246.6667,a75_an_ba,0.08903808896174109
Precuneus-R,1247.5,a50_an_ba,0.09578186680564586
Precuneus-R,1247.5,a75_a50_an,-0.009707124751682847
Precuneus-R,1247.5,a75_an_ba,0.08607474205396302
Precuneus-R,1248.3333,a50_an_ba,0.10033933950506203
Precuneus-R,1248.3333,a75_a50_an,-0.017687987629908742
Precuneus-R,1248.3333,a75_an_ba,0.08265135187515331
Precuneus-R,1249.1667,a50_an_ba,0.10473777997524865
Precuneus-R,1249.1667,a75_a50_an,-0.025906350142352097
Precuneus-R,1249.1667,a75_an_ba,0.07883142983289655
Precuneus-R,1250,a50_an_ba,0.10892666858037331
Precuneus-R,1250,a75_a50_an,-0.034239635696425734
Precuneus-R,1250,a75_an_ba,0.07468703288394755
Precuneus-R,1250.8333,a50_an_ba,0.1128610823144491
Precuneus-R,1250.8333,a75_a50_an,-0.042564141363480607
Precuneus-R,1250.8333,a75_an_ba,0.0702969409509685
Precuneus-R,1251.6667,a50_an_ba,0.11650261172550519
Precuneus-R,1251.6667,a75_a50_an,-0.05075783289145013
Precuneus-R,1251.6667,a75_an_ba,0.06574477883405506
Precuneus-R,1252.5,a50_an_ba,0.11982017131664816
Precuneus-R,1252.5,a75_a50_an,-0.058703045800159365
Precuneus-R,1252.5,a75_an_ba,0.0611171255164888
Precuneus-R,1253.3333,a50_an_ba,0.12279068410349085
Precuneus-R,1253.3333,a75_a50_an,-0.06628903212773776
Precuneus-R,1253.3333,a75_an_ba,0.05650165197575308
Precuneus-R,1254.1667,a50_an_ba,0.12539962303767568
Precuneus-R,1254.1667,a75_a50_an,-0.07341429708809202
Precuneus-R,1254.1667,a75_an_ba,0.05198532594958367
Precuneus-R,1255,a50_an_ba,0.12764139445489825
Precuneus-R,1255,a75_a50_an,-0.07998867578114244
Precuneus-R,1255,a75_an_ba,0.04765271867375584
Precuneus-R,1255.8333,a50_an_ba,0.12951955153365113
Precuneus-R,1255.8333,a75_a50_an,-0.08593510701328859
Precuneus-R,1255.8333,a75_an_ba,0.043584444520362566
Precuneus-R,1256.6667,a50_an_ba,0.13104682890874061
Precuneus-R,1256.6667,a75_a50_an,-0.0911910690581507
Precuneus-R,1256.6667,a75_an_ba,0.03985575985058989
Precuneus-R,1257.5,a50_an_ba,0.13224499301401518
Precuneus-R,1257.5,a75_a50_an,-0.09570965062290246
Precuneus-R,1257.5,a75_an_ba,0.03653534239111273
Precuneus-R,1258.3333,a50_an_ba,0.13314450636660274
Precuneus-R,1258.3333,a75_a50_an,-0.09946023917779072
Precuneus-R,1258.3333,a75_an_ba,0.03368426718881203
Precuneus-R,1259.1667,a50_an_ba,0.1337840077783351
Precuneus-R,1259.1667,a75_a50_an,-0.10242881794241282
Precuneus-R,1259.1667,a75_an_ba,0.03135518983592228
Precuneus-R,1260,a50_an_ba,0.1342096143125358
Precuneus-R,1260,a75_a50_an,-0.10461787198748057
Precuneus-R,1260,a75_an_ba,0.029591742325055254
Precuneus-R,1260.8333,a50_an_ba,0.1344740546156514
Precuneus-R,1260.8333,a75_a50_an,-0.10604591289319387
Precuneus-R,1260.8333,a75_an_ba,0.028428141722457525
Precuneus-R,1261.6667,a50_an_ba,0.13463564696147653
Precuneus-R,1261.6667,a75_a50_an,-0.10674664000145394
Precuneus-R,1261.6667,a75_an_ba,0.027889006960022576
Precuneus-R,1262.5,a50_an_ba,0.13475713886892723
Precuneus-R,1262.5,a75_a50_an,-0.10676776431773564
Precuneus-R,1262.5,a75_an_ba,0.027989374551191586
Precuneus-R,1263.3333,a50_an_ba,0.13490442841254455
Precuneus-R,1263.3333,a75_a50_an,-0.10616952838548672
Precuneus-R,1263.3333,a75_an_ba,0.02873490002705781
Precuneus-R,1264.1667,a50_an_ba,0.13514519026170213
Precuneus-R,1264.1667,a75_a50_an,-0.10502296181786715
Precuneus-R,1264.1667,a75_an_ba,0.03012222844383496
Precuneus-R,1265,a50_an_ba,0.13554743198893762
Precuneus-R,1265,a75_a50_an,-0.10340791749877679
Precuneus-R,1265,a75_an_ba,0.032139514490160816
Precuneus-R,1265.8333,a50_an_ba,0.13617800821652853
Precuneus-R,1265.8333,a75_a50_an,-0.10141093765461066
Precuneus-R,1265.8333,a75_an_ba,0.03476707056191788
Precuneus-R,1266.6667,a50_an_ba,0.13710112166835894
Precuneus-R,1266.6667,a75_a50_an,-0.09912300197505403
Precuneus-R,1266.6667,a75_an_ba,0.037978119693304925
Precuneus-R,1267.5,a50_an_ba,0.13837684111721013
Precuneus-R,1267.5,a75_a50_an,-0.09663721168088604
Precuneus-R,1267.5,a75_an_ba,0.04173962943632409
Precuneus-R,1268.3333,a50_an_ba,0.140059666532607
Precuneus-R,1268.3333,a75_a50_an,-0.09404646388425013
Precuneus-R,1268.3333,a75_an_ba,0.04601320264835689
Precuneus-R,1269.1667,a50_an_ba,0.1421971714214866
Precuneus-R,1269.1667,a75_a50_an,-0.09144116977750026
Precuneus-R,1269.1667,a75_an_ba,0.050756001643986345
Precuneus-R,1270,a50_an_ba,0.14482875140577242
Precuneus-R,1270,a75_a50_an,-0.08890706816497661
Precuneus-R,1270,a75_an_ba,0.05592168324079578
Precuneus-R,1270.8333,a50_an_ba,0.14798450650491826
Precuneus-R,1270.8333,a75_a50_an,-0.08652318268957551
Precuneus-R,1270.8333,a75_an_ba,0.06146132381534273
Precuneus-R,1271.6667,a50_an_ba,0.15168428240790524
Precuneus-R,1271.6667,a75_a50_an,-0.08435996689992631
Precuneus-R,1271.6667,a75_an_ba,0.0673243155079789
Precuneus-R,1272.5,a50_an_ba,0.15593689326314533
Precuneus-R,1272.5,a75_a50_an,-0.08247767617378696
Precuneus-R,1272.5,a75_an_ba,0.07345921708935838
Precuneus-R,1273.3333,a50_an_ba,0.16073954523388848
Precuneus-R,1273.3333,a75_a50_an,-0.08092499959782391
Precuneus-R,1273.3333,a75_an_ba,0.07981454563606456
Precuneus-R,1274.1667,a50_an_ba,0.16607747632163689
Precuneus-R,1274.1667,a75_a50_an,-0.0797379783570982
Precuneus-R,1274.1667,a75_an_ba,0.0863394979645387
Precuneus-R,1275,a50_an_ba,0.1719238238225388
Precuneus-R,1275,a75_a50_an,-0.07893923017554005
Precuneus-R,1275,a75_an_ba,0.09298459364699872
Precuneus-R,1275.8333,a50_an_ba,0.178239726333551
Precuneus-R,1275.8333,a75_a50_an,-0.07853749204410393
Precuneus-R,1275.8333,a75_an_ba,0.09970223428944709
Precuneus-R,1276.6667,a50_an_ba,0.18497466255655567
Precuneus-R,1276.6667,a75_a50_an,-0.07852748605268074
Precuneus-R,1276.6667,a75_an_ba,0.10644717650387495
Precuneus-R,1277.5,a50_an_ba,0.19206702435612788
Precuneus-R,1277.5,a75_a50_an,-0.0788901057799316
Precuneus-R,1277.5,a75_an_ba,0.11317691857619629
Precuneus-R,1278.3332999999998,a50_an_ba,0.19944491671140224
Precuneus-R,1278.3332999999998,a75_a50_an,-0.07959291356175502
Precuneus-R,1278.3332999999998,a75_an_ba,0.11985200314964721
Precuneus-R,1279.1667,a50_an_ba,0.20702717246765248
Precuneus-R,1279.1667,a75_a50_an,-0.08059093221437073
Precuneus-R,1279.1667,a75_an_ba,0.12643624025328176
Precuneus-R,1280,a50_an_ba,0.21472456524193353
Precuneus-R,1280,a75_a50_an,-0.08182770857940301
Precuneus-R,1280,a75_an_ba,0.13289685666253054
Precuneus-R,1280.8333,a50_an_ba,0.22244119957022898
Precuneus-R,1280.8333,a75_a50_an,-0.08323662071708277
Precuneus-R,1280.8333,a75_an_ba,0.1392045788531462
Precuneus-R,1281.6667,a50_an_ba,0.23007605349679122
Precuneus-R,1281.6667,a75_a50_an,-0.08474239581182244
Precuneus-R,1281.6667,a75_an_ba,0.1453336576849688
Precuneus-R,1282.5,a50_an_ba,0.23752464538922088
Precuneus-R,1282.5,a75_a50_an,-0.08626280196315798
Precuneus-R,1282.5,a75_an_ba,0.1512618434260629
Precuneus-R,1283.3333,a50_an_ba,0.2446807938945994
Precuneus-R,1283.3333,a75_a50_an,-0.08771047408198059
Precuneus-R,1283.3333,a75_an_ba,0.1569703198126188
Precuneus-R,1284.1667000000002,a50_an_ba,0.2514384377022882
Precuneus-R,1284.1667000000002,a75_a50_an,-0.08899483214128108
Precuneus-R,1284.1667000000002,a75_an_ba,0.16244360556100712
Precuneus-R,1285,a50_an_ba,0.25769348020337357
Precuneus-R,1285,a75_a50_an,-0.09002404906136187
Precuneus-R,1285,a75_an_ba,0.1676694311420117
Precuneus-R,1285.8333,a50_an_ba,0.263345623277638
Precuneus-R,1285.8333,a75_a50_an,-0.09070702553656719
Precuneus-R,1285.8333,a75_an_ba,0.1726385977410708
Precuneus-R,1286.6667,a50_an_ba,0.2683001543226756
Precuneus-R,1286.6667,a75_a50_an,-0.09095533010500022
Precuneus-R,1286.6667,a75_an_ba,0.1773448242176754
Precuneus-R,1287.5,a50_an_ba,0.27246965127705125
Precuneus-R,1287.5,a75_a50_an,-0.09068506467309406
Precuneus-R,1287.5,a75_an_ba,0.18178458660395716
Precuneus-R,1288.3333,a50_an_ba,0.2757755717741115
Precuneus-R,1288.3333,a75_a50_an,-0.0898186184612073
Precuneus-R,1288.3333,a75_an_ba,0.18595695331290424
Precuneus-R,1289.1667,a50_an_ba,0.27814969467243755
Precuneus-R,1289.1667,a75_a50_an,-0.08828627684416658
Precuneus-R,1289.1667,a75_an_ba,0.18986341782827096
Precuneus-R,1290,a50_an_ba,0.2795353850041051
Precuneus-R,1290,a75_a50_an,-0.08602765571587732
Precuneus-R,1290,a75_an_ba,0.1935077292882277
Precuneus-R,1290.8333,a50_an_ba,0.279888656807994
Precuneus-R,1290.8333,a75_a50_an,-0.08299293669096147
Precuneus-R,1290.8333,a75_an_ba,0.19689572011703257
Precuneus-R,1291.6667,a50_an_ba,0.2791790123035003
Precuneus-R,1291.6667,a75_a50_an,-0.07914388354084763
Precuneus-R,1291.6667,a75_an_ba,0.20003512876265264
Precuneus-R,1292.5,a50_an_ba,0.277390040327532
Precuneus-R,1292.5,a75_a50_an,-0.07445462561274391
Precuneus-R,1292.5,a75_an_ba,0.20293541471478807
Precuneus-R,1293.3333,a50_an_ba,0.27451976181094734
Precuneus-R,1293.3333,a75_a50_an,-0.0689121994610092
Precuneus-R,1293.3333,a75_an_ba,0.20560756234993813
Precuneus-R,1294.1667,a50_an_ba,0.2705807152067134
Precuneus-R,1294.1667,a75_a50_an,-0.0625168453962606
Precuneus-R,1294.1667,a75_an_ba,0.2080638698104528
Precuneus-R,1295,a50_an_ba,0.26559978009039203
Precuneus-R,1295,a75_a50_an,-0.05528206099698815
Precuneus-R,1295,a75_an_ba,0.21031771909340385
Precuneus-R,1295.8333,a50_an_ba,0.25961774251952585
Precuneus-R,1295.8333,a75_a50_an,-0.047234418708139006
Precuneus-R,1295.8333,a75_an_ba,0.21238332381138683
Precuneus-R,1296.6667,a50_an_ba,0.2526886110448677
Precuneus-R,1296.6667,a75_a50_an,-0.038413159358300024
Precuneus-R,1296.6667,a75_an_ba,0.21427545168656767
Precuneus-R,1297.5,a50_an_ba,0.24487869739672818
Precuneus-R,1297.5,a75_a50_an,-0.028869577661660272
Precuneus-R,1297.5,a75_an_ba,0.21600911973506792
Precuneus-R,1298.3333,a50_an_ba,0.2362654807106449
Precuneus-R,1298.3333,a75_a50_an,-0.018666219448672517
Precuneus-R,1298.3333,a75_an_ba,0.21759926126197238
Precuneus-R,1299.1667,a50_an_ba,0.22693627860079038
Precuneus-R,1299.1667,a75_a50_an,-0.007875913422365967
Precuneus-R,1299.1667,a75_an_ba,0.21906036517842442
Precuneus-R,1300,a50_an_ba,0.21698675233756018
Precuneus-R,1300,a75_a50_an,0.003419337383547523
Precuneus-R,1300,a75_an_ba,0.2204060897211077
Precuneus-R,1300.8333,a50_an_ba,0.20651927674934473
Precuneus-R,1300.8333,a75_a50_an,0.015129577593688463
Precuneus-R,1300.8333,a75_an_ba,0.2216488543430332
Precuneus-R,1301.6667,a50_an_ba,0.19564120817157546
Precuneus-R,1301.6667,a75_a50_an,0.027158207116582636
Precuneus-R,1301.6667,a75_an_ba,0.2227994152881581
Precuneus-R,1302.5,a50_an_ba,0.18446308574749745
Precuneus-R,1302.5,a75_a50_an,0.039403346344340694
Precuneus-R,1302.5,a75_an_ba,0.22386643209183815
Precuneus-R,1303.3333,a50_an_ba,0.17309680259953805
Precuneus-R,1303.3333,a75_a50_an,0.051759231293828846
Precuneus-R,1303.3333,a75_an_ba,0.22485603389336692
Precuneus-R,1304.1667,a50_an_ba,0.1616537838093905
Precuneus-R,1304.1667,a75_a50_an,0.06411761212543748
Precuneus-R,1304.1667,a75_an_ba,0.22577139593482798
Precuneus-R,1305,a50_an_ba,0.15024320775900146
Precuneus-R,1305,a75_a50_an,0.076369130124909
Precuneus-R,1305,a75_an_ba,0.22661233788391044
Precuneus-R,1305.8333,a50_an_ba,0.1389703062013032
Precuneus-R,1305.8333,a75_a50_an,0.08840465039245979
Precuneus-R,1305.8333,a75_an_ba,0.227374956593763
Precuneus-R,1306.6667,a50_an_ba,0.12793477647511692
Precuneus-R,1306.6667,a75_a50_an,0.10011653006914907
Precuneus-R,1306.6667,a75_an_ba,0.22805130654426597
Precuneus-R,1307.5,a50_an_ba,0.11722933659680425
Precuneus-R,1307.5,a75_a50_an,0.1113998048525083
Precuneus-R,1307.5,a75_an_ba,0.22862914144931254
Precuneus-R,1308.3333,a50_an_ba,0.1069384506123584
Precuneus-R,1308.3333,a75_a50_an,0.12215327971541572
Precuneus-R,1308.3333,a75_an_ba,0.2290917303277741
Precuneus-R,1309.1667,a50_an_ba,0.09713724765356906
Precuneus-R,1309.1667,a75_a50_an,0.13228051304504604
Precuneus-R,1309.1667,a75_an_ba,0.22941776069861508
Precuneus-R,1310,a50_an_ba,0.08789065369986394
Precuneus-R,1310,a75_a50_an,0.1416906867631653
Precuneus-R,1310,a75_an_ba,0.22958134046302925
Precuneus-R,1310.8333,a50_an_ba,0.0792527502047866
Precuneus-R,1310.8333,a75_a50_an,0.15029935827858434
Precuneus-R,1310.8333,a75_an_ba,0.22955210848337093
Precuneus-R,1311.6667,a50_an_ba,0.07126636861273065
Precuneus-R,1311.6667,a75_a50_an,0.1580290932665214
Precuneus-R,1311.6667,a75_an_ba,0.22929546187925204
Precuneus-R,1312.5,a50_an_ba,0.06396292448516319
Precuneus-R,1312.5,a75_a50_an,0.16480998118423631
Precuneus-R,1312.5,a75_an_ba,0.22877290566939953
Precuneus-R,1313.3333,a50_an_ba,0.057362489597011644
Precuneus-R,1313.3333,a75_a50_an,0.17058003804464383
Precuneus-R,1313.3333,a75_an_ba,0.22794252764165548
Precuneus-R,1314.1667,a50_an_ba,0.0514740950759368
Precuneus-R,1314.1667,a75_a50_an,0.17528550321796685
Precuneus-R,1314.1667,a75_an_ba,0.22675959829390366
Precuneus-R,1315,a50_an_ba,0.04629625356072192
Precuneus-R,1315,a75_a50_an,0.17888103886752363
Precuneus-R,1315,a75_an_ba,0.22517729242824555
Precuneus-R,1315.8333,a50_an_ba,0.04181768356681211
Precuneus-R,1315.8333,a75_a50_an,0.18132984201515995
Precuneus-R,1315.8333,a75_an_ba,0.22314752558197204
Precuneus-R,1316.6667,a50_an_ba,0.038018214876292256
Precuneus-R,1316.6667,a75_a50_an,0.18260368015575662
Precuneus-R,1316.6667,a75_an_ba,0.22062189503204885
Precuneus-R,1317.5,a50_an_ba,0.03486984991656255
Precuneus-R,1317.5,a75_a50_an,0.18268286179394985
Precuneus-R,1317.5,a75_an_ba,0.21755271171051244
Precuneus-R,1318.3333,a50_an_ba,0.032337952844091876
Precuneus-R,1318.3333,a75_a50_an,0.18155615327067373
Precuneus-R,1318.3333,a75_an_ba,0.2138941061147656
Precuneus-R,1319.1667,a50_an_ba,0.030382535480805346
Precuneus-R,1319.1667,a75_a50_an,0.17922065280681607
Precuneus-R,1319.1667,a75_an_ba,0.20960318828762142
Precuneus-R,1320,a50_an_ba,0.028959607418660827
Precuneus-R,1320,a75_a50_an,0.17568163185416533
Precuneus-R,1320,a75_an_ba,0.20464123927282615
Precuneus-R,1320.8333,a50_an_ba,0.028022556553439465
Precuneus-R,1320.8333,a75_a50_an,0.17095235265893718
Precuneus-R,1320.8333,a75_an_ba,0.19897490921237668
Precuneus-R,1321.6667,a50_an_ba,0.027523526054005404
Precuneus-R,1321.6667,a75_a50_an,0.1650538694703649
Precuneus-R,1321.6667,a75_an_ba,0.19257739552437028
Precuneus-R,1322.5,a50_an_ba,0.02741475432207633
Precuneus-R,1322.5,a75_a50_an,0.1580148191326724
Precuneus-R,1322.5,a75_an_ba,0.18542957345474873
Precuneus-R,1323.3333,a50_an_ba,0.02764984583442826
Precuneus-R,1323.3333,a75_a50_an,0.14987120495665784
Precuneus-R,1323.3333,a75_an_ba,0.17752105079108613
Precuneus-R,1324.1667,a50_an_ba,0.02818494285090362
Precuneus-R,1324.1667,a75_a50_an,0.14066617585289173
Precuneus-R,1324.1667,a75_an_ba,0.16885111870379535
Precuneus-R,1325,a50_an_ba,0.028979770765841146
Precuneus-R,1325,a75_a50_an,0.13044980079965748
Precuneus-R,1325,a75_an_ba,0.1594295715654986
Precuneus-R,1325.8333,a50_an_ba,0.029998533309636505
Precuneus-R,1325.8333,a75_a50_an,0.11927883689071031
Precuneus-R,1325.8333,a75_an_ba,0.14927737020034682
Precuneus-R,1326.6667,a50_an_ba,0.031210637788020305
Precuneus-R,1326.6667,a75_a50_an,0.10721648753274135
Precuneus-R,1326.6667,a75_an_ba,0.13842712532076165
Precuneus-R,1327.5,a50_an_ba,0.03259123498314588
Precuneus-R,1327.5,a75_a50_an,0.09433214590581702
Precuneus-R,1327.5,a75_an_ba,0.1269233808889629
Precuneus-R,1328.3333,a50_an_ba,0.034121563126007816
Precuneus-R,1328.3333,a75_a50_an,0.08070111762005917
Precuneus-R,1328.3333,a75_an_ba,0.11482268074606701
Precuneus-R,1329.1667,a50_an_ba,0.03578909036884089
Precuneus-R,1329.1667,a75_a50_an,0.06640431564638123
Precuneus-R,1329.1667,a75_an_ba,0.10219340601522214
Precuneus-R,1330,a50_an_ba,0.037587455318649994
Precuneus-R,1330,a75_a50_an,0.051527920105061
Precuneus-R,1330,a75_an_ba,0.08911537542371101
Precuneus-R,1330.8333,a50_an_ba,0.03951621031540217
Precuneus-R,1330.8333,a75_a50_an,0.03616299538797688
Precuneus-R,1330.8333,a75_an_ba,0.07567920570337908
Precuneus-R,1331.6667,a50_an_ba,0.04158037712787823
Precuneus-R,1331.6667,a75_a50_an,0.02040505737978483
Precuneus-R,1331.6667,a75_an_ba,0.06198543450766306
Precuneus-R,1332.5,a50_an_ba,0.04378982947692594
Precuneus-R,1332.5,a75_a50_an,0.004353584228325798
Precuneus-R,1332.5,a75_an_ba,0.04814341370525174
Precuneus-R,1333.3333,a50_an_ba,0.04615852116604724
Precuneus-R,1333.3333,a75_a50_an,-0.011888534820141345
Precuneus-R,1333.3333,a75_an_ba,0.03426998634590589
Precuneus-R,1334.1667,a50_an_ba,0.048703582497916516
Precuneus-R,1334.1667,a75_a50_an,-0.028215616587907548
Precuneus-R,1334.1667,a75_an_ba,0.020487965910008975
Precuneus-R,1335,a50_an_ba,0.05144431098879845
Precuneus-R,1335,a75_a50_an,-0.04451986947269763
Precuneus-R,1335,a75_an_ba,0.0069244415161008295
Precuneus-R,1335.8333,a50_an_ba,0.05440108508055416
Precuneus-R,1335.8333,a75_a50_an,-0.06069214764206407
Precuneus-R,1335.8333,a75_an_ba,-0.006291062561509908
Precuneus-R,1336.6667,a50_an_ba,0.057594231527010965
Precuneus-R,1336.6667,a75_a50_an,-0.07662277207237664
Precuneus-R,1336.6667,a75_an_ba,-0.01902854054536568
Precuneus-R,1337.5,a50_an_ba,0.06104287835006576
Precuneus-R,1337.5,a75_a50_an,-0.09220241426645202
Precuneus-R,1337.5,a75_an_ba,-0.03115953591638627
Precuneus-R,1338.3333,a50_an_ba,0.0647638256910259
Precuneus-R,1338.3333,a75_a50_an,-0.10732303610192752
Precuneus-R,1338.3333,a75_an_ba,-0.042559210410901625
Precuneus-R,1339.1667,a50_an_ba,0.06877046651319861
Precuneus-R,1339.1667,a75_a50_an,-0.12187887689823099
Precuneus-R,1339.1667,a75_an_ba,-0.053108410385032355
Precuneus-R,1340,a50_an_ba,0.07307178795081451
Precuneus-R,1340,a75_a50_an,-0.13576747652143553
Precuneus-R,1340,a75_an_ba,-0.06269568857062102
Precuneus-R,1340.8332999999998,a50_an_ba,0.07767148217383553
Precuneus-R,1340.8332999999998,a75_a50_an,-0.14889072124976366
Precuneus-R,1340.8332999999998,a75_an_ba,-0.07121923907592814
Precuneus-R,1341.6667,a50_an_ba,0.08256719299317122
Precuneus-R,1341.6667,a75_a50_an,-0.1611558972708744
Precuneus-R,1341.6667,a75_an_ba,-0.07858870427770318
Precuneus-R,1342.5,a50_an_ba,0.087749921128971
Precuneus-R,1342.5,a75_a50_an,-0.17247673514246517
Precuneus-R,1342.5,a75_an_ba,-0.08472681401349419
Precuneus-R,1343.3333,a50_an_ba,0.09320360718381952
Precuneus-R,1343.3333,a75_a50_an,-0.18277442737891936
Precuneus-R,1343.3333,a75_an_ba,-0.08957082019509985
Precuneus-R,1344.1667,a50_an_ba,0.09890490699532306
Precuneus-R,1344.1667,a75_a50_an,-0.1919786005783419
Precuneus-R,1344.1667,a75_an_ba,-0.09307369358301883
Precuneus-R,1345,a50_an_ba,0.10482316929193572
Precuneus-R,1345,a75_a50_an,-0.20002822321393723
Precuneus-R,1345,a75_an_ba,-0.09520505392200151
Precuneus-R,1345.8333,a50_an_ba,0.11092062055564467
Precuneus-R,1345.8333,a75_a50_an,-0.20687243040684403
Precuneus-R,1345.8333,a75_an_ba,-0.09595180985119937
Precuneus-R,1346.6667000000002,a50_an_ba,0.11715275682429231
Precuneus-R,1346.6667000000002,a75_a50_an,-0.21247124768580755
Precuneus-R,1346.6667000000002,a75_an_ba,-0.09531849086151524
Precuneus-R,1347.5,a50_an_ba,0.12346893696870578
Precuneus-R,1347.5,a75_a50_an,-0.2167961969202101
Precuneus-R,1347.5,a75_an_ba,-0.09332725995150432
Precuneus-R,1348.3333,a50_an_ba,0.12981316687926003
Precuneus-R,1348.3333,a75_a50_an,-0.2198307692704628
Precuneus-R,1348.3333,a75_an_ba,-0.09001760239120277
Precuneus-R,1349.1667,a50_an_ba,0.13612505911532571
Precuneus-R,1349.1667,a75_a50_an,-0.2215707521029949
Precuneus-R,1349.1667,a75_an_ba,-0.08544569298766917
Precuneus-R,1350,a50_an_ba,0.14234094802612884
Precuneus-R,1350,a75_a50_an,-0.22202439932255433
Precuneus-R,1350,a75_an_ba,-0.07968345129642547
Precuneus-R,1350.8333,a50_an_ba,0.14839513625227635
Precuneus-R,1350.8333,a75_a50_an,-0.22121243742606725
Precuneus-R,1350.8333,a75_an_ba,-0.07281730117379091
Precuneus-R,1351.6667,a50_an_ba,0.15422124496237521
Precuneus-R,1351.6667,a75_a50_an,-0.21916790271334766
Precuneus-R,1351.6667,a75_an_ba,-0.06494665775097243
Precuneus-R,1352.5,a50_an_ba,0.1597536372551442
Precuneus-R,1352.5,a75_a50_an,-0.21593580842461405
Precuneus-R,1352.5,a75_an_ba,-0.056182171169469865
Precuneus-R,1353.3333,a50_an_ba,0.16492888193558933
Precuneus-R,1353.3333,a75_a50_an,-0.21157264403019943
Precuneus-R,1353.3333,a75_an_ba,-0.04664376209461009
Precuneus-R,1354.1667,a50_an_ba,0.16968722340929332
Precuneus-R,1354.1667,a75_a50_an,-0.20614571238638824
Precuneus-R,1354.1667,a75_an_ba,-0.036458488977094916
Precuneus-R,1355,a50_an_ba,0.1739740227691072
Precuneus-R,1355,a75_a50_an,-0.19973231390277935
Precuneus-R,1355,a75_an_ba,-0.02575829113367214
Precuneus-R,1355.8333,a50_an_ba,0.17774113529225857
Precuneus-R,1355.8333,a75_a50_an,-0.1924187901508649
Precuneus-R,1355.8333,a75_an_ba,-0.01467765485860634
Precuneus-R,1356.6667,a50_an_ba,0.18094819052305836
Precuneus-R,1356.6667,a75_a50_an,-0.18429944239302834
Precuneus-R,1356.6667,a75_an_ba,-0.003351251869969996
Precuneus-R,1357.5,a50_an_ba,0.18356374286764301
Precuneus-R,1357.5,a75_a50_an,-0.175475343243368
Precuneus-R,1357.5,a75_an_ba,0.008088399624275006
Precuneus-R,1358.3333,a50_an_ba,0.1855662631351455
Precuneus-R,1358.3333,a75_a50_an,-0.1660530620112326
Precuneus-R,1358.3333,a75_an_ba,0.01951320112391287
Precuneus-R,1359.1667,a50_an_ba,0.18694494466886585
Precuneus-R,1359.1667,a75_a50_an,-0.15614332615968352
Precuneus-R,1359.1667,a75_an_ba,0.03080161850918234
Precuneus-R,1360,a50_an_ba,0.18770030154981465
Precuneus-R,1360,a75_a50_an,-0.14585964267956245
Precuneus-R,1360,a75_an_ba,0.04184065887025218
Precuneus-R,1360.8333,a50_an_ba,0.18784454073755497
Precuneus-R,1360.8333,a75_a50_an,-0.13531690399469148
Precuneus-R,1360.8333,a75_an_ba,0.0525276367428635
Precuneus-R,1361.6667,a50_an_ba,0.18740169484049182
Precuneus-R,1361.6667,a75_a50_an,-0.12463000324783263
Precuneus-R,1361.6667,a75_an_ba,0.06277169159265918
Precuneus-R,1362.5,a50_an_ba,0.18640750737099546
Precuneus-R,1362.5,a75_a50_an,-0.11391248345896135
Precuneus-R,1362.5,a75_an_ba,0.07249502391203409
Precuneus-R,1363.3333,a50_an_ba,0.18490906772315338
Precuneus-R,1363.3333,a75_a50_an,-0.1032752441014687
Precuneus-R,1363.3333,a75_an_ba,0.08163382362168468
Precuneus-R,1364.1667,a50_an_ba,0.1829641985911799
Precuneus-R,1364.1667,a75_a50_an,-0.092825327128206
Precuneus-R,1364.1667,a75_an_ba,0.09013887146297392
Precuneus-R,1365,a50_an_ba,0.18064060400065995
Precuneus-R,1365,a75_a50_an,-0.08266480243334752
Precuneus-R,1365,a75_an_ba,0.09797580156731242
Precuneus-R,1365.8333,a50_an_ba,0.17801479143015203
Precuneus-R,1365.8333,a75_a50_an,-0.07288977020844631
Precuneus-R,1365.8333,a75_an_ba,0.10512502122170574
Precuneus-R,1366.6667,a50_an_ba,0.17517078653778115
Precuneus-R,1366.6667,a75_a50_an,-0.0635894947052823
Precuneus-R,1366.6667,a75_an_ba,0.11158129183249885
Precuneus-R,1367.5,a50_an_ba,0.17219866366359268
Precuneus-R,1367.5,a75_a50_an,-0.054845680630290584
Precuneus-R,1367.5,a75_an_ba,0.1173529830333021
Precuneus-R,1368.3333,a50_an_ba,0.1691929194492566
Precuneus-R,1368.3333,a75_a50_an,-0.04673189985082985
Precuneus-R,1368.3333,a75_an_ba,0.12246101959842678
Precuneus-R,1369.1667,a50_an_ba,0.16625072050994968
Precuneus-R,1369.1667,a75_a50_an,-0.0393131723860269
Precuneus-R,1369.1667,a75_an_ba,0.1269375481239228
Precuneus-R,1370,a50_an_ba,0.16347005902928916
Precuneus-R,1370,a75_a50_an,-0.03264570188297804
Precuneus-R,1370,a75_an_ba,0.13082435714631113
Precuneus-R,1370.8333,a50_an_ba,0.1609478523629473
Precuneus-R,1370.8333,a75_a50_an,-0.026776762044092416
Precuneus-R,1370.8333,a75_an_ba,0.13417109031885488
Precuneus-R,1371.6667,a50_an_ba,0.1587780241826235
Precuneus-R,1371.6667,a75_a50_an,-0.021744726874477253
Precuneus-R,1371.6667,a75_an_ba,0.13703329730814623
Precuneus-R,1372.5,a50_an_ba,0.15704960533892132
Precuneus-R,1372.5,a75_a50_an,-0.017579234257818776
Precuneus-R,1372.5,a75_an_ba,0.13947037108110252
Precuneus-R,1373.3333,a50_an_ba,0.15584489245785946
Precuneus-R,1373.3333,a75_a50_an,-0.014301469337872642
Precuneus-R,1373.3333,a75_an_ba,0.14154342311998683
Precuneus-R,1374.1667,a50_an_ba,0.15523770131706183
Precuneus-R,1374.1667,a75_a50_an,-0.01192455156476161
Precuneus-R,1374.1667,a75_an_ba,0.14331314975230022
Precuneus-R,1375,a50_an_ba,0.15529175029880218
Precuneus-R,1375,a75_a50_an,-0.010454007134587896
Precuneus-R,1375,a75_an_ba,0.1448377431642143
Precuneus-R,1375.8333,a50_an_ba,0.15605920672928186
Precuneus-R,1375.8333,a75_a50_an,-0.009888306968269738
Precuneus-R,1375.8333,a75_an_ba,0.1461708997610121
Precuneus-R,1376.6667,a50_an_ba,0.15757942574465625
Precuneus-R,1376.6667,a75_a50_an,-0.010219449387117862
Precuneus-R,1376.6667,a75_an_ba,0.14735997635753842
Precuneus-R,1377.5,a50_an_ba,0.15987790754695141
Precuneus-R,1377.5,a75_a50_an,-0.011433566278703488
Precuneus-R,1377.5,a75_an_ba,0.14844434126824796
Precuneus-R,1378.3333,a50_an_ba,0.16296549461227938
Precuneus-R,1378.3333,a75_a50_an,-0.013511531819703488
Precuneus-R,1378.3333,a75_an_ba,0.1494539627925759
Precuneus-R,1379.1667,a50_an_ba,0.16683782568626226
Precuneus-R,1379.1667,a75_a50_an,-0.016429553727948753
Precuneus-R,1379.1667,a75_an_ba,0.15040827195831355
Precuneus-R,1380,a50_an_ba,0.1714750583516321
Precuneus-R,1380,a75_a50_an,-0.020159728530851285
Precuneus-R,1380,a75_an_ba,0.15131532982078086
Precuneus-R,1380.8333,a50_an_ba,0.17684186669194596
Precuneus-R,1380.8333,a75_a50_an,-0.02467054442164601
Precuneus-R,1380.8333,a75_an_ba,0.15217132227029992
Precuneus-R,1381.6667,a50_an_ba,0.18288771521684005
Precuneus-R,1381.6667,a75_a50_an,-0.029927317871278752
Precuneus-R,1381.6667,a75_an_ba,0.1529603973455613
Precuneus-R,1382.5,a50_an_ba,0.18954740487393448
Precuneus-R,1382.5,a75_a50_an,-0.03589255320020498
Precuneus-R,1382.5,a75_an_ba,0.1536548516737295
Precuneus-R,1383.3333,a50_an_ba,0.19674188176293725
Precuneus-R,1383.3333,a75_a50_an,-0.04252621770479471
Precuneus-R,1383.3333,a75_an_ba,0.15421566405814255
Precuneus-R,1384.1667,a50_an_ba,0.20437929419782538
Precuneus-R,1384.1667,a75_a50_an,-0.04978592858026307
Precuneus-R,1384.1667,a75_an_ba,0.15459336561756232
Precuneus-R,1385,a50_an_ba,0.21235627913484761
Precuneus-R,1385,a75_a50_an,-0.05762705167978435
Precuneus-R,1385,a75_an_ba,0.15472922745506326
Precuneus-R,1385.8333,a50_an_ba,0.22055945479029487
Precuneus-R,1385.8333,a75_a50_an,-0.0660027159853781
Precuneus-R,1385.8333,a75_an_ba,0.15455673880491677
Precuneus-R,1386.6667,a50_an_ba,0.22886709259427057
Precuneus-R,1386.6667,a75_a50_an,-0.07486375142481051
Precuneus-R,1386.6667,a75_an_ba,0.15400334116946005
Precuneus-R,1387.5,a50_an_ba,0.2371509385337833
Precuneus-R,1387.5,a75_a50_an,-0.08415856123440872
Precuneus-R,1387.5,a75_an_ba,0.15299237729937462
Precuneus-R,1388.3333,a50_an_ba,0.24527815148546558
Precuneus-R,1388.3333,a75_a50_an,-0.09383294332846824
Precuneus-R,1388.3333,a75_an_ba,0.15144520815699733
Precuneus-R,1389.1667,a50_an_ba,0.2531133243641099
Precuneus-R,1389.1667,a75_a50_an,-0.10382987798518765
Precuneus-R,1389.1667,a75_an_ba,0.1492834463789222
Precuneus-R,1390,a50_an_ba,0.2605205528426154
Precuneus-R,1390,a75_a50_an,-0.11408930150092915
Precuneus-R,1390,a75_an_ba,0.14643125134168625
Precuneus-R,1390.8333,a50_an_ba,0.26736551603860975
Precuneus-R,1390.8333,a75_a50_an,-0.12454788721399573
Precuneus-R,1390.8333,a75_an_ba,0.14281762882461405
Precuneus-R,1391.6667,a50_an_ba,0.27351753390574357
Precuneus-R,1391.6667,a75_a50_an,-0.1351388563869761
Precuneus-R,1391.6667,a75_an_ba,0.13837867751876748
Precuneus-R,1392.5,a50_an_ba,0.2788515670891721
Precuneus-R,1392.5,a75_a50_an,-0.1457918418101839
Precuneus-R,1392.5,a75_an_ba,0.1330597252789882
Precuneus-R,1393.3333,a50_an_ba,0.2832501266673379
Precuneus-R,1393.3333,a75_a50_an,-0.15643282661419428
Precuneus-R,1393.3333,a75_an_ba,0.1268173000531436
Precuneus-R,1394.1667,a50_an_ba,0.28660506345445463
Precuneus-R,1394.1667,a75_a50_an,-0.16698417964346032
Precuneus-R,1394.1667,a75_an_ba,0.11962088381099434
Precuneus-R,1395,a50_an_ba,0.2888192093166667
Precuneus-R,1395,a75_a50_an,-0.17736480685285655
Precuneus-R,1395,a75_an_ba,0.11145440246381015
Precuneus-R,1395.8333,a50_an_ba,0.28980784618682637
Precuneus-R,1395.8333,a75_a50_an,-0.1874904355736202
Precuneus-R,1395.8333,a75_an_ba,0.10231741061320616
Precuneus-R,1396.6667,a50_an_ba,0.28949998206669103
Precuneus-R,1396.6667,a75_a50_an,-0.197274045204412
Precuneus-R,1396.6667,a75_an_ba,0.09222593686227899
Precuneus-R,1397.5,a50_an_ba,0.28783941719395445
Precuneus-R,1397.5,a75_a50_an,-0.20662645398697757
Precuneus-R,1397.5,a75_an_ba,0.08121296320697692
Precuneus-R,1398.3333,a50_an_ba,0.2847855876340262
Precuneus-R,1398.3333,a75_a50_an,-0.21545706711332174
Precuneus-R,1398.3333,a75_an_ba,0.06932852052070447
Precuneus-R,1399.1667,a50_an_ba,0.2803141777404611
Precuneus-R,1399.1667,a75_a50_an,-0.2236747865878682
Precuneus-R,1399.1667,a75_an_ba,0.0566393911525929
Precuneus-R,1400,a50_an_ba,0.27441749712175584
Precuneus-R,1400,a75_a50_an,-0.2311890781544985
Precuneus-R,1400,a75_an_ba,0.04322841896725735
Precuneus-R,1400.8333,a50_an_ba,0.2671046218674936
Precuneus-R,1400.8333,a75_a50_an,-0.23791118532637123
Precuneus-R,1400.8333,a75_an_ba,0.02919343654112237
Precuneus-R,1401.6667,a50_an_ba,0.25840130373986625
Precuneus-R,1401.6667,a75_a50_an,-0.24375547526679947
Precuneus-R,1401.6667,a75_an_ba,0.014645828473066785
Precuneus-R,1402.5,a50_an_ba,0.24834965475077242
Precuneus-R,1402.5,a75_a50_an,-0.24864089610778595
Precuneus-R,1402.5,a75_an_ba,-2.912413570135231e-4
Precuneus-R,1403.3332999999998,a50_an_ba,0.23700761795205846
Precuneus-R,1403.3332999999998,a75_a50_an,-0.25249252040604003
Precuneus-R,1403.3332999999998,a75_an_ba,-0.015484902453981575
Precuneus-R,1404.1667,a50_an_ba,0.2244482383088646
Precuneus-R,1404.1667,a75_a50_an,-0.2552431449689782
Precuneus-R,1404.1667,a75_an_ba,-0.03079490666011364
Precuneus-R,1405,a50_an_ba,0.21075875015640957
Precuneus-R,1405,a75_a50_an,-0.2568349133735103
Precuneus-R,1405,a75_an_ba,-0.0460761632171007
Precuneus-R,1405.8333,a50_an_ba,0.19603949992382252
Precuneus-R,1405.8333,a75_a50_an,-0.25722092427664806
Precuneus-R,1405.8333,a75_an_ba,-0.06118142435282551
Precuneus-R,1406.6667,a50_an_ba,0.18040272452192274
Precuneus-R,1406.6667,a75_a50_an,-0.25636678619355036
Precuneus-R,1406.6667,a75_an_ba,-0.07596406167162764
Precuneus-R,1407.5,a50_an_ba,0.16397120702475612
Precuneus-R,1407.5,a75_a50_an,-0.25425207789335663
Precuneus-R,1407.5,a75_an_ba,-0.09028087086860051
Precuneus-R,1408.3333,a50_an_ba,0.14687683202917756
Precuneus-R,1408.3333,a75_a50_an,-0.25087167301351576
Precuneus-R,1408.3333,a75_an_ba,-0.10399484098433823
Precuneus-R,1409.1667000000002,a50_an_ba,0.12925906336635792
Precuneus-R,1409.1667000000002,a75_a50_an,-0.246236887974955
Precuneus-R,1409.1667000000002,a75_an_ba,-0.11697782460859707
Precuneus-R,1410,a50_an_ba,0.11126336668834577
Precuneus-R,1410,a75_a50_an,-0.24037641382382235
Precuneus-R,1410,a75_an_ba,-0.12911304713547658
Precuneus-R,1410.8333,a50_an_ba,0.09303959889607814
Precuneus-R,1410.8333,a75_a50_an,-0.23333699523601434
Precuneus-R,1410.8333,a75_an_ba,-0.1402973963399362
Precuneus-R,1411.6667,a50_an_ba,0.07474038545541985
Precuneus-R,1411.6667,a75_a50_an,-0.22518382357625552
Precuneus-R,1411.6667,a75_an_ba,-0.1504434381208357
Precuneus-R,1412.5,a50_an_ba,0.05651950541461261
Precuneus-R,1412.5,a75_a50_an,-0.21600061555573402
Precuneus-R,1412.5,a75_an_ba,-0.1594811101411214
Precuneus-R,1413.3333,a50_an_ba,0.03853030244518723
Precuneus-R,1413.3333,a75_a50_an,-0.20588935460603836
Precuneus-R,1413.3333,a75_an_ba,-0.16735905216085112
Precuneus-R,1414.1667,a50_an_ba,0.020924138537618903
Precuneus-R,1414.1667,a75_a50_an,-0.19496967848226426
Precuneus-R,1414.1667,a75_an_ba,-0.1740455399446454
Precuneus-R,1415,a50_an_ba,0.003848905152968427
Precuneus-R,1415,a75_a50_an,-0.18337790370081394
Precuneus-R,1415,a75_an_ba,-0.17952899854784551
Precuneus-R,1415.8333,a50_an_ba,-0.012552395277075946
Precuneus-R,1415.8333,a75_a50_an,-0.17126568506306594
Precuneus-R,1415.8333,a75_an_ba,-0.18381808034014188
Precuneus-R,1416.6667,a50_an_ba,-0.028142986538717777
Precuneus-R,1416.6667,a75_a50_an,-0.15879831655181662
Precuneus-R,1416.6667,a75_an_ba,-0.18694130309053442
Precuneus-R,1417.5,a50_an_ba,-0.042793565445255546
Precuneus-R,1417.5,a75_a50_an,-0.1461526881360728
Precuneus-R,1417.5,a75_an_ba,-0.18894625358132836
Precuneus-R,1418.3333,a50_an_ba,-0.05638345101030508
Precuneus-R,1418.3333,a75_a50_an,-0.13351492129353282
Precuneus-R,1418.3333,a75_an_ba,-0.18989837230383788
Precuneus-R,1419.1667,a50_an_ba,-0.06880163041225568
Precuneus-R,1419.1667,a75_a50_an,-0.12107771416464215
Precuneus-R,1419.1667,a75_an_ba,-0.18987934457689784
Precuneus-R,1420,a50_an_ba,-0.07994769769816648
Precuneus-R,1420,a75_a50_an,-0.1090374349917989
Precuneus-R,1420,a75_an_ba,-0.1889851326899654
Precuneus-R,1420.8333,a50_an_ba,-0.08973268250594957
Precuneus-R,1420.8333,a75_a50_an,-0.09759100967862212
Precuneus-R,1420.8333,a75_an_ba,-0.1873236921845717
Precuneus-R,1421.6667,a50_an_ba,-0.0980797672054752
Precuneus-R,1421.6667,a75_a50_an,-0.08693265574212285
Precuneus-R,1421.6667,a75_an_ba,-0.18501242294759807
Precuneus-R,1422.5,a50_an_ba,-0.10492489176333518
Precuneus-R,1422.5,a75_a50_an,-0.07725052045139691
Precuneus-R,1422.5,a75_an_ba,-0.1821754122147321
Precuneus-R,1423.3333,a50_an_ba,-0.11021724632231544
Precuneus-R,1423.3333,a75_a50_an,-0.06872328539346087
Precuneus-R,1423.3333,a75_an_ba,-0.1789405317157763
Precuneus-R,1424.1667,a50_an_ba,-0.11391965196429761
Precuneus-R,1424.1667,a75_a50_an,-0.061516802944187196
Precuneus-R,1424.1667,a75_an_ba,-0.17543645490848483
Precuneus-R,1425,a50_an_ba,-0.11600883041211485
Precuneus-R,1425,a75_a50_an,-0.05578083203774825
Precuneus-R,1425,a75_an_ba,-0.17178966244986307
Precuneus-R,1425.8333,a50_an_ba,-0.11647556354648786
Precuneus-R,1425.8333,a75_a50_an,-0.051645941137920474
Precuneus-R,1425.8333,a75_an_ba,-0.16812150468440834
Precuneus-R,1426.6667,a50_an_ba,-0.11532474360061187
Precuneus-R,1426.6667,a75_a50_an,-0.04922064536465236
Precuneus-R,1426.6667,a75_an_ba,-0.16454538896526424
Precuneus-R,1427.5,a50_an_ba,-0.1125753147836746
Precuneus-R,1427.5,a75_a50_an,-0.04858884229767485
Precuneus-R,1427.5,a75_an_ba,-0.16116415708134946
Precuneus-R,1428.3333,a50_an_ba,-0.10826010691643287
Precuneus-R,1428.3333,a75_a50_an,-0.049807607077110336
Precuneus-R,1428.3333,a75_an_ba,-0.15806771399354322
Precuneus-R,1429.1667,a50_an_ba,-0.10242556147967204
Precuneus-R,1429.1667,a75_a50_an,-0.05290540209400284
Precuneus-R,1429.1667,a75_an_ba,-0.15533096357367487
Precuneus-R,1430,a50_an_ba,-0.09513135032337172
Precuneus-R,1430,a75_a50_an,-0.05788074989020846
Precuneus-R,1430,a75_an_ba,-0.15301210021358017
Precuneus-R,1430.8333,a50_an_ba,-0.08644988720316367
Precuneus-R,1430.8333,a75_a50_an,-0.0647014099780652
Precuneus-R,1430.8333,a75_an_ba,-0.15115129718122888
Precuneus-R,1431.6667,a50_an_ba,-0.07646573234080564
Precuneus-R,1431.6667,a75_a50_an,-0.07330409128703792
Precuneus-R,1431.6667,a75_an_ba,-0.14976982362784355
Precuneus-R,1432.5,a50_an_ba,-0.06527489038266818
Precuneus-R,1432.5,a75_a50_an,-0.08359472201637613
Precuneus-R,1432.5,a75_an_ba,-0.1488696123990443
Precuneus-R,1433.3333,a50_an_ba,-0.05298400248408833
Precuneus-R,1433.3333,a75_a50_an,-0.0954492880134707
Precuneus-R,1433.3333,a75_an_ba,-0.14843329049755902
Precuneus-R,1434.1667,a50_an_ba,-0.039709433801382685
Precuneus-R,1434.1667,a75_a50_an,-0.10871523962119814
Precuneus-R,1434.1667,a75_an_ba,-0.1484246734225808
Precuneus-R,1435,a50_an_ba,-0.025576258441823714
Precuneus-R,1435,a75_a50_an,-0.12321345547471875
Precuneus-R,1435,a75_an_ba,-0.14878971391654247
Precuneus-R,1435.8333,a50_an_ba,-0.010717144911573634
Precuneus-R,1435.8333,a75_a50_an,-0.138740740220106
Precuneus-R,1435.8333,a75_an_ba,-0.1494578851316796
Precuneus-R,1436.6667,a50_an_ba,0.004728853690814802
Precuneus-R,1436.6667,a75_a50_an,-0.15507282182163684
Precuneus-R,1436.6667,a75_an_ba,-0.15034396813082201
Precuneus-R,1437.5,a50_an_ba,0.020617599074862717
Precuneus-R,1437.5,a75_a50_an,-0.17196780326913033
Precuneus-R,1437.5,a75_an_ba,-0.1513502041942676
Precuneus-R,1438.3333,a50_an_ba,0.036801249495985254
Precuneus-R,1438.3333,a75_a50_an,-0.18917001333420272
Precuneus-R,1438.3333,a75_an_ba,-0.15236876383821743
Precuneus-R,1439.1667,a50_an_ba,0.05312971482633666
Precuneus-R,1439.1667,a75_a50_an,-0.20641419178671885
Precuneus-R,1439.1667,a75_an_ba,-0.1532844769603822
Precuneus-R,1440,a50_an_ba,0.06945217409458469
Precuneus-R,1440,a75_a50_an,-0.22342993638601313
Precuneus-R,1440,a75_an_ba,-0.15397776229142845
Precuneus-R,1440.8333,a50_an_ba,0.08561864270648831
Precuneus-R,1440.8333,a75_a50_an,-0.23994633220038844
Precuneus-R,1440.8333,a75_an_ba,-0.15432768949390016
Precuneus-R,1441.6667,a50_an_ba,0.10148157462362044
Precuneus-R,1441.6667,a75_a50_an,-0.25569667855206785
Precuneus-R,1441.6667,a75_an_ba,-0.15421510392844742
Precuneus-R,1442.5,a50_an_ba,0.11689748289148584
Precuneus-R,1442.5,a75_a50_an,-0.27042322527206125
Precuneus-R,1442.5,a75_an_ba,-0.15352574238057543
Precuneus-R,1443.3333,a50_an_ba,0.131728560133006
Precuneus-R,1443.3333,a75_a50_an,-0.2838818280859907
Precuneus-R,1443.3333,a75_an_ba,-0.1521532679529847
Precuneus-R,1444.1667,a50_an_ba,0.1458442790225074
Precuneus-R,1444.1667,a75_a50_an,-0.2958464329066795
Precuneus-R,1444.1667,a75_an_ba,-0.1500021538841721
Precuneus-R,1445,a50_an_ba,0.15912295139289176
Precuneus-R,1445,a75_a50_an,-0.3061133006134325
Precuneus-R,1445,a75_an_ba,-0.14699034922054077
Precuneus-R,1445.8333,a50_an_ba,0.17145322356556303
Precuneus-R,1445.8333,a75_a50_an,-0.3145048875422963
Precuneus-R,1445.8333,a75_an_ba,-0.14305166397673325
Precuneus-R,1446.6667,a50_an_ba,0.182735484786442
Precuneus-R,1446.6667,a75_a50_an,-0.32087330234772565
Precuneus-R,1446.6667,a75_an_ba,-0.13813781756128363
Precuneus-R,1447.5,a50_an_ba,0.19288316535291933
Precuneus-R,1447.5,a75_a50_an,-0.32510326703595366
Precuneus-R,1447.5,a75_an_ba,-0.1322201016830343
Precuneus-R,1448.3333,a50_an_ba,0.20182390116941074
Precuneus-R,1448.3333,a75_a50_an,-0.32711451868809704
Precuneus-R,1448.3333,a75_an_ba,-0.1252906175186863
Precuneus-R,1449.1667,a50_an_ba,0.2095005421068857
Precuneus-R,1449.1667,a75_a50_an,-0.32686359852517727
Precuneus-R,1449.1667,a75_an_ba,-0.11736305641829158
Precuneus-R,1450,a50_an_ba,0.21587198268769517
Precuneus-R,1450,a75_a50_an,-0.32434498632406017
Precuneus-R,1450,a75_an_ba,-0.10847300363636501
Precuneus-R,1450.8333,a50_an_ba,0.22091379528177219
Precuneus-R,1450.8333,a75_a50_an,-0.3195915505502813
Precuneus-R,1450.8333,a75_an_ba,-0.09867775526850917
Precuneus-R,1451.6667,a50_an_ba,0.224618648182456
Precuneus-R,1451.6667,a75_a50_an,-0.3126742976846918
Precuneus-R,1451.6667,a75_an_ba,-0.08805564950223578
Precuneus-R,1452.5,a50_an_ba,0.22699649361391092
Precuneus-R,1452.5,a75_a50_an,-0.3037014178205194
Precuneus-R,1452.5,a75_an_ba,-0.07670492420660849
Precuneus-R,1453.3333,a50_an_ba,0.2280745138789027
Precuneus-R,1453.3333,a75_a50_an,-0.2928166374174674
Precuneus-R,1453.3333,a75_an_ba,-0.06474212353856468
Precuneus-R,1454.1667,a50_an_ba,0.22789681744277873
Precuneus-R,1454.1667,a75_a50_an,-0.2801969038343434
Precuneus-R,1454.1667,a75_an_ba,-0.05230008639156467
Precuneus-R,1455,a50_an_ba,0.22652388071157328
Precuneus-R,1455,a75_a50_an,-0.2660494396344383
Precuneus-R,1455,a75_an_ba,-0.039525558922864995
Precuneus-R,1455.8333,a50_an_ba,0.22403173553188815
Precuneus-R,1455.8333,a75_a50_an,-0.2506082173870906
Precuneus-R,1455.8333,a75_an_ba,-0.026576481855202467
Precuneus-R,1456.6667,a50_an_ba,0.22051090693883596
Precuneus-R,1456.6667,a75_a50_an,-0.2341299175041045
Precuneus-R,1456.6667,a75_an_ba,-0.013619010565268555
Precuneus-R,1457.5,a50_an_ba,0.21606511031871206
Precuneus-R,1457.5,a75_a50_an,-0.21688944229781676
Precuneus-R,1457.5,a75_an_ba,-8.24331979104705e-4
Precuneus-R,1458.3333,a50_an_ba,0.2108097218395319
Precuneus-R,1458.3333,a75_a50_an,-0.19917506869860147
Precuneus-R,1458.3333,a75_an_ba,0.011634653140930417
Precuneus-R,1459.1667,a50_an_ba,0.20487004063493008
Precuneus-R,1459.1667,a75_a50_an,-0.18128332972105438
Precuneus-R,1459.1667,a75_an_ba,0.023586710913875698
Precuneus-R,1460,a50_an_ba,0.1983793657012203
Precuneus-R,1460,a75_a50_an,-0.16351372065059985
Precuneus-R,1460,a75_an_ba,0.03486564505062043
Precuneus-R,1460.8333,a50_an_ba,0.19147691467944866
Precuneus-R,1460.8333,a75_a50_an,-0.14616332990256733
Precuneus-R,1460.8333,a75_an_ba,0.04531358477688132
Precuneus-R,1461.6667,a50_an_ba,0.184305615541414
Precuneus-R,1461.6667,a75_a50_an,-0.12952149649040587
Precuneus-R,1461.6667,a75_an_ba,0.05478411905100815
Precuneus-R,1462.5,a50_an_ba,0.17700980558261567
Precuneus-R,1462.5,a75_a50_an,-0.1138645959767583
Precuneus-R,1462.5,a75_an_ba,0.06314520960585736
Precuneus-R,1463.3333,a50_an_ba,0.1697328749548977
Precuneus-R,1463.3333,a75_a50_an,-0.09945105466211869
Precuneus-R,1463.3333,a75_an_ba,0.07028182029277903
Precuneus-R,1464.1667,a50_an_ba,0.1626148941648415
Precuneus-R,1464.1667,a75_a50_an,-0.08651668762537225
Precuneus-R,1464.1667,a75_an_ba,0.07609820653946925
Precuneus-R,1465,a50_an_ba,0.15579026645068503
Precuneus-R,1465,a75_a50_an,-0.07527045014664957
Precuneus-R,1465,a75_an_ba,0.08051981630403544
Precuneus-R,1465.8332999999998,a50_an_ba,0.14938544667351264
Precuneus-R,1465.8332999999998,a75_a50_an,-0.06589068413470711
Precuneus-R,1465.8332999999998,a75_an_ba,0.08349476253880554
Precuneus-R,1466.6667,a50_an_ba,0.1435167682765141
Precuneus-R,1466.6667,a75_a50_an,-0.05852193160666207
Precuneus-R,1466.6667,a75_an_ba,0.08499483666985207
Precuneus-R,1467.5,a50_an_ba,0.1382884189541289
Precuneus-R,1467.5,a75_a50_an,-0.05327237622134034
Precuneus-R,1467.5,a75_an_ba,0.08501604273278855
Precuneus-R,1468.3333,a50_an_ba,0.13379060392433573
Precuneus-R,1468.3333,a75_a50_an,-0.05021196157407074
Precuneus-R,1468.3333,a75_an_ba,0.08357864235026495
Precuneus-R,1469.1667,a50_an_ba,0.13009793312342985
Precuneus-R,1469.1667,a75_a50_an,-0.04937122167293614
Precuneus-R,1469.1667,a75_an_ba,0.0807267114504937
Precuneus-R,1470,a50_an_ba,0.12726806527377801
Precuneus-R,1470,a75_a50_an,-0.05074084500786848
Precuneus-R,1470,a75_an_ba,0.07652722026590954
Precuneus-R,1470.8333,a50_an_ba,0.12534063765987646
Precuneus-R,1470.8333,a75_a50_an,-0.05427197918395468
Precuneus-R,1470.8333,a75_an_ba,0.07106865847592177
Precuneus-R,1471.6667000000002,a50_an_ba,0.12433650565322818
Precuneus-R,1471.6667000000002,a75_a50_an,-0.05987726851738391
Precuneus-R,1471.6667000000002,a75_an_ba,0.06445923713584427
Precuneus-R,1472.5,a50_an_ba,0.12425731063516461
Precuneus-R,1472.5,a75_a50_an,-0.0674326025883118
Precuneus-R,1472.5,a75_an_ba,0.056824708046852815
Precuneus-R,1473.3333,a50_an_ba,0.1250853890775477
Precuneus-R,1473.3333,a75_a50_an,-0.07677953980736604
Precuneus-R,1473.3333,a75_an_ba,0.04830584927018167
Precuneus-R,1474.1667,a50_an_ba,0.12678402926586488
Precuneus-R,1474.1667,a75_a50_an,-0.08772835686951967
Precuneus-R,1474.1667,a75_an_ba,0.039055672396345234
Precuneus-R,1475,a50_an_ba,0.12929807561072637
Precuneus-R,1475,a75_a50_an,-0.10006166281251751
Precuneus-R,1475,a75_an_ba,0.029236412798208888
Precuneus-R,1475.8333,a50_an_ba,0.13255487382334744
Precuneus-R,1475.8333,a75_a50_an,-0.1135385055163081
Precuneus-R,1475.8333,a75_an_ba,0.01901636830703935
Precuneus-R,1476.6667,a50_an_ba,0.13646554356564058
Precuneus-R,1476.6667,a75_a50_an,-0.12789888909762795
Precuneus-R,1476.6667,a75_an_ba,0.008566654468012632
Precuneus-R,1477.5,a50_an_ba,0.14092655866573472
Precuneus-R,1477.5,a75_a50_an,-0.14286861295984832
Precuneus-R,1477.5,a75_an_ba,-0.0019420542941135843
Precuneus-R,1478.3333,a50_an_ba,0.14582160875471922
Precuneus-R,1478.3333,a75_a50_an,-0.15816433740639205
Precuneus-R,1478.3333,a75_an_ba,-0.012342728651672822
Precuneus-R,1479.1667,a50_an_ba,0.1510237103659704
Precuneus-R,1479.1667,a75_a50_an,-0.17349877683089382
Precuneus-R,1479.1667,a75_an_ba,-0.022475066464923414
Precuneus-R,1480,a50_an_ba,0.15639753027412376
Precuneus-R,1480,a75_a50_an,-0.18858591963143292
Precuneus-R,1480,a75_an_ba,-0.032188389357309166
Precuneus-R,1480.8333,a50_an_ba,0.16180187925604222
Precuneus-R,1480.8333,a75_a50_an,-0.2031461741888483
Precuneus-R,1480.8333,a75_an_ba,-0.04134429493280606
Precuneus-R,1481.6667,a50_an_ba,0.1670923306383535
Precuneus-R,1481.6667,a75_a50_an,-0.21691134248605165
Precuneus-R,1481.6667,a75_an_ba,-0.049819011847698165
Precuneus-R,1482.5,a50_an_ba,0.17212391504707894
Precuneus-R,1482.5,a75_a50_an,-0.22962932716840156
Precuneus-R,1482.5,a75_an_ba,-0.057505412121322604
Precuneus-R,1483.3333,a50_an_ba,0.17675384076960848
Precuneus-R,1483.3333,a75_a50_an,-0.24106848395534072
Precuneus-R,1483.3333,a75_an_ba,-0.0643146431857322
Precuneus-R,1484.1667,a50_an_ba,0.18084418813256667
Precuneus-R,1484.1667,a75_a50_an,-0.2510215391708525
Precuneus-R,1484.1667,a75_an_ba,-0.07017735103828583
Precuneus-R,1485,a50_an_ba,0.184264526326044
Precuneus-R,1485,a75_a50_an,-0.259309001589959
Precuneus-R,1485,a75_an_ba,-0.075044475263915
Precuneus-R,1485.8333,a50_an_ba,0.1868944021772458
Precuneus-R,1485.8333,a75_a50_an,-0.26578200859181433
Precuneus-R,1485.8333,a75_an_ba,-0.07888760641456855
Precuneus-R,1486.6667,a50_an_ba,0.18862565248542862
Precuneus-R,1486.6667,a75_a50_an,-0.27032455853179616
Precuneus-R,1486.6667,a75_an_ba,-0.08169890604636754
Precuneus-R,1487.5,a50_an_ba,0.18936449464238111
Precuneus-R,1487.5,a75_a50_an,-0.27285509403682134
Precuneus-R,1487.5,a75_an_ba,-0.08349059939444022
Precuneus-R,1488.3333,a50_an_ba,0.1890333543242217
Precuneus-R,1488.3333,a75_a50_an,-0.27332741431521235
Precuneus-R,1488.3333,a75_an_ba,-0.08429405999099063
Precuneus-R,1489.1667,a50_an_ba,0.18757239397537004
Precuneus-R,1489.1667,a75_a50_an,-0.2717309082690735
Precuneus-R,1489.1667,a75_an_ba,-0.08415851429370347
Precuneus-R,1490,a50_an_ba,0.18494071151891867
Precuneus-R,1490,a75_a50_an,-0.26809011391353016
Precuneus-R,1490,a75_an_ba,-0.08314940239461145
Precuneus-R,1490.8333,a50_an_ba,0.1811171851060733
Precuneus-R,1490.8333,a75_a50_an,-0.26246362305497967
Precuneus-R,1490.8333,a75_an_ba,-0.08134643794890639
Precuneus-R,1491.6667,a50_an_ba,0.17610094663250653
Precuneus-R,1491.6667,a75_a50_an,-0.2549423630801307
Precuneus-R,1491.6667,a75_an_ba,-0.07884141644762419
Precuneus-R,1492.5,a50_an_ba,0.16991147406002421
Precuneus-R,1492.5,a75_a50_an,-0.24564729979306826
Precuneus-R,1492.5,a75_an_ba,-0.07573582573304406
Precuneus-R,1493.3333,a50_an_ba,0.16258830013682324
Precuneus-R,1493.3333,a75_a50_an,-0.23472661626337663
Precuneus-R,1493.3333,a75_an_ba,-0.07213831612655337
Precuneus-R,1494.1667,a50_an_ba,0.1541903427515098
Precuneus-R,1494.1667,a75_a50_an,-0.22235243239343452
Precuneus-R,1494.1667,a75_an_ba,-0.0681620896419247
Precuneus-R,1495,a50_an_ba,0.14479486972423014
Precuneus-R,1495,a75_a50_an,-0.20871713818652085
Precuneus-R,1495,a75_an_ba,-0.0639222684622907
Precuneus-R,1495.8333,a50_an_ba,0.13449611817300433
Precuneus-R,1495.8333,a75_a50_an,-0.19402942034186843
Precuneus-R,1495.8333,a75_an_ba,-0.059533302168864106
Precuneus-R,1496.6667,a50_an_ba,0.1234035955382928
Precuneus-R,1496.6667,a75_a50_an,-0.178510066697331
Precuneus-R,1496.6667,a75_an_ba,-0.05510647115903818
Precuneus-R,1497.5,a50_an_ba,0.11164009575593775
Precuneus-R,1497.5,a75_a50_an,-0.1623876361035157
Precuneus-R,1497.5,a75_an_ba,-0.05074754034757797
Precuneus-R,1498.3333,a50_an_ba,0.09933946979991927
Precuneus-R,1498.3333,a75_a50_an,-0.14589408250354385
Precuneus-R,1498.3333,a75_an_ba,-0.046554612703624584
Precuneus-R,1499.1667,a50_an_ba,0.0866441947484164
Precuneus-R,1499.1667,a75_a50_an,-0.12926042130996415
Precuneus-R,1499.1667,a75_an_ba,-0.042616226561547746
Precuneus-R,1500,a50_an_ba,0.07370278955252194
Precuneus-R,1500,a75_a50_an,-0.1127125236548591
Precuneus-R,1500,a75_an_ba,-0.039009734102337164
